requirement_id,capability,phase,package,reviewer_judgement,reason,correction_made_or_confirmation,source_plan,source_locator
CAN-MISSION-I15-001,Administration,I15,WP-I15-001,CONFIRMED,"Synthesized directly from the binding repair mission; adds the explicitly mandated I0/I14/I15 prerequisite absent from the extracted Master-Plan row registry. Reviewed as Packaging, Legacy Eradication, and Release work because the obligation's primary implementation surface is Administration; integration verification, removal, and release responsibilities remain separate.",Complete testable statement and phase/package boundary confirmed against source provenance.,LAMHA ONE-SHOT SEMANTIC PLANNING REPAIR MISSION,attached mission
CAN-MISSION-I15-003,Administration,I15,WP-I15-014,CONFIRMED,"Synthesized directly from the binding repair mission; adds the explicitly mandated I0/I14/I15 prerequisite absent from the extracted Master-Plan row registry. Reviewed as Packaging, Legacy Eradication, and Release work because the obligation's primary implementation surface is Administration; integration verification, removal, and release responsibilities remain separate.",Complete testable statement and phase/package boundary confirmed against source provenance.,LAMHA ONE-SHOT SEMANTIC PLANNING REPAIR MISSION,attached mission
CAN-LAM-ARCH-027,Albums and favorites,I5,WP-I5-006,CORRECTED,"Explicit semantic rewrite adds trigger, expected behavior, observable state, and failure behavior. Reviewed as Offline Library Experience work because the obligation's primary implementation surface is Albums and favorites; integration verification, removal, and release responsibilities remain separate.",Statement/capability/phase corrected in explicit source.,01-EVERYTHING-WE-ARE-KEEPING.md,lines 295-295
CAN-LAM-ARCH-231,Albums and favorites,I5,WP-I5-006,CORRECTED,"Explicit semantic rewrite adds trigger, expected behavior, observable state, and failure behavior. Reviewed as Offline Library Experience work because the obligation's primary implementation surface is Albums and favorites; integration verification, removal, and release responsibilities remain separate.",Statement/capability/phase corrected in explicit source.,01-EVERYTHING-WE-ARE-KEEPING.md,lines 1709-1709
CAN-LAM-ARCH-232,Albums and favorites,I5,WP-I5-006,CORRECTED,"Explicit semantic rewrite adds trigger, expected behavior, observable state, and failure behavior. Reviewed as Offline Library Experience work because the obligation's primary implementation surface is Albums and favorites; integration verification, removal, and release responsibilities remain separate.",Statement/capability/phase corrected in explicit source.,01-EVERYTHING-WE-ARE-KEEPING.md,lines 1711-1711
CAN-LAM-ARCH-233,Albums and favorites,I5,WP-I5-006,CORRECTED,"Explicit semantic rewrite adds trigger, expected behavior, observable state, and failure behavior. Reviewed as Offline Library Experience work because the obligation's primary implementation surface is Albums and favorites; integration verification, removal, and release responsibilities remain separate.",Statement/capability/phase corrected in explicit source.,01-EVERYTHING-WE-ARE-KEEPING.md,lines 1712-1712
CAN-LAM-ARCH-234,Albums and favorites,I5,WP-I5-006,CORRECTED,"Explicit semantic rewrite adds trigger, expected behavior, observable state, and failure behavior. Reviewed as Offline Library Experience work because the obligation's primary implementation surface is Albums and favorites; integration verification, removal, and release responsibilities remain separate.",Statement/capability/phase corrected in explicit source.,01-EVERYTHING-WE-ARE-KEEPING.md,lines 1715-1715
CAN-LAM-ARCH-241,Albums and favorites,I5,WP-I5-006,CORRECTED,"Explicit semantic rewrite adds trigger, expected behavior, observable state, and failure behavior. Reviewed as Offline Library Experience work because the obligation's primary implementation surface is Albums and favorites; integration verification, removal, and release responsibilities remain separate.",Statement/capability/phase corrected in explicit source.,01-EVERYTHING-WE-ARE-KEEPING.md,lines 1732-1732
CAN-LAM-ARCH-254,Albums and favorites,I10,WP-I10-011,CORRECTED,"Explicit semantic rewrite adds trigger, expected behavior, observable state, and failure behavior. Reviewed as Local AI, Search, and Duplicates work because the obligation's primary implementation surface is Albums and favorites; integration verification, removal, and release responsibilities remain separate.",Statement/capability/phase corrected in explicit source.,01-EVERYTHING-WE-ARE-KEEPING.md,lines 1772-1772
CAN-LAM-SEARCH-007,Albums and favorites,I5,WP-I5-006,CORRECTED,"Explicit semantic rewrite adds trigger, expected behavior, observable state, and failure behavior. Reviewed as Offline Library Experience work because the obligation's primary implementation surface is Albums and favorites; integration verification, removal, and release responsibilities remain separate.",Statement/capability/phase corrected in explicit source.,01-EVERYTHING-WE-ARE-KEEPING.md,lines 1713-1713
CAN-SECTION-0034,Albums and favorites,I5,WP-I5-006,CORRECTED,Synthesized parent prevents list fragments from being counted as independent features while preserving their source rows as criteria. Reviewed section parent follows the majority architectural surface of its explicitly linked child criteria.,Statement/capability/phase corrected in explicit source.,01-EVERYTHING-WE-ARE-KEEPING.md,section aggregate
CAN-SECTION-0082,Albums and favorites,I5,WP-I5-006,CORRECTED,Synthesized parent prevents list fragments from being counted as independent features while preserving their source rows as criteria. Reviewed section parent follows the majority architectural surface of its explicitly linked child criteria.,Statement/capability/phase corrected in explicit source.,01-EVERYTHING-WE-ARE-KEEPING.md,section aggregate
CAN-SECTION-0086,Albums and favorites,I5,WP-I5-006,CORRECTED,Synthesized parent prevents list fragments from being counted as independent features while preserving their source rows as criteria. Reviewed section parent follows the majority architectural surface of its explicitly linked child criteria.,Statement/capability/phase corrected in explicit source.,01-EVERYTHING-WE-ARE-KEEPING.md,section aggregate
CAN-SECTION-0088,Albums and favorites,I10,WP-I10-011,CORRECTED,Synthesized parent prevents list fragments from being counted as independent features while preserving their source rows as criteria. Reviewed section parent follows the majority architectural surface of its explicitly linked child criteria.,Statement/capability/phase corrected in explicit source.,01-EVERYTHING-WE-ARE-KEEPING.md,section aggregate
CAN-LAM-AI-045,Asset identity and records,I3,WP-I3-002,CORRECTED,"Semantically normalized from PRODUCT using the source clause, section, capability, current-code evidence, and final-state disposition. Reviewed as Authoritative Data and Transaction Foundation work because the obligation's primary implementation surface is Asset identity and records; integration verification, removal, and release responsibilities remain separate.",Statement/capability/phase corrected in explicit source.,01-EVERYTHING-WE-ARE-KEEPING.md,lines 2078-2078
CAN-LAM-ARCH-058,Asset identity and records,I3,WP-I3-002,CORRECTED,"Explicit semantic rewrite adds trigger, expected behavior, observable state, and failure behavior. Reviewed as Authoritative Data and Transaction Foundation work because the obligation's primary implementation surface is Asset identity and records; integration verification, removal, and release responsibilities remain separate.",Statement/capability/phase corrected in explicit source.,01-EVERYTHING-WE-ARE-KEEPING.md,lines 622-622
CAN-LAM-ARCH-059,Asset identity and records,I3,WP-I3-002,CORRECTED,"Semantically normalized from PRODUCT using the source clause, section, capability, current-code evidence, and final-state disposition. Reviewed as Authoritative Data and Transaction Foundation work because the obligation's primary implementation surface is Asset identity and records; integration verification, removal, and release responsibilities remain separate.",Statement/capability/phase corrected in explicit source.,01-EVERYTHING-WE-ARE-KEEPING.md,lines 632-632
CAN-LAM-ASSET-042,Asset identity and records,I3,WP-I3-002,CORRECTED,"Explicit semantic rewrite adds trigger, expected behavior, observable state, and failure behavior. Reviewed as Authoritative Data and Transaction Foundation work because the obligation's primary implementation surface is Asset identity and records; integration verification, removal, and release responsibilities remain separate.",Statement/capability/phase corrected in explicit source.,01-EVERYTHING-WE-ARE-KEEPING.md,lines 417-417
CAN-LAM-ASSET-051,Asset identity and records,I3,WP-I3-002,CORRECTED,"Semantically normalized from PRODUCT using the source clause, section, capability, current-code evidence, and final-state disposition. Reviewed as Authoritative Data and Transaction Foundation work because the obligation's primary implementation surface is Asset identity and records; integration verification, removal, and release responsibilities remain separate.",Statement/capability/phase corrected in explicit source.,01-EVERYTHING-WE-ARE-KEEPING.md,lines 615-615
CAN-LAM-ASSET-053,Asset identity and records,I3,WP-I3-002,CORRECTED,"Semantically normalized from GOVERNANCE using the source clause, section, capability, current-code evidence, and final-state disposition. Reviewed as Authoritative Data and Transaction Foundation work because the obligation's primary implementation surface is Asset identity and records; integration verification, removal, and release responsibilities remain separate.",Statement/capability/phase corrected in explicit source.,01-EVERYTHING-WE-ARE-KEEPING.md,lines 637-637
CAN-LAM-ASSET-094,Asset identity and records,I3,WP-I3-002,CORRECTED,"Explicit semantic rewrite adds trigger, expected behavior, observable state, and failure behavior. Reviewed as Authoritative Data and Transaction Foundation work because the obligation's primary implementation surface is Asset identity and records; integration verification, removal, and release responsibilities remain separate.",Statement/capability/phase corrected in explicit source.,01-EVERYTHING-WE-ARE-KEEPING.md,lines 1394-1394
CAN-LAM-ASSET-115,Asset identity and records,I3,WP-I3-002,CORRECTED,"Explicit semantic rewrite adds trigger, expected behavior, observable state, and failure behavior. Reviewed as Authoritative Data and Transaction Foundation work because the obligation's primary implementation surface is Asset identity and records; integration verification, removal, and release responsibilities remain separate.",Statement/capability/phase corrected in explicit source.,01-EVERYTHING-WE-ARE-KEEPING.md,lines 1569-1569
CAN-LAM-ASSET-197,Asset identity and records,I3,WP-I3-002,CORRECTED,"Explicit semantic rewrite adds trigger, expected behavior, observable state, and failure behavior. Reviewed as Authoritative Data and Transaction Foundation work because the obligation's primary implementation surface is Asset identity and records; integration verification, removal, and release responsibilities remain separate.",Statement/capability/phase corrected in explicit source.,03-HOW-WE-WILL-KEEP-DELETE-AND-CHANGE.md,lines 1683-1683
CAN-LAM-EDGE-04,Asset identity and records,I3,WP-I3-008,CORRECTED,"Explicit semantic rewrite adds trigger, expected behavior, observable state, and failure behavior. Reviewed as Authoritative Data and Transaction Foundation work because the obligation's primary implementation surface is Asset identity and records; integration verification, removal, and release responsibilities remain separate.",Statement/capability/phase corrected in explicit source.,01-EVERYTHING-WE-ARE-KEEPING.md,lines 251-251
CAN-LAM-EDGE-11,Asset identity and records,I3,WP-I3-002,CORRECTED,"Explicit semantic rewrite adds trigger, expected behavior, observable state, and failure behavior. Reviewed as Authoritative Data and Transaction Foundation work because the obligation's primary implementation surface is Asset identity and records; integration verification, removal, and release responsibilities remain separate.",Statement/capability/phase corrected in explicit source.,01-EVERYTHING-WE-ARE-KEEPING.md,lines 258-258
CAN-LAM-EDIT-002,Asset identity and records,I3,WP-I3-002,CORRECTED,"Semantically normalized from PRODUCT using the source clause, section, capability, current-code evidence, and final-state disposition. Reviewed as Authoritative Data and Transaction Foundation work because the obligation's primary implementation surface is Asset identity and records; integration verification, removal, and release responsibilities remain separate.",Statement/capability/phase corrected in explicit source.,01-EVERYTHING-WE-ARE-KEEPING.md,lines 636-636
CAN-LAM-EVENT-013,Asset identity and records,I3,WP-I3-002,CORRECTED,"Explicit semantic rewrite adds trigger, expected behavior, observable state, and failure behavior. Reviewed as Authoritative Data and Transaction Foundation work because the obligation's primary implementation surface is Asset identity and records; integration verification, removal, and release responsibilities remain separate.",Statement/capability/phase corrected in explicit source.,01-EVERYTHING-WE-ARE-KEEPING.md,lines 625-625
CAN-LAM-FOLDER-011,Asset identity and records,I3,WP-I3-012,CORRECTED,"Semantically normalized from PRODUCT using the source clause, section, capability, current-code evidence, and final-state disposition. Reviewed as Authoritative Data and Transaction Foundation work because the obligation's primary implementation surface is Asset identity and records; integration verification, removal, and release responsibilities remain separate.",Statement/capability/phase corrected in explicit source.,01-EVERYTHING-WE-ARE-KEEPING.md,lines 634-634
CAN-LAM-INV-ASSET-05,Asset identity and records,I3,WP-I3-002,CORRECTED,"Semantically normalized from SYSTEM INVARIANT using the source clause, section, capability, current-code evidence, and final-state disposition. Reviewed as Authoritative Data and Transaction Foundation work because the obligation's primary implementation surface is Asset identity and records; integration verification, removal, and release responsibilities remain separate.",Statement/capability/phase corrected in explicit source.,01-EVERYTHING-WE-ARE-KEEPING.md,lines 97-97
CAN-LAM-META-024,Asset identity and records,I3,WP-I3-002,CORRECTED,"Semantically normalized from PRODUCT using the source clause, section, capability, current-code evidence, and final-state disposition. Reviewed as Authoritative Data and Transaction Foundation work because the obligation's primary implementation surface is Asset identity and records; integration verification, removal, and release responsibilities remain separate.",Statement/capability/phase corrected in explicit source.,01-EVERYTHING-WE-ARE-KEEPING.md,lines 642-642
CAN-LAM-TRANSACTION-004,Asset identity and records,I3,WP-I3-002,CORRECTED,"Semantically normalized from PRODUCT using the source clause, section, capability, current-code evidence, and final-state disposition. Reviewed as Authoritative Data and Transaction Foundation work because the obligation's primary implementation surface is Asset identity and records; integration verification, removal, and release responsibilities remain separate.",Statement/capability/phase corrected in explicit source.,01-EVERYTHING-WE-ARE-KEEPING.md,lines 635-635
CAN-SECTION-0048,Asset identity and records,I3,WP-I3-002,CORRECTED,Synthesized parent prevents list fragments from being counted as independent features while preserving their source rows as criteria. Reviewed section parent follows the majority architectural surface of its explicitly linked child criteria.,Statement/capability/phase corrected in explicit source.,01-EVERYTHING-WE-ARE-KEEPING.md,section aggregate
CAN-SECTION-0120,Asset identity and records,I11,WP-I3-002,CORRECTED,Synthesized parent prevents list fragments from being counted as independent features while preserving their source rows as criteria. Reviewed section parent follows the majority architectural surface of its explicitly linked child criteria.,Statement/capability/phase corrected in explicit source.,01-EVERYTHING-WE-ARE-KEEPING.md,section aggregate
CAN-SECTION-0155,Asset identity and records,I3,WP-I3-002,CORRECTED,Synthesized parent prevents list fragments from being counted as independent features while preserving their source rows as criteria. Reviewed section parent follows the majority architectural surface of its explicitly linked child criteria.,Statement/capability/phase corrected in explicit source.,01-EVERYTHING-WE-ARE-KEEPING.md,section aggregate
CAN-LAM-ARCH-069,Asset viewer,I5,WP-I5-004,CORRECTED,"Explicit semantic rewrite adds trigger, expected behavior, observable state, and failure behavior. Reviewed as Offline Library Experience work because the obligation's primary implementation surface is Asset viewer; integration verification, removal, and release responsibilities remain separate.",Statement/capability/phase corrected in explicit source.,01-EVERYTHING-WE-ARE-KEEPING.md,lines 676-676
CAN-LAM-ARCH-072,Asset viewer,I5,WP-I5-003,CORRECTED,"Explicit semantic rewrite adds trigger, expected behavior, observable state, and failure behavior. Reviewed as Offline Library Experience work because the obligation's primary implementation surface is Asset viewer; integration verification, removal, and release responsibilities remain separate.",Statement/capability/phase corrected in explicit source.,01-EVERYTHING-WE-ARE-KEEPING.md,lines 679-679
CAN-LAM-ARCH-075,Asset viewer,I5,WP-I5-003,CORRECTED,"Explicit semantic rewrite adds trigger, expected behavior, observable state, and failure behavior. Reviewed as Offline Library Experience work because the obligation's primary implementation surface is Asset viewer; integration verification, removal, and release responsibilities remain separate.",Statement/capability/phase corrected in explicit source.,01-EVERYTHING-WE-ARE-KEEPING.md,lines 682-682
CAN-LAM-ARCH-078,Asset viewer,I5,WP-I5-003,CORRECTED,"Explicit semantic rewrite adds trigger, expected behavior, observable state, and failure behavior. Reviewed as Offline Library Experience work because the obligation's primary implementation surface is Asset viewer; integration verification, removal, and release responsibilities remain separate.",Statement/capability/phase corrected in explicit source.,01-EVERYTHING-WE-ARE-KEEPING.md,lines 685-685
CAN-LAM-ARCH-081,Asset viewer,I5,WP-I5-008,CORRECTED,"Explicit semantic rewrite adds trigger, expected behavior, observable state, and failure behavior. Reviewed as Offline Library Experience work because the obligation's primary implementation surface is Asset viewer; integration verification, removal, and release responsibilities remain separate.",Statement/capability/phase corrected in explicit source.,01-EVERYTHING-WE-ARE-KEEPING.md,lines 696-696
CAN-LAM-ARCH-191,Asset viewer,I5,WP-I5-010,CORRECTED,"Explicit semantic rewrite adds trigger, expected behavior, observable state, and failure behavior. Reviewed as Offline Library Experience work because the obligation's primary implementation surface is Asset viewer; integration verification, removal, and release responsibilities remain separate.",Statement/capability/phase corrected in explicit source.,01-EVERYTHING-WE-ARE-KEEPING.md,lines 1549-1549
CAN-LAM-ARCH-319,Asset viewer,I14,WP-I14-003,CORRECTED,"Explicit semantic rewrite adds trigger, expected behavior, observable state, and failure behavior. Reviewed as Performance, Accessibility, and Desktop UX work because the obligation's primary implementation surface is Asset viewer; integration verification, removal, and release responsibilities remain separate.",Statement/capability/phase corrected in explicit source.,01-EVERYTHING-WE-ARE-KEEPING.md,lines 2114-2114
CAN-LAM-ASSET-030,Asset viewer,I5,WP-I5-004,CORRECTED,"Explicit semantic rewrite adds trigger, expected behavior, observable state, and failure behavior. Reviewed as Offline Library Experience work because the obligation's primary implementation surface is Asset viewer; integration verification, removal, and release responsibilities remain separate.",Statement/capability/phase corrected in explicit source.,01-EVERYTHING-WE-ARE-KEEPING.md,lines 278-278
CAN-LAM-ASSET-058,Asset viewer,I5,WP-I5-004,CORRECTED,"Explicit semantic rewrite adds trigger, expected behavior, observable state, and failure behavior. Reviewed as Offline Library Experience work because the obligation's primary implementation surface is Asset viewer; integration verification, removal, and release responsibilities remain separate.",Statement/capability/phase corrected in explicit source.,01-EVERYTHING-WE-ARE-KEEPING.md,lines 675-675
CAN-LAM-ASSET-079,Asset viewer,I5,WP-I5-010,CORRECTED,"Explicit semantic rewrite adds trigger, expected behavior, observable state, and failure behavior. Reviewed as Offline Library Experience work because the obligation's primary implementation surface is Asset viewer; integration verification, removal, and release responsibilities remain separate.",Statement/capability/phase corrected in explicit source.,01-EVERYTHING-WE-ARE-KEEPING.md,lines 1260-1260
CAN-LAM-ASSET-120,Asset viewer,I5,WP-I5-006,CORRECTED,"Explicit semantic rewrite adds trigger, expected behavior, observable state, and failure behavior. Reviewed as Offline Library Experience work because the obligation's primary implementation surface is Asset viewer; integration verification, removal, and release responsibilities remain separate.",Statement/capability/phase corrected in explicit source.,01-EVERYTHING-WE-ARE-KEEPING.md,lines 1710-1710
CAN-LAM-ASSET-138,Asset viewer,I5,WP-I5-009,CORRECTED,"Explicit semantic rewrite adds trigger, expected behavior, observable state, and failure behavior. Reviewed as Offline Library Experience work because the obligation's primary implementation surface is Asset viewer; integration verification, removal, and release responsibilities remain separate.",Statement/capability/phase corrected in explicit source.,01-EVERYTHING-WE-ARE-KEEPING.md,lines 2001-2001
CAN-LAM-EDIT-003,Asset viewer,I5,WP-I5-009,CORRECTED,"Explicit semantic rewrite adds trigger, expected behavior, observable state, and failure behavior. Reviewed as Offline Library Experience work because the obligation's primary implementation surface is Asset viewer; integration verification, removal, and release responsibilities remain separate.",Statement/capability/phase corrected in explicit source.,01-EVERYTHING-WE-ARE-KEEPING.md,lines 691-691
CAN-LAM-FOLDER-014,Asset viewer,I5,WP-I5-009,CORRECTED,"Explicit semantic rewrite adds trigger, expected behavior, observable state, and failure behavior. Reviewed as Offline Library Experience work because the obligation's primary implementation surface is Asset viewer; integration verification, removal, and release responsibilities remain separate.",Statement/capability/phase corrected in explicit source.,01-EVERYTHING-WE-ARE-KEEPING.md,lines 695-695
CAN-LAM-INV-ASSET-02,Asset viewer,I5,WP-I5-008,CONFIRMED,"Semantically normalized from SYSTEM INVARIANT using the source clause, section, capability, current-code evidence, and final-state disposition. Reviewed as Offline Library Experience work because the obligation's primary implementation surface is Asset viewer; integration verification, removal, and release responsibilities remain separate.",Complete testable statement and phase/package boundary confirmed against source provenance.,01-EVERYTHING-WE-ARE-KEEPING.md,lines 94-94
CAN-LAM-PERSON-030,Asset viewer,I5,WP-I5-010,CORRECTED,"Explicit semantic rewrite adds trigger, expected behavior, observable state, and failure behavior. Reviewed as Offline Library Experience work because the obligation's primary implementation surface is Asset viewer; integration verification, removal, and release responsibilities remain separate.",Statement/capability/phase corrected in explicit source.,01-EVERYTHING-WE-ARE-KEEPING.md,lines 693-693
CAN-SECTION-0072,Asset viewer,I5,WP-I5-009,CORRECTED,Synthesized parent prevents list fragments from being counted as independent features while preserving their source rows as criteria. Reviewed section parent follows the majority architectural surface of its explicitly linked child criteria.,Statement/capability/phase corrected in explicit source.,01-EVERYTHING-WE-ARE-KEEPING.md,section aggregate
CAN-SECTION-0126,Asset viewer,I5,WP-I5-010,CORRECTED,Synthesized parent prevents list fragments from being counted as independent features while preserving their source rows as criteria. Reviewed section parent follows the majority architectural surface of its explicitly linked child criteria.,Statement/capability/phase corrected in explicit source.,01-EVERYTHING-WE-ARE-KEEPING.md,section aggregate
CAN-SECTION-0132,Asset viewer,I5,WP-I5-010,CORRECTED,Synthesized parent prevents list fragments from being counted as independent features while preserving their source rows as criteria. Reviewed section parent follows the majority architectural surface of its explicitly linked child criteria.,Statement/capability/phase corrected in explicit source.,01-EVERYTHING-WE-ARE-KEEPING.md,section aggregate
CAN-SECTION-0185,Asset viewer,I5,WP-I5-009,CORRECTED,Synthesized parent prevents list fragments from being counted as independent features while preserving their source rows as criteria. Reviewed section parent follows the majority architectural surface of its explicitly linked child criteria.,Statement/capability/phase corrected in explicit source.,03-HOW-WE-WILL-KEEP-DELETE-AND-CHANGE.md,section aggregate
CAN-LAM-AI-081,"Backup, trash, restore and rebuild",I13,WP-I13-011,CORRECTED,"Explicit semantic rewrite adds trigger, expected behavior, observable state, and failure behavior. Reviewed as Backup, Trash, Restore, and Rebuild work because the obligation's primary implementation surface is Backup, trash, restore and rebuild; integration verification, removal, and release responsibilities remain separate.",Statement/capability/phase corrected in explicit source.,03-HOW-WE-WILL-KEEP-DELETE-AND-CHANGE.md,lines 1528-1528
CAN-LAM-ARCH-306,"Backup, trash, restore and rebuild",I13,WP-I13-011,CORRECTED,"Explicit semantic rewrite adds trigger, expected behavior, observable state, and failure behavior. Reviewed as Backup, Trash, Restore, and Rebuild work because the obligation's primary implementation surface is Backup, trash, restore and rebuild; integration verification, removal, and release responsibilities remain separate.",Statement/capability/phase corrected in explicit source.,01-EVERYTHING-WE-ARE-KEEPING.md,lines 2040-2040
CAN-LAM-ARCH-405,"Backup, trash, restore and rebuild",I13,WP-I13-003,CORRECTED,"Explicit semantic rewrite adds trigger, expected behavior, observable state, and failure behavior. Reviewed as Backup, Trash, Restore, and Rebuild work because the obligation's primary implementation surface is Backup, trash, restore and rebuild; integration verification, removal, and release responsibilities remain separate.",Statement/capability/phase corrected in explicit source.,03-HOW-WE-WILL-KEEP-DELETE-AND-CHANGE.md,lines 1529-1529
CAN-LAM-ASSET-019,"Backup, trash, restore and rebuild",I13,WP-I13-001,CORRECTED,"Semantically normalized from PRODUCT using the source clause, section, capability, current-code evidence, and final-state disposition. Reviewed as Backup, Trash, Restore, and Rebuild work because the obligation's primary implementation surface is Backup, trash, restore and rebuild; integration verification, removal, and release responsibilities remain separate.",Statement/capability/phase corrected in explicit source.,01-EVERYTHING-WE-ARE-KEEPING.md,lines 145-145
CAN-LAM-ASSET-101,"Backup, trash, restore and rebuild",I13,WP-I13-001,CORRECTED,"Semantically normalized from PRODUCT using the source clause, section, capability, current-code evidence, and final-state disposition. Reviewed as Backup, Trash, Restore, and Rebuild work because the obligation's primary implementation surface is Backup, trash, restore and rebuild; integration verification, removal, and release responsibilities remain separate.",Statement/capability/phase corrected in explicit source.,01-EVERYTHING-WE-ARE-KEEPING.md,lines 1424-1424
CAN-LAM-ASSET-126,"Backup, trash, restore and rebuild",I13,WP-I13-011,CORRECTED,"Explicit semantic rewrite adds trigger, expected behavior, observable state, and failure behavior. Reviewed as Backup, Trash, Restore, and Rebuild work because the obligation's primary implementation surface is Backup, trash, restore and rebuild; integration verification, removal, and release responsibilities remain separate.",Statement/capability/phase corrected in explicit source.,01-EVERYTHING-WE-ARE-KEEPING.md,lines 1882-1882
CAN-LAM-BACKUP-002,"Backup, trash, restore and rebuild",I13,WP-I13-011,CORRECTED,"Explicit semantic rewrite adds trigger, expected behavior, observable state, and failure behavior. Reviewed as Backup, Trash, Restore, and Rebuild work because the obligation's primary implementation surface is Backup, trash, restore and rebuild; integration verification, removal, and release responsibilities remain separate.",Statement/capability/phase corrected in explicit source.,01-EVERYTHING-WE-ARE-KEEPING.md,lines 303-303
CAN-LAM-BACKUP-020,"Backup, trash, restore and rebuild",I13,WP-I13-011,CORRECTED,"Explicit semantic rewrite adds trigger, expected behavior, observable state, and failure behavior. Reviewed as Backup, Trash, Restore, and Rebuild work because the obligation's primary implementation surface is Backup, trash, restore and rebuild; integration verification, removal, and release responsibilities remain separate.",Statement/capability/phase corrected in explicit source.,03-HOW-WE-WILL-KEEP-DELETE-AND-CHANGE.md,lines 1524-1524
CAN-LAM-EDGE-12,"Backup, trash, restore and rebuild",I13,WP-I13-001,CORRECTED,"Explicit semantic rewrite adds trigger, expected behavior, observable state, and failure behavior. Reviewed as Backup, Trash, Restore, and Rebuild work because the obligation's primary implementation surface is Backup, trash, restore and rebuild; integration verification, removal, and release responsibilities remain separate.",Statement/capability/phase corrected in explicit source.,01-EVERYTHING-WE-ARE-KEEPING.md,lines 259-259
CAN-LAM-EVENT-063,"Backup, trash, restore and rebuild",I13,WP-I13-011,CORRECTED,"Converted a deletion-list fragment into a final-state prohibition. Reviewed as Backup, Trash, Restore, and Rebuild work because the obligation's primary implementation surface is Backup, trash, restore and rebuild; integration verification, removal, and release responsibilities remain separate.",Statement/capability/phase corrected in explicit source.,01-EVERYTHING-WE-ARE-KEEPING.md,lines 2044-2044
CAN-LAM-FOLDER-045,"Backup, trash, restore and rebuild",I13,WP-I13-011,CORRECTED,"Explicit semantic rewrite adds trigger, expected behavior, observable state, and failure behavior. Reviewed as Backup, Trash, Restore, and Rebuild work because the obligation's primary implementation surface is Backup, trash, restore and rebuild; integration verification, removal, and release responsibilities remain separate.",Statement/capability/phase corrected in explicit source.,01-EVERYTHING-WE-ARE-KEEPING.md,lines 2036-2036
CAN-LAM-INV-ASSET-04,"Backup, trash, restore and rebuild",I13,WP-I13-007,CORRECTED,"Semantically normalized from SYSTEM INVARIANT using the source clause, section, capability, current-code evidence, and final-state disposition. Reviewed as Backup, Trash, Restore, and Rebuild work because the obligation's primary implementation surface is Backup, trash, restore and rebuild; integration verification, removal, and release responsibilities remain separate.",Statement/capability/phase corrected in explicit source.,01-EVERYTHING-WE-ARE-KEEPING.md,lines 96-96
CAN-LAM-META-011,"Backup, trash, restore and rebuild",I13,WP-I13-001,CORRECTED,"Semantically normalized from PRODUCT using the source clause, section, capability, current-code evidence, and final-state disposition. Reviewed as Backup, Trash, Restore, and Rebuild work because the obligation's primary implementation surface is Backup, trash, restore and rebuild; integration verification, removal, and release responsibilities remain separate.",Statement/capability/phase corrected in explicit source.,01-EVERYTHING-WE-ARE-KEEPING.md,lines 151-151
CAN-LAM-META-050,"Backup, trash, restore and rebuild",I13,WP-I13-009,CORRECTED,"Explicit semantic rewrite adds trigger, expected behavior, observable state, and failure behavior. Reviewed as Backup, Trash, Restore, and Rebuild work because the obligation's primary implementation surface is Backup, trash, restore and rebuild; integration verification, removal, and release responsibilities remain separate.",Statement/capability/phase corrected in explicit source.,01-EVERYTHING-WE-ARE-KEEPING.md,lines 2217-2217
CAN-LAM-TRASH-001,"Backup, trash, restore and rebuild",I13,WP-I13-011,CORRECTED,"Semantically normalized from PRODUCT using the source clause, section, capability, current-code evidence, and final-state disposition. Reviewed as Backup, Trash, Restore, and Rebuild work because the obligation's primary implementation surface is Backup, trash, restore and rebuild; integration verification, removal, and release responsibilities remain separate.",Statement/capability/phase corrected in explicit source.,03-HOW-WE-WILL-KEEP-DELETE-AND-CHANGE.md,lines 657-657
CAN-LAM-TRASH-003,"Backup, trash, restore and rebuild",I13,WP-I13-011,CORRECTED,"Explicit semantic rewrite adds trigger, expected behavior, observable state, and failure behavior. Reviewed as Backup, Trash, Restore, and Rebuild work because the obligation's primary implementation surface is Backup, trash, restore and rebuild; integration verification, removal, and release responsibilities remain separate.",Statement/capability/phase corrected in explicit source.,01-EVERYTHING-WE-ARE-KEEPING.md,lines 412-412
CAN-SECTION-0137,"Backup, trash, restore and rebuild",I13,WP-I13-011,CORRECTED,Synthesized parent prevents list fragments from being counted as independent features while preserving their source rows as criteria. Reviewed section parent follows the majority architectural surface of its explicitly linked child criteria.,Statement/capability/phase corrected in explicit source.,01-EVERYTHING-WE-ARE-KEEPING.md,section aggregate
CAN-SECTION-0165,"Backup, trash, restore and rebuild",I13,WP-I13-011,CORRECTED,Synthesized parent prevents list fragments from being counted as independent features while preserving their source rows as criteria. Reviewed section parent follows the majority architectural surface of its explicitly linked child criteria.,Statement/capability/phase corrected in explicit source.,01-EVERYTHING-WE-ARE-KEEPING.md,section aggregate
CAN-SECTION-0210,"Backup, trash, restore and rebuild",I13,WP-I13-009,CORRECTED,Synthesized parent prevents list fragments from being counted as independent features while preserving their source rows as criteria. Reviewed section parent follows the majority architectural surface of its explicitly linked child criteria.,Statement/capability/phase corrected in explicit source.,03-HOW-WE-WILL-KEEP-DELETE-AND-CHANGE.md,section aggregate
CAN-SECTION-0236,"Backup, trash, restore and rebuild",I13,WP-I13-011,CORRECTED,Synthesized parent prevents list fragments from being counted as independent features while preserving their source rows as criteria. Reviewed section parent follows the majority architectural surface of its explicitly linked child criteria.,Statement/capability/phase corrected in explicit source.,01-EVERYTHING-WE-ARE-KEEPING.md,section aggregate
CAN-LAM-ARCH-014,Desktop shell,I2,WP-I2-013,CONFIRMED,"Semantically normalized from PRODUCT using the source clause, section, capability, current-code evidence, and final-state disposition. Reviewed as Desktop Shell and Trust Boundary work because the obligation's primary implementation surface is Desktop shell; integration verification, removal, and release responsibilities remain separate.",Complete testable statement and phase/package boundary confirmed against source provenance.,01-EVERYTHING-WE-ARE-KEEPING.md,lines 41-41
CAN-LAM-ARCH-335,Desktop shell,I2,WP-I2-007,CORRECTED,"Explicit semantic rewrite adds trigger, expected behavior, observable state, and failure behavior. Reviewed as Desktop Shell and Trust Boundary work because the obligation's primary implementation surface is Desktop shell; integration verification, removal, and release responsibilities remain separate.",Statement/capability/phase corrected in explicit source.,01-EVERYTHING-WE-ARE-KEEPING.md,lines 2163-2163
CAN-LAM-ARCH-370,Desktop shell,I2,WP-I2-008,CORRECTED,"Explicit semantic rewrite adds trigger, expected behavior, observable state, and failure behavior. Reviewed as Desktop Shell and Trust Boundary work because the obligation's primary implementation surface is Desktop shell; integration verification, removal, and release responsibilities remain separate.",Statement/capability/phase corrected in explicit source.,03-HOW-WE-WILL-KEEP-DELETE-AND-CHANGE.md,lines 1377-1377
CAN-LAM-ARCH-371,Desktop shell,I2,WP-I2-004,CONFIRMED,"Semantically normalized from GOVERNANCE using the source clause, section, capability, current-code evidence, and final-state disposition. Reviewed as Desktop Shell and Trust Boundary work because the obligation's primary implementation surface is Desktop shell; integration verification, removal, and release responsibilities remain separate.",Complete testable statement and phase/package boundary confirmed against source provenance.,03-HOW-WE-WILL-KEEP-DELETE-AND-CHANGE.md,lines 1379-1379
CAN-LAM-ARCH-372,Desktop shell,I2,WP-I2-005,CONFIRMED,"Semantically normalized from GOVERNANCE using the source clause, section, capability, current-code evidence, and final-state disposition. Reviewed as Desktop Shell and Trust Boundary work because the obligation's primary implementation surface is Desktop shell; integration verification, removal, and release responsibilities remain separate.",Complete testable statement and phase/package boundary confirmed against source provenance.,03-HOW-WE-WILL-KEEP-DELETE-AND-CHANGE.md,lines 1380-1380
CAN-LAM-ARCH-373,Desktop shell,I2,WP-I2-003,CORRECTED,"Converted a malformed positive template into the source prohibition. Reviewed as Desktop Shell and Trust Boundary work because the obligation's primary implementation surface is Desktop shell; integration verification, removal, and release responsibilities remain separate.",Statement/capability/phase corrected in explicit source.,03-HOW-WE-WILL-KEEP-DELETE-AND-CHANGE.md,lines 1382-1382
CAN-LAM-ARCH-407,Desktop shell,I14,WP-I14-005,CORRECTED,"Explicit semantic rewrite adds trigger, expected behavior, observable state, and failure behavior. Reviewed as Performance, Accessibility, and Desktop UX work because the obligation's primary implementation surface is Desktop shell; integration verification, removal, and release responsibilities remain separate.",Statement/capability/phase corrected in explicit source.,03-HOW-WE-WILL-KEEP-DELETE-AND-CHANGE.md,lines 1537-1537
CAN-LAM-ARCH-408,Desktop shell,I14,WP-I14-008,CORRECTED,"Explicit semantic rewrite adds trigger, expected behavior, observable state, and failure behavior. Reviewed as Performance, Accessibility, and Desktop UX work because the obligation's primary implementation surface is Desktop shell; integration verification, removal, and release responsibilities remain separate.",Statement/capability/phase corrected in explicit source.,03-HOW-WE-WILL-KEEP-DELETE-AND-CHANGE.md,lines 1538-1538
CAN-LAM-ASSET-185,Desktop shell,I2,WP-I2-013,CONFIRMED,"Semantically normalized from GOVERNANCE using the source clause, section, capability, current-code evidence, and final-state disposition. Reviewed as Desktop Shell and Trust Boundary work because the obligation's primary implementation surface is Desktop shell; integration verification, removal, and release responsibilities remain separate.",Complete testable statement and phase/package boundary confirmed against source provenance.,03-HOW-WE-WILL-KEEP-DELETE-AND-CHANGE.md,lines 1378-1378
CAN-LAM-GOV-216,Desktop shell,I2,WP-I2-013,CONFIRMED,"Semantically normalized from PRODUCT using the source clause, section, capability, current-code evidence, and final-state disposition. Reviewed as Desktop Shell and Trust Boundary work because the obligation's primary implementation surface is Desktop shell; integration verification, removal, and release responsibilities remain separate.",Complete testable statement and phase/package boundary confirmed against source provenance.,03-HOW-WE-WILL-KEEP-DELETE-AND-CHANGE.md,lines 875-875
CAN-LAM-GOV-217,Desktop shell,I2,WP-I2-011,CONFIRMED,"Semantically normalized from GOVERNANCE using the source clause, section, capability, current-code evidence, and final-state disposition. Reviewed as Desktop Shell and Trust Boundary work because the obligation's primary implementation surface is Desktop shell; integration verification, removal, and release responsibilities remain separate.",Complete testable statement and phase/package boundary confirmed against source provenance.,03-HOW-WE-WILL-KEEP-DELETE-AND-CHANGE.md,lines 893-893
CAN-LAM-GOV-218,Desktop shell,I2,WP-I2-001,CONFIRMED,"Semantically normalized from PRODUCT using the source clause, section, capability, current-code evidence, and final-state disposition. Reviewed as Desktop Shell and Trust Boundary work because the obligation's primary implementation surface is Desktop shell; integration verification, removal, and release responsibilities remain separate.",Complete testable statement and phase/package boundary confirmed against source provenance.,03-HOW-WE-WILL-KEEP-DELETE-AND-CHANGE.md,lines 893-893
CAN-LAM-GOV-233,Desktop shell,I2,WP-I2-002,CONFIRMED,"Semantically normalized from PRODUCT using the source clause, section, capability, current-code evidence, and final-state disposition. Reviewed as Desktop Shell and Trust Boundary work because the obligation's primary implementation surface is Desktop shell; integration verification, removal, and release responsibilities remain separate.",Complete testable statement and phase/package boundary confirmed against source provenance.,03-HOW-WE-WILL-KEEP-DELETE-AND-CHANGE.md,lines 991-991
CAN-LAM-INV-ASSET-01,Desktop shell,I2,WP-I2-013,CONFIRMED,"Semantically normalized from SYSTEM INVARIANT using the source clause, section, capability, current-code evidence, and final-state disposition. Reviewed as Desktop Shell and Trust Boundary work because the obligation's primary implementation surface is Desktop shell; integration verification, removal, and release responsibilities remain separate.",Complete testable statement and phase/package boundary confirmed against source provenance.,01-EVERYTHING-WE-ARE-KEEPING.md,lines 93-93
CAN-LAM-PERF-006,Desktop shell,I14,WP-I14-005,CORRECTED,"Explicit semantic rewrite adds trigger, expected behavior, observable state, and failure behavior. Reviewed as Performance, Accessibility, and Desktop UX work because the obligation's primary implementation surface is Desktop shell; integration verification, removal, and release responsibilities remain separate.",Statement/capability/phase corrected in explicit source.,03-HOW-WE-WILL-KEEP-DELETE-AND-CHANGE.md,lines 1540-1540
CAN-LAM-AI-039,Duplicates,I10,WP-I10-011,CORRECTED,"Explicit semantic rewrite adds trigger, expected behavior, observable state, and failure behavior. Reviewed as Local AI, Search, and Duplicates work because the obligation's primary implementation surface is Duplicates; integration verification, removal, and release responsibilities remain separate.",Statement/capability/phase corrected in explicit source.,01-EVERYTHING-WE-ARE-KEEPING.md,lines 1766-1766
CAN-LAM-ARCH-024,Duplicates,I10,WP-I10-011,CORRECTED,"Explicit semantic rewrite adds trigger, expected behavior, observable state, and failure behavior. Reviewed as Local AI, Search, and Duplicates work because the obligation's primary implementation surface is Duplicates; integration verification, removal, and release responsibilities remain separate.",Statement/capability/phase corrected in explicit source.,01-EVERYTHING-WE-ARE-KEEPING.md,lines 289-289
CAN-LAM-ARCH-040,Duplicates,I10,WP-I10-011,CORRECTED,"Explicit semantic rewrite adds trigger, expected behavior, observable state, and failure behavior. Reviewed as Local AI, Search, and Duplicates work because the obligation's primary implementation surface is Duplicates; integration verification, removal, and release responsibilities remain separate.",Statement/capability/phase corrected in explicit source.,01-EVERYTHING-WE-ARE-KEEPING.md,lines 393-393
CAN-LAM-ARCH-225,Duplicates,I10,WP-I10-011,CORRECTED,"Explicit semantic rewrite adds trigger, expected behavior, observable state, and failure behavior. Reviewed as Local AI, Search, and Duplicates work because the obligation's primary implementation surface is Duplicates; integration verification, removal, and release responsibilities remain separate.",Statement/capability/phase corrected in explicit source.,01-EVERYTHING-WE-ARE-KEEPING.md,lines 1671-1671
CAN-LAM-ARCH-251,Duplicates,I10,WP-I10-011,CORRECTED,"Explicit semantic rewrite adds trigger, expected behavior, observable state, and failure behavior. Reviewed as Local AI, Search, and Duplicates work because the obligation's primary implementation surface is Duplicates; integration verification, removal, and release responsibilities remain separate.",Statement/capability/phase corrected in explicit source.,01-EVERYTHING-WE-ARE-KEEPING.md,lines 1768-1768
CAN-LAM-ARCH-253,Duplicates,I10,WP-I10-011,CORRECTED,"Explicit semantic rewrite adds trigger, expected behavior, observable state, and failure behavior. Reviewed as Local AI, Search, and Duplicates work because the obligation's primary implementation surface is Duplicates; integration verification, removal, and release responsibilities remain separate.",Statement/capability/phase corrected in explicit source.,01-EVERYTHING-WE-ARE-KEEPING.md,lines 1770-1770
CAN-LAM-ARCH-256,Duplicates,I10,WP-I10-011,CORRECTED,"Explicit semantic rewrite adds trigger, expected behavior, observable state, and failure behavior. Reviewed as Local AI, Search, and Duplicates work because the obligation's primary implementation surface is Duplicates; integration verification, removal, and release responsibilities remain separate.",Statement/capability/phase corrected in explicit source.,01-EVERYTHING-WE-ARE-KEEPING.md,lines 1775-1775
CAN-LAM-ARCH-258,Duplicates,I10,WP-I10-011,CORRECTED,"Explicit semantic rewrite adds trigger, expected behavior, observable state, and failure behavior. Reviewed as Local AI, Search, and Duplicates work because the obligation's primary implementation surface is Duplicates; integration verification, removal, and release responsibilities remain separate.",Statement/capability/phase corrected in explicit source.,01-EVERYTHING-WE-ARE-KEEPING.md,lines 1778-1778
CAN-LAM-ARCH-259,Duplicates,I10,WP-I10-011,CORRECTED,"Explicit semantic rewrite adds trigger, expected behavior, observable state, and failure behavior. Reviewed as Local AI, Search, and Duplicates work because the obligation's primary implementation surface is Duplicates; integration verification, removal, and release responsibilities remain separate.",Statement/capability/phase corrected in explicit source.,01-EVERYTHING-WE-ARE-KEEPING.md,lines 1779-1779
CAN-LAM-DUPLICATE-003,Duplicates,I10,WP-I10-011,CONFIRMED,"Semantically normalized from PRODUCT using the source clause, section, capability, current-code evidence, and final-state disposition. Reviewed as Local AI, Search, and Duplicates work because the obligation's primary implementation surface is Duplicates; integration verification, removal, and release responsibilities remain separate.",Complete testable statement and phase/package boundary confirmed against source provenance.,01-EVERYTHING-WE-ARE-KEEPING.md,lines 1154-1154
CAN-LAM-DUPLICATE-005,Duplicates,I10,WP-I10-011,CORRECTED,"Explicit semantic rewrite adds trigger, expected behavior, observable state, and failure behavior. Reviewed as Local AI, Search, and Duplicates work because the obligation's primary implementation surface is Duplicates; integration verification, removal, and release responsibilities remain separate.",Statement/capability/phase corrected in explicit source.,01-EVERYTHING-WE-ARE-KEEPING.md,lines 1612-1612
CAN-LAM-DUPLICATE-007,Duplicates,I10,WP-I10-011,CORRECTED,"Explicit semantic rewrite adds trigger, expected behavior, observable state, and failure behavior. Reviewed as Local AI, Search, and Duplicates work because the obligation's primary implementation surface is Duplicates; integration verification, removal, and release responsibilities remain separate.",Statement/capability/phase corrected in explicit source.,01-EVERYTHING-WE-ARE-KEEPING.md,lines 1765-1765
CAN-LAM-DUPLICATE-009,Duplicates,I14,WP-I14-004,CORRECTED,"Explicit semantic rewrite adds trigger, expected behavior, observable state, and failure behavior. Reviewed as Performance, Accessibility, and Desktop UX work because the obligation's primary implementation surface is Duplicates; integration verification, removal, and release responsibilities remain separate.",Statement/capability/phase corrected in explicit source.,01-EVERYTHING-WE-ARE-KEEPING.md,lines 2212-2212
CAN-LAM-GOV-018,Duplicates,I11,WP-I11-010,CONFIRMED,"Semantically normalized from PRODUCT using the source clause, section, capability, current-code evidence, and final-state disposition. Reviewed as Metadata Mutation, Editing, and Privacy work because the obligation's primary implementation surface is Duplicates; integration verification, removal, and release responsibilities remain separate.",Complete testable statement and phase/package boundary confirmed against source provenance.,03-HOW-WE-WILL-KEEP-DELETE-AND-CHANGE.md,lines 40-40
CAN-LAM-PERSON-086,Duplicates,I10,WP-I10-012,CORRECTED,"Explicit semantic rewrite adds trigger, expected behavior, observable state, and failure behavior. Reviewed as Local AI, Search, and Duplicates work because the obligation's primary implementation surface is Duplicates; integration verification, removal, and release responsibilities remain separate.",Statement/capability/phase corrected in explicit source.,01-EVERYTHING-WE-ARE-KEEPING.md,lines 1614-1614
CAN-SECTION-0022,Duplicates,I10,WP-I10-011,CORRECTED,Synthesized parent prevents list fragments from being counted as independent features while preserving their source rows as criteria. Reviewed section parent follows the majority architectural surface of its explicitly linked child criteria.,Statement/capability/phase corrected in explicit source.,01-EVERYTHING-WE-ARE-KEEPING.md,section aggregate
CAN-SECTION-0031,Duplicates,I10,WP-I10-011,CORRECTED,Synthesized parent prevents list fragments from being counted as independent features while preserving their source rows as criteria. Reviewed section parent follows the majority architectural surface of its explicitly linked child criteria.,Statement/capability/phase corrected in explicit source.,01-EVERYTHING-WE-ARE-KEEPING.md,section aggregate
CAN-SECTION-0079,Duplicates,I10,WP-I10-013,CORRECTED,Synthesized parent prevents list fragments from being counted as independent features while preserving their source rows as criteria. Reviewed section parent follows the majority architectural surface of its explicitly linked child criteria.,Statement/capability/phase corrected in explicit source.,01-EVERYTHING-WE-ARE-KEEPING.md,section aggregate
CAN-SECTION-0145,Duplicates,I10,WP-I10-011,CORRECTED,Synthesized parent prevents list fragments from being counted as independent features while preserving their source rows as criteria. Reviewed section parent follows the majority architectural surface of its explicitly linked child criteria.,Statement/capability/phase corrected in explicit source.,01-EVERYTHING-WE-ARE-KEEPING.md,section aggregate
CAN-SECTION-0147,Duplicates,I14,WP-I14-004,CORRECTED,Synthesized parent prevents list fragments from being counted as independent features while preserving their source rows as criteria. Reviewed section parent follows the majority architectural surface of its explicitly linked child criteria.,Statement/capability/phase corrected in explicit source.,01-EVERYTHING-WE-ARE-KEEPING.md,section aggregate
CAN-LAM-ARCH-291,Editing,I11,WP-I11-003,CORRECTED,"Explicit semantic rewrite adds trigger, expected behavior, observable state, and failure behavior. Reviewed as Metadata Mutation, Editing, and Privacy work because the obligation's primary implementation surface is Editing; integration verification, removal, and release responsibilities remain separate.",Statement/capability/phase corrected in explicit source.,01-EVERYTHING-WE-ARE-KEEPING.md,lines 1932-1932
CAN-LAM-ARCH-292,Editing,I11,WP-I11-003,CORRECTED,"Explicit semantic rewrite adds trigger, expected behavior, observable state, and failure behavior. Reviewed as Metadata Mutation, Editing, and Privacy work because the obligation's primary implementation surface is Editing; integration verification, removal, and release responsibilities remain separate.",Statement/capability/phase corrected in explicit source.,01-EVERYTHING-WE-ARE-KEEPING.md,lines 1933-1933
CAN-LAM-ARCH-294,Editing,I11,WP-I11-003,CORRECTED,"Explicit semantic rewrite adds trigger, expected behavior, observable state, and failure behavior. Reviewed as Metadata Mutation, Editing, and Privacy work because the obligation's primary implementation surface is Editing; integration verification, removal, and release responsibilities remain separate.",Statement/capability/phase corrected in explicit source.,01-EVERYTHING-WE-ARE-KEEPING.md,lines 1935-1935
CAN-LAM-ARCH-295,Editing,I11,WP-I11-003,CORRECTED,"Explicit semantic rewrite adds trigger, expected behavior, observable state, and failure behavior. Reviewed as Metadata Mutation, Editing, and Privacy work because the obligation's primary implementation surface is Editing; integration verification, removal, and release responsibilities remain separate.",Statement/capability/phase corrected in explicit source.,01-EVERYTHING-WE-ARE-KEEPING.md,lines 1936-1936
CAN-LAM-ARCH-296,Editing,I11,WP-I11-003,CORRECTED,"Explicit semantic rewrite adds trigger, expected behavior, observable state, and failure behavior. Reviewed as Metadata Mutation, Editing, and Privacy work because the obligation's primary implementation surface is Editing; integration verification, removal, and release responsibilities remain separate.",Statement/capability/phase corrected in explicit source.,01-EVERYTHING-WE-ARE-KEEPING.md,lines 1937-1937
CAN-LAM-ARCH-297,Editing,I11,WP-I11-003,CORRECTED,"Explicit semantic rewrite adds trigger, expected behavior, observable state, and failure behavior. Reviewed as Metadata Mutation, Editing, and Privacy work because the obligation's primary implementation surface is Editing; integration verification, removal, and release responsibilities remain separate.",Statement/capability/phase corrected in explicit source.,01-EVERYTHING-WE-ARE-KEEPING.md,lines 1938-1938
CAN-LAM-ARCH-399,Editing,I11,WP-I11-002,CORRECTED,"Explicit semantic rewrite adds trigger, expected behavior, observable state, and failure behavior. Reviewed as Metadata Mutation, Editing, and Privacy work because the obligation's primary implementation surface is Editing; integration verification, removal, and release responsibilities remain separate.",Statement/capability/phase corrected in explicit source.,03-HOW-WE-WILL-KEEP-DELETE-AND-CHANGE.md,lines 1502-1502
CAN-LAM-ASSET-122,Editing,I11,WP-I11-006,CORRECTED,"Semantically normalized from GOVERNANCE using the source clause, section, capability, current-code evidence, and final-state disposition. Reviewed as Metadata Mutation, Editing, and Privacy work because the obligation's primary implementation surface is Editing; integration verification, removal, and release responsibilities remain separate.",Statement/capability/phase corrected in explicit source.,01-EVERYTHING-WE-ARE-KEEPING.md,lines 1801-1801
CAN-LAM-ASSET-136,Editing,I11,WP-I11-010,CORRECTED,"Semantically normalized from PRODUCT using the source clause, section, capability, current-code evidence, and final-state disposition. Reviewed as Metadata Mutation, Editing, and Privacy work because the obligation's primary implementation surface is Editing; integration verification, removal, and release responsibilities remain separate.",Statement/capability/phase corrected in explicit source.,01-EVERYTHING-WE-ARE-KEEPING.md,lines 1941-1941
CAN-LAM-ASSET-191,Editing,I11,WP-I11-012,CORRECTED,"Explicit semantic rewrite adds trigger, expected behavior, observable state, and failure behavior. Reviewed as Metadata Mutation, Editing, and Privacy work because the obligation's primary implementation surface is Editing; integration verification, removal, and release responsibilities remain separate.",Statement/capability/phase corrected in explicit source.,03-HOW-WE-WILL-KEEP-DELETE-AND-CHANGE.md,lines 1497-1497
CAN-LAM-EDIT-004,Editing,I11,WP-I11-004,CORRECTED,"Explicit semantic rewrite adds trigger, expected behavior, observable state, and failure behavior. Reviewed as Metadata Mutation, Editing, and Privacy work because the obligation's primary implementation surface is Editing; integration verification, removal, and release responsibilities remain separate.",Statement/capability/phase corrected in explicit source.,01-EVERYTHING-WE-ARE-KEEPING.md,lines 1787-1787
CAN-LAM-EDIT-005,Editing,I11,WP-I11-004,CORRECTED,"Explicit semantic rewrite adds trigger, expected behavior, observable state, and failure behavior. Reviewed as Metadata Mutation, Editing, and Privacy work because the obligation's primary implementation surface is Editing; integration verification, removal, and release responsibilities remain separate.",Statement/capability/phase corrected in explicit source.,01-EVERYTHING-WE-ARE-KEEPING.md,lines 1788-1788
CAN-LAM-EDIT-006,Editing,I11,WP-I11-006,CORRECTED,"Explicit semantic rewrite adds trigger, expected behavior, observable state, and failure behavior. Reviewed as Metadata Mutation, Editing, and Privacy work because the obligation's primary implementation surface is Editing; integration verification, removal, and release responsibilities remain separate.",Statement/capability/phase corrected in explicit source.,01-EVERYTHING-WE-ARE-KEEPING.md,lines 1797-1797
CAN-LAM-EDIT-011,Editing,I11,WP-I11-004,CORRECTED,"Semantically normalized from GOVERNANCE using the source clause, section, capability, current-code evidence, and final-state disposition. Reviewed as Metadata Mutation, Editing, and Privacy work because the obligation's primary implementation surface is Editing; integration verification, removal, and release responsibilities remain separate.",Statement/capability/phase corrected in explicit source.,03-HOW-WE-WILL-KEEP-DELETE-AND-CHANGE.md,lines 1494-1494
CAN-LAM-EDIT-013,Editing,I11,WP-I11-009,CORRECTED,"Explicit semantic rewrite adds trigger, expected behavior, observable state, and failure behavior. Reviewed as Metadata Mutation, Editing, and Privacy work because the obligation's primary implementation surface is Editing; integration verification, removal, and release responsibilities remain separate.",Statement/capability/phase corrected in explicit source.,03-HOW-WE-WILL-KEEP-DELETE-AND-CHANGE.md,lines 1499-1499
CAN-LAM-GOV-243,Editing,I11,WP-I11-011,CONFIRMED,"Semantically normalized from PRODUCT using the source clause, section, capability, current-code evidence, and final-state disposition. Reviewed as Metadata Mutation, Editing, and Privacy work because the obligation's primary implementation surface is Editing; integration verification, removal, and release responsibilities remain separate.",Complete testable statement and phase/package boundary confirmed against source provenance.,03-HOW-WE-WILL-KEEP-DELETE-AND-CHANGE.md,lines 1029-1029
CAN-LAM-META-044,Editing,I11,WP-I11-003,CORRECTED,"Explicit semantic rewrite adds trigger, expected behavior, observable state, and failure behavior. Reviewed as Metadata Mutation, Editing, and Privacy work because the obligation's primary implementation surface is Editing; integration verification, removal, and release responsibilities remain separate.",Statement/capability/phase corrected in explicit source.,01-EVERYTHING-WE-ARE-KEEPING.md,lines 1939-1939
CAN-LAM-META-070,Editing,I11,WP-I11-003,CORRECTED,"Explicit semantic rewrite adds trigger, expected behavior, observable state, and failure behavior. Reviewed as Metadata Mutation, Editing, and Privacy work because the obligation's primary implementation surface is Editing; integration verification, removal, and release responsibilities remain separate.",Statement/capability/phase corrected in explicit source.,03-HOW-WE-WILL-KEEP-DELETE-AND-CHANGE.md,lines 1496-1496
CAN-SECTION-0097,Editing,I11,WP-I11-003,CORRECTED,Synthesized parent prevents list fragments from being counted as independent features while preserving their source rows as criteria. Reviewed section parent follows the majority architectural surface of its explicitly linked child criteria.,Statement/capability/phase corrected in explicit source.,01-EVERYTHING-WE-ARE-KEEPING.md,section aggregate
CAN-SECTION-0149,Editing,I11,WP-I11-004,CORRECTED,Synthesized parent prevents list fragments from being counted as independent features while preserving their source rows as criteria. Reviewed section parent follows the majority architectural surface of its explicitly linked child criteria.,Statement/capability/phase corrected in explicit source.,01-EVERYTHING-WE-ARE-KEEPING.md,section aggregate
CAN-LAM-ARCH-036,Events and organization,I6,WP-I6-008,CORRECTED,"Explicit semantic rewrite adds trigger, expected behavior, observable state, and failure behavior. Reviewed as Events and Manage Later work because the obligation's primary implementation surface is Events and organization; integration verification, removal, and release responsibilities remain separate.",Statement/capability/phase corrected in explicit source.,01-EVERYTHING-WE-ARE-KEEPING.md,lines 356-356
CAN-LAM-ARCH-051,Events and organization,I6,WP-I6-007,CORRECTED,"Explicit semantic rewrite adds trigger, expected behavior, observable state, and failure behavior. Reviewed as Events and Manage Later work because the obligation's primary implementation surface is Events and organization; integration verification, removal, and release responsibilities remain separate.",Statement/capability/phase corrected in explicit source.,01-EVERYTHING-WE-ARE-KEEPING.md,lines 586-586
CAN-LAM-ARCH-096,Events and organization,I6,WP-I6-002,CORRECTED,"Explicit semantic rewrite adds trigger, expected behavior, observable state, and failure behavior. Reviewed as Events and Manage Later work because the obligation's primary implementation surface is Events and organization; integration verification, removal, and release responsibilities remain separate.",Statement/capability/phase corrected in explicit source.,01-EVERYTHING-WE-ARE-KEEPING.md,lines 765-765
CAN-LAM-ARCH-152,Events and organization,I6,WP-I6-010,CORRECTED,"Explicit semantic rewrite adds trigger, expected behavior, observable state, and failure behavior. Reviewed as Events and Manage Later work because the obligation's primary implementation surface is Events and organization; integration verification, removal, and release responsibilities remain separate.",Statement/capability/phase corrected in explicit source.,01-EVERYTHING-WE-ARE-KEEPING.md,lines 1132-1132
CAN-LAM-ARCH-381,Events and organization,I6,WP-I6-006,CORRECTED,"Explicit semantic rewrite adds trigger, expected behavior, observable state, and failure behavior. Reviewed as Events and Manage Later work because the obligation's primary implementation surface is Events and organization; integration verification, removal, and release responsibilities remain separate.",Statement/capability/phase corrected in explicit source.,03-HOW-WE-WILL-KEEP-DELETE-AND-CHANGE.md,lines 1424-1424
CAN-LAM-ASSET-070,Events and organization,I6,WP-I6-009,CORRECTED,"Explicit semantic rewrite adds trigger, expected behavior, observable state, and failure behavior. Reviewed as Events and Manage Later work because the obligation's primary implementation surface is Events and organization; integration verification, removal, and release responsibilities remain separate.",Statement/capability/phase corrected in explicit source.,01-EVERYTHING-WE-ARE-KEEPING.md,lines 1107-1107
CAN-LAM-EVENT-018,Events and organization,I6,WP-I6-002,CORRECTED,"Explicit semantic rewrite adds trigger, expected behavior, observable state, and failure behavior. Reviewed as Events and Manage Later work because the obligation's primary implementation surface is Events and organization; integration verification, removal, and release responsibilities remain separate.",Statement/capability/phase corrected in explicit source.,01-EVERYTHING-WE-ARE-KEEPING.md,lines 763-763
CAN-LAM-EVENT-025,Events and organization,I6,WP-I6-002,CORRECTED,"Explicit semantic rewrite adds trigger, expected behavior, observable state, and failure behavior. Reviewed as Events and Manage Later work because the obligation's primary implementation surface is Events and organization; integration verification, removal, and release responsibilities remain separate.",Statement/capability/phase corrected in explicit source.,01-EVERYTHING-WE-ARE-KEEPING.md,lines 775-775
CAN-LAM-EVENT-032,Events and organization,I6,WP-I6-002,CORRECTED,"Explicit semantic rewrite adds trigger, expected behavior, observable state, and failure behavior. Reviewed as Events and Manage Later work because the obligation's primary implementation surface is Events and organization; integration verification, removal, and release responsibilities remain separate.",Statement/capability/phase corrected in explicit source.,01-EVERYTHING-WE-ARE-KEEPING.md,lines 782-782
CAN-LAM-EVENT-046,Events and organization,I6,WP-I6-007,CORRECTED,"Explicit semantic rewrite adds trigger, expected behavior, observable state, and failure behavior. Reviewed as Events and Manage Later work because the obligation's primary implementation surface is Events and organization; integration verification, removal, and release responsibilities remain separate.",Statement/capability/phase corrected in explicit source.,01-EVERYTHING-WE-ARE-KEEPING.md,lines 1138-1138
CAN-LAM-EVENT-078,Events and organization,I6,WP-I6-001,CORRECTED,"Explicit semantic rewrite adds trigger, expected behavior, observable state, and failure behavior. Reviewed as Events and Manage Later work because the obligation's primary implementation surface is Events and organization; integration verification, removal, and release responsibilities remain separate.",Statement/capability/phase corrected in explicit source.,03-HOW-WE-WILL-KEEP-DELETE-AND-CHANGE.md,lines 1420-1420
CAN-LAM-FOLDER-009,Events and organization,I6,WP-I6-001,CORRECTED,"Explicit semantic rewrite adds trigger, expected behavior, observable state, and failure behavior. Reviewed as Events and Manage Later work because the obligation's primary implementation surface is Events and organization; integration verification, removal, and release responsibilities remain separate.",Statement/capability/phase corrected in explicit source.,01-EVERYTHING-WE-ARE-KEEPING.md,lines 578-578
CAN-LAM-FOLDER-029,Events and organization,I6,WP-I6-010,CORRECTED,"Explicit semantic rewrite adds trigger, expected behavior, observable state, and failure behavior. Reviewed as Events and Manage Later work because the obligation's primary implementation surface is Events and organization; integration verification, removal, and release responsibilities remain separate.",Statement/capability/phase corrected in explicit source.,01-EVERYTHING-WE-ARE-KEEPING.md,lines 1133-1133
CAN-LAM-INV-EVENT-03,Events and organization,I6,WP-I6-006,CONFIRMED,"Semantically normalized from SYSTEM INVARIANT using the source clause, section, capability, current-code evidence, and final-state disposition. Reviewed as Events and Manage Later work because the obligation's primary implementation surface is Events and organization; integration verification, removal, and release responsibilities remain separate.",Complete testable statement and phase/package boundary confirmed against source provenance.,01-EVERYTHING-WE-ARE-KEEPING.md,lines 102-102
CAN-LAM-PERSON-021,Events and organization,I6,WP-I6-004,CORRECTED,"Explicit semantic rewrite adds trigger, expected behavior, observable state, and failure behavior. Reviewed as Events and Manage Later work because the obligation's primary implementation surface is Events and organization; integration verification, removal, and release responsibilities remain separate.",Statement/capability/phase corrected in explicit source.,01-EVERYTHING-WE-ARE-KEEPING.md,lines 353-353
CAN-SECTION-0045,Events and organization,I6,WP-I6-005,CORRECTED,Synthesized parent prevents list fragments from being counted as independent features while preserving their source rows as criteria. Reviewed section parent follows the majority architectural surface of its explicitly linked child criteria.,Statement/capability/phase corrected in explicit source.,01-EVERYTHING-WE-ARE-KEEPING.md,section aggregate
CAN-SECTION-0066,Events and organization,I6,WP-I6-002,CORRECTED,Synthesized parent prevents list fragments from being counted as independent features while preserving their source rows as criteria. Reviewed section parent follows the majority architectural surface of its explicitly linked child criteria.,Statement/capability/phase corrected in explicit source.,01-EVERYTHING-WE-ARE-KEEPING.md,section aggregate
CAN-SECTION-0153,Events and organization,I6,WP-I6-001,CORRECTED,Synthesized parent prevents list fragments from being counted as independent features while preserving their source rows as criteria. Reviewed section parent follows the majority architectural surface of its explicitly linked child criteria.,Statement/capability/phase corrected in explicit source.,01-EVERYTHING-WE-ARE-KEEPING.md,section aggregate
CAN-SECTION-0162,Events and organization,I5,WP-I5-010,CORRECTED,Synthesized parent prevents list fragments from being counted as independent features while preserving their source rows as criteria. Reviewed section parent follows the majority architectural surface of its explicitly linked child criteria.,Statement/capability/phase corrected in explicit source.,01-EVERYTHING-WE-ARE-KEEPING.md,section aggregate
CAN-SECTION-0222,Events and organization,I6,WP-I6-010,CORRECTED,Synthesized parent prevents list fragments from being counted as independent features while preserving their source rows as criteria. Reviewed section parent follows the majority architectural surface of its explicitly linked child criteria.,Statement/capability/phase corrected in explicit source.,01-EVERYTHING-WE-ARE-KEEPING.md,section aggregate
CAN-LAM-ARCH-094,External drives and path resilience,I12,WP-I12-003,CORRECTED,"Explicit semantic rewrite adds trigger, expected behavior, observable state, and failure behavior. Reviewed as External Drives and Filesystem Resilience work because the obligation's primary implementation surface is External drives and path resilience; integration verification, removal, and release responsibilities remain separate.",Statement/capability/phase corrected in explicit source.,01-EVERYTHING-WE-ARE-KEEPING.md,lines 721-721
CAN-LAM-ARCH-310,External drives and path resilience,I12,WP-I12-006,CORRECTED,"Explicit semantic rewrite adds trigger, expected behavior, observable state, and failure behavior. Reviewed as External Drives and Filesystem Resilience work because the obligation's primary implementation surface is External drives and path resilience; integration verification, removal, and release responsibilities remain separate.",Statement/capability/phase corrected in explicit source.,01-EVERYTHING-WE-ARE-KEEPING.md,lines 2053-2053
CAN-LAM-ARCH-312,External drives and path resilience,I12,WP-I12-001,CORRECTED,"Explicit semantic rewrite adds trigger, expected behavior, observable state, and failure behavior. Reviewed as External Drives and Filesystem Resilience work because the obligation's primary implementation surface is External drives and path resilience; integration verification, removal, and release responsibilities remain separate.",Statement/capability/phase corrected in explicit source.,01-EVERYTHING-WE-ARE-KEEPING.md,lines 2059-2059
CAN-LAM-ARCH-314,External drives and path resilience,I12,WP-I12-009,CORRECTED,"Explicit semantic rewrite adds trigger, expected behavior, observable state, and failure behavior. Reviewed as External Drives and Filesystem Resilience work because the obligation's primary implementation surface is External drives and path resilience; integration verification, removal, and release responsibilities remain separate.",Statement/capability/phase corrected in explicit source.,01-EVERYTHING-WE-ARE-KEEPING.md,lines 2069-2069
CAN-LAM-ARCH-316,External drives and path resilience,I12,WP-I12-006,CORRECTED,"Explicit semantic rewrite adds trigger, expected behavior, observable state, and failure behavior. Reviewed as External Drives and Filesystem Resilience work because the obligation's primary implementation surface is External drives and path resilience; integration verification, removal, and release responsibilities remain separate.",Statement/capability/phase corrected in explicit source.,01-EVERYTHING-WE-ARE-KEEPING.md,lines 2073-2073
CAN-LAM-ARCH-400,External drives and path resilience,I12,WP-I12-003,CORRECTED,"Explicit semantic rewrite adds trigger, expected behavior, observable state, and failure behavior. Reviewed as External Drives and Filesystem Resilience work because the obligation's primary implementation surface is External drives and path resilience; integration verification, removal, and release responsibilities remain separate.",Statement/capability/phase corrected in explicit source.,03-HOW-WE-WILL-KEEP-DELETE-AND-CHANGE.md,lines 1509-1509
CAN-LAM-ARCH-402,External drives and path resilience,I12,WP-I12-006,CORRECTED,"Explicit semantic rewrite adds trigger, expected behavior, observable state, and failure behavior. Reviewed as External Drives and Filesystem Resilience work because the obligation's primary implementation surface is External drives and path resilience; integration verification, removal, and release responsibilities remain separate.",Statement/capability/phase corrected in explicit source.,03-HOW-WE-WILL-KEEP-DELETE-AND-CHANGE.md,lines 1511-1511
CAN-LAM-ARCH-404,External drives and path resilience,I12,WP-I12-006,CORRECTED,"Explicit semantic rewrite adds trigger, expected behavior, observable state, and failure behavior. Reviewed as External Drives and Filesystem Resilience work because the obligation's primary implementation surface is External drives and path resilience; integration verification, removal, and release responsibilities remain separate.",Statement/capability/phase corrected in explicit source.,03-HOW-WE-WILL-KEEP-DELETE-AND-CHANGE.md,lines 1514-1514
CAN-LAM-ASSET-141,External drives and path resilience,I12,WP-I12-006,CORRECTED,"Explicit semantic rewrite adds trigger, expected behavior, observable state, and failure behavior. Reviewed as External Drives and Filesystem Resilience work because the obligation's primary implementation surface is External drives and path resilience; integration verification, removal, and release responsibilities remain separate.",Statement/capability/phase corrected in explicit source.,01-EVERYTHING-WE-ARE-KEEPING.md,lines 2055-2055
CAN-LAM-ASSET-193,External drives and path resilience,I12,WP-I12-006,CORRECTED,"Semantically normalized from GOVERNANCE using the source clause, section, capability, current-code evidence, and final-state disposition. Reviewed as External Drives and Filesystem Resilience work because the obligation's primary implementation surface is External drives and path resilience; integration verification, removal, and release responsibilities remain separate.",Statement/capability/phase corrected in explicit source.,03-HOW-WE-WILL-KEEP-DELETE-AND-CHANGE.md,lines 1513-1513
CAN-LAM-EDGE-05,External drives and path resilience,I12,WP-I12-005,CORRECTED,"Explicit semantic rewrite adds trigger, expected behavior, observable state, and failure behavior. Reviewed as External Drives and Filesystem Resilience work because the obligation's primary implementation surface is External drives and path resilience; integration verification, removal, and release responsibilities remain separate.",Statement/capability/phase corrected in explicit source.,01-EVERYTHING-WE-ARE-KEEPING.md,lines 252-252
CAN-LAM-EXTERNAL-001,External drives and path resilience,I12,WP-I12-004,CORRECTED,"Semantically normalized from PRODUCT using the source clause, section, capability, current-code evidence, and final-state disposition. Reviewed as External Drives and Filesystem Resilience work because the obligation's primary implementation surface is External drives and path resilience; integration verification, removal, and release responsibilities remain separate.",Statement/capability/phase corrected in explicit source.,01-EVERYTHING-WE-ARE-KEEPING.md,lines 78-78
CAN-LAM-FOLDER-046,External drives and path resilience,I12,WP-I12-006,CORRECTED,"Explicit semantic rewrite adds trigger, expected behavior, observable state, and failure behavior. Reviewed as External Drives and Filesystem Resilience work because the obligation's primary implementation surface is External drives and path resilience; integration verification, removal, and release responsibilities remain separate.",Statement/capability/phase corrected in explicit source.,01-EVERYTHING-WE-ARE-KEEPING.md,lines 2056-2056
CAN-LAM-FOLDER-048,External drives and path resilience,I12,WP-I12-002,CORRECTED,"Explicit semantic rewrite adds trigger, expected behavior, observable state, and failure behavior. Reviewed as External Drives and Filesystem Resilience work because the obligation's primary implementation surface is External drives and path resilience; integration verification, removal, and release responsibilities remain separate.",Statement/capability/phase corrected in explicit source.,01-EVERYTHING-WE-ARE-KEEPING.md,lines 2062-2062
CAN-LAM-FOLDER-052,External drives and path resilience,I12,WP-I12-003,CORRECTED,"Explicit semantic rewrite adds trigger, expected behavior, observable state, and failure behavior. Reviewed as External Drives and Filesystem Resilience work because the obligation's primary implementation surface is External drives and path resilience; integration verification, removal, and release responsibilities remain separate.",Statement/capability/phase corrected in explicit source.,01-EVERYTHING-WE-ARE-KEEPING.md,lines 2216-2216
CAN-LAM-FOLDER-072,External drives and path resilience,I12,WP-I12-008,CORRECTED,"Explicit semantic rewrite adds trigger, expected behavior, observable state, and failure behavior. Reviewed as External Drives and Filesystem Resilience work because the obligation's primary implementation surface is External drives and path resilience; integration verification, removal, and release responsibilities remain separate.",Statement/capability/phase corrected in explicit source.,03-HOW-WE-WILL-KEEP-DELETE-AND-CHANGE.md,lines 1516-1516
CAN-LAM-GOV-054,External drives and path resilience,I12,WP-I12-008,CORRECTED,"Semantically normalized from PRODUCT using the source clause, section, capability, current-code evidence, and final-state disposition. Reviewed as External Drives and Filesystem Resilience work because the obligation's primary implementation surface is External drives and path resilience; integration verification, removal, and release responsibilities remain separate.",Statement/capability/phase corrected in explicit source.,03-HOW-WE-WILL-KEEP-DELETE-AND-CHANGE.md,lines 115-115
CAN-LAM-META-072,External drives and path resilience,I12,WP-I12-005,CORRECTED,"Semantically normalized from GOVERNANCE using the source clause, section, capability, current-code evidence, and final-state disposition. Reviewed as External Drives and Filesystem Resilience work because the obligation's primary implementation surface is External drives and path resilience; integration verification, removal, and release responsibilities remain separate.",Statement/capability/phase corrected in explicit source.,03-HOW-WE-WILL-KEEP-DELETE-AND-CHANGE.md,lines 1515-1515
CAN-SECTION-0101,External drives and path resilience,I12,WP-I12-006,CORRECTED,Synthesized parent prevents list fragments from being counted as independent features while preserving their source rows as criteria. Reviewed section parent follows the majority architectural surface of its explicitly linked child criteria.,Statement/capability/phase corrected in explicit source.,01-EVERYTHING-WE-ARE-KEEPING.md,section aggregate
CAN-SECTION-0179,External drives and path resilience,I12,WP-I12-003,CORRECTED,Synthesized parent prevents list fragments from being counted as independent features while preserving their source rows as criteria. Reviewed section parent follows the majority architectural surface of its explicitly linked child criteria.,Statement/capability/phase corrected in explicit source.,01-EVERYTHING-WE-ARE-KEEPING.md,section aggregate
CAN-LAM-ARCH-021,Filesystem transactions and recovery,I3,WP-I3-001,CORRECTED,"Explicit semantic rewrite adds trigger, expected behavior, observable state, and failure behavior. Reviewed as Authoritative Data and Transaction Foundation work because the obligation's primary implementation surface is Filesystem transactions and recovery; integration verification, removal, and release responsibilities remain separate.",Statement/capability/phase corrected in explicit source.,01-EVERYTHING-WE-ARE-KEEPING.md,lines 131-131
CAN-LAM-ARCH-280,Filesystem transactions and recovery,I3,WP-I3-011,CORRECTED,"Explicit semantic rewrite adds trigger, expected behavior, observable state, and failure behavior. Reviewed as Authoritative Data and Transaction Foundation work because the obligation's primary implementation surface is Filesystem transactions and recovery; integration verification, removal, and release responsibilities remain separate.",Statement/capability/phase corrected in explicit source.,01-EVERYTHING-WE-ARE-KEEPING.md,lines 1873-1873
CAN-LAM-ARCH-282,Filesystem transactions and recovery,I3,WP-I3-014,CORRECTED,"Explicit semantic rewrite adds trigger, expected behavior, observable state, and failure behavior. Reviewed as Authoritative Data and Transaction Foundation work because the obligation's primary implementation surface is Filesystem transactions and recovery; integration verification, removal, and release responsibilities remain separate.",Statement/capability/phase corrected in explicit source.,01-EVERYTHING-WE-ARE-KEEPING.md,lines 1880-1880
CAN-LAM-ASSET-044,Filesystem transactions and recovery,I3,WP-I3-009,CORRECTED,"Semantically normalized from PRODUCT using the source clause, section, capability, current-code evidence, and final-state disposition. Reviewed as Authoritative Data and Transaction Foundation work because the obligation's primary implementation surface is Filesystem transactions and recovery; integration verification, removal, and release responsibilities remain separate.",Statement/capability/phase corrected in explicit source.,01-EVERYTHING-WE-ARE-KEEPING.md,lines 494-494
CAN-LAM-ASSET-125,Filesystem transactions and recovery,I3,WP-I3-010,CORRECTED,"Explicit semantic rewrite adds trigger, expected behavior, observable state, and failure behavior. Reviewed as Authoritative Data and Transaction Foundation work because the obligation's primary implementation surface is Filesystem transactions and recovery; integration verification, removal, and release responsibilities remain separate.",Statement/capability/phase corrected in explicit source.,01-EVERYTHING-WE-ARE-KEEPING.md,lines 1865-1865
CAN-LAM-EVENT-011,Filesystem transactions and recovery,I3,WP-I3-001,CORRECTED,"Semantically normalized from PRODUCT using the source clause, section, capability, current-code evidence, and final-state disposition. Reviewed as Authoritative Data and Transaction Foundation work because the obligation's primary implementation surface is Filesystem transactions and recovery; integration verification, removal, and release responsibilities remain separate.",Statement/capability/phase corrected in explicit source.,01-EVERYTHING-WE-ARE-KEEPING.md,lines 540-540
CAN-LAM-FOLDER-037,Filesystem transactions and recovery,I3,WP-I3-011,CORRECTED,"Explicit semantic rewrite adds trigger, expected behavior, observable state, and failure behavior. Reviewed as Authoritative Data and Transaction Foundation work because the obligation's primary implementation surface is Filesystem transactions and recovery; integration verification, removal, and release responsibilities remain separate.",Statement/capability/phase corrected in explicit source.,01-EVERYTHING-WE-ARE-KEEPING.md,lines 1870-1870
CAN-LAM-FOLDER-040,Filesystem transactions and recovery,I3,WP-I3-011,CORRECTED,"Explicit semantic rewrite adds trigger, expected behavior, observable state, and failure behavior. Reviewed as Authoritative Data and Transaction Foundation work because the obligation's primary implementation surface is Filesystem transactions and recovery; integration verification, removal, and release responsibilities remain separate.",Statement/capability/phase corrected in explicit source.,01-EVERYTHING-WE-ARE-KEEPING.md,lines 1879-1879
CAN-LAM-GOV-071,Filesystem transactions and recovery,I3,WP-I3-001,CORRECTED,"Explicit semantic rewrite adds trigger, expected behavior, observable state, and failure behavior. Reviewed as Authoritative Data and Transaction Foundation work because the obligation's primary implementation surface is Filesystem transactions and recovery; integration verification, removal, and release responsibilities remain separate.",Statement/capability/phase corrected in explicit source.,03-HOW-WE-WILL-KEEP-DELETE-AND-CHANGE.md,lines 194-194
CAN-LAM-GOV-249,Filesystem transactions and recovery,I3,WP-I3-001,CORRECTED,"Explicit semantic rewrite adds trigger, expected behavior, observable state, and failure behavior. Reviewed as Authoritative Data and Transaction Foundation work because the obligation's primary implementation surface is Filesystem transactions and recovery; integration verification, removal, and release responsibilities remain separate.",Statement/capability/phase corrected in explicit source.,03-HOW-WE-WILL-KEEP-DELETE-AND-CHANGE.md,lines 1046-1046
CAN-LAM-GOV-255,Filesystem transactions and recovery,I3,WP-I3-011,CORRECTED,"Semantically normalized from PRODUCT using the source clause, section, capability, current-code evidence, and final-state disposition. Reviewed as Authoritative Data and Transaction Foundation work because the obligation's primary implementation surface is Filesystem transactions and recovery; integration verification, removal, and release responsibilities remain separate.",Statement/capability/phase corrected in explicit source.,03-HOW-WE-WILL-KEEP-DELETE-AND-CHANGE.md,lines 1086-1086
CAN-LAM-GOV-257,Filesystem transactions and recovery,I3,WP-I3-010,CORRECTED,"Explicit semantic rewrite adds trigger, expected behavior, observable state, and failure behavior. Reviewed as Authoritative Data and Transaction Foundation work because the obligation's primary implementation surface is Filesystem transactions and recovery; integration verification, removal, and release responsibilities remain separate.",Statement/capability/phase corrected in explicit source.,03-HOW-WE-WILL-KEEP-DELETE-AND-CHANGE.md,lines 1088-1088
CAN-LAM-META-009,Filesystem transactions and recovery,I3,WP-I3-001,CORRECTED,"Explicit semantic rewrite adds trigger, expected behavior, observable state, and failure behavior. Reviewed as Authoritative Data and Transaction Foundation work because the obligation's primary implementation surface is Filesystem transactions and recovery; integration verification, removal, and release responsibilities remain separate.",Statement/capability/phase corrected in explicit source.,01-EVERYTHING-WE-ARE-KEEPING.md,lines 148-148
CAN-LAM-META-046,Filesystem transactions and recovery,I3,WP-I3-008,CORRECTED,"Explicit semantic rewrite adds trigger, expected behavior, observable state, and failure behavior. Reviewed as Authoritative Data and Transaction Foundation work because the obligation's primary implementation surface is Filesystem transactions and recovery; integration verification, removal, and release responsibilities remain separate.",Statement/capability/phase corrected in explicit source.,01-EVERYTHING-WE-ARE-KEEPING.md,lines 2022-2022
CAN-LAM-TRANSACTION-011,Filesystem transactions and recovery,I3,WP-I3-012,CORRECTED,"Semantically normalized from GOVERNANCE using the source clause, section, capability, current-code evidence, and final-state disposition. Reviewed as Authoritative Data and Transaction Foundation work because the obligation's primary implementation surface is Filesystem transactions and recovery; integration verification, removal, and release responsibilities remain separate.",Statement/capability/phase corrected in explicit source.,03-HOW-WE-WILL-KEEP-DELETE-AND-CHANGE.md,lines 1397-1397
CAN-SECTION-0093,Filesystem transactions and recovery,I3,WP-I3-011,CORRECTED,Synthesized parent prevents list fragments from being counted as independent features while preserving their source rows as criteria. Reviewed section parent follows the majority architectural surface of its explicitly linked child criteria.,Statement/capability/phase corrected in explicit source.,01-EVERYTHING-WE-ARE-KEEPING.md,section aggregate
CAN-SECTION-0133,Filesystem transactions and recovery,I3,WP-I3-011,CORRECTED,Synthesized parent prevents list fragments from being counted as independent features while preserving their source rows as criteria. Reviewed section parent follows the majority architectural surface of its explicitly linked child criteria.,Statement/capability/phase corrected in explicit source.,01-EVERYTHING-WE-ARE-KEEPING.md,section aggregate
CAN-SECTION-0190,Filesystem transactions and recovery,I3,WP-I3-001,CORRECTED,Synthesized parent prevents list fragments from being counted as independent features while preserving their source rows as criteria. Reviewed section parent follows the majority architectural surface of its explicitly linked child criteria.,Statement/capability/phase corrected in explicit source.,03-HOW-WE-WILL-KEEP-DELETE-AND-CHANGE.md,section aggregate
CAN-SECTION-0198,Filesystem transactions and recovery,I3,WP-I3-001,CORRECTED,Synthesized parent prevents list fragments from being counted as independent features while preserving their source rows as criteria. Reviewed section parent follows the majority architectural surface of its explicitly linked child criteria.,Statement/capability/phase corrected in explicit source.,01-EVERYTHING-WE-ARE-KEEPING.md,section aggregate
CAN-SECTION-0206,Filesystem transactions and recovery,I3,WP-I3-008,CORRECTED,Synthesized parent prevents list fragments from being counted as independent features while preserving their source rows as criteria. Reviewed section parent follows the majority architectural surface of its explicitly linked child criteria.,Statement/capability/phase corrected in explicit source.,01-EVERYTHING-WE-ARE-KEEPING.md,section aggregate
CAN-LAM-ARCH-028,Gallery and timeline,I5,WP-I5-006,CORRECTED,"Explicit semantic rewrite adds trigger, expected behavior, observable state, and failure behavior. Reviewed as Offline Library Experience work because the obligation's primary implementation surface is Gallery and timeline; integration verification, removal, and release responsibilities remain separate.",Statement/capability/phase corrected in explicit source.,01-EVERYTHING-WE-ARE-KEEPING.md,lines 296-296
CAN-LAM-ARCH-062,Gallery and timeline,I5,WP-I5-002,CORRECTED,"Explicit semantic rewrite adds trigger, expected behavior, observable state, and failure behavior. Reviewed as Offline Library Experience work because the obligation's primary implementation surface is Gallery and timeline; integration verification, removal, and release responsibilities remain separate.",Statement/capability/phase corrected in explicit source.,01-EVERYTHING-WE-ARE-KEEPING.md,lines 652-652
CAN-LAM-ARCH-063,Gallery and timeline,I5,WP-I5-002,CORRECTED,"Explicit semantic rewrite adds trigger, expected behavior, observable state, and failure behavior. Reviewed as Offline Library Experience work because the obligation's primary implementation surface is Gallery and timeline; integration verification, removal, and release responsibilities remain separate.",Statement/capability/phase corrected in explicit source.,01-EVERYTHING-WE-ARE-KEEPING.md,lines 653-653
CAN-LAM-ARCH-065,Gallery and timeline,I5,WP-I5-005,CORRECTED,"Explicit semantic rewrite adds trigger, expected behavior, observable state, and failure behavior. Reviewed as Offline Library Experience work because the obligation's primary implementation surface is Gallery and timeline; integration verification, removal, and release responsibilities remain separate.",Statement/capability/phase corrected in explicit source.,01-EVERYTHING-WE-ARE-KEEPING.md,lines 655-655
CAN-LAM-ARCH-067,Gallery and timeline,I5,WP-I5-010,CORRECTED,"Explicit semantic rewrite adds trigger, expected behavior, observable state, and failure behavior. Reviewed as Offline Library Experience work because the obligation's primary implementation surface is Gallery and timeline; integration verification, removal, and release responsibilities remain separate.",Statement/capability/phase corrected in explicit source.,01-EVERYTHING-WE-ARE-KEEPING.md,lines 662-662
CAN-LAM-ARCH-068,Gallery and timeline,I5,WP-I5-002,CONFIRMED,"Semantically normalized from PRODUCT using the source clause, section, capability, current-code evidence, and final-state disposition. Reviewed as Offline Library Experience work because the obligation's primary implementation surface is Gallery and timeline; integration verification, removal, and release responsibilities remain separate.",Complete testable statement and phase/package boundary confirmed against source provenance.,01-EVERYTHING-WE-ARE-KEEPING.md,lines 666-666
CAN-LAM-ARCH-236,Gallery and timeline,I5,WP-I5-006,CORRECTED,"Explicit semantic rewrite adds trigger, expected behavior, observable state, and failure behavior. Reviewed as Offline Library Experience work because the obligation's primary implementation surface is Gallery and timeline; integration verification, removal, and release responsibilities remain separate.",Statement/capability/phase corrected in explicit source.,01-EVERYTHING-WE-ARE-KEEPING.md,lines 1720-1720
CAN-LAM-ARCH-318,Gallery and timeline,I14,WP-I14-003,CORRECTED,"Explicit semantic rewrite adds trigger, expected behavior, observable state, and failure behavior. Reviewed as Performance, Accessibility, and Desktop UX work because the obligation's primary implementation surface is Gallery and timeline; integration verification, removal, and release responsibilities remain separate.",Statement/capability/phase corrected in explicit source.,01-EVERYTHING-WE-ARE-KEEPING.md,lines 2113-2113
CAN-LAM-ARCH-332,Gallery and timeline,I5,WP-I5-001,CORRECTED,"Explicit semantic rewrite adds trigger, expected behavior, observable state, and failure behavior. Reviewed as Offline Library Experience work because the obligation's primary implementation surface is Gallery and timeline; integration verification, removal, and release responsibilities remain separate.",Statement/capability/phase corrected in explicit source.,01-EVERYTHING-WE-ARE-KEEPING.md,lines 2153-2153
CAN-LAM-ASSET-055,Gallery and timeline,I5,WP-I5-004,CORRECTED,"Explicit semantic rewrite adds trigger, expected behavior, observable state, and failure behavior. Reviewed as Offline Library Experience work because the obligation's primary implementation surface is Gallery and timeline; integration verification, removal, and release responsibilities remain separate.",Statement/capability/phase corrected in explicit source.,01-EVERYTHING-WE-ARE-KEEPING.md,lines 650-650
CAN-LAM-ASSET-056,Gallery and timeline,I5,WP-I5-002,CORRECTED,"Explicit semantic rewrite adds trigger, expected behavior, observable state, and failure behavior. Reviewed as Offline Library Experience work because the obligation's primary implementation surface is Gallery and timeline; integration verification, removal, and release responsibilities remain separate.",Statement/capability/phase corrected in explicit source.,01-EVERYTHING-WE-ARE-KEEPING.md,lines 664-664
CAN-LAM-FOLDER-012,Gallery and timeline,I5,WP-I5-002,CORRECTED,"Explicit semantic rewrite adds trigger, expected behavior, observable state, and failure behavior. Reviewed as Offline Library Experience work because the obligation's primary implementation surface is Gallery and timeline; integration verification, removal, and release responsibilities remain separate.",Statement/capability/phase corrected in explicit source.,01-EVERYTHING-WE-ARE-KEEPING.md,lines 657-657
CAN-LAM-SEARCH-008,Gallery and timeline,I5,WP-I5-006,CORRECTED,"Explicit semantic rewrite adds trigger, expected behavior, observable state, and failure behavior. Reviewed as Offline Library Experience work because the obligation's primary implementation surface is Gallery and timeline; integration verification, removal, and release responsibilities remain separate.",Statement/capability/phase corrected in explicit source.,01-EVERYTHING-WE-ARE-KEEPING.md,lines 1722-1722
CAN-LAM-UI-002,Gallery and timeline,I5,WP-I5-006,CONFIRMED,"Semantically normalized from PRODUCT using the source clause, section, capability, current-code evidence, and final-state disposition. Reviewed as Offline Library Experience work because the obligation's primary implementation surface is Gallery and timeline; integration verification, removal, and release responsibilities remain separate.",Complete testable statement and phase/package boundary confirmed against source provenance.,01-EVERYTHING-WE-ARE-KEEPING.md,lines 67-67
CAN-MISSION-I14-002,Gallery and timeline,I14,WP-I14-008,CONFIRMED,"Synthesized directly from the binding repair mission; adds the explicitly mandated I0/I14/I15 prerequisite absent from the extracted Master-Plan row registry. Reviewed as Performance, Accessibility, and Desktop UX work because the obligation's primary implementation surface is Gallery and timeline; integration verification, removal, and release responsibilities remain separate.",Complete testable statement and phase/package boundary confirmed against source provenance.,LAMHA ONE-SHOT SEMANTIC PLANNING REPAIR MISSION,attached mission
CAN-MISSION-I14-003,Gallery and timeline,I14,WP-I14-005,CONFIRMED,"Synthesized directly from the binding repair mission; adds the explicitly mandated I0/I14/I15 prerequisite absent from the extracted Master-Plan row registry. Reviewed as Performance, Accessibility, and Desktop UX work because the obligation's primary implementation surface is Gallery and timeline; integration verification, removal, and release responsibilities remain separate.",Complete testable statement and phase/package boundary confirmed against source provenance.,LAMHA ONE-SHOT SEMANTIC PLANNING REPAIR MISSION,attached mission
CAN-SECTION-0035,Gallery and timeline,I5,WP-I5-006,CORRECTED,Synthesized parent prevents list fragments from being counted as independent features while preserving their source rows as criteria. Reviewed section parent follows the majority architectural surface of its explicitly linked child criteria.,Statement/capability/phase corrected in explicit source.,01-EVERYTHING-WE-ARE-KEEPING.md,section aggregate
CAN-SECTION-0083,Gallery and timeline,I5,WP-I5-006,CORRECTED,Synthesized parent prevents list fragments from being counted as independent features while preserving their source rows as criteria. Reviewed section parent follows the majority architectural surface of its explicitly linked child criteria.,Statement/capability/phase corrected in explicit source.,01-EVERYTHING-WE-ARE-KEEPING.md,section aggregate
CAN-SECTION-0103,Gallery and timeline,I14,WP-I14-003,CORRECTED,Synthesized parent prevents list fragments from being counted as independent features while preserving their source rows as criteria. Reviewed section parent follows the majority architectural surface of its explicitly linked child criteria.,Statement/capability/phase corrected in explicit source.,01-EVERYTHING-WE-ARE-KEEPING.md,section aggregate
CAN-SECTION-0108,Gallery and timeline,I14,WP-I14-003,CORRECTED,Synthesized parent prevents list fragments from being counted as independent features while preserving their source rows as criteria. Reviewed section parent follows the majority architectural surface of its explicitly linked child criteria.,Statement/capability/phase corrected in explicit source.,01-EVERYTHING-WE-ARE-KEEPING.md,section aggregate
CAN-LAM-AI-031,Jobs and notifications,I10,WP-I10-006,CORRECTED,"Explicit semantic rewrite adds trigger, expected behavior, observable state, and failure behavior. Reviewed as Local AI, Search, and Duplicates work because the obligation's primary implementation surface is Jobs and notifications; integration verification, removal, and release responsibilities remain separate.",Statement/capability/phase corrected in explicit source.,01-EVERYTHING-WE-ARE-KEEPING.md,lines 1617-1617
CAN-LAM-ARCH-030,Jobs and notifications,I10,WP-I10-006,CORRECTED,"Explicit semantic rewrite adds trigger, expected behavior, observable state, and failure behavior. Reviewed as Local AI, Search, and Duplicates work because the obligation's primary implementation surface is Jobs and notifications; integration verification, removal, and release responsibilities remain separate.",Statement/capability/phase corrected in explicit source.,01-EVERYTHING-WE-ARE-KEEPING.md,lines 298-298
CAN-LAM-ARCH-141,Jobs and notifications,I10,WP-I10-008,CORRECTED,"Explicit semantic rewrite adds trigger, expected behavior, observable state, and failure behavior. Reviewed as Local AI, Search, and Duplicates work because the obligation's primary implementation surface is Jobs and notifications; integration verification, removal, and release responsibilities remain separate.",Statement/capability/phase corrected in explicit source.,01-EVERYTHING-WE-ARE-KEEPING.md,lines 1094-1094
CAN-LAM-ARCH-223,Jobs and notifications,I10,WP-I10-001,CONFIRMED,"Semantically normalized from PRODUCT using the source clause, section, capability, current-code evidence, and final-state disposition. Reviewed as Local AI, Search, and Duplicates work because the obligation's primary implementation surface is Jobs and notifications; integration verification, removal, and release responsibilities remain separate.",Complete testable statement and phase/package boundary confirmed against source provenance.,01-EVERYTHING-WE-ARE-KEEPING.md,lines 1667-1667
CAN-LAM-ARCH-269,Jobs and notifications,I5,WP-I5-010,CORRECTED,"Explicit semantic rewrite adds trigger, expected behavior, observable state, and failure behavior. Reviewed as Offline Library Experience work because the obligation's primary implementation surface is Jobs and notifications; integration verification, removal, and release responsibilities remain separate.",Statement/capability/phase corrected in explicit source.,01-EVERYTHING-WE-ARE-KEEPING.md,lines 1809-1809
CAN-LAM-ARCH-325,Jobs and notifications,I14,WP-I14-009,CORRECTED,"Explicit semantic rewrite adds trigger, expected behavior, observable state, and failure behavior. Reviewed as Performance, Accessibility, and Desktop UX work because the obligation's primary implementation surface is Jobs and notifications; integration verification, removal, and release responsibilities remain separate.",Statement/capability/phase corrected in explicit source.,01-EVERYTHING-WE-ARE-KEEPING.md,lines 2124-2124
CAN-LAM-ARCH-326,Jobs and notifications,I14,WP-I14-009,CORRECTED,"Explicit semantic rewrite adds trigger, expected behavior, observable state, and failure behavior. Reviewed as Performance, Accessibility, and Desktop UX work because the obligation's primary implementation surface is Jobs and notifications; integration verification, removal, and release responsibilities remain separate.",Statement/capability/phase corrected in explicit source.,01-EVERYTHING-WE-ARE-KEEPING.md,lines 2125-2125
CAN-LAM-ARCH-409,Jobs and notifications,I14,WP-I14-005,CORRECTED,"Explicit semantic rewrite adds trigger, expected behavior, observable state, and failure behavior. Reviewed as Performance, Accessibility, and Desktop UX work because the obligation's primary implementation surface is Jobs and notifications; integration verification, removal, and release responsibilities remain separate.",Statement/capability/phase corrected in explicit source.,03-HOW-WE-WILL-KEEP-DELETE-AND-CHANGE.md,lines 1541-1541
CAN-LAM-INV-AI-01,Jobs and notifications,I10,WP-I10-002,CONFIRMED,"Semantically normalized from SYSTEM INVARIANT using the source clause, section, capability, current-code evidence, and final-state disposition. Reviewed as Local AI, Search, and Duplicates work because the obligation's primary implementation surface is Jobs and notifications; integration verification, removal, and release responsibilities remain separate.",Complete testable statement and phase/package boundary confirmed against source provenance.,01-EVERYTHING-WE-ARE-KEEPING.md,lines 110-110
CAN-SECTION-0020,Jobs and notifications,I10,WP-I10-006,CORRECTED,Synthesized parent prevents list fragments from being counted as independent features while preserving their source rows as criteria. Reviewed section parent follows the majority architectural surface of its explicitly linked child criteria.,Statement/capability/phase corrected in explicit source.,01-EVERYTHING-WE-ARE-KEEPING.md,section aggregate
CAN-SECTION-0037,Jobs and notifications,I10,WP-I10-006,CORRECTED,Synthesized parent prevents list fragments from being counted as independent features while preserving their source rows as criteria. Reviewed section parent follows the majority architectural surface of its explicitly linked child criteria.,Statement/capability/phase corrected in explicit source.,01-EVERYTHING-WE-ARE-KEEPING.md,section aggregate
CAN-SECTION-0062,Jobs and notifications,I10,WP-I10-008,CORRECTED,Synthesized parent prevents list fragments from being counted as independent features while preserving their source rows as criteria. Reviewed section parent follows the majority architectural surface of its explicitly linked child criteria.,Statement/capability/phase corrected in explicit source.,01-EVERYTHING-WE-ARE-KEEPING.md,section aggregate
CAN-SECTION-0090,Jobs and notifications,I5,WP-I5-010,CORRECTED,Synthesized parent prevents list fragments from being counted as independent features while preserving their source rows as criteria. Reviewed section parent follows the majority architectural surface of its explicitly linked child criteria.,Statement/capability/phase corrected in explicit source.,01-EVERYTHING-WE-ARE-KEEPING.md,section aggregate
CAN-SECTION-0105,Jobs and notifications,I14,WP-I14-009,CORRECTED,Synthesized parent prevents list fragments from being counted as independent features while preserving their source rows as criteria. Reviewed section parent follows the majority architectural surface of its explicitly linked child criteria.,Statement/capability/phase corrected in explicit source.,01-EVERYTHING-WE-ARE-KEEPING.md,section aggregate
CAN-LAM-AI-048,Legal and rebranding,I1,WP-I1-005,CORRECTED,"Explicit semantic rewrite adds trigger, expected behavior, observable state, and failure behavior. Reviewed as Identity, Branding, and Legal Foundation work because the obligation's primary implementation surface is Legal and rebranding; integration verification, removal, and release responsibilities remain separate.",Statement/capability/phase corrected in explicit source.,01-EVERYTHING-WE-ARE-KEEPING.md,lines 2231-2231
CAN-LAM-ARCH-001,Legal and rebranding,I1,WP-I1-001,CORRECTED,"Explicit semantic rewrite adds trigger, expected behavior, observable state, and failure behavior. Reviewed as Identity, Branding, and Legal Foundation work because the obligation's primary implementation surface is Legal and rebranding; integration verification, removal, and release responsibilities remain separate.",Statement/capability/phase corrected in explicit source.,01-EVERYTHING-WE-ARE-KEEPING.md,lines 5-5
CAN-LAM-ARCH-349,Legal and rebranding,I1,WP-I1-005,CORRECTED,"Explicit semantic rewrite adds trigger, expected behavior, observable state, and failure behavior. Reviewed as Identity, Branding, and Legal Foundation work because the obligation's primary implementation surface is Legal and rebranding; integration verification, removal, and release responsibilities remain separate.",Statement/capability/phase corrected in explicit source.,01-EVERYTHING-WE-ARE-KEEPING.md,lines 2228-2228
CAN-LAM-ARCH-351,Legal and rebranding,I1,WP-I1-005,CORRECTED,"Explicit semantic rewrite adds trigger, expected behavior, observable state, and failure behavior. Reviewed as Identity, Branding, and Legal Foundation work because the obligation's primary implementation surface is Legal and rebranding; integration verification, removal, and release responsibilities remain separate.",Statement/capability/phase corrected in explicit source.,01-EVERYTHING-WE-ARE-KEEPING.md,lines 2232-2232
CAN-LAM-ARCH-434,Legal and rebranding,I1,WP-I1-001,CORRECTED,"Explicit semantic rewrite adds trigger, expected behavior, observable state, and failure behavior. Reviewed as Identity, Branding, and Legal Foundation work because the obligation's primary implementation surface is Legal and rebranding; integration verification, removal, and release responsibilities remain separate.",Statement/capability/phase corrected in explicit source.,03-HOW-WE-WILL-KEEP-DELETE-AND-CHANGE.md,lines 1772-1772
CAN-LAM-ARCH-435,Legal and rebranding,I1,WP-I1-004,CORRECTED,"Explicit semantic rewrite adds trigger, expected behavior, observable state, and failure behavior. Reviewed as Identity, Branding, and Legal Foundation work because the obligation's primary implementation surface is Legal and rebranding; integration verification, removal, and release responsibilities remain separate.",Statement/capability/phase corrected in explicit source.,03-HOW-WE-WILL-KEEP-DELETE-AND-CHANGE.md,lines 1773-1773
CAN-LAM-ARCH-437,Legal and rebranding,I1,WP-I1-003,CORRECTED,"Explicit semantic rewrite adds trigger, expected behavior, observable state, and failure behavior. Reviewed as Identity, Branding, and Legal Foundation work because the obligation's primary implementation surface is Legal and rebranding; integration verification, removal, and release responsibilities remain separate.",Statement/capability/phase corrected in explicit source.,03-HOW-WE-WILL-KEEP-DELETE-AND-CHANGE.md,lines 1775-1775
CAN-LAM-ARCH-439,Legal and rebranding,I1,WP-I1-001,CORRECTED,"Explicit semantic rewrite adds trigger, expected behavior, observable state, and failure behavior. Reviewed as Identity, Branding, and Legal Foundation work because the obligation's primary implementation surface is Legal and rebranding; integration verification, removal, and release responsibilities remain separate.",Statement/capability/phase corrected in explicit source.,03-HOW-WE-WILL-KEEP-DELETE-AND-CHANGE.md,lines 1777-1777
CAN-LAM-ARCH-440,Legal and rebranding,I1,WP-I1-002,CORRECTED,"Explicit semantic rewrite adds trigger, expected behavior, observable state, and failure behavior. Reviewed as Identity, Branding, and Legal Foundation work because the obligation's primary implementation surface is Legal and rebranding; integration verification, removal, and release responsibilities remain separate.",Statement/capability/phase corrected in explicit source.,03-HOW-WE-WILL-KEEP-DELETE-AND-CHANGE.md,lines 1778-1778
CAN-LAM-ARCH-442,Legal and rebranding,I1,WP-I1-001,CORRECTED,"Explicit semantic rewrite adds trigger, expected behavior, observable state, and failure behavior. Reviewed as Identity, Branding, and Legal Foundation work because the obligation's primary implementation surface is Legal and rebranding; integration verification, removal, and release responsibilities remain separate.",Statement/capability/phase corrected in explicit source.,03-HOW-WE-WILL-KEEP-DELETE-AND-CHANGE.md,lines 1782-1782
CAN-LAM-ASSET-148,Legal and rebranding,I1,WP-I1-005,CORRECTED,"Explicit semantic rewrite adds trigger, expected behavior, observable state, and failure behavior. Reviewed as Identity, Branding, and Legal Foundation work because the obligation's primary implementation surface is Legal and rebranding; integration verification, removal, and release responsibilities remain separate.",Statement/capability/phase corrected in explicit source.,01-EVERYTHING-WE-ARE-KEEPING.md,lines 2234-2234
CAN-LAM-EDIT-007,Legal and rebranding,I1,WP-I1-005,CORRECTED,"Explicit semantic rewrite adds trigger, expected behavior, observable state, and failure behavior. Reviewed as Identity, Branding, and Legal Foundation work because the obligation's primary implementation surface is Legal and rebranding; integration verification, removal, and release responsibilities remain separate.",Statement/capability/phase corrected in explicit source.,01-EVERYTHING-WE-ARE-KEEPING.md,lines 2235-2235
CAN-LAM-GOV-065,Legal and rebranding,I1,WP-I1-002,CORRECTED,"Explicit semantic rewrite adds trigger, expected behavior, observable state, and failure behavior. Reviewed as Identity, Branding, and Legal Foundation work because the obligation's primary implementation surface is Legal and rebranding; integration verification, removal, and release responsibilities remain separate.",Statement/capability/phase corrected in explicit source.,03-HOW-WE-WILL-KEEP-DELETE-AND-CHANGE.md,lines 151-151
CAN-LAM-LEGAL-002,Legal and rebranding,I1,WP-I1-005,CORRECTED,"Explicit semantic rewrite adds trigger, expected behavior, observable state, and failure behavior. Reviewed as Identity, Branding, and Legal Foundation work because the obligation's primary implementation surface is Legal and rebranding; integration verification, removal, and release responsibilities remain separate.",Statement/capability/phase corrected in explicit source.,01-EVERYTHING-WE-ARE-KEEPING.md,lines 2229-2229
CAN-LAM-LEGAL-013,Legal and rebranding,I1,WP-I1-005,CORRECTED,"Explicit semantic rewrite adds trigger, expected behavior, observable state, and failure behavior. Reviewed as Identity, Branding, and Legal Foundation work because the obligation's primary implementation surface is Legal and rebranding; integration verification, removal, and release responsibilities remain separate.",Statement/capability/phase corrected in explicit source.,03-HOW-WE-WILL-KEEP-DELETE-AND-CHANGE.md,lines 1762-1762
CAN-LAM-LEGAL-014,Legal and rebranding,I1,WP-I1-002,CORRECTED,"Explicit semantic rewrite adds trigger, expected behavior, observable state, and failure behavior. Reviewed as Identity, Branding, and Legal Foundation work because the obligation's primary implementation surface is Legal and rebranding; integration verification, removal, and release responsibilities remain separate.",Statement/capability/phase corrected in explicit source.,03-HOW-WE-WILL-KEEP-DELETE-AND-CHANGE.md,lines 1785-1785
CAN-SECTION-0027,Legal and rebranding,I1,WP-I1-005,CORRECTED,Synthesized parent prevents list fragments from being counted as independent features while preserving their source rows as criteria. Reviewed section parent follows the majority architectural surface of its explicitly linked child criteria.,Statement/capability/phase corrected in explicit source.,01-EVERYTHING-WE-ARE-KEEPING.md,section aggregate
CAN-SECTION-0030,Legal and rebranding,I1,WP-I1-001,CORRECTED,Synthesized parent prevents list fragments from being counted as independent features while preserving their source rows as criteria. Reviewed section parent follows the majority architectural surface of its explicitly linked child criteria.,Statement/capability/phase corrected in explicit source.,01-EVERYTHING-WE-ARE-KEEPING.md,section aggregate
CAN-SECTION-0110,Legal and rebranding,I1,WP-I1-005,CORRECTED,Synthesized parent prevents list fragments from being counted as independent features while preserving their source rows as criteria. Reviewed section parent follows the majority architectural surface of its explicitly linked child criteria.,Statement/capability/phase corrected in explicit source.,01-EVERYTHING-WE-ARE-KEEPING.md,section aggregate
CAN-SECTION-0139,Legal and rebranding,I1,WP-I1-005,CORRECTED,Synthesized parent prevents list fragments from being counted as independent features while preserving their source rows as criteria. Reviewed section parent follows the majority architectural surface of its explicitly linked child criteria.,Statement/capability/phase corrected in explicit source.,03-HOW-WE-WILL-KEEP-DELETE-AND-CHANGE.md,section aggregate
CAN-LAM-ARCH-147,Libraries and storage,I4,WP-I4-010,CORRECTED,"Explicit semantic rewrite adds trigger, expected behavior, observable state, and failure behavior. Reviewed as Media Discovery and Derived Index work because the obligation's primary implementation surface is Libraries and storage; integration verification, removal, and release responsibilities remain separate.",Statement/capability/phase corrected in explicit source.,01-EVERYTHING-WE-ARE-KEEPING.md,lines 1112-1112
CAN-LAM-ARCH-149,Libraries and storage,I4,WP-I4-010,CORRECTED,"Explicit semantic rewrite adds trigger, expected behavior, observable state, and failure behavior. Reviewed as Media Discovery and Derived Index work because the obligation's primary implementation surface is Libraries and storage; integration verification, removal, and release responsibilities remain separate.",Statement/capability/phase corrected in explicit source.,01-EVERYTHING-WE-ARE-KEEPING.md,lines 1123-1123
CAN-LAM-ARCH-406,Libraries and storage,I14,WP-I14-005,CORRECTED,"Explicit semantic rewrite adds trigger, expected behavior, observable state, and failure behavior. Reviewed as Performance, Accessibility, and Desktop UX work because the obligation's primary implementation surface is Libraries and storage; integration verification, removal, and release responsibilities remain separate.",Statement/capability/phase corrected in explicit source.,03-HOW-WE-WILL-KEEP-DELETE-AND-CHANGE.md,lines 1535-1535
CAN-LAM-EVENT-007,Libraries and storage,I6,WP-I6-007,CORRECTED,"Explicit semantic rewrite adds trigger, expected behavior, observable state, and failure behavior. Reviewed as Events and Manage Later work because the obligation's primary implementation surface is Libraries and storage; integration verification, removal, and release responsibilities remain separate.",Statement/capability/phase corrected in explicit source.,01-EVERYTHING-WE-ARE-KEEPING.md,lines 500-500
CAN-LAM-EVENT-035,Libraries and storage,I6,WP-I6-006,CONFIRMED,"Semantically normalized from PRODUCT using the source clause, section, capability, current-code evidence, and final-state disposition. Reviewed as Events and Manage Later work because the obligation's primary implementation surface is Libraries and storage; integration verification, removal, and release responsibilities remain separate.",Complete testable statement and phase/package boundary confirmed against source provenance.,01-EVERYTHING-WE-ARE-KEEPING.md,lines 828-828
CAN-LAM-FOLDER-001,Libraries and storage,I6,WP-I6-004,CONFIRMED,"Semantically normalized from PRODUCT using the source clause, section, capability, current-code evidence, and final-state disposition. Reviewed as Events and Manage Later work because the obligation's primary implementation surface is Libraries and storage; integration verification, removal, and release responsibilities remain separate.",Complete testable statement and phase/package boundary confirmed against source provenance.,01-EVERYTHING-WE-ARE-KEEPING.md,lines 65-65
CAN-LAM-FOLDER-023,Libraries and storage,I4,WP-I4-010,CORRECTED,"Explicit semantic rewrite adds trigger, expected behavior, observable state, and failure behavior. Reviewed as Media Discovery and Derived Index work because the obligation's primary implementation surface is Libraries and storage; integration verification, removal, and release responsibilities remain separate.",Statement/capability/phase corrected in explicit source.,01-EVERYTHING-WE-ARE-KEEPING.md,lines 1092-1092
CAN-LAM-FOLDER-026,Libraries and storage,I4,WP-I4-010,CORRECTED,"Explicit semantic rewrite adds trigger, expected behavior, observable state, and failure behavior. Reviewed as Media Discovery and Derived Index work because the obligation's primary implementation surface is Libraries and storage; integration verification, removal, and release responsibilities remain separate.",Statement/capability/phase corrected in explicit source.,01-EVERYTHING-WE-ARE-KEEPING.md,lines 1106-1106
CAN-LAM-FOLDER-031,Libraries and storage,I6,WP-I6-003,CORRECTED,"Explicit semantic rewrite adds trigger, expected behavior, observable state, and failure behavior. Reviewed as Events and Manage Later work because the obligation's primary implementation surface is Libraries and storage; integration verification, removal, and release responsibilities remain separate.",Statement/capability/phase corrected in explicit source.,01-EVERYTHING-WE-ARE-KEEPING.md,lines 1148-1148
CAN-LAM-FOLDER-050,Libraries and storage,I4,WP-I4-011,CORRECTED,"Explicit semantic rewrite adds trigger, expected behavior, observable state, and failure behavior. Reviewed as Media Discovery and Derived Index work because the obligation's primary implementation surface is Libraries and storage; integration verification, removal, and release responsibilities remain separate.",Statement/capability/phase corrected in explicit source.,01-EVERYTHING-WE-ARE-KEEPING.md,lines 2179-2179
CAN-LAM-FOLDER-076,Libraries and storage,I4,WP-I4-010,CORRECTED,"Explicit semantic rewrite adds trigger, expected behavior, observable state, and failure behavior. Reviewed as Media Discovery and Derived Index work because the obligation's primary implementation surface is Libraries and storage; integration verification, removal, and release responsibilities remain separate.",Statement/capability/phase corrected in explicit source.,03-HOW-WE-WILL-KEEP-DELETE-AND-CHANGE.md,lines 1728-1728
CAN-LAM-GOV-126,Libraries and storage,I4,WP-I4-010,CORRECTED,"Explicit semantic rewrite adds trigger, expected behavior, observable state, and failure behavior. Reviewed as Media Discovery and Derived Index work because the obligation's primary implementation surface is Libraries and storage; integration verification, removal, and release responsibilities remain separate.",Statement/capability/phase corrected in explicit source.,03-HOW-WE-WILL-KEEP-DELETE-AND-CHANGE.md,lines 476-476
CAN-LAM-GOV-208,Libraries and storage,I4,WP-I4-010,CONFIRMED,"Semantically normalized from GOVERNANCE using the source clause, section, capability, current-code evidence, and final-state disposition. Reviewed as Media Discovery and Derived Index work because the obligation's primary implementation surface is Libraries and storage; integration verification, removal, and release responsibilities remain separate.",Complete testable statement and phase/package boundary confirmed against source provenance.,03-HOW-WE-WILL-KEEP-DELETE-AND-CHANGE.md,lines 818-818
CAN-LAM-INV-EVENT-01,Libraries and storage,I6,WP-I6-007,CONFIRMED,"Semantically normalized from SYSTEM INVARIANT using the source clause, section, capability, current-code evidence, and final-state disposition. Reviewed as Events and Manage Later work because the obligation's primary implementation surface is Libraries and storage; integration verification, removal, and release responsibilities remain separate.",Complete testable statement and phase/package boundary confirmed against source provenance.,01-EVERYTHING-WE-ARE-KEEPING.md,lines 100-100
CAN-SECTION-0114,Libraries and storage,I4,WP-I4-001,CORRECTED,Synthesized parent prevents list fragments from being counted as independent features while preserving their source rows as criteria. Reviewed section parent follows the majority architectural surface of its explicitly linked child criteria.,Statement/capability/phase corrected in explicit source.,01-EVERYTHING-WE-ARE-KEEPING.md,section aggregate
CAN-SECTION-0154,Libraries and storage,I6,WP-I6-008,CORRECTED,Synthesized parent prevents list fragments from being counted as independent features while preserving their source rows as criteria. Reviewed section parent follows the majority architectural surface of its explicitly linked child criteria.,Statement/capability/phase corrected in explicit source.,01-EVERYTHING-WE-ARE-KEEPING.md,section aggregate
CAN-SECTION-0170,Libraries and storage,I4,WP-I4-010,CORRECTED,Synthesized parent prevents list fragments from being counted as independent features while preserving their source rows as criteria. Reviewed section parent follows the majority architectural surface of its explicitly linked child criteria.,Statement/capability/phase corrected in explicit source.,01-EVERYTHING-WE-ARE-KEEPING.md,section aggregate
CAN-SECTION-0174,Libraries and storage,I5,WP-I5-010,CORRECTED,Synthesized parent prevents list fragments from being counted as independent features while preserving their source rows as criteria. Reviewed section parent follows the majority architectural surface of its explicitly linked child criteria.,Statement/capability/phase corrected in explicit source.,01-EVERYTHING-WE-ARE-KEEPING.md,section aggregate
CAN-SECTION-0180,Libraries and storage,I4,WP-I4-010,CORRECTED,Synthesized parent prevents list fragments from being counted as independent features while preserving their source rows as criteria. Reviewed section parent follows the majority architectural surface of its explicitly linked child criteria.,Statement/capability/phase corrected in explicit source.,03-HOW-WE-WILL-KEEP-DELETE-AND-CHANGE.md,section aggregate
CAN-SECTION-0184,Libraries and storage,I4,WP-I4-001,CORRECTED,Synthesized parent prevents list fragments from being counted as independent features while preserving their source rows as criteria. Reviewed section parent follows the majority architectural surface of its explicitly linked child criteria.,Statement/capability/phase corrected in explicit source.,03-HOW-WE-WILL-KEEP-DELETE-AND-CHANGE.md,section aggregate
CAN-LAM-AI-001,Local AI worker,I10,WP-I10-001,CONFIRMED,"Semantically normalized from GOVERNANCE using the source clause, section, capability, current-code evidence, and final-state disposition. Reviewed as Local AI, Search, and Duplicates work because the obligation's primary implementation surface is Local AI worker; integration verification, removal, and release responsibilities remain separate.",Complete testable statement and phase/package boundary confirmed against source provenance.,01-EVERYTHING-WE-ARE-KEEPING.md,lines 73-73
CAN-LAM-AI-028,Local AI worker,I10,WP-I10-002,CORRECTED,"Explicit semantic rewrite adds trigger, expected behavior, observable state, and failure behavior. Reviewed as Local AI, Search, and Duplicates work because the obligation's primary implementation surface is Local AI worker; integration verification, removal, and release responsibilities remain separate.",Statement/capability/phase corrected in explicit source.,01-EVERYTHING-WE-ARE-KEEPING.md,lines 1557-1557
CAN-LAM-AI-033,Local AI worker,I10,WP-I10-004,CORRECTED,"Explicit semantic rewrite adds trigger, expected behavior, observable state, and failure behavior. Reviewed as Local AI, Search, and Duplicates work because the obligation's primary implementation surface is Local AI worker; integration verification, removal, and release responsibilities remain separate.",Statement/capability/phase corrected in explicit source.,01-EVERYTHING-WE-ARE-KEEPING.md,lines 1669-1669
CAN-LAM-AI-085,Local AI worker,I10,WP-I10-006,CORRECTED,"Explicit semantic rewrite adds trigger, expected behavior, observable state, and failure behavior. Reviewed as Local AI, Search, and Duplicates work because the obligation's primary implementation surface is Local AI worker; integration verification, removal, and release responsibilities remain separate.",Statement/capability/phase corrected in explicit source.,03-HOW-WE-WILL-KEEP-DELETE-AND-CHANGE.md,lines 1734-1734
CAN-LAM-ARCH-193,Local AI worker,I10,WP-I10-002,CORRECTED,"Explicit semantic rewrite adds trigger, expected behavior, observable state, and failure behavior. Reviewed as Local AI, Search, and Duplicates work because the obligation's primary implementation surface is Local AI worker; integration verification, removal, and release responsibilities remain separate.",Statement/capability/phase corrected in explicit source.,01-EVERYTHING-WE-ARE-KEEPING.md,lines 1552-1552
CAN-LAM-ARCH-216,Local AI worker,I10,WP-I10-005,CORRECTED,"Explicit semantic rewrite adds trigger, expected behavior, observable state, and failure behavior. Reviewed as Local AI, Search, and Duplicates work because the obligation's primary implementation surface is Local AI worker; integration verification, removal, and release responsibilities remain separate.",Statement/capability/phase corrected in explicit source.,01-EVERYTHING-WE-ARE-KEEPING.md,lines 1637-1637
CAN-LAM-ARCH-218,Local AI worker,I10,WP-I10-005,CORRECTED,"Explicit semantic rewrite adds trigger, expected behavior, observable state, and failure behavior. Reviewed as Local AI, Search, and Duplicates work because the obligation's primary implementation surface is Local AI worker; integration verification, removal, and release responsibilities remain separate.",Statement/capability/phase corrected in explicit source.,01-EVERYTHING-WE-ARE-KEEPING.md,lines 1639-1639
CAN-LAM-ARCH-220,Local AI worker,I10,WP-I10-005,CORRECTED,"Explicit semantic rewrite adds trigger, expected behavior, observable state, and failure behavior. Reviewed as Local AI, Search, and Duplicates work because the obligation's primary implementation surface is Local AI worker; integration verification, removal, and release responsibilities remain separate.",Statement/capability/phase corrected in explicit source.,01-EVERYTHING-WE-ARE-KEEPING.md,lines 1642-1642
CAN-LAM-ARCH-229,Local AI worker,I10,WP-I10-007,CORRECTED,"Explicit semantic rewrite adds trigger, expected behavior, observable state, and failure behavior. Reviewed as Local AI, Search, and Duplicates work because the obligation's primary implementation surface is Local AI worker; integration verification, removal, and release responsibilities remain separate.",Statement/capability/phase corrected in explicit source.,01-EVERYTHING-WE-ARE-KEEPING.md,lines 1695-1695
CAN-LAM-ARCH-394,Local AI worker,I10,WP-I10-003,CORRECTED,"Explicit semantic rewrite adds trigger, expected behavior, observable state, and failure behavior. Reviewed as Local AI, Search, and Duplicates work because the obligation's primary implementation surface is Local AI worker; integration verification, removal, and release responsibilities remain separate.",Statement/capability/phase corrected in explicit source.,03-HOW-WE-WILL-KEEP-DELETE-AND-CHANGE.md,lines 1481-1481
CAN-LAM-ARCH-396,Local AI worker,I10,WP-I10-005,CORRECTED,"Explicit semantic rewrite adds trigger, expected behavior, observable state, and failure behavior. Reviewed as Local AI, Search, and Duplicates work because the obligation's primary implementation surface is Local AI worker; integration verification, removal, and release responsibilities remain separate.",Statement/capability/phase corrected in explicit source.,03-HOW-WE-WILL-KEEP-DELETE-AND-CHANGE.md,lines 1484-1484
CAN-LAM-GOV-220,Local AI worker,I10,WP-I10-002,CONFIRMED,"Semantically normalized from PRODUCT using the source clause, section, capability, current-code evidence, and final-state disposition. Reviewed as Local AI, Search, and Duplicates work because the obligation's primary implementation surface is Local AI worker; integration verification, removal, and release responsibilities remain separate.",Complete testable statement and phase/package boundary confirmed against source provenance.,03-HOW-WE-WILL-KEEP-DELETE-AND-CHANGE.md,lines 941-941
CAN-LAM-GOV-259,Local AI worker,I10,WP-I10-007,CONFIRMED,"Semantically normalized from PRODUCT using the source clause, section, capability, current-code evidence, and final-state disposition. Reviewed as Local AI, Search, and Duplicates work because the obligation's primary implementation surface is Local AI worker; integration verification, removal, and release responsibilities remain separate.",Complete testable statement and phase/package boundary confirmed against source provenance.,03-HOW-WE-WILL-KEEP-DELETE-AND-CHANGE.md,lines 1158-1158
CAN-LAM-INV-AI-02-B,Local AI worker,I10,WP-I10-002,CONFIRMED,"Semantically normalized from SYSTEM INVARIANT using the source clause, section, capability, current-code evidence, and final-state disposition. Reviewed as Local AI, Search, and Duplicates work because the obligation's primary implementation surface is Local AI worker; integration verification, removal, and release responsibilities remain separate.",Complete testable statement and phase/package boundary confirmed against source provenance.,01-EVERYTHING-WE-ARE-KEEPING.md,lines 111-111
CAN-LAM-INV-AI-04,Local AI worker,I10,WP-I10-004,CONFIRMED,"Semantically normalized from SYSTEM INVARIANT using the source clause, section, capability, current-code evidence, and final-state disposition. Reviewed as Local AI, Search, and Duplicates work because the obligation's primary implementation surface is Local AI worker; integration verification, removal, and release responsibilities remain separate.",Complete testable statement and phase/package boundary confirmed against source provenance.,01-EVERYTHING-WE-ARE-KEEPING.md,lines 113-113
CAN-SECTION-0018,Local AI worker,I10,WP-I10-002,CORRECTED,Synthesized parent prevents list fragments from being counted as independent features while preserving their source rows as criteria. Reviewed section parent follows the majority architectural surface of its explicitly linked child criteria.,Statement/capability/phase corrected in explicit source.,01-EVERYTHING-WE-ARE-KEEPING.md,section aggregate
CAN-SECTION-0026,Local AI worker,I10,WP-I10-002,CORRECTED,Synthesized parent prevents list fragments from being counted as independent features while preserving their source rows as criteria. Reviewed section parent follows the majority architectural surface of its explicitly linked child criteria.,Statement/capability/phase corrected in explicit source.,01-EVERYTHING-WE-ARE-KEEPING.md,section aggregate
CAN-SECTION-0075,Local AI worker,I10,WP-I10-008,CORRECTED,Synthesized parent prevents list fragments from being counted as independent features while preserving their source rows as criteria. Reviewed section parent follows the majority architectural surface of its explicitly linked child criteria.,Statement/capability/phase corrected in explicit source.,01-EVERYTHING-WE-ARE-KEEPING.md,section aggregate
CAN-SECTION-0081,Local AI worker,I10,WP-I10-007,CORRECTED,Synthesized parent prevents list fragments from being counted as independent features while preserving their source rows as criteria. Reviewed section parent follows the majority architectural surface of its explicitly linked child criteria.,Statement/capability/phase corrected in explicit source.,01-EVERYTHING-WE-ARE-KEEPING.md,section aggregate
CAN-SECTION-0214,Local AI worker,I14,WP-I14-001,CORRECTED,Synthesized parent prevents list fragments from being counted as independent features while preserving their source rows as criteria. Reviewed section parent follows the majority architectural surface of its explicitly linked child criteria.,Statement/capability/phase corrected in explicit source.,03-HOW-WE-WILL-KEEP-DELETE-AND-CHANGE.md,section aggregate
CAN-LAM-AI-011,Local data authority,I3,WP-I3-008,CORRECTED,"Semantically normalized from PRODUCT using the source clause, section, capability, current-code evidence, and final-state disposition. Reviewed as Authoritative Data and Transaction Foundation work because the obligation's primary implementation surface is Local data authority; integration verification, removal, and release responsibilities remain separate.",Statement/capability/phase corrected in explicit source.,01-EVERYTHING-WE-ARE-KEEPING.md,lines 133-133
CAN-LAM-ARCH-184,Local data authority,I3,WP-I3-015,CORRECTED,"Semantically normalized from PRODUCT using the source clause, section, capability, current-code evidence, and final-state disposition. Reviewed as Authoritative Data and Transaction Foundation work because the obligation's primary implementation surface is Local data authority; integration verification, removal, and release responsibilities remain separate.",Statement/capability/phase corrected in explicit source.,01-EVERYTHING-WE-ARE-KEEPING.md,lines 1448-1448
CAN-LAM-ASSET-012,Local data authority,I3,WP-I3-008,CORRECTED,"Semantically normalized from PRODUCT using the source clause, section, capability, current-code evidence, and final-state disposition. Reviewed as Authoritative Data and Transaction Foundation work because the obligation's primary implementation surface is Local data authority; integration verification, removal, and release responsibilities remain separate.",Statement/capability/phase corrected in explicit source.,01-EVERYTHING-WE-ARE-KEEPING.md,lines 132-132
CAN-LAM-ASSET-018,Local data authority,I3,WP-I3-008,CORRECTED,"Semantically normalized from PRODUCT using the source clause, section, capability, current-code evidence, and final-state disposition. Reviewed as Authoritative Data and Transaction Foundation work because the obligation's primary implementation surface is Local data authority; integration verification, removal, and release responsibilities remain separate.",Statement/capability/phase corrected in explicit source.,01-EVERYTHING-WE-ARE-KEEPING.md,lines 144-144
CAN-LAM-ASSET-024,Local data authority,I3,WP-I3-008,CONFIRMED,"Semantically normalized from PRODUCT using the source clause, section, capability, current-code evidence, and final-state disposition. Reviewed as Authoritative Data and Transaction Foundation work because the obligation's primary implementation surface is Local data authority; integration verification, removal, and release responsibilities remain separate.",Complete testable statement and phase/package boundary confirmed against source provenance.,01-EVERYTHING-WE-ARE-KEEPING.md,lines 150-150
CAN-LAM-ASSET-102,Local data authority,I3,WP-I3-001,CORRECTED,"Semantically normalized from PRODUCT using the source clause, section, capability, current-code evidence, and final-state disposition. Reviewed as Authoritative Data and Transaction Foundation work because the obligation's primary implementation surface is Local data authority; integration verification, removal, and release responsibilities remain separate.",Statement/capability/phase corrected in explicit source.,01-EVERYTHING-WE-ARE-KEEPING.md,lines 1425-1425
CAN-LAM-ASSET-108,Local data authority,I3,WP-I3-001,CORRECTED,"Explicit semantic rewrite adds trigger, expected behavior, observable state, and failure behavior. Reviewed as Authoritative Data and Transaction Foundation work because the obligation's primary implementation surface is Local data authority; integration verification, removal, and release responsibilities remain separate.",Statement/capability/phase corrected in explicit source.,01-EVERYTHING-WE-ARE-KEEPING.md,lines 1435-1435
CAN-LAM-ASSET-112,Local data authority,I3,WP-I3-008,CONFIRMED,"Semantically normalized from PRODUCT using the source clause, section, capability, current-code evidence, and final-state disposition. Reviewed as Authoritative Data and Transaction Foundation work because the obligation's primary implementation surface is Local data authority; integration verification, removal, and release responsibilities remain separate.",Complete testable statement and phase/package boundary confirmed against source provenance.,01-EVERYTHING-WE-ARE-KEEPING.md,lines 1439-1439
CAN-LAM-ASSET-187,Local data authority,I3,WP-I3-015,CORRECTED,"Semantically normalized from GOVERNANCE using the source clause, section, capability, current-code evidence, and final-state disposition. Reviewed as Authoritative Data and Transaction Foundation work because the obligation's primary implementation surface is Local data authority; integration verification, removal, and release responsibilities remain separate.",Statement/capability/phase corrected in explicit source.,03-HOW-WE-WILL-KEEP-DELETE-AND-CHANGE.md,lines 1392-1392
CAN-LAM-GOV-073,Local data authority,I3,WP-I3-001,CONFIRMED,"Semantically normalized from PRODUCT using the source clause, section, capability, current-code evidence, and final-state disposition. Reviewed as Authoritative Data and Transaction Foundation work because the obligation's primary implementation surface is Local data authority; integration verification, removal, and release responsibilities remain separate.",Complete testable statement and phase/package boundary confirmed against source provenance.,03-HOW-WE-WILL-KEEP-DELETE-AND-CHANGE.md,lines 208-208
CAN-LAM-GOV-078,Local data authority,I3,WP-I3-001,CONFIRMED,"Semantically normalized from PRODUCT using the source clause, section, capability, current-code evidence, and final-state disposition. Reviewed as Authoritative Data and Transaction Foundation work because the obligation's primary implementation surface is Local data authority; integration verification, removal, and release responsibilities remain separate.",Complete testable statement and phase/package boundary confirmed against source provenance.,03-HOW-WE-WILL-KEEP-DELETE-AND-CHANGE.md,lines 227-227
CAN-LAM-GOV-247,Local data authority,I3,WP-I3-001,CORRECTED,"Explicit semantic rewrite adds trigger, expected behavior, observable state, and failure behavior. Reviewed as Authoritative Data and Transaction Foundation work because the obligation's primary implementation surface is Local data authority; integration verification, removal, and release responsibilities remain separate.",Statement/capability/phase corrected in explicit source.,03-HOW-WE-WILL-KEEP-DELETE-AND-CHANGE.md,lines 1042-1042
CAN-LAM-GOV-251,Local data authority,I3,WP-I3-001,CORRECTED,"Explicit semantic rewrite adds trigger, expected behavior, observable state, and failure behavior. Reviewed as Authoritative Data and Transaction Foundation work because the obligation's primary implementation surface is Local data authority; integration verification, removal, and release responsibilities remain separate.",Statement/capability/phase corrected in explicit source.,03-HOW-WE-WILL-KEEP-DELETE-AND-CHANGE.md,lines 1049-1049
CAN-LAM-META-004,Local data authority,I3,WP-I3-009,CONFIRMED,"Semantically normalized from PRODUCT using the source clause, section, capability, current-code evidence, and final-state disposition. Reviewed as Authoritative Data and Transaction Foundation work because the obligation's primary implementation surface is Local data authority; integration verification, removal, and release responsibilities remain separate.",Complete testable statement and phase/package boundary confirmed against source provenance.,01-EVERYTHING-WE-ARE-KEEPING.md,lines 64-64
CAN-LAM-META-012,Local data authority,I3,WP-I3-008,CONFIRMED,"Semantically normalized from PRODUCT using the source clause, section, capability, current-code evidence, and final-state disposition. Reviewed as Authoritative Data and Transaction Foundation work because the obligation's primary implementation surface is Local data authority; integration verification, removal, and release responsibilities remain separate.",Complete testable statement and phase/package boundary confirmed against source provenance.,01-EVERYTHING-WE-ARE-KEEPING.md,lines 152-152
CAN-LAM-META-030,Local data authority,I3,WP-I3-008,CONFIRMED,"Semantically normalized from PRODUCT using the source clause, section, capability, current-code evidence, and final-state disposition. Reviewed as Authoritative Data and Transaction Foundation work because the obligation's primary implementation surface is Local data authority; integration verification, removal, and release responsibilities remain separate.",Complete testable statement and phase/package boundary confirmed against source provenance.,01-EVERYTHING-WE-ARE-KEEPING.md,lines 1442-1442
CAN-LAM-META-067,Local data authority,I3,WP-I3-001,CONFIRMED,"Semantically normalized from GOVERNANCE using the source clause, section, capability, current-code evidence, and final-state disposition. Reviewed as Authoritative Data and Transaction Foundation work because the obligation's primary implementation surface is Local data authority; integration verification, removal, and release responsibilities remain separate.",Complete testable statement and phase/package boundary confirmed against source provenance.,03-HOW-WE-WILL-KEEP-DELETE-AND-CHANGE.md,lines 1389-1389
CAN-SECTION-0017,Local data authority,I3,WP-I3-001,CORRECTED,Synthesized parent prevents list fragments from being counted as independent features while preserving their source rows as criteria. Reviewed section parent follows the majority architectural surface of its explicitly linked child criteria.,Statement/capability/phase corrected in explicit source.,01-EVERYTHING-WE-ARE-KEEPING.md,section aggregate
CAN-SECTION-0187,Local data authority,I3,WP-I3-001,CORRECTED,Synthesized parent prevents list fragments from being counted as independent features while preserving their source rows as criteria. Reviewed section parent follows the majority architectural surface of its explicitly linked child criteria.,Statement/capability/phase corrected in explicit source.,03-HOW-WE-WILL-KEEP-DELETE-AND-CHANGE.md,section aggregate
CAN-SECTION-0192,Local data authority,I3,WP-I3-001,CORRECTED,Synthesized parent prevents list fragments from being counted as independent features while preserving their source rows as criteria. Reviewed section parent follows the majority architectural surface of its explicitly linked child criteria.,Statement/capability/phase corrected in explicit source.,03-HOW-WE-WILL-KEEP-DELETE-AND-CHANGE.md,section aggregate
CAN-LAM-ARCH-034,Map and location,I5,WP-I5-008,CORRECTED,"Explicit semantic rewrite adds trigger, expected behavior, observable state, and failure behavior. Reviewed as Offline Library Experience work because the obligation's primary implementation surface is Map and location; integration verification, removal, and release responsibilities remain separate.",Statement/capability/phase corrected in explicit source.,01-EVERYTHING-WE-ARE-KEEPING.md,lines 324-324
CAN-LAM-ARCH-215,Map and location,I10,WP-I10-012,CORRECTED,"Explicit semantic rewrite adds trigger, expected behavior, observable state, and failure behavior. Reviewed as Local AI, Search, and Duplicates work because the obligation's primary implementation surface is Map and location; integration verification, removal, and release responsibilities remain separate.",Statement/capability/phase corrected in explicit source.,01-EVERYTHING-WE-ARE-KEEPING.md,lines 1618-1618
CAN-LAM-ARCH-244,Map and location,I5,WP-I5-008,CORRECTED,"Explicit semantic rewrite adds trigger, expected behavior, observable state, and failure behavior. Reviewed as Offline Library Experience work because the obligation's primary implementation surface is Map and location; integration verification, removal, and release responsibilities remain separate.",Statement/capability/phase corrected in explicit source.,01-EVERYTHING-WE-ARE-KEEPING.md,lines 1748-1748
CAN-LAM-ARCH-246,Map and location,I5,WP-I5-008,CORRECTED,"Explicit semantic rewrite adds trigger, expected behavior, observable state, and failure behavior. Reviewed as Offline Library Experience work because the obligation's primary implementation surface is Map and location; integration verification, removal, and release responsibilities remain separate.",Statement/capability/phase corrected in explicit source.,01-EVERYTHING-WE-ARE-KEEPING.md,lines 1753-1753
CAN-LAM-ARCH-247,Map and location,I5,WP-I5-008,CORRECTED,"Explicit semantic rewrite adds trigger, expected behavior, observable state, and failure behavior. Reviewed as Offline Library Experience work because the obligation's primary implementation surface is Map and location; integration verification, removal, and release responsibilities remain separate.",Statement/capability/phase corrected in explicit source.,01-EVERYTHING-WE-ARE-KEEPING.md,lines 1754-1754
CAN-LAM-ARCH-249,Map and location,I5,WP-I5-008,CONFIRMED,"Semantically normalized from PRODUCT using the source clause, section, capability, current-code evidence, and final-state disposition. Reviewed as Offline Library Experience work because the obligation's primary implementation surface is Map and location; integration verification, removal, and release responsibilities remain separate.",Complete testable statement and phase/package boundary confirmed against source provenance.,01-EVERYTHING-WE-ARE-KEEPING.md,lines 1757-1757
CAN-LAM-ARCH-250,Map and location,I5,WP-I5-008,CONFIRMED,"Semantically normalized from PRODUCT using the source clause, section, capability, current-code evidence, and final-state disposition. Reviewed as Offline Library Experience work because the obligation's primary implementation surface is Map and location; integration verification, removal, and release responsibilities remain separate.",Complete testable statement and phase/package boundary confirmed against source provenance.,01-EVERYTHING-WE-ARE-KEEPING.md,lines 1757-1757
CAN-LAM-ARCH-336,Map and location,I5,WP-I5-008,CONFIRMED,"Semantically normalized from PRODUCT using the source clause, section, capability, current-code evidence, and final-state disposition. Reviewed as Offline Library Experience work because the obligation's primary implementation surface is Map and location; integration verification, removal, and release responsibilities remain separate.",Complete testable statement and phase/package boundary confirmed against source provenance.,01-EVERYTHING-WE-ARE-KEEPING.md,lines 2165-2165
CAN-LAM-EVENT-053,Map and location,I6,WP-I6-008,CORRECTED,"Explicit semantic rewrite adds trigger, expected behavior, observable state, and failure behavior. Reviewed as Events and Manage Later work because the obligation's primary implementation surface is Map and location; integration verification, removal, and release responsibilities remain separate.",Statement/capability/phase corrected in explicit source.,01-EVERYTHING-WE-ARE-KEEPING.md,lines 1747-1747
CAN-LAM-EVENT-054,Map and location,I6,WP-I6-008,CORRECTED,"Explicit semantic rewrite adds trigger, expected behavior, observable state, and failure behavior. Reviewed as Events and Manage Later work because the obligation's primary implementation surface is Map and location; integration verification, removal, and release responsibilities remain separate.",Statement/capability/phase corrected in explicit source.,01-EVERYTHING-WE-ARE-KEEPING.md,lines 1749-1749
CAN-LAM-FOLDER-081,Map and location,I5,WP-I5-008,CONFIRMED,"Semantically normalized from PRODUCT using the source clause, section, capability, current-code evidence, and final-state disposition. Reviewed as Offline Library Experience work because the obligation's primary implementation surface is Map and location; integration verification, removal, and release responsibilities remain separate.",Complete testable statement and phase/package boundary confirmed against source provenance.,03-HOW-WE-WILL-KEEP-DELETE-AND-CHANGE.md,lines 1964-1964
CAN-LAM-GOV-264,Map and location,I5,WP-I5-008,CORRECTED,"Explicit semantic rewrite adds trigger, expected behavior, observable state, and failure behavior. Reviewed as Offline Library Experience work because the obligation's primary implementation surface is Map and location; integration verification, removal, and release responsibilities remain separate.",Statement/capability/phase corrected in explicit source.,03-HOW-WE-WILL-KEEP-DELETE-AND-CHANGE.md,lines 1202-1202
CAN-LAM-GOV-266,Map and location,I5,WP-I5-008,CORRECTED,"Explicit semantic rewrite adds trigger, expected behavior, observable state, and failure behavior. Reviewed as Offline Library Experience work because the obligation's primary implementation surface is Map and location; integration verification, removal, and release responsibilities remain separate.",Statement/capability/phase corrected in explicit source.,03-HOW-WE-WILL-KEEP-DELETE-AND-CHANGE.md,lines 1210-1210
CAN-LAM-META-037,Map and location,I5,WP-I5-008,CORRECTED,"Explicit semantic rewrite adds trigger, expected behavior, observable state, and failure behavior. Reviewed as Offline Library Experience work because the obligation's primary implementation surface is Map and location; integration verification, removal, and release responsibilities remain separate.",Statement/capability/phase corrected in explicit source.,01-EVERYTHING-WE-ARE-KEEPING.md,lines 1746-1746
CAN-LAM-SEARCH-009,Map and location,I5,WP-I5-008,CORRECTED,"Explicit semantic rewrite adds trigger, expected behavior, observable state, and failure behavior. Reviewed as Offline Library Experience work because the obligation's primary implementation surface is Map and location; integration verification, removal, and release responsibilities remain separate.",Statement/capability/phase corrected in explicit source.,01-EVERYTHING-WE-ARE-KEEPING.md,lines 1751-1751
CAN-SECTION-0044,Map and location,I5,WP-I5-008,CORRECTED,Synthesized parent prevents list fragments from being counted as independent features while preserving their source rows as criteria. Reviewed section parent follows the majority architectural surface of its explicitly linked child criteria.,Statement/capability/phase corrected in explicit source.,01-EVERYTHING-WE-ARE-KEEPING.md,section aggregate
CAN-SECTION-0077,Map and location,I10,WP-I10-012,CORRECTED,Synthesized parent prevents list fragments from being counted as independent features while preserving their source rows as criteria. Reviewed section parent follows the majority architectural surface of its explicitly linked child criteria.,Statement/capability/phase corrected in explicit source.,01-EVERYTHING-WE-ARE-KEEPING.md,section aggregate
CAN-SECTION-0098,Map and location,I5,WP-I5-008,CORRECTED,Synthesized parent prevents list fragments from being counted as independent features while preserving their source rows as criteria. Reviewed section parent follows the majority architectural surface of its explicitly linked child criteria.,Statement/capability/phase corrected in explicit source.,01-EVERYTHING-WE-ARE-KEEPING.md,section aggregate
CAN-SECTION-0195,Map and location,I5,WP-I5-008,CORRECTED,Synthesized parent prevents list fragments from being counted as independent features while preserving their source rows as criteria. Reviewed section parent follows the majority architectural surface of its explicitly linked child criteria.,Statement/capability/phase corrected in explicit source.,03-HOW-WE-WILL-KEEP-DELETE-AND-CHANGE.md,section aggregate
CAN-SECTION-0197,Map and location,I5,WP-I5-008,CORRECTED,Synthesized parent prevents list fragments from being counted as independent features while preserving their source rows as criteria. Reviewed section parent follows the majority architectural surface of its explicitly linked child criteria.,Statement/capability/phase corrected in explicit source.,03-HOW-WE-WILL-KEEP-DELETE-AND-CHANGE.md,section aggregate
CAN-LAM-AI-020,Media ingestion and derivation,I4,WP-I4-011,CORRECTED,"Semantically normalized from PRODUCT using the source clause, section, capability, current-code evidence, and final-state disposition. Reviewed as Media Discovery and Derived Index work because the obligation's primary implementation surface is Media ingestion and derivation; integration verification, removal, and release responsibilities remain separate.",Statement/capability/phase corrected in explicit source.,01-EVERYTHING-WE-ARE-KEEPING.md,lines 593-593
CAN-LAM-ARCH-084,Media ingestion and derivation,I4,WP-I4-002,CORRECTED,"Explicit semantic rewrite adds trigger, expected behavior, observable state, and failure behavior. Reviewed as Media Discovery and Derived Index work because the obligation's primary implementation surface is Media ingestion and derivation; integration verification, removal, and release responsibilities remain separate.",Statement/capability/phase corrected in explicit source.,01-EVERYTHING-WE-ARE-KEEPING.md,lines 708-708
CAN-LAM-ARCH-087,Media ingestion and derivation,I4,WP-I4-009,CORRECTED,"Explicit semantic rewrite adds trigger, expected behavior, observable state, and failure behavior. Reviewed as Media Discovery and Derived Index work because the obligation's primary implementation surface is Media ingestion and derivation; integration verification, removal, and release responsibilities remain separate.",Statement/capability/phase corrected in explicit source.,01-EVERYTHING-WE-ARE-KEEPING.md,lines 711-711
CAN-LAM-ARCH-090,Media ingestion and derivation,I4,WP-I4-001,CORRECTED,"Explicit semantic rewrite adds trigger, expected behavior, observable state, and failure behavior. Reviewed as Media Discovery and Derived Index work because the obligation's primary implementation surface is Media ingestion and derivation; integration verification, removal, and release responsibilities remain separate.",Statement/capability/phase corrected in explicit source.,01-EVERYTHING-WE-ARE-KEEPING.md,lines 715-715
CAN-LAM-ARCH-093,Media ingestion and derivation,I4,WP-I4-001,CORRECTED,"Explicit semantic rewrite adds trigger, expected behavior, observable state, and failure behavior. Reviewed as Media Discovery and Derived Index work because the obligation's primary implementation surface is Media ingestion and derivation; integration verification, removal, and release responsibilities remain separate.",Statement/capability/phase corrected in explicit source.,01-EVERYTHING-WE-ARE-KEEPING.md,lines 720-720
CAN-LAM-ARCH-374,Media ingestion and derivation,I4,WP-I4-001,CORRECTED,"Explicit semantic rewrite adds trigger, expected behavior, observable state, and failure behavior. Reviewed as Media Discovery and Derived Index work because the obligation's primary implementation surface is Media ingestion and derivation; integration verification, removal, and release responsibilities remain separate.",Statement/capability/phase corrected in explicit source.,03-HOW-WE-WILL-KEEP-DELETE-AND-CHANGE.md,lines 1393-1393
CAN-LAM-ARCH-376,Media ingestion and derivation,I4,WP-I4-010,CORRECTED,"Explicit semantic rewrite adds trigger, expected behavior, observable state, and failure behavior. Reviewed as Media Discovery and Derived Index work because the obligation's primary implementation surface is Media ingestion and derivation; integration verification, removal, and release responsibilities remain separate.",Statement/capability/phase corrected in explicit source.,03-HOW-WE-WILL-KEEP-DELETE-AND-CHANGE.md,lines 1403-1403
CAN-LAM-ARCH-379,Media ingestion and derivation,I4,WP-I4-010,CORRECTED,"Semantically normalized from GOVERNANCE using the source clause, section, capability, current-code evidence, and final-state disposition. Reviewed as Media Discovery and Derived Index work because the obligation's primary implementation surface is Media ingestion and derivation; integration verification, removal, and release responsibilities remain separate.",Statement/capability/phase corrected in explicit source.,03-HOW-WE-WILL-KEEP-DELETE-AND-CHANGE.md,lines 1413-1413
CAN-LAM-ASSET-028,Media ingestion and derivation,I4,WP-I4-005,CORRECTED,"Explicit semantic rewrite adds trigger, expected behavior, observable state, and failure behavior. Reviewed as Media Discovery and Derived Index work because the obligation's primary implementation surface is Media ingestion and derivation; integration verification, removal, and release responsibilities remain separate.",Statement/capability/phase corrected in explicit source.,01-EVERYTHING-WE-ARE-KEEPING.md,lines 276-276
CAN-LAM-ASSET-061,Media ingestion and derivation,I4,WP-I4-001,CORRECTED,"Semantically normalized from PRODUCT using the source clause, section, capability, current-code evidence, and final-state disposition. Reviewed as Media Discovery and Derived Index work because the obligation's primary implementation surface is Media ingestion and derivation; integration verification, removal, and release responsibilities remain separate.",Statement/capability/phase corrected in explicit source.,01-EVERYTHING-WE-ARE-KEEPING.md,lines 723-723
CAN-LAM-ASSET-130,Media ingestion and derivation,I4,WP-I4-003,CORRECTED,"Explicit semantic rewrite adds trigger, expected behavior, observable state, and failure behavior. Reviewed as Media Discovery and Derived Index work because the obligation's primary implementation surface is Media ingestion and derivation; integration verification, removal, and release responsibilities remain separate.",Statement/capability/phase corrected in explicit source.,01-EVERYTHING-WE-ARE-KEEPING.md,lines 1903-1903
CAN-LAM-EDGE-03,Media ingestion and derivation,I4,WP-I4-008,CORRECTED,"Explicit semantic rewrite adds trigger, expected behavior, observable state, and failure behavior. Reviewed as Media Discovery and Derived Index work because the obligation's primary implementation surface is Media ingestion and derivation; integration verification, removal, and release responsibilities remain separate.",Statement/capability/phase corrected in explicit source.,01-EVERYTHING-WE-ARE-KEEPING.md,lines 250-250
CAN-LAM-FOLDER-015,Media ingestion and derivation,I4,WP-I4-001,CORRECTED,"Explicit semantic rewrite adds trigger, expected behavior, observable state, and failure behavior. Reviewed as Media Discovery and Derived Index work because the obligation's primary implementation surface is Media ingestion and derivation; integration verification, removal, and release responsibilities remain separate.",Statement/capability/phase corrected in explicit source.,01-EVERYTHING-WE-ARE-KEEPING.md,lines 706-706
CAN-LAM-FOLDER-042,Media ingestion and derivation,I4,WP-I4-006,CORRECTED,"Explicit semantic rewrite adds trigger, expected behavior, observable state, and failure behavior. Reviewed as Media Discovery and Derived Index work because the obligation's primary implementation surface is Media ingestion and derivation; integration verification, removal, and release responsibilities remain separate.",Statement/capability/phase corrected in explicit source.,01-EVERYTHING-WE-ARE-KEEPING.md,lines 1893-1893
CAN-LAM-INV-FS-01,Media ingestion and derivation,I4,WP-I4-001,CORRECTED,"Semantically normalized from SYSTEM INVARIANT using the source clause, section, capability, current-code evidence, and final-state disposition. Reviewed as Media Discovery and Derived Index work because the obligation's primary implementation surface is Media ingestion and derivation; integration verification, removal, and release responsibilities remain separate.",Statement/capability/phase corrected in explicit source.,01-EVERYTHING-WE-ARE-KEEPING.md,lines 114-114
CAN-LAM-META-041,Media ingestion and derivation,I4,WP-I4-008,CORRECTED,"Explicit semantic rewrite adds trigger, expected behavior, observable state, and failure behavior. Reviewed as Media Discovery and Derived Index work because the obligation's primary implementation surface is Media ingestion and derivation; integration verification, removal, and release responsibilities remain separate.",Statement/capability/phase corrected in explicit source.,01-EVERYTHING-WE-ARE-KEEPING.md,lines 1896-1896
CAN-LAM-SEARCH-019,Media ingestion and derivation,I4,WP-I4-010,CORRECTED,"Semantically normalized from GOVERNANCE using the source clause, section, capability, current-code evidence, and final-state disposition. Reviewed as Media Discovery and Derived Index work because the obligation's primary implementation surface is Media ingestion and derivation; integration verification, removal, and release responsibilities remain separate.",Statement/capability/phase corrected in explicit source.,03-HOW-WE-WILL-KEEP-DELETE-AND-CHANGE.md,lines 1408-1408
CAN-SECTION-0052,Media ingestion and derivation,I4,WP-I4-007,CORRECTED,Synthesized parent prevents list fragments from being counted as independent features while preserving their source rows as criteria. Reviewed section parent follows the majority architectural surface of its explicitly linked child criteria.,Statement/capability/phase corrected in explicit source.,01-EVERYTHING-WE-ARE-KEEPING.md,section aggregate
CAN-SECTION-0115,Media ingestion and derivation,I4,WP-I4-005,CORRECTED,Synthesized parent prevents list fragments from being counted as independent features while preserving their source rows as criteria. Reviewed section parent follows the majority architectural surface of its explicitly linked child criteria.,Statement/capability/phase corrected in explicit source.,01-EVERYTHING-WE-ARE-KEEPING.md,section aggregate
CAN-SECTION-0164,Media ingestion and derivation,I4,WP-I4-002,CORRECTED,Synthesized parent prevents list fragments from being counted as independent features while preserving their source rows as criteria. Reviewed section parent follows the majority architectural surface of its explicitly linked child criteria.,Statement/capability/phase corrected in explicit source.,01-EVERYTHING-WE-ARE-KEEPING.md,section aggregate
CAN-LAM-ARCH-029,Memories,I5,WP-I5-007,CORRECTED,"Explicit semantic rewrite adds trigger, expected behavior, observable state, and failure behavior. Reviewed as Offline Library Experience work because the obligation's primary implementation surface is Memories; integration verification, removal, and release responsibilities remain separate.",Statement/capability/phase corrected in explicit source.,01-EVERYTHING-WE-ARE-KEEPING.md,lines 297-297
CAN-LAM-ARCH-238,Memories,I5,WP-I5-007,CORRECTED,"Explicit semantic rewrite adds trigger, expected behavior, observable state, and failure behavior. Reviewed as Offline Library Experience work because the obligation's primary implementation surface is Memories; integration verification, removal, and release responsibilities remain separate.",Statement/capability/phase corrected in explicit source.,01-EVERYTHING-WE-ARE-KEEPING.md,lines 1726-1726
CAN-LAM-ARCH-239,Memories,I5,WP-I5-005,CORRECTED,"Explicit semantic rewrite adds trigger, expected behavior, observable state, and failure behavior. Reviewed as Offline Library Experience work because the obligation's primary implementation surface is Memories; integration verification, removal, and release responsibilities remain separate.",Statement/capability/phase corrected in explicit source.,01-EVERYTHING-WE-ARE-KEEPING.md,lines 1727-1727
CAN-LAM-ARCH-240,Memories,I5,WP-I5-007,CORRECTED,"Explicit semantic rewrite adds trigger, expected behavior, observable state, and failure behavior. Reviewed as Offline Library Experience work because the obligation's primary implementation surface is Memories; integration verification, removal, and release responsibilities remain separate.",Statement/capability/phase corrected in explicit source.,01-EVERYTHING-WE-ARE-KEEPING.md,lines 1731-1731
CAN-LAM-ARCH-242,Memories,I5,WP-I5-007,CORRECTED,"Explicit semantic rewrite adds trigger, expected behavior, observable state, and failure behavior. Reviewed as Offline Library Experience work because the obligation's primary implementation surface is Memories; integration verification, removal, and release responsibilities remain separate.",Statement/capability/phase corrected in explicit source.,01-EVERYTHING-WE-ARE-KEEPING.md,lines 1735-1735
CAN-LAM-ARCH-243,Memories,I5,WP-I5-007,CORRECTED,"Explicit semantic rewrite adds trigger, expected behavior, observable state, and failure behavior. Reviewed as Offline Library Experience work because the obligation's primary implementation surface is Memories; integration verification, removal, and release responsibilities remain separate.",Statement/capability/phase corrected in explicit source.,01-EVERYTHING-WE-ARE-KEEPING.md,lines 1737-1737
CAN-LAM-EVENT-052,Memories,I5,WP-I5-007,CORRECTED,"Explicit semantic rewrite adds trigger, expected behavior, observable state, and failure behavior. Reviewed as Offline Library Experience work because the obligation's primary implementation surface is Memories; integration verification, removal, and release responsibilities remain separate.",Statement/capability/phase corrected in explicit source.,01-EVERYTHING-WE-ARE-KEEPING.md,lines 1730-1730
CAN-LAM-PERF-001,Memories,I10,WP-I10-005,CORRECTED,"Explicit semantic rewrite adds trigger, expected behavior, observable state, and failure behavior. Reviewed as Local AI, Search, and Duplicates work because the obligation's primary implementation surface is Memories; integration verification, removal, and release responsibilities remain separate.",Statement/capability/phase corrected in explicit source.,01-EVERYTHING-WE-ARE-KEEPING.md,lines 1641-1641
CAN-LAM-PERF-002,Memories,I5,WP-I5-007,CORRECTED,"Explicit semantic rewrite adds trigger, expected behavior, observable state, and failure behavior. Reviewed as Offline Library Experience work because the obligation's primary implementation surface is Memories; integration verification, removal, and release responsibilities remain separate.",Statement/capability/phase corrected in explicit source.,01-EVERYTHING-WE-ARE-KEEPING.md,lines 1733-1733
CAN-LAM-PERF-003,Memories,I5,WP-I5-007,CORRECTED,"Explicit semantic rewrite adds trigger, expected behavior, observable state, and failure behavior. Reviewed as Offline Library Experience work because the obligation's primary implementation surface is Memories; integration verification, removal, and release responsibilities remain separate.",Statement/capability/phase corrected in explicit source.,01-EVERYTHING-WE-ARE-KEEPING.md,lines 2157-2157
CAN-LAM-PERF-004,Memories,I14,WP-I14-010,CORRECTED,"Explicit semantic rewrite adds trigger, expected behavior, observable state, and failure behavior. Reviewed as Performance, Accessibility, and Desktop UX work because the obligation's primary implementation surface is Memories; integration verification, removal, and release responsibilities remain separate.",Statement/capability/phase corrected in explicit source.,01-EVERYTHING-WE-ARE-KEEPING.md,lines 2214-2214
CAN-LAM-PERF-005,Memories,I14,WP-I14-005,CORRECTED,"Explicit semantic rewrite adds trigger, expected behavior, observable state, and failure behavior. Reviewed as Performance, Accessibility, and Desktop UX work because the obligation's primary implementation surface is Memories; integration verification, removal, and release responsibilities remain separate.",Statement/capability/phase corrected in explicit source.,03-HOW-WE-WILL-KEEP-DELETE-AND-CHANGE.md,lines 1536-1536
CAN-LAM-PERF-010,Memories,I14,WP-I14-009,CONFIRMED,"Semantically normalized from PRODUCT using the source clause, section, capability, current-code evidence, and final-state disposition. Reviewed as Performance, Accessibility, and Desktop UX work because the obligation's primary implementation surface is Memories; integration verification, removal, and release responsibilities remain separate.",Complete testable statement and phase/package boundary confirmed against source provenance.,03-HOW-WE-WILL-KEEP-DELETE-AND-CHANGE.md,lines 1718-1718
CAN-SECTION-0036,Memories,I5,WP-I5-007,CORRECTED,Synthesized parent prevents list fragments from being counted as independent features while preserving their source rows as criteria. Reviewed section parent follows the majority architectural surface of its explicitly linked child criteria.,Statement/capability/phase corrected in explicit source.,01-EVERYTHING-WE-ARE-KEEPING.md,section aggregate
CAN-SECTION-0085,Memories,I5,WP-I5-007,CORRECTED,Synthesized parent prevents list fragments from being counted as independent features while preserving their source rows as criteria. Reviewed section parent follows the majority architectural surface of its explicitly linked child criteria.,Statement/capability/phase corrected in explicit source.,01-EVERYTHING-WE-ARE-KEEPING.md,section aggregate
CAN-SECTION-0211,Memories,I10,WP-I10-005,CORRECTED,Synthesized parent prevents list fragments from being counted as independent features while preserving their source rows as criteria. Reviewed section parent follows the majority architectural surface of its explicitly linked child criteria.,Statement/capability/phase corrected in explicit source.,01-EVERYTHING-WE-ARE-KEEPING.md,section aggregate
CAN-SECTION-0212,Memories,I5,WP-I5-007,CORRECTED,Synthesized parent prevents list fragments from being counted as independent features while preserving their source rows as criteria. Reviewed section parent follows the majority architectural surface of its explicitly linked child criteria.,Statement/capability/phase corrected in explicit source.,01-EVERYTHING-WE-ARE-KEEPING.md,section aggregate
CAN-SECTION-0213,Memories,I14,WP-I14-010,CORRECTED,Synthesized parent prevents list fragments from being counted as independent features while preserving their source rows as criteria. Reviewed section parent follows the majority architectural surface of its explicitly linked child criteria.,Statement/capability/phase corrected in explicit source.,01-EVERYTHING-WE-ARE-KEEPING.md,section aggregate
CAN-LAM-AI-038,Metadata,I10,WP-I10-013,CONFIRMED,"Semantically normalized from PRODUCT using the source clause, section, capability, current-code evidence, and final-state disposition. Reviewed as Local AI, Search, and Duplicates work because the obligation's primary implementation surface is Metadata; integration verification, removal, and release responsibilities remain separate.",Complete testable statement and phase/package boundary confirmed against source provenance.,01-EVERYTHING-WE-ARE-KEEPING.md,lines 1699-1699
CAN-LAM-ARCH-144,Metadata,I3,WP-I3-001,CORRECTED,"Explicit semantic rewrite adds trigger, expected behavior, observable state, and failure behavior. Reviewed as Authoritative Data and Transaction Foundation work because the obligation's primary implementation surface is Metadata; integration verification, removal, and release responsibilities remain separate.",Statement/capability/phase corrected in explicit source.,01-EVERYTHING-WE-ARE-KEEPING.md,lines 1108-1108
CAN-LAM-ARCH-237,Metadata,I5,WP-I5-006,CORRECTED,"Explicit semantic rewrite adds trigger, expected behavior, observable state, and failure behavior. Reviewed as Offline Library Experience work because the obligation's primary implementation surface is Metadata; integration verification, removal, and release responsibilities remain separate.",Statement/capability/phase corrected in explicit source.,01-EVERYTHING-WE-ARE-KEEPING.md,lines 1721-1721
CAN-LAM-ARCH-425,Metadata,I3,WP-I3-006,CORRECTED,"Explicit semantic rewrite adds trigger, expected behavior, observable state, and failure behavior. Reviewed as Authoritative Data and Transaction Foundation work because the obligation's primary implementation surface is Metadata; integration verification, removal, and release responsibilities remain separate.",Statement/capability/phase corrected in explicit source.,03-HOW-WE-WILL-KEEP-DELETE-AND-CHANGE.md,lines 1727-1727
CAN-LAM-ASSET-005,Metadata,I3,WP-I3-001,CONFIRMED,"Semantically normalized from PRODUCT using the source clause, section, capability, current-code evidence, and final-state disposition. Reviewed as Authoritative Data and Transaction Foundation work because the obligation's primary implementation surface is Metadata; integration verification, removal, and release responsibilities remain separate.",Complete testable statement and phase/package boundary confirmed against source provenance.,01-EVERYTHING-WE-ARE-KEEPING.md,lines 62-62
CAN-LAM-EDGE-06,Metadata,I6,WP-I6-006,CORRECTED,"Explicit semantic rewrite adds trigger, expected behavior, observable state, and failure behavior. Reviewed as Events and Manage Later work because the obligation's primary implementation surface is Metadata; integration verification, removal, and release responsibilities remain separate.",Statement/capability/phase corrected in explicit source.,01-EVERYTHING-WE-ARE-KEEPING.md,lines 253-253
CAN-LAM-EDGE-14,Metadata,I3,WP-I3-004,CORRECTED,"Explicit semantic rewrite adds trigger, expected behavior, observable state, and failure behavior. Reviewed as Authoritative Data and Transaction Foundation work because the obligation's primary implementation surface is Metadata; integration verification, removal, and release responsibilities remain separate.",Statement/capability/phase corrected in explicit source.,01-EVERYTHING-WE-ARE-KEEPING.md,lines 261-261
CAN-LAM-GOV-112,Metadata,I11,WP-I11-010,CONFIRMED,"Semantically normalized from GOVERNANCE using the source clause, section, capability, current-code evidence, and final-state disposition. Reviewed as Metadata Mutation, Editing, and Privacy work because the obligation's primary implementation surface is Metadata; integration verification, removal, and release responsibilities remain separate.",Complete testable statement and phase/package boundary confirmed against source provenance.,03-HOW-WE-WILL-KEEP-DELETE-AND-CHANGE.md,lines 413-413
CAN-LAM-INV-PERSON-01,Metadata,I7,WP-I7-007,CONFIRMED,"Semantically normalized from SYSTEM INVARIANT using the source clause, section, capability, current-code evidence, and final-state disposition. Reviewed as People, Faces, and Groups work because the obligation's primary implementation surface is Metadata; integration verification, removal, and release responsibilities remain separate.",Complete testable statement and phase/package boundary confirmed against source provenance.,01-EVERYTHING-WE-ARE-KEEPING.md,lines 103-103
CAN-LAM-META-014,Metadata,I4,WP-I4-008,CORRECTED,"Explicit semantic rewrite adds trigger, expected behavior, observable state, and failure behavior. Reviewed as Media Discovery and Derived Index work because the obligation's primary implementation surface is Metadata; integration verification, removal, and release responsibilities remain separate.",Statement/capability/phase corrected in explicit source.,01-EVERYTHING-WE-ARE-KEEPING.md,lines 280-280
CAN-LAM-META-016,Metadata,I3,WP-I3-015,CORRECTED,"Explicit semantic rewrite adds trigger, expected behavior, observable state, and failure behavior. Reviewed as Authoritative Data and Transaction Foundation work because the obligation's primary implementation surface is Metadata; integration verification, removal, and release responsibilities remain separate.",Statement/capability/phase corrected in explicit source.,01-EVERYTHING-WE-ARE-KEEPING.md,lines 282-282
CAN-LAM-META-034,Metadata,I10,WP-I10-001,CORRECTED,"Semantically normalized from PRODUCT using the source clause, section, capability, current-code evidence, and final-state disposition. Reviewed as Local AI, Search, and Duplicates work because the obligation's primary implementation surface is Metadata; integration verification, removal, and release responsibilities remain separate.",Statement/capability/phase corrected in explicit source.,01-EVERYTHING-WE-ARE-KEEPING.md,lines 1677-1677
CAN-LAM-META-036,Metadata,I4,WP-I4-008,CORRECTED,"Explicit semantic rewrite adds trigger, expected behavior, observable state, and failure behavior. Reviewed as Media Discovery and Derived Index work because the obligation's primary implementation surface is Metadata; integration verification, removal, and release responsibilities remain separate.",Statement/capability/phase corrected in explicit source.,01-EVERYTHING-WE-ARE-KEEPING.md,lines 1745-1745
CAN-LAM-META-048,Metadata,I14,WP-I14-002,CORRECTED,"Explicit semantic rewrite adds trigger, expected behavior, observable state, and failure behavior. Reviewed as Performance, Accessibility, and Desktop UX work because the obligation's primary implementation surface is Metadata; integration verification, removal, and release responsibilities remain separate.",Statement/capability/phase corrected in explicit source.,01-EVERYTHING-WE-ARE-KEEPING.md,lines 2119-2119
CAN-LAM-META-075,Metadata,I11,WP-I11-010,CORRECTED,"Explicit semantic rewrite adds trigger, expected behavior, observable state, and failure behavior. Reviewed as Metadata Mutation, Editing, and Privacy work because the obligation's primary implementation surface is Metadata; integration verification, removal, and release responsibilities remain separate.",Statement/capability/phase corrected in explicit source.,03-HOW-WE-WILL-KEEP-DELETE-AND-CHANGE.md,lines 1684-1684
CAN-SECTION-0023,Metadata,I7,WP-I7-010,CORRECTED,Synthesized parent prevents list fragments from being counted as independent features while preserving their source rows as criteria. Reviewed section parent follows the majority architectural surface of its explicitly linked child criteria.,Statement/capability/phase corrected in explicit source.,01-EVERYTHING-WE-ARE-KEEPING.md,section aggregate
CAN-SECTION-0084,Metadata,I5,WP-I5-006,CORRECTED,Synthesized parent prevents list fragments from being counted as independent features while preserving their source rows as criteria. Reviewed section parent follows the majority architectural surface of its explicitly linked child criteria.,Statement/capability/phase corrected in explicit source.,01-EVERYTHING-WE-ARE-KEEPING.md,section aggregate
CAN-SECTION-0201,Metadata,I5,WP-I5-006,CORRECTED,Synthesized parent prevents list fragments from being counted as independent features while preserving their source rows as criteria. Reviewed section parent follows the majority architectural surface of its explicitly linked child criteria.,Statement/capability/phase corrected in explicit source.,01-EVERYTHING-WE-ARE-KEEPING.md,section aggregate
CAN-SECTION-0203,Metadata,I10,WP-I10-011,CORRECTED,Synthesized parent prevents list fragments from being counted as independent features while preserving their source rows as criteria. Reviewed section parent follows the majority architectural surface of its explicitly linked child criteria.,Statement/capability/phase corrected in explicit source.,01-EVERYTHING-WE-ARE-KEEPING.md,section aggregate
CAN-SECTION-0208,Metadata,I4,WP-I4-008,CORRECTED,Synthesized parent prevents list fragments from being counted as independent features while preserving their source rows as criteria. Reviewed section parent follows the majority architectural surface of its explicitly linked child criteria.,Statement/capability/phase corrected in explicit source.,01-EVERYTHING-WE-ARE-KEEPING.md,section aggregate
CAN-LAM-ARCH-026,Mind-map projections,I9,WP-I9-001,CORRECTED,"Explicit semantic rewrite adds trigger, expected behavior, observable state, and failure behavior. Reviewed as Mind-Map Projections work because the obligation's primary implementation surface is Mind-map projections; integration verification, removal, and release responsibilities remain separate.",Statement/capability/phase corrected in explicit source.,01-EVERYTHING-WE-ARE-KEEPING.md,lines 294-294
CAN-LAM-ARCH-082,Mind-map projections,I9,WP-I9-004,CORRECTED,"Explicit semantic rewrite adds trigger, expected behavior, observable state, and failure behavior. Reviewed as Mind-Map Projections work because the obligation's primary implementation surface is Mind-map projections; integration verification, removal, and release responsibilities remain separate.",Statement/capability/phase corrected in explicit source.,01-EVERYTHING-WE-ARE-KEEPING.md,lines 698-698
CAN-LAM-ARCH-346,Mind-map projections,I9,WP-I9-001,CORRECTED,"Explicit semantic rewrite adds trigger, expected behavior, observable state, and failure behavior. Reviewed as Mind-Map Projections work because the obligation's primary implementation surface is Mind-map projections; integration verification, removal, and release responsibilities remain separate.",Statement/capability/phase corrected in explicit source.,01-EVERYTHING-WE-ARE-KEEPING.md,lines 2213-2213
CAN-LAM-ARCH-392,Mind-map projections,I9,WP-I9-001,CORRECTED,"Explicit semantic rewrite adds trigger, expected behavior, observable state, and failure behavior. Reviewed as Mind-Map Projections work because the obligation's primary implementation surface is Mind-map projections; integration verification, removal, and release responsibilities remain separate.",Statement/capability/phase corrected in explicit source.,03-HOW-WE-WILL-KEEP-DELETE-AND-CHANGE.md,lines 1467-1467
CAN-LAM-ARCH-393,Mind-map projections,I9,WP-I9-001,CORRECTED,"Explicit semantic rewrite adds trigger, expected behavior, observable state, and failure behavior. Reviewed as Mind-Map Projections work because the obligation's primary implementation surface is Mind-map projections; integration verification, removal, and release responsibilities remain separate.",Statement/capability/phase corrected in explicit source.,03-HOW-WE-WILL-KEEP-DELETE-AND-CHANGE.md,lines 1468-1468
CAN-LAM-ARCH-417,Mind-map projections,I9,WP-I9-006,CORRECTED,"Explicit semantic rewrite adds trigger, expected behavior, observable state, and failure behavior. Reviewed as Mind-Map Projections work because the obligation's primary implementation surface is Mind-map projections; integration verification, removal, and release responsibilities remain separate.",Statement/capability/phase corrected in explicit source.,03-HOW-WE-WILL-KEEP-DELETE-AND-CHANGE.md,lines 1662-1662
CAN-LAM-ARCH-418,Mind-map projections,I9,WP-I9-007,CORRECTED,"Explicit semantic rewrite adds trigger, expected behavior, observable state, and failure behavior. Reviewed as Mind-Map Projections work because the obligation's primary implementation surface is Mind-map projections; integration verification, removal, and release responsibilities remain separate.",Statement/capability/phase corrected in explicit source.,03-HOW-WE-WILL-KEEP-DELETE-AND-CHANGE.md,lines 1663-1663
CAN-LAM-ASSET-035,Mind-map projections,I9,WP-I9-004,CORRECTED,"Semantically normalized from PRODUCT using the source clause, section, capability, current-code evidence, and final-state disposition. Reviewed as Mind-Map Projections work because the obligation's primary implementation surface is Mind-map projections; integration verification, removal, and release responsibilities remain separate.",Statement/capability/phase corrected in explicit source.,01-EVERYTHING-WE-ARE-KEEPING.md,lines 333-333
CAN-LAM-ASSET-069,Mind-map projections,I9,WP-I9-004,CORRECTED,"Semantically normalized from PRODUCT using the source clause, section, capability, current-code evidence, and final-state disposition. Reviewed as Mind-Map Projections work because the obligation's primary implementation surface is Mind-map projections; integration verification, removal, and release responsibilities remain separate.",Statement/capability/phase corrected in explicit source.,01-EVERYTHING-WE-ARE-KEEPING.md,lines 1066-1066
CAN-LAM-EVENT-043,Mind-map projections,I9,WP-I9-004,CORRECTED,"Semantically normalized from PRODUCT using the source clause, section, capability, current-code evidence, and final-state disposition. Reviewed as Mind-Map Projections work because the obligation's primary implementation surface is Mind-map projections; integration verification, removal, and release responsibilities remain separate.",Statement/capability/phase corrected in explicit source.,01-EVERYTHING-WE-ARE-KEEPING.md,lines 1064-1064
CAN-LAM-EVENT-083,Mind-map projections,I9,WP-I9-004,CORRECTED,"Explicit semantic rewrite adds trigger, expected behavior, observable state, and failure behavior. Reviewed as Mind-Map Projections work because the obligation's primary implementation surface is Mind-map projections; integration verification, removal, and release responsibilities remain separate.",Statement/capability/phase corrected in explicit source.,03-HOW-WE-WILL-KEEP-DELETE-AND-CHANGE.md,lines 1466-1466
CAN-LAM-EVENT-084,Mind-map projections,I9,WP-I9-001,CORRECTED,"Explicit semantic rewrite adds trigger, expected behavior, observable state, and failure behavior. Reviewed as Mind-Map Projections work because the obligation's primary implementation surface is Mind-map projections; integration verification, removal, and release responsibilities remain separate.",Statement/capability/phase corrected in explicit source.,03-HOW-WE-WILL-KEEP-DELETE-AND-CHANGE.md,lines 1471-1471
CAN-LAM-FOLDER-022,Mind-map projections,I9,WP-I9-003,CORRECTED,"Semantically normalized from PRODUCT using the source clause, section, capability, current-code evidence, and final-state disposition. Reviewed as Mind-Map Projections work because the obligation's primary implementation surface is Mind-map projections; integration verification, removal, and release responsibilities remain separate.",Statement/capability/phase corrected in explicit source.,01-EVERYTHING-WE-ARE-KEEPING.md,lines 1068-1068
CAN-LAM-PERSON-015,Mind-map projections,I9,WP-I9-005,CORRECTED,"Semantically normalized from PRODUCT using the source clause, section, capability, current-code evidence, and final-state disposition. Reviewed as Mind-Map Projections work because the obligation's primary implementation surface is Mind-map projections; integration verification, removal, and release responsibilities remain separate.",Statement/capability/phase corrected in explicit source.,01-EVERYTHING-WE-ARE-KEEPING.md,lines 332-332
CAN-LAM-PERSON-054,Mind-map projections,I9,WP-I9-005,CORRECTED,"Semantically normalized from PRODUCT using the source clause, section, capability, current-code evidence, and final-state disposition. Reviewed as Mind-Map Projections work because the obligation's primary implementation surface is Mind-map projections; integration verification, removal, and release responsibilities remain separate.",Statement/capability/phase corrected in explicit source.,01-EVERYTHING-WE-ARE-KEEPING.md,lines 985-985
CAN-LAM-PERSON-127,Mind-map projections,I9,WP-I9-005,CORRECTED,"Semantically normalized from GOVERNANCE using the source clause, section, capability, current-code evidence, and final-state disposition. Reviewed as Mind-Map Projections work because the obligation's primary implementation surface is Mind-map projections; integration verification, removal, and release responsibilities remain separate.",Statement/capability/phase corrected in explicit source.,03-HOW-WE-WILL-KEEP-DELETE-AND-CHANGE.md,lines 1470-1470
CAN-SECTION-0033,Mind-map projections,I9,WP-I9-001,CORRECTED,Synthesized parent prevents list fragments from being counted as independent features while preserving their source rows as criteria. Reviewed section parent follows the majority architectural surface of its explicitly linked child criteria.,Statement/capability/phase corrected in explicit source.,01-EVERYTHING-WE-ARE-KEEPING.md,section aggregate
CAN-SECTION-0109,Mind-map projections,I9,WP-I9-001,CORRECTED,Synthesized parent prevents list fragments from being counted as independent features while preserving their source rows as criteria. Reviewed section parent follows the majority architectural surface of its explicitly linked child criteria.,Statement/capability/phase corrected in explicit source.,01-EVERYTHING-WE-ARE-KEEPING.md,section aggregate
CAN-SECTION-0111,Mind-map projections,I9,WP-I9-006,CORRECTED,Synthesized parent prevents list fragments from being counted as independent features while preserving their source rows as criteria. Reviewed section parent follows the majority architectural surface of its explicitly linked child criteria.,Statement/capability/phase corrected in explicit source.,03-HOW-WE-WILL-KEEP-DELETE-AND-CHANGE.md,section aggregate
CAN-LAM-AI-047,Packaging and legacy eradication,I15,WP-I15-006,CORRECTED,"Semantically normalized from PRODUCT using the source clause, section, capability, current-code evidence, and final-state disposition. Reviewed as Packaging, Legacy Eradication, and Release work because the obligation's primary implementation surface is Packaging and legacy eradication; integration verification, removal, and release responsibilities remain separate.",Statement/capability/phase corrected in explicit source.,01-EVERYTHING-WE-ARE-KEEPING.md,lines 2186-2186
CAN-LAM-AI-082,Packaging and legacy eradication,I15,WP-I15-008,CORRECTED,"Explicit semantic rewrite adds trigger, expected behavior, observable state, and failure behavior. Reviewed as Packaging, Legacy Eradication, and Release work because the obligation's primary implementation surface is Packaging and legacy eradication; integration verification, removal, and release responsibilities remain separate.",Statement/capability/phase corrected in explicit source.,03-HOW-WE-WILL-KEEP-DELETE-AND-CHANGE.md,lines 1552-1552
CAN-LAM-AI-083,Packaging and legacy eradication,I15,WP-I15-006,CORRECTED,"Semantically normalized from GOVERNANCE using the source clause, section, capability, current-code evidence, and final-state disposition. Reviewed as Packaging, Legacy Eradication, and Release work because the obligation's primary implementation surface is Packaging and legacy eradication; integration verification, removal, and release responsibilities remain separate.",Statement/capability/phase corrected in explicit source.,03-HOW-WE-WILL-KEEP-DELETE-AND-CHANGE.md,lines 1556-1556
CAN-LAM-FOLDER-073,Packaging and legacy eradication,I15,WP-I15-005,CORRECTED,"Explicit semantic rewrite adds trigger, expected behavior, observable state, and failure behavior. Reviewed as Packaging, Legacy Eradication, and Release work because the obligation's primary implementation surface is Packaging and legacy eradication; integration verification, removal, and release responsibilities remain separate.",Statement/capability/phase corrected in explicit source.,03-HOW-WE-WILL-KEEP-DELETE-AND-CHANGE.md,lines 1554-1554
CAN-LAM-GOV-069,Packaging and legacy eradication,I15,WP-I15-006,CORRECTED,"Semantically normalized from PRODUCT using the source clause, section, capability, current-code evidence, and final-state disposition. Reviewed as Packaging, Legacy Eradication, and Release work because the obligation's primary implementation surface is Packaging and legacy eradication; integration verification, removal, and release responsibilities remain separate.",Statement/capability/phase corrected in explicit source.,03-HOW-WE-WILL-KEEP-DELETE-AND-CHANGE.md,lines 155-155
CAN-MISSION-I15-002,Packaging and legacy eradication,I15,WP-I15-007,CORRECTED,"Synthesized directly from the binding repair mission; adds the explicitly mandated I0/I14/I15 prerequisite absent from the extracted Master-Plan row registry. Reviewed as Packaging, Legacy Eradication, and Release work because the obligation's primary implementation surface is Packaging and legacy eradication; integration verification, removal, and release responsibilities remain separate.",Statement/capability/phase corrected in explicit source.,LAMHA ONE-SHOT SEMANTIC PLANNING REPAIR MISSION,attached mission
CAN-LAM-AI-022,People and faces,I7,WP-I7-001,CORRECTED,"Semantically normalized from PRODUCT using the source clause, section, capability, current-code evidence, and final-state disposition. Reviewed as People, Faces, and Groups work because the obligation's primary implementation surface is People and faces; integration verification, removal, and release responsibilities remain separate.",Statement/capability/phase corrected in explicit source.,01-EVERYTHING-WE-ARE-KEEPING.md,lines 881-881
CAN-LAM-ARCH-106,People and faces,I7,WP-I7-004,CORRECTED,"Explicit semantic rewrite adds trigger, expected behavior, observable state, and failure behavior. Reviewed as People, Faces, and Groups work because the obligation's primary implementation surface is People and faces; integration verification, removal, and release responsibilities remain separate.",Statement/capability/phase corrected in explicit source.,01-EVERYTHING-WE-ARE-KEEPING.md,lines 890-890
CAN-LAM-ARCH-113,People and faces,I7,WP-I7-008,CORRECTED,"Explicit semantic rewrite adds trigger, expected behavior, observable state, and failure behavior. Reviewed as People, Faces, and Groups work because the obligation's primary implementation surface is People and faces; integration verification, removal, and release responsibilities remain separate.",Statement/capability/phase corrected in explicit source.,01-EVERYTHING-WE-ARE-KEEPING.md,lines 950-950
CAN-LAM-ARCH-119,People and faces,I7,WP-I7-007,CORRECTED,"Explicit semantic rewrite adds trigger, expected behavior, observable state, and failure behavior. Reviewed as People, Faces, and Groups work because the obligation's primary implementation surface is People and faces; integration verification, removal, and release responsibilities remain separate.",Statement/capability/phase corrected in explicit source.,01-EVERYTHING-WE-ARE-KEEPING.md,lines 965-965
CAN-LAM-ARCH-384,People and faces,I7,WP-I7-007,CORRECTED,"Explicit semantic rewrite adds trigger, expected behavior, observable state, and failure behavior. Reviewed as People, Faces, and Groups work because the obligation's primary implementation surface is People and faces; integration verification, removal, and release responsibilities remain separate.",Statement/capability/phase corrected in explicit source.,03-HOW-WE-WILL-KEEP-DELETE-AND-CHANGE.md,lines 1439-1439
CAN-LAM-ASSET-067,People and faces,I8,WP-I8-006,CONFIRMED,"Semantically normalized from PRODUCT using the source clause, section, capability, current-code evidence, and final-state disposition. Reviewed as Tags, Relationships, and Attribution work because the obligation's primary implementation surface is People and faces; integration verification, removal, and release responsibilities remain separate.",Complete testable statement and phase/package boundary confirmed against source provenance.,01-EVERYTHING-WE-ARE-KEEPING.md,lines 1043-1043
CAN-LAM-EVENT-041,People and faces,I7,WP-I7-007,CONFIRMED,"Semantically normalized from PRODUCT using the source clause, section, capability, current-code evidence, and final-state disposition. Reviewed as People, Faces, and Groups work because the obligation's primary implementation surface is People and faces; integration verification, removal, and release responsibilities remain separate.",Complete testable statement and phase/package boundary confirmed against source provenance.,01-EVERYTHING-WE-ARE-KEEPING.md,lines 979-979
CAN-LAM-META-027,People and faces,I7,WP-I7-007,CONFIRMED,"Semantically normalized from GOVERNANCE using the source clause, section, capability, current-code evidence, and final-state disposition. Reviewed as People, Faces, and Groups work because the obligation's primary implementation surface is People and faces; integration verification, removal, and release responsibilities remain separate.",Complete testable statement and phase/package boundary confirmed against source provenance.,01-EVERYTHING-WE-ARE-KEEPING.md,lines 971-971
CAN-LAM-PERSON-011,People and faces,I8,WP-I8-004,CORRECTED,"Explicit semantic rewrite adds trigger, expected behavior, observable state, and failure behavior. Reviewed as Tags, Relationships, and Attribution work because the obligation's primary implementation surface is People and faces; integration verification, removal, and release responsibilities remain separate.",Statement/capability/phase corrected in explicit source.,01-EVERYTHING-WE-ARE-KEEPING.md,lines 293-293
CAN-LAM-PERSON-028,People and faces,I7,WP-I7-004,CORRECTED,"Explicit semantic rewrite adds trigger, expected behavior, observable state, and failure behavior. Reviewed as People, Faces, and Groups work because the obligation's primary implementation surface is People and faces; integration verification, removal, and release responsibilities remain separate.",Statement/capability/phase corrected in explicit source.,01-EVERYTHING-WE-ARE-KEEPING.md,lines 389-389
CAN-LAM-PERSON-039,People and faces,I7,WP-I7-009,CORRECTED,"Explicit semantic rewrite adds trigger, expected behavior, observable state, and failure behavior. Reviewed as People, Faces, and Groups work because the obligation's primary implementation surface is People and faces; integration verification, removal, and release responsibilities remain separate.",Statement/capability/phase corrected in explicit source.,01-EVERYTHING-WE-ARE-KEEPING.md,lines 879-879
CAN-LAM-PERSON-046,People and faces,I7,WP-I7-004,CORRECTED,"Explicit semantic rewrite adds trigger, expected behavior, observable state, and failure behavior. Reviewed as People, Faces, and Groups work because the obligation's primary implementation surface is People and faces; integration verification, removal, and release responsibilities remain separate.",Statement/capability/phase corrected in explicit source.,01-EVERYTHING-WE-ARE-KEEPING.md,lines 908-908
CAN-LAM-PERSON-055,People and faces,I7,WP-I7-002,CORRECTED,"Explicit semantic rewrite adds trigger, expected behavior, observable state, and failure behavior. Reviewed as People, Faces, and Groups work because the obligation's primary implementation surface is People and faces; integration verification, removal, and release responsibilities remain separate.",Statement/capability/phase corrected in explicit source.,01-EVERYTHING-WE-ARE-KEEPING.md,lines 991-991
CAN-LAM-PERSON-078,People and faces,I7,WP-I7-004,CORRECTED,"Explicit rewrite preserves the source prohibition and adds an observable boundary. Reviewed as People, Faces, and Groups work because the obligation's primary implementation surface is People and faces; integration verification, removal, and release responsibilities remain separate.",Statement/capability/phase corrected in explicit source.,01-EVERYTHING-WE-ARE-KEEPING.md,lines 1400-1400
CAN-LAM-PERSON-088,People and faces,I5,WP-I5-007,CORRECTED,"Explicit semantic rewrite adds trigger, expected behavior, observable state, and failure behavior. Reviewed as Offline Library Experience work because the obligation's primary implementation surface is People and faces; integration verification, removal, and release responsibilities remain separate.",Statement/capability/phase corrected in explicit source.,01-EVERYTHING-WE-ARE-KEEPING.md,lines 1728-1728
CAN-LAM-PERSON-096,People and faces,I7,WP-I7-010,CORRECTED,"Explicit semantic rewrite adds trigger, expected behavior, observable state, and failure behavior. Reviewed as People, Faces, and Groups work because the obligation's primary implementation surface is People and faces; integration verification, removal, and release responsibilities remain separate.",Statement/capability/phase corrected in explicit source.,01-EVERYTHING-WE-ARE-KEEPING.md,lines 1963-1963
CAN-LAM-SEARCH-005,People and faces,I7,WP-I7-007,CORRECTED,"Explicit semantic rewrite adds trigger, expected behavior, observable state, and failure behavior. Reviewed as People, Faces, and Groups work because the obligation's primary implementation surface is People and faces; integration verification, removal, and release responsibilities remain separate.",Statement/capability/phase corrected in explicit source.,01-EVERYTHING-WE-ARE-KEEPING.md,lines 969-969
CAN-SECTION-0215,People and faces,I7,WP-I7-003,CORRECTED,Synthesized parent prevents list fragments from being counted as independent features while preserving their source rows as criteria. Reviewed section parent follows the majority architectural surface of its explicitly linked child criteria.,Statement/capability/phase corrected in explicit source.,01-EVERYTHING-WE-ARE-KEEPING.md,section aggregate
CAN-SECTION-0226,People and faces,I5,WP-I5-007,CORRECTED,Synthesized parent prevents list fragments from being counted as independent features while preserving their source rows as criteria. Reviewed section parent follows the majority architectural surface of its explicitly linked child criteria.,Statement/capability/phase corrected in explicit source.,01-EVERYTHING-WE-ARE-KEEPING.md,section aggregate
CAN-SECTION-0232,People and faces,I7,WP-I7-001,CORRECTED,Synthesized parent prevents list fragments from being counted as independent features while preserving their source rows as criteria. Reviewed section parent follows the majority architectural surface of its explicitly linked child criteria.,Statement/capability/phase corrected in explicit source.,03-HOW-WE-WILL-KEEP-DELETE-AND-CHANGE.md,section aggregate
CAN-LAM-AI-036,Relationships and attribution,I8,WP-I8-007,CORRECTED,"Semantically normalized from PRODUCT using the source clause, section, capability, current-code evidence, and final-state disposition. Reviewed as Tags, Relationships, and Attribution work because the obligation's primary implementation surface is Relationships and attribution; integration verification, removal, and release responsibilities remain separate.",Statement/capability/phase corrected in explicit source.,01-EVERYTHING-WE-ARE-KEEPING.md,lines 1684-1684
CAN-LAM-ARCH-127,Relationships and attribution,I8,WP-I8-009,CORRECTED,"Explicit semantic rewrite adds trigger, expected behavior, observable state, and failure behavior. Reviewed as Tags, Relationships, and Attribution work because the obligation's primary implementation surface is Relationships and attribution; integration verification, removal, and release responsibilities remain separate.",Statement/capability/phase corrected in explicit source.,01-EVERYTHING-WE-ARE-KEEPING.md,lines 1030-1030
CAN-LAM-ARCH-130,Relationships and attribution,I8,WP-I8-004,CORRECTED,"Explicit semantic rewrite adds trigger, expected behavior, observable state, and failure behavior. Reviewed as Tags, Relationships, and Attribution work because the obligation's primary implementation surface is Relationships and attribution; integration verification, removal, and release responsibilities remain separate.",Statement/capability/phase corrected in explicit source.,01-EVERYTHING-WE-ARE-KEEPING.md,lines 1033-1033
CAN-LAM-ARCH-175,Relationships and attribution,I8,WP-I8-006,CORRECTED,"Semantically normalized from PRODUCT using the source clause, section, capability, current-code evidence, and final-state disposition. Reviewed as Tags, Relationships, and Attribution work because the obligation's primary implementation surface is Relationships and attribution; integration verification, removal, and release responsibilities remain separate.",Statement/capability/phase corrected in explicit source.,01-EVERYTHING-WE-ARE-KEEPING.md,lines 1300-1300
CAN-LAM-ARCH-387,Relationships and attribution,I8,WP-I8-006,CORRECTED,"Explicit semantic rewrite adds trigger, expected behavior, observable state, and failure behavior. Reviewed as Tags, Relationships, and Attribution work because the obligation's primary implementation surface is Relationships and attribution; integration verification, removal, and release responsibilities remain separate.",Statement/capability/phase corrected in explicit source.,03-HOW-WE-WILL-KEEP-DELETE-AND-CHANGE.md,lines 1450-1450
CAN-LAM-ARCH-391,Relationships and attribution,I8,WP-I8-010,CORRECTED,"Explicit semantic rewrite adds trigger, expected behavior, observable state, and failure behavior. Reviewed as Tags, Relationships, and Attribution work because the obligation's primary implementation surface is Relationships and attribution; integration verification, removal, and release responsibilities remain separate.",Statement/capability/phase corrected in explicit source.,03-HOW-WE-WILL-KEEP-DELETE-AND-CHANGE.md,lines 1460-1460
CAN-LAM-ASSET-015,Relationships and attribution,I8,WP-I8-007,CORRECTED,"Semantically normalized from PRODUCT using the source clause, section, capability, current-code evidence, and final-state disposition. Reviewed as Tags, Relationships, and Attribution work because the obligation's primary implementation surface is Relationships and attribution; integration verification, removal, and release responsibilities remain separate.",Statement/capability/phase corrected in explicit source.,01-EVERYTHING-WE-ARE-KEEPING.md,lines 136-136
CAN-LAM-ASSET-066,Relationships and attribution,I8,WP-I8-007,CORRECTED,"Semantically normalized from PRODUCT using the source clause, section, capability, current-code evidence, and final-state disposition. Reviewed as Tags, Relationships, and Attribution work because the obligation's primary implementation surface is Relationships and attribution; integration verification, removal, and release responsibilities remain separate.",Statement/capability/phase corrected in explicit source.,01-EVERYTHING-WE-ARE-KEEPING.md,lines 1005-1005
CAN-LAM-ASSET-080,Relationships and attribution,I8,WP-I8-006,CORRECTED,"Semantically normalized from PRODUCT using the source clause, section, capability, current-code evidence, and final-state disposition. Reviewed as Tags, Relationships, and Attribution work because the obligation's primary implementation surface is Relationships and attribution; integration verification, removal, and release responsibilities remain separate.",Statement/capability/phase corrected in explicit source.,01-EVERYTHING-WE-ARE-KEEPING.md,lines 1301-1301
CAN-LAM-ASSET-086,Relationships and attribution,I8,WP-I8-007,CORRECTED,"Semantically normalized from PRODUCT using the source clause, section, capability, current-code evidence, and final-state disposition. Reviewed as Tags, Relationships, and Attribution work because the obligation's primary implementation surface is Relationships and attribution; integration verification, removal, and release responsibilities remain separate.",Statement/capability/phase corrected in explicit source.,01-EVERYTHING-WE-ARE-KEEPING.md,lines 1335-1335
CAN-LAM-ASSET-091,Relationships and attribution,I8,WP-I8-007,CORRECTED,"Semantically normalized from PRODUCT using the source clause, section, capability, current-code evidence, and final-state disposition. Reviewed as Tags, Relationships, and Attribution work because the obligation's primary implementation surface is Relationships and attribution; integration verification, removal, and release responsibilities remain separate.",Statement/capability/phase corrected in explicit source.,01-EVERYTHING-WE-ARE-KEEPING.md,lines 1371-1371
CAN-LAM-ASSET-106,Relationships and attribution,I8,WP-I8-007,CORRECTED,"Explicit semantic rewrite adds trigger, expected behavior, observable state, and failure behavior. Reviewed as Tags, Relationships, and Attribution work because the obligation's primary implementation surface is Relationships and attribution; integration verification, removal, and release responsibilities remain separate.",Statement/capability/phase corrected in explicit source.,01-EVERYTHING-WE-ARE-KEEPING.md,lines 1433-1433
CAN-LAM-PERSON-002,Relationships and attribution,I8,WP-I8-005,CORRECTED,"Semantically normalized from PRODUCT using the source clause, section, capability, current-code evidence, and final-state disposition. Reviewed as Tags, Relationships, and Attribution work because the obligation's primary implementation surface is Relationships and attribution; integration verification, removal, and release responsibilities remain separate.",Statement/capability/phase corrected in explicit source.,01-EVERYTHING-WE-ARE-KEEPING.md,lines 140-140
CAN-LAM-PERSON-059,Relationships and attribution,I8,WP-I8-004,CORRECTED,"Explicit semantic rewrite adds trigger, expected behavior, observable state, and failure behavior. Reviewed as Tags, Relationships, and Attribution work because the obligation's primary implementation surface is Relationships and attribution; integration verification, removal, and release responsibilities remain separate.",Statement/capability/phase corrected in explicit source.,01-EVERYTHING-WE-ARE-KEEPING.md,lines 1027-1027
CAN-LAM-PERSON-071,Relationships and attribution,I8,WP-I8-006,CORRECTED,"Semantically normalized from PRODUCT using the source clause, section, capability, current-code evidence, and final-state disposition. Reviewed as Tags, Relationships, and Attribution work because the obligation's primary implementation surface is Relationships and attribution; integration verification, removal, and release responsibilities remain separate.",Statement/capability/phase corrected in explicit source.,01-EVERYTHING-WE-ARE-KEEPING.md,lines 1298-1298
CAN-LAM-PERSON-075,Relationships and attribution,I8,WP-I8-006,CORRECTED,"Semantically normalized from PRODUCT using the source clause, section, capability, current-code evidence, and final-state disposition. Reviewed as Tags, Relationships, and Attribution work because the obligation's primary implementation surface is Relationships and attribution; integration verification, removal, and release responsibilities remain separate.",Statement/capability/phase corrected in explicit source.,01-EVERYTHING-WE-ARE-KEEPING.md,lines 1303-1303
CAN-LAM-PERSON-123,Relationships and attribution,I8,WP-I8-004,CORRECTED,"Semantically normalized from GOVERNANCE using the source clause, section, capability, current-code evidence, and final-state disposition. Reviewed as Tags, Relationships, and Attribution work because the obligation's primary implementation surface is Relationships and attribution; integration verification, removal, and release responsibilities remain separate.",Statement/capability/phase corrected in explicit source.,03-HOW-WE-WILL-KEEP-DELETE-AND-CHANGE.md,lines 1451-1451
CAN-SECTION-0060,Relationships and attribution,I8,WP-I8-004,CORRECTED,Synthesized parent prevents list fragments from being counted as independent features while preserving their source rows as criteria. Reviewed section parent follows the majority architectural surface of its explicitly linked child criteria.,Statement/capability/phase corrected in explicit source.,01-EVERYTHING-WE-ARE-KEEPING.md,section aggregate
CAN-SECTION-0116,Relationships and attribution,I8,WP-I8-007,CORRECTED,Synthesized parent prevents list fragments from being counted as independent features while preserving their source rows as criteria. Reviewed section parent follows the majority architectural surface of its explicitly linked child criteria.,Statement/capability/phase corrected in explicit source.,01-EVERYTHING-WE-ARE-KEEPING.md,section aggregate
CAN-SECTION-0127,Relationships and attribution,I8,WP-I8-006,CORRECTED,Synthesized parent prevents list fragments from being counted as independent features while preserving their source rows as criteria. Reviewed section parent follows the majority architectural surface of its explicitly linked child criteria.,Statement/capability/phase corrected in explicit source.,01-EVERYTHING-WE-ARE-KEEPING.md,section aggregate
CAN-MISSION-I0-001,Repository proof and feasibility,I0,WP-I0-001,CORRECTED,Synthesized directly from the binding repair mission; adds the explicitly mandated I0/I14/I15 prerequisite absent from the extracted Master-Plan row registry. Reviewed as an I0 safety/baseline obligation from the mission-owned Phase 0 registry.,Statement/capability/phase corrected in explicit source.,LAMHA ONE-SHOT SEMANTIC PLANNING REPAIR MISSION,attached mission
CAN-MISSION-I0-002,Repository proof and feasibility,I0,WP-I0-002,CORRECTED,Synthesized directly from the binding repair mission; adds the explicitly mandated I0/I14/I15 prerequisite absent from the extracted Master-Plan row registry. Reviewed as an I0 safety/baseline obligation from the mission-owned Phase 0 registry.,Statement/capability/phase corrected in explicit source.,LAMHA ONE-SHOT SEMANTIC PLANNING REPAIR MISSION,attached mission
CAN-MISSION-I0-003,Repository proof and feasibility,I0,WP-I0-003,CORRECTED,Synthesized directly from the binding repair mission; adds the explicitly mandated I0/I14/I15 prerequisite absent from the extracted Master-Plan row registry. Reviewed as an I0 safety/baseline obligation from the mission-owned Phase 0 registry.,Statement/capability/phase corrected in explicit source.,LAMHA ONE-SHOT SEMANTIC PLANNING REPAIR MISSION,attached mission
CAN-MISSION-I0-004,Repository proof and feasibility,I0,WP-I0-004,CORRECTED,Synthesized directly from the binding repair mission; adds the explicitly mandated I0/I14/I15 prerequisite absent from the extracted Master-Plan row registry. Reviewed as an I0 safety/baseline obligation from the mission-owned Phase 0 registry.,Statement/capability/phase corrected in explicit source.,LAMHA ONE-SHOT SEMANTIC PLANNING REPAIR MISSION,attached mission
CAN-MISSION-I0-005,Repository proof and feasibility,I0,WP-I0-006,CORRECTED,Synthesized directly from the binding repair mission; adds the explicitly mandated I0/I14/I15 prerequisite absent from the extracted Master-Plan row registry. Reviewed as an I0 safety/baseline obligation from the mission-owned Phase 0 registry.,Statement/capability/phase corrected in explicit source.,LAMHA ONE-SHOT SEMANTIC PLANNING REPAIR MISSION,attached mission
CAN-MISSION-I0-006,Repository proof and feasibility,I0,WP-I0-005,CORRECTED,Synthesized directly from the binding repair mission; adds the explicitly mandated I0/I14/I15 prerequisite absent from the extracted Master-Plan row registry. Reviewed as an I0 safety/baseline obligation from the mission-owned Phase 0 registry.,Statement/capability/phase corrected in explicit source.,LAMHA ONE-SHOT SEMANTIC PLANNING REPAIR MISSION,attached mission
CAN-MISSION-I0-007,Repository proof and feasibility,I0,WP-I0-007,CORRECTED,Synthesized directly from the binding repair mission; adds the explicitly mandated I0/I14/I15 prerequisite absent from the extracted Master-Plan row registry. Reviewed as an I0 safety/baseline obligation from the mission-owned Phase 0 registry.,Statement/capability/phase corrected in explicit source.,LAMHA ONE-SHOT SEMANTIC PLANNING REPAIR MISSION,attached mission
CAN-MISSION-I0-008,Repository proof and feasibility,I0,WP-I0-008,CORRECTED,Synthesized directly from the binding repair mission; adds the explicitly mandated I0/I14/I15 prerequisite absent from the extracted Master-Plan row registry. Reviewed as an I0 safety/baseline obligation from the mission-owned Phase 0 registry.,Statement/capability/phase corrected in explicit source.,LAMHA ONE-SHOT SEMANTIC PLANNING REPAIR MISSION,attached mission
CAN-MISSION-I0-009,Repository proof and feasibility,I0,WP-I0-009,CORRECTED,Synthesized directly from the binding repair mission; adds the explicitly mandated I0/I14/I15 prerequisite absent from the extracted Master-Plan row registry. Reviewed as an I0 safety/baseline obligation from the mission-owned Phase 0 registry.,Statement/capability/phase corrected in explicit source.,LAMHA ONE-SHOT SEMANTIC PLANNING REPAIR MISSION,attached mission
CAN-MISSION-I0-010,Repository proof and feasibility,I0,WP-I0-010,CORRECTED,Synthesized directly from the binding repair mission; adds the explicitly mandated I0/I14/I15 prerequisite absent from the extracted Master-Plan row registry. Reviewed as an I0 safety/baseline obligation from the mission-owned Phase 0 registry.,Statement/capability/phase corrected in explicit source.,LAMHA ONE-SHOT SEMANTIC PLANNING REPAIR MISSION,attached mission
CAN-MISSION-I0-011,Repository proof and feasibility,I0,WP-I0-011,CORRECTED,Converted a malformed positive template into the source prohibition. Reviewed as an I0 safety/baseline obligation from the mission-owned Phase 0 registry.,Statement/capability/phase corrected in explicit source.,LAMHA ONE-SHOT SEMANTIC PLANNING REPAIR MISSION,attached mission
CAN-LAM-AI-007,Review Centre,I10,WP-I10-003,CONFIRMED,"Semantically normalized from PRODUCT using the source clause, section, capability, current-code evidence, and final-state disposition. Reviewed as Local AI, Search, and Duplicates work because the obligation's primary implementation surface is Review Centre; integration verification, removal, and release responsibilities remain separate.",Complete testable statement and phase/package boundary confirmed against source provenance.,01-EVERYTHING-WE-ARE-KEEPING.md,lines 75-75
CAN-LAM-AI-018,Review Centre,I10,WP-I10-011,CORRECTED,"Explicit semantic rewrite adds trigger, expected behavior, observable state, and failure behavior. Reviewed as Local AI, Search, and Duplicates work because the obligation's primary implementation surface is Review Centre; integration verification, removal, and release responsibilities remain separate.",Statement/capability/phase corrected in explicit source.,01-EVERYTHING-WE-ARE-KEEPING.md,lines 392-392
CAN-LAM-AI-043,Review Centre,I5,WP-I5-010,CORRECTED,"Explicit semantic rewrite adds trigger, expected behavior, observable state, and failure behavior. Reviewed as Offline Library Experience work because the obligation's primary implementation surface is Review Centre; integration verification, removal, and release responsibilities remain separate.",Statement/capability/phase corrected in explicit source.,01-EVERYTHING-WE-ARE-KEEPING.md,lines 2014-2014
CAN-LAM-ARCH-166,Review Centre,I5,WP-I5-010,CONFIRMED,"Semantically normalized from PRODUCT using the source clause, section, capability, current-code evidence, and final-state disposition. Reviewed as Offline Library Experience work because the obligation's primary implementation surface is Review Centre; integration verification, removal, and release responsibilities remain separate.",Complete testable statement and phase/package boundary confirmed against source provenance.,01-EVERYTHING-WE-ARE-KEEPING.md,lines 1253-1253
CAN-LAM-ARCH-168,Review Centre,I5,WP-I5-010,CORRECTED,"Explicit semantic rewrite adds trigger, expected behavior, observable state, and failure behavior. Reviewed as Offline Library Experience work because the obligation's primary implementation surface is Review Centre; integration verification, removal, and release responsibilities remain separate.",Statement/capability/phase corrected in explicit source.,01-EVERYTHING-WE-ARE-KEEPING.md,lines 1257-1257
CAN-LAM-ARCH-170,Review Centre,I5,WP-I5-010,CORRECTED,"Explicit semantic rewrite adds trigger, expected behavior, observable state, and failure behavior. Reviewed as Offline Library Experience work because the obligation's primary implementation surface is Review Centre; integration verification, removal, and release responsibilities remain separate.",Statement/capability/phase corrected in explicit source.,01-EVERYTHING-WE-ARE-KEEPING.md,lines 1259-1259
CAN-LAM-ARCH-172,Review Centre,I5,WP-I5-010,CORRECTED,"Explicit semantic rewrite adds trigger, expected behavior, observable state, and failure behavior. Reviewed as Offline Library Experience work because the obligation's primary implementation surface is Review Centre; integration verification, removal, and release responsibilities remain separate.",Statement/capability/phase corrected in explicit source.,01-EVERYTHING-WE-ARE-KEEPING.md,lines 1262-1262
CAN-LAM-ARCH-270,Review Centre,I5,WP-I5-010,CORRECTED,"Explicit semantic rewrite adds trigger, expected behavior, observable state, and failure behavior. Reviewed as Offline Library Experience work because the obligation's primary implementation surface is Review Centre; integration verification, removal, and release responsibilities remain separate.",Statement/capability/phase corrected in explicit source.,01-EVERYTHING-WE-ARE-KEEPING.md,lines 1836-1836
CAN-LAM-ARCH-272,Review Centre,I5,WP-I5-010,CORRECTED,"Explicit semantic rewrite adds trigger, expected behavior, observable state, and failure behavior. Reviewed as Offline Library Experience work because the obligation's primary implementation surface is Review Centre; integration verification, removal, and release responsibilities remain separate.",Statement/capability/phase corrected in explicit source.,01-EVERYTHING-WE-ARE-KEEPING.md,lines 1840-1840
CAN-LAM-ARCH-274,Review Centre,I5,WP-I5-010,CORRECTED,"Explicit semantic rewrite adds trigger, expected behavior, observable state, and failure behavior. Reviewed as Offline Library Experience work because the obligation's primary implementation surface is Review Centre; integration verification, removal, and release responsibilities remain separate.",Statement/capability/phase corrected in explicit source.,01-EVERYTHING-WE-ARE-KEEPING.md,lines 1843-1843
CAN-LAM-ARCH-275,Review Centre,I5,WP-I5-010,CORRECTED,"Explicit semantic rewrite adds trigger, expected behavior, observable state, and failure behavior. Reviewed as Offline Library Experience work because the obligation's primary implementation surface is Review Centre; integration verification, removal, and release responsibilities remain separate.",Statement/capability/phase corrected in explicit source.,01-EVERYTHING-WE-ARE-KEEPING.md,lines 1844-1844
CAN-LAM-ARCH-277,Review Centre,I5,WP-I5-005,CORRECTED,"Explicit semantic rewrite adds trigger, expected behavior, observable state, and failure behavior. Reviewed as Offline Library Experience work because the obligation's primary implementation surface is Review Centre; integration verification, removal, and release responsibilities remain separate.",Statement/capability/phase corrected in explicit source.,01-EVERYTHING-WE-ARE-KEEPING.md,lines 1846-1846
CAN-LAM-ARCH-302,Review Centre,I5,WP-I5-010,CORRECTED,"Explicit semantic rewrite adds trigger, expected behavior, observable state, and failure behavior. Reviewed as Offline Library Experience work because the obligation's primary implementation surface is Review Centre; integration verification, removal, and release responsibilities remain separate.",Statement/capability/phase corrected in explicit source.,01-EVERYTHING-WE-ARE-KEEPING.md,lines 2013-2013
CAN-LAM-GOV-241,Review Centre,I5,WP-I5-010,CORRECTED,"Explicit semantic rewrite adds trigger, expected behavior, observable state, and failure behavior. Reviewed as Offline Library Experience work because the obligation's primary implementation surface is Review Centre; integration verification, removal, and release responsibilities remain separate.",Statement/capability/phase corrected in explicit source.,03-HOW-WE-WILL-KEEP-DELETE-AND-CHANGE.md,lines 1027-1027
CAN-LAM-GOV-244,Review Centre,I5,WP-I5-009,CORRECTED,"Explicit semantic rewrite adds trigger, expected behavior, observable state, and failure behavior. Reviewed as Offline Library Experience work because the obligation's primary implementation surface is Review Centre; integration verification, removal, and release responsibilities remain separate.",Statement/capability/phase corrected in explicit source.,03-HOW-WE-WILL-KEEP-DELETE-AND-CHANGE.md,lines 1030-1030
CAN-LAM-SEARCH-011,Review Centre,I5,WP-I5-010,CORRECTED,"Explicit semantic rewrite adds trigger, expected behavior, observable state, and failure behavior. Reviewed as Offline Library Experience work because the obligation's primary implementation surface is Review Centre; integration verification, removal, and release responsibilities remain separate.",Statement/capability/phase corrected in explicit source.,01-EVERYTHING-WE-ARE-KEEPING.md,lines 1853-1853
CAN-LAM-SEARCH-012,Review Centre,I5,WP-I5-010,CORRECTED,"Explicit semantic rewrite adds trigger, expected behavior, observable state, and failure behavior. Reviewed as Offline Library Experience work because the obligation's primary implementation surface is Review Centre; integration verification, removal, and release responsibilities remain separate.",Statement/capability/phase corrected in explicit source.,01-EVERYTHING-WE-ARE-KEEPING.md,lines 1854-1854
CAN-SECTION-0024,Review Centre,I5,WP-I5-010,CORRECTED,Synthesized parent prevents list fragments from being counted as independent features while preserving their source rows as criteria. Reviewed section parent follows the majority architectural surface of its explicitly linked child criteria.,Statement/capability/phase corrected in explicit source.,01-EVERYTHING-WE-ARE-KEEPING.md,section aggregate
CAN-SECTION-0091,Review Centre,I5,WP-I5-010,CORRECTED,Synthesized parent prevents list fragments from being counted as independent features while preserving their source rows as criteria. Reviewed section parent follows the majority architectural surface of its explicitly linked child criteria.,Statement/capability/phase corrected in explicit source.,01-EVERYTHING-WE-ARE-KEEPING.md,section aggregate
CAN-SECTION-0194,Review Centre,I5,WP-I5-010,CORRECTED,Synthesized parent prevents list fragments from being counted as independent features while preserving their source rows as criteria. Reviewed section parent follows the majority architectural surface of its explicitly linked child criteria.,Statement/capability/phase corrected in explicit source.,03-HOW-WE-WILL-KEEP-DELETE-AND-CHANGE.md,section aggregate
CAN-LAM-AI-014,Search and OCR,I10,WP-I10-009,CORRECTED,"Explicit semantic rewrite adds trigger, expected behavior, observable state, and failure behavior. Reviewed as Local AI, Search, and Duplicates work because the obligation's primary implementation surface is Search and OCR; integration verification, removal, and release responsibilities remain separate.",Statement/capability/phase corrected in explicit source.,01-EVERYTHING-WE-ARE-KEEPING.md,lines 287-287
CAN-LAM-AI-029,Search and OCR,I10,WP-I10-010,CORRECTED,"Explicit semantic rewrite adds trigger, expected behavior, observable state, and failure behavior. Reviewed as Local AI, Search, and Duplicates work because the obligation's primary implementation surface is Search and OCR; integration verification, removal, and release responsibilities remain separate.",Statement/capability/phase corrected in explicit source.,01-EVERYTHING-WE-ARE-KEEPING.md,lines 1596-1596
CAN-LAM-AI-035,Search and OCR,I10,WP-I10-009,CONFIRMED,"Semantically normalized from PRODUCT using the source clause, section, capability, current-code evidence, and final-state disposition. Reviewed as Local AI, Search, and Duplicates work because the obligation's primary implementation surface is Search and OCR; integration verification, removal, and release responsibilities remain separate.",Complete testable statement and phase/package boundary confirmed against source provenance.,01-EVERYTHING-WE-ARE-KEEPING.md,lines 1683-1683
CAN-LAM-ARCH-197,Search and OCR,I10,WP-I10-010,CORRECTED,"Explicit semantic rewrite adds trigger, expected behavior, observable state, and failure behavior. Reviewed as Local AI, Search, and Duplicates work because the obligation's primary implementation surface is Search and OCR; integration verification, removal, and release responsibilities remain separate.",Statement/capability/phase corrected in explicit source.,01-EVERYTHING-WE-ARE-KEEPING.md,lines 1574-1574
CAN-LAM-ARCH-201,Search and OCR,I10,WP-I10-010,CORRECTED,"Explicit semantic rewrite adds trigger, expected behavior, observable state, and failure behavior. Reviewed as Local AI, Search, and Duplicates work because the obligation's primary implementation surface is Search and OCR; integration verification, removal, and release responsibilities remain separate.",Statement/capability/phase corrected in explicit source.,01-EVERYTHING-WE-ARE-KEEPING.md,lines 1584-1584
CAN-LAM-ARCH-203,Search and OCR,I10,WP-I10-010,CORRECTED,"Explicit semantic rewrite adds trigger, expected behavior, observable state, and failure behavior. Reviewed as Local AI, Search, and Duplicates work because the obligation's primary implementation surface is Search and OCR; integration verification, removal, and release responsibilities remain separate.",Statement/capability/phase corrected in explicit source.,01-EVERYTHING-WE-ARE-KEEPING.md,lines 1586-1586
CAN-LAM-ARCH-205,Search and OCR,I10,WP-I10-010,CORRECTED,"Explicit semantic rewrite adds trigger, expected behavior, observable state, and failure behavior. Reviewed as Local AI, Search, and Duplicates work because the obligation's primary implementation surface is Search and OCR; integration verification, removal, and release responsibilities remain separate.",Statement/capability/phase corrected in explicit source.,01-EVERYTHING-WE-ARE-KEEPING.md,lines 1588-1588
CAN-LAM-ARCH-207,Search and OCR,I10,WP-I10-010,CORRECTED,"Explicit semantic rewrite adds trigger, expected behavior, observable state, and failure behavior. Reviewed as Local AI, Search, and Duplicates work because the obligation's primary implementation surface is Search and OCR; integration verification, removal, and release responsibilities remain separate.",Statement/capability/phase corrected in explicit source.,01-EVERYTHING-WE-ARE-KEEPING.md,lines 1590-1590
CAN-LAM-ARCH-209,Search and OCR,I10,WP-I10-010,CORRECTED,"Explicit semantic rewrite adds trigger, expected behavior, observable state, and failure behavior. Reviewed as Local AI, Search, and Duplicates work because the obligation's primary implementation surface is Search and OCR; integration verification, removal, and release responsibilities remain separate.",Statement/capability/phase corrected in explicit source.,01-EVERYTHING-WE-ARE-KEEPING.md,lines 1592-1592
CAN-LAM-ARCH-212,Search and OCR,I10,WP-I10-010,CORRECTED,"Explicit semantic rewrite adds trigger, expected behavior, observable state, and failure behavior. Reviewed as Local AI, Search, and Duplicates work because the obligation's primary implementation surface is Search and OCR; integration verification, removal, and release responsibilities remain separate.",Statement/capability/phase corrected in explicit source.,01-EVERYTHING-WE-ARE-KEEPING.md,lines 1598-1598
CAN-LAM-ASSET-114,Search and OCR,I10,WP-I10-010,CORRECTED,"Explicit semantic rewrite adds trigger, expected behavior, observable state, and failure behavior. Reviewed as Local AI, Search, and Duplicates work because the obligation's primary implementation surface is Search and OCR; integration verification, removal, and release responsibilities remain separate.",Statement/capability/phase corrected in explicit source.,01-EVERYTHING-WE-ARE-KEEPING.md,lines 1568-1568
CAN-LAM-EVENT-050,Search and OCR,I10,WP-I10-010,CORRECTED,"Explicit semantic rewrite adds trigger, expected behavior, observable state, and failure behavior. Reviewed as Local AI, Search, and Duplicates work because the obligation's primary implementation surface is Search and OCR; integration verification, removal, and release responsibilities remain separate.",Statement/capability/phase corrected in explicit source.,01-EVERYTHING-WE-ARE-KEEPING.md,lines 1571-1571
CAN-LAM-FOLDER-033,Search and OCR,I10,WP-I10-010,CORRECTED,"Explicit semantic rewrite adds trigger, expected behavior, observable state, and failure behavior. Reviewed as Local AI, Search, and Duplicates work because the obligation's primary implementation surface is Search and OCR; integration verification, removal, and release responsibilities remain separate.",Statement/capability/phase corrected in explicit source.,01-EVERYTHING-WE-ARE-KEEPING.md,lines 1570-1570
CAN-LAM-SEARCH-001,Search and OCR,I10,WP-I10-010,CORRECTED,"Explicit semantic rewrite adds trigger, expected behavior, observable state, and failure behavior. Reviewed as Local AI, Search, and Duplicates work because the obligation's primary implementation surface is Search and OCR; integration verification, removal, and release responsibilities remain separate.",Statement/capability/phase corrected in explicit source.,01-EVERYTHING-WE-ARE-KEEPING.md,lines 286-286
CAN-LAM-SEARCH-003,Search and OCR,I10,WP-I10-010,CORRECTED,"Explicit semantic rewrite adds trigger, expected behavior, observable state, and failure behavior. Reviewed as Local AI, Search, and Duplicates work because the obligation's primary implementation surface is Search and OCR; integration verification, removal, and release responsibilities remain separate.",Statement/capability/phase corrected in explicit source.,01-EVERYTHING-WE-ARE-KEEPING.md,lines 321-321
CAN-LAM-SEARCH-006,Search and OCR,I10,WP-I10-010,CORRECTED,"Explicit semantic rewrite adds trigger, expected behavior, observable state, and failure behavior. Reviewed as Local AI, Search, and Duplicates work because the obligation's primary implementation surface is Search and OCR; integration verification, removal, and release responsibilities remain separate.",Statement/capability/phase corrected in explicit source.,01-EVERYTHING-WE-ARE-KEEPING.md,lines 1610-1610
CAN-SECTION-0014,Search and OCR,I10,WP-I10-009,CORRECTED,Synthesized parent prevents list fragments from being counted as independent features while preserving their source rows as criteria. Reviewed section parent follows the majority architectural surface of its explicitly linked child criteria.,Statement/capability/phase corrected in explicit source.,01-EVERYTHING-WE-ARE-KEEPING.md,section aggregate
CAN-SECTION-0025,Search and OCR,I10,WP-I10-009,CORRECTED,Synthesized parent prevents list fragments from being counted as independent features while preserving their source rows as criteria. Reviewed section parent follows the majority architectural surface of its explicitly linked child criteria.,Statement/capability/phase corrected in explicit source.,01-EVERYTHING-WE-ARE-KEEPING.md,section aggregate
CAN-SECTION-0080,Search and OCR,I10,WP-I10-010,CORRECTED,Synthesized parent prevents list fragments from being counted as independent features while preserving their source rows as criteria. Reviewed section parent follows the majority architectural surface of its explicitly linked child criteria.,Statement/capability/phase corrected in explicit source.,01-EVERYTHING-WE-ARE-KEEPING.md,section aggregate
CAN-SECTION-0234,Search and OCR,I10,WP-I10-010,CORRECTED,Synthesized parent prevents list fragments from being counted as independent features while preserving their source rows as criteria. Reviewed section parent follows the majority architectural surface of its explicitly linked child criteria.,Statement/capability/phase corrected in explicit source.,01-EVERYTHING-WE-ARE-KEEPING.md,section aggregate
CAN-LAM-ARCH-301,Settings,I3,WP-I3-016,CORRECTED,"Explicit semantic rewrite adds trigger, expected behavior, observable state, and failure behavior. Reviewed as Authoritative Data and Transaction Foundation work because the obligation's primary implementation surface is Settings; integration verification, removal, and release responsibilities remain separate.",Statement/capability/phase corrected in explicit source.,01-EVERYTHING-WE-ARE-KEEPING.md,lines 2011-2011
CAN-SECTION-0099,Settings,I3,WP-I3-016,CORRECTED,Synthesized parent prevents list fragments from being counted as independent features while preserving their source rows as criteria. Reviewed section parent follows the majority architectural surface of its explicitly linked child criteria.,Statement/capability/phase corrected in explicit source.,01-EVERYTHING-WE-ARE-KEEPING.md,section aggregate
CAN-LAM-ASSET-190,Sharing and mobile backup,I10,WP-I10-014,CORRECTED,"Semantically normalized from GOVERNANCE using the source clause, section, capability, current-code evidence, and final-state disposition. Reviewed as Local AI, Search, and Duplicates work because the obligation's primary implementation surface is Sharing and mobile backup; integration verification, removal, and release responsibilities remain separate.",Statement/capability/phase corrected in explicit source.,03-HOW-WE-WILL-KEEP-DELETE-AND-CHANGE.md,lines 1488-1488
CAN-LAM-AI-006,Sidecars and metadata authority,I3,WP-I3-009,CORRECTED,"Semantically normalized from PRODUCT using the source clause, section, capability, current-code evidence, and final-state disposition. Reviewed as Authoritative Data and Transaction Foundation work because the obligation's primary implementation surface is Sidecars and metadata authority; integration verification, removal, and release responsibilities remain separate.",Statement/capability/phase corrected in explicit source.,01-EVERYTHING-WE-ARE-KEEPING.md,lines 64-64
CAN-LAM-ARCH-038,Sidecars and metadata authority,I3,WP-I3-001,CORRECTED,"Explicit semantic rewrite adds trigger, expected behavior, observable state, and failure behavior. Reviewed as Authoritative Data and Transaction Foundation work because the obligation's primary implementation surface is Sidecars and metadata authority; integration verification, removal, and release responsibilities remain separate.",Statement/capability/phase corrected in explicit source.,01-EVERYTHING-WE-ARE-KEEPING.md,lines 375-375
CAN-LAM-ARCH-089,Sidecars and metadata authority,I4,WP-I4-001,CORRECTED,"Explicit semantic rewrite adds trigger, expected behavior, observable state, and failure behavior. Reviewed as Media Discovery and Derived Index work because the obligation's primary implementation surface is Sidecars and metadata authority; integration verification, removal, and release responsibilities remain separate.",Statement/capability/phase corrected in explicit source.,01-EVERYTHING-WE-ARE-KEEPING.md,lines 714-714
CAN-LAM-ASSET-039,Sidecars and metadata authority,I3,WP-I3-001,CORRECTED,"Explicit semantic rewrite adds trigger, expected behavior, observable state, and failure behavior. Reviewed as Authoritative Data and Transaction Foundation work because the obligation's primary implementation surface is Sidecars and metadata authority; integration verification, removal, and release responsibilities remain separate.",Statement/capability/phase corrected in explicit source.,01-EVERYTHING-WE-ARE-KEEPING.md,lines 366-366
CAN-LAM-ASSET-040,Sidecars and metadata authority,I3,WP-I3-009,CORRECTED,"Explicit semantic rewrite adds trigger, expected behavior, observable state, and failure behavior. Reviewed as Authoritative Data and Transaction Foundation work because the obligation's primary implementation surface is Sidecars and metadata authority; integration verification, removal, and release responsibilities remain separate.",Statement/capability/phase corrected in explicit source.,01-EVERYTHING-WE-ARE-KEEPING.md,lines 367-367
CAN-LAM-BACKUP-004,Sidecars and metadata authority,I3,WP-I3-007,CORRECTED,"Explicit semantic rewrite adds trigger, expected behavior, observable state, and failure behavior. Reviewed as Authoritative Data and Transaction Foundation work because the obligation's primary implementation surface is Sidecars and metadata authority; integration verification, removal, and release responsibilities remain separate.",Statement/capability/phase corrected in explicit source.,01-EVERYTHING-WE-ARE-KEEPING.md,lines 377-377
CAN-LAM-EVENT-004,Sidecars and metadata authority,I3,WP-I3-001,CORRECTED,"Explicit semantic rewrite adds trigger, expected behavior, observable state, and failure behavior. Reviewed as Authoritative Data and Transaction Foundation work because the obligation's primary implementation surface is Sidecars and metadata authority; integration verification, removal, and release responsibilities remain separate.",Statement/capability/phase corrected in explicit source.,01-EVERYTHING-WE-ARE-KEEPING.md,lines 368-368
CAN-LAM-EVENT-005,Sidecars and metadata authority,I3,WP-I3-009,CORRECTED,"Explicit semantic rewrite adds trigger, expected behavior, observable state, and failure behavior. Reviewed as Authoritative Data and Transaction Foundation work because the obligation's primary implementation surface is Sidecars and metadata authority; integration verification, removal, and release responsibilities remain separate.",Statement/capability/phase corrected in explicit source.,01-EVERYTHING-WE-ARE-KEEPING.md,lines 369-369
CAN-LAM-META-017,Sidecars and metadata authority,I3,WP-I3-015,CORRECTED,"Semantically normalized from PRODUCT using the source clause, section, capability, current-code evidence, and final-state disposition. Reviewed as Authoritative Data and Transaction Foundation work because the obligation's primary implementation surface is Sidecars and metadata authority; integration verification, removal, and release responsibilities remain separate.",Statement/capability/phase corrected in explicit source.,01-EVERYTHING-WE-ARE-KEEPING.md,lines 362-362
CAN-LAM-META-018,Sidecars and metadata authority,I3,WP-I3-001,CORRECTED,"Explicit semantic rewrite adds trigger, expected behavior, observable state, and failure behavior. Reviewed as Authoritative Data and Transaction Foundation work because the obligation's primary implementation surface is Sidecars and metadata authority; integration verification, removal, and release responsibilities remain separate.",Statement/capability/phase corrected in explicit source.,01-EVERYTHING-WE-ARE-KEEPING.md,lines 373-373
CAN-LAM-META-026,Sidecars and metadata authority,I4,WP-I4-008,CORRECTED,"Explicit semantic rewrite adds trigger, expected behavior, observable state, and failure behavior. Reviewed as Media Discovery and Derived Index work because the obligation's primary implementation surface is Sidecars and metadata authority; integration verification, removal, and release responsibilities remain separate.",Statement/capability/phase corrected in explicit source.,01-EVERYTHING-WE-ARE-KEEPING.md,lines 712-712
CAN-LAM-META-076,Sidecars and metadata authority,I3,WP-I3-001,CORRECTED,"Explicit semantic rewrite adds trigger, expected behavior, observable state, and failure behavior. Reviewed as Authoritative Data and Transaction Foundation work because the obligation's primary implementation surface is Sidecars and metadata authority; integration verification, removal, and release responsibilities remain separate.",Statement/capability/phase corrected in explicit source.,03-HOW-WE-WILL-KEEP-DELETE-AND-CHANGE.md,lines 1730-1730
CAN-LAM-PERSON-022,Sidecars and metadata authority,I3,WP-I3-001,CORRECTED,"Explicit semantic rewrite adds trigger, expected behavior, observable state, and failure behavior. Reviewed as Authoritative Data and Transaction Foundation work because the obligation's primary implementation surface is Sidecars and metadata authority; integration verification, removal, and release responsibilities remain separate.",Statement/capability/phase corrected in explicit source.,01-EVERYTHING-WE-ARE-KEEPING.md,lines 370-370
CAN-LAM-PERSON-023,Sidecars and metadata authority,I3,WP-I3-001,CORRECTED,"Explicit semantic rewrite adds trigger, expected behavior, observable state, and failure behavior. Reviewed as Authoritative Data and Transaction Foundation work because the obligation's primary implementation surface is Sidecars and metadata authority; integration verification, removal, and release responsibilities remain separate.",Statement/capability/phase corrected in explicit source.,01-EVERYTHING-WE-ARE-KEEPING.md,lines 371-371
CAN-LAM-PERSON-024,Sidecars and metadata authority,I3,WP-I3-001,CORRECTED,"Explicit semantic rewrite adds trigger, expected behavior, observable state, and failure behavior. Reviewed as Authoritative Data and Transaction Foundation work because the obligation's primary implementation surface is Sidecars and metadata authority; integration verification, removal, and release responsibilities remain separate.",Statement/capability/phase corrected in explicit source.,01-EVERYTHING-WE-ARE-KEEPING.md,lines 372-372
CAN-LAM-PERSON-025,Sidecars and metadata authority,I3,WP-I3-001,CORRECTED,"Explicit semantic rewrite adds trigger, expected behavior, observable state, and failure behavior. Reviewed as Authoritative Data and Transaction Foundation work because the obligation's primary implementation surface is Sidecars and metadata authority; integration verification, removal, and release responsibilities remain separate.",Statement/capability/phase corrected in explicit source.,01-EVERYTHING-WE-ARE-KEEPING.md,lines 374-374
CAN-LAM-TRANSACTION-002,Sidecars and metadata authority,I3,WP-I3-010,CORRECTED,"Explicit semantic rewrite adds trigger, expected behavior, observable state, and failure behavior. Reviewed as Authoritative Data and Transaction Foundation work because the obligation's primary implementation surface is Sidecars and metadata authority; integration verification, removal, and release responsibilities remain separate.",Statement/capability/phase corrected in explicit source.,01-EVERYTHING-WE-ARE-KEEPING.md,lines 376-376
CAN-SECTION-0053,Sidecars and metadata authority,I4,WP-I4-001,CORRECTED,Synthesized parent prevents list fragments from being counted as independent features while preserving their source rows as criteria. Reviewed section parent follows the majority architectural surface of its explicitly linked child criteria.,Statement/capability/phase corrected in explicit source.,01-EVERYTHING-WE-ARE-KEEPING.md,section aggregate
CAN-SECTION-0112,Sidecars and metadata authority,I3,WP-I3-006,CORRECTED,Synthesized parent prevents list fragments from being counted as independent features while preserving their source rows as criteria. Reviewed section parent follows the majority architectural surface of its explicitly linked child criteria.,Statement/capability/phase corrected in explicit source.,03-HOW-WE-WILL-KEEP-DELETE-AND-CHANGE.md,section aggregate
CAN-SECTION-0119,Sidecars and metadata authority,I3,WP-I3-001,CORRECTED,Synthesized parent prevents list fragments from being counted as independent features while preserving their source rows as criteria. Reviewed section parent follows the majority architectural surface of its explicitly linked child criteria.,Statement/capability/phase corrected in explicit source.,01-EVERYTHING-WE-ARE-KEEPING.md,section aggregate
CAN-LAM-AI-024,Tags,I8,WP-I8-001,CORRECTED,"Semantically normalized from PRODUCT using the source clause, section, capability, current-code evidence, and final-state disposition. Reviewed as Tags, Relationships, and Attribution work because the obligation's primary implementation surface is Tags; integration verification, removal, and release responsibilities remain separate.",Statement/capability/phase corrected in explicit source.,01-EVERYTHING-WE-ARE-KEEPING.md,lines 1205-1205
CAN-LAM-ARCH-039,Tags,I8,WP-I8-002,CORRECTED,"Explicit semantic rewrite adds trigger, expected behavior, observable state, and failure behavior. Reviewed as Tags, Relationships, and Attribution work because the obligation's primary implementation surface is Tags; integration verification, removal, and release responsibilities remain separate.",Statement/capability/phase corrected in explicit source.,01-EVERYTHING-WE-ARE-KEEPING.md,lines 390-390
CAN-LAM-ARCH-158,Tags,I8,WP-I8-001,CORRECTED,"Explicit semantic rewrite adds trigger, expected behavior, observable state, and failure behavior. Reviewed as Tags, Relationships, and Attribution work because the obligation's primary implementation surface is Tags; integration verification, removal, and release responsibilities remain separate.",Statement/capability/phase corrected in explicit source.,01-EVERYTHING-WE-ARE-KEEPING.md,lines 1162-1162
CAN-LAM-ARCH-160,Tags,I8,WP-I8-001,CORRECTED,"Explicit semantic rewrite adds trigger, expected behavior, observable state, and failure behavior. Reviewed as Tags, Relationships, and Attribution work because the obligation's primary implementation surface is Tags; integration verification, removal, and release responsibilities remain separate.",Statement/capability/phase corrected in explicit source.,01-EVERYTHING-WE-ARE-KEEPING.md,lines 1173-1173
CAN-LAM-ARCH-161,Tags,I8,WP-I8-001,CORRECTED,"Explicit semantic rewrite adds trigger, expected behavior, observable state, and failure behavior. Reviewed as Tags, Relationships, and Attribution work because the obligation's primary implementation surface is Tags; integration verification, removal, and release responsibilities remain separate.",Statement/capability/phase corrected in explicit source.,01-EVERYTHING-WE-ARE-KEEPING.md,lines 1174-1174
CAN-LAM-ARCH-163,Tags,I8,WP-I8-001,CORRECTED,"Explicit semantic rewrite adds trigger, expected behavior, observable state, and failure behavior. Reviewed as Tags, Relationships, and Attribution work because the obligation's primary implementation surface is Tags; integration verification, removal, and release responsibilities remain separate.",Statement/capability/phase corrected in explicit source.,01-EVERYTHING-WE-ARE-KEEPING.md,lines 1176-1176
CAN-LAM-ARCH-164,Tags,I8,WP-I8-001,CONFIRMED,"Semantically normalized from PRODUCT using the source clause, section, capability, current-code evidence, and final-state disposition. Reviewed as Tags, Relationships, and Attribution work because the obligation's primary implementation surface is Tags; integration verification, removal, and release responsibilities remain separate.",Complete testable statement and phase/package boundary confirmed against source provenance.,01-EVERYTHING-WE-ARE-KEEPING.md,lines 1206-1206
CAN-LAM-ARCH-167,Tags,I8,WP-I8-001,CONFIRMED,"Semantically normalized from PRODUCT using the source clause, section, capability, current-code evidence, and final-state disposition. Reviewed as Tags, Relationships, and Attribution work because the obligation's primary implementation surface is Tags; integration verification, removal, and release responsibilities remain separate.",Complete testable statement and phase/package boundary confirmed against source provenance.,01-EVERYTHING-WE-ARE-KEEPING.md,lines 1253-1253
CAN-LAM-ARCH-255,Tags,I10,WP-I10-011,CORRECTED,"Explicit semantic rewrite adds trigger, expected behavior, observable state, and failure behavior. Reviewed as Local AI, Search, and Duplicates work because the obligation's primary implementation surface is Tags; integration verification, removal, and release responsibilities remain separate.",Statement/capability/phase corrected in explicit source.,01-EVERYTHING-WE-ARE-KEEPING.md,lines 1773-1773
CAN-LAM-ASSET-073,Tags,I8,WP-I8-001,CORRECTED,"Semantically normalized from PRODUCT using the source clause, section, capability, current-code evidence, and final-state disposition. Reviewed as Tags, Relationships, and Attribution work because the obligation's primary implementation surface is Tags; integration verification, removal, and release responsibilities remain separate.",Statement/capability/phase corrected in explicit source.,01-EVERYTHING-WE-ARE-KEEPING.md,lines 1201-1201
CAN-LAM-EVENT-047,Tags,I8,WP-I8-001,CORRECTED,"Explicit semantic rewrite adds trigger, expected behavior, observable state, and failure behavior. Reviewed as Tags, Relationships, and Attribution work because the obligation's primary implementation surface is Tags; integration verification, removal, and release responsibilities remain separate.",Statement/capability/phase corrected in explicit source.,01-EVERYTHING-WE-ARE-KEEPING.md,lines 1168-1168
CAN-LAM-EVENT-048,Tags,I8,WP-I8-001,CORRECTED,"Explicit semantic rewrite adds trigger, expected behavior, observable state, and failure behavior. Reviewed as Tags, Relationships, and Attribution work because the obligation's primary implementation surface is Tags; integration verification, removal, and release responsibilities remain separate.",Statement/capability/phase corrected in explicit source.,01-EVERYTHING-WE-ARE-KEEPING.md,lines 1170-1170
CAN-LAM-PERSON-064,Tags,I8,WP-I8-001,CORRECTED,"Explicit semantic rewrite adds trigger, expected behavior, observable state, and failure behavior. Reviewed as Tags, Relationships, and Attribution work because the obligation's primary implementation surface is Tags; integration verification, removal, and release responsibilities remain separate.",Statement/capability/phase corrected in explicit source.,01-EVERYTHING-WE-ARE-KEEPING.md,lines 1164-1164
CAN-LAM-PERSON-066,Tags,I8,WP-I8-001,CORRECTED,"Explicit semantic rewrite adds trigger, expected behavior, observable state, and failure behavior. Reviewed as Tags, Relationships, and Attribution work because the obligation's primary implementation surface is Tags; integration verification, removal, and release responsibilities remain separate.",Statement/capability/phase corrected in explicit source.,01-EVERYTHING-WE-ARE-KEEPING.md,lines 1166-1166
CAN-LAM-PERSON-067,Tags,I8,WP-I8-001,CORRECTED,"Explicit semantic rewrite adds trigger, expected behavior, observable state, and failure behavior. Reviewed as Tags, Relationships, and Attribution work because the obligation's primary implementation surface is Tags; integration verification, removal, and release responsibilities remain separate.",Statement/capability/phase corrected in explicit source.,01-EVERYTHING-WE-ARE-KEEPING.md,lines 1171-1171
CAN-SECTION-0032,Tags,I8,WP-I8-001,CORRECTED,Synthesized parent prevents list fragments from being counted as independent features while preserving their source rows as criteria. Reviewed section parent follows the majority architectural surface of its explicitly linked child criteria.,Statement/capability/phase corrected in explicit source.,01-EVERYTHING-WE-ARE-KEEPING.md,section aggregate
CAN-SECTION-0042,Tags,I8,WP-I8-002,CORRECTED,Synthesized parent prevents list fragments from being counted as independent features while preserving their source rows as criteria. Reviewed section parent follows the majority architectural surface of its explicitly linked child criteria.,Statement/capability/phase corrected in explicit source.,01-EVERYTHING-WE-ARE-KEEPING.md,section aggregate
CAN-SECTION-0068,Tags,I8,WP-I8-002,CORRECTED,Synthesized parent prevents list fragments from being counted as independent features while preserving their source rows as criteria. Reviewed section parent follows the majority architectural surface of its explicitly linked child criteria.,Statement/capability/phase corrected in explicit source.,01-EVERYTHING-WE-ARE-KEEPING.md,section aggregate
CAN-SECTION-0089,Tags,I10,WP-I10-011,CORRECTED,Synthesized parent prevents list fragments from being counted as independent features while preserving their source rows as criteria. Reviewed section parent follows the majority architectural surface of its explicitly linked child criteria.,Statement/capability/phase corrected in explicit source.,01-EVERYTHING-WE-ARE-KEEPING.md,section aggregate
CAN-SECTION-0223,Tags,I8,WP-I8-001,CORRECTED,Synthesized parent prevents list fragments from being counted as independent features while preserving their source rows as criteria. Reviewed section parent follows the majority architectural surface of its explicitly linked child criteria.,Statement/capability/phase corrected in explicit source.,01-EVERYTHING-WE-ARE-KEEPING.md,section aggregate
