"Path","Length","SHA256"
".devcontainer/devcontainer.json","4050","CE2F61F3910FBA84F2F524332A4DB91679066E9ECEA9D04A3FEB841B9320CD74"
".devcontainer/mobile/container-compose-overrides.yml","1027","3760C0DAEDBE22CA70C972952AD6415E594725D54C0E73EA26E255DE855E5D7A"
".devcontainer/mobile/devcontainer.json","1625","CF2A55BDD84B6ADA72B2781CB770B5CD295342664F7C18F1CDF4738FE9910809"
".devcontainer/server/container-common.sh","806","94B012AD65753D760630A53940D79BF832CA04B36775694CAB9FF739CAED7A46"
".devcontainer/server/container-compose-overrides.yml","1191","AE3C5909F9B66703B575A68F6F67638F322EBBD6980AE932101E07F691DC8282"
".devcontainer/server/container-start-backend.sh","528","CF2A8394EF4BEBF688E7CAD5DA92C1AE52E977C2129A835A6BA770645C40D9B2"
".devcontainer/server/container-start-frontend.sh","866","BF5DD6F944501A1F31FA6FE72E6D35EAE3F749BEF0CDD97D0F806AAEF6A5E1A7"
".dockerignore","387","492D345488C39D8AC9A9447AFFFE7B26E4374FAF56F96CD75DA3CA038D761968"
".editorconfig","321","89AD31DA7F10C5CDD7366C3BAE0AF3CFC267E2C9AF617BC75CB845A1E31F8B53"
".gitattributes","1040","D02B0CDC9010FCE19A2B7200CCB27105599D9989D96F45FEFC0106E6A501CDDD"
".github/.prettierignore","81","2C491D8D4F06EC8A258A804FED5202FDD93D3E620B33020DF7FD51E0D9862547"
".github/DISCUSSION_TEMPLATE/feature-request.yaml","823","972023D88B3302B702EF0D8FB4322C5CAE9543B8816FD815002699C677E78B67"
".github/FUNDING.yml","59","9FBD4BD3F4B51127A85AB28EE1F1C2853DC0A0956DC423A621C24A8E1C1413AC"
".github/ISSUE_TEMPLATE/bug_report.yaml","2924","70AFB6EA5C32DB51F266311701347D3E3EE66206EDF34334DF7B72A5CBB60E24"
".github/ISSUE_TEMPLATE/config.yml","801","92E95F268305BF08FA0D0F814DD646CE18F5081CF77D0009C08D2BA5B1543F3B"
".github/labeler.yml","741","5C913A9618A06EDD392A945E87F0F5FA9EB0CFBF4872C45E2C0CF1FC9796C78B"
".github/mise.toml","233","A7401EEBD80FB3FFAF749F9D9E2888FC1BDC4C44505CE16882D3F6C6460BD589"
".github/package.json","184","957402B6854678F12EEEC4D57AADACAD572D8D7434777009378A9D9125F924C8"
".github/pull_request_template.md","1470","A1C7C06FD26C9BCDEB4B1F81199F0BA8026905B3F9BE825678E3769EECA374C3"
".github/PULL_REQUEST_TEMPLATE/config.yml","43","D94D75964B9321CBC24FFBF27B9E4ABCDAC0E42EEDB05C7FCB194DD2B4348B1C"
".github/release.yml","641","A9F752AE93CDEC43136CEDC334517111AA131DD85877FFF17C94E2ED33524788"
".github/workflows/auto-close.yml","5387","33E611F501DFC0E2E9FA700FCAD51B75D3668744F47F3ED88384F5A606A8E391"
".github/workflows/build-mobile.yml","11632","C0A0A3456802C092D126210708885724674937A75B6F4AD992D1D5FD57FF1E9E"
".github/workflows/cache-cleanup.yml","1489","610CE922C20D13B217E7166F1DAB268A312455076FB1CFA9EE2B0C574D4A7B6F"
".github/workflows/check-openapi.yml","853","2B9E6531EB5D2E0325A09CC5DDE8BA52BCD7102605E0391D21DA369A2ED1B3B8"
".github/workflows/cli.yml","3795","C25128455AB52420680E45695F7FFCCC181A75EFFC86515736F561FFA3BCEEDE"
".github/workflows/close-duplicates.yml","4067","645A99C4AF3B1F0A9ABC3363676BE45967DE58F55B9AFEBDAA39E886863749D8"
".github/workflows/codeql-analysis.yml","3533","04C27B0753026DC0EF856061F5B902D39341548CC96AD27935F0CCE5EC580513"
".github/workflows/docker.yml","7007","09C04A6352B96EF9F5ECD57B2452C5E04D6AE53F236A3FDCA44466478ABDF4F8"
".github/workflows/docs-build.yml","2594","E7C203FDC7F06201ABB4909A2C92ED95B30E5AAAA535090AF47F1B4335F7D8B6"
".github/workflows/docs-deploy.yml","9322","2E53A80092A59B8C830007BC8243BBC603D8E252DDFE0B6471618A785357A561"
".github/workflows/docs-destroy.yml","1820","80C2D425B63A69226F324B51184B0724F391F8D279A2525306A3AB4F089CE2B9"
".github/workflows/fix-format.yml","1866","DCD79CE2A06CB7362E7135128F4EF2B9C7B80F8E9691D5A437C5C90F1D43111E"
".github/workflows/merge-translations.yml","4416","9818E9D3CA9FA09BA4950D5B48B59EE274391DE0C0D4FE57D1A119F56384C332"
".github/workflows/org-pr-require-conventional-commit.yml","318","BBAB2E6F45AAB1E65F2E4D92D6D89C7BA403432C4B0828D2240C59BB736055D7"
".github/workflows/org-zizmor.yml","276","F48808FE8C640895B8019B10B736946291F9A4DE0113A99CEDE01A35982C7C2F"
".github/workflows/prepare-release.yml","5313","74888EECCE741FB253EADCFE81EFA8D0927A7654623624815D2B799EEEAB6CDD"
".github/workflows/preview-label.yaml","2591","E1191434A06C379950DE0F228E7DB5783A0EFF038A2BAA7E543ADBD1C7EDFC02"
".github/workflows/pr-labeler.yml","712","97CAB587F61F225E3DE253E28921B38A37020BCA10887AB5EA171AE1A6EA6E7D"
".github/workflows/pr-label-validation.yml","1125","E6BD77F4CC9AA69DB2D3FE30AB308D1964D7F56AA9FAFB72A244E3213044ADB5"
".github/workflows/sdk.yml","1230","C71D687BE8972F8EC22B2EB7DA7456BAD232A69EB6FF43CC525DDD3F7CF36AEC"
".github/workflows/static_analysis.yml","3506","DF2B8B9ED7E046F53C9B915CAC61CAF22E20021186A050ADE1949F77DC1372EC"
".github/workflows/test.yml","29830","A96FEA575D228418BCF0502FCC767A9FE0CFA7A806B9AB0B760502752E670B43"
".github/workflows/weblate-lock.yml","2458","DB558E6F0DC6FF7FAF03EF7FC0EB22B8C40164C5DEBB168B21F0CF6FF2A1CB1D"
".gitignore","518","7484000DBE526845973D2719D2929F168110BE77E843E4580EC86734DC1ED9D2"
".gitmodules","103","49F76902DDAC390890619FA28A9B78AF1CD68691A23F74F649BF90673D48810C"
".nvmrc","8","B911698DC3CF3227D34D0AD6727F1C4408791203C9665DE99AB959331A1FB07D"
".pnpmfile.cjs","698","BA7F7C768DFA2F4C19CAAB2370BA3343761469D0809F6CB3E5B5DC05B3AEC830"
".prettierrc","122","CC13CD4A06F49DCF46F84AB38C41E5ABFA137832D820C1460B091B2AEE01FD82"
".vscode/extensions.json","412","729DAC853F069D41DC5C3CD839A6E6E68964BCCC90C1C463E531A072C81C0E9D"
".vscode/launch.json","1072","32735D4EE494672598EEAB79030590AC119DFE1D63A22B8001036F18AF111B56"
".vscode/settings.json","2550","5195A092000AC8B6BB35A6232136EC7FD2F80AD8610B0E0C5ABFDD1D5C984734"
"CODE_OF_CONDUCT.md","5222","B87D835A5514A2255022CE36FEC61BC2D007DBF6E3CA343164C3D86DF9683B86"
"CODEOWNERS","159","F7C73536EAFF3E2DDDB729D1CD27BDE4BEADC0BC95A32540C8A1644D5A31B268"
"CONTRIBUTING.md","3661","11DF52D8368272CCA136175C4F285B9CB81BD4744462DCBC269C93F5F2425F63"
"deployment/.env","222","BF53E8B47BC287A4493E5FDE2F9946AF5B1692F595E6F2EC7EC02CD8F716B6DB"
"deployment/.gitignore","843","521E0653804D5ED7BE4A81F042F776F024FD75C5508E42C556D426FD54B20995"
"deployment/mise.lock","3526","508AE91B62689F637574BEE457D9327F186D3AED6E050489220B75F0392E8A9E"
"deployment/mise.toml","404","269706A79BEE170B22A7A66F8FEC2CF6D56E666C29386B1F7D1E17BD8856B495"
"deployment/modules/cloudflare/docs/.terraform.lock.hcl","2124","0858F8EF28A1B7640F93C1E9789927FBE10D3EAAFABD02BC13DD5651E5D24325"
"deployment/modules/cloudflare/docs/config.tf","179","B8E7D7BC8DD9DB85C82BCDCE8A5D2A0C11413A482936B05E0B155DEC85473922"
"deployment/modules/cloudflare/docs/domain.tf","1302","C22494F277CCB44F56D42EDDDDAE6FA525CB78C6FBC664D54C8196B14BF5C125"
"deployment/modules/cloudflare/docs/locals.tf","345","79AF77BE8372FCFC6DD43925C57D1FAF62ED492859EDC5EB1F0D5D65C3E1A335"
"deployment/modules/cloudflare/docs/providers.tf","121","9D33DC52CABCC4EE4D168777DEC60F44BD024A0F306621A35102ADD2476A5F23"
"deployment/modules/cloudflare/docs/remote-state.tf","358","9D26AB19C7F3584E19BB77C2A6BB789D2A9D8DEAC4B266AAA3A4C91FF9020E83"
"deployment/modules/cloudflare/docs/terragrunt.hcl","416","39651DAF671AFDA77D5C1BF504E0A393E64A4B917431C68991DA31BB7055C3FC"
"deployment/modules/cloudflare/docs/variables.tf","136","DD5E684611225DDFA08A0B6BC47C185F5E0D771164E22B4A21CE8CBBA47A28A7"
"deployment/modules/cloudflare/docs-release/.terraform.lock.hcl","2124","0858F8EF28A1B7640F93C1E9789927FBE10D3EAAFABD02BC13DD5651E5D24325"
"deployment/modules/cloudflare/docs-release/config.tf","179","B8E7D7BC8DD9DB85C82BCDCE8A5D2A0C11413A482936B05E0B155DEC85473922"
"deployment/modules/cloudflare/docs-release/domain.tf","582","5A13534AC1EE98E13CC0A0A601458DF283CDA738485C1FB34D7A8B0CC71DC0AF"
"deployment/modules/cloudflare/docs-release/providers.tf","121","9D33DC52CABCC4EE4D168777DEC60F44BD024A0F306621A35102ADD2476A5F23"
"deployment/modules/cloudflare/docs-release/remote-state.tf","575","D01E84DBE1750AB539F5DE700EAF607513F0804F30C4FA8B37BCDE257D7536CB"
"deployment/modules/cloudflare/docs-release/terragrunt.hcl","345","58BE6A027E02D9A8DE9BE49D674FB428D8B152E46D448E29FE78136D8BBFC85A"
"deployment/modules/cloudflare/docs-release/variables.tf","104","89E146FB6A1FB30B429CE9CBD0D3EE59B203D6DCEEACF4F757C6939A9D8C3C71"
"deployment/state.hcl","494","605C5E26EB26E76AC87223C0B002F7D3552538E84EE33E7043B85C773D768E1D"
"design/.DS_Store","6148","D2C9CC2B2D1D9B8667D742A82C2D9B909CF6ED78587D0ACECF36548B452E56EB"
"design/immich-logo.png","100972","FD8C4505DAE227CE7D9F5A1DFC98BC761CC78C7ED7ECE0EFAD99CD4A1136E724"
"design/immich-logo.svg","2053","DFA5EF704D07854914306C0C224173BDA2710F8FC0DFFEB7D78690F58F9811A6"
"design/immich-logo-inline-dark.png","58890","6B21F00DA96DCCD123256B7BA029D03A75CD09DB71260FBFC25CDA40AAB83B63"
"design/immich-logo-inline-dark.svg","5610","30A25E8275C1AE45C26829DDEC703B8768701908968C521648C546155B4399C3"
"design/immich-logo-inline-light.png","58826","CB1C67782B48C364C764A7F44FA1614D7CC4C306167DC47316FAC1BD4CDAB056"
"design/immich-logo-inline-light.svg","5555","3B255FF1394AE31E1EA6F2937FCEE2CC9EB4879D57FC08FCE08C451BD07C9515"
"design/immich-logo-stacked-dark.png","113000","1BC739373B9A982D994256727420D9C5610083C90D99ED81A5C885A749B3D9E5"
"design/immich-logo-stacked-dark.svg","5665","EF0C917C1355B8C062C2B19F248D2148A899F166CCDD4D0138B1409FF84D003B"
"design/immich-logo-stacked-light.png","112951","5E515CF03F82130B99D1400FFCEE2DFBA61401934E4FF32B73FE759900E2BFFC"
"design/immich-logo-stacked-light.svg","5665","1558937D81AB96BBAEBD6D34BC43E21B3B2464B3556A6B46BDF211EDFC8013B8"
"design/immich-screenshots.png","1875922","6298FC66795E48D58B7FDC441DD16817B4E1720016020E3B58E872B09672598B"
"design/immich-text-dark.png","36878","BDA9BBCFB40B6D9EE5EFA5F5671E2068E950C4AF02022B358320D4FF83827019"
"design/immich-text-light.png","36839","C432E8FA4778CF89E194C98041FB3095C6975E4F664E5989B60C896ED03572DE"
"docker/.gitignore","4","E9CBB0224C4A3D23A6019BA557E0CD568C1AD5E1582FF1E335FB7D99B7A1055D"
"docker/docker-compose.dev.yml","6351","5A3A3B44C9649AF0C9B1DEDCCFD0B81DE7B20215E06168519284408F64669991"
"docker/docker-compose.prod.yml","3168","F31DDE8561A1126F8099BF3D746C3F1BDB47D3F19A7D81B5D70AC59908BFC38A"
"docker/docker-compose.rootless.yml","3307","3721B37C3744F64259C220A604F5309E9223FD9144474C88C2913EF0177008CF"
"docker/docker-compose.yml","2829","E9C4EC7A75C14E0221D302C7FEC8C13D27D1DBF2BE7B4D8F8B35EAB1224B5408"
"docker/example.env","979","BE9337A55998300B1AA05269F3623491F816205A2F8F2D769F81CF239A4A743B"
"docker/hwaccel.ml.yml","1421","05828BE46118E9F79C019C0752489A47FB3381D67ED102212A4F9D9F2575BD3D"
"docker/hwaccel.transcoding.yml","1679","A50D01758FDBD468270EF7104DCE6F282E217EF916238098AC94A70CA8E4C326"
"docker/prometheus.yml","260","4E5FE9D3019DF2D1CAD4C865E87F9037D98E5F0C3BF28CD509F4F86E6829AE93"
"docker/README.md","239","272932CB93F8B668B6BC5CB5A03D6E9DD8FE27A592A964E38287785CF4F05AF3"
"docs/.gitignore","265","49043F43ED5AB01BD1CD3A9E6E747E4B47FFFDC13AC5A26573E48C84B2B3A026"
"docs/.prettierignore","20","4F02EBBAC677B739275114B7DD738966C6B0A968D210032738BAFB7313E264D3"
"docs/.prettierrc","89","7AEBD4AD837395FEE6F36E9A7064A3692DB411B1EBCC9A4A1AAFD791BE0B996E"
"docs/babel.config.js","89","599159185D1C4B953D9603F93FDF9A23A4F20FB78D03AE8BF4DE77043969332E"
"docs/docs/administration/_category_.json","49","3975173BE879AA02A4A67679243C6C61AE39087072E5745777455DD623024559"
"docs/docs/administration/backup-and-restore.md","17996","BFB0D8D91672A3ACAAA9AC9B13E3AF0FA5DBC822A52CBE67DB5124A8355A395F"
"docs/docs/administration/email-notification.mdx","1157","EA322EA1445DF5DB2B32946BE655ADDFA8C0C713E5DF42D3B7BAE504AEB355DD"
"docs/docs/administration/img/administration-panel.webp","8832","63C0549E79B755530C3C83473BFE859AA44E17BE3421F13561F4732AA428F779"
"docs/docs/administration/img/admin-jobs.webp","330740","E4C34A201AB7B150A394D93CACE07BF21EA85DDD0B0E7963CDD39D99CB1167BC"
"docs/docs/administration/img/admin-nightly-tasks.webp","86946","FB655A3BC90F89EBA7E1AFEFA9FDA26BA062FAF1D372221ABDC09919C6676E29"
"docs/docs/administration/img/authentik-redirect.webp","18626","31400C1F1920B4593B329F1CC5080988AA8DA3F2BFABC87A5449B43813D16783"
"docs/docs/administration/img/authentik-redirect-uris-example.webp","56406","E7BB1B4491827BE5087BA5044926623A438DEA34521225E8CBF69E684AE6BA98"
"docs/docs/administration/img/delete-user.webp","7296","57DC6C62839F5F33D5FA37082B69A861E88ED614A0F6B58EA16D3DF1B9F02283"
"docs/docs/administration/img/disable-password-login.webp","3444","C9C5AD8EAF97EDED99BCDA0FDF133F2D6465D29C30AE60C830F6CFE4CDCC5AE4"
"docs/docs/administration/img/enable-password-login.webp","3350","A4D44E82A163952EF8B7A8ED220EEBAF439CBF7C3B7D968752FE67BE602F80D9"
"docs/docs/administration/img/google-redirect-uris-example.webp","10990","3855991FC1048F7545394B1A8475B76548F972FF3254F6970DB6613019FDD606"
"docs/docs/administration/img/immediately-remove-user.webp","56578","34804CCA78E296C19CFC1EE087CB2628C87BDFB6E94B4A97F7578119A0B679B3"
"docs/docs/administration/img/immich-email-notefaction.webp","18550","8E5617C655B524476FF5619B80B6A5E9AD0CFD9924FC14A2B0DEDE8A8D73317D"
"docs/docs/administration/img/keycloak-access-settings.webp","65934","B5D900A15DDF0BB822A94FFFE9402279C62226FFE9163240C3002D9CAF80E91B"
"docs/docs/administration/img/keycloak-capability-config.webp","50792","E2B778B9C80B5D2D54C9A84DBE182094B45BF53DD75701472F1CEB82FE8DB721"
"docs/docs/administration/img/keycloak-general-settings.webp","43384","F253085BF08530AFF8D5BE19857F82BF2851A35328DFF9D1892A73305CEAD982"
"docs/docs/administration/img/list-users.webp","16960","0F7BEF6CBA6BC77333A6AB9A9885F46E3D05FC757DD0113D38A5471F12BAAC0E"
"docs/docs/administration/img/password-login-settings.webp","4968","E42360EC83E6D78B98FAE18A570F772238C2B12E7BF0CFC22386F64388774061"
"docs/docs/administration/img/reset-admin-password.webp","9066","5A355C24B2B8FDC193BDA956F5737A266DF8671040F5A6F7F20CE664E8A56EBE"
"docs/docs/administration/img/restore-from-onboarding.webp","69940","5B93A6974BAAB55C82EBF38D407AB70607F7C53A1F90C62FCAFC24988B831EAB"
"docs/docs/administration/img/restore-from-settings.webp","101940","ED99EDC941C0C7FDEBB3677661BD8D1D494A4A5046F16849E9BAF050E56E76A3"
"docs/docs/administration/img/send-user-email-notification.webp","2810","569B7CAC1C0C68DF2AC228D22DB888D0D9D527BBC0F91CAEC55C82C85486D82C"
"docs/docs/administration/img/server-stats.webp","105256","82532E7A0E326E2CEEE9671A4E2C94536351F93C90B750AFE5425BAE70B1DC38"
"docs/docs/administration/img/user-edit-menu.webp","79936","C69B0D79027AD656D1150BDA38AC34D63A1AD9A22FAAE3D29BFAB14069C87629"
"docs/docs/administration/img/user-management-update.webp","15830","5C39A3F36A7DEBE31BAED981DC22ABAED2940A04E11CF8BD6AF881939B88E310"
"docs/docs/administration/img/user-notifications-settings.webp","33800","EF8EB9B1EEA634AE086859AA2CDFB5547B5E5F1B6908CDA6B1DE274A8C655ADD"
"docs/docs/administration/img/user-notifications-templates.webp","78876","389059A2C2BFDB164347DED1313EFD3DDFE9B8C48C62771F019186209290C09C"
"docs/docs/administration/img/user-quota-size.webp","98628","2B9C5531864A7FF8D8CB7033BEEF6106B92A6705B59A3D630DCC0AB109EBF926"
"docs/docs/administration/img/user-storage-label.webp","35682","165578D50C1C61CF8384C641437E9D37FCB8B93171E230E4533C80E3658738B0"
"docs/docs/administration/jobs-workers.md","2710","99F7346A1EBFAE41D5105D7BF1DB09DA0AFD028A8766CE17D655A81717C96927"
"docs/docs/administration/maintenance-mode.md","1024","27CF16C476F35FCCE85A388E4F53FD34C385E169C1A1D386A316EA0A563054D7"
"docs/docs/administration/oauth.md","18428","9826E1570C4983466BC498D9A33C8C64E78A820B0AAE4F0C78C0B3D4EAA23344"
"docs/docs/administration/postgres-standalone.md","7756","FBFA96E871EA6E4F171A79DA8C915458598C710D74FEAB5144851B81E56B1790"
"docs/docs/administration/reverse-proxy.md","4321","C52C5AF7263DF0FDA5926F405089E0A1F80EAA638FCC4DB6F596E2DC980DAB62"
"docs/docs/administration/server-commands.md","4184","26973021A17F2B7D83E5F8066F8500FA7DF8215B0E05F391C979897C1E3F6612"
"docs/docs/administration/server-stats.md","302","77B5C6B4A4C1CC726C3E3041D64A0D9A00CE6419E5CAF0345439FCA219F313C1"
"docs/docs/administration/storage-template.mdx","108","12BAA3F180670BCA2043C94C017F9EE837232829B8405A7462D74ECF5CC70421"
"docs/docs/administration/system-integrity.md","2101","BE3D407401A8F4A54EF0D394FEAC6251E2D1F5FBB52A14F2A16C35EA868AB9A2"
"docs/docs/administration/system-settings.md","14529","0C5C76747C1C9D452244D640BB4D7B2E65DBD3C9E43763FFD2D9D54650D4A2C9"
"docs/docs/administration/user-management.mdx","3181","E02A3D7D42EAF6544FC80112713F9D051592DB964781383FFC6D29933B332BFB"
"docs/docs/api.md","1023","50F3B50A6188FD3517BD988A2FE6709F8CF5AED84DC8161307178FE84DF8191E"
"docs/docs/developer/_category_.json","44","58E63B0B72A505B88C0A9EEBFC37BD09AB9030955B8782A4FA437368A4A6A986"
"docs/docs/developer/architecture.mdx","7161","E8E7197B68C57AFC44E45C68DE675C8F70A6BD19FB93E86D9032A05CB18E230E"
"docs/docs/developer/database-migrations.md","908","F94F77508D775EAD1D9B0FA2189F02FF0BBE1D36F83DB0BADC1203B08FC8BA5F"
"docs/docs/developer/devcontainers.md","15308","133DA0B4743CC151E9B4D3B99EA3B804D3B29EAD56B40EEDDC20E2A946C07DC2"
"docs/docs/developer/directories.md","1544","C3EFDC20E5B5EDEA88191301DDE0ED32388F029BC44D4A564178A104F15B57DC"
"docs/docs/developer/img/app-architecture.drawio.xml","16281","71A003B0C06797F9C4F72532C7CCACC434DC8EE2C12FCDAFD3EC3D5F366F8D26"
"docs/docs/developer/img/app-architecture.webp","17476","3E664CA19711D4EBB21FBBB64DA7B5EC599DDCD1C4DE8942EAA33ECA8A93B97C"
"docs/docs/developer/img/immich_mobile_architecture.drawio","9632","E82D5D61EE98B136ACBEFEA92984CBADC36434CEBA230A1BB9E7ED2B17BD1C07"
"docs/docs/developer/img/immich_mobile_architecture.svg","20882","B861220BCEE9EC7D94B7F8246D39271D96A5D2F4C782BDE990E5FCD4684C7CEF"
"docs/docs/developer/pr-checklist.md","2833","F318AF5D80638BDD8223F3FF11782578AA54B1FD8E420F36170916C6C88895C9"
"docs/docs/developer/setup.md","8075","67D4961BC64147937F369DC4A355AC545626D98775D0F9B67CD8D5B93B4325C6"
"docs/docs/developer/testing.md","729","9A1608F0875E8CE736A09755BD7000BA207FE64CC1C496C7A30804615BFFF7E0"
"docs/docs/developer/translations.md","1093","DE89B5372CCAE515DBFD2EABB0DEF3F02A570894CF2C9D5E792A780BD49AC361"
"docs/docs/developer/troubleshooting.md","853","B62BFADBA656677107731A64E3DDB9FBDF3265C27B5B6A35B9E945F79309FD66"
"docs/docs/FAQ.mdx","29431","8F47253EE6D18C66928C0E2AE6FA4B29FBC4946648D4C0D06D5FB557ADF66797"
"docs/docs/features/_category_.json","43","37AE6F4EED9FA67BEC1CAA29E31E3DA0B86D95490689A43422348A387841396F"
"docs/docs/features/casting.md","1288","9D5F2F92D6D4CE768197176F5635F066D8B1255225AAD95EE7757B4F10BCCCBD"
"docs/docs/features/command-line-interface.md","7393","DA1201675404A5715065905A28D5AC750283168AF45EC3ED8CD1F53673CAB076"
"docs/docs/features/duplicates-utility.md","2586","8FED0189DC81F2395A92E6EC4896B8B3D8D3F303E25376992F7BB28D741C6613"
"docs/docs/features/editing.mdx","742","2D0461B7602C855A0E42F82D9E29C4FD1C6D3ECACB0261622A287DA71B2214CA"
"docs/docs/features/facial-recognition.md","8425","05917DA89C34923D45D45AF95243FA744D757A6795B9A4F4C1D7C85A841B133D"
"docs/docs/features/folder-view.md","865","981133880594208735BE0D1D7453479107E191C9E20F505225DBEC4A2EB9AEBE"
"docs/docs/features/hardware-transcoding.md","6544","D23C633DCD85B15660E5A39E50888B73A27A3A8D3FF19638CCB129E8F709AEB2"
"docs/docs/features/img/advanced-search-filters.webp","69338","2E9CACC0C87D3A27BD61F731A4CE1A6BD97EAF8E1DD7683701AB7DD67BD1DD58"
"docs/docs/features/img/android-backup-options.webp","15926","0A89BB61B2CC637CCAB7FB332A20D3AB66723680147A4EC38FCCEA0D3D0C7F34"
"docs/docs/features/img/background-app-refresh.webp","13698","CF0464A7174A49C626BF861B4163614566BA43E0A3229DD6E7A7F30EB9EBB0A1"
"docs/docs/features/img/backup-album-selection.webp","47478","BD6CEED1168FBB3BE350AAA8A205E1EA4AF34DF46C34FD76D2DA9FEB7B498A70"
"docs/docs/features/img/backup-album-sync.webp","27772","1190D35717E1B5A86159915F7AA2134539005121CF0791F6E04051B8653CE38E"
"docs/docs/features/img/backup-options.webp","43636","4F80E1BBA10CA1B85C328CA64CB759217DCF186893BDC68D1E374BE8E538C838"
"docs/docs/features/img/backup-settings-access.webp","15062","1158453B86DD220E1DBF41D0307C211AC186ACC6B00E9EAF8D1C31F22AA9D736"
"docs/docs/features/img/enable-backup-button.webp","52592","68ECA913B99D66C16F5DC914212E2336D8B17CB9D5D75683CC8B01385E034FEE"
"docs/docs/features/img/facial-recognition-1.webp","77744","29AAB713151913FB0F69938207D648DE81D17605630CC400DA23BC8042527CDC"
"docs/docs/features/img/facial-recognition-2.webp","97992","1A44935329D2E05B878F2BAAB66D9CB86052260C280A62C3CE3E7E4132F24C7D"
"docs/docs/features/img/facial-recognition-3.webp","293248","898019C5247C01F64819D48372B3E168BF23D0790C599744AE6F435630644B3D"
"docs/docs/features/img/facial-recognition-4.webp","78836","F2E6C2C10029B52BCBB01A75C549D22EC9BFB24010F99C242BDB88B95D7A6462"
"docs/docs/features/img/folder-access.webp","13888","8C752D38026689C78E97E59121DAF1B8AA69A87EACC4D26701DE055102EDE3BA"
"docs/docs/features/img/folder-view-1.webp","112562","274CD7BADDB08B7B03FB8B4643E4C7F7305BC23177FC53771D931B1AA28C60B9"
"docs/docs/features/img/folder-view-enable.webp","17512","D12DBD845F8FDBC887779BC23A809FA44BCAF6E5AB6F50E30C12CAFC6F2BF2FA"
"docs/docs/features/img/free-up-space.webp","138110","0D67165F78C8DBD1650824250A1BAAF1349C785FB31C2969BC351A9ADECCEABF"
"docs/docs/features/img/gcast-enable.webp","18036","E5A9B6CE9C474CCC76F318DC89E049CC65D54749C87CD569C70AF5857A85FECF"
"docs/docs/features/img/library-custom-scan-interval.webp","60398","A0E2F635EE2D3B79318EDC06F4B7F33BD0D5FD82D57ACDB70887236D7E47655D"
"docs/docs/features/img/me.webp","15884","87EB58A76E9C92047F68F23A4B97317477DF754BD6C19BF1C17DE84A2D661902"
"docs/docs/features/img/mobile-upload-open-photo.webp","20354","86471B7E3161F89A72EBDF611976D7AADF33525416D12E2559D54DDDFC218BB8"
"docs/docs/features/img/mobile-upload-selected-photos.webp","236090","8589C97AFE60AD4E0037EA6CE89615FBCE1005D36C2BE3336E589A02A9649DAE"
"docs/docs/features/img/obtain-api-key.webp","7988","1C73E6B4AB61025B57190CB6C99F87BEA8BC1C251D010F7A3F6383A97E165C59"
"docs/docs/features/img/obtain-api-key-2.webp","74370","6B50ADA4FE4D25172465E312BC8DE406673466E4BEBC260E21BC16E8096651ED"
"docs/docs/features/img/partner-sharing-1.webp","89966","9284A69FAA6CF71578D35F76A89F9F2A122A0F3FFA19ACDABF793DAEB548F206"
"docs/docs/features/img/partner-sharing-2.webp","19802","750DC0F607B750044585897C57867F10548D3124B221EBC2CB454AD3731B497B"
"docs/docs/features/img/partner-sharing-3.webp","19452","AE923F520103E50417C0B9CAA04E601E88AFC78F47B24301EC40677358F11C31"
"docs/docs/features/img/partner-sharing-4.webp","34292","2E6CE272CE12488589A970C74E8D2DD8580534E48CD178267E426F4451A9E785"
"docs/docs/features/img/partner-sharing-5.webp","45708","AB2E9D4A452D74FB4B211E12EB2D70194D661B31AB0700E397E547E732667C1D"
"docs/docs/features/img/partner-sharing-6.webp","9606","331DA2B3467AD5FDBC2AC4F9784193D97D56A81735BF5CCDB73AC1997EB869E7"
"docs/docs/features/img/partner-sharing-7.webp","40006","B5AF76432A792D13C51FC94EC0E38020735984CC439C63C8535A7D088E9DF50D"
"docs/docs/features/img/partner-sharing-8.webp","12544","443608F260D937EC6EC0F0A151B3DD16FBF3945248E34B8CB492E98CFE2B3AD8"
"docs/docs/features/img/public-shared-link-album.webp","28070","91982BB6AA5D82842E6F33F73EA38C2A44ECE65EF13EB3D8819EDDC38FDB9B59"
"docs/docs/features/img/public-shared-link-form.webp","38882","ECC6B15BD08DD2ED5B6DCA71838804F3AED8FF0D74ADFA91BA1CA7EBED9A5125"
"docs/docs/features/img/public-shared-link-individual.webp","326584","84C4FC73F8C453A2387CC5A3D1097820F3C5145DC6BB329137CE0D1161A1D27B"
"docs/docs/features/img/read-only-mode.webp","173876","BD96A10BACD77568EF5665CA8B0723F09D2F2810A7AFEFDFB66A3FE8B1D4E6E6"
"docs/docs/features/img/reverse-geocoding-mobile1.webp","153490","CFF5ADA34B5C9C4247F825656E43C20A3CA8EA7622D6797E25A180243476B2A6"
"docs/docs/features/img/reverse-geocoding-mobile2.webp","101202","80ED9280812917676B2D05729CB9AA5DEB8453A30E621EE213768877F133D70C"
"docs/docs/features/img/reverse-geocoding-mobile3.webp","70318","A30577192554F6E459F1CA1C0B11A8D73B713C0DBADBE49839E3BE99F9918909"
"docs/docs/features/img/shared-album.webp","114788","87C84E17AD4C604A692DAE0D948CF33039DDC5CF3A9866696D6FAE503E1EBE31"
"docs/docs/features/img/shared-album-mobile.webp","234656","B6C96C458E8EC8E4494BB3C55E375B7395E2AD0D99CC86227F10FF7A8EE2E721"
"docs/docs/features/img/shared-album-user-selection.webp","34226","CA70D85F456632AFD5FB9505110B2328FEF50FE73995808CB30F99010EEFAB40"
"docs/docs/features/img/sidecar-jobs.webp","12788","11BF81BAED097FD7CAA64D7C693DC6A4ADE728B4968845ED3CF2AD3CE4D9D3E6"
"docs/docs/features/img/tag-creation.webp","20162","48B1A7833464BF2DDDB1FA58974A01596625DBC9313161B874E3E969CF373193"
"docs/docs/features/img/tag-enable.webp","40030","8C5BDAA36BA5DFEEB70C8FBF0C16E1ABDA64062B3CBBA3B16DF595855F8BF0E7"
"docs/docs/features/img/tag-form.webp","6086","1E4348962D9D4B66BABFA290183A70439A4DE96EECC531EB666F8CF79A48FC28"
"docs/docs/features/img/tag-view.webp","75004","AB83252D2A37D35DB66F6FA812CAE5F41DA4D3DB6F53F67706AF38BE6F33E3DA"
"docs/docs/features/img/user-change-password.webp","4802","01BAD3895AFF2C2BEA51BDA8377D3F553F62E6C479C5DED46296DDCBA8A3B956"
"docs/docs/features/img/user-popup.webp","3164","C153712BCE887C7C31F1CCA125FB258595FEFB76C495A4FA342CD4C64293E3D3"
"docs/docs/features/img/user-profile.webp","6894","CF83A3A37C032ED0208F4288E00A4CD6283021A98606D33B7EAD115C55B2B4F8"
"docs/docs/features/img/user-settings-1.webp","2984","D8C110D8C2B1A787CBBED832CA06599215E6D6C3508399D4679C73871CBB477A"
"docs/docs/features/img/user-settings-2.webp","9006","4A722AF1EC399F54C69EE04308FB8952691F4C3747539BDD144D634703DF14E2"
"docs/docs/features/img/user-settings-3.webp","58816","0A70BA383CBD47D08DA547513A128DD9FF38773AE3D201F08CC654CA720E4B9C"
"docs/docs/features/img/web-edit-download.webp","137696","FD481D26329F8DE5A79D8E6789C924F95863B37A6C1D8C2EFA7E6261DA470D5A"
"docs/docs/features/img/web-edit-interface.webp","95388","021EC6D088A7EA7F8AF1A716AD6856AA81F1E34CAFC0279FB2589AB67EB4CC82"
"docs/docs/features/libraries.md","11986","E7FF94C9B7004432A79BBFB27807B056A6E981C6620F780B669E77F1BF8F99F1"
"docs/docs/features/ml-hardware-acceleration.md","10809","5317327846A0CCBDE1DD2EA8B4975BF3706E88F9D640C9BA6EEEF5F5187FDBAB"
"docs/docs/features/mobile-app.mdx","8276","FDBF732FBFBDF63BC231BF6AAFD57425D1A6C44DD990597A5F09C71BE3875E70"
"docs/docs/features/mobile-backup.md","3799","E76D92E83EB68EFFBFEE9A289F479312C501E4FEB292A58429BBFB450E2F5124"
"docs/docs/features/monitoring.md","7568","1805E204EBEDB9068B140737053B2D7482F514027B538583F580D2BD127B247D"
"docs/docs/features/partner-sharing.md","2321","02602A3C0E6654D4F7B16D1C6C155B4FA6006C41E3A76315C42FB7B26BD67F7F"
"docs/docs/features/reverse-geocoding.md","916","6AA99D005E1D7464AFE6451997E70EE3C00793CAD08F06C150FEDBEAE9302630"
"docs/docs/features/searching.md","133461","5313214ADD5D1D20291BBCB14251EAF578CF363024C8778A4746B76167383E15"
"docs/docs/features/sharing.md","2695","54A5B04BE327AC4DD345A05D60BF08E19281C5EA86D47C4378B3F75271DC6DBD"
"docs/docs/features/supported-formats.md","2924","318896A45474B43A65E6C9223401C56B23E495BE7FA9D471C30C1A9A9CCD6BD4"
"docs/docs/features/tags.md","1207","7F454F895F572C5DC883CB048B3A466522989BC4575FE01C81CBC4BC69870549"
"docs/docs/features/user-settings.md","1025","CCDC758BF8F32FC91309923A05870C3037F065BD4F2141E6AD9F1B21EF23DF26"
"docs/docs/features/xmp-sidecars.md","5501","638AE950F7FEBECBE7B587EA2DF340C7233C74FB693B5C6FA5843648346FBD2A"
"docs/docs/guides/_category_.json","41","C0DDA83045A306384AA6FB902203BDF0E93CBBFFA287BB05116ECAF5B7AFCCA4"
"docs/docs/guides/assets/20231219_183007_add-new-server-option.png","39500","065F9C67694EF21BB96F665D95435FF6B4295AFAFF48FED17521E06FE7288F12"
"docs/docs/guides/better-facial-clusters.md","2325","7F3A2C6E725BC4CAFF3B8482FE4C52B58DA4CF3AF2A1C47BF7B1187DED63D301"
"docs/docs/guides/custom-locations.md","2733","883DFE1FAD3B67878DAF2FA821E2BF799BBC798EBAC4F31F7F165F79E5C48655"
"docs/docs/guides/custom-map-styles.md","2471","4C6CDD2350DF3186AEB904ACD19CDD531DFAB48ED95955772B4EB87F47BF19E5"
"docs/docs/guides/database-gui.md","1645","BF8C220577EE7CF8B7680613B228F87660B795BC9D4136231DC038DE46AD6272"
"docs/docs/guides/database-queries.md","5428","F1B0426DFA792A54FAC632E47861E416CDD1C5909F8E0CFA5C4A51671825972F"
"docs/docs/guides/docker-help.md","747","BB1CF19CD29E3D64CD7524E7CB59F0B3D23B7C73D8263EABC80AAD654E57EC14"
"docs/docs/guides/external-library.md","2564","A33C4AFCCC3ED32F637572E9130474E154F2A27A72B0859B346718056ED0357E"
"docs/docs/guides/img/add-path-button.webp","1462","55F576BDE960CDB94AA4581E8508204A600B3149FBAAF458CE7F04FED6DCCF4C"
"docs/docs/guides/img/add-path-field.webp","11576","78B7D6083BFB79E564AF7C2FD2F72CB64666A9F90593270CA4134B5D2A9A4FCD"
"docs/docs/guides/img/administration-link.webp","21434","21E44C7744C1844D3A7C6AA2A31C05D8F0F20641962258F599A057391D6096AA"
"docs/docs/guides/img/create-external-library.webp","45752","2E4499AE7D8B1701954A80D9CB17095469E15645468BAC8457586B6B360E4038"
"docs/docs/guides/img/edit-import-path.webp","17344","A69C28CC6BCAE6B4790DB10980F639F203274B6725068BC2E931AB2D0276046E"
"docs/docs/guides/img/edit-import-paths.webp","2928","54549267FA47C5A7CC283D65CDCDF0F3B989777002D02E853EA9AAA6752C7D2A"
"docs/docs/guides/img/email-settings.webp","54320","36A88C853AC87EE936E2013F90EA19CA8E76279619786545711A83BB5ADC00B4"
"docs/docs/guides/img/google-app-password.webp","17486","5D9F2869ECC460AC2756757C45C2B3A4E5180F5316494019B6ED4A07EA1B7D5F"
"docs/docs/guides/img/immich_map_styles_publish.webp","282296","CC2B9D713301120C6BF65105697619CCF5C4192696B40390F33ACA59CBFC4AD0"
"docs/docs/guides/img/jobs-tab.webp","21128","8D45F1D9B3964C8635CD9D913987F067B6926FC0321EC50B44964681857B8F14"
"docs/docs/guides/img/libraries-dropdown.webp","1896","33D90AAB001D2B43AB4B8788D703DB8345C34E2D716AE82017F9D8108E666F52"
"docs/docs/guides/img/library-management-page.webp","79666","CA3D7915244700563E6759E185C88E83EBCCE62DBAE1C27006CA37FA77FCE5CD"
"docs/docs/guides/img/library-owner.webp","14606","3E3BED90FD5BEA662A0DC3B2E652B27AD166097D9116780862E759C7AAF24E26"
"docs/docs/guides/img/path-save.webp","3302","89C374D1772387ACEF49233C1C3F1F4C7171F9BFED09C1050C298312112E3054"
"docs/docs/guides/img/pgadmin-add-new-server.webp","19948","9A78FB9343BA685895B24385A2F5C0F87E272B677DA01E300C81DFD7BEF335A5"
"docs/docs/guides/img/scan-new-library-files.webp","3266","FBD3ABF46FEA94A764EC2ABD2159B1B415C6E0AAD83A9F06447BFC9110A93D98"
"docs/docs/guides/img/user-avatar.webp","1798","6137C64792E631DC0BFAB230F22B9692D2E94553C2C3295BFAE585607D907961"
"docs/docs/guides/python-file-upload.md","847","253DE1C10FB02CF5221324FF3B4C2C759DA3B6967AF0E6D67AACDBEDABB96133"
"docs/docs/guides/remote-access.md","4865","FA953FEA78FAF60E87BD4BABEE3D293D18CC01C7A3BFF7E04642B1BC347C978A"
"docs/docs/guides/remote-machine-learning.md","4633","63BAABF94F2485CD6C428F282F1F5BD1DA98CDDC5E9E75AA2C4C296C209D0145"
"docs/docs/guides/scaling-immich.md","2090","501DFE4A7D3B3E9019204B5F1F8355A37B926C3655652192ECB20B7AA7E0E6DB"
"docs/docs/guides/smtp-gmail.md","937","46A48BE12EAFB4361B2575342F2D2C170ECA8746E61E0BE51CD470774EBA6490"
"docs/docs/guides/template-backup-script.md","5347","82910BDBCDCA086476CFAED83BBCAD8FDE8DAB684BEA6EE4303C2F00E06CE786"
"docs/docs/install/_category_.json","42","6CE0FE75F0408788EB0543B94A6283ED14FAA6A94DB3DB25AB58E65C2D7179EA"
"docs/docs/install/all-in-one.md","494","21E9531650A55DC2BE349C5AE597099FD2C365AF7B4E87A0F6F897E48F97CF07"
"docs/docs/install/config-file.md","5926","731A3A720CECAC5DAAB424702B8C3D0CA58FF295BDA271A0171128B0890D2D3D"
"docs/docs/install/docker-compose.mdx","1645","88E77BAB5548AEAFC899A5940453197F390C8E975A12FF31CF0F3BC8F9E115E2"
"docs/docs/install/environment-variables.md","24186","F678AA0A7FBE2BE3DDC3E3A1D7A6D5AAF5EDAF1717C1B9C0F73924ECCA2E72F0"
"docs/docs/install/img/dot-env.webp","56086","BE93174E60270F46932D74F0AAF58AD788B5CFACD9FFBDBAE86AC926E481B8FC"
"docs/docs/install/img/env-1.webp","10482","D5D7EEA462328CEDA8F256D69819FD6F0538F91E817DC7F7092305D916D16F40"
"docs/docs/install/img/env-2.webp","101756","78A9577BD240C708E8B697B14F406E460ABC364B6D244E0F68F9CDA68ED792EA"
"docs/docs/install/img/truenas/truenas00.webp","2694","91678249434BA70AE845CAA8A320F7ED0B5003DE48F60853CCB1B9A1E34DC81D"
"docs/docs/install/img/truenas/truenas01.webp","4802","DC6A689E69894B89DFE37197B7E7520CCDADC5A50AAD520669B2121557EC480C"
"docs/docs/install/img/truenas/truenas02.webp","48792","6DC8F560E5A9723C0996B28B089B5ABE84CE763983E71F1BED4280391B9EB36D"
"docs/docs/install/img/truenas/truenas03.webp","12754","685547DDC16871DB39A927650AF5F45EBD2F7EACBDA439201318C5FA6F8D9E50"
"docs/docs/install/img/truenas/truenas04.webp","103115","FECE255000D4CCE300CAADC513C7F4B8A58F463A98328F36AF2DF946E9648D73"
"docs/docs/install/img/truenas/truenas05.webp","1648","2B0871234EE43E10F107E4614AF72DD3F01C0266C653B9CE8437109BF1AB02E3"
"docs/docs/install/img/truenas/truenas06.webp","5264","49DE7F8FA8BA966D65EFF2592A33AAE64478E5E0DB9451825AA7C214FAF8532B"
"docs/docs/install/img/truenas/truenas07.webp","50209","9BCE298F3BA337CE9749ABB2317C1308984A53FCCB4ADDACB35D15E400422B2E"
"docs/docs/install/img/truenas/truenas08.webp","27162","245AFFA93D69C4DD9DC328EF2327A42F93C0CDBA84EB6C3272DA42AFC83D69BC"
"docs/docs/install/img/truenas/truenas09.webp","24690","EC2EE61F9D245AC5FC81DE85351BCB5D6EFDC3723FAA7C43FBE44145ADF514A5"
"docs/docs/install/img/truenas/truenas10.webp","17070","51E21659895AA25158C7ED809F5917A952DF4E52CCE7DBF9059EF25884A2FB38"
"docs/docs/install/img/truenas/truenas11.webp","4100","9760572F858AB705654397D313CBDAB8E2DD1FEEA7C050A9B51334E9A7B2C319"
"docs/docs/install/img/truenas/truenas12.webp","36010","7C6BD7FCCB234CC5D4F0E81D9EF2905DA8AAC24D9F02FA789262AB06CAD7D374"
"docs/docs/install/img/unraid01.webp","31350","84C4880A5517623A0308E1C4C1DD962748B2B81DB925924DE4735BBBBA9E0461"
"docs/docs/install/img/unraid02.webp","7108","08F62663C92E1D093F4D579722611BDDA8F8489C6411CCFF545184C8956C8512"
"docs/docs/install/img/unraid03.webp","19062","4AB361087084098107609D8B76FC19720F455EACBAB03F2E6307F6F27016ABC5"
"docs/docs/install/img/unraid04.webp","564","3CED94F0B8CCFB899702AF6EFC86CA56C0AF9D49E9E984703D94E46FA7AA9AF0"
"docs/docs/install/img/unraid05.webp","18640","ADECBDA13E3009DB40B03FF5499C45A7179E3D408AC8EFD6B72D2A81F7D1B4D5"
"docs/docs/install/img/unraid06.webp","47992","A4BFB6C74B5E183D8B8EDAC2C4EA6016A49322A22770D9D7ED2BF069EE14F5E4"
"docs/docs/install/img/unraid07.webp","73656","7AA109DE476357C5890C1DCAC4B4D3BE634A669301980B7BD7E288FC3F846932"
"docs/docs/install/img/unraid08.webp","40006","33ECF665EEF5383FC70F884B0CF4E8E9084D7CB6DE0303C26EFBA385AA8CB1A8"
"docs/docs/install/img/unraid09.webp","10826","7390F47AFCC2A8AB02983A626E7045B4827F34D4F31C784CCB4A24997A6AB561"
"docs/docs/install/img/unraid10.webp","29726","CC88A7D7CE211FDFF0C868A66880AE05737F7883DA2823909346C10C0B2821E1"
"docs/docs/install/img/unraid11.webp","41928","EEB97240A928E179F66192C3AF276F24A6E7107857E42F209E37E899FBFFA526"
"docs/docs/install/img/unraid12.webp","18644","290747676EAFCA9A070727C886D0969FF8BC095316C505015B2C913EAB611E58"
"docs/docs/install/kubernetes.md","638","1374C5B97DCCCAAF54763F71311438EF1B7185FB5C76449C833DD6D4826C56CB"
"docs/docs/install/one-click.md","775","362783564E5597CBC39724C57D5443680C10190DE069157F244004D064159C87"
"docs/docs/install/portainer.md","1663","B0621294CA50012464D77C6F3BBEA8E4F2E5F97E6F00D8ECD8CE75F925A004FF"
"docs/docs/install/post-install.mdx","1336","7D64BFA82BDF5844DD756FC0926B9581325C14DB6EC8E4016A199B9641C434EE"
"docs/docs/install/requirements.md","4131","B3E7207EF1C7536EC9F16D37D1D68F4BE7328E06563A1CD630F9D60693456D1D"
"docs/docs/install/script.md","1292","93188BE7B074F867E52D875801EC28F64FFBE80E39B381E5CDA63C02E40FCDED"
"docs/docs/install/synology.md","8434","05F6DC7E6D5074B681EA5BFC9CF4282D944398117414F4927A8ACD75905588EB"
"docs/docs/install/truenas.md","28703","97CCB90DFAB54DC786DFC3C164C438DBB5BA003A4A4888AF3CA5D744C9DE5FC0"
"docs/docs/install/unraid.md","8788","7BD8ACFDB650395169B233FB90B92C448B931E93967D43F47FFD0C4C6357043B"
"docs/docs/install/upgrading.md","7905","B9CBCD7F96491F88DED75E59FF84158723EA17AC69130384515A5A61597BF70A"
"docs/docs/overview/_category_.json","43","922A7A8B874F5B68FC5E3B882297301A3C3379300EF6CAE12A22DB846995BACA"
"docs/docs/overview/comparison.md","343","B4CC6CDCDD830070CCFE236462ED1ED440ED12887B5B658256BEBA662FF348E8"
"docs/docs/overview/help.md","467","71EB9DE6619E0C8A69E4F05DBC55AC0E8F8E52BCC6135F2236E65002BD0A33C5"
"docs/docs/overview/img/alex-picture.jpeg","20900","56EF2F08A1E2DD55B0257B57CC173BC9DD4E4586993BEC42154A8FE426321F8E"
"docs/docs/overview/img/appicon.webp","59530","6EBCD5B2BF3434C5647767CD5431A31B0F5025D5E4F1CE4BF491FBAB78AB67B6"
"docs/docs/overview/img/feature-panel.webp","52680","E0357FCBC7DB3091E5EE5C0596C85D31728230CF3A95A6B1BE76666E887AE6ED"
"docs/docs/overview/img/upload-button.webp","688","B3D1546120A350690D16264A2951964B8736AC6FC1B13189CCAD2E65F7A76EAA"
"docs/docs/overview/quick-start.mdx","2805","0A1DE59DD6150C754966E814950FEE680D96F75A382981FDB7F44CD7A4ABCDB3"
"docs/docs/overview/support-the-project.md","1301","8659D9379E0A4C8510A703F135DA06CEA0FBA02280042E810BD68E472ED6BF9D"
"docs/docs/partials/_docker-compose-install-steps.mdx","2038","88F079F7E44512924545D6CCA2885766892CA78A9AE6A12F091757F5E93E3CEB"
"docs/docs/partials/_mobile-app-backup.md","622","663D2EBE9CC32DBBB8DBA4C067CC1661DFE2E9E22487B29B104D39BF2628A12C"
"docs/docs/partials/_mobile-app-download.md","490","1B7F648980E55604CB9A2B9BA953C35ADB18D70C210589C75CB0E576AE64EB5D"
"docs/docs/partials/_mobile-app-login.md","189","A3D323C71A272CD6E64EA5E599E7C8BBA7EA7F5524665ECE985B0E160B16286A"
"docs/docs/partials/_register-admin.md","450","BEAAFF4AC2D620E1D819CD5CBBE007E2943831B1477FA6623C1525734F126434"
"docs/docs/partials/_server-backup.md","713","CD809763D2F2CDD2A4D0890C116D5658A625E5911003068E5C47EF6BC7D61DEC"
"docs/docs/partials/_storage-template.md","2803","DC77E4DE94126807AAC63E4BDF35B3C18B4F0FEDC3DFAE15564D277C023E53BC"
"docs/docs/partials/_user-create.md","481","C861C8683164AF30B651D7853AAAD8A7E5B404B6814D6C100694BAB0B64D700D"
"docs/docs/partials/img/admin-registration-form.webp","43480","EDE489274C21532BBE31A4B3F720EF02BBD845EC82F28D2FF5DFFF4646704AD3"
"docs/docs/partials/img/album-selection.webp","25890","89F0E7ABF0E3C6581A380FB12A3B07EB1B5EF3305EE25F8A7A503293821C380F"
"docs/docs/partials/img/backup-header.webp","4506","E80B9ECCDE26455B30EC4293082E607F6202DCCBF6F8AAE8D311DDC1A5340E84"
"docs/docs/partials/img/create-new-user.webp","53284","D207645FDBCA2280C59E9F86149DC2E2CFB545D9C514BB36B08188C1E584D6B3"
"docs/docs/partials/img/create-new-user-dialog.webp","38806","64E2EEE7D754234C2F9E8BBA260D5A80E9DE48E3802E6C605C8953CE5A6DC813"
"docs/docs/partials/img/enable-storage-template.webp","43750","A91B324F3ED7E7492215F72F86BB8E4C64F83ED648E99F060EE39AE55F218562"
"docs/docs/partials/img/sign-in-phone.webp","25296","CA443B7B933209772D229376385520242821C4E13EC76F199C99E1830F9B3DEA"
"docs/docs/partials/img/storage-template.webp","266530","C4EF377D1F4B42F0EA3EA4578D6E16A482564ACF372D32D4B7B135914F10B970"
"docs/docs/partials/img/storage-template-migration-job.webp","24018","42D052F53EF49F6B21B79CBDC70F6686AB1BF8A57E033ED8164864E85CEDA253"
"docs/docusaurus.config.js","6511","4047B1139084B2C3489F170FF142F0DBFC23692E0EABB11B32417E3F07C7873F"
"docs/mise.lock","167","B9C89E4E4F2A01C858BC40C4D73F26800867468777C08EF227BC22D258EE6CF4"
"docs/mise.toml","707","661DD1F8AB1F914642E49A56C1CB44109A9808161DF1ECE482BE73C3AD8A3E5F"
"docs/package.json","1730","F7CD981977792077B215337C0F82EF3BAC81D148331185E25BF7C4836346D3A3"
"docs/README.md","792","62459DDB5BC418F0BA33FD1721841CA1E135FFADE2AE308A007FDDB5CFB7F8E3"
"docs/sidebars.js","783","21A5907FD6AF230C0D3ECEF75BC2DBEBFEA2A2F3205BBE1C01654A6D49668549"
"docs/src/components/timeline.tsx","3498","782F462A1C44191C1711F134ED3E678463B947E18F088AD061F5DFA088895464"
"docs/src/components/version-switcher.tsx","2292","2DDAE6ADD04C1C27E1E95FF2E93443CC2E5718ACF95F18F5F7431065D8899A2B"
"docs/src/css/custom.css","2831","8B05AB4311A43E4DB173D69AE3D2E26E54D693F7FD2486EF39780A667F85A125"
"docs/src/pages/errors.md","2352","A0D40DD47ADCB2F95206D76A3203990FFC8D0A0E224988B757A814FB5A2FBE2A"
"docs/src/pages/index.tsx","146","90B06D42C4020E38F1E7032A0F73C61CE7B8512005DADAE7C551ED8575767638"
"docs/src/pages/privacy-policy.tsx","4217","A21DE924A58A8CC2A4188DF26CFC8AE526147D72A3DEE31E02097D19D8D53CB9"
"docs/src/theme/NavbarItem/ComponentTypes.js","228","5D9FA9FC7F07364B1872A6392382F60990AE3CFC0D15D60FEC5872E93024CC92"
"docs/static/.nojekyll","0","E3B0C44298FC1C149AFBF4C8996FB92427AE41E4649B934CA495991B7852B855"
"docs/static/_redirects","1954","6275029C7C2775A8211BB3FA7544C0EC50BBF176BA588EA771BB206EA5C13565"
"docs/static/archived-versions.json","5495","7B85A9A78E25CB78399AA9701841A0819C2B499D37F925829E3FE1143A2A2FA6"
"docs/static/CNAME","0","E3B0C44298FC1C149AFBF4C8996FB92427AE41E4649B934CA495991B7852B855"
"docs/static/fonts/GoogleSans/GoogleSans.ttf","4845504","D3224EF61C2411CE6D2EB2B1CACA78E4BD48F7371B01B73D246BB2373033FBA9"
"docs/static/fonts/GoogleSansCode/GoogleSansCode.ttf","126148","88BE64849506A7A70A57668A8D580C999718BDAC0A85A59FF47E1AB2173F77B4"
"docs/static/img/app-qr-code-dark.svg","41863","A824375C7D5162269D1FA6AE434AA023BB95566C7E0DBFEABD3220DC6648F9E6"
"docs/static/img/app-qr-code-light.svg","27761","6D5A4A9EE5C8666D9F23B4BAC52B04E48A3B8FBA2A282C95BCF6E5ED7CCC2B3B"
"docs/static/img/cloud.svg","545","0D19A36EB2ABC2FA5A8A120ED9E33E80B3F94A0C8D96A3451B40EBBFB7AD2788"
"docs/static/img/cloud-done.svg","756","F34E00EE8943C03C76CF2BA83B568B8F4231527228E895C0A67B3F7C0716BA9E"
"docs/static/img/cloud-off.svg","799","1A1946D0CA00ED1CCF74C723EFBD4498989E92F62555E91EC06A3111F3AA343F"
"docs/static/img/color-logo.png","47506","C2AB7C9E0D5FFA37D81F15C601D396B5C37D9B91BC4B622BDE027D62BFE5F4B7"
"docs/static/img/download-apk-github.svg","14707","F8AB03EFEA769A0BFE6DAF7588D44A7FC08009E23CCB2848DD5BDA7A4EAD6526"
"docs/static/img/favicon.ico","1150","1D040F2CB6EE28BC4240670DF31AE9A7A563A486F1CFA2B7729807891EC73739"
"docs/static/img/favicon.png","6358","77127631BCA644C4D0F33F72655886B2621483A0FF0F0632B7BF97D5F9E3E288"
"docs/static/img/feature-panel.png","776346","EAA581B600F413C14901CF3EB6BC557B2C3086AC03F22B92C3160BFAFA5AF7E1"
"docs/static/img/google-play-badge.png","4904","F72611E2DF8E88204009FD896D05D5E8E83C77009C63943BBFFA169559934849"
"docs/static/img/immich-logo.svg","2053","DFA5EF704D07854914306C0C224173BDA2710F8FC0DFFEB7D78690F58F9811A6"
"docs/static/img/immich-logo-inline-dark.png","58890","6B21F00DA96DCCD123256B7BA029D03A75CD09DB71260FBFC25CDA40AAB83B63"
"docs/static/img/immich-logo-inline-light.png","58826","CB1C67782B48C364C764A7F44FA1614D7CC4C306167DC47316FAC1BD4CDAB056"
"docs/static/img/immich-logo-stacked-dark.svg","5665","EF0C917C1355B8C062C2B19F248D2148A899F166CCDD4D0138B1409FF84D003B"
"docs/static/img/immich-logo-stacked-light.svg","5665","1558937D81AB96BBAEBD6D34BC43E21B3B2464B3556A6B46BDF211EDFC8013B8"
"docs/static/img/ios-app-store-badge.png","72110","D7E27AD7908B6A3E26896CEE5E7508412BE68FBB7E1B4F16391C109BDB0E7CE6"
"docs/static/img/ios-app-store-badge.svg","10804","A26FC5B38380272C92E9019A2EB8B45542A66814B3E2B203772DB8904B9FB99F"
"docs/static/img/logomark-dark.svg","2127","6375F363FE27B58EF9250293CE23D5F2F165A21EDA174F59A51F06BE180E0D19"
"docs/static/img/logomark-dark-with-futo.svg","76446","B33ED5A89AADC77B620027D6102AD608C06D7B6BC788CE307643E7C55DB27D31"
"docs/static/img/logomark-light.svg","2198","7F4B3A36C7B8C647B69EC4A9C0FB900F739D3D4E4C15BDCB42C12A8783ADD31B"
"docs/static/img/logomark-light-with-futo.svg","76358","5A30C28A2172F3D415F24513937CCE22FC4FC1EBFCF7E7EF0CE8A9F36DC5BE67"
"docs/static/img/screenshot-dark.webp","260622","520AA4CD57211F8949FEA83ACF9C5AF9E5A9FB7E878C9751F5763B224A692CC0"
"docs/static/img/screenshot-light.webp","256120","A2A36DEE23DDB2D4D4B2830848D5E847AE717623137B00746DA1E165EC06399F"
"docs/static/img/synology-action-clean.png","143534","2FEBC4DA087B7E6BB18C02D677BFA0003F774D0576450C017ADE4EAEAE997006"
"docs/static/img/synology-build.png","143714","4F8AB31304D9AF2ABF62136BF684C7048BA1C9C9DB3054477C5EFDB0373A3D2A"
"docs/static/img/synology-container-ip.png","51734","B3323B6AE107F1E8F7612A3CD861855498C9AC19AC39460CE29ED2619C6A52BE"
"docs/static/img/synology-container-manager-container-details.png","168326","E8E2A925C8F88357C2FBF2F6ACE47C0F8D662214DB9B66199DDDCE63FA0A79BB"
"docs/static/img/synology-container-manager-create-project.png","114324","BA455BBC3FD30079476906DFA712ECE5510C6B57EB6627BD53566A7015EA23AA"
"docs/static/img/synology-container-manager-customize-docker-compose.png","157087","80D6DDB2E2A3AE7AA791B0BF7B75B95304A5D6D0B8E1965393FC865C00052442"
"docs/static/img/synology-container-manager-set-path.png","50031","D8D78DD5FBC7B258F7973A329CFCA339EDFC4F178031F53FF68FD5EB5B174F70"
"docs/static/img/synology-custom-port-firewall-rule.png","90155","E952F46CAEE1B2C227C44F9EB2F487950CAF5E86D48F74A105FC393616A78A95"
"docs/static/img/synology-firewall-rules.png","82492","5B139FB381B212BE65EDB64B5DF31BC2EA33B901CC850DFB14759EDE16E11BA4"
"docs/static/img/synology-fw-ipedit.png","29589","E2036571F351B6B844B787FD55C866427A84D015917D314BB27E98122908BBA1"
"docs/static/img/synology-fw-rules.png","56393","3A7F5DBD8595F5E8EBEF608D9C87AEB9F8FC1155F99D1764A2F40B615BAF1F31"
"docs/static/img/synology-ipaddress-firewall-rule.png","47071","8983FBC505B10F129EFE17D1BDF889C33371702BDD9C01E818AF0A5A60954CB7"
"docs/static/img/synology-project-stop.png","44008","E54ED74B4450F0C062844E99EFC4415336FAF9F0B60330652D29F74569958649"
"docs/static/img/synology-remove-unused.png","35440","1B355D66F0E0A0E95712C90475C491D6BF54701A4EA35DC07334E803F9780508"
"docs/static/img/synology-select-proj.png","26760","74F51372AF10CBF387C0C9EFBC0CB107A529A51476B94655DAC8FC044E979B54"
"docs/tailwind.config.js","781","EF34B0F08704117CE10AFF9A166FB846D94E77380812CE0F09CE84982269F591"
"docs/tsconfig.json","129","8F23DB1ADCC12803D843AFF8E52681CD44FDCA388376671DDB06F75F9FD456D7"
"e2e/.gitignore","94","1727356E962D852F518F706F7EF45AE0786460666BD53DCBC9D765FFF5EBC38A"
"e2e/.prettierignore","173","2679D16AE1700D7E36E2130B6F4772D52D6702569B4CBBB4A0AB3F35351667A5"
"e2e/.prettierrc","193","AE4F374EC54B444AAE67C274592798EC36CCA06074B48ACF0809200342C67B16"
"e2e/docker-compose.dev.yml","2308","9C9F60B677A7AAF1BF57890F66EC14761AA0433D454EDB76B9581ADCDD3E40B8"
"e2e/docker-compose.yml","2154","4AE909E65C5261F500A9930A836338FAE56B37F57CE22F209FBBD162C18DBBA6"
"e2e/eslint.config.mjs","1664","4BF364045B8505BA9106ECC4A5B3F1064DE94F1C1E3CAD05CD2CACEDDD40F213"
"e2e/mise.toml","1200","4CC84E13F5B983DCD228CD4A847DF6A8EFB85FABAEA9BA2B4822600E31C1909B"
"e2e/package.json","2055","3E8E288E10A22D6AF6FD8106FF16F1DEC552A8B93707D9E7E30E53F6FBFCF4E7"
"e2e/playwright.config.ts","2105","3B79BE1A6CEEBB2F6121BF926815AD09223CEFC87154B86AC396B93612B7BF25"
"e2e/src/api/specs/duplicate.e2e-spec.ts","25426","A0766670DB6D7E3104B282A6B6AA39507B103926A1424C994B4059A37DC5D1AE"
"e2e/src/docker-compose.ts","1014","306F42C0EAB15E2ED61D20E6B50A62555BBAC2D5F3A7B417562FFF52DE096FC0"
"e2e/src/fixtures.ts","2061","9DC9B3044DA79AD03E3834815722E71D11E8ABF1FA2E74F494439512EC28AB41"
"e2e/src/generators.ts","657","6CC40FE79B34C931527B5C3213B8D485B42FE31697ECF76CCEA99BFEEFFFE006"
"e2e/src/responses.ts","2258","9D34F8CBBC7AD84945F31A2664CA9B1D648F97DD5D224432AB626CFB8C257A00"
"e2e/src/specs/maintenance/server/database-backups.e2e-spec.ts","10520","65CE191C8E643726CDA6CD986B4A190333072E41448A5618407D546EA39538E8"
"e2e/src/specs/maintenance/server/maintenance.e2e-spec.ts","6299","F36F5AF39C22532447996A77341078878402D450628BFB094756A31BCCA981E0"
"e2e/src/specs/maintenance/web/database-backups.e2e-spec.ts","3984","275F8B14D0816329B4FE1BE6BADE820A4C116F5FD3842315A0C4AC8455F593E1"
"e2e/src/specs/maintenance/web/maintenance.e2e-spec.ts","1972","7B9C76F9763D7198401CE04249D3973B12D0186DD7F1CD7524878FC7D338CB21"
"e2e/src/specs/server/api/activity.e2e-spec.ts","12293","9536C20E3FFE07F86E4FABB733A4F34D6586F8200AEF65EDD8D2ECE5B1D37440"
"e2e/src/specs/server/api/album.e2e-spec.ts","29711","68F8C311285BEB5BDA8C80B766032D1050E1A002C4BBD1BC5E67382B1F6A3E17"
"e2e/src/specs/server/api/api-key.e2e-spec.ts","8010","A2E703ACE98148CB18D5E1B0FBF1A9DB6261903BD3B43FDA0051070BCF8AF0A8"
"e2e/src/specs/server/api/asset.e2e-spec.ts","38605","CE1D10A83284397B7BCD9FBBAD62AAC58F7738601D9EEB8577388B5E71609FF4"
"e2e/src/specs/server/api/download.e2e-spec.ts","2019","83286291311C3B6634E706AF4DCF41AA02F3D9A4A0E880E3FC1B8C2051C08314"
"e2e/src/specs/server/api/jobs.e2e-spec.ts","8025","8AC3BFF4D7CF2906EC02CFD044197D1314A35856D57BF8B51BA98D923910AA6E"
"e2e/src/specs/server/api/library.e2e-spec.ts","54927","78E0D3A3F61E18ED37A3725C89CC95E642F957CAFA56CDC32B186DCFFCDE3ED5"
"e2e/src/specs/server/api/map.e2e-spec.ts","6304","AFE2A1BA090E1B2B29E5E1C0685D7D42FB2C6E2081B0A919FDADC0574DB0D3C2"
"e2e/src/specs/server/api/memory.e2e-spec.ts","5883","DC3C8638A91B4EEC7975F6649A8CB86C10C03BF27CDDD3D36413B2F9ABFC6762"
"e2e/src/specs/server/api/oauth.e2e-spec.ts","19827","C645F0CB232DC6EF826D7D705C9792D813C2E81921A885674D4B82F58C382EA4"
"e2e/src/specs/server/api/partner.e2e-spec.ts","4591","31543F8569B448E50C59B2CD3A56A6EFCFF86ED54B660A35A6DC150143FBC032"
"e2e/src/specs/server/api/person.e2e-spec.ts","13191","FBFA2D518A19447549626AA085ED9F3A7685CE75844BB44CEA99F6F54D3977EB"
"e2e/src/specs/server/api/search.e2e-spec.ts","22761","F3E808CBE3FE75F915D50EAED66CCE75D7AF5A921DDB05EB79665001B690EFCF"
"e2e/src/specs/server/api/server.e2e-spec.ts","10980","EFAE6B0B4891CB289F1D0F7C605E07E41BB91FFE52C15090C76E21812715FD86"
"e2e/src/specs/server/api/session.e2e-spec.ts","2887","9766D13A24668DDA7048A3EFE45E2BCF88D465E03C2DEA70BB8EEBC6E82DA40E"
"e2e/src/specs/server/api/shared-link.e2e-spec.ts","18482","2B3299298757FEF0DCD78F4D46013E4AA964234A9BC2A80FCCDE81220C93EBE6"
"e2e/src/specs/server/api/stack.e2e-spec.ts","6836","18273FE82E7ECD39B67DBE3739534330759758A4C8BB8BD6A227A5CE80E055A0"
"e2e/src/specs/server/api/system-config.e2e-spec.ts","1902","A988D4F1D22C2C5AE64F9DE8A4735BAC6F24374C03810207807844650620E1CC"
"e2e/src/specs/server/api/system-metadata.e2e-spec.ts","2779","26E9E0057829E2E42B0D1FB5D3B6FEDA0411C4413B144973A0268B0C01C50724"
"e2e/src/specs/server/api/tag.e2e-spec.ts","24161","916FE3BFF73468A241B7559D19A6897136479E5923CD0F331537DFA7E2D2ECF6"
"e2e/src/specs/server/api/trash.e2e-spec.ts","10559","74330CA4CD7B8B6BEAA32F896B8AAB6144D38B05CD7BD94D79EE8D563279A148"
"e2e/src/specs/server/api/user.e2e-spec.ts","12126","145FF25BBBB3C102C5220E75BAF896DCBF1DEC11D5656030A227BFEB661928D5"
"e2e/src/specs/server/api/user-admin.e2e-spec.ts","14596","0D2AE5D018B28A1CDA8C65A2A092973D21FA7A8402A34B583A4D8E711F019A43"
"e2e/src/specs/server/cli/login.e2e-spec.ts","2306","8D9826396AA2BE29CF90925AECB9915088D330D1ED4B47DBC6E041545AE5A9BD"
"e2e/src/specs/server/cli/server-info.e2e-spec.ts","894","8273C001ADA53D77DC053018CCE2A7DD457AAC103D387403997816BC487E3EF9"
"e2e/src/specs/server/cli/upload.e2e-spec.ts","28065","94D00FD4CF26933AC6C8250463CAE309137DB21AFBA4E0B142F74F264DE35FA0"
"e2e/src/specs/server/cli/version.e2e-spec.ts","814","90270D332CFC80C924EC5234836A3827728C40D1D1E4A9744980FE654349322F"
"e2e/src/specs/server/immich-admin/immich-admin.e2e-spec.ts","2438","BCC6BAF66A42F065C9CBC1D124C8E0393642DD94D436F33729E6BA08F3324311"
"e2e/src/specs/web/album.e2e-spec.ts","2217","F24BB75F40FEC10D6E556875B4CE38512A3CF2D8FD9A5A04E7F94907CCA8BC28"
"e2e/src/specs/web/asset-viewer/detail-panel.e2e-spec.ts","5158","6609CF41A9493F8ED1AF5BA3460094B4FEA31AEE570127F4872D91169935FCB9"
"e2e/src/specs/web/asset-viewer/navbar.e2e-spec.ts","2399","2C45F6B1AAECAE47D785A799CC138D73D42B02F5B397CA6098298F986CA47C51"
"e2e/src/specs/web/asset-viewer/slideshow.e2e-spec.ts","2051","D8B8DF89116674C14F586B45D29D6B148A8403DDCF96AEA54E4C99F96945BF25"
"e2e/src/specs/web/auth.e2e-spec.ts","3886","0F1080BC6B8240DD8CA0D2F59AD724212364944CB8DB1541A1ADC392A38915A2"
"e2e/src/specs/web/duplicates.e2e-spec.ts","1708","BC043ED46FB96DAE32ED77FFCEDA061E4B10278357A52BC04627419A98614128"
"e2e/src/specs/web/photo-viewer.e2e-spec.ts","2872","A0346FE26C2536CDB293D6532D8488A92A28897DA1BB8E3F48011ACD272E99F3"
"e2e/src/specs/web/shared-link.e2e-spec.ts","5471","609D44174B9FF034CA44F7F0D4A874BBE659ED11D75246A5ED46F207B09B7AEB"
"e2e/src/specs/web/user-admin.e2e-spec.ts","3365","4FDB44D78E821A1C78A6D9F860CB497CFE021E36089BF4DDDE447D6B4C8C7C05"
"e2e/src/specs/web/websocket.e2e-spec.ts","838","0C7229DBA9BF16C61D42956AC7D31BC7366430BEA7DFFC52E53F602625C57145"
"e2e/src/ui/generators/memory.ts","165","73BB378F48B10934364E4AD7493BB941E70ACE8DBCB203F8EEE8437084A8B7E7"
"e2e/src/ui/generators/memory/model-objects.ts","2388","9994E5CEE66CB6645FE70F3248BB418677E817EBC3C4A1EFEAC3F58C14898F97"
"e2e/src/ui/generators/timeline.ts","1003","F946BED8387275D9F926C5650A7E225068D7D1B7DEC0D12F5490109458C71AB8"
"e2e/src/ui/generators/timeline/distribution-patterns.ts","7422","BD61A02BDF51FE237B9D5446D2D88B9B85DDA2723FA44E60A1467CA1E6D5A843"
"e2e/src/ui/generators/timeline/images.ts","3838","71B4E85B5F8437D5E5FC7F81E486F20893099E31A7D764D35F5A731DD889B569"
"e2e/src/ui/generators/timeline/model-objects.ts","8701","4870FC66AC3FEFD6C28C1D3849E234661CEDD1445409EA6CEE5EFAA762BCB4A0"
"e2e/src/ui/generators/timeline/rest-response.ts","13884","035B1EB9E01748E98F455ABADAEF271AF51C5E1E71537393C221CD9191E2C361"
"e2e/src/ui/generators/timeline/timeline-config.ts","6799","CFB2E580C23A85AC692BF358943D670E3E710D14D575DD39DA9FCF12CDA58A27"
"e2e/src/ui/generators/timeline/utils.ts","5390","6CC3A79E68CC868EECA4E9B2AAA9F74BFEA1A2D647F51ADD0459C8EF1D3848E1"
"e2e/src/ui/mock-network/base-network.ts","7390","CED96B033D6AF1B2D53C4DB90C47F684418E817DA1A140993E40506D56FCA82C"
"e2e/src/ui/mock-network/broken-asset-network.ts","4806","524CEF0646CA262479C4F5E90E0307CA9C52FF07808ADCC402D0114E16663CA7"
"e2e/src/ui/mock-network/face-editor-network.ts","4614","746F080BC564E37B1919856F6D20A4BEE1BE4E928337AC098470832F38991ED7"
"e2e/src/ui/mock-network/memory-network.ts","2062","CB7EB82423D4363B44C14DB84D1F91BEC5514DE21CEC5E11B2998B04D2A9E0FA"
"e2e/src/ui/mock-network/ocr-network.ts","1327","1EB1D6EE6BE8872D692CEB8A40084F0640BB720DB4AFABE443E3EBC4804FA85E"
"e2e/src/ui/mock-network/timeline-network.ts","6429","99BAD92895C9A0597A89A83CAEB9FD6297FB0DDDA7100772DF394A48D264DD79"
"e2e/src/ui/specs/asset-viewer/asset-viewer.e2e-spec.ts","11894","9FF770D861A7FC3524631A1A74289F7938B02686F65F5805432A06C61EEA2722"
"e2e/src/ui/specs/asset-viewer/broken-asset.e2e-spec.ts","3164","49756EDB618760121BC21593133B054A999266E71B48D114ADF6FF64390F28F6"
"e2e/src/ui/specs/asset-viewer/face-editor.e2e-spec.ts","10666","F97699A5CF80EC878083DD9443C8F82F92EBA321C0CD224264DEE06FB44CC9E4"
"e2e/src/ui/specs/asset-viewer/ocr.e2e-spec.ts","11630","EA04CF35A0DA0D7FE1A6DB998D23D71759D270EF3139A02A479F9241D6244A64"
"e2e/src/ui/specs/asset-viewer/stack.e2e-spec.ts","2817","D67091FA46AEA536F98421DD2F9CA491F9F5AA4407F5BC06B105538197D268E7"
"e2e/src/ui/specs/asset-viewer/utils.ts","3813","1C500D1ADA424FEC0238C22A6A2DD8496D685408FB12EF8E44D1218B1090C540"
"e2e/src/ui/specs/memory/memory-viewer.e2e-spec.ts","11018","642D1FACADEE185960886EEFA1FE72249ECDCDEDEFB718E5054DB75CF1ED4B54"
"e2e/src/ui/specs/memory/utils.ts","3558","D5ABDF65A0573705CF37261575D4A243592A6976FF3F3CD2BCA7BCE54DB5F5B0"
"e2e/src/ui/specs/search/search-gallery.e2e-spec.ts","4724","D953B369C7DAFCB44730509527FF1C0FB766B4E73C7F0E434719687B630D14A7"
"e2e/src/ui/specs/timeline/timeline.e2e-spec.ts","40011","19414309A63D262A238437230891D6F9D97FEFF572845ACB7E91A0C5B0EFB4C4"
"e2e/src/ui/specs/timeline/utils.ts","8059","2DE12FA8A42711292188D2E81075098FCDA6831CA7DFB3D50AD70BCB0F997100"
"e2e/src/utils.ts","21096","181D4079DF6B7E69C3115284BA172538DC1A6836C16B237F5147451E8D7F0DE1"
"e2e/tsconfig.json","597","79889A45EFF70D6BEED0686C914565FBDC29B8C2253964EA6820CB8EE328B63D"
"e2e/vitest.config.ts","754","261FCE3D968AB13583107D336299AE8A4103321170A477E3CCBF141B8A15A49D"
"e2e/vitest.maintenance.config.ts","771","0FA534CDF73DF4ADAF24FB3D4B95425877FA775A0A0AD7AE7CA9CAD1D0188AB9"
"fastlane/metadata","35","1A1CBEBEDFD18E6FBE8033C891CA98BB72758D2FA6DB60243559A799DEAB5C73"
"fastlane/README.md","251","29616955C86BAC11E63B7D6BE52922E8705D86D9FF876BB313F82E56BC173F23"
"i18n/af.json","18128","F41819ECEF85D64393646910080F012ADEC5524F112779DEA6688615890AF29F"
"i18n/ar.json","209570","5F7FEC507FDC0FAE17718970EA569B8A6A0BF6246DCE49734870ADC6F7BDBF03"
"i18n/az.json","8728","99D678C9712A06C0806EFE7A371EF2834E74CE6F9ADB87E4CAB58CBEC9A26292"
"i18n/be.json","55319","AF5044086279CB24A63EC1E3586CD8AFE7884B26F5C06268B4321B018E96EE53"
"i18n/bg.json","238964","6337272C58951EB55F3087D81A93C3000205693EBDEA87040ABC85E39EF8212F"
"i18n/bi.json","1590","21643A934A2B32A10036CCCC27DF2F751735D47400A4A50E9B96B49011C6E968"
"i18n/bn.json","104546","38FB91CAA2B4ED167D122D7AB4FE2B163A24908AFA054926FF8EA9E8BF744131"
"i18n/br.json","3","CA3D163BAB055381827226140568F3BEF7EAAC187CEBD76878E0B63E9E442356"
"i18n/ca.json","173678","B4CCC92764A579CF2A02699A523FBFE97C8F325021A7A9C6F51E7DDAE78D795A"
"i18n/cs.json","170651","9E6463300C15D4F7A401407E966E2819B8C593E577E735487BBCD7D1568AE536"
"i18n/cv.json","7167","67673B77F15F196E63CE506174E1FA830CA50A0E659ECB75FA1D93FD68C2C712"
"i18n/da.json","163069","37FA11208FEE46BD3DEC712548AB0890CE389CE19FF1332B43D5ADC794174BDF"
"i18n/de.json","174762","62FD30BAEC4957978E089943AA41434516DE8105155C4BEFCB70407CA74DA617"
"i18n/de_CH.json","12448","D69DEB8341AE7F85EF6716EDF6CCC3F0E464FF652FEE86B9F34832CCEBABE743"
"i18n/el.json","261766","81607174B0B479174F4A3DAFD5F2CCEB540E881E660510939CD79DF972C90F6A"
"i18n/en.json","157594","2E5A40809D9260FEE9B8160D49D6BF93DE49C8EB391F5CC2670153A692389309"
"i18n/eo.json","91769","289B9741177E626A757A31892A04ADA044772A83F55B54FBE28E909B05D9B3B7"
"i18n/es.json","176029","8587D0C64012F018F4D36E711C0703E04864E1F03E4E982AD703F0FC13C2EC85"
"i18n/et.json","160645","421EBAA96E23D49193D2EC3DCC5833FF81374D52FBC4BC52EDAF28ACB9413279"
"i18n/eu.json","9841","0DD1206912AF78C6CE39578A74A27574CB8CDD2A28A099F5525F022A3C630B8A"
"i18n/fa.json","75495","410C7BDC7D18BC83700547ACA87828BDDAE1A859B29B0532DF38447294D642E1"
"i18n/fi.json","166678","715E0748CF3C56118FEC2B89200AB49E9D6CEB3BC92ADB4147EDD27E13EAD319"
"i18n/fil.json","6075","6D59B3AB20B50621F036668FC3046E52B02C3EA26E05C6798DC7320A319D9FB1"
"i18n/fr.json","181667","03155131F5E4659757DA6D18B86D522B1F05761996C51F4FD4809106B3A119EC"
"i18n/ga.json","179717","699EFC96347D832FF630C2A8B843952CD452E38BF0775C57B9674CC947B6CC6D"
"i18n/gl.json","173127","DE829402A29FB37BCB328A34E7A8F58FBE6B0C1A18A8679E1424DFD2899A498B"
"i18n/gsw.json","114579","333EFF1C1AC7B894B0FA33904307BE2586639D0998FEF7C1222D2D0A38CA6DA1"
"i18n/gu.json","14007","AB00D7059C69A3AD45003CA46ED21D5647CB2F1468547BD65502774FA5C1E088"
"i18n/he.json","191716","A7246EE2950D6B493146C7F0D60B664708FDA9C60439CE7452ADFF02D4EE7AF5"
"i18n/hi.json","273078","FD8AC5FC9C90B15B83912EDADF5F27D893346DE2764168655EF435DE443A064E"
"i18n/hr.json","159280","1CC96C0B2C699574CECF1A81C45BFF7AB7E0AAC6B312F59A696B908D0C2172BC"
"i18n/hu.json","176736","59ACFF5FAD57B7AB41A2DA21C7C2675DC5502754FC630703653FEF7213F21B0A"
"i18n/hy.json","9079","B329FA556B124DE6965445ADFAFC137604D6F9B9B21F4D3BB3473F0A6099046D"
"i18n/id.json","163661","6A3D259B9C573D6F41940C74B57C49EC39335FD54272BA066FAC3669A68F2016"
"i18n/is.json","87369","9C14BD1E18ED251E08BE50B3FA1581BD9C728DFC362AAD28EA23D9DD5D7D71DE"
"i18n/it.json","170965","9EEF74A84C889DF13952AEA231D922EFCB5C1482BA69DB4DDB6359219E2141D7"
"i18n/ja.json","188389","3CFA33C259D80747511C75DB2DE8D1D88BE7215B45A974D72D8B2520A286D276"
"i18n/ka.json","35835","06F94F7B0E8FE81908F9CC4D5AFD41ED3126408CCFB8ED665655D61838B36BCB"
"i18n/kk.json","1183","053E37E180725F7BB5479584179CACDC2BAB040859081D5EDD882EE97EA41726"
"i18n/km.json","16201","337A0CDFBC93D50E9455F565AA87A7DF1CE2897FC122A59C0B394F8AEF06203D"
"i18n/kmr.json","157","4FC150CFC8E3177C8A4365D9CFEF77B9DB24E722724B827720D9E393E84794F9"
"i18n/kn.json","244476","C369885DB05C584453584DA7D796FD073B577C88E6120E0A642F8AE323C87D50"
"i18n/ko.json","172072","9ED4A4DD5EE12676E56BE219EC15FA03354C688D971899579F51B003F6935409"
"i18n/lb.json","3","CA3D163BAB055381827226140568F3BEF7EAAC187CEBD76878E0B63E9E442356"
"i18n/lt.json","175167","15A1BCB037EF108567031BA0501DC43739CD0DB140CC89020DF69B9CA0626CC2"
"i18n/lv.json","124952","E90CCF2FAF2A4E740CF5226BADE482E565FF2AE5B9D59651BBB5198FACB1C122"
"i18n/mfa.json","3","CA3D163BAB055381827226140568F3BEF7EAAC187CEBD76878E0B63E9E442356"
"i18n/mk.json","19638","27F3E8F43A148D46F1399F710E6BA29D986B04F5EFE47B58D5603DC48CA6B78A"
"i18n/ml.json","309691","487ADEA697AB975C872E337E4C614E1353B8FC0D0AF1535F103D2A1A26CDBF05"
"i18n/mn.json","11118","2E5E6992CB026CB18F0A66281CB5E490E2D8F3900D5212DEDA64A91F762AD296"
"i18n/mr.json","250657","3FD7A67FC5C0EAAE2D7BBF74E2D963AF42338643BF285571707E4DAAE773E439"
"i18n/ms.json","45028","129D5387BF722C74F900FCD57C6F7A0D4965A172B18508F0296E64D7BC01FD36"
"i18n/nb_NO.json","161586","5D5A9B1D9BAFA711F0E93DB2678D0B87F478BBF8C9035C652B6439511997616E"
"i18n/nl.json","167912","4C79F1F5E778F93056515A943AD67A12C87013D4E815E7C84619CBC7B27215D5"
"i18n/nn.json","39365","C8C4A0390AB1E49678AD15D2D7EFC03E532956679B5867B73C98E529DD477D44"
"i18n/pa.json","1014","D10ED2760C056FBB5E408AE6DA944086D2196093F89C1654AA09163732DD335D"
"i18n/pl.json","173406","1A3BF3A31E18BE94AEDFD91AB49A6A221DE91D102E47EEECE86DFAE12BB21883"
"i18n/pt.json","175947","00D5AEBA31B47C8015AA17EA2652ACA3FF5F5AC5E73368A2AFF826CF3107A486"
"i18n/pt_BR.json","171671","F77871AF8F5C7DB9406C6F7C5EB8FD234CDF78547A63F1910DEEED5035427286"
"i18n/ro.json","174238","1CE8A3000262177BCE67FAC9ED4CAB56FCBB09A92E469BA67152088D7E7C399A"
"i18n/ru.json","241406","4958114F348755DAD4553D1118C3899F4BD227408843899B7F71BF6C5FE9968A"
"i18n/si.json","3","CA3D163BAB055381827226140568F3BEF7EAAC187CEBD76878E0B63E9E442356"
"i18n/sk.json","174626","80AFD5F3FC51BA872FEF598D83D6880410907F6FC45123B7A9371830316973A0"
"i18n/sl.json","170328","2EEEE31709700A4BB0E6EDE99705384A4BF65378C54BFB560FA869EC0FE41F21"
"i18n/sq.json","11421","412A8D0B61FE654F5EBB2788BCCBCCEDB990704D16AF51FAA476F101BA4F0CCA"
"i18n/sr_Cyrl.json","182274","366D74FA6725FF67BAEBA78E38E5391B91FDD50343181A07EFBA4F120690A99A"
"i18n/sr_Latn.json","146229","3F6163856B1E47C3DD0D47C1AF94E2BEC09A85F07E240343FDC0904E062044FD"
"i18n/sv.json","164716","687624F093F2A22B8237375CC4968D4826055C013B6C45DB14B65BDDB6155B9A"
"i18n/ta.json","337194","C8842C54FC0420F86A64B2F2551FEFF6698E43CE5C42C0D6ABCC442810BDAA31"
"i18n/te.json","155517","B0CB40D612C1CF2D4AA81191BBCEAA7B001D62C3AD4B28D1B0A53AF674CD5BE5"
"i18n/th.json","256528","1D928533FA1C2D7C2D4C5EFF5BF45096D0BA8DD22A62E1723DD823C7A013A4EA"
"i18n/tr.json","170457","E16BB8628AD286E69B8FB45AAD11E7F905AD2C2D51EF6103E8B7B7B7ECFEF8D7"
"i18n/uk.json","245428","1A0393B9C1B38C53E35305CA1D7BEF409FF75071B16DB668D0AAADC3568F750B"
"i18n/ur.json","9347","BDA15357C9A85C166F20A3CC92F7B3FDC1DF45CF8EE044B8EFEF8F4C06615958"
"i18n/uz.json","3","CA3D163BAB055381827226140568F3BEF7EAAC187CEBD76878E0B63E9E442356"
"i18n/vi.json","182647","18BFFAB6F268A78CD93C448D99A6CE53C101EC1D31E22337E638068216C1C171"
"i18n/yue_Hant.json","16514","24812670295F5F3BA422B32D6B2BEF3A1719CF8160F4365326FD2EB763F15D6B"
"i18n/zh_Hans.json","150892","0C92DCDBA0FB9EDFC137C203FBDA1ED81FE171C9D38F642E858B10654127C30F"
"i18n/zh_Hant.json","150947","CC4AC9A18B646237410DD0361345BC03A525C262C66052DAE1D834256364FA6D"
"install.sh","2976","AB6C8E218C896959D079AB29C4DCBB1FDD9A7946EDB49D10D33F8E1C5C846CC4"
"LICENSE","32388","A3BAD629F67F442B23B5224419E49EDAFC32E6B9C876B89464F7AAFE6091CCDE"
"machine-learning/.dockerignore","18","B3FFACF40D3E130EB83543D2729B54D8F6AB9CB388BE4AA50D5CEC702BE6778B"
"machine-learning/.gitignore","3485","3EE0F9C6400FFC9F4217E000E6B879504C57F2D62A5ACDEA8B5BA0B7E3621459"
"machine-learning/.python-version","5","02E735B3DFE1C32833EB550B7FF8FFA17F5F2BC3FA1E7BAE61A8F5A3883CE398"
"machine-learning/ann/__init__.py","0","E3B0C44298FC1C149AFBF4C8996FB92427AE41E4649B934CA495991B7852B855"
"machine-learning/ann/ann.cpp","10903","630A0085929950F35CB055025C89A521863315B0B2D3FA8C11CDEB4016FCFE88"
"machine-learning/ann/build.sh","187","67C13ED5CB25A102EF73D48BC5EC25690D10C341BF94810F27F9ED66BF3DBC19"
"machine-learning/ann/export/.gitignore","15","C0CAF3058753DDECBD2983927E3E9A45D4E325ED39D45231785A8BD99E67D4FF"
"machine-learning/ann/export/build-converter.sh","333","D8CABDD6EE297B508C610D3E6CDC3201FD55EC28365F46A9746AE1B228FB8AC9"
"machine-learning/ann/export/download-armnn.sh","278","DA915E769C82FC3F500C6C4B17168EEA038FC8D32F1D58DAE7B04A8F974880C0"
"machine-learning/ann/export/env.yaml","6463","A5E8E116FC411AC01BB8BBCCEB2E4664977CE4EFA6B8665965E147668A44E343"
"machine-learning/ann/export/run.py","5046","E5CC0C62BA0A99AD5242DF70BA808DE8A1A4F8AC4F4CCFBDC662B2654FA2A6A7"
"machine-learning/conftest.py","5390","36C112C59528864132411B3787DFB539777712170E8408DD3015BE629BBFCB67"
"machine-learning/Dockerfile","6952","C76D033696E2E91AABA70A86676FC48E3D0F8676DA54373AAE831150BB0A7AE6"
"machine-learning/immich_ml/__init__.py","0","E3B0C44298FC1C149AFBF4C8996FB92427AE41E4649B934CA495991B7852B855"
"machine-learning/immich_ml/__main__.py","1410","E9FD706CAD751639BD4699FB6D0572038685DD8BC2AFAA24A5AE039073EBCC64"
"machine-learning/immich_ml/config.py","4716","8CDADC8E0937F3023E6BA92958AABA98ACB54F994587C23D6BB9FDFEC69F892A"
"machine-learning/immich_ml/gunicorn_conf.py","391","B2112D0D6A4858186F8F643D222F4CAF1ABFF5F97EA283D5F75EABDDC483B40E"
"machine-learning/immich_ml/log_conf.json","305","2D5309C5F64E665F7156CE487C4703F0D31026184A6D9A129E459359E8D6D484"
"machine-learning/immich_ml/main.py","9016","1C03416507BF7E2B679E6178EC5212D6386A31B3E55437C1ACC7D062D485F0F1"
"machine-learning/immich_ml/models/__init__.py","2074","41CF7B56900F737167208AFC959BB172FFD7764CE74FF3C2A76DF4918CC20CD2"
"machine-learning/immich_ml/models/base.py","6003","4FDB995D51C6AB5CCFDC62EA0DFD1B6C9FBCA3C6DDB959E8759D36367559FF39"
"machine-learning/immich_ml/models/cache.py","2146","442943DA493C6CEB4544E806A4F66469EB84548DE5D85256B52E4567214031F1"
"machine-learning/immich_ml/models/clip/textual.py","4843","25C3B3B3B26AABE4058B782E5EC6C79F34FFDB3FD59B8B8197C4B13420CB190F"
"machine-learning/immich_ml/models/clip/visual.py","2686","DA7D8A13D1468E6C3F6998003E570E34ED1EA66174D950C5128B201C3BF0C311"
"machine-learning/immich_ml/models/constants.py","4438","A85B4941E80C0A9B1AE1F5C4DFCE71E22190C90D096FBC545967FB82DBA4CB47"
"machine-learning/immich_ml/models/facial_recognition/detection.py","1501","B6D5852E8FAACF68CA9ED915336E00A2DF93C80991620258096A05C7BC412123"
"machine-learning/immich_ml/models/facial_recognition/recognition.py","4201","740D1319C0C8242761B8B35D481A7550DABC7A304E94F8C77C9F31528F449039"
"machine-learning/immich_ml/models/ocr/detection.py","4993","59E8AA90BDFB947600F3E06E1EF009351E5DAB6173FBBE04F65A68C11D5C49D5"
"machine-learning/immich_ml/models/ocr/recognition.py","6483","C85B3B6FA643CEE4EF6C3B42C40B96A8179015D4DE80231978E9080EAB7C8B09"
"machine-learning/immich_ml/models/ocr/schemas.py","811","0D68CB72974D57125C3C8980BBFD46DD886E26684EF45C2929AAFC04F30155FD"
"machine-learning/immich_ml/models/transforms.py","2720","55998BFD73C7418EA65C04087A53CAB30405FC3C02E572244DD55B016ACAE9C8"
"machine-learning/immich_ml/schemas.py","2378","CE50F6C74944843ECB34F76D162E3D51EE362BCCFE03E76DC6CABB058D8D95FC"
"machine-learning/immich_ml/sessions/__init__.py","0","E3B0C44298FC1C149AFBF4C8996FB92427AE41E4649B934CA495991B7852B855"
"machine-learning/immich_ml/sessions/ann/__init__.py","1860","9E1847630B5A92D880AAF8113C6CC312A9EFA5C2B8DC64EBD708313FE177A379"
"machine-learning/immich_ml/sessions/ann/loader.py","6789","C53A86CFC8163E6E8CC10E59D123298E996EAC8D258E7BA8F37CAA6588C2A91D"
"machine-learning/immich_ml/sessions/ort.py","8626","45C70525BF5FA8102712F6E3BD0491C49A0BEA18CBA04CE2D96E10FF32231FF0"
"machine-learning/immich_ml/sessions/rknn/__init__.py","2742","3CCA4C5BD5A0186C423AFDA416E026E3ADF3E379903F48C69B5B7C3E1F9768A3"
"machine-learning/immich_ml/sessions/rknn/rknnpool.py","2788","51ADB5D78A54F4EAC2786D4D39EE04668F99E6DE973E5AF424FEB62422F61FEA"
"machine-learning/locustfile.py","2756","B6A5B1C33BEA127700BE38B3490ED4EC1EB4B33997DDE22A9ECB5C909D5A8879"
"machine-learning/mise.lock","4057","D59134539A53F82DDD79BFC49BEF2B7E47D40B861159D676E24C53EC08F55916"
"machine-learning/mise.toml","639","CF56F2B23E60D984F115174D49DB99DB2274DECE5609D6902FA18A66EE471C38"
"machine-learning/pyproject.toml","2298","C6A8FFDA884EEB779648307F629957C4FBFFFC618EDB35B866F75556F91E540C"
"machine-learning/README.md","2916","12DE448721965753E06FCC761B6A6934BF27AAA6E74CC40CE7A0403DE11832CA"
"machine-learning/README_es_ES.md","1714","CF5ADD195B1D65C0F170C1FFF6010DB75A2E1A4F006E2EB4DD41B04A7FFCB59B"
"machine-learning/README_fr_FR.md","1696","BFE9A300F09ECE56F94C7559228F73A8D79A3B6482D8784963940DC42375C00A"
"machine-learning/responses.json","22702","3994824C39184B15C4329EE36256EA7C93438CF935D9C6B67E6BB62E0D03BF36"
"machine-learning/scripts/configure-apt.sh","409","83CC8068208F6FFD9C767D0E68730B84ABEF82D0B420A1E18A68F70CC9CD01BD"
"machine-learning/scripts/healthcheck.py","580","E23E09522C287F389CE1ECB62BEBAC1D2411AA4A1D41C04D166616228765335C"
"machine-learning/test_main.py","64189","6644CF3FA95F6A7A5DC9809F561BDB146B0DB2BEB438D968111E96D04140865A"
"machine-learning/uv.lock","591115","17532732880DC66BDC90916288E371D8CECA49187C37B35755D4300212B2D0BD"
"Makefile","2611","0A2BDD986159044EB11AF14563BD5527A111B1427E02D5D0C2B7C80FF64A8E86"
"misc/release/archive-version.js","1231","1EEF6C61AE51CDA91BE0E9E45D61D6D39F9857F2494B6A7C093C5186C5C9002C"
"misc/release/notes.tmpl","207","D5D74CA704FA76605CEF53D4AC3FCABB444BD3BB3E0928F7F40AA9612EB7DC01"
"misc/release/pump-version.sh","2964","3303B58175DDB909F65573EE143B3E3D4B8DC49742DB6EDEE1976A75D3BA7E3B"
"mise.lock","20311","4867C8D9275CA38CA7C51E005E67955E45AC57AE68413B7EE6C6C85A68729596"
"mise.toml","4798","E43D50F33C1214030DAEA77FFED0E807D0FCF018E382B26952F8DA96BE35C2F6"
"mobile/.gitignore","852","7A548645FF29131D8696BF452D75E7431C00F9C03BE37621A6540C6A12D5DF70"
"mobile/.metadata","1668","6E8887FD4DD203658A55A8F655E1E11AE213BE5B5562326B118C27F666E407DF"
"mobile/.vscode/settings.json","186","C7BBB6B758402E297A66AEE4A3ECC3B416D740EE6C24B07EA3187120EACF9396"
"mobile/analysis_options.yaml","3033","89843F674795F6A1B8F676297DD72515E658D22985993E9BCAC7081125B5810B"
"mobile/android/.gitignore","317","EF3EB3C384B6173FB704F94C4975B23C71E61F60F6159CD619AC58110BA619B5"
"mobile/android/app/build.gradle","3509","DED19BE96D3362F68BFFA5A8F4A917DB87E2E1D4B135DBC6F6D71C52EF1FB4C5"
"mobile/android/app/CMakeLists.txt","252","C86DC011FCB95CC1CCF090A7F9DED486C93ACB6B94B89D01DBE4E48BBADBBB81"
"mobile/android/app/proguard-rules.pro","2078","1D18D8997CE3A8F0A423B293266B63A008DA21FA97C9695D879968B80F681902"
"mobile/android/app/src/debug/AndroidManifest.xml","439","3AA2E431061F801A782F63E5384962BC448DE14927BE422C3077280522A66874"
"mobile/android/app/src/main/AndroidManifest.xml","8240","A53A56F4460FDF42A550F3FC98282310BC57D4E5076E6DD3A7672DF6006C0DBC"
"mobile/android/app/src/main/cpp/native_buffer.c","1570","E89166E2700A13D25D3888FBC7E75F54F93FDCD4C86863B89D37DFE507D4B26A"
"mobile/android/app/src/main/kotlin/app/alextran/immich/AppGlideModule.kt","801","C5650555DD661FCD6CC455A612199C436F561644337543BB99AB6A13084145FE"
"mobile/android/app/src/main/kotlin/app/alextran/immich/background/BackgroundEngineLock.kt","1883","C44D88B72667C422C58735242B8DF42B83226CF81C80090DDF163870F41817D1"
"mobile/android/app/src/main/kotlin/app/alextran/immich/background/BackgroundWorker.g.kt","15831","57768B8241A248C420060595A7FCF446504EF71CE4A84574AD8DB2E3467763CC"
"mobile/android/app/src/main/kotlin/app/alextran/immich/background/BackgroundWorker.kt","8314","51FF2456EB836B9CD7F425175B9D262D4CB3EF53DA5F48A8DDE8FE1B2E6CBFAC"
"mobile/android/app/src/main/kotlin/app/alextran/immich/background/BackgroundWorkerApiImpl.kt","4564","987EAD731085D48A0C9157E91B0A5F577E88DDB0CDCD7428610857B5B6273051"
"mobile/android/app/src/main/kotlin/app/alextran/immich/background/BackgroundWorkerLock.g.kt","3330","763CAEDC04CAFD86DB537753F55694890B10BE0A4C277F0A53F2DF5D6E9938F7"
"mobile/android/app/src/main/kotlin/app/alextran/immich/background/BackgroundWorkerPreferences.kt","2412","B8025B28FA38664F8D40C03AF37BA3AE724B9C1D2F5D93F916FDC3F69694F9F0"
"mobile/android/app/src/main/kotlin/app/alextran/immich/background/MediaObserver.kt","745","0F3D278136F91F5EBDFAF522CE65AAA4F545F35698BEA793DE00D63930EA4B47"
"mobile/android/app/src/main/kotlin/app/alextran/immich/background/PeriodicWorker.kt","522","E54BA27BC57A8E65D5643A1A8D070901058EA090A19052199AF58AEAAEDCDB97"
"mobile/android/app/src/main/kotlin/app/alextran/immich/connectivity/Connectivity.g.kt","3694","B5E3C14F0A325F15E49419F454BAD415058750ACD4F25A1512F116B472BBC6B3"
"mobile/android/app/src/main/kotlin/app/alextran/immich/connectivity/ConnectivityApiImpl.kt","1672","748CD3A6ED37202A560C247638D011FBB877676684649E518E1C1BF3F7C6F7E5"
"mobile/android/app/src/main/kotlin/app/alextran/immich/core/HttpClientManager.kt","18846","30EAE4A64717E110DB567BC46DDA8ECC51DE5EA0F16CA5688248609772B772B1"
"mobile/android/app/src/main/kotlin/app/alextran/immich/core/ImmichPlugin.kt","645","9B9ABC913731B6AD3F0E93CF9985E29F41F53111D3B2F8FB0EC6733A45FE2655"
"mobile/android/app/src/main/kotlin/app/alextran/immich/core/Network.g.kt","14759","A8CB705F051918241AD54766DCDB75959D88AAD1B19411D53BAB30B644ABE32A"
"mobile/android/app/src/main/kotlin/app/alextran/immich/core/NetworkApiPlugin.kt","2844","365BF258222CB7B3DA319BB539E458BF4FB75511205ED39F4EAAB8689B353041"
"mobile/android/app/src/main/kotlin/app/alextran/immich/images/LocalImages.g.kt","5415","D5362C97511D13BAD34E03220E49A503D4D12BDF21CEDC7945E64A34B432FE78"
"mobile/android/app/src/main/kotlin/app/alextran/immich/images/LocalImagesImpl.kt","8138","28D1B3EA2D5F191D5C8B8775BB77394963FE2E562B7DD62FC67E918A004FBAE8"
"mobile/android/app/src/main/kotlin/app/alextran/immich/images/RemoteImages.g.kt","4647","CAAA32AEDB4A875491037F87B4EF890BAF3E2642715CC3CFA6E79D1511793E42"
"mobile/android/app/src/main/kotlin/app/alextran/immich/images/RemoteImagesImpl.kt","12006","0CB1BC0F227723650DF07D624CD989390618EE3AC0DE3893DD990B289EA5DFB3"
"mobile/android/app/src/main/kotlin/app/alextran/immich/images/ThumbHash.java","6867","A9030605B918FB7424F7AEA1FE518069F5815F0791C2152C38627F1F892D294C"
"mobile/android/app/src/main/kotlin/app/alextran/immich/ImmichApp.kt","1305","337288D45B2B072FC4CE717AE4A5584AFD40B99DB0F997E5C56E29E4439C4D8A"
"mobile/android/app/src/main/kotlin/app/alextran/immich/MainActivity.kt","3306","537270220B6A5EA2E4A949D037578035EF90E069E538C16795D42CDB6DB0B1CB"
"mobile/android/app/src/main/kotlin/app/alextran/immich/NativeBuffer.kt","1155","FC8EDAC4DA20492E3936EAF833C84003BC504861B64880AAC8368883AA7400F1"
"mobile/android/app/src/main/kotlin/app/alextran/immich/permission/ManageMediaPermissionDelegate.kt","2885","8C44B1AC0768AAE54A761BC9914CC08B06D753AE8A0925B8789F4AE0D9720DC9"
"mobile/android/app/src/main/kotlin/app/alextran/immich/permission/PermissionApi.g.kt","4717","6DBA8DECD0EA6ADE613607FFF72E693747933857993718650CD4525B18DB2C99"
"mobile/android/app/src/main/kotlin/app/alextran/immich/permission/PermissionApiImpl.kt","1436","4D270600801DE41F73BAABBC9D5137F9F335350F4F37128B7AC7FB23E0ABC4F2"
"mobile/android/app/src/main/kotlin/app/alextran/immich/sync/MediaTrashDelegate.kt","4419","834B0E50A0ECDC66EB45DDDFD9DFC5F0866CD3ABA3C83A5F6F3C4239A9D636FC"
"mobile/android/app/src/main/kotlin/app/alextran/immich/sync/Messages.g.kt","27876","3148011E3C8977E3300E3CF7FCC20D2499B389458045E81CA04E302AF34FE963"
"mobile/android/app/src/main/kotlin/app/alextran/immich/sync/MessagesImpl26.kt","775","B002D1A3A9FB4C5219629A7FE98B639491243BD2E2C7206FD42F91E4F1628DDE"
"mobile/android/app/src/main/kotlin/app/alextran/immich/sync/MessagesImpl30.kt","3943","FD3A2274B7EFC13B0818E6D8931ADE9F4E6294DA46DDE5E2EF8947800CCE6DE3"
"mobile/android/app/src/main/kotlin/app/alextran/immich/sync/MessagesImplBase.kt","18353","D37DBCEEDCB821EE28BB50C4EAFBD2C5F0FA241F27BC76B68703484BBC07BEBD"
"mobile/android/app/src/main/kotlin/app/alextran/immich/widget/BitmapUtils.kt","988","30715CE6EB378DD9A2D2D027CC76220F9CC6E3E7EA0358CCE0B5237EF435FECE"
"mobile/android/app/src/main/kotlin/app/alextran/immich/widget/configure/Dropdown.kt","1733","9A40B01FCEABCFD4080C1724CF9F8B269FDC3880A170A74195C82C357C569105"
"mobile/android/app/src/main/kotlin/app/alextran/immich/widget/configure/LightDarkTheme.kt","777","8DF7C694D0ABE796B29A33BF7C7A7D9761AA290D6CDC3B87CBFC991E0062F1EB"
"mobile/android/app/src/main/kotlin/app/alextran/immich/widget/configure/RandomConfigure.kt","7466","8358F0AACBD5A0A4C7BA0BC14F2CEDBE593004A693D7408EECDEDD2BCFDDF596"
"mobile/android/app/src/main/kotlin/app/alextran/immich/widget/ImageDownloadWorker.kt","7424","D6274D6F954420E24171A092F435D4E2881D3D38DF3A71017886F8A566769E85"
"mobile/android/app/src/main/kotlin/app/alextran/immich/widget/ImmichAPI.kt","4091","446B3409FA56C4D688D8A720B45CF3D3B1B51D888CF1ED998ABA97C391D6F0EB"
"mobile/android/app/src/main/kotlin/app/alextran/immich/widget/MemoryReceiver.kt","1876","077350F4F0499C459DF61E465A3842A33B7B292968DD8954996FDD930D379F7A"
"mobile/android/app/src/main/kotlin/app/alextran/immich/widget/model/Model.kt","1807","78F33BF196F4AB182A4088B3F82C64CA5CA4FC16DD523C2342D4C29D492D2985"
"mobile/android/app/src/main/kotlin/app/alextran/immich/widget/PhotoWidget.kt","4249","17429FF659DF543A5D1FE8EB8327D0D5749DBF86ADDE4C7A4D87506A4652126C"
"mobile/android/app/src/main/kotlin/app/alextran/immich/widget/RandomReceiver.kt","1869","D6A33A2B48335F24E661666B6929FE4BE4357BD8FE360182463D2C82CD452709"
"mobile/android/app/src/main/res/drawable/background.png","69","4BD4313E41EA4C5FC2E29487B0326A4763A682281F9ADCB6E89C6ABA44392F0F"
"mobile/android/app/src/main/res/drawable/ic_launcher_foreground.xml","1925","8AF331021BD05A05B29873D1E6D86B272195F844076FF61854A9EECDB735F7F9"
"mobile/android/app/src/main/res/drawable/ic_launcher_monochrome.xml","1910","2C5E0D68CF3E47E38A7456A3030009C7A5B3BB6C2B2A61EA32F592FFA7E9F339"
"mobile/android/app/src/main/res/drawable/launch_background.xml","321","42B8D099F0A6D79E90A67949D7A655C09458C734AA1BD8C4D7C73A79B28397EA"
"mobile/android/app/src/main/res/drawable-hdpi/android12splash.png","15627","777307928194938A7EC65B0A475F256CED5A71005EAF1DE5FEF6F3F9DE908E79"
"mobile/android/app/src/main/res/drawable-hdpi/notification_icon.png","1292","1C4DC0A22037935901D45D75D109E044B9096DE5DCE58F3CE5752BC344F69F78"
"mobile/android/app/src/main/res/drawable-hdpi/splash.png","7217","B2003485FD82A624B55BBFDA1CCCFBA74502D3B8221588760CD1B2B6A23CD275"
"mobile/android/app/src/main/res/drawable-mdpi/android12splash.png","10265","0C562A2E19D2551AB9E32AEF05171EC06D4EDB17B56F711E97A5209971459894"
"mobile/android/app/src/main/res/drawable-mdpi/notification_icon.png","814","4A1D7F41F6EDB2DF35103EFE10E5538A776076EA786AFD6C026B5049A3EC8AD0"
"mobile/android/app/src/main/res/drawable-mdpi/splash.png","4822","C8763AF8A6FCB630F76F4D2F479DFA7803E5996C5EE4BBF04EDC9D93ACC6F4CB"
"mobile/android/app/src/main/res/drawable-night/background.png","69","EDF35B0F1E15B7D24D7448B6B508BB0FFBFEDEC2ED7E43D47C3C9EC2F88EBCD2"
"mobile/android/app/src/main/res/drawable-night/launch_background.xml","321","42B8D099F0A6D79E90A67949D7A655C09458C734AA1BD8C4D7C73A79B28397EA"
"mobile/android/app/src/main/res/drawable-night-hdpi/android12splash.png","15627","777307928194938A7EC65B0A475F256CED5A71005EAF1DE5FEF6F3F9DE908E79"
"mobile/android/app/src/main/res/drawable-night-mdpi/android12splash.png","10265","0C562A2E19D2551AB9E32AEF05171EC06D4EDB17B56F711E97A5209971459894"
"mobile/android/app/src/main/res/drawable-night-v21/background.png","69","EDF35B0F1E15B7D24D7448B6B508BB0FFBFEDEC2ED7E43D47C3C9EC2F88EBCD2"
"mobile/android/app/src/main/res/drawable-night-v21/launch_background.xml","321","42B8D099F0A6D79E90A67949D7A655C09458C734AA1BD8C4D7C73A79B28397EA"
"mobile/android/app/src/main/res/drawable-night-xhdpi/android12splash.png","18747","DB26B670FDC3CB28F998544B080DAE3DE40346FBE07FCD4B0125A5DAD74433DB"
"mobile/android/app/src/main/res/drawable-night-xxhdpi/android12splash.png","27827","7ED7941F575C6C26E5401CF3F137D60B1F1589A57C5917F83D0D07DBC839583D"
"mobile/android/app/src/main/res/drawable-night-xxxhdpi/android12splash.png","30439","553A5E7158E53C935F8BF965CABDC12884AEF67D1A21C6C73B6BD851A85C5165"
"mobile/android/app/src/main/res/drawable-nodpi/memory_preview.png","246192","BEACE38C43D245CA9078BD2673F4AB38619A0D9847752B8F6C671F20297DCC68"
"mobile/android/app/src/main/res/drawable-nodpi/random_preview.png","250040","F734C4CF93ADA27E3A2714B0FC91A354F85554B4A599A64FC8AEA0153179A85F"
"mobile/android/app/src/main/res/drawable-v21/background.png","69","4BD4313E41EA4C5FC2E29487B0326A4763A682281F9ADCB6E89C6ABA44392F0F"
"mobile/android/app/src/main/res/drawable-v21/launch_background.xml","321","42B8D099F0A6D79E90A67949D7A655C09458C734AA1BD8C4D7C73A79B28397EA"
"mobile/android/app/src/main/res/drawable-xhdpi/android12splash.png","18747","DB26B670FDC3CB28F998544B080DAE3DE40346FBE07FCD4B0125A5DAD74433DB"
"mobile/android/app/src/main/res/drawable-xhdpi/notification_icon.png","1920","97E9FEFFAB6346E152F6525F1B9D00C9C07DD6FCD882254228C1666B7906D6E6"
"mobile/android/app/src/main/res/drawable-xhdpi/splash.png","8554","BE50037CB2C3F7815AB7A876732F3C7952C98AEF47E2914B9B6DA02CBA02138B"
"mobile/android/app/src/main/res/drawable-xxhdpi/android12splash.png","27827","7ED7941F575C6C26E5401CF3F137D60B1F1589A57C5917F83D0D07DBC839583D"
"mobile/android/app/src/main/res/drawable-xxhdpi/notification_icon.png","2887","B7A8B533F560D18F3C33072CEAD3F818B79F63A12C9D510CBF4D31BC8DCC3766"
"mobile/android/app/src/main/res/drawable-xxhdpi/splash.png","12515","889D36FE3F9D90E34B3905BEA246F63EDB6D67CDE5BE4104D3FEEBC9452C8635"
"mobile/android/app/src/main/res/drawable-xxxhdpi/android12splash.png","30439","553A5E7158E53C935F8BF965CABDC12884AEF67D1A21C6C73B6BD851A85C5165"
"mobile/android/app/src/main/res/drawable-xxxhdpi/notification_icon.png","4415","DB612CB6E6E593C3172006A9896A42BC33A44F6A353989191836D087454C639D"
"mobile/android/app/src/main/res/drawable-xxxhdpi/splash.png","12333","F8531701CF208C6D7C3260A3F131D6DCA1D8ABB24D2ADB3430BB97419A7066BF"
"mobile/android/app/src/main/res/mipmap-anydpi-v26/ic_launcher.xml","332","3D24CFC82001FE144E97934B8663A3D098A444095ECFE7D50F14F3D84C207DEA"
"mobile/android/app/src/main/res/mipmap-hdpi/ic_launcher.png","4612","77A538794F5B43E2C02FF651FCCCA7FB74AED1296E57ABC6B7E5CE8CD75D5C53"
"mobile/android/app/src/main/res/mipmap-mdpi/ic_launcher.png","2930","A532F4F0D7409C95FF16194049C4EBB8E4B24C53F22E71E9072411079B53CE38"
"mobile/android/app/src/main/res/mipmap-xhdpi/ic_launcher.png","6218","419C23165824D075ADF5D9ADD853846627988AACAF8EEBEE64449D6EBEED87BB"
"mobile/android/app/src/main/res/mipmap-xxhdpi/ic_launcher.png","9487","8C223BF8FAFBA0E65E39E50B26CAE7804D769238E899D2D813C64621D43F0E10"
"mobile/android/app/src/main/res/mipmap-xxxhdpi/ic_launcher.png","12848","2AB2A28B1DDEB12748F234EE87425EB90EC88AD984B5872CD1FC5DFEC1D574B1"
"mobile/android/app/src/main/res/values/colors.xml","120","D5D95100301CB149608EECADC042884EFBF6C4F88BF6022578847A0857596731"
"mobile/android/app/src/main/res/values/strings.xml","362","B264E44CA2037244BFB65FB2F7167AB252B5D5F1F024DE0A8D01CF43C024BA5D"
"mobile/android/app/src/main/res/values/styles.xml","1204","96483118EE3F0BF3BBA7982306D97DE8CE7EF4F44DABEAB081E2FB1A53D28F75"
"mobile/android/app/src/main/res/values-night/styles.xml","1255","1D14CEA50E06515095226868297517593F6B6056C4C3AB50189FD509828034DD"
"mobile/android/app/src/main/res/values-night-v31/styles.xml","1225","61608E99D907A178BED62EF69C20F554BFA6493A878A4C3692AD2993A81E5681"
"mobile/android/app/src/main/res/values-v31/styles.xml","1225","2BBEE5976097FE2198619ACDED91F2F3238F0DAE1E353F1BD26ECE0ECA7AB94F"
"mobile/android/app/src/main/res/xml/memory_widget.xml","393","53762353F61F27EBFB61A6C92977E2FFE52BD8EEDC7A8F1CFDAE67132824E353"
"mobile/android/app/src/main/res/xml/network_security_config.xml","293","9F71FA926F764C9D6579A62A530B783BBEC894C409381CB6047C21AD0697F88E"
"mobile/android/app/src/main/res/xml/random_widget.xml","605","45E930491759F2E7755D4E481CDF2FFD20AA3E00CE8757D23DDFC5353591805A"
"mobile/android/app/src/profile/AndroidManifest.xml","290","DD26961A8F1CDFE657C2D8EB8E638A8E7E9E97145E5232FA2469A698BD136E1D"
"mobile/android/build.gradle","387","167B3EF18A82BE010F363AAF630F2199585FAED70A8C63B23DB535F470C8A163"
"mobile/android/fastlane/Appfile","102","76FE4769E8F462BA509932D8F739CD790FF454C9489392A718ED471D005DC88C"
"mobile/android/fastlane/Fastfile","1343","A16E0815877BFCA0DB08EFE5C0FF7F33F7A9ED1FBF31D93F55DBBC6F4A72F61E"
"mobile/android/fastlane/metadata/android/en-US/changelogs/10.txt","194","53E7FFD9DC924986637A9BF66E5A5C44AA52896E1C9E57F17B28B2524D1D32A6"
"mobile/android/fastlane/metadata/android/en-US/changelogs/11.txt","391","F17A37E0C828297103197B9003B66DE8A90F7B16E88C78993BDAB267E21E87F5"
"mobile/android/fastlane/metadata/android/en-US/changelogs/12.txt","28","EF238456A75B162BB566AB71A5B6885546B31E506646ABCE8E14DEF089F982B2"
"mobile/android/fastlane/metadata/android/en-US/changelogs/13.txt","293","1B9722C961186DF4EDD0536FAA37D7A7AEC11A4C36A2848E42E46FDCE3C8256E"
"mobile/android/fastlane/metadata/android/en-US/changelogs/14.txt","80","7EE33873AE8D8650B3277471451EFBB8AC67CF74B6C085B543BF41DBA08002D0"
"mobile/android/fastlane/metadata/android/en-US/changelogs/15.txt","72","93170CA9567408E960AAEC42336D0426B88B700A44B6093A57071E2D0DD1803B"
"mobile/android/fastlane/metadata/android/en-US/changelogs/16.txt","101","1B1E9185C80DEB13BC282B05AD21DBA040D404CC798D15DA83F993EE4BB91A2E"
"mobile/android/fastlane/metadata/android/en-US/changelogs/17.txt","72","B23A431A47E1EAC04E5723FE379399EC333F28A4C8BFF7B097EEE292FAA7D352"
"mobile/android/fastlane/metadata/android/en-US/changelogs/18.txt","133","5740E7AC19F1B8AA759745A2A83F40D2EA561750381507BD458685041745BC6F"
"mobile/android/fastlane/metadata/android/en-US/changelogs/19.txt","114","A061B562B20876E9E99266D8D26A8B33BCE8463A3A4222ED07104E03005E203C"
"mobile/android/fastlane/metadata/android/en-US/changelogs/20.txt","73","6D4340497CE47C8B16A513297296EB9F7B46405D244CA80A0FE7AC51F8B32E32"
"mobile/android/fastlane/metadata/android/en-US/changelogs/21.txt","195","2636B367E215C763854140D1CBD83C75337AC24FBE0269272428A3E64FED9C2D"
"mobile/android/fastlane/metadata/android/en-US/changelogs/22.txt","112","9F3DAF27D809F7DBDB7021C06D919D64786A8D1B46DC7A6843023D2E228AE21F"
"mobile/android/fastlane/metadata/android/en-US/changelogs/23.txt","120","30917119CD6F8CCD9C85254F24BF60E671BF75DE759133B41BCF5F01D9B0A65F"
"mobile/android/fastlane/metadata/android/en-US/changelogs/24.txt","45","E3226FDCF0B179FE5CFF530A233FB0348E0F8DAAFB56C8BA85B442C4B5920BE4"
"mobile/android/fastlane/metadata/android/en-US/changelogs/25.txt","101","FF744C429689FCFABC24DF5E3B81220E69832CB273FF7D3183DFDE7831C164EF"
"mobile/android/fastlane/metadata/android/en-US/changelogs/26.txt","81","31539DFCFB9BA124D033FF589BACCD39875FCCC9D68AF84D2208700DF17FA796"
"mobile/android/fastlane/metadata/android/en-US/changelogs/27.txt","81","31539DFCFB9BA124D033FF589BACCD39875FCCC9D68AF84D2208700DF17FA796"
"mobile/android/fastlane/metadata/android/en-US/changelogs/28.txt","30","75A50005B4D6A30019D41EBAA4C02E58CC46108D318073A0D72C8591276BFACE"
"mobile/android/fastlane/metadata/android/en-US/changelogs/29.txt","92","AB4FE10870F287FD6D7BC1CBA2D48D51D07F8CEFDDF19852B8ACFA87E991EE9B"
"mobile/android/fastlane/metadata/android/en-US/changelogs/30.txt","94","E1806FB1DA5BCE132F1FE6A38CA46391C759A8C424BACE6814C8E6F6AC8667DA"
"mobile/android/fastlane/metadata/android/en-US/changelogs/31.txt","104","71E2F24E1955BFA71C4BE737D66456DEE9C75F4D92F7DF461AF5A19A362EE248"
"mobile/android/fastlane/metadata/android/en-US/changelogs/32.txt","125","AA67802D3F9193A6367E7FF1B997F624157B6F2CA212392A1FC3829C0CB9DBB3"
"mobile/android/fastlane/metadata/android/en-US/changelogs/33.txt","46","07F63154B7F39CB549065DFAFA33B00957EB32E2333012B4CB4D3E6C04451675"
"mobile/android/fastlane/metadata/android/en-US/changelogs/34.txt","139","DE7DF779ECAA9898453C965841381453088B134A22B0A42B2D914DA24C6987F5"
"mobile/android/fastlane/metadata/android/en-US/changelogs/35.txt","261","32E45287EE3D506F82624C5891B82C8218B159B025F963742E93750607603CD5"
"mobile/android/fastlane/metadata/android/en-US/changelogs/36.txt","70","D8DAD7F3261A144CCF19A79BA68DF06773781489CBF325B2EE00E9241BF58213"
"mobile/android/fastlane/metadata/android/en-US/changelogs/37.txt","105","55632E057E5E03407AFC531FD945A8D498588D953F5671D2A21775637905D034"
"mobile/android/fastlane/metadata/android/en-US/changelogs/38.txt","92","60C823F1AB7C484FAE7916F42A1256ACA7AC6BCE159FD393C967E410B869660C"
"mobile/android/fastlane/metadata/android/en-US/changelogs/39.txt","48","FE2DFC52488AB7C7DC20E062BB3F84A78A78E52A911C8A78CC2EBB1623B9D0DB"
"mobile/android/fastlane/metadata/android/en-US/changelogs/40.txt","52","6D6C8DADA9878E8BABBEE49C7A11D99ABFBEF528FB4FB6DAB509F67E4545B3D5"
"mobile/android/fastlane/metadata/android/en-US/changelogs/41.txt","84","8E6AB37E42B338B7B33ED6D035B1097CC4F4D451F014348D7A1CD3FCC6429B00"
"mobile/android/fastlane/metadata/android/en-US/changelogs/42.txt","87","00213C2C33A038CC50B9F1A6292914611B538CC6C562D6437ECE4D622C36916F"
"mobile/android/fastlane/metadata/android/en-US/changelogs/43.txt","106","DA3C09FD380059A82EAA75CB2FDEA58BDB88EF889ABA46C0BC223F3A79062D34"
"mobile/android/fastlane/metadata/android/en-US/changelogs/44.txt","61","D1017C8BFB5E4DE8E346DB4FF267984711052772DAA14CCFC31B8AB85A0A1C99"
"mobile/android/fastlane/metadata/android/en-US/changelogs/45.txt","42","3105AEE9B05215737D912C1847E7A7D9127A5C3F0C09FF0F253F5B55A0C7EB74"
"mobile/android/fastlane/metadata/android/en-US/changelogs/46.txt","37","F33C89A3711D3A180F51A8E92DDA661859931601746D1B54F6C15464F438A232"
"mobile/android/fastlane/metadata/android/en-US/changelogs/47.txt","32","1D2933F73DFE6E9D3E7D8E90DEB3206704484652E6DE5417C3A43A380EE55B17"
"mobile/android/fastlane/metadata/android/en-US/changelogs/48.txt","57","6B49CF246CF60433063067D3C565748F192D0E89C584C1B5CE7CCCF9B52CB5DF"
"mobile/android/fastlane/metadata/android/en-US/changelogs/49.txt","99","534AF74B52AD596E64365FCD9BB930B0CA5CE766E98A7FD2A48BDBED324C06E4"
"mobile/android/fastlane/metadata/android/en-US/changelogs/50.txt","68","989861117D49ADE5ADD81FAC99D588454200829AC74C0F917C7CDDCBC0E0A7B0"
"mobile/android/fastlane/metadata/android/en-US/changelogs/51.txt","58","263142CE4FC24A167C9514EEA4389D8056712F75BD1C0DA0BBAEF19406307CD7"
"mobile/android/fastlane/metadata/android/en-US/changelogs/52.txt","148","F5C28FEB72894846E671358A018522305843EC876625A9180A82C8DE4309FE4C"
"mobile/android/fastlane/metadata/android/en-US/changelogs/53.txt","310","1D175B63DA8D279E3B405158892C07F5306FA86C48892FCEE6212347CFD4D13D"
"mobile/android/fastlane/metadata/android/en-US/changelogs/54.txt","39","434CE8C65E86810F1F62D469EFC201D2ECDEBFC89BCB657AA965DC5B1D4C85B9"
"mobile/android/fastlane/metadata/android/en-US/changelogs/55.txt","122","86B50FFB510F3F12DB9324CBC459EA2F25FE2AD8DF1701FCBF8BB63FB73416D1"
"mobile/android/fastlane/metadata/android/en-US/changelogs/56.txt","70","2421045583B80B2D38B61FC9CC007A24FDB8D9355F72DD673B44FA97A0D2D536"
"mobile/android/fastlane/metadata/android/en-US/changelogs/57.txt","83","D569607197EB66E69E8C2D7D1B7A65E67E94B736F035B46EE857C3FDD2DB623C"
"mobile/android/fastlane/metadata/android/en-US/changelogs/58.txt","238","145C9B51021FC66FD8FBAA2CC2F2C60784381C0F8ABF253C8B741DA357E539E9"
"mobile/android/fastlane/metadata/android/en-US/changelogs/59.txt","56","A128258B3EAD83FADFFCA343AFF7C43294E99129A4EFDCE92F7F1365CC7840F1"
"mobile/android/fastlane/metadata/android/en-US/changelogs/6.txt","56","83D8F1EB2C28366DD16A571731EAF30B8A34C4F18181E3F861C362CFDA250E8A"
"mobile/android/fastlane/metadata/android/en-US/changelogs/60.txt","67","CC0EFE1976F173A21A0CE92633BF37850779056219BB755D80A181354FDDED5F"
"mobile/android/fastlane/metadata/android/en-US/changelogs/61.txt","65","861CCA786DCE23FB290B2B62ACC1A0DE43439C5A606A7ED1A273464869D96FB1"
"mobile/android/fastlane/metadata/android/en-US/changelogs/62.txt","57","5CC84C9302D2029BF98360B2714DF89626E02CB090E12C1026CC8AA95B3ABE86"
"mobile/android/fastlane/metadata/android/en-US/changelogs/63.txt","179","1366FF28CBCF102C766FD7806C3C5D3CB3A2677FD3EC60628151452B699B2C82"
"mobile/android/fastlane/metadata/android/en-US/changelogs/64.txt","42","A2126C36E78010490881F37F00F4D34980E9E20EA3FE094E2EB5D8DA77F132BC"
"mobile/android/fastlane/metadata/android/en-US/changelogs/65.txt","69","9BECED50CFF71DF3ABF2B262113989BB809C21B5AB252D632FF6005D72C032EC"
"mobile/android/fastlane/metadata/android/en-US/changelogs/66.txt","371","5D1F6F3C58D91DCADE4A8BD52D8908601FDB64B0205D23428B82C04232F8CC25"
"mobile/android/fastlane/metadata/android/en-US/changelogs/67.txt","466","23FEACF293AF65E18A8B604EA397A5CB186772DED2A97083385CC77CD72D4E82"
"mobile/android/fastlane/metadata/android/en-US/changelogs/68.txt","201","D0AF9744104C8E88975777F302ED26A3B874F246868CBACFDCFD4B5DF7F51CBD"
"mobile/android/fastlane/metadata/android/en-US/changelogs/69.txt","331","4068780259418432E0EA1A0D59AA59C0200DCF45FB7718E6AD6D92A2ABB78F7F"
"mobile/android/fastlane/metadata/android/en-US/changelogs/70.txt","477","3657519B47401FF904B191DDAADC4020B5B938A82EADBA5994489E760858AB26"
"mobile/android/fastlane/metadata/android/en-US/changelogs/71.txt","307","F93606B111CD8FD55D10E2E8E3CEDA1946F81719F56BE4BDC7D6EAB7DF92C62C"
"mobile/android/fastlane/metadata/android/en-US/changelogs/72.txt","115","7ABC76AC472670EAD75DAF9027E20FC91A882C06D953D12B15C469D316400067"
"mobile/android/fastlane/metadata/android/en-US/changelogs/73.txt","268","714580454274D7689B148CA00CB7783C4B6EECF0EC8DF7DFAD45227ADD48801C"
"mobile/android/fastlane/metadata/android/en-US/changelogs/74.txt","508","5F10F9AD434F891D3264349D596CAEEB3065501F2D1B9D0EECFEE57FC41C9B5E"
"mobile/android/fastlane/metadata/android/en-US/changelogs/75.txt","460","4BF94FB840323DA84020B7300C277CF43C6415E50F6C9F38412B5BCE25AE71CC"
"mobile/android/fastlane/metadata/android/en-US/changelogs/76.txt","141","554D364F970FCC766BB339ECBF20777297F93B8446D6661AEF3DAB0049A7A18E"
"mobile/android/fastlane/metadata/android/en-US/changelogs/77.txt","374","BCAE31C1E058D16A0FCA332AAC27809B22C52C869531B1F77BF29E0554380EE7"
"mobile/android/fastlane/metadata/android/en-US/changelogs/78.txt","22","B511376DFE659554C420D4E7BC3B9789E399305A62C8850C16D650747A86404C"
"mobile/android/fastlane/metadata/android/en-US/changelogs/79.txt","52","8B57E7EC554D52D87558D1052F14B60E8D9E646CB734D5A1BAF39E4E2FC6EE30"
"mobile/android/fastlane/metadata/android/en-US/changelogs/8.txt","131","EE7C4098C106F3EDDBA09EBDD991F7E133C2411C61C3262C76D8D3A94413ADCA"
"mobile/android/fastlane/metadata/android/en-US/changelogs/80.txt","17","ACCB1C3FE267E495F17C3BF987298853EB1B36504FAEC064C30B5B4A37E444CF"
"mobile/android/fastlane/metadata/android/en-US/changelogs/9.txt","62","5CD7B959209D2AC6FACCB8E9564443F82763D74F5399DC0E8956848D4405B027"
"mobile/android/fastlane/metadata/android/en-US/full_description.txt","1046","B1FFB3C65E5792D517709101ED544CDC4A5E7442DEEF342193B2C53BA941EEF7"
"mobile/android/fastlane/metadata/android/en-US/images/featureGraphic.png","49084","652726D7AEB22DE76A15EA8208092D01D698BB71A50875C8504B056F738B6F4D"
"mobile/android/fastlane/metadata/android/en-US/images/icon.png","42645","00234267E89D90A2AACE7BAB1C2A5C45452DAB2084B1718A8C71A3622A7C541E"
"mobile/android/fastlane/metadata/android/en-US/images/phoneScreenshots/1_en-US.png","177480","CB5872ADB7EF9699D5AABF27B7D149C4B2D903D52E8EA174F3E10970C040FE78"
"mobile/android/fastlane/metadata/android/en-US/images/phoneScreenshots/2_en-US.png","1661777","9296D7B090C72C376037BFB87C07CD2DA785F4940BB4E3C650F33B46EF3E0FB6"
"mobile/android/fastlane/metadata/android/en-US/images/phoneScreenshots/3_en-US.png","306138","15E36588C1C8107AA017783BF91BFF80E46CC37C744E0F6F7DEFD719BB154DFF"
"mobile/android/fastlane/metadata/android/en-US/images/phoneScreenshots/4_en-US.png","697425","D91546FEC542E5F983A85BDF9E90E78977E14FB3FD1D5CFE6E99C0C9749FFFD7"
"mobile/android/fastlane/metadata/android/en-US/images/phoneScreenshots/5_en-US.png","257656","A2A361DE80A20BD01860744CA30B93109836F90B8C32AEDE07D8B3C8E59D4D7D"
"mobile/android/fastlane/metadata/android/en-US/images/phoneScreenshots/6_en-US.png","529632","E01D9B0A726DD09E13E3763A727C7CB65809A2F3660542CD517257ADF9A4E0C7"
"mobile/android/fastlane/metadata/android/en-US/images/phoneScreenshots/7_en-US.png","1665372","524F658631D7056E5FC7EAFFC10ECDA3BD18E5C3D30D35527ADBE3C15033B5E5"
"mobile/android/fastlane/metadata/android/en-US/images/sevenInchScreenshots/1_en-US.png","85673","444218BEF37F6793D88FF432119A918276A42AEEFD76A92EAC5557996856EA97"
"mobile/android/fastlane/metadata/android/en-US/images/sevenInchScreenshots/2_en-US.png","3469714","BB3CFEBCE0659BBC75B9DB579F163B2D1142A632F6EFB0F245EB2C07340AA8DF"
"mobile/android/fastlane/metadata/android/en-US/images/sevenInchScreenshots/3_en-US.png","189038","8AEC832E4FFE2C558997C9A88E317DC35F40CDD7CB85B1C17895B4AA6FCB24D7"
"mobile/android/fastlane/metadata/android/en-US/images/sevenInchScreenshots/4_en-US.png","3904452","856422716909380155B36E8CA83A410F9A83EF69176E6F34B090CC70A4409A89"
"mobile/android/fastlane/metadata/android/en-US/images/sevenInchScreenshots/5_en-US.png","1465129","A190984289B6D4A25A678CE2A33C021A370A490B8936CFF2AC275CEFD99567C8"
"mobile/android/fastlane/metadata/android/en-US/images/tenInchScreenshots/1_en-US.png","85673","444218BEF37F6793D88FF432119A918276A42AEEFD76A92EAC5557996856EA97"
"mobile/android/fastlane/metadata/android/en-US/images/tenInchScreenshots/2_en-US.png","3469714","BB3CFEBCE0659BBC75B9DB579F163B2D1142A632F6EFB0F245EB2C07340AA8DF"
"mobile/android/fastlane/metadata/android/en-US/images/tenInchScreenshots/3_en-US.png","189038","8AEC832E4FFE2C558997C9A88E317DC35F40CDD7CB85B1C17895B4AA6FCB24D7"
"mobile/android/fastlane/metadata/android/en-US/images/tenInchScreenshots/4_en-US.png","3904452","856422716909380155B36E8CA83A410F9A83EF69176E6F34B090CC70A4409A89"
"mobile/android/fastlane/metadata/android/en-US/images/tenInchScreenshots/5_en-US.png","1465129","A190984289B6D4A25A678CE2A33C021A370A490B8936CFF2AC275CEFD99567C8"
"mobile/android/fastlane/metadata/android/en-US/short_description.txt","56","68FE188186AD8E47DA890714F25E217B138943CB519458AF2591CAE29438A499"
"mobile/android/fastlane/metadata/android/en-US/title.txt","6","9412E72E0BE93B565318F086E5909E678DBDB498C2DEB91C9C84166193ADA112"
"mobile/android/fastlane/metadata/android/en-US/video.txt","0","E3B0C44298FC1C149AFBF4C8996FB92427AE41E4649B934CA495991B7852B855"
"mobile/android/fastlane/README.md","827","82E593747E637D1CB29FF7F5CEC2BA15E29EB79F222C08A0CA692A16F24C2898"
"mobile/android/Gemfile","46","429FDA4BB90A2E2B94BC81E8944E1DFB8DB5F4B2ECBDB2BD816A32B96073C21E"
"mobile/android/Gemfile.lock","5962","35055E4F9BFE43341DEB24BAA911E8FF0CFEA2BBECAC38D0018042879FC1393F"
"mobile/android/gradle.properties","376","FA106EBEE4C42E536E5D3F94A4484E9AEC59DC098899A6FF33CA13E345E7E119"
"mobile/android/gradle/libs.versions.toml","2791","5CB199B2FA59E31B540C169156056B9FE30E7FAC29A754BCDEF1170B49836E32"
"mobile/android/gradle/wrapper/gradle-wrapper.properties","251","4566BDFE046C74DD7AA93FA2494E914D29B7B14C86064C2C35885C3603BF117D"
"mobile/android/metadata/en-US/full_description.txt","169","467FC3A54EDBEFEC1D9D1274846A5E82634D31EEE4FC23D055509ECD05FECFEF"
"mobile/android/metadata/en-US/images/featureGraphic.png","49536","AE086640CC043A6E7C944662AF56AFCC6B562987249F8E1E135F43CD5BB06A2F"
"mobile/android/metadata/en-US/images/icon.png","41624","CFB94A69A75B6E056865395134130DD0DD33661BACE903B48AF2B0C013BCCCD7"
"mobile/android/metadata/en-US/images/phoneScreenshots/1_en-US.png","33224","64E6B622E1CA49E582AA7685043F38B06A9FC752FDC3CF6EC50E44446ADC1D0F"
"mobile/android/metadata/en-US/images/phoneScreenshots/2_en-US.png","412750","F7222116E181131E25FEBB84F1759F3BFD0F217DA91616FFBDFDCF66C58A22DB"
"mobile/android/metadata/en-US/images/phoneScreenshots/3_en-US.png","583458","DCB0DA9AFA00147A908E80EA897D2489D0D3306F6FBC3D88EEF25AE0677626C1"
"mobile/android/metadata/en-US/images/phoneScreenshots/4_en-US.png","315803","003B41FB3822DC4491E19ECA1B0C9ACB3B9C088ED54C8B767EE769ACCD2608B2"
"mobile/android/metadata/en-US/images/phoneScreenshots/5_en-US.png","75587","24C43A348858EB6D45FD9CE40C2EDF9498099922177EB34DC82AD4E50BC0E4C3"
"mobile/android/metadata/en-US/images/phoneScreenshots/6_en-US.png","186984","60010CADDABB16724DDB67E94C09855B4F88257B1348B94B3D2776961E1CDA83"
"mobile/android/metadata/en-US/images/sevenInchScreenshots/1_en-US.png","85673","444218BEF37F6793D88FF432119A918276A42AEEFD76A92EAC5557996856EA97"
"mobile/android/metadata/en-US/images/sevenInchScreenshots/2_en-US.png","3561350","FD8C3FE24EE220072032459B0B199313CDF81DB04F8DD3A7AF55C7EAE6436750"
"mobile/android/metadata/en-US/images/sevenInchScreenshots/3_en-US.png","189755","80A30F6BA0EF6DE911D2BA78125B0593050D5813DF9FFB4D3FB03D03D21E49AF"
"mobile/android/metadata/en-US/images/sevenInchScreenshots/4_en-US.png","1583994","1E019D1EA5BFF4758013366D24E3FA597D7FADD0EC68D62A97D4909F1116B121"
"mobile/android/metadata/en-US/images/sevenInchScreenshots/5_en-US.png","4239612","C9A1B7C0034D247244525CD3D9AA27E280EFD3C96B2D48BD8B5189D639AEFB0A"
"mobile/android/metadata/en-US/images/tenInchScreenshots/1_en-US.png","85673","444218BEF37F6793D88FF432119A918276A42AEEFD76A92EAC5557996856EA97"
"mobile/android/metadata/en-US/images/tenInchScreenshots/2_en-US.png","3561350","FD8C3FE24EE220072032459B0B199313CDF81DB04F8DD3A7AF55C7EAE6436750"
"mobile/android/metadata/en-US/images/tenInchScreenshots/3_en-US.png","189755","80A30F6BA0EF6DE911D2BA78125B0593050D5813DF9FFB4D3FB03D03D21E49AF"
"mobile/android/metadata/en-US/images/tenInchScreenshots/4_en-US.png","1583994","1E019D1EA5BFF4758013366D24E3FA597D7FADD0EC68D62A97D4909F1116B121"
"mobile/android/metadata/en-US/images/tenInchScreenshots/5_en-US.png","4239612","C9A1B7C0034D247244525CD3D9AA27E280EFD3C96B2D48BD8B5189D639AEFB0A"
"mobile/android/metadata/en-US/short_description.txt","76","6827973A3BB077BF36202B55198B7ADF38F8CFCFD7B2CC74C5C4CE8AC48500E6"
"mobile/android/metadata/en-US/title.txt","6","9412E72E0BE93B565318F086E5909E678DBDB498C2DEB91C9C84166193ADA112"
"mobile/android/metadata/en-US/video.txt","0","E3B0C44298FC1C149AFBF4C8996FB92427AE41E4649B934CA495991B7852B855"
"mobile/android/settings.gradle","903","4120EAC27301C6A7AC91D4DB0F536AD741397DC9CB5F7652C61246D6F52594F7"
"mobile/assets/immich-logo.json","30448","0662DDAF0138744037441AC9763F62A9349B597A7FD2FBE6606ADEFF99DCF254"
"mobile/assets/immich-logo.png","104833","5243F01831EF496FBAFD97148171669DA4AB022938CFFBE0D34592B61F586A90"
"mobile/assets/immich-logo.svg","1986","9A2644750256298C2B50976F9EF82523A68C3A927D0E49EEA4EDB7A142996AE7"
"mobile/assets/immich-logo-android-adaptive-icon.png","6176","66883D75863053D8E624AA4BE9145BF9ED9442A8507929D8F8CFD01A09DCD3EF"
"mobile/assets/immich-logo-inline-dark.png","58890","6B21F00DA96DCCD123256B7BA029D03A75CD09DB71260FBFC25CDA40AAB83B63"
"mobile/assets/immich-logo-inline-dark.svg","5687","7EF5F08CD5B34B32B46228D7E9DD084B08E2CCEB418A792F334906BCD13BDEBA"
"mobile/assets/immich-logo-inline-light.png","58826","CB1C67782B48C364C764A7F44FA1614D7CC4C306167DC47316FAC1BD4CDAB056"
"mobile/assets/immich-logo-inline-light.svg","5627","521DFA1D6E85A6FFFEB20F33F73DC2E8708C93BE67B67567A4CBB62C4C698657"
"mobile/assets/immich-logo-w-bg.png","100555","7FDDA83EE5D39B4B3699F3A4792179C3E6D3A7B22554F74FEF0BAEBDFB22BDBD"
"mobile/assets/immich-logo-w-bg-android.png","131376","D9BA82B4FB34A8B95E76990E4FE3456B6A174487D70F9FC21A335DEE787F5938"
"mobile/assets/immich-splash.png","10818","97D7CD96672432EBF8D92CA5E64FAF3F396EC8FDB766FC9448399BB7375D359C"
"mobile/assets/immich-splash-android12.png","25236","934B136586102FEEE9D7B6A39AFCFFD6AFAD664655B4B1F4BA938DADE8517B73"
"mobile/assets/immich-text-dark.png","36878","BDA9BBCFB40B6D9EE5EFA5F5671E2068E950C4AF02022B358320D4FF83827019"
"mobile/assets/immich-text-light.png","36839","C432E8FA4778CF89E194C98041FB3095C6975E4F664E5989B60C896ED03572DE"
"mobile/assets/lighthouse.png","45994","0A8FE4A76121DEDAD61C5F910878EA289941733CC4289683E56B6398E20F2B2F"
"mobile/assets/location-pin.png","23260","9BB949417D8809E2EAF1002957E70C75184975F49F5E8F60BC362D36F86DA116"
"mobile/assets/polaroid-dark.png","321066","47AD91EB1C4602BEEC5665356475E7E8A6357356E45E61C2EB74A179AB3E7E24"
"mobile/assets/polaroid-light.png","319127","E01FF047A917892611BCAD605AF038613EDBEB8FBC0729B0C024119A4FF31ECE"
"mobile/bin/generate_keys.dart","8824","6C864A75CA13CE3DFE7384F2FCC1A2844447E0AC52B695577F89DDD5E2E24093"
"mobile/build.yaml","970","BBC9FE13107AC56495F5CC32CB5E9E0968DDACBEBFCACF8E1156A9EA945BEB10"
"mobile/dcm_global.yaml","29","10D5FAB56FAB412A2973342DC667610CBFA69F5A9D70AEBF2537DDE1CC735F61"
"mobile/devtools_options.yaml","199","895F82941D145FCEBD064F988DE743314F9000350EBF73B269744AA78451DB5B"
"mobile/drift_schemas/main/drift_schema_v1.json","30630","20A6B3160232722763BE0B5B6850992B4AF3FDF1BDC1849E7B6B00CE6723343E"
"mobile/drift_schemas/main/drift_schema_v10.json","37219","A7803493AF7B17446E1452E99959FB9ACC40D5CA36320C20E1FAD844C8834D45"
"mobile/drift_schemas/main/drift_schema_v11.json","37513","B8F1AA8ADA9F302CE1D66401FB3F8BBB2CE73E1EFFF673D522B8A4C4A102FDF6"
"mobile/drift_schemas/main/drift_schema_v12.json","37513","B8F1AA8ADA9F302CE1D66401FB3F8BBB2CE73E1EFFF673D522B8A4C4A102FDF6"
"mobile/drift_schemas/main/drift_schema_v13.json","40657","B25AE8DC2F1ACCA8942AC1C2540C82BD625B8D6D9190DB25A421784CD65B2962"
"mobile/drift_schemas/main/drift_schema_v14.json","41190","40A6AB4A22175016BB8B44E9AEEA1FB9C1FA01C729473236B485E8E25ED1916C"
"mobile/drift_schemas/main/drift_schema_v15.json","41478","410CF105EF979031A5362ABD4EF107EF73B5137CFD12E2D5742F9267C12A4AA5"
"mobile/drift_schemas/main/drift_schema_v16.json","43334","398DC81A162EBC46BCA4CA2B1C61A10BE1DBB16F69CE2E17817DBBA1FDD0DCC8"
"mobile/drift_schemas/main/drift_schema_v17.json","43664","596FF681075D5229B0DC1E605B06A1956B01853AB39D82BE224AB2A4AD1480E9"
"mobile/drift_schemas/main/drift_schema_v18.json","43891","44C09956A3D1CAD80BCFCD2C467C8B0906438B1B480283868BA722FE11A596C6"
"mobile/drift_schemas/main/drift_schema_v19.json","46424","A7C49CEDA1F11B1A0137F31084739F87924C5DDF7339E6A2600E438FE06D4F4C"
"mobile/drift_schemas/main/drift_schema_v2.json","30630","20A6B3160232722763BE0B5B6850992B4AF3FDF1BDC1849E7B6B00CE6723343E"
"mobile/drift_schemas/main/drift_schema_v20.json","46935","0ECD9FCDF5DD19C20E81C9A306612483F3D4636AA1F42920C0C19707589500C5"
"mobile/drift_schemas/main/drift_schema_v21.json","47633","D9C87EAF520235DA6FE7B871CC8541BA632CF31B75137EA27E2BBB55F6EF3401"
"mobile/drift_schemas/main/drift_schema_v22.json","49316","F5A9A70FA4CDF40B7F222C67BF9876EB2265E1E5E818848A4E6F7DAC854D974E"
"mobile/drift_schemas/main/drift_schema_v23.json","107663","BD87BB4F7D472B703F65E3684B42FC6A19FD860F550C7EB82B516F185B5C1BD7"
"mobile/drift_schemas/main/drift_schema_v24.json","106140","A9F31D6FC5A19CF0D0A67BF4A45EDFA76D0959E5F7341451CF8F239FCFB70A74"
"mobile/drift_schemas/main/drift_schema_v25.json","107856","9BEEF5DF3F028A17158A8B5B829832AD94965655E1DAB6DC67E2D44E20F8539E"
"mobile/drift_schemas/main/drift_schema_v26.json","108196","726CAA52DA5061E70F328AA161E5D1E7A4F8328FDAF8A9824F30A9EF1FAE0863"
"mobile/drift_schemas/main/drift_schema_v27.json","108196","2C33917871579E4CF2A8FAD0412AB29AE40ECDED410FDA139102A2A1044B3072"
"mobile/drift_schemas/main/drift_schema_v3.json","30478","FEDFA7E8B8F7215ED21645796214130B4462418FBD4CD10D3E3441DC3499CC07"
"mobile/drift_schemas/main/drift_schema_v4.json","32634","8220346BF69FB120E7510FCC90596650983285932176FABB18410DF62A863923"
"mobile/drift_schemas/main/drift_schema_v5.json","32635","9ABA010908B2FDDD33CBF2F74B90BE4B579E4ADF0F9CF822BE46A32C14EDBA21"
"mobile/drift_schemas/main/drift_schema_v6.json","33396","606ED6E819662B5D923EF796050866F0C7374A1ECA9FFD0B953A3D1CBD6BB25B"
"mobile/drift_schemas/main/drift_schema_v7.json","33821","982CA9BBFBB90A84477D233347064A2A21A469CEB273F2C77C9C23B8859AF2C3"
"mobile/drift_schemas/main/drift_schema_v8.json","34533","3AE0FAC3884429D684BDEB55CC94B7EFC521A6747E0CE784C4B91DD5731F0CA3"
"mobile/drift_schemas/main/drift_schema_v9.json","34917","D5A491DE0FC47C4A3E42C7419628D57B1247C9D4302604D5284150F521A8BC73"
"mobile/flutter_native_splash.yaml","6943","DFDE8151EBEAA8E8B21E5E41DD0830481B70F92C1CBD1BAB8139F2CFB2EB3DAD"
"mobile/fonts/GoogleSans/GoogleSans-Bold.ttf","2032964","0674E124A0641E6EF5F6EFC7A784D7F29F5FA312BFAE03AEAC74EB6E49E6D862"
"mobile/fonts/GoogleSans/GoogleSans-Italic.ttf","2094388","10C22B57847167B25D79E3806AB2CD80C059D8C66334C597B310A42F70A134D3"
"mobile/fonts/GoogleSans/GoogleSans-Medium.ttf","2034704","71D6C3D4C64B365E8FF75999DB4ECF5AF905A820192B8389BFB606F662A4BF54"
"mobile/fonts/GoogleSans/GoogleSans-Regular.ttf","2030532","64A50283F6E4E7EDBE355147E44361C115ECAC2B9273F7484B1E2B697FBC2D43"
"mobile/fonts/GoogleSans/GoogleSans-SemiBold.ttf","2034836","7663158B61281B2B0E4AF9DEF1328267C2798E39A185AD72CD0658B2EB83499F"
"mobile/fonts/GoogleSansCode/GoogleSansCode-Medium.ttf","55004","9F8FB1961BDFD99FD023B8E2C5DA991FA75C2825493831785C07E72179DE310D"
"mobile/fonts/GoogleSansCode/GoogleSansCode-Regular.ttf","55032","9FF89035CA399179984F1F4316DF7806155FFF70016091BF147F0BF6C1F6050A"
"mobile/fonts/GoogleSansCode/GoogleSansCode-SemiBold.ttf","55344","9AB1366B1735FDD47C4CE3526D6ED1B426A748B01B459DC3F912DF3B97B030AC"
"mobile/fonts/Inconsolata-Regular.ttf","97864","66B637BE5AEE408C6093857CA5FA7EA02AC60AF5B15F4BAB15FF2FE42458CFF8"
"mobile/fonts/overpass/Overpass-Bold.ttf","170564","F1705DDB50CE5624E2C921B15AE9B73D2E1A6347B28644D2BAD3B601A30CDFD7"
"mobile/fonts/overpass/Overpass-Italic.ttf","154332","EB432C47E75D7641DDB2405E1B04444BCBE9E6ADE594AE8E93400E459AEAB5DB"
"mobile/fonts/overpass/Overpass-Medium.ttf","170328","7E4A5378464486D6F1F34F1FEEBACCB337FC4E33858F4BC4CF065A6A24841A81"
"mobile/fonts/overpass/OverpassMono.ttf","260664","BB19AD7897BBDCC616670BF7BA889E744F98BAE0D0EFF9D247D22EFC9BA64F25"
"mobile/fonts/overpass/Overpass-Regular.ttf","170204","1A779E20ABF0CDD7570A0535EA34608AF993CD068340DC6A07DC6C0AB6D75118"
"mobile/fonts/overpass/Overpass-SemiBold.ttf","170064","0A32C65C46FB926FCD81FE137B461CE14748C1B628051D680F33E3641EB0C9DE"
"mobile/integration_test/module_login/login_input_validation_test.dart","1433","A99D0C7037A1293898CA21AB81E0201E701D4994A9D4725CC072EE478FB7D974"
"mobile/integration_test/module_login/login_test.dart","1479","48174517350B683907E9A87666644C5D50402EC45138B7F0091C581741977503"
"mobile/integration_test/test_utils/general_helper.dart","2318","240A8104FC321C19F76E9C795261DAA37A174CA99170F44C19D9CEEA2A0ADB6D"
"mobile/integration_test/test_utils/login_helper.dart","2372","795FC7FBD5C82BDFD7B6D31965FE42AE675A522EDFB5F47472837F9C6121DCB3"
"mobile/ios/.gitignore","599","BCD7720EDAEE9FC1114EF408D4A236B8E506ABD1C67B7269756C9736BDAF3BC0"
"mobile/ios/ci_scripts/ci_post_clone.sh","674","A91CB00BC8EDAA3088581AF293F8B3F2BDEF000E6239F1D99CF7D70C990AFB31"
"mobile/ios/fastlane/Appfile","228","5E8BF5B3BF59ADAAEC19A8D56B65C948BA06560DD3DA4642A5FF12F0C4176662"
"mobile/ios/fastlane/Fastfile","9747","C9FA7327D619F35D9A0F7F758F862CACDF12C3889426D8730815D33432B9C5CE"
"mobile/ios/fastlane/README.md","1098","2257D89D7E772EB8BABE6D87DC98B39B8417C2A82507E869C43C78CDBD6BBC30"
"mobile/ios/Flutter/AppFrameworkInfo.plist","720","DA12038F9B2688A8A26160FEA2609FA8FCB11421448C109F09C0F573EFE7698D"
"mobile/ios/Flutter/Debug.xcconfig","107","690B8A8B1AE15DDD29B241429963E971BBC6720AB22F154CF8CF6B085B6D4925"
"mobile/ios/Flutter/Release.xcconfig","109","75ABB819A9DE1E0E41C835E7307BC64A506CAC25A9A5C0B0D8253FA1C3D5D422"
"mobile/ios/Gemfile","99","E86CC1FBC9AF7AA6ECC0298CFE195F08B220822F5429FA0A7FE28C77BE2603F9"
"mobile/ios/Podfile","4487","8F4C3845134FB38F4F9C2CF552FF7CC62D6B106EA7B4B2BC5C0019066DF46520"
"mobile/ios/Podfile.lock","3100","730D5214908FE50929B5E634787E31528A23F42CA25FE2DCC268B2A43EA770F6"
"mobile/ios/Runner.xcodeproj/project.pbxproj","60748","760EF3DA6EA3D35B90962F49B23BD30EBCFDCB4DB31BF7D7819B2FD92224C5E7"
"mobile/ios/Runner.xcodeproj/project.xcworkspace/contents.xcworkspacedata","135","7F3B00B5C3FDB45242D7B87E1E5C4E25D1FA8129A16C94295ECC4E8EA2235C5F"
"mobile/ios/Runner.xcodeproj/project.xcworkspace/xcshareddata/IDEWorkspaceChecks.plist","238","DFA0F9BB85B95CCBA9C6811ADADF8CB407FB5D52088E89DB83EBC308EC448542"
"mobile/ios/Runner.xcodeproj/project.xcworkspace/xcshareddata/swiftpm/Package.resolved","5155","2816B956D31700647A8356ED6AFB00EDFB3BDFBA094A9BF901C3E3D4ADE21DE0"
"mobile/ios/Runner.xcodeproj/project.xcworkspace/xcshareddata/WorkspaceSettings.xcsettings","226","11B247BC6796892D67C9A821D18604DB4DD6A880981B34F38460B9866E6B247F"
"mobile/ios/Runner.xcodeproj/xcshareddata/xcschemes/Runner.xcscheme","4294","AEBA3572C19F9E4E739C1348DCF70B0F05938BDD8B8DB8FE77B6547C95D6F941"
"mobile/ios/Runner.xcworkspace/contents.xcworkspacedata","224","465E6DE5660384EB6832E8078920BA6CD5305C445CB29A24A86A2FDA4AA6B67E"
"mobile/ios/Runner.xcworkspace/xcshareddata/IDEWorkspaceChecks.plist","238","DFA0F9BB85B95CCBA9C6811ADADF8CB407FB5D52088E89DB83EBC308EC448542"
"mobile/ios/Runner.xcworkspace/xcshareddata/swiftpm/Package.resolved","5155","B783A86B8FB55C0DA4A2ECD0BF44B4B3AFD848F6AB121BB4864A139010808969"
"mobile/ios/Runner.xcworkspace/xcshareddata/WorkspaceSettings.xcsettings","226","11B247BC6796892D67C9A821D18604DB4DD6A880981B34F38460B9866E6B247F"
"mobile/ios/Runner/AppDelegate.swift","1961","68C3CB40D22A4E5D82847D3B673DDC65F5C12FD574EF1106EEF514D34943208D"
"mobile/ios/Runner/Assets.xcassets/AppIcon.appiconset/100.png","6473","1459150551615FC5E4010510BA1821E3A3178CDE131A4E04CB200C6B58241DFC"
"mobile/ios/Runner/Assets.xcassets/AppIcon.appiconset/102.png","6611","22ED1FA8323E2596EFFD1C6856FBF982C247A6948166E6A7917B98274EA07148"
"mobile/ios/Runner/Assets.xcassets/AppIcon.appiconset/1024.png","97703","C8379799A990AE95D94545AF86B387A5CD5F1A48628B09A833D83D382514C17D"
"mobile/ios/Runner/Assets.xcassets/AppIcon.appiconset/114.png","7511","27A5511EB3C4E1910379258B929BD90E63E7CD79E944D76D6EC2058E4058F8E9"
"mobile/ios/Runner/Assets.xcassets/AppIcon.appiconset/120.png","7908","FE874FDBB9347B0C81A224752BF385AC30BE014E976FF77451573C14D910D294"
"mobile/ios/Runner/Assets.xcassets/AppIcon.appiconset/128.png","8538","E735334BAA017A5BA62194C3B87E58A906F809319FDDDDC89B3A5CAAE4918333"
"mobile/ios/Runner/Assets.xcassets/AppIcon.appiconset/144.png","9561","2ECAD162C4E6CD501DA0744CFCBAC6C1DCAE451CDA8661AE401837300C64FA8D"
"mobile/ios/Runner/Assets.xcassets/AppIcon.appiconset/152.png","10266","4DF54926448276AC43B238E0E11387EB8BF8114CB65DC6F46E62134909247792"
"mobile/ios/Runner/Assets.xcassets/AppIcon.appiconset/16.png","634","E89EBBEB1785CBCC6BA44481E9ECBC69823B8775F046F95D110689988E0E2442"
"mobile/ios/Runner/Assets.xcassets/AppIcon.appiconset/167.png","11273","21CDF49E326D0DE01392B34E089305B9430A2551A6C3E57B1E6B54DEB8966FC8"
"mobile/ios/Runner/Assets.xcassets/AppIcon.appiconset/172.png","11636","22159965256663711665F77DF6D25C4D44134151A132FD751632FD4262319474"
"mobile/ios/Runner/Assets.xcassets/AppIcon.appiconset/180.png","12290","86F5C59CDB82E7A2C4C6B9446D2A35C8AF44EEFFF1AA914C708D0C8850270955"
"mobile/ios/Runner/Assets.xcassets/AppIcon.appiconset/196.png","13479","AF82B365F264E352D8ECA11750BD821D729B5082353A31D7AF1809ADAB574290"
"mobile/ios/Runner/Assets.xcassets/AppIcon.appiconset/20.png","767","0BF6F89BF753E59A7A018A19E5B3C3CFC085525C682F5C88C56B3E6B6D53D725"
"mobile/ios/Runner/Assets.xcassets/AppIcon.appiconset/216.png","14999","F79EADA882C0E95052989B845453B12145AC028692433AE62C164B28DE726232"
"mobile/ios/Runner/Assets.xcassets/AppIcon.appiconset/256.png","18094","A30647A1471E5225671704E985E40447FA91F12DC8E1FF42828CD385D2E11D2E"
"mobile/ios/Runner/Assets.xcassets/AppIcon.appiconset/29.png","1563","CCA5237000C1295099575230ABDAAE5222BF33F258E073A03C3273513F340BC3"
"mobile/ios/Runner/Assets.xcassets/AppIcon.appiconset/32.png","1761","2D49E3C5077465445608E4B11C488296905B2D65FB3BFE251B8D8F41C97790A3"
"mobile/ios/Runner/Assets.xcassets/AppIcon.appiconset/40.png","2309","F4BA980A7F656CB7E32A1C8F3E3CB2E96980EB557964245AA1D5EFEDAE92C2A3"
"mobile/ios/Runner/Assets.xcassets/AppIcon.appiconset/48.png","2854","C94B4704D6F065F7A3EB4D38290E15FA5873953297A39BCF342758A92C27642D"
"mobile/ios/Runner/Assets.xcassets/AppIcon.appiconset/50.png","2977","FF349D868732D3132C39AA324405F6B001EF3E328ECD2E0C0C3B1166E6F05787"
"mobile/ios/Runner/Assets.xcassets/AppIcon.appiconset/512.png","41483","F20DCB4E1E803EDF9531B7C9A6EF103D7461CF54FA7FEFE7D9ACCC455179125B"
"mobile/ios/Runner/Assets.xcassets/AppIcon.appiconset/55.png","3318","AFE0D5E6A90107E1F91DDF5739795F666D4AA2FF1953D5C1509B636C85EEBDCE"
"mobile/ios/Runner/Assets.xcassets/AppIcon.appiconset/57.png","3421","E2629A93FA4ADF5D618EC89DC452F3BFBD7AEE9823DBE0CD3D1A23A3A6BFEAC2"
"mobile/ios/Runner/Assets.xcassets/AppIcon.appiconset/58.png","3535","E428D91779717EE4CBE68D8CFA9357E08E695F5B7B8E13240E413A60C47770A4"
"mobile/ios/Runner/Assets.xcassets/AppIcon.appiconset/60.png","3620","EC636EB9F6A41B2BCA4F14E9DFD27202CEA8F579BFBF38561BC454ACD9E2B0FB"
"mobile/ios/Runner/Assets.xcassets/AppIcon.appiconset/64.png","3936","3B04294C067F158B4501D4E40A72DE89D6ED003B7A05EFC426D0E27C4503AA22"
"mobile/ios/Runner/Assets.xcassets/AppIcon.appiconset/66.png","4071","5175C146D901248CE8D68CF4294A74C01960C87460DD47AB0347CFE042B1DC6B"
"mobile/ios/Runner/Assets.xcassets/AppIcon.appiconset/72.png","4466","50CD18A78DFE46FC054ABDC31CC2C1967F74ED0AB4D8307423D08FA92F29D35F"
"mobile/ios/Runner/Assets.xcassets/AppIcon.appiconset/76.png","4731","F228DF7FF95EDCA76540E8935FAED4B94329C53AC0AED4D22D27852BA2C69C63"
"mobile/ios/Runner/Assets.xcassets/AppIcon.appiconset/80.png","5017","FB37141DBD8E73E5A74DACFDA42ACF70482EE63153BA5933A2BF5499ABFC407B"
"mobile/ios/Runner/Assets.xcassets/AppIcon.appiconset/87.png","5493","DD68316E0698DBEB631C816ABCB8D8D973B8C2A42091076C35E079CAC07B9202"
"mobile/ios/Runner/Assets.xcassets/AppIcon.appiconset/88.png","5616","0E24C91551C57A11DE0E6421F0AE2377AB8619E66735D68917FFA7AFB48DB229"
"mobile/ios/Runner/Assets.xcassets/AppIcon.appiconset/92.png","5833","D8856D244D7A73D97CD6EC2865B49E5CE92A842BFFADBB9F40FC29E458456B28"
"mobile/ios/Runner/Assets.xcassets/AppIcon.appiconset/Contents.json","6879","F4D81862A3275C09E1EB2B8FC3E2577B857FC3C5560A1496CC5A3817447DA9E0"
"mobile/ios/Runner/Assets.xcassets/Contents.json","63","0FD49BA3C3585C709678E0046A821C3C60685EC7063720D30D3A3448BE3A208B"
"mobile/ios/Runner/Assets.xcassets/LaunchBackground.imageset/background.png","69","4BD4313E41EA4C5FC2E29487B0326A4763A682281F9ADCB6E89C6ABA44392F0F"
"mobile/ios/Runner/Assets.xcassets/LaunchBackground.imageset/Contents.json","361","D3853008FD1405C9D3B0E8C3718BF3712059CB7DB94D51065A1D289C2DAA0710"
"mobile/ios/Runner/Assets.xcassets/LaunchBackground.imageset/darkbackground.png","69","EDF35B0F1E15B7D24D7448B6B508BB0FFBFEDEC2ED7E43D47C3C9EC2F88EBCD2"
"mobile/ios/Runner/Assets.xcassets/LaunchImage.imageset/Contents.json","391","0305CAAB0A081D319E4F70C23635D7E56189D42BCC05180D3212AA1E9AD29664"
"mobile/ios/Runner/Assets.xcassets/LaunchImage.imageset/LaunchImage.png","4822","C8763AF8A6FCB630F76F4D2F479DFA7803E5996C5EE4BBF04EDC9D93ACC6F4CB"
"mobile/ios/Runner/Assets.xcassets/LaunchImage.imageset/LaunchImage@2x.png","8554","BE50037CB2C3F7815AB7A876732F3C7952C98AEF47E2914B9B6DA02CBA02138B"
"mobile/ios/Runner/Assets.xcassets/LaunchImage.imageset/LaunchImage@3x.png","12515","889D36FE3F9D90E34B3905BEA246F63EDB6D67CDE5BE4104D3FEEBC9452C8635"
"mobile/ios/Runner/Assets.xcassets/LaunchImage.imageset/README.md","336","A985B626C4F7546A8BA392D135E9226C3547C8E2B46895F5F2BDF40D7B14EF9F"
"mobile/ios/Runner/Background/BackgroundWorker.g.swift","15593","BA654568A66F9C85773C05AE6034C2C164F0CB63D0126E5115DA1A61CA893315"
"mobile/ios/Runner/Background/BackgroundWorker.swift","7452","4321151A0EC481A974E5FC84F871C753F838293F7844991DDBDB3C915EF02276"
"mobile/ios/Runner/Background/BackgroundWorkerApiImpl.swift","4681","09EF7AD63A83BBA75086BA17D2BA51F38068D1B58084D7E05F638D2B41A227D2"
"mobile/ios/Runner/Base.lproj/LaunchScreen.storyboard","3487","66E7BF8CA4F0F818FCF439D295B2C00C5F482DB0CBD5C372DA09C6E6DD0A01E2"
"mobile/ios/Runner/Base.lproj/Main.storyboard","1817","7293E9B4C164E63197F044415ACDC9318FA32142D572B3102CB144B05324E43B"
"mobile/ios/Runner/Connectivity/Connectivity.g.swift","3902","76B5D29CE7D82FFF824A68D658E64CC18FEE6CB0C48D71CFEADF0B5523EAE072"
"mobile/ios/Runner/Connectivity/ConnectivityApiImpl.swift","1646","49B5B91B0CFBB487B3FD8D930699A997370FC0FE713B05FBCE82D611BBEFE4B4"
"mobile/ios/Runner/Core/ImmichPlugin.swift","334","F74B32BB7E576E0BB6A32FB096FCFB469D5237663357024772EE92DFD35419D5"
"mobile/ios/Runner/Core/Network.g.swift","13319","7D36CAEFC68DEF434CD93CC6988F217C4C6A233C28FE0BFF3D0A339EFC5319E4"
"mobile/ios/Runner/Core/NetworkApiImpl.swift","7297","A5CA8FA4BAC48FF06D47A378A9BB4340D85A476218277DDCFEB6F8843EDD19AE"
"mobile/ios/Runner/Core/URLSessionManager.swift","10341","500E28636BA6488595BDFD9AE3185B8AC0B470603034A0CD38799ABA6B282C31"
"mobile/ios/Runner/Images/ImageProcessing.swift","356","AADC4839D0532FE6F243924FB307F2B6AC82E64D0C3DCC570364DB7345947C02"
"mobile/ios/Runner/Images/ImageRequest.swift","943","564612FD596C5769FED4C8479EB58B251A0F0EDA37F6F75639D5AB71E3AF4DAD"
"mobile/ios/Runner/Images/LocalImages.g.swift","4909","0ED17E54A7DF1869262BA688A0615759A2676BC53D794238471C8B48689B2F9F"
"mobile/ios/Runner/Images/LocalImagesImpl.swift","6094","9E4B145D4111F42897B6560650D5CA091A335F707202371E7F29F1663549779D"
"mobile/ios/Runner/Images/RemoteImages.g.swift","4527","11C142C3EDAEBA29A257D73F324A36F12628DE8B85B591116CAE6478059E44C4"
"mobile/ios/Runner/Images/RemoteImagesImpl.swift","4608","2CDF7A10E84F723801C4BFCFA2DF62CD040558DF345C09BBEDECE889DEDF8DED"
"mobile/ios/Runner/Images/Thumbhash.swift","8194","2805AFD8CC2D7A0A112D93ABD8123F03F77E79541BD0FEB11EF4FB5CD6548BD4"
"mobile/ios/Runner/Info.plist","6171","33B3C29FF853874F3D8B8ADF5133F890EBF9DB08FD988F754EAAC5091344DD91"
"mobile/ios/Runner/Permission/PermissionApi.g.swift","3673","63A9040BC5C8C3C7F1758356ABA0092164799B002768891573CD00056FE4F317"
"mobile/ios/Runner/Permission/PermissionApiImpl.swift","383","965F53B8948295FD11DD94C22D549CEEF0D4B10027FAA47AFE7046AC1038B152"
"mobile/ios/Runner/Runner.entitlements","469","F949169BD8E59DAE04D13E65F817B6B98B8288AEFAB0C1841B075C66B943DC9E"
"mobile/ios/Runner/Runner-Bridging-Header.h","38","1A8D11D01D1CC92C650C9C9ED35299240052D4683A15A719A2315EF44185E074"
"mobile/ios/Runner/RunnerProfile.entitlements","527","DD68AC22F966CAF5F67788620EC9992595CDAFBF10B54FC273A9FE2455DB733D"
"mobile/ios/Runner/Schemas/Constants.swift","7541","B468E3ADF3DD10626150E15A484D49A91FFC1178ED8B7AFEACDD9AAB14F266C3"
"mobile/ios/Runner/Schemas/Store.swift","4809","FA6F91349B48A0F6D05608712353B0263C8C4A2A0C94DD40CB5DE24FD53A64AB"
"mobile/ios/Runner/Schemas/Tables.swift","4281","DDBE6DB7FA73DE86F014AF072D8A7BD9760421ADE21E9C1B49BEEB3535F984BD"
"mobile/ios/Runner/Sync/Messages.g.swift","27497","18A47DBA6EFF900B405DCA60C9ADEBD751020FC7848C031E7CE4C6054F55EE62"
"mobile/ios/Runner/Sync/MessagesImpl.swift","14936","DCFAE044CFCA730079C4809D30BC2CD1CE711C41595E7886830E64B76331A923"
"mobile/ios/Runner/Sync/PHAssetExtensions.swift","2742","B16183C2358C1364D3CDECD2648F508254549EE7D764BAEEDB53443A74F75ECF"
"mobile/ios/Runner/Sync/PHAssetResourceExtensions.swift","312","794D58DEFA214BAC09F4C293CBF6623E60505A97A7089A5A8EFCE83E88E9C776"
"mobile/ios/Runner/Utility/Mutex.swift","1410","7CEFA378ADA87032B8262FE1746CFA7319E54FF41926441C2D1CFBC6CFEB3D75"
"mobile/ios/ShareExtension/Base.lproj/MainInterface.storyboard","1656","D773E606447CB295E0FD6E9D2F43D090CBA97CB596AC39D722CEF1F75AF4292A"
"mobile/ios/ShareExtension/Info.plist","1336","C9CB5DA1C27E255A5E80B9C8FE00BC0EE78668B5492882ED5907740953F25021"
"mobile/ios/ShareExtension/ShareExtension.entitlements","311","F894F9C7E8E5893178C416CFAA597F9375694EFB52CEC27391BCF16830E647CB"
"mobile/ios/ShareExtension/ShareViewController.swift","96","011C0E4DD7AAB54FEFE39102F56AEAB8FAECFDB2A66773E1774BD146E73B158D"
"mobile/ios/WidgetExtension/Assets.xcassets/Contents.json","63","0FD49BA3C3585C709678E0046A821C3C60685EC7063720D30D3A3448BE3A208B"
"mobile/ios/WidgetExtension/ImageEntry.swift","3585","755F45B78950D02EF70E7EA204C28D52A8BB35E157A6F33FBCF0732BE4D32E97"
"mobile/ios/WidgetExtension/ImageWidgetView.swift","1552","9B24C9F66CC122005D82B8EC77CF76F286F8DE2337A6DCEC848B54785E51BD35"
"mobile/ios/WidgetExtension/ImmichAPI.swift","7635","CB0A35442D90FCC6A74529FA97D67211C78FD1CC427277C9FA2CFAB057FBF40C"
"mobile/ios/WidgetExtension/Info.plist","476","E53A9CB2C300EBF80E9F7F4C45F85DCD545D580167392B2C9BD79A2640B65031"
"mobile/ios/WidgetExtension/UIImage+Resize.swift","678","4844E0FAD6E335D9EAF1A6B2D5CF405EC98CCCE65188E3D17F1C08EE4A5B5545"
"mobile/ios/WidgetExtension/WidgetBundle.swift","163","98576235C22EFDD743348EF072B9E5276E3656ABB073D07588775CA872E4ADB5"
"mobile/ios/WidgetExtension/WidgetExtension.entitlements","311","F894F9C7E8E5893178C416CFAA597F9375694EFB52CEC27391BCF16830E647CB"
"mobile/ios/WidgetExtension/widgets/MemoryWidget.swift","4605","6DAC1AB9043BAE1A697EDC91297863076D9150AE43460945B6020DD6193EAEB6"
"mobile/ios/WidgetExtension/widgets/RandomWidget.swift","4029","6AC780F4974B5AC1BB55802EA3EB6DA9BA2803F1CC50993D7DE1CA4E99D72310"
"mobile/lib/constants/aspect_ratios.dart","902","DB59114B30913331A4710500D8F55D0BE2F783548273E248EFD711C5B82E2F2C"
"mobile/lib/constants/colors.dart","401","F86F155100505F250FDA079E41FC6FCD530BAAFB5FAD96847EA3055BB9BB7A06"
"mobile/lib/constants/constants.dart","2107","2232ECC4237CAE39620BB5A18944E7A268499DB4E0B03974921F7A21069D2A0A"
"mobile/lib/constants/enums.dart","551","046FF5EAE725B78E07A404E470383EB0138EF3BF95965B7292998765A8ADC9E5"
"mobile/lib/constants/errors.dart","292","21AB9F52B6D5B0DDD1DA5CC65798653FEA9C2FE07390C131E6E99A99ECAA174A"
"mobile/lib/constants/filters.dart","4434","67D2F8DED4DD5CD2E361E7B0716C4943385AAD72C1E97BA79204F51B88BA8762"
"mobile/lib/constants/locales.dart","1939","DF0FD42C514510B99568F7582FA8A01D1E340BC132A3B15708D69C0348996AA0"
"mobile/lib/domain/models/album/album.model.dart","3238","078EB2A7576894CCD89417C2A9469E119B906748A055ED50BE1AAECD9B13D929"
"mobile/lib/domain/models/album/local_album.model.dart","2246","EDE374A0D83FFE5D3BB2B1D64E8A247164B251A7E2B7A0CA8BA3FE37A51B2CAD"
"mobile/lib/domain/models/asset/asset_metadata.model.dart","1334","3DC8ACAED2054C1A1EB56C0EDE7F2E26EFBD31DAC52CE6B9458CC2669D505FF0"
"mobile/lib/domain/models/asset/base_asset.model.dart","3370","372B33352E244EB5A07B3267EB1876FE4040BCC3C93A4F50A09BFAE369E332BD"
"mobile/lib/domain/models/asset/local_asset.model.dart","3783","BE77006595F27087A4FD29608C10DD6339C9B20C5C567A1B1417DC9F885D6CB2"
"mobile/lib/domain/models/asset/remote_asset.model.dart","6306","A357BF248EE53219598902C89EFAFED1509EF5F64254916E0276B1DA8CFB978C"
"mobile/lib/domain/models/asset_edit.model.dart","533","7073A86C6105FA2DD4F84967DBBD4D616E89B7ED742DC9881F8C2267C063E8E4"
"mobile/lib/domain/models/asset_face.model.dart","2674","2B1C7580B2DC92F8EE283A44A1E191C9FEFDA183ED22B8C270C72FB88691FDCB"
"mobile/lib/domain/models/config/album_config.dart","905","C17B89E2DD30136B79FE7A0853528538ACF018BE08380D4A8346B4BCF78521E3"
"mobile/lib/domain/models/config/app_config.dart","10467","51E06964EC4FB134A1A490C9D330F6756F02585C4F1F84CADE66C8C2EE5CFE82"
"mobile/lib/domain/models/config/backup_config.dart","1814","EB8F03CAA688EF73B355AC480D71A9D9BE57B49FBD42830EBE65EEA3DE08FC40"
"mobile/lib/domain/models/config/cleanup_config.dart","1660","74B0B35E7AC6F98AE19F3B6B309494F8DE359C46940AAECF02F9E31CAAE822DA"
"mobile/lib/domain/models/config/image_config.dart","717","CB257ED111D49D0EE90379356D184378885A3395AA7C3653831488E72700528F"
"mobile/lib/domain/models/config/map_config.dart","1504","9AEB0FFEBEA93E146D8741E663BA8BA9759017A270A0B4D01D6784CC73237A3D"
"mobile/lib/domain/models/config/network_config.dart","1955","4631FC6CD3066C4DD4B35018E8B8D01C246D87D2FB4DDA832E5FE816AE5E5454"
"mobile/lib/domain/models/config/slideshow_config.dart","1349","2C6C3AD638F025579D7E4E9785538F9871CDB51E00B442C5114DE09BF0DA1CA8"
"mobile/lib/domain/models/config/theme_config.dart","1317","EB47E904EA49AAF2D6D185FD4E88111E94263E5A87D952B5519F6CA2D1B00C21"
"mobile/lib/domain/models/config/timeline_config.dart","1115","C04804D2E90C5C3B74B085C29EAE898EEBD627BD56E9A18BE8B94F0D55E5BD1F"
"mobile/lib/domain/models/config/viewer_config.dart","1276","6F30FCE4144935066EA6AA1979F6E09056EA81D0B475379258152ED4DE9D10F3"
"mobile/lib/domain/models/events.model.dart","755","F9710D9EE9CF2E31A76D5B67260F8DB1E877DCE228407CD75B18DBAE76A2857A"
"mobile/lib/domain/models/exif.model.dart","5143","BFB7B6347CEE7B02D7D1E859D459582F42D526FAE79E8D9C9775472BF19498B6"
"mobile/lib/domain/models/log.model.dart","1164","9716A0B00234E922970FDBA4830424649268DC603B0ED6D26D48416001AEAEEC"
"mobile/lib/domain/models/map.model.dart","442","C42BC41407AD3F5508BBC75B9DC12502D96867A738973BE432F5081F3CCFA3CD"
"mobile/lib/domain/models/memory.model.dart","4127","1596485EFF5D8A693DEEF18CFA05FE67EA532747B25F639B9EE6BD5FBC9DBB6C"
"mobile/lib/domain/models/person.model.dart","4957","72C71C5DAB229C198715FBECB28FF771E66E16F02EC8EAE7FBBA03A674E0633A"
"mobile/lib/domain/models/search_result.model.dart","696","BBAEA7147CFFFB98C33C02354A7DE936050BA0F57F29EC92C6389C6620508B02"
"mobile/lib/domain/models/setting.model.dart","265","342C392991A3047A1EAF8067B146CC3F1FDCBDF0A85465D0F54304E96F617963"
"mobile/lib/domain/models/settings_key.dart","6209","ECEC0FA7E7AA02BAC01D46727F1EB7FE1DD25F8F5A702AD62C8F2C7D6817C637"
"mobile/lib/domain/models/stack.model.dart","1898","05872BA05AA7758C10CCE6F48DF682AE4B194716075B76142EB8C2B4C57C1EC2"
"mobile/lib/domain/models/store.model.dart","2656","7D146B69A836E857D96BB3960A69350D76C1C2322F5207DC053846E0BCC732EB"
"mobile/lib/domain/models/sync_event.model.dart","293","BABDBE2B3122FBCA31442F12D5E1EBD2C0541CCA92806A2C4E7D6D45C996D7BA"
"mobile/lib/domain/models/tag.model.dart","570","3D37402F80F543CEA0291836EACF01004A8EC904340D268AD6BACB41975A3A55"
"mobile/lib/domain/models/timeline.model.dart","696","87213A1C308FA059A0B380EC52994A608C354BDFC52FFBAE8C053DA366893F3B"
"mobile/lib/domain/models/user.model.dart","7012","DA0AFED755F2872F48684B7464A2B05FA277EF8710BE63C0ECBB86E8369F958F"
"mobile/lib/domain/models/user_metadata.model.dart","8080","20C93578C9CC2E02DEE5A02B02915D6CB33028EB075B0374CF535CEAC10AE029"
"mobile/lib/domain/README.md","1488","13236F1171D39537282A552EA278EB995C7699886C5B8E1DB56DFA4382E3F78D"
"mobile/lib/domain/services/asset.service.dart","2560","3F57B2B482D0D057CD9A6795497738359A35F50E6684B0C9BD567DAD86A0AD18"
"mobile/lib/domain/services/background_worker.service.dart","10464","3C86B33F36FE9D761F2BC3A72B79ACED2D21F1D50222D506BA4F453A02DEC695"
"mobile/lib/domain/services/hash.service.dart","5267","BCB69B24A24D25D8A360ED5B73B006BE5539ADC4B4778758F19F59A7C5BD6191"
"mobile/lib/domain/services/local_album.service.dart","1100","873531E6E7A3063D6A51BEB302FAF00484C50C2DF263E6A2F068C698E9D0609E"
"mobile/lib/domain/services/local_sync.service.dart","17169","DAC94B95447DE9A995C621CBCA3C79E7C9D4A485BC024610971117352717BCC9"
"mobile/lib/domain/services/log.service.dart","4505","05E82E39F83B93E248E4CA3D18BD8E18F6EB456C18EBA73C51C32759FF1707C7"
"mobile/lib/domain/services/map.service.dart","877","D63826378C2489645F2401F310E22B54CCE2F0BB832EB17EA9D4CB6F3B682968"
"mobile/lib/domain/services/memory.service.dart","606","CB71AB55A79330E29216305A35DC9EFD000503F5E3535321529588BB8F3CEF90"
"mobile/lib/domain/services/partner.service.dart","1980","0D86DD2B673E0410BF2A8A96A98C10C476C23AC14FED72062C325C9022308541"
"mobile/lib/domain/services/people.service.dart","1116","D4176FD7362F5809F2D4E5F5F1DE205A23DB8F661A446C233C69C6ED1137BD99"
"mobile/lib/domain/services/remote_album.service.dart","11864","D8C61C4DF3F6125E0BF899DA49E94E9C3FD94EF5C2DDFC526295CD3BEFF79813"
"mobile/lib/domain/services/search.service.dart","1608","FDDD904945A76465A71A9E2A5570B316E9DC8550727165B02909F031440C435B"
"mobile/lib/domain/services/setting.service.dart","770","3A8415771CD5C96DBC7A4F3F701C79B7A484FBA40E22E221140DFFC2FF43B508"
"mobile/lib/domain/services/store.service.dart","3641","E3FBF46CD52E7C8DAD7D30A3DA9BF6C33760DA1ACD56FDD9893FC81DA2D948E6"
"mobile/lib/domain/services/sync_linked_album.service.dart","4972","2AD571D2B06135BE7F52CE62D7131A561921FBF0D089E3EE0F5E87389228C240"
"mobile/lib/domain/services/sync_stream.service.dart","22982","C295F9FE1CEE8F32613D8DFA8A8D16AE73BC7B592ECF5156D2A58F6357619714"
"mobile/lib/domain/services/tag.service.dart","966","2B5311C33081F2E47CAF61FF6E9F7F3A6114898F0CFD599FC6A061E77D82A62F"
"mobile/lib/domain/services/timeline.service.dart","9367","5A9E5598F482248E739EF840555ABA90A5B99BA1B976B2FFED86F7BBBB7478EC"
"mobile/lib/domain/services/user.service.dart","1487","CB021B6CACDC1EAAC1DC62AE609BC62BB60A33E58F82D24A9D24ADC04B35DD9A"
"mobile/lib/domain/utils/background_sync.dart","8170","1B2DB18846E8F5C2CB8DF6618982074C6EDB2E3029881F360142BE9CD72C2CF2"
"mobile/lib/domain/utils/event_stream.dart","845","08670CCEF52F4ADF39C47B5A087CDEBF1435EF679EAB6878C7393E4A5FDE714D"
"mobile/lib/domain/utils/migrate_cloud_ids.dart","7844","F7D019B89D56A3E969A5995F7994B4D6DCF07F860DB7EF3D5A188666492CCF9B"
"mobile/lib/domain/utils/sync_linked_album.dart","628","0AC101B15EEEE1088AE5F2AD13721760A4436BE326610A452F94E8E0AE68B81C"
"mobile/lib/entities/store.entity.dart","139","B80277A8F9B39512EB426B796988609AE21A5C33F0A1FD7E99258F4861DC387D"
"mobile/lib/extensions/asset_extensions.dart","2290","FD5996EFF776FDF39732DB42B1CD38D66CA8C1132509725CB586D7E40C12A704"
"mobile/lib/extensions/asyncvalue_extensions.dart","1225","FC7EFEF0F12C871CAB810B2B8230DAEF02534FC38D64299A6524B1C52BDCD27E"
"mobile/lib/extensions/build_context_extensions.dart","2608","C45BD35C0AA5FF237BAFEB7390DA1D29104949E701DEB2AE7F8E09E57234654C"
"mobile/lib/extensions/codec_extensions.dart","270","10A65F99A728E4B92C69D59DFEC932FFF1F13DE02EC7C6300A5EC97B33639141"
"mobile/lib/extensions/collection_extensions.dart","1183","A6CBD6649C361772F763B9F62208F86C03EDA52F577401B2C1A1016A9A82F822"
"mobile/lib/extensions/datetime_extensions.dart","3856","30668C2B04A38A8B95DDD0E57FBEE60644F9DDC241FF7ABDAC400A3C7AFDA2FD"
"mobile/lib/extensions/duration_extensions.dart","639","571464C3F932FF649FEFD939DC3B62104DDFA122DDDFC269435BDFDC236BCB0A"
"mobile/lib/extensions/latlngbounds_extension.dart","654","3BA6D605CD20287B989107949FCDAFF4DEFB95A7599A8520E696BC51F5F58BB1"
"mobile/lib/extensions/maplibrecontroller_extensions.dart","2905","0FD3B1DB3AEE5307CB633284B1B9B6B033973430EDEA864E5731E7510F2A1B4D"
"mobile/lib/extensions/network_capability_extensions.dart","373","D7054D6AE143C48D8EB3864C94AE1380EC5C31208D1CC9C330EBCEE4C6F53219"
"mobile/lib/extensions/object_extensions.dart","97","EEA2B60F49289685498A780BA7BC8CA7CBF8C5F114B1D30B753AAFE702479BFD"
"mobile/lib/extensions/platform_extensions.dart","304","FA15946C058BDD2131A1410B924CC693EBB88DF5D323B9800E406C78D48A3BC9"
"mobile/lib/extensions/response_extensions.dart","151","CCB4B28AC5BFB510E8C29E9280DF2E392F9E9443E5097DA2B9BDB3DBBFDEDAD4"
"mobile/lib/extensions/scroll_extensions.dart","3494","CAE9D0CFCC3A3D3645539553F287692DF1C48C1575F9F381F89559320C593ACB"
"mobile/lib/extensions/string_extensions.dart","1181","E0FE16EA0083C3DA212ED4790BE11C3A52AF0AD01385B0066B792FDDBE66F413"
"mobile/lib/extensions/theme_extensions.dart","545","2B79C645301C57617F2FDAA56379B7F66D88528D95764851399F33A2F8DDFCF6"
"mobile/lib/extensions/translate_extensions.dart","1380","0B1586E1B4C00384242B680C21EB5CED969175EC24CE44A057D0170390A2EDE1"
"mobile/lib/infrastructure/entities/asset_edit.entity.dart","1625","FBB1E7ECA74896D7072E3370EFDB72C9A7A83A7910389E0B386762A038056600"
"mobile/lib/infrastructure/entities/asset_edit.entity.drift.dart","25308","A0160CB8DEDDE7214266BF4EC9674365D95FBC0589BC56FC013E0BA24228C1E6"
"mobile/lib/infrastructure/entities/asset_face.entity.dart","1491","A4B981A7E7509769010AC1EFDDF928A6DDF05709B0D218A0457D6B8248D74D13"
"mobile/lib/infrastructure/entities/asset_face.entity.drift.dart","47359","C473BEFA97AE0D473F86494E4A71029DD2F91C12343C376CB408324BB37763BC"
"mobile/lib/infrastructure/entities/auth_user.entity.dart","987","6E7522DB94255BD5862422037B4D07A30DA754B76D1F7BA26EFFE82B3EFFD8C7"
"mobile/lib/infrastructure/entities/auth_user.entity.drift.dart","32105","BBAF4118B9F4C832523F7412F77AB52ED9D701D7FDC91B67BFA1B4045BF56C40"
"mobile/lib/infrastructure/entities/exif.entity.dart","2692","B651A4A50B257769A96D5891DB9379C8D3C816579D111127428848001B7E426A"
"mobile/lib/infrastructure/entities/exif.entity.drift.dart","64793","0B027B21095D843C553B90EF9E18B9664674A15320A38CA3889948FA24ABCE19"
"mobile/lib/infrastructure/entities/local_album.entity.dart","1459","E78745AD7961320C7A082F763C4C2711EBF7A2856B8EE0A2BDF87C206363F25B"
"mobile/lib/infrastructure/entities/local_album.entity.drift.dart","31632","0898F27274A7474791D2BCF77F5615359A9FD47C68CEE083673F366A8DC20263"
"mobile/lib/infrastructure/entities/local_album_asset.entity.dart","860","27BCC6C7A99C2CBA72DF4461C78ADD381FCD4658D15EAFD234C017E7A590711F"
"mobile/lib/infrastructure/entities/local_album_asset.entity.drift.dart","25648","79DFBB55D132513E75491B26E5A768FF21576C426580AF08F4FC202A48F7A883"
"mobile/lib/infrastructure/entities/local_asset.entity.dart","1925","D53CDE2031101BA31068C77ACFD8823A71771044A01331031436F6D72401DFD1"
"mobile/lib/infrastructure/entities/local_asset.entity.drift.dart","46109","C7893A66EBE1AD7087548DA40BBCC03E8615C0CE5B2AD5E6002CE2B8DBD6A123"
"mobile/lib/infrastructure/entities/log.entity.dart","896","D659BFF34539D0481AF5EAE6572C069B5DEB7BF8559C150471F7661EB6520AF5"
"mobile/lib/infrastructure/entities/log.entity.drift.dart","22772","4B16ACA41AF5AF54723DA04D0B56AF8DC154FBB3110C3DD424853708FF41D5D9"
"mobile/lib/infrastructure/entities/memory.entity.dart","1125","87B2925AB67C322122D74C76CDD22B283A63813FC0F37E5326FD7999EED61D7B"
"mobile/lib/infrastructure/entities/memory.entity.drift.dart","39702","3D6223ECF06E3C89FF51946DA934842767EC72995DC22BAC6F0605F741C2E8EF"
"mobile/lib/infrastructure/entities/memory_asset.entity.dart","633","2F3A599055A5025FB4F55FAF4B042A03042FC94D3D7CDA9B7E75EF8D1AA044E4"
"mobile/lib/infrastructure/entities/memory_asset.entity.drift.dart","22246","0EB0EBD2ACC6DA8C0ACCC4A82B8A481B6228D982E669D1FF402CCB047FAE2B06"
"mobile/lib/infrastructure/entities/merged_asset.drift","3443","9A6608B5F749B4085EE10A394F0E773AC853CE50799F0299E3752C2EB6F1541B"
"mobile/lib/infrastructure/entities/merged_asset.drift.dart","9073","6A4E391ABA9AC47E4FFE9F5D5CC808985F7443EFE04A1B0E4761EE4FB5E756D8"
"mobile/lib/infrastructure/entities/partner.entity.dart","735","9198F7138E323FAF6F81302FCD8FF7618866439B1A9BC08344201ED18E153E25"
"mobile/lib/infrastructure/entities/partner.entity.drift.dart","24736","8705253AEE76BA39C5B64478AE33CAD7FFDF4ED10301D9C6B0DE6836EEFAA9FC"
"mobile/lib/infrastructure/entities/person.entity.dart","995","1847737DF381D5927B6819C3C051C7BCC2097B03CB8551F8B5F64F50934D66E4"
"mobile/lib/infrastructure/entities/person.entity.drift.dart","35515","3232E2D018F1AF58CA5105376F7E91810C800039F86A3C4185109C3D6FC2D25C"
"mobile/lib/infrastructure/entities/remote_album.entity.dart","988","BB5D1B88F01CACC3723273FA4B60C84A851665B9FA56FAC893198B4924CA2D80"
"mobile/lib/infrastructure/entities/remote_album.entity.drift.dart","33338","17A23D26EB79A257BBC9ED71DC1DCB495A7452CE9ABD0A804B662706F0053976"
"mobile/lib/infrastructure/entities/remote_album_asset.entity.dart","788","0A4F9F8FEE2B596D06B9988A6202516E5E35D4FABE2E5EB10CF27361B950E7B3"
"mobile/lib/infrastructure/entities/remote_album_asset.entity.drift.dart","23492","7C20376A4E3578B5BA648AA80623EBAC65AAC7B7E19DA5087F9F12200E229C90"
"mobile/lib/infrastructure/entities/remote_album_user.entity.dart","755","CC8A586523246076F6DB7BEB18EB4FE23D74AE8A8132CF96F4873B6FDC370115"
"mobile/lib/infrastructure/entities/remote_album_user.entity.drift.dart","25305","AD5D783EEC896238E48B9A6FB9C175B0F558A3A00F756D6DC8BB72818317B816"
"mobile/lib/infrastructure/entities/remote_asset.entity.dart","2690","FF657B112EA8A7CAA1671D98B2021EE4D764A837C24763C4F0E93F857DDA848C"
"mobile/lib/infrastructure/entities/remote_asset.entity.drift.dart","62227","DA6F44848592B09DF539CBA05A7679B62889132028638509A426637DB88588E2"
"mobile/lib/infrastructure/entities/remote_asset_cloud_id.entity.dart","819","92C042F74DF864E16EEDE6ED9B1872ACF968B4166BC13833A70EFB14B87FA37C"
"mobile/lib/infrastructure/entities/remote_asset_cloud_id.entity.drift.dart","28817","50F8F352C096FD19BB0BF4453A0C3325657D0A11374D799B5CDFFD11F2A31034"
"mobile/lib/infrastructure/entities/settings.entity.dart","459","6852786D2609D076571DC7947F915EFCED697EF7B79391112849B72095B28A3F"
"mobile/lib/infrastructure/entities/settings.entity.drift.dart","13427","D157C177A4D094394A9C65994CA751AF7018D0451BD44793E60E3445601BEC20"
"mobile/lib/infrastructure/entities/stack.entity.dart","767","C6CD573E9A3FFF7C4BAFB6E57CA799273298F66B28C0663F1E4728F5A6C695C0"
"mobile/lib/infrastructure/entities/stack.entity.drift.dart","24021","B082674AFB525D2EAF71D7A6E750035201B9897E3BFAFDC019A444853DD7610E"
"mobile/lib/infrastructure/entities/store.entity.dart","366","FF8A1AB98200DB1466ACAEF153EA393E90C3757F9CC91568E95E4FB71A6A6595"
"mobile/lib/infrastructure/entities/store.entity.drift.dart","13357","D76BA73573D9E12B99DEE5F3A8F218F7D65772D7D4DCFE735E607FA4F84C4C4B"
"mobile/lib/infrastructure/entities/trashed_local_asset.entity.dart","1734","6213F119B41417EB1AF666FD26B98C926D348936F2A3D3561DF5E9892E1B3CB6"
"mobile/lib/infrastructure/entities/trashed_local_asset.entity.drift.dart","41987","497DC41F1FE8E7642E840A610AF79ED89CBB6668FDDE1A28C23739E8F4C76E3B"
"mobile/lib/infrastructure/entities/user.entity.dart","703","2C68BBF579C33E79989F7ECFC534756A44ED3FD7C1C8A4C700B0923F4A6FD5A4"
"mobile/lib/infrastructure/entities/user.entity.drift.dart","21516","0E8D1074F28FD2DB7E702F455E24F60F0EDE070BAF016E0006388F55C78E6D11"
"mobile/lib/infrastructure/entities/user_metadata.entity.dart","796","28D82F82ACF2B6A2F83B400805035EC0C586BC0DC05CD45EE63C350D2CEA57E9"
"mobile/lib/infrastructure/entities/user_metadata.entity.drift.dart","20437","6B7DBBF15B11CB5719BB30A57C0851E5CC8914B83BC28E120A7B44A09608FF49"
"mobile/lib/infrastructure/loaders/image_request.dart","3365","56B398CCE1C216B209E3956D25D4C17CC98B4C605F96C7B09499B0F4F301F2B1"
"mobile/lib/infrastructure/loaders/local_image_request.dart","1556","8D6E6F7FEB2BFC2C4651EC61D31757D71AC91E9C4E6F7DFA851295D830E29209"
"mobile/lib/infrastructure/loaders/remote_image_request.dart","1403","E855FDDB62AB28E5D2651DF601B1E58F9872FECC31B9B403619A81341358B2C8"
"mobile/lib/infrastructure/loaders/thumbhash_image_request.dart","748","200C3254D4E99E6E3E17E09442CF96855F61226C90C9C07E6A9C5AEC390B406B"
"mobile/lib/infrastructure/README.md","1327","C7DF958AE03075918A459023B336C072DDC286383BA4EB7E0017EBA70AAF1984"
"mobile/lib/infrastructure/repositories/api.repository.dart","291","8F88E231A01258DA7E2183396FDD88D2F948FFDD3F06B2512AA0C7365E036ABB"
"mobile/lib/infrastructure/repositories/backup.repository.dart","4645","2BC68AEBDCBF8FC587F6BD97DCDD76ABD45722F38BCC192324CB2BB4F9AD85FA"
"mobile/lib/infrastructure/repositories/db.repository.dart","13949","D20E54C18330C1AC0632E32D29FFB741590C3ECF71B4526FF42E0BAAE08D494E"
"mobile/lib/infrastructure/repositories/db.repository.drift.dart","15247","10A8DE771F0808A27F376D70CFAE91EA7449BC6DF513CBFB7668A34872D73785"
"mobile/lib/infrastructure/repositories/db.repository.steps.dart","425826","FF0A03B82FEAAFE076D626395B5EE48B77FE26B2B74AE3F8D24199AA20ED23A0"
"mobile/lib/infrastructure/repositories/local_album.repository.dart","16452","41B4AC7BB933200817315AC339CF67538B5E8BC5203958C032B730142A56A60E"
"mobile/lib/infrastructure/repositories/local_asset.repository.dart","8819","FB20A96D561E691337836191C11BE667DDF51D8A04D33AA29DA932EF6391AE29"
"mobile/lib/infrastructure/repositories/log.repository.dart","2322","C05C6D51677972586EEFD2140A22BC1A7B275AD0337E79BD44A45DD8C2C56196"
"mobile/lib/infrastructure/repositories/logger_db.repository.dart","967","E7861A4D1F6EB931706EE704A5C0DFED34D06C73141DFC63A8575142CB4FEECF"
"mobile/lib/infrastructure/repositories/logger_db.repository.drift.dart","1032","65876F7532396F1764879DCA166813BB07FAD7CB536514F176960B1D2A8B7424"
"mobile/lib/infrastructure/repositories/map.repository.dart","3399","BD9865FC3BC66A495A1818737A88308664ECFE8E03573C8F306F3211BB315F5B"
"mobile/lib/infrastructure/repositories/memory.repository.dart","3862","A61F52AC674E594B5BD775FED6E9D3B1E30A4EF30CD228AA6EF3FEB05272CC50"
"mobile/lib/infrastructure/repositories/network.repository.dart","2139","240AA435D324FEB1CB93BE0BC2489678131C338C30E7C8667DD9C4BD9E872377"
"mobile/lib/infrastructure/repositories/partner.repository.dart","4612","2F5B700A944F6366D19DE306AB72504ECFF313C8E6FFE45875B809E5A4ACF9D1"
"mobile/lib/infrastructure/repositories/people.repository.dart","3277","58DC1DC400D60152380EE5ADEFF984BEB4A13694DF37D87B7BA20BB3A6DF21FA"
"mobile/lib/infrastructure/repositories/remote_album.repository.dart","21669","F1F57F52B8F2ADD0DC4E0A1433800ED69D5A49E5F66CD9B98BAF498399797377"
"mobile/lib/infrastructure/repositories/remote_asset.repository.dart","9696","2F3E959DA122BB493CE8E7E8BE8F6C61A9F2C4D01C9FB2F9ED4177922B567281"
"mobile/lib/infrastructure/repositories/search_api.repository.dart","3057","1EF0327C3F6DD9F683D5BF5007A38C482EC14650637EDA5841324BA806904880"
"mobile/lib/infrastructure/repositories/settings.repository.dart","2585","52AA0719625B0E778A79B69CBE3CABCE133E9F66492B4985175228A5B258CD39"
"mobile/lib/infrastructure/repositories/stack.repository.dart","778","3229ECAB590C50E12EBBEA43FA6B5614C899B8DC3E7C455C86B69165E41C2E57"
"mobile/lib/infrastructure/repositories/storage.repository.dart","4517","BE0644FE7832BE0F1B2D09D48130A2BFDEE2F8686069FB4B1C9FD90D3DBCF569"
"mobile/lib/infrastructure/repositories/store.repository.dart","3436","8268E2D4824AE6CB08C8E5D0761AFDDC5F4884E502AE3DE72E8B267D39AF8ADF"
"mobile/lib/infrastructure/repositories/sync_api.repository.dart","8518","CEB82A90313C432D23989B82BA88C0B735609C1099136B325386F22C0FDC67EE"
"mobile/lib/infrastructure/repositories/sync_migration.repository.dart","822","16F734A8B7C6FB9F3B66F3921E2F4C8DB7FB81BD2733E883F48A593CD163C61A"
"mobile/lib/infrastructure/repositories/sync_stream.repository.dart","34698","E9B0C066A994F4E670CBCBC09138EE9F47A9EDA63F66C8AC14737DAF4F4A42C1"
"mobile/lib/infrastructure/repositories/tags_api.repository.dart","916","34C9C5FF3FB58E3DBA812D52502D8A569CEBB5865BC47C695D640FB0D8128476"
"mobile/lib/infrastructure/repositories/timeline.repository.dart","28389","57454F6D162C58850DD9D740E3941F05D83CD57D3A1254E830AA0903C9BC6F74"
"mobile/lib/infrastructure/repositories/trashed_local_asset.repository.dart","11796","B69627949721E205EB05131DAC5A8EC51EC202BAEE6EF2A539545111BF4715AC"
"mobile/lib/infrastructure/repositories/user.repository.dart","2262","95A74F751FFF14E26B01C682944AFF83FA6ED248A8FAAF54847CA50C1E7916B2"
"mobile/lib/infrastructure/repositories/user_api.repository.dart","1083","389888760935BC47A45015B373ADF93D81D73429E3D0DA1CBC4A9F43C5433FA4"
"mobile/lib/infrastructure/repositories/user_metadata.repository.dart","1114","9FB54C1028BCCE22ED452593B04EDD956988AC9CCA2F2CF612659D46D3B3CBF7"
"mobile/lib/infrastructure/utils/asset.mixin.dart","542","B18EC74E835F4AAB9B6ACDAC4BB8C28E865D87360CB7AFBA28B7B89A8A196EEF"
"mobile/lib/infrastructure/utils/drift_default.mixin.dart","161","14B70F5C3B88F8A01CF627BAC4462EFB3F3702FB26C6C63B33E4DB00876352AE"
"mobile/lib/infrastructure/utils/exif.converter.dart","1823","9376C8B44E34F27D909F8F668CBB27075424828BEA1CB83E72C9A61E7B171763"
"mobile/lib/infrastructure/utils/user.converter.dart","2313","EC7CF016119C666A3D042313E917429D5988020376C1BE3EDFC578F45FCF4C7D"
"mobile/lib/interfaces/database.interface.dart","108","9B07457695FE93A8D1A91418269925FE07C38B1E1E06C7E1E55BE125F8A743DE"
"mobile/lib/main.dart","11285","DCAD431A86982A15B3EC56E9870E46C45BBF07BA8FC34EE5456301F392C0982C"
"mobile/lib/mixins/error_logger.mixin.dart","1205","143DF7A48163C44387069CD4D1D9BB1CA1E2954136F512F1CC4ECBD8538B90D9"
"mobile/lib/models/activities/activity.model.dart","1558","0CF9630448A83028D4DA38E2AE5E618B86F0C0927DD712782ADF965EB094EDB4"
"mobile/lib/models/albums/album_search.model.dart","53","46923C73CEFB7EC369AF6E4DFA34E17E113220A8EDB04EA49EE65D25438282D2"
"mobile/lib/models/auth/auth_state.model.dart","1893","E36F90287A37C30504F67212D3E6815C65C3EABFD5748991F0827E085D78E61A"
"mobile/lib/models/auth/auxilary_endpoint.model.dart","2318","1F2F3D5969E4DB517926124E4322DA9ADE509A8782333FEEFFFBA1328A98F764"
"mobile/lib/models/auth/biometric_status.model.dart","1099","3F8F38D76FCB4D0C98EE988ECFE9361EECDFFFC55BEB1783954990A7FDF7ECA4"
"mobile/lib/models/auth/login_response.model.dart","703","29D6BCBE2967BED97BE98478C497AD0590FA1C003A94C6B471E162400FD4F2BA"
"mobile/lib/models/cast/cast_manager_state.dart","2487","86D78FFA7BAD05AE9D124D25C962D65A584436ED3B0B9154F634F810C2E92D00"
"mobile/lib/models/download/download_state.model.dart","2886","490FED81D8C325E75DE2421F5D1C275B6058E10BBB5D6988C07A7914F14C9BF2"
"mobile/lib/models/download/livephotos_medatada.model.dart","1196","10C1C2E46154DE50D7EAAE50A7AF9F92139BFBB5BE54CE8631D12F1C66177B43"
"mobile/lib/models/folder/recursive_folder.model.dart","232","8F0C8000A3A5557FAB340BC5B7E9A576AA71FA377DD684311B44A2A4DA71F13D"
"mobile/lib/models/folder/root_folder.model.dart","228","977268FF41339B39DB14985B38FD884820F5FDBB53B81515C321654E185DEFE9"
"mobile/lib/models/map/map_event.model.dart","271","6F22618C8362D29B0A875DB20F5741057A7055F7A33E38B6ECA0E0F7997C3972"
"mobile/lib/models/map/map_marker.model.dart","884","403B52050A1EA0AA4F91861E92999856ABE3BF3B0DE2482331402708FA68DF56"
"mobile/lib/models/map/map_state.model.dart","2712","F62C9CEF27BA274B261528FA32A59A620681C7DBE3EEFAF0E9926D7A90E71D70"
"mobile/lib/models/search/search_curated_content.model.dart","1715","60BFD4E8969069FD319BF75082683949C1B101C7D6E75125A55E636B74CE3A48"
"mobile/lib/models/search/search_filter.model.dart","10537","BCF3D4F71599F69AA8BF8724AE2D61CEE7B56376C417DD5BC327217120DF2DAB"
"mobile/lib/models/server_info/server_config.model.dart","1578","1BAA657D24744FC237D5C34E679FEE6E33452156425B73A198955AAC09B0D35D"
"mobile/lib/models/server_info/server_disk_info.model.dart","1573","6CFA2EEDF9466DD5A7ABCA5E16D33273AB09DE8481184F5CCD562228E0531001"
"mobile/lib/models/server_info/server_features.model.dart","1825","53B4087E6870C73AE7F1BACC3F8DE9E04F492D18FD8C6ADA70D05581A642B5CC"
"mobile/lib/models/server_info/server_info.model.dart","2739","AF3D87C0D929FECFEE6C980F144F7E599654770DFC756A8B549BB4067EE68994"
"mobile/lib/models/server_info/server_version.model.dart","587","3359116CD376A311AC81E3A610F05E97D209578BCB1C91788D7ACDEADEEDC14B"
"mobile/lib/models/sessions/session_create_response.model.dart","700","B035B7BABA956C81F48083FE0D27314C77C171136E8EFE97F5D4E10B571987D1"
"mobile/lib/models/shared_link/shared_link.model.dart","3594","50CB7E4F31B95968FD04250FE80DD9D8924DE849B3D50EEB2A628DA227D95440"
"mobile/lib/models/upload/share_intent_attachment.model.dart","2490","111C3993DA2C0C58938ABEACF282BF974325713F11C3D09C47537AA35645336F"
"mobile/lib/pages/backup/drift_backup.page.dart","18544","92145BCB13C6AE594661092427E51F804840C2124B9FC2133EA30EB624CC60A3"
"mobile/lib/pages/backup/drift_backup_album_selection.page.dart","19219","2F50E49BA5635410834885DACFBBCA18196E541273008D734CDF88FF7125A8E5"
"mobile/lib/pages/backup/drift_backup_asset_detail.page.dart","5381","3C716F0E729B0326E7A0451FDE538DF0107DDACECE7012E38EF50776BBC8D51D"
"mobile/lib/pages/backup/drift_backup_options.page.dart","3162","5A211AFC614A760E71C934AF3B1F48FA45F5542D528F57D66299E44FC437E267"
"mobile/lib/pages/backup/drift_upload_detail.page.dart","25556","3195CCACB127141B82ABD5891F23FC0706C0E8082F7C6A20AC5E440024F083FD"
"mobile/lib/pages/common/app_log.page.dart","4671","BF0C2B6DC205A0EC3BFFC4F3113C9323C51FF18E8A8A6C9D8C508A68D8E948DA"
"mobile/lib/pages/common/app_log_detail.page.dart","4200","788A6737EFCD869F8B41FF1A305CD01FEAD983B289426A4C745D6942C664B5E1"
"mobile/lib/pages/common/download_panel.dart","4155","20628987CC6166E6D86E917BAA9B4AF2812741C58400BBBDE3F8031887885857"
"mobile/lib/pages/common/headers_settings.page.dart","5515","EB5556A97AADFD5BFFE025999D3F037D2DD8E1EF2D5206D2B8010E91A5C3B74E"
"mobile/lib/pages/common/large_leading_tile.dart","1872","E7F42676C8886D05D4EB513FC3AF190A8D5611DB794FD23762B6B427536AA70B"
"mobile/lib/pages/common/settings.page.dart","5730","635B3B1D833AAE9A3682927D58172C119AC82B8B2287D51D11AE4926C34271F5"
"mobile/lib/pages/common/splash_screen.page.dart","13304","82C1BEA087730BDA85CCEF69EC1F3611FFFEEBBF73EEED96FC62284EE24F467D"
"mobile/lib/pages/common/tab_shell.page.dart","6571","CCBA225EE41669E2A2C995E93BB83E62F88C4DE83C22AD8D83241534112CBB82"
"mobile/lib/pages/library/folder/folder.page.dart","9584","7F778CA484D2B65C92F7C9F41995F783CD1241A59BD08C844A92A42FB891F494"
"mobile/lib/pages/library/locked/pin_auth.page.dart","4041","678C41AB2345AAA6C9DFA7A7A0015F29DEBE8C1B7632DF2C728AB39A5D62D719"
"mobile/lib/pages/library/partner/drift_partner.page.dart","5058","50C4C50F3B3D175A530E21D87B5D64476E043CC22CDDB5634A6287D79C6E7A0F"
"mobile/lib/pages/library/shared_link/shared_link.page.dart","2944","02C540EB189334197E0677FEA7809C99C0F64A4A0D4FBD95CDCD42DC46D4AC05"
"mobile/lib/pages/library/shared_link/shared_link_edit.page.dart","20197","A254C12E8B400CB5D1F8B2A30779B474FDEFB77F87C03739CFB2E7B90B6A0B80"
"mobile/lib/pages/login/change_password.page.dart","447","ECD509F93735AFF33966ACAF4D4A8E3DAEE2D93E7FF0A5FC33E3265CD7D6C5DE"
"mobile/lib/pages/login/login.page.dart","2116","E5EF78FD64593E61EA06CBC939D3A2A73667826A2EF91B1C407BE891BCB7EEE7"
"mobile/lib/pages/search/map/map_location_picker.page.dart","5787","D6A7FFD7C44413C485B58915E2537E4D2FF5BFF11B12CA89D86B33BD959A0987"
"mobile/lib/pages/settings/sync_status.page.dart","797","623FF5E8ACD352A4C0277A47958E5D993398F542E22D3E36046266C99969FFC6"
"mobile/lib/pages/share_intent/share_intent.page.dart","7558","D5F9A48486F58386204DBF8993ED1314494B353CC0097C208488249C4C8F50EC"
"mobile/lib/platform/background_worker_api.g.dart","12982","FE7A7F199328141014148810D00CC8A3FB83DD412AA99920993B6499BE111EB5"
"mobile/lib/platform/background_worker_lock_api.g.dart","3436","6F8BC0FD4856C639DF00A258E4E8EBBF8F8CA5DA774957D185801567ED3D320B"
"mobile/lib/platform/connectivity_api.g.dart","3293","1BF04F01F661BC22EC0EB69C287257CD292F89076246014D46BF7CE3293C2DA1"
"mobile/lib/platform/local_image_api.g.dart","4663","F4AEE7D9284473B42954BDFE8BA3639B879E9F7E437688AFF21B54574BFE49E2"
"mobile/lib/platform/native_sync_api.g.dart","22062","9545102A5B6C27EAD91E3AA15027EAEAE6C245C4CD93CF6F581DB4964B7B8EC1"
"mobile/lib/platform/network_api.g.dart","10969","7F614D4762CC12DA159582A039D11DD579DF79660534DF2758BED8013F32469B"
"mobile/lib/platform/permission_api.g.dart","4406","CD50CAAB6B0ED48503DF060A4665FC848705C89BCC8585F0219C79E9BC745771"
"mobile/lib/platform/remote_image_api.g.dart","4411","EB93E3D11B259BA748D224436935D27862AF14721085993EAA2AC92930CADB0F"
"mobile/lib/platform/thumbnail_api.g.dart","5512","43F7E34AC49F1C6D17E2DC8D850B2D40257FFEC8ECC266741FED5EF97D4131B7"
"mobile/lib/presentation/pages/cleanup_preview.page.dart","1689","BC98D5AEB1341C24A79F3582DA3F1896E3694723EC47CBF2CA27EBC36633E95C"
"mobile/lib/presentation/pages/dev/main_timeline.page.dart","860","10B717CE09F9DF92C926B7DA2665FE2821354183D6A8BFB516A6D3042C50ED80"
"mobile/lib/presentation/pages/dev/media_stat.page.dart","7392","4C511F3C0B9CBB4F84819C81E07A67EB58CEEE98106F3E8459C11F07E0F78A4B"
"mobile/lib/presentation/pages/download_info.page.dart","2002","0EDDDE0D084599881BDFFD87C6E4EC40307F9EAAADD30E2406C3A8EB773160D6"
"mobile/lib/presentation/pages/drift_activities.page.dart","3675","03C0CB23473CA2482E93484A85AC1B24A24717B12713FA4F36984FE80510092C"
"mobile/lib/presentation/pages/drift_album.page.dart","2468","6FAC2B113F7E15BA44F09FC51692F3B4C3390BC897F14AC57AC91DCF055BA65D"
"mobile/lib/presentation/pages/drift_album_options.page.dart","8772","C62D256663ECDBAF21D5A756DE116AEF954BC3E390D3D4C33DD173EFA2B17B46"
"mobile/lib/presentation/pages/drift_archive.page.dart","1458","F3C437BA305293A3B8C301A1EDEFBFD6DB9009FBB10A94780A0BB0B92B839FAB"
"mobile/lib/presentation/pages/drift_asset_selection_timeline.page.dart","1400","BD8FBB01238DAA34166920F1B3974B769598DC2293CAB1B44670F4003C7A0803"
"mobile/lib/presentation/pages/drift_asset_troubleshoot.page.dart","11972","36E50DBDFA24C4D7327C7BBE701DBAFF177B32C95D88ADEB3A09068ED4ED319C"
"mobile/lib/presentation/pages/drift_create_album.page.dart","13461","D8A6E95D884F759FF4803A55ECF24826899FC08304EB7946FE9DFB8E06093FE9"
"mobile/lib/presentation/pages/drift_favorite.page.dart","1466","1D59DEF7C60B252B9FE0D4A3702E3AE369A5EFDF4A9930DE1D62727E49C055D8"
"mobile/lib/presentation/pages/drift_library.page.dart","16043","0D568DD5DEC73BDC37278F1C55E0CC1C3D0CA79D66E6C588BB853C595BBCACE8"
"mobile/lib/presentation/pages/drift_local_album.page.dart","3144","52E9734FD133FDDEA2E438850B0FC6127B5F57CA7D4F1391D504C140C1168707"
"mobile/lib/presentation/pages/drift_locked_folder.page.dart","2390","FA59119AE1155800FC1E2FD7E97A222EFABDFB92FFE56CA5CE0CE4225B2B3663"
"mobile/lib/presentation/pages/drift_map.page.dart","2032","33DB5CFBAF89683C0607FBCDBB915E436918BB9E5FD45CDFDBBF1B1B5F0EE0E6"
"mobile/lib/presentation/pages/drift_memory.page.dart","15107","9FADA27BB52C64CD4A40F13C3765ADA5E65076F154A5F66ADAA415A19A7C535E"
"mobile/lib/presentation/pages/drift_partner_detail.page.dart","4052","94B5AE34A586405C1BFA05DDBAF0E8298C64C27695A704DA42776CFD08F3847C"
"mobile/lib/presentation/pages/drift_people_collection.page.dart","5354","02E1980F0C70A39665E46F4F7D807CB7D89283B8691D05E17023A23223B935E9"
"mobile/lib/presentation/pages/drift_person.page.dart","3092","9EF7E703EC2AD6869237261178B1ED21E0E64DB12A6A7F4D4AF51329D6CE866C"
"mobile/lib/presentation/pages/drift_place.page.dart","5580","F4929201BEEFCC1EDF65D09A18BE30BD5D4AE818F9108E401B1980614BD815FE"
"mobile/lib/presentation/pages/drift_place_detail.page.dart","997","6280AB6157A7617AFB671F7C008FD1D3FDE0A7E543E3651169E362EB761AD303"
"mobile/lib/presentation/pages/drift_recently_added.page.dart","1247","987AB1D6231B6992A8ECB25EF721E57AB4BA7C3CBECDA45C37C224F90D7E5221"
"mobile/lib/presentation/pages/drift_recently_taken.page.dart","1246","B5D47D3AA7C65577A6D105EF2300F639D6846A90591107E40E335FBB278F8FB7"
"mobile/lib/presentation/pages/drift_remote_album.page.dart","15051","B8543FE92A84941E7977DE643D059EC3CC7348B5F25AF926EDFBD6A9CC5DDD1B"
"mobile/lib/presentation/pages/drift_slideshow.page.dart","11905","6A63E67EEDF87F46E9CD2EBA7341D40A43975233D9544DC0B31824239EA351BB"
"mobile/lib/presentation/pages/drift_trash.page.dart","5323","E13019C51FC705FC134699AD3A7C513D1B9B749B5A26A3CE17CD58CB0F1079DE"
"mobile/lib/presentation/pages/drift_user_selection.page.dart","5890","A6F0ABC1AA77CF7C24844A220E186CCEC4BF9171A19DF58FAD617E4788C3177B"
"mobile/lib/presentation/pages/drift_video.page.dart","1199","1AA51EC63C1C458603D72714671076E88191100299BE42645AE833F4750A926F"
"mobile/lib/presentation/pages/edit/drift_edit.page.dart","13624","DFA28553678D5B045498DECBD5D9B3FBAA79CB5F830124C67E5E42EF1975A266"
"mobile/lib/presentation/pages/edit/editor.provider.dart","6722","2E99AC680808CCA4C17D6645E688544C67533E1C668457C527D0B1ECB8C8E0C1"
"mobile/lib/presentation/pages/local_timeline.page.dart","1257","458C42B603BF660C77F70013B2CBD168FC1AF027E0611A5DBF299E6236DF913A"
"mobile/lib/presentation/pages/profile/profile_picture_crop.page.dart","5944","1EBDC778011A37F9C427F4C69ED10576AC78C13009A7A3636F4239C547B0C21A"
"mobile/lib/presentation/pages/search/drift_search.page.dart","34877","580F80630253F0E0EA9BBF173EA2481031755A82F31599FBB7B2BC921F089D49"
"mobile/lib/presentation/pages/search/paginated_search.provider.dart","2230","FE4539B54E9AA7EBFCEE176EF793806C311B6EB353ACFBBE21225EAB67934ABC"
"mobile/lib/presentation/widgets/action_buttons/add_action_button.widget.dart","7788","883CA6C42D996AF5D6F458EBDAB2D33F858684D0B88471ACA09ABD406A6BC0D2"
"mobile/lib/presentation/widgets/action_buttons/advanced_info_action_button.widget.dart","1177","1A65C46183EB2DC443C808D04577E4380DC0C9A0CD79B03A28F01C800994DC61"
"mobile/lib/presentation/widgets/action_buttons/archive_action_button.widget.dart","2255","78C6C6483E877471382D62B993C5612EBABB228E3F6C2E6ACA62A4BDE4351543"
"mobile/lib/presentation/widgets/action_buttons/base_action_button.widget.dart","2891","D89EF1F6375E8D3B7F918B1E84010BE4423363C4A01E7E930A22293022127566"
"mobile/lib/presentation/widgets/action_buttons/bulk_tag_assets_action_button.widget.dart","1647","B84759ED8AFB05245085EA7A2B97FB7134A85282D26C44D6235F44BEF6C76FE1"
"mobile/lib/presentation/widgets/action_buttons/cast_action_button.widget.dart","1195","C66FE37D8A2DEF98C9523283E817C4EBBBBE1B335E2DC534092BEF2F393D162E"
"mobile/lib/presentation/widgets/action_buttons/delete_action_button.widget.dart","3281","91F7745B52F379E7E91509F406C4255EE33E64642A955F9B2694BD9CAD171CC7"
"mobile/lib/presentation/widgets/action_buttons/delete_local_action_button.widget.dart","2396","490C9199E4E894E0DA88563D355571DD563ABE4EA67E674E2633CB57BFE889D7"
"mobile/lib/presentation/widgets/action_buttons/delete_permanent_action_button.widget.dart","2763","295001A1D81EA5C04EEE460C567CAD5D560A987D0AC927B9FA943440F95D2D29"
"mobile/lib/presentation/widgets/action_buttons/delete_trash_action_button.widget.dart","2356","6B92755A91178A5D7C44794BD24165BCB89B8917A00A832FA428DF9A5D7D07EB"
"mobile/lib/presentation/widgets/action_buttons/download_action_button.widget.dart","1715","0F28F5E1533B0329471D6A350E7D565D69293C797E913E575E2BFB249CBEF2AF"
"mobile/lib/presentation/widgets/action_buttons/download_status_floating_button.widget.dart","2655","50EEE5CC08A3A1EA09AD591580C2EB409D169D2575FE175F70B07158880231D9"
"mobile/lib/presentation/widgets/action_buttons/edit_date_time_action_button.widget.dart","1775","8E4B57CA4860B13C5BEFC7342D4A79F9AA9CD55F870AD680F2C35875AF88FED5"
"mobile/lib/presentation/widgets/action_buttons/edit_image_action_button.widget.dart","2226","694FB453CE74E91021660C62BE613BBF7CE87D03F3CA6499A3921E87BD1C1090"
"mobile/lib/presentation/widgets/action_buttons/edit_location_action_button.widget.dart","1737","1CCA48522DFB330C55A1CBD780BA3189D9ACD485CDC2CE7B033F3B3ABA0F62A6"
"mobile/lib/presentation/widgets/action_buttons/favorite_action_button.widget.dart","2291","D966CC88A1E10178C3836AB3E4B268E8F0894F3B963C4D9300325F7AB5DF1554"
"mobile/lib/presentation/widgets/action_buttons/like_activity_action_button.widget.dart","2624","6C4FC284A09EF2C40918E018899303C3ACBCF2C37F51A7AA8CB7097EB96C0701"
"mobile/lib/presentation/widgets/action_buttons/motion_photo_action_button.widget.dart","1001","67DBDB19EA3BE07AA01310807E4217F62EBE858BF83A044B90728B61CBD7CDFF"
"mobile/lib/presentation/widgets/action_buttons/move_to_lock_folder_action_button.widget.dart","2350","AF61B37A4F167A7067588A50C1AF83B11A5DE3BC4731FDD054F3636F8F68E5D4"
"mobile/lib/presentation/widgets/action_buttons/open_in_browser_action_button.widget.dart","1750","9E13A2B8E3A6FB54153CF156BDF879AB112A4045175FADE94336F92EAAD305F1"
"mobile/lib/presentation/widgets/action_buttons/remove_from_album_action_button.widget.dart","2178","0AD6FC49B6BB3E0AFCB6B2826E55435103625209B40E0CD69C3B2B6503315D9B"
"mobile/lib/presentation/widgets/action_buttons/remove_from_lock_folder_action_button.widget.dart","1907","498670D73B39E1BB7A83DF29E5C2F90E42F0ED5F94E1CF90A8F082D1F461C479"
"mobile/lib/presentation/widgets/action_buttons/restore_action_button.widget.dart","2035","B37BBEB2AD39A1EBC562A349900566FF4E0D2B1FF883600B5112C5F9D7CEF59E"
"mobile/lib/presentation/widgets/action_buttons/restore_trash_action_button.widget.dart","1605","09612FACCA9230599D031A050DB436A2FE1D99AC588F3DA3BF4C08AB20EA5493"
"mobile/lib/presentation/widgets/action_buttons/set_album_cover.widget.dart","1855","A7C8D76D8DEE6A11436D6B109D8C094E6352F6D1A3459487A68D13527E573CD3"
"mobile/lib/presentation/widgets/action_buttons/set_profile_picture_action_button.widget.dart","1167","23D971CCAB8CECF74769F65B112FBCD8618BAC240EF24EDC70C01A6B24A6CB7B"
"mobile/lib/presentation/widgets/action_buttons/share_action_button.widget.dart","3994","813FFBF6540DF800BEEE3EBA966D201B076B4958C7C69D88BFEE259CE4F0C321"
"mobile/lib/presentation/widgets/action_buttons/share_link_action_button.widget.dart","1103","F4A0FA33FF679BB279AF73B564101735E45C8BFB1D764C7FEEEF176E6FBBBEEC"
"mobile/lib/presentation/widgets/action_buttons/similar_photos_action_button.widget.dart","1989","E3134F57947F91ECB06AE933AA113D6A9B7DAFEF59D06EB37C32B1F3BAE18C0C"
"mobile/lib/presentation/widgets/action_buttons/slideshow_action_button.widget.dart","1131","F2F72E185C78DD7A85DA2748B819AF8FC843803CE367C0CD05CC2F8232D8BE8E"
"mobile/lib/presentation/widgets/action_buttons/stack_action_button.widget.dart","1841","57837118FB94C880982D9FC47836ED5820C8D610933459CABA4FA90169C3C668"
"mobile/lib/presentation/widgets/action_buttons/trash_action_button.widget.dart","2276","E4D58BFB54CE13B2760628243F5CF7A33853783A76631A4E3FFED9776E4560CF"
"mobile/lib/presentation/widgets/action_buttons/unarchive_action_button.widget.dart","2364","04B7AABF23DB6D75BEE5930CAAC7692575ED4AF7F540F49937924B58F28D3398"
"mobile/lib/presentation/widgets/action_buttons/unfavorite_action_button.widget.dart","2294","602CE5F0E777C0DF41114FFE16DA5FDD55DF43B624D8E6F04EB2BB7EEC26B114"
"mobile/lib/presentation/widgets/action_buttons/unstack_action_button.widget.dart","1775","1742F1ADE85F82409AF6D5A417024E8EA7643AE0B07174A886DFBAB5B248C37D"
"mobile/lib/presentation/widgets/action_buttons/upload_action_button.widget.dart","3782","5C4783CE04A86643F30D2E2326B12DC451972E7BD7B1738FE9B7D618C22BA744"
"mobile/lib/presentation/widgets/album/album_selector.widget.dart","28719","08398BDA13229D21B10720E6091927BA2420ED7CE9B00CF4954A79DDDB546827"
"mobile/lib/presentation/widgets/album/album_tile.dart","2920","CCF8752B5E5454042DE1461A9BFC18CAF8E5CE9156E24529BEAD3A7208A746E9"
"mobile/lib/presentation/widgets/album/drift_activity_text_field.dart","3389","79C1DA365113DCF0C78C66137EF121996BFF4C7003A5D98802B0C35FE8B3A801"
"mobile/lib/presentation/widgets/album/new_album_name_modal.widget.dart","1583","74E2D3B209D1BB4C0F51964D188DC7DF21E287AC1D0ED169F0ACE85FE6BC4504"
"mobile/lib/presentation/widgets/album/pending_uploads_banner.widget.dart","9910","635E65ED50B71E951E1F456B34285273F2B2E15BDD80BA110357C5D1FFE7CDA6"
"mobile/lib/presentation/widgets/asset_viewer/asset_details.widget.dart","2469","612CC194E50AE35BBF3EB277BFA4FE7E92E96EB3DDC043B1F59A61AC212F8B91"
"mobile/lib/presentation/widgets/asset_viewer/asset_details/appears_in_details.widget.dart","2942","68F851F41F43E8A8283C351ED81C1F9ABC51B7F47A59FB9CF49CC8C847178C90"
"mobile/lib/presentation/widgets/asset_viewer/asset_details/date_time_details.widget.dart","5013","45C1BD346B265B3225AD86FAD5EE3EF851EDFE3FCC3CA78D8F567AD85D098459"
"mobile/lib/presentation/widgets/asset_viewer/asset_details/drag_handle.widget.dart","580","D75A556708A7EF511D23B6048948AA04462B8C748A91799EC5793FC98F651167"
"mobile/lib/presentation/widgets/asset_viewer/asset_details/location_details.widget.dart","4418","B06A292E1A8742841816F7D325A68425E056B68E62FBC288759025C73329BC60"
"mobile/lib/presentation/widgets/asset_viewer/asset_details/people_details.widget.dart","6537","18606BCD2DD869F4D7F1BEF5A7C5736E3DF45C132F64FD57F48ADE3752E47995"
"mobile/lib/presentation/widgets/asset_viewer/asset_details/rating_details.widget.dart","2129","E392326185232E988B9E6B8A49435D3CCB525CBBE20FFCCB4382CA81EAFCBF7C"
"mobile/lib/presentation/widgets/asset_viewer/asset_details/technical_details.widget.dart","5706","088F10D7F7A595E9A363C0D0B7170009A00F099F3FFFDE8D9718B23C9BA3BDFC"
"mobile/lib/presentation/widgets/asset_viewer/asset_page.widget.dart","16966","B832003150555002C05EF63CB76104FFAAA9BB61E4D3F4F6716CE3B047F7509E"
"mobile/lib/presentation/widgets/asset_viewer/asset_preloader.dart","1603","50FC246F8435647A4B7DD37C43BB1BEC1DC90A995CF306EC736931FE5156C136"
"mobile/lib/presentation/widgets/asset_viewer/asset_stack.provider.dart","695","4743DAEA04945C89DA07444CAE6702F44241F8C1B541058D592C00B45ECF40E0"
"mobile/lib/presentation/widgets/asset_viewer/asset_stack.widget.dart","3800","FB879BF5DD9021814C392F913AD05000CF7475F5CBC5FC150E08AF13BDE6361E"
"mobile/lib/presentation/widgets/asset_viewer/asset_viewer.page.dart","11425","622F3563EDD8FE1C02615C71D30EF51390E2B509610EEF0D5BEAA444F6A2809C"
"mobile/lib/presentation/widgets/asset_viewer/bottom_bar.widget.dart","5459","594914CD16B5854C984BDCD97887BC9D35961865B10B726AD15AAAC183221954"
"mobile/lib/presentation/widgets/asset_viewer/motion_photo_button.widget.dart","2788","D2A2B6C6F3DC34419971C2BAC667838DCF64239AB7AD561A100A948AF9E96CA0"
"mobile/lib/presentation/widgets/asset_viewer/rating_bar.widget.dart","4203","DE2C60E47DB7580A6CD9BA51325B814E6E19DB0CB132470E5DEAD5FBA788254C"
"mobile/lib/presentation/widgets/asset_viewer/sheet_tile.widget.dart","2338","CBAB4B40F10A196CF9852AF9A80643F40CE746E5969DCFAD2E8FA51655AF99DF"
"mobile/lib/presentation/widgets/asset_viewer/video_viewer.widget.dart","8115","C4B6D499EF246BD4D845D8C667BECFE0153A525DDB3BC2469CE96A13A875FBC1"
"mobile/lib/presentation/widgets/asset_viewer/viewer_bottom_app_bar.widget.dart","811","2CFDCB95106701DDDD48304EA4D37A3DA2BB7885A8F7AEAB188152613FAE9E9C"
"mobile/lib/presentation/widgets/asset_viewer/viewer_kebab_menu.widget.dart","3712","348B63DEEBE0C5C885819F4E46340905BCEBB068BA996800A7CB3E2E287F0828"
"mobile/lib/presentation/widgets/asset_viewer/viewer_top_app_bar.widget.dart","7079","43232B268A43C14B128093EB76C0C6DF5372992BB9CE59A943E22224F8770E97"
"mobile/lib/presentation/widgets/backup/backup_toggle_button.widget.dart","6836","E217FD29F3EA4FEA4A805DC98987EFC5266BE354C63A16EE1AB7C2E4F060A30F"
"mobile/lib/presentation/widgets/bottom_sheet/archive_bottom_sheet.widget.dart","3354","2E5DF0A31220313F405194F0A06301D9EF430E36EAAA59A78DF4B3733BEE307C"
"mobile/lib/presentation/widgets/bottom_sheet/base_bottom_sheet.widget.dart","4228","5034BD4D6E646DB94D0AA20D905F00B477764513F0664D8629B4028BEAEA2D70"
"mobile/lib/presentation/widgets/bottom_sheet/favorite_bottom_sheet.widget.dart","4985","7422D2E32007DC9B59FD1741A1B7DAEEE35720E1044A2A3375A75A4263938F20"
"mobile/lib/presentation/widgets/bottom_sheet/general_bottom_sheet.widget.dart","6652","A27BFB0426F66C683E31D39FE79004BF81848A9E3E6928042BE035B310156445"
"mobile/lib/presentation/widgets/bottom_sheet/local_album_bottom_sheet.widget.dart","2865","44AF5DDB0F43A0F5970D022CB8714F205D6A4B6149F9B5FF925372289CDC37DF"
"mobile/lib/presentation/widgets/bottom_sheet/locked_folder_bottom_sheet.widget.dart","1268","0DA10CEA4E9B809151ED25D7D5E98CE597409CA86B1F470F485E9ED50B26A339"
"mobile/lib/presentation/widgets/bottom_sheet/map_bottom_sheet.widget.dart","2274","D42E22BBAFC9F7E03682FA6F96881FFCD136ABD92F4BA8EFE0A84FFEE9F47901"
"mobile/lib/presentation/widgets/bottom_sheet/partner_detail_bottom_sheet.widget.dart","900","FEF35130B4B2D54AF2E9CB3C06A3D5FA00CDABBF6219B0B2618F8F59C05C19D5"
"mobile/lib/presentation/widgets/bottom_sheet/remote_album_bottom_sheet.widget.dart","6036","E89B72B5B87B8D6EE680B52B878D5C5E678B0A040A954B6A7B4A433484F1436D"
"mobile/lib/presentation/widgets/bottom_sheet/trash_bottom_sheet.widget.dart","1135","F3B27653C3982FFC1D8DF0D4C3A9010241127861CF5FBAC3C01E52C651D3FE67"
"mobile/lib/presentation/widgets/images/animated_image_stream_completer.dart","2297","68CF84D3F35A9B26D38933E077F64CF4678DF2FCFF19063CD75010ADE2E69E5E"
"mobile/lib/presentation/widgets/images/cache_aware_listener_tracker.mixin.dart","3352","AA361670E8AED33983D9BCFC50288176737474DF7D8CA012204C0EE2975BC825"
"mobile/lib/presentation/widgets/images/full_image.widget.dart","1206","671049071463B7E4A435306D9F0DD6241A0E9D3B97072B299473BCEF331C6F9B"
"mobile/lib/presentation/widgets/images/image_provider.dart","5848","346B2D8C0F0D5F2DA1796C4DA4BCB030C67B86A301A1789D4D9B057B7F7B234A"
"mobile/lib/presentation/widgets/images/local_album_thumbnail.widget.dart","1494","1716798F8F8DBBFC42FE6D77C4BA09B5406361A7BED230F1016237A56BCF77D9"
"mobile/lib/presentation/widgets/images/local_image_provider.dart","5969","9AD8D65F1AFFB67BADFDEBA8617160753F244F99C9DFCD4BB6D493C535CD1000"
"mobile/lib/presentation/widgets/images/one_frame_multi_image_stream_completer.dart","1711","C3899D0D9F65B7394C1D1AE54B11A78DDC246386643E0775A6D32D71FB5DADB1"
"mobile/lib/presentation/widgets/images/remote_image_provider.dart","6332","7CB855587FACC66D561132755ECDB9643D6E83FFEF138EAEC62778AA8A03BB2F"
"mobile/lib/presentation/widgets/images/thumb_hash_provider.dart","1395","580D8DEED0255712313EF47623E0F0C4EA44F1E7F7172890DD60E0EB33DEB3AD"
"mobile/lib/presentation/widgets/images/thumbnail.widget.dart","10630","4A5C1A3C0B1EB882658EFAC8F9D8EFEA30FB94B76406023920A34864E2324595"
"mobile/lib/presentation/widgets/images/thumbnail_tile.widget.dart","14111","477BC1D610EA53437427D38CCEF4C6089A32143F38852F2F9240861A8A87A22D"
"mobile/lib/presentation/widgets/map/map.state.dart","4895","36A3E1F182C90F55913A7E116E771521ADD42FEB39AE4C110FFBFEBF65B78D7F"
"mobile/lib/presentation/widgets/map/map.widget.dart","9230","6ADA9BA169EAFA27AB3D4DBC56531D9BA1A2A355717DF847E52E70106A56BED3"
"mobile/lib/presentation/widgets/map/map_settings_sheet.dart","2620","949A244857C4B0FC81512971512115B683539A91B47FC38B3A86C2C6DD5E5026"
"mobile/lib/presentation/widgets/map/map_utils.dart","4297","D8BA415866CB9BF7EDEE715CBF7553CD2432FB455CBE1EAA1801761930A416E3"
"mobile/lib/presentation/widgets/memory/memory_bottom_info.widget.dart","2031","84B4F192ED0F92DDB216683C2F70E42893AA66A1B86C7E65956FE7783E3B827A"
"mobile/lib/presentation/widgets/memory/memory_card.widget.dart","4290","57F4A9305AA50AA9A9A5BA038F429C5B9D92820D1C905C1DA24E219CC2BC8635"
"mobile/lib/presentation/widgets/memory/memory_lane.widget.dart","3021","42C1996BEFD96D45C11EB26FEDA9D601CB4000656A1B950E3EF9E3FC39DF45C4"
"mobile/lib/presentation/widgets/people/partner_user_avatar.widget.dart","1106","86BB4AEC440D2A24A9103B03C38856E46B264A417AD1E57007BC6FB0A6C8E8A4"
"mobile/lib/presentation/widgets/people/person_edit_birthday_modal.widget.dart","4144","8A929F77C14E6B467A9395B75B796E25CAD5230B5AA4D196347DBAAB2DBA01B0"
"mobile/lib/presentation/widgets/people/person_edit_name_modal.widget.dart","2747","713E7D3025C040FCEA76462188D433B19ABDA7469EE7113D1E0BE7D5C148A185"
"mobile/lib/presentation/widgets/people/person_option_sheet.widget.dart","1252","9C4C5779C9726B6FEDA02252AD57A30362404DE1FF0AC97C6E49257E4E8F4BFF"
"mobile/lib/presentation/widgets/remote_album/drift_album_option.widget.dart","4555","164F235D925F6698BD8E861DF68B659BD2A3A87F3D0DEF33066A295644F68E94"
"mobile/lib/presentation/widgets/search/quick_date_picker.dart","7614","5CFD5F54AF20927D915E7E2437AF21906CF7C7C03FB757DBE096B838C6CF7F42"
"mobile/lib/presentation/widgets/timeline/constants.dart","556","E6DB232844C5EA69FE97C138837D7BEA9161D4BD4BA2F6CEC2CC6423DEC3D550"
"mobile/lib/presentation/widgets/timeline/fixed/row.dart","5377","D5C2E47CAFFC229D32D6068CF47370F0FEEFA525DFDAE8D904D6C6A5A01915C7"
"mobile/lib/presentation/widgets/timeline/fixed/segment.model.dart","9843","CA2E4C62B05040A2F4EA4D1E9219CE4BF10247A52E0A4FF2CBEB23EF4765C77E"
"mobile/lib/presentation/widgets/timeline/fixed/segment_builder.dart","2298","C502EE37EE7E715123A4BF22F84A6952C56230BF536DEEEA7F9A858EB76B5B58"
"mobile/lib/presentation/widgets/timeline/header.widget.dart","4324","1D0A733D75C2B26BE713460A622B983F4E76012318E933B991645D70A3AC914B"
"mobile/lib/presentation/widgets/timeline/scrubber.widget.dart","20379","A0682906A95EEFA74F6B5A6024681860C6BBC86E264695D3B462C1956D559A0D"
"mobile/lib/presentation/widgets/timeline/segment.model.dart","3235","DA5BC49BC2527A26E2AA38DD8D7CDFFD9B1435C378A9355E6FC4090B85285A17"
"mobile/lib/presentation/widgets/timeline/segment_builder.dart","1271","E82D3BA7D2739441C202A10B8ED65B65D66F150B759F0D8EF09A04DB608FA034"
"mobile/lib/presentation/widgets/timeline/timeline.state.dart","3764","892CA2BD54A08A32551F4D5BD1CE2E5F83EFD23B555F85E461F080967F2D842D"
"mobile/lib/presentation/widgets/timeline/timeline.widget.dart","29355","6F6EA44BDB84C5B2C6AE460A69D5C07AF609D787BD904F8E1106254B2718FD56"
"mobile/lib/presentation/widgets/timeline/timeline_drag_region.dart","6183","9C9A103A8B8DF6903D0AD7969B16BC3E79346C5FBE8DF3456DF104B664AF2C54"
"mobile/lib/providers/activity.provider.dart","2697","7BDAE86694F71C430920E7804C4D1AC1A3C002F2822C2BF06387B8908E13F458"
"mobile/lib/providers/activity_service.provider.dart","584","F2D2094DA6816A040D988D72F09B7857DF85FABE48E8952132C45FB132A80180"
"mobile/lib/providers/album/album_sort_by_options.provider.dart","754","797BA9F1E0E77A5187E83CB40B1E71A7158AAB4497B6501632FADC25CED4EE1D"
"mobile/lib/providers/album/album_title.provider.dart","358","997D59D14536AF304B576588B0C283968DAAAE15E4534683A82FB55848658FD5"
"mobile/lib/providers/album/current_album.provider.g.dart","992","1329C4F6FA20EBF5A925A0E1E056DB95860D469BA68FB3C39E458575F2A69559"
"mobile/lib/providers/album/pending_album_uploads.provider.dart","2385","C66B155A40B306AFDE3983D6D2612A85EC94BC8FAABDBFC0938E84FB0F8EE583"
"mobile/lib/providers/api.provider.dart","170","F40D3CADE52EF488F00C3AFB2031F48A9947259F11421171EF4CD838CA45C88E"
"mobile/lib/providers/app_life_cycle.provider.dart","7179","14B5ED36645CAACDA4A2B7F49F32CA929FEE4911A898E233FFF43F2F5D538F72"
"mobile/lib/providers/app_settings.provider.dart","201","79B710D283DD74EAED40634D6ECDD341B1C026128D9AD3D9ABEFADF43D94B596"
"mobile/lib/providers/asset_viewer/asset_viewer.provider.dart","4402","1A65B1C9F009BE2531158EC2B55319253D40852587E993AFF86D628AAA8A4B3B"
"mobile/lib/providers/asset_viewer/download.provider.dart","4361","B030F0CD1B923CFF66B960A0255185C219B75C306813FC0CD7CABE68EA38ADF7"
"mobile/lib/providers/asset_viewer/is_motion_video_playing.provider.dart","497","8A620C09664286B24E9E07FD57AE2DAB3123C8F0128367B7F37976A776FE6D6E"
"mobile/lib/providers/asset_viewer/scroll_notifier.provider.dart","191","B1D82D7DB12B1E74BAD6C32D571F21C8FF7491479AE66CBB1D9074292C99DAD4"
"mobile/lib/providers/asset_viewer/scroll_to_date_notifier.provider.dart","381","A8FC2961324FC7EC7E17D623C8B46ABCFF001203BCFA80E1A89DC969CD0D7E27"
"mobile/lib/providers/asset_viewer/share_intent_upload.provider.dart","3400","E196C539A07C611316F02B422E772FF781417693F4CBFC0655C7666A43BA3FF4"
"mobile/lib/providers/asset_viewer/show_controls.provider.dart","394","3AA2D4A07BAE159E420D0BE4267A73199D8EE2C36DFEFB7F67268C8D8A86BFA2"
"mobile/lib/providers/asset_viewer/video_player_provider.dart","6378","BAFA0032CB5DB7C8038F4802960E3BEA97BAE41255B58D7B9F5A1BE619995245"
"mobile/lib/providers/auth.provider.dart","7088","DEB0E67AEFEB9915CEEE66E4CBB7696DE319138E062BEDF75074B3B1BFDE1A40"
"mobile/lib/providers/background_sync.provider.dart","1647","0BF534D40B62A425199EF87E60521C6D9C6041CCE3174135D9D0D3D628458820"
"mobile/lib/providers/backup/asset_upload_progress.provider.dart","928","F4DE2C58FCD6DFFB95409F50ADD214837397E3392A947EC437183A315DC6D520"
"mobile/lib/providers/backup/backup.provider.dart","798","0E8AC853C704D4B526F7BF054AC49695AE772BE7602240EA9F56758F0C2950A0"
"mobile/lib/providers/backup/backup_album.provider.dart","2036","EC16D66FA5CE011FE014E869818BBECBB6C725AF9282527BB51B0C1EBB96353D"
"mobile/lib/providers/backup/drift_backup.provider.dart","12935","EEE4E1D7017AE896052E8A626FF53FA1A99472FA06D640037A75030514056573"
"mobile/lib/providers/cast.provider.dart","2612","0B2A6C899A7DCB573A24C4FFE4E8316F685DF831460850F13A3341689CA08656"
"mobile/lib/providers/cleanup.provider.dart","6423","BB73929DFDAEE365D589A5B04805A5D2B701DA392C07D9C762C32F4AF0ECD6D4"
"mobile/lib/providers/folder.provider.dart","1967","89198C21749D58CC60A04E0557DC16C2DE0A3E5A6B6175085A4F9D88A1A06FB6"
"mobile/lib/providers/gallery_permission.provider.dart","3913","606619BA5376041BDBDC163798D965125CDEFDBD7A142E0164A1B9B8CDB633B1"
"mobile/lib/providers/haptic_feedback.provider.dart","1296","792D61AF9448CBA805C486076B25A691E83DCF2C873A06F412A28C67E4A94601"
"mobile/lib/providers/immich_logo_provider.dart","339","7BE3B03B68A4053E73B0D7FC172E6CED540130B39B6628E479D986CB08CB5DED"
"mobile/lib/providers/infrastructure/action.provider.dart","25711","A37DE66B475ABCD054D79E831F8985D2F41B301562F70A5B8C2B573327DBC2F6"
"mobile/lib/providers/infrastructure/album.provider.dart","2371","684EB4D61A3CD8137A0ADB5AEA2ADAC4B81321BC9271BEB905D8004EF40A7BD5"
"mobile/lib/providers/infrastructure/asset.provider.dart","1436","AD0F48111B7F29C8D3FAF60C8A56FEFE1464B0916FEA8B5B68B4FD57B0114CD0"
"mobile/lib/providers/infrastructure/asset_viewer/asset.provider.dart","425","AC33DD4D4C727E65C1565C3DA78F61EE560BC6B59305FF2BCFA4B42D7F964CD0"
"mobile/lib/providers/infrastructure/cancel.provider.dart","610","3CCADDAAC3815E0BCF5A1DB97226DE10BD53AA846201BE80DB5871D45DD40C42"
"mobile/lib/providers/infrastructure/current_album.provider.dart","937","3B6D2FB5EEA81DE54C018AD1EDA80E542B8256D054C2C6F538F3A9B43364A96D"
"mobile/lib/providers/infrastructure/db.provider.dart","466","5A84CEA8FB05ED2C26704DA5A88049F5FD3C79DDA51D1ECDC2C95EDB1AF38FAA"
"mobile/lib/providers/infrastructure/map.provider.dart","1344","C6665D470D18F944DF10D948B4B76CCBCB6CD250875208EAF25813832ACBAB36"
"mobile/lib/providers/infrastructure/memory.provider.dart","1050","FB25FDC464DAB306C0F0B5D72C41BE674D74A65A4CEE3CFFFE12E2D6BE21CEBF"
"mobile/lib/providers/infrastructure/partner.provider.dart","2749","062738BBE45F8BE000224C0A2FCA514AEB710CECB892FFC9C56F495AFDFF51F2"
"mobile/lib/providers/infrastructure/people.provider.dart","1117","A7DC3EC0BBFC176D1E5CBBD87A85CEFA1C98E3F9191017336B7BCB7DD5C5DD0D"
"mobile/lib/providers/infrastructure/platform.provider.dart","1288","893C7292978DECEC57C82A5A7287682539ED28B202D9293BC0844F649C733A3E"
"mobile/lib/providers/infrastructure/readonly_mode.provider.dart","1192","DE1D51C365D128708A630E35D4929F35FDA55AF5AB4035D8791AA1884679189E"
"mobile/lib/providers/infrastructure/remote_album.provider.dart","10982","E9B18A5B231A7E4753A7F46F35EA73B586EEA820A810C140AD8AD2E1E2442B77"
"mobile/lib/providers/infrastructure/search.provider.dart","491","A824E270F9D96C69D4B3DFE6D0F8A97BE0E77170A0E9146A749E31E85176D16B"
"mobile/lib/providers/infrastructure/setting.provider.dart","780","D322EF3F91142510A92C7B43C44C425115AA06F33E52A1968D7FF056E220D50E"
"mobile/lib/providers/infrastructure/settings.provider.dart","569","52A45656CE6F2D62703E6F89DC963DDC50F7628479C2789B4A62F92361902AF3"
"mobile/lib/providers/infrastructure/stack.provider.dart","326","776A5946192484D2F56CE2415BA01095A5FD208E38082F1DEA1E455B7989ABDF"
"mobile/lib/providers/infrastructure/storage.provider.dart","231","1F93DAEAED576C99FD6BB8508EF1165193694AD3E5BB77B1AF5E6A5A0F05121E"
"mobile/lib/providers/infrastructure/store.provider.dart","183","E81036706B3281E016A2A16B2162819D3CD2AD731E2C696B4A4C5EE99D40D794"
"mobile/lib/providers/infrastructure/sync.provider.dart","2855","BEC1D244D678EF36D446745DBC661B9462868FEEBEC1D770A26DD9D7668F67AC"
"mobile/lib/providers/infrastructure/tag.provider.dart","820","856FA15A0ADE5D03155BD409168CEBB9BA491F0C8C73799B634B3D75D56027C0"
"mobile/lib/providers/infrastructure/timeline.provider.dart","1741","638E451564609FF0BCEAC44460365AB62519AEB30EA1C9FE02233E80962599BF"
"mobile/lib/providers/infrastructure/trash_sync.provider.dart","538","34BA64128D50450B41D10034115350CFBB93131666470B14A335986CBBF0CADE"
"mobile/lib/providers/infrastructure/user.provider.dart","1522","FB73F9FC4770DB98DD1EA95BFE3943817B7368FF6C436246A8D7D014ED4B8826"
"mobile/lib/providers/infrastructure/user_metadata.provider.dart","1048","82BE51CC33581A9BA78B8C4E571FB8E1203C49FB65B86FE93BD72CE66156B5EC"
"mobile/lib/providers/local_auth.provider.dart","3027","D3BEF0E05E34E997BD0F7AFA0A97FBA6B1DE74DAF967B89C615043C84B9F28F7"
"mobile/lib/providers/locale_provider.dart","169","3ECCB6E29AA68E6F7BFA8B034D47CDBE08D316B110749BC9DAA99A7B0F08B0AD"
"mobile/lib/providers/map/map_marker.provider.dart","1014","D588B11F6B2724A3552333025BA0787814E559EB3FC12F422F91E5105B4B8325"
"mobile/lib/providers/map/map_service.provider.dart","285","13341B1B249FA2B9D20919E9E054030043FEDCD333BB18E8F2B05091264F8FBD"
"mobile/lib/providers/map/map_state.provider.dart","2233","35BB17CC22777D526419D90D1AB89460BD469878A13BEE27FF06021D0432FA52"
"mobile/lib/providers/multiselect.provider.dart","124","F47D1A9196BF390A558A963A7708315E6070D585BA84A057B0EA835491DD3A52"
"mobile/lib/providers/network.provider.dart","1031","B3E8130FA445022610F7B87F7F4744D4177FCBB5D6E085D51DCA6512270CAE3C"
"mobile/lib/providers/notification_permission.provider.dart","1424","43E4CD45464301D5F5810A45D533D9154A9AADB5C48791F19DFDDD6232779A37"
"mobile/lib/providers/oauth.provider.dart","267","31444E180F2A9314A76992DE979DA1DD5B0F502407C7A3A247E29F6C782A39B1"
"mobile/lib/providers/routes.provider.dart","384","2F17CD1362848D3BA5383ACDC806947C94801C35E8D1079DECDD870F5B7BB454"
"mobile/lib/providers/search/people.provider.dart","855","5AF64FF2DFFA9D2113A1F09BDC28253EB0EAD73499A7187BDFD0BDDD110CE98F"
"mobile/lib/providers/search/search_filter.provider.dart","1348","13147688BED1CDB1A50A9AF5891BCD11DA6D89834D00EE1325EF42CFD2CC2FAF"
"mobile/lib/providers/search/search_input_focus.provider.dart","169","DDB0B68C6048F4819BC4047205A4E9E5C1536DD6FDD5EC16ADD6EBBD71A6CCCE"
"mobile/lib/providers/search/search_page_state.provider.dart","1165","ED888F13EA6676E5CE35D9E3B3E3302A20603A93011B39EA8DFCF270B65BED20"
"mobile/lib/providers/secure_storage.provider.dart","283","6B3283A596397233465E49E1C7AA01CDEF55C032D9826BAFFB8DEAB206402A21"
"mobile/lib/providers/server_info.provider.dart","4452","C269FB118C54DA9D8A2B6D88B1C37664985D3186DB4B3C56CF9AA9003A7FF98E"
"mobile/lib/providers/shared_link.provider.dart","896","CB87401B982FF9D6386FC3917AD49DC8B3D9E97B978D989C4459F19DC1578FAB"
"mobile/lib/providers/sync_status.provider.dart","4422","0F88D627C414399BCD834C3816CE12FCE94BD6ED24FE88BE9BC58582D8727F39"
"mobile/lib/providers/tab.provider.dart","207","616BA3C79EF1273F10F5C374D91AA5E31188A863A724AC02507CB29E475C0D0B"
"mobile/lib/providers/theme.provider.dart","790","7018DD2A0596368680F0E49A017D8ED1618C08AC09AD5B152FF214F74DBE2860"
"mobile/lib/providers/timeline/multiselect.provider.dart","5481","E37E5C2B6EA5D8E882A9A707CA06774FF2E677854B5C476A66D6664931DEB748"
"mobile/lib/providers/upload_profile_image.provider.dart","2868","660BA4EC2F91F8A5726203BDA52DFC3C941D710864053A7B8550CBED1325F18C"
"mobile/lib/providers/user.provider.dart","949","405709511D048CA14C1108F51D67B3B278D9680C47D3CF82525349222ADFE321"
"mobile/lib/providers/websocket.provider.dart","7840","56EBFFE62A911E6DB4E92B77A2DF67C44EA635174403563989CB3039632A3D52"
"mobile/lib/repositories/activity_api.repository.dart","1854","F50E68B604FB8057157A47FD6146FC870BA15443E974679B0039DE5F6831DD1C"
"mobile/lib/repositories/api.repository.dart","274","7A907050740EC4F2DB87503ED109DFB6E2F98BFD6A20495CDBA8F6E66FE583CD"
"mobile/lib/repositories/asset_api.repository.dart","4498","514607A58BF9C31C3AD46EA32D0B76AB8895DCAC9D6227AA3C9B13B1B5BD4253"
"mobile/lib/repositories/asset_media.repository.dart","7679","C4D1C653A31D9B86ABCD95F7EC828D6232AC05FCB0067F04089F35448F9137E3"
"mobile/lib/repositories/auth.repository.dart","1405","F7B30EE62A1D098276E995514A546ACE6F672AA994F20C3E68AFF3234EB9E662"
"mobile/lib/repositories/auth_api.repository.dart","1972","AEC44DD79FA7574479C5158D1EE9F3820BA37A992F265A95BCB573D2D375DA2A"
"mobile/lib/repositories/biometric.repository.dart","1016","C40A12BCF4058B815F7754D1099B7F17B6CDBE708247FFC9FEF4AE67C3A9BD22"
"mobile/lib/repositories/download.repository.dart","4591","25A6AC313A809586E1FECC6FB50E8C56F3FF8764E2E83CEC19C6172274092872"
"mobile/lib/repositories/drift_album_api_repository.dart","3938","AD2CF75A3CE966EA06D8B4B03A2803F5EC0577A59A5E728361946F661D6670A9"
"mobile/lib/repositories/file_media.repository.dart","1612","11C4336E71427EC4F370A7427083DF780DCB31E5F9F539D828F9BE0B6E764232"
"mobile/lib/repositories/folder_api.repository.dart","1288","313FF7C9D85623EF27DE3636BCE1546D879BAB2FCAE2CE06946DBCD6710B42D5"
"mobile/lib/repositories/gcast.repository.dart","1897","9D42E89AB6F89137373EC6968D1FA131F88A97AC1D3BA113E04193222B4E2017"
"mobile/lib/repositories/network.repository.dart","919","1AB3D4F1D5D0D891D592E6E4442414D5CB2E370DEBE5C9FB6C584C071EF72D5D"
"mobile/lib/repositories/partner_api.repository.dart","1398","62F2D2F9F458A585A8073FD48E50363305D612D54A9168EAB8C6454CF8219032"
"mobile/lib/repositories/permission.repository.dart","1939","57621E5CB74FBB01BCCCE0EC7D7BA19DF20449C23A53E194E8165F0486139495"
"mobile/lib/repositories/person_api.repository.dart","1223","4DF62884C9538CC5E40CBA714D756596DD15065022DDDC59BC55998AD59B5FDD"
"mobile/lib/repositories/secure_storage.repository.dart","652","404E0DF743AF06ACC23E9227D50C5AEC2AAFBF14BA0D451D4E6698C825ADD32C"
"mobile/lib/repositories/sessions_api.repository.dart","1067","3478188D737FE6BB84E7AF90B40424243C12365CDC88C01AE21BAD0CA1439E1D"
"mobile/lib/repositories/share_handler.repository.dart","1584","D90B9FD47D76A5565E748EA5EF98CD75391578D642413CE715D528AF458BBF4F"
"mobile/lib/repositories/upload.repository.dart","7015","E86AD5975764590D2EEDEE604258681EFD22BE33DCA2A60877B63C117210BD99"
"mobile/lib/repositories/widget.repository.dart","707","199551BB67B44F8C6ED1939160C20A143D3A9AB2BD858D8516BA48594D031B34"
"mobile/lib/routing/app_navigation_observer.dart","1783","19FA12E19E56EA7BAD318C1A3F96B4868CF3BD57184EDBC7EE0693938D94BD6A"
"mobile/lib/routing/auth_guard.dart","2762","E89ECFCBC87D41B5396AF325773A8CC352D9A4AD87F2AC987AC897825BE41D27"
"mobile/lib/routing/custom_transition_builders.dart","867","A4B65616493ABA168580EE081D0C734934799224DEB1C7B44DD943F942B7C00C"
"mobile/lib/routing/duplicate_guard.dart","582","6323E0EDA3D08344951693AC8DD1739E454B4A402E73703088708510AE6429FB"
"mobile/lib/routing/locked_guard.dart","2642","934D83BAC33ABCD2EF350BC30D0AC2E31BBC1E839F31D271DFA3D040FF5BE094"
"mobile/lib/routing/router.dart","12234","DC518F7124AA164D8A4146E0F70F883A0F5755CAD34B0BFE68F259055A8A8580"
"mobile/lib/routing/router.gr.dart","47349","82896E1B7EAADB60E4ABD2AE96C0337B8B21D6FA44319421C87BB41AED4CBCF1"
"mobile/lib/services/action.service.dart","11545","CA78D77FF43B61B20016CE67BB1D72497F3BDFB4E87B54C6A8A8B801D4DAF452"
"mobile/lib/services/activity.service.dart","2438","C4DE3D43BE302BAD69B2BF718EC92B3BA94251EE6FB65817AC3CBA11D7A69309"
"mobile/lib/services/api.service.dart","6660","B02AC162DF586B830DB800EAC16C90212FA53E4EDF3F78B916BC0B749B8EA264"
"mobile/lib/services/app_settings.service.dart","921","F859606B6980F14A22343FC328401CA3863A662023E135B2291AB355C9DECB55"
"mobile/lib/services/auth.service.dart","6852","BAD713310AEF03DFA97A7C85FACD08D7361ABAD38947A71B45BD8180CD5341D5"
"mobile/lib/services/background_upload.service.dart","14917","D22B6642E1A3AAF62043216CAC6427FF25631D41483511767C36207463958422"
"mobile/lib/services/cleanup.service.dart","2450","DDA56F0962AE79AEBDE8437072BD937D21814450E4A16D438EC2204795724BFB"
"mobile/lib/services/deep_link.service.dart","5285","E73CDFA65431043FEC44EAF65057A4814CAB0AF33DDD9566A934BC83EB194E52"
"mobile/lib/services/download.service.dart","4956","C380E20168C007E7BE0A1B15E036BCEE70AA29D5266E664161564B3EC42519F0"
"mobile/lib/services/folder.service.dart","3842","23C7B25EFFB4D7A51619033B9D702D853BF2FF702C0B3004F69A567F194FF7FC"
"mobile/lib/services/foreground_upload.service.dart","16655","7158FF1851070B0D9A33DFE0A7A4ED8BFE5B96A6C5BAE20CA9062557B7198AE2"
"mobile/lib/services/gcast.service.dart","7570","1AF1E9CCB8D86FD14CCD73C3060D5AE03DACFC6E74B9A5F84DDB67EA07048ABC"
"mobile/lib/services/immich_logger.service.dart","1870","E69CCE51D274A47E86B1B9ED1A61BF2F15A74F20F1AA56C3559EFF202AE5B6B1"
"mobile/lib/services/local_auth.service.dart","644","6291FE0676D44FE2B056DE135C7DB05B3F4150E1A736F636E5387C48C8E69365"
"mobile/lib/services/localization.service.dart","1091","AA26A25F23E9300796AE58FC442928D22797AAE5AC89BC82F146CE23BC149DE9"
"mobile/lib/services/map.service.dart","1335","66153E19857589811815FECDA70B99C5425C9D67BCF2407053E120A1835EDD10"
"mobile/lib/services/network.service.dart","1315","17E1DBD6B3985DEC37958E3A2717B483EEA8B8BADDCEF116DCD808DF472C0081"
"mobile/lib/services/oauth.service.dart","1592","A2263FA9C106CFE697607929A227D704FA564C99A642B4AFF607B200CD93B75B"
"mobile/lib/services/person.service.dart","1033","B1EEACA38C06D65B5E696E3321BF26FE9548674E3D209A8F5A12585DB7115D53"
"mobile/lib/services/search.service.dart","1803","EB4E9EB98F2A914970FBC1BB432DC607EF56D00DDA603F8C929F7AF696B7A6FD"
"mobile/lib/services/secure_storage.service.dart","713","A333D8DE4B932EB90923CEA13F049229197114B431A5195F507EF351823CCAA8"
"mobile/lib/services/server_info.service.dart","2005","3277A48E684B3D294724DB0230390D6B76BD191370D9CDE3C0721F5BB607E7B3"
"mobile/lib/services/share_intent_service.dart","651","319B259242175D429F5A2CBAD2D2A1064E5F276D35A7E132F5842D63F988F5ED"
"mobile/lib/services/shared_link.service.dart","3549","81E2A2FF85F32130AFD9D0F265A6EDB9A9B0D29080698884755522C11B404FDD"
"mobile/lib/services/widget.service.dart","1489","25F17C4246A9E58CE1D4877ED7B9D309A311AC29F209A4892D3610E44159E6D9"
"mobile/lib/theme/color_scheme.dart","2884","3E7A42D039E3963B48D20A796D4B5B273FCC22980EB4C00362D56368C51AC538"
"mobile/lib/theme/dynamic_theme.dart","1414","F22EBE53BF85DD092441210583E553ABDF257E9040D682E4A145AEF3FA2CE8A6"
"mobile/lib/theme/theme_data.dart","6541","2A141145D957564B7CF904CC335688F4602598E79A0C8ECCEC71E49027A2EE97"
"mobile/lib/utils/action_button.utils.dart","14907","102073AE031A857D4C666E2D8B6954916F87F31C041A95E33C3247E84CC2EFE2"
"mobile/lib/utils/album_filter.utils.dart","769","94B7EBC9BA048215AEBF63A849146E5B8B795F7C5B48CF8C46F369C62DF74631"
"mobile/lib/utils/async_mutex.dart","628","4504F465DE08626077DB2C8E2681ED461FA11CCCF8F3BAF671F8CFB869663E4E"
"mobile/lib/utils/bootstrap.dart","2998","350CF41C7CD5C604B883A9945BF4FA1DE7F1B746AF07EBD29019D69C7A6BA25B"
"mobile/lib/utils/bytes_units.dart","698","5EAB07F7185A0DE583575735ADFA2DBD739966A601FF2E5CDC552F6DF3D94D0E"
"mobile/lib/utils/cache/custom_image_cache.dart","2427","7ADBFD89FEFC51CD2A5CFA486DCBC8E0B67FF41924BE3A7E53005EA7B6F381FF"
"mobile/lib/utils/cache/widgets_binding.dart","242","8F73BCAD2CA294FAAA22F3D004729A38EDAC4E9065FA4611E39B1527B24AEB27"
"mobile/lib/utils/datetime_helpers.dart","574","00275C49378E3A345F0E57E5D0F73ED9183A6F600FC61E8D0519DC8AF3480D16"
"mobile/lib/utils/debounce.dart","2722","CE8E3E7089E0AD1F513A5A4E20F545D2F94DEBB88477910491B95C023B4A8CA5"
"mobile/lib/utils/debug_print.dart","165","F0D719C710BC21ED405A448D9EB6F5E38DC5516DEB6505EF64B010461E5324C0"
"mobile/lib/utils/diff.dart","2445","6CF3231C3B89E7966992F4337C4FBFD06D76473E8A5A9D882095B884C2C96289"
"mobile/lib/utils/draggable_scroll_controller.dart","1076","31706844F62A0EB928A0FE37BC623C7E296B63C4D016C0737F36317FB250FC68"
"mobile/lib/utils/editor.utils.dart","2213","EE618EF0D476D8795DB6A69A7B99EEC1994FDFD0B592403FFB791F163EE4A718"
"mobile/lib/utils/hash.dart","343","B1DF77E90322BAE13C8C5211C5B36BC5FA4FD8B37147BEEB209B5495252307B0"
"mobile/lib/utils/hooks/app_settings_update_hook.dart","544","B7F181390872ECA668D098607950B8D8A742ACC603C253E2AC92CBF8F1517F4A"
"mobile/lib/utils/hooks/blurhash_hook.dart","482","3558D4B1EADF2BBFB8C07CFAD11B4DE4F82C9490E8EB1AC01764809C5AB50910"
"mobile/lib/utils/hooks/crop_controller_hook.dart","337","C775A18D01E14037E78283B633D29CAC12BFA64C549463D6B48F09D961D01BEB"
"mobile/lib/utils/hooks/timer_hook.dart","940","EEECE58C60E8E1DFF721C3462C6ED11BE5A6B30470F3B007E9A03765FF7F87FF"
"mobile/lib/utils/image_converter.dart","1038","0C9CDC74B8477080400189D014D3DFD3CC7129360CF38B9E04087A824B479B62"
"mobile/lib/utils/image_url_builder.dart","929","32AE8620C7CA5800C12757346AE4BF3BEDAC405E1E6828306D1579D83290125C"
"mobile/lib/utils/isolate.dart","2770","59F44D3AFA85FA32E1A8DFC9C50A99632190AAC14C6BF6C27A7A702DF8C22F79"
"mobile/lib/utils/licenses.dart","2652","EBCF95D2A587C734684712D802B00A6BAD56CC6F7D60FF7E4D10FB901A237559"
"mobile/lib/utils/map_utils.dart","4190","426C8BE43B4BC43C503088CD14E7594EBA9057E8EADA9C8B64A164B6C9B6E27F"
"mobile/lib/utils/matrix.utils.dart","1273","0D3501C7C82D5572496BF90171BB0346E9022F49BF38DB6BAD3C99863126135F"
"mobile/lib/utils/migration.dart","11352","8FD746D0E9EC43593D3B1F0D2F59453426A3A895DC5BBCD6AD27FC12CFBB3647"
"mobile/lib/utils/openapi_patching.dart","2935","464641755113BE3E57EBD08A452FBAA086C68973309D1FF8BB9EF926ED3072BC"
"mobile/lib/utils/option.dart","1253","541A96D034DA121FE64FFF623C12C2AD0AE89A38F1689C060AC35BB6DA9AB7FA"
"mobile/lib/utils/people.utils.dart","1951","CA5C9EFA72EA0CD441C2EB691DA7EA68A1FAB32D7CE1B921422D6CDC021987CD"
"mobile/lib/utils/provider_utils.dart","980","8379F8E8D6469705B868EC821402B6C869150784D128C78FB616DE74989865BD"
"mobile/lib/utils/semver.dart","2123","0CB6B095242C6B2E032C3156EC1170B46D5D311B96E78186A4EE0C0245B6B6C7"
"mobile/lib/utils/timezone.dart","1229","C3395B6880D140DF697B1905EA6B0D0FF4EB97ED1CFF0A836D52127C7BFF305C"
"mobile/lib/utils/upload_speed_calculator.dart","5838","38DCB41F84299DE7E16E52EC6CD427D0EEC48B7E7802B528BF96AD530B4ED368"
"mobile/lib/utils/url_helper.dart","3690","A9ED2CF5BC1E80CC3BE99C91F37CA3096971C41D4C445F18A4BA9BC81262E27C"
"mobile/lib/utils/user_agent.dart","414","34AA8305613AEA7FD9AD8ECC0AE2449E1309FB11DF02C454226760BF2C50055B"
"mobile/lib/utils/version_compatibility.dart","452","5FAE8BF179C70A57ED24220686CB7A25E537C630A4EC4812FC1A26EC1A402AD6"
"mobile/lib/widgets/activities/comment_bubble.dart","5897","86A2136FEB9256D880755AAF1B34E24CC21CDA4A26EDE03D0233DC625486D1D6"
"mobile/lib/widgets/activities/dismissible_activity.dart","1977","E1658D28379C57DF38DC3562F377B48F857D772790AE57D576B2692E1DC53401"
"mobile/lib/widgets/album/album_action_filled_button.dart","1113","A3716196570A4CA26EA0C8F2B1F0153C4B279B792A876E9FD1279599D0DF4342"
"mobile/lib/widgets/album/remote_album_shared_user_icons.dart","1650","DCAAFFE5C157C0F7E7B7E95F625AE7DC83A469E5CA20EB4228A80BD1830BECDA"
"mobile/lib/widgets/asset_grid/delete_dialog.dart","2380","F10F4789EABAF6C0152C7913809B8843AD524BE03F579A24EC101421F8121D30"
"mobile/lib/widgets/asset_grid/permanent_delete_dialog.dart","1663","5258FAAF41C0AFD89E027CB075200E1B81CE0346E71271CA1AA99E2CD21B54F4"
"mobile/lib/widgets/asset_grid/thumbnail_placeholder.dart","866","F969C8213C7B7B60733733CDFA65155190B2A1C8AA254966A20A0EA0218BF6C9"
"mobile/lib/widgets/asset_viewer/animated_play_pause.dart","2014","891033F9FCF52F05700598719E4E63E196B0E653EA127F96C09BAC9E5372CCD1"
"mobile/lib/widgets/asset_viewer/cast_dialog.dart","4800","CA8117CF715BB58BA5BC4284E140F25DA29A6B5926896EB37783DE70439E69A9"
"mobile/lib/widgets/asset_viewer/detail_panel/exif_map.dart","2689","0F7D0DCFD3E5366D1868072695BBE1A6260B8D035E739A817E4B58BCC1572129"
"mobile/lib/widgets/asset_viewer/video_controls.dart","5229","C1CE9ACEC3413915F7784D22518057FF4B44DC76F071D35C397D4FE7336F5F81"
"mobile/lib/widgets/backup/backup_info_card.dart","3813","9D2C9011A60352456040B449818087873016868E3D8054BEF69B7E1073FCC570"
"mobile/lib/widgets/backup/drift_album_info_list_tile.dart","3526","0B7123749AB2A73084B350BDFC7CC9E51990E24258D80BBFF983A807F309D5AC"
"mobile/lib/widgets/common/app_bar_dialog/app_bar_dialog.dart","10803","68720B3BEDCF6CD6FDE586241706A2225871F4814726C2E8A6F21B03DA43759A"
"mobile/lib/widgets/common/app_bar_dialog/app_bar_profile_info.dart","4305","3BDA0E963FD116D2DC1886F67CA7989FC398287C8623274FE8739EE3D4C1F59E"
"mobile/lib/widgets/common/app_bar_dialog/app_bar_server_info.dart","4940","F5E395D011D99AA0B100FD3F5C3DE9B12F5034A929F3A571BC5E5E3F9D77FB99"
"mobile/lib/widgets/common/app_bar_dialog/server_update_notification.dart","3222","B71D805D6B6615CB84E1894054240E7C698F197DCF63FDD12E70D6E4B60B96B8"
"mobile/lib/widgets/common/confirm_dialog.dart","1337","01E39490B5D0A0183E2936F4360203BB36D9256058237E173D2B49F70D8544CA"
"mobile/lib/widgets/common/date_time_picker.dart","7167","3B26E60DF1A4336967745E9C47A5B57464504DC5E6547735F7E7B5826E978850"
"mobile/lib/widgets/common/delayed_loading_indicator.dart","1054","40EFF95EB1011934E39E6F8887ED8F757E48B01128A55F72DD2CA2D1A4D78C57"
"mobile/lib/widgets/common/dropdown_search_menu.dart","5124","79B98F2D2E8BE30D462E9D3C68503F5A1F9A9A2D2B9C50352BA8C052F35A37EF"
"mobile/lib/widgets/common/fade_in_placeholder_image.dart","789","83626202B589AAAC86215376910B7F0953ECE16FF8B65B65E3C7FA874F4BF8D3"
"mobile/lib/widgets/common/feature_check.dart","1274","7B4025EAC2BC0CE900B66B3F64A7256968D1C270FEFEA08104A758C351903EED"
"mobile/lib/widgets/common/immich_loading_indicator.dart","3235","85441DA03C71DF0E4BB4EC383D0BDE7BC4046D4C63BACA785C68B4146F9F2ABD"
"mobile/lib/widgets/common/immich_logo.dart","420","C0E55974A5251229A847B5146D615615814731C587E44F0F109E944B27C27239"
"mobile/lib/widgets/common/immich_sliver_app_bar.dart","12353","943AE07F249A428FEC915CCB18864989AD9902CA45C0F8683495989C3942D09C"
"mobile/lib/widgets/common/immich_title_text.dart","577","8D464DA45A3B2C6066D3D5D8324B3FC40C6E3BFFAF1D8BDB8602AC2DC1341427"
"mobile/lib/widgets/common/immich_toast.dart","2401","D6B22D34D32F6A409BA1AB3280774CDA1FC697C4C92AF8019AFA4718A50688B5"
"mobile/lib/widgets/common/local_album_sliver_app_bar.dart","713","1ECD7014E61E3E980DBBDB7A96CFF3F257C9EA0E843ED442D99957714A315CA1"
"mobile/lib/widgets/common/location_picker.dart","6219","592B6A05BABC95D47A0D12B5791726C3E70658B1E503E95A0E0FC747A6A65C0C"
"mobile/lib/widgets/common/mesmerizing_sliver_app_bar.dart","14985","5E479625DCF41522C336C00238862D62272E398F701C9FDD08BDBE160F786D15"
"mobile/lib/widgets/common/person_sliver_app_bar.dart","19768","D408A79A75E991EDE8A287A09B2120845D7711041A68B64B291320CBD25A8257"
"mobile/lib/widgets/common/remote_album_sliver_app_bar.dart","19279","CD0768D950A502B9EEBC6683076D98B489FCB348D8362455FD3F00B80C1C99A8"
"mobile/lib/widgets/common/scaffold_error_body.dart","1321","2D6D53BDF17B84F32AEE295BF2EDFDD6E15664CE9FF727AF61B9991097C10553"
"mobile/lib/widgets/common/search_field.dart","2411","3C00779F57E348E68AE05BF50AD3C1001DCF6F48491FA199E1CA4FEF5E91556B"
"mobile/lib/widgets/common/selection_sliver_app_bar.dart","2091","5938AD9912E91998CCA2EF241CCA61FB8D1207997F28B5C6ACCD332C6EFFF085"
"mobile/lib/widgets/common/tag_picker.dart","8063","70DAF63DB4417E98E9E9BF994E29405634F6B8433F09318B372608A74F658736"
"mobile/lib/widgets/common/thumbhash_placeholder.dart","974","AED16A7AE3F68AC295AC1FF7D5D0DB75ABAE4BAF4620EBF8998387FC020FB7DB"
"mobile/lib/widgets/common/transparent_image.dart","605","C428B8B599E44BB9319E3351B457E094EDA5960B8E3FF75E60BD9D2D4CEB5A4E"
"mobile/lib/widgets/common/user_avatar.dart","941","C9CE6161BE6DB3D4B4FB278BD17EED46452A52DDFFD237838BE67A8BCD71BEF3"
"mobile/lib/widgets/common/user_circle_avatar.dart","2312","34171344CD2F083AE86E15A940CE11102CCC803E8F7A4E0564455A0034FDABEE"
"mobile/lib/widgets/forms/change_password_form.dart","6218","EDC6B35E70AF1FE9F03490DF26F050B5E451847258ADDE65C09DF28783F0FAD3"
"mobile/lib/widgets/forms/login/login_form.dart","20477","2BF2B71E6E8F900A8C29BABE09E105C83663C2AAD82C06F1F113FD6CDFFF936F"
"mobile/lib/widgets/forms/pin_input.dart","3400","20DFB098E01ACEC1626409D1852997DC1052A842EA39374F4249AAF74C163E65"
"mobile/lib/widgets/forms/pin_registration_form.dart","3302","CC3F6ADE3892A7A9E76EF0D3F7D4B18A6FA0A662AE5F8592A410BF84AA81522C"
"mobile/lib/widgets/forms/pin_verification_form.dart","2573","91312D89C29F05546D61D5102248D2CD7B139F93DAEA35B1919C06EBAA88C220"
"mobile/lib/widgets/map/asset_marker_icon.dart","3761","4CD6EFE8CCF85E86AAAC91AFFBE1565EBBE35100CB7C0F570C1823F6B2305205"
"mobile/lib/widgets/map/map_settings/map_settings_list_tile.dart","671","FC1C8A777B8C968B52A06E0DE2723BF8EEA36A47BACDA62579B068C9EF6D649E"
"mobile/lib/widgets/map/map_settings/map_settings_time_dropdown.dart","2394","671FC9B4F4B713A78B0DCE74DA13FAE9E8D41DEA560DC9217426FAC9054C7317"
"mobile/lib/widgets/map/map_settings/map_theme_picker.dart","3009","DF3783EACB5AAFE6ED06AA6F5E5A3D99EBE4B85E59400FD0DE17B9E49809D7E5"
"mobile/lib/widgets/map/map_theme_override.dart","2926","948B045A56806386A854267CDB61C432D6CD7749D13B7AA047E1EC2D96BE55DF"
"mobile/lib/widgets/map/map_thumbnail.dart","4365","8FD078BB9464C67268CF71E189A04E03E0BCC9F0FE3E99FEB0F4E231D7366E88"
"mobile/lib/widgets/memories/memory_epilogue.dart","3326","8C5C9051A9A1D65AD8CF8488D68F3CA95A1C1225D6FA6B8A7BAB4084EB58C1F5"
"mobile/lib/widgets/memories/memory_progress_indicator.dart","1590","5E3758DA7BEC741A68E7B85B931021AC38871739B23D93818395165A8830F03E"
"mobile/lib/widgets/photo_view/photo_view.dart","24694","860206788FABD23DBBF274998CA0F17210EDB9E15AEC8948A86AAC7C0CCBBBFB"
"mobile/lib/widgets/photo_view/photo_view_gallery.dart","17069","9F8AD8D82661F37AC28A1F2087EEA8C71C28D5E8809EE42C5E8FDAAB43AE1C90"
"mobile/lib/widgets/photo_view/src/controller/photo_view_controller.dart","9581","7F944F59B34DC9BF12C911ECBFB50D19158B1E13837E01D1FF4F94EFD05E37CC"
"mobile/lib/widgets/photo_view/src/controller/photo_view_controller_delegate.dart","7002","A563A0DF54D642DEE9C647CA812BB53E04986C6147EB57635ECAF6327CF221DD"
"mobile/lib/widgets/photo_view/src/controller/photo_view_scalestate_controller.dart","3968","27427C44BC4A1C47290A41EB4A330BA29E091DC6BAA4C2651493377C4CF8A654"
"mobile/lib/widgets/photo_view/src/core/photo_view_core.dart","17631","7BBD40A62240729751C9C52867AC02C24ACB7A4B2CF0BA0FA8C028F4CFDDCECA"
"mobile/lib/widgets/photo_view/src/core/photo_view_gesture_detector.dart","10217","A684F1CAF4750C4F9B7EB3BF2B15715F77ADD321A08E076B0AC7159FF369693F"
"mobile/lib/widgets/photo_view/src/core/photo_view_hit_corners.dart","2112","6188981B991CE71AE815C17BCD05F2A3E7DE787DF0EF9536868CF57E4A025A38"
"mobile/lib/widgets/photo_view/src/photo_view_computed_scale.dart","1010","2A2E2317D9E2B08E3AD524485A6ECE3F308CB6E9CE1D8C0259AED16F80375B85"
"mobile/lib/widgets/photo_view/src/photo_view_default_widgets.dart","950","DCB8B17881F169C64A5019DD0C0DAA31D7BE73CF8E8AE144CA9FF446F286B8C7"
"mobile/lib/widgets/photo_view/src/photo_view_scale_state.dart","295","F28449B10C41BDA13C415636757E2F869DACA074B6766E497CA643309957DEA1"
"mobile/lib/widgets/photo_view/src/photo_view_wrappers.dart","12023","28A7EC94BC6523C0AB6174C11CC74D8A355295A9DB661135E18EFCBA7158E76D"
"mobile/lib/widgets/photo_view/src/utils/ignorable_change_notifier.dart","2690","42347E4B9AE87E37149527F712F0BF7958BABAB946D7FA035603B77616266A61"
"mobile/lib/widgets/photo_view/src/utils/photo_view_hero_attributes.dart","790","16DEC42902A9197C45DCFA9762C87B1856CD5E8CF683996E9197267C719A41A0"
"mobile/lib/widgets/photo_view/src/utils/photo_view_utils.dart","4552","22A19F8D08CE147E840BEF7D4A4B0D54F9EC255F77D2C64C246D09ABD390FBE4"
"mobile/lib/widgets/search/search_filter/camera_picker.dart","2934","2B513EAD544C7180BEB0E3239A57574D1B43185B4EF10B7A5E9E138BF473C55B"
"mobile/lib/widgets/search/search_filter/common/dropdown.dart","2093","D94F1188B0048E894D197EEE29C8F9ED52CCF476D57B71D5F7EB0B0114D3B474"
"mobile/lib/widgets/search/search_filter/display_option_picker.dart","1816","BA21A4BAD0914DD87F759180617A500B350014A337A572B6B50C514F0E3053AD"
"mobile/lib/widgets/search/search_filter/filter_bottom_sheet_scaffold.dart","1904","DB76B16805CEBDD6FCF28045D6906E194E21A6C2617621A7D8BA4391E14984A2"
"mobile/lib/widgets/search/search_filter/location_picker.dart","4115","9B0D4E23FB3F9721643FBEAA18F04AFF62C10D4DE471555595FBA935C0636965"
"mobile/lib/widgets/search/search_filter/media_type_picker.dart","1089","263DB96A6B26D2572912288F3ECC71C9F6CF4EBDD1DDC1ACC71C4B9C092E52EA"
"mobile/lib/widgets/search/search_filter/people_picker.dart","4545","A659683D70B298D7E494C76C4777ABC60C00E84EC88188E6760A66513F51F9AB"
"mobile/lib/widgets/search/search_filter/search_filter_chip.dart","1542","5015AB5BA093533B4D25F5930E70639B02EE0EB738FEC68D81ACA7361C6B66AB"
"mobile/lib/widgets/search/search_filter/search_filter_utils.dart","479","239F6B5BAD49AAEC5B862A7A2A3E4D42FA2EE1BB5B137C8A52230369C6258F54"
"mobile/lib/widgets/search/search_filter/star_rating_picker.dart","1129","1C1F250593429DE99E66C055125B50169D58C681C44EA2C3B2CBD4E02E660523"
"mobile/lib/widgets/search/search_row_title.dart","873","918BF1467F4425869E7931C27625B8F9D350BEBCBF493F9A56C8ED314979536A"
"mobile/lib/widgets/search/thumbnail_with_info.dart","1301","1500CD4F8E250D5DC4F3295D958F97F798EB2F2BF42007898A0FDC804FA0BE58"
"mobile/lib/widgets/search/thumbnail_with_info_container.dart","2107","5C06BA0E0A07FDBAEA9918372A6C4C79885909BAA5581AEF998CAD44E977AA16"
"mobile/lib/widgets/settings/advanced_settings.dart","7638","489C64775F693F558D74017AAF32BBCA0CE913E4B50CA5AB6FD03A67409AE8F8"
"mobile/lib/widgets/settings/asset_list_settings/asset_list_group_settings.dart","2145","C411DE861E26528FE57092EE86A031C53E7A935B004730A82A7A66BEF741001E"
"mobile/lib/widgets/settings/asset_list_settings/asset_list_layout_settings.dart","1650","61468C94C612C7DAF22E1648E527F2AD0F9468B61CB15BF8DB4E7AD3C2A18B6D"
"mobile/lib/widgets/settings/asset_list_settings/asset_list_settings.dart","1551","5C55457B05027A341734EC05D9F87F10F9E95FF9F02E416A9CAA2DCBD1CF1083"
"mobile/lib/widgets/settings/asset_viewer_settings/asset_viewer_settings.dart","967","3A02E033DF745DEE5A82870E3D7D92B351C83192F7A7B02167C6D020ACE90D0C"
"mobile/lib/widgets/settings/asset_viewer_settings/image_viewer_quality_setting.dart","1534","7A3B19CC93C79F5B07B7F15E79C3E8799640535D9603DE86F7C3DB5724B80A73"
"mobile/lib/widgets/settings/asset_viewer_settings/image_viewer_tap_to_navigate_setting.dart","1264","93C441216CD13CBE7B82852B0C0F1D27F76620301D29A3303EE4D4DE7D66D02B"
"mobile/lib/widgets/settings/asset_viewer_settings/slideshow_settings.dart","4663","43DDA0BD4936E600F6D67E73B53BC17E3D58CD7C8D64E7D9E2B1135AB3421163"
"mobile/lib/widgets/settings/asset_viewer_settings/video_viewer_settings.dart","2292","8C9EB545FD5C4E7E416A47D65A0314215DCC3DC941C01880D0578D29F8DBCEBB"
"mobile/lib/widgets/settings/backup_settings/drift_backup_settings.dart","10360","92F7151EA178A7F9C1E18B70F12CAF091C782D22AE412558369CDE5C73431C71"
"mobile/lib/widgets/settings/beta_sync_settings/entity_count_tile.dart","2522","F074DE2F6127EB50C1183E73B44CDE18549FB08F03274B39D7A1E2A434A891C5"
"mobile/lib/widgets/settings/beta_sync_settings/sync_status_and_actions.dart","16137","03C45705E6E74EB60BC404717B05C51E45F3164006B94B1C598973F9ADEC93B7"
"mobile/lib/widgets/settings/custom_proxy_headers_settings/custom_proxy_headers_settings.dart","1043","B7C8E91835FE0949891A1A487CBE222AB57A1F065E38330A29C324056D7D88CE"
"mobile/lib/widgets/settings/free_up_space_settings.dart","37305","0AA64B3C49C546EEABEAF338802D222884B0353C206010C9E1C1DA05CE46A686"
"mobile/lib/widgets/settings/language_settings.dart","9324","989CD039F565CEF2BCA8FC82206C16B6B6AC413E0FC6C6D1CF9184AB52F7AE4B"
"mobile/lib/widgets/settings/networking_settings/endpoint_input.dart","3693","2288F1A0102B63AC624623D50459A2BE51E7E098D72439EEAD0933A095021C35"
"mobile/lib/widgets/settings/networking_settings/external_network_preference.dart","5628","2507E8EC26B451690CBB76531A3B4A966E03DB47F867A5F6DF3680C4E65E6558"
"mobile/lib/widgets/settings/networking_settings/local_network_preference.dart","8030","7B1F1512972610D81E69539E77394FB29A6B9B329262CF347E3FB5C2597CE75C"
"mobile/lib/widgets/settings/networking_settings/networking_settings.dart","6862","7CE0B35E195D5DF8B6F167FA548453BB74D7B0FE94C50D02315117AE1853B13C"
"mobile/lib/widgets/settings/notification_setting.dart","2230","9431C5D90E664A4203CD1C864735C296B32AE1F75D858C9221502BACEF06D084"
"mobile/lib/widgets/settings/preference_settings/haptic_setting.dart","1376","76B1BFB47F2D2945C329AAB61140620A8257FAAB53FA75495CC9555534FB6B6F"
"mobile/lib/widgets/settings/preference_settings/preference_setting.dart","605","D51D9B1F44FE4DB1906BE1F65C01B9876D03C320C5297382184F5A4B0A01A26A"
"mobile/lib/widgets/settings/preference_settings/primary_color_setting.dart","6440","7EF5F529EC747484BEA66F0B34C9E72165B89BB4D9559DB0C436C41AB89C093E"
"mobile/lib/widgets/settings/preference_settings/theme_setting.dart","3253","81FAED2626538AE796EADCB13586AA210E8DA18AE224E596CC607191E5608EB0"
"mobile/lib/widgets/settings/setting_group_title.dart","1323","483AF9F4DE76730FA39D9C8023EDE506DC2FAA4F8DF6DF79C68A14B72A65F79D"
"mobile/lib/widgets/settings/setting_list_tile.dart","1041","F2C4D7D8B510688C93C261B616013ED94B22AE6A525602E8F7D85DF62B368FF4"
"mobile/lib/widgets/settings/settings_action_tile.dart","2485","F4B94AA732B563CF527541CD3012D7AB55D7ABD5395C8874E21A899C4E6F114D"
"mobile/lib/widgets/settings/settings_button_list_tile.dart","1582","D9246A6543DED9DECC2052A62FE84D8DB118AADB95C6A6C679D9B411343C28E3"
"mobile/lib/widgets/settings/settings_card.dart","1620","1AE32F73AFE497A8F889DFC9F5B030BDE7987459ED5A2C44D33572E7D23AF604"
"mobile/lib/widgets/settings/settings_radio_list_tile.dart","1223","7AC6DCC8DB9A0A7E1B7EBBB64F395CE9A5D4190E194698B655396A3EFD7EEF56"
"mobile/lib/widgets/settings/settings_slider_list_tile.dart","1297","19A02D09893BCE8E9DD91D2240C3FD91B99455DB2A1565F8A8746119C6483B5D"
"mobile/lib/widgets/settings/settings_sub_page_scaffold.dart","687","94671DA14F21EDDFB2F06C0FD8ABB8FB6519BBB706A0D4849429BFECE99774DB"
"mobile/lib/widgets/settings/settings_sub_title.dart","534","1D8C422705536295B0ADBAA0A16B644F859575A3695AB372920BC4EF0E2CB3E9"
"mobile/lib/widgets/settings/settings_switch_list_tile.dart","2118","68629C3788EE197C8140F114EBCFCA4E4340F8C6337D158CBDADA71279601BE0"
"mobile/lib/widgets/settings/ssl_client_cert_settings.dart","3630","DB360EC9DC4AD7320D983B20BB0E9AB66E6353CF60B88018199D4079B9ED1053"
"mobile/lib/widgets/shared_link/shared_link_item.dart","7379","7A54A45C08870DA11D7238073A3C4D4966694F508B8445D3AE90E07E0C139656"
"mobile/lib/wm_executor.dart","7357","94A02D5E4A9F460ADB0AA3229B4E770F7378B6AEA2792B4028400408FC4956FC"
"mobile/makefile","1467","596D510FBF168C360879D5F12C0D821FE48B42E3964B9023D7AE938D97AAB25F"
"mobile/mise.toml","3793","6248F8ED1DA3649F65C9C6C0D46F8E7DE0BE665D26C49F3A0E6E2D54A1F67DD9"
"mobile/openapi/.gitignore","196","CD2879C66BF6618C92A5FB695843EE6D5E1F754ADF2BBC69E9202B559F9D1663"
"mobile/openapi/.openapi-generator/VERSION","6","58107D9D880C145CFA5D4F58A668DB201647283D86AA04B4C75A6E25339041ED"
"mobile/openapi/.openapi-generator-ignore","1040","A6ED8F4E275EEE926D27E0C52F30F2D1C4D8409465AC1FBC4511F7CC62DE51DB"
"mobile/openapi/.travis.yml","203","E42C1AE55C814B1264357C86AAB8E7BC641CC4395CF826A70A69F59C8CEEA41D"
"mobile/openapi/git_push.sh","1830","9B8B2E7DCAE7D87FF8C3098E9391771DF54D533DACA205F6473B7E2C2DCE86C6"
"mobile/openapi/lib/api.dart","16993","3ABCEE74ADABDFDE9A7799F1633AD238A7E529FFA63258D97B72D4A8F7F65866"
"mobile/openapi/lib/api/activities_api.dart","9434","97DA38E86D2CBFB4BF195D896B6F8979B35463826C8DB31F77DE0354140D9F68"
"mobile/openapi/lib/api/albums_api.dart","28035","EFCEE65A5AA5744F5B7BDF40B5131B22772F5C68A257F221484EC5A1B3AB9DC8"
"mobile/openapi/lib/api/api_keys_api.dart","11262","47FBFFEA2120DA98BCF5747B5AD658F176684BA42A45C19449DBF6B44983A054"
"mobile/openapi/lib/api/assets_api.dart","48630","F19840E538434189F7EABFCE89B6AD0908C7C0F2EF6E93B032AACBB9368DF0BF"
"mobile/openapi/lib/api/authentication_admin_api.dart","1718","9AF7D6186DF5F946E6EFE142B267DE0F954B0160A5C67EDFF986E1C80A009E1F"
"mobile/openapi/lib/api/authentication_api.dart","29194","DD0C26CC9D65BCD1EBC6395C0E61942068BBD7E6D74B703A20B115C7D6D59C57"
"mobile/openapi/lib/api/database_backups_admin_api.dart","8635","6AD44450CCF2B77D096AE05B98A002E36EE0B655436725A678C317C42714526B"
"mobile/openapi/lib/api/deprecated_api.dart","6387","DFC5EF31F9F44F0E84E2472E6EF43381B01E4AD1532D549F4FA6193FFD0B7A5C"
"mobile/openapi/lib/api/download_api.dart","5508","1225FBEF7B02A9E155E57BC21BCEA9083B596D61E74C768B646282BA24C146C2"
"mobile/openapi/lib/api/duplicates_api.dart","7346","E066C2B8C998891FFB040A2C5518ED2C09E631E0F50FB632CEE2C827C9542135"
"mobile/openapi/lib/api/faces_api.dart","7758","9C845458E840CDB59AE94D2AE44FBB1DA33EF44BB2692B6237CB2311279B69CA"
"mobile/openapi/lib/api/jobs_api.dart","6224","6067A239B110EEC804BEFBC8FEF67305B5CACCD0403D6CED3AF50B6E36C24513"
"mobile/openapi/lib/api/libraries_api.dart","14786","5B5BC43D75B50A8DFC35DF6DB2CF7C578BAB845034DEE5B86F3DD6DF83B9ED8A"
"mobile/openapi/lib/api/maintenance_admin_api.dart","7641","364517C3D6CB4E60CA84F8AEBA100595E6974ED8BE5DA37B9EF73C5B4EE7053C"
"mobile/openapi/lib/api/map_api.dart","6795","EC4775469C6755807DA446A5C6534361F96E11F93D84179CB135FC4CC98E4C73"
"mobile/openapi/lib/api/memories_api.dart","18741","B775FBBD95014AE372F09A295ED4A6429FF7F1C57874DD0AB0D59BC95F1A00A6"
"mobile/openapi/lib/api/notifications_admin_api.dart","6623","731C329F7643AA2CE5EAB2478A96DCB45D1573DDAE0CB8725417A8999175A8EA"
"mobile/openapi/lib/api/notifications_api.dart","11697","E7D597A2E0B16520BC90940E32D81E4CD1DD1217B0B0B8AA00CC3525230E2552"
"mobile/openapi/lib/api/partners_api.dart","9705","53ECB1BDB43F56B7C75754FE88C80E8DF0A0317606F7433DDDE34F35DD7B57BA"
"mobile/openapi/lib/api/people_api.dart","22107","7267FA65631543A28490B3FD8522A6BDA919CB3628CDC3E06F642DA9B438813F"
"mobile/openapi/lib/api/plugins_api.dart","11368","2C96B69D82EB1E2AD99F62AF29B739189EF27997B53ABC2F442C3EFEDDF53C3F"
"mobile/openapi/lib/api/queues_api.dart","9921","1CF731106A270CE3EA54068D2BFCE7F39D1A3B98B1381AEA0BAA2704E8238DDF"
"mobile/openapi/lib/api/search_api.dart","31656","CE48DEA32DD065B9A5136C5015A93C18682B002B664DFABA2290E92CBF16B5EF"
"mobile/openapi/lib/api/server_api.dart","23865","9EB1AA9B831F6AEE3303CF8A086A921B451DE7EF6D1D5DA0A1D6488C91FE2C2E"
"mobile/openapi/lib/api/sessions_api.dart","10095","A08A4AF0071C4964B96F316203480CDBF6FEEC9A0A33C05F970E1442D88118F0"
"mobile/openapi/lib/api/shared_links_api.dart","19182","1DF22DEC0D1C31BC0B58728C936631A77E71CCD63F40EF91E64B2827DD76D702"
"mobile/openapi/lib/api/stacks_api.dart","12887","C3B6E03790EF367D23AFD1EF77F4322F66F10175AFA6AF8046579A75F6CDE806"
"mobile/openapi/lib/api/sync_api.dart","6831","117E74DCB1800A9520D160CA4A3BE37A44DBFFEE98DBAFBC166E4AE6EBF31C83"
"mobile/openapi/lib/api/system_config_api.dart","7544","74B16795EB44FA82768EB5750B8828BE318540624BA7333C2BFF787DD619F9C7"
"mobile/openapi/lib/api/system_metadata_api.dart","7287","681396A46B8396FC2172B28281DBBF72A9F449B39C4E0751C553C5B8D14E2D9A"
"mobile/openapi/lib/api/tags_api.dart","17168","C47C1303C274769D8DAAE4090CBBDBD0A03F66FF9AE68037311E0625A0C82204"
"mobile/openapi/lib/api/timeline_api.dart","14648","FE9B65D81AB920D00C9C9F30F649D2F600E474A7B966B3A0E715B8D0A48DBBDE"
"mobile/openapi/lib/api/trash_api.dart","5503","021BF88A5CB99071705238B2255E04E6630DC230124468460B58575BDF4B6D2B"
"mobile/openapi/lib/api/users_admin_api.dart","21241","15E53624E2A62F453F61FE849085B79852470939B7D9D1923BBBA97E5088F30B"
"mobile/openapi/lib/api/users_api.dart","26263","821CDC9F1769958F587DD28B480C02FB34C9865568CA20091465FEF62F441BFE"
"mobile/openapi/lib/api/views_api.dart","4264","8B9CF3B5FC7D65C617FBDE3C68895A6343B98FC5CB619F4B848A495BE3CD975B"
"mobile/openapi/lib/api/workflows_api.dart","14861","A3532E6E033F392EB0139AB5A07088410A653AB41609C7111FD71A39CF14F674"
"mobile/openapi/lib/api_client.dart","41223","321284A23961E1EB10BCB48468C2AA0C073B9402E717755DCE6A5DB6505C2A81"
"mobile/openapi/lib/api_exception.dart","834","BD6AA0368EEAC97A5722B009E0A15DE16368493386658F97C94AA0612B9BE1FC"
"mobile/openapi/lib/api_helper.dart","8368","11B415B68B6795F4D7F14EDCE92CAF6736C2426EC98E3F4C04D3AA1636DC50EF"
"mobile/openapi/lib/auth/api_key_auth.dart","1137","7FA623CDBE8A0EB3C7952B0A7F4D1FE7BF29D1706A9A8CBA66FBA617C0060103"
"mobile/openapi/lib/auth/authentication.dart","513","666D0B657C6E8565F2AFC4E2DD37BEA89DEFC71D6DF4D534A046C46873D52A08"
"mobile/openapi/lib/auth/http_basic_auth.dart","755","AE497C007493C6B3BBD77E64090A92F067A7278DBD6913D0DB31BFC807F5C776"
"mobile/openapi/lib/auth/http_bearer_auth.dart","1232","52DAC380C0F251152B004DE1C11C7E04A399CA6F17ADD58C96C52DC9EF5DDF6B"
"mobile/openapi/lib/auth/oauth.dart","608","12386BE81244AD222A3E6FDEE7DE83D264D983D5CE489E1FD3A7C73A7EB5821B"
"mobile/openapi/lib/model/activity_create_dto.dart","4510","DC4653C10F9E8CCC0A301C8B9EFDE703FF597F67E265B8316D270949410597ED"
"mobile/openapi/lib/model/activity_response_dto.dart","4957","346829D5F6C9EABC7128EB278CF26DCF4830AE449A761F118530C55FB4A1B17B"
"mobile/openapi/lib/model/activity_statistics_response_dto.dart","3483","858193C06B4074A857B7674833A3891D543987FF4E3909D2D23F8501EA82F428"
"mobile/openapi/lib/model/add_users_dto.dart","2852","7BF3CD39C979BBC33C5BCE29457BB2E031FF06995FEE51F85F1A395356D62037"
"mobile/openapi/lib/model/admin_onboarding_update_dto.dart","3065","184298911B1DF2F81D35F7ECC169534FD2697530A4D362DF68423685695B3362"
"mobile/openapi/lib/model/album_response_dto.dart","9830","B259A46F7526FAC65954AE66A3F41353A68825037975C41E92D6318636BC656E"
"mobile/openapi/lib/model/album_statistics_response_dto.dart","3768","B57F82975C4E40B1978ACAA7F3245FB279D79CCB2AD7E2D81E675CF269581320"
"mobile/openapi/lib/model/album_user_add_dto.dart","3459","266CB7992F8C3135F8AB12BDF5BDAD4138C6B3775A3825D6A5CBB8E13807E5EC"
"mobile/openapi/lib/model/album_user_create_dto.dart","3090","18C89FB384CBCA3C4D54849AD145F5575C3620934C206BEEB64EC6786057A3BA"
"mobile/openapi/lib/model/album_user_response_dto.dart","3101","84EA9351FAF2D0CA1CBF2AF87CB60C8A24964EACF1BCDD4A53D5214DACF8DF25"
"mobile/openapi/lib/model/album_user_role.dart","2756","28D7C3787800AC506D989ECF2CBE4AFF07CAB2F0D9B7DF97D7160A69680BF8DB"
"mobile/openapi/lib/model/albums_add_assets_dto.dart","3419","36AD6CC5865BB03430B2F055F1C5EA8DEF0C760652050453F43C547A931C709D"
"mobile/openapi/lib/model/albums_add_assets_response_dto.dart","3708","21A17E2E448117CD5EA6BF2EB2AA443A9BFFC0BD60FCC54394EB3F7C4BB2993B"
"mobile/openapi/lib/model/albums_response.dart","2927","42CE06BE9498BBC2F02FDDB4EA3BD877DDC03C427896DB98119F5B83E7374B71"
"mobile/openapi/lib/model/albums_update.dart","3341","9F204E67B8DE6F9137DD63795B819037548B793A8B4D1592CAB1DD32A8AEB604"
"mobile/openapi/lib/model/api_key_create_dto.dart","3575","5F71D2DCFA369E03F222C08F648721A2A5D84292817198F9C4E8024BC88702EA"
"mobile/openapi/lib/model/api_key_create_response_dto.dart","3242","CF66E3421712736FCE3798BE6DD33BEFE3F384E1EF442F3AFA32B8A857B89100"
"mobile/openapi/lib/model/api_key_response_dto.dart","5252","B7BD5E699CB3C4D3E5F1A834857B1019D52BB17F04EF78B6710041507EC74DC8"
"mobile/openapi/lib/model/api_key_update_dto.dart","3556","51EE357A435B47AD84B35F36C6F63D09EF4C6BA995CD9991A2DEEB8247B7F103"
"mobile/openapi/lib/model/asset_bulk_delete_dto.dart","3642","DE5D338C197FF69B277819AF93B55E5E206150B4A6B1153955050882A32CD07A"
"mobile/openapi/lib/model/asset_bulk_update_dto.dart","9928","350D91E56B4262316F756CC8051D84E5AEDF92FDBD169EE3EC66486C19A19F37"
"mobile/openapi/lib/model/asset_bulk_upload_check_dto.dart","3047","956225D81C9DB91E617DCD3408F134FA6B70707CB90530472AEB365C956E1B0D"
"mobile/openapi/lib/model/asset_bulk_upload_check_item.dart","3236","D2B40FE8A374C6539E72BBC51E658899007EBDDB521C1F8ACD9A945162639E03"
"mobile/openapi/lib/model/asset_bulk_upload_check_response_dto.dart","3220","9FCDDC056DD0CF1663C014908C899F418B5582B4E2284C3426718C25883A6AFE"
"mobile/openapi/lib/model/asset_bulk_upload_check_result.dart","5330","42ED13AA6688C3698A8A2E3D1ED0C73CB06B186F76AF30A5BDF89D4B0341A1C5"
"mobile/openapi/lib/model/asset_copy_dto.dart","4332","9EE339E7DDF27E959AC762CC75D7890B1AEF07302F81C4FE67B10AF3C9D71032"
"mobile/openapi/lib/model/asset_edit_action.dart","2818","6C67C514C551B21C7E766E41B9EA5B85B6C791283B0CEA722297C6EAB75CF184"
"mobile/openapi/lib/model/asset_edit_action_item_dto.dart","3217","B08B87448887CEC3CC5203A08D1A98F7D1A1A83AD5791FFD49EB37F7B1C7E273"
"mobile/openapi/lib/model/asset_edit_action_item_dto_parameters.dart","4469","D7A13FECB2F93E5FF66D6029B4BB729AE55CED30A9372D35AC9998BEC44DB9BC"
"mobile/openapi/lib/model/asset_edit_action_item_response_dto.dart","3620","F21C024CB40DCAB5F1F8DA605C40395308308AE83AD35D2782AE8F7C3603A675"
"mobile/openapi/lib/model/asset_edits_create_dto.dart","2995","5CF28A40F7985B9C84FCD808F974DDAAD4A72B24EA961A51D65EA63E92930CEF"
"mobile/openapi/lib/model/asset_edits_response_dto.dart","3307","C13FE2A4D9DD727AA7E9C78C5F3CF88D7B1FC7DA55FCAE0E6F004CFC2255C113"
"mobile/openapi/lib/model/asset_face_create_dto.dart","5128","9CE00D200B2915CD4089B761C79402664F59D0A9977F97E4EE82935EF25074A4"
"mobile/openapi/lib/model/asset_face_delete_dto.dart","2904","21C748643AFC513D02E963B836898AD4788D26F0DD4080A8245F9DA0DA38F624"
"mobile/openapi/lib/model/asset_face_response_dto.dart","6327","C6C8AE131623A7693758189DFA44E2188B7736BCD6B41D0DCEAC0EF73F1E26DE"
"mobile/openapi/lib/model/asset_face_update_dto.dart","2920","16B6B19BA4976AD006BF250CE8523A74D29B8D56819F3FFE932BCDB5A9911395"
"mobile/openapi/lib/model/asset_face_update_item.dart","3179","A70B1AA5BC367249F98FC8F8D7292D04487DAC7CE956836EAF03331C96B16106"
"mobile/openapi/lib/model/asset_id_error_reason.dart","2957","38F5AA2A50F546C2EEAD87C9312A1AFCA06FEC6280751B51EB0620E172167444"
"mobile/openapi/lib/model/asset_ids_dto.dart","2900","9EE2ACD07E69BF47D5E7A8B0224BFE7AE891F081DE448557B8556AF90341481C"
"mobile/openapi/lib/model/asset_ids_response_dto.dart","3837","576A3D0E5ED5C1E266BEB4B7D4A227B516C7B3F4221EC133D417B037FCCEE8CF"
"mobile/openapi/lib/model/asset_job_name.dart","3031","13A63657C4E115C38FD8B36851A3E98C189901A43F2D68426A005E29CA9A24C5"
"mobile/openapi/lib/model/asset_jobs_dto.dart","3123","2C8A5692140222BAD325B3CF76DFA2D704130D4AEFC651B530FB9C40B3BE99FC"
"mobile/openapi/lib/model/asset_media_response_dto.dart","3136","5ABF754F10D838032066C7411BF28F998AF5A82FBE1F7805B93451A9C094BDA7"
"mobile/openapi/lib/model/asset_media_size.dart","2947","CEAF66693B8C95D91DE9E8A12680787C0D203786F541576E5FF1F2E7BF293F20"
"mobile/openapi/lib/model/asset_media_status.dart","2734","0F650F0F2A99623A0CD64AF728DE030660BCEA82E6EFC0003F53723154BD4F0F"
"mobile/openapi/lib/model/asset_metadata_bulk_delete_dto.dart","3113","AEF66A6517DC6CD937B6F25C1F27BDAB00F6C5BEFB8DFF6F176DDC7B5EFD6DB5"
"mobile/openapi/lib/model/asset_metadata_bulk_delete_item_dto.dart","3331","F6B09D5DB32723E32C77A30924BF52F4B59350587B25F8B2EC45D3952E8EE07B"
"mobile/openapi/lib/model/asset_metadata_bulk_response_dto.dart","4514","C8DADA2E683029D3402247D5A94D8DFDD44E513C39F92E84986B3A7BABF0E2D1"
"mobile/openapi/lib/model/asset_metadata_bulk_upsert_dto.dart","3113","4C04DEAF7F30899C68B9821A05F01B5AE3DD27355477BA1E68E15294CE555E8C"
"mobile/openapi/lib/model/asset_metadata_bulk_upsert_item_dto.dart","3614","8026E15001808C1A768205226A173364EE704A2559AFA3108F2B7D14D45652A2"
"mobile/openapi/lib/model/asset_metadata_response_dto.dart","4188","998F19C150C597087B376A17FEE6FE9393D3E2F437DA499ABC2B7A57F46E3FDE"
"mobile/openapi/lib/model/asset_metadata_upsert_dto.dart","3029","751BC37A35A8182A83585F8D0AC8BB6A7D0F0770A6545B122FFAC5C629626173"
"mobile/openapi/lib/model/asset_metadata_upsert_item_dto.dart","3288","7560292DEA16265BB6A19128C7716BFE7D4560D8546B7228E24E82D8F4CA1A91"
"mobile/openapi/lib/model/asset_ocr_response_dto.dart","5809","3689708611E21BC246A59D4C271A2AE99A32089591E69A99C7F1D7B135BB62C9"
"mobile/openapi/lib/model/asset_order.dart","2548","3945B9B97776F1256D3E18C1B28DDD85C4002E0D8CEB066599EFEFBC471AC4FF"
"mobile/openapi/lib/model/asset_order_by.dart","2647","5CD010CE9DEB9DFB1BDFD24A11C8F1BDC2BAB6ADB2284E848E0CC64540B69FC3"
"mobile/openapi/lib/model/asset_reject_reason.dart","2825","D8144EF742A9138D7CFC07CEE5AB9BAF8078AF140573BF1366A5B62FEEA2078D"
"mobile/openapi/lib/model/asset_response_dto.dart","15382","D24E606D1EAE21BF20C5BADF9BB54786D8DDD7EE00806B8D4B813C4A9C90FA68"
"mobile/openapi/lib/model/asset_stack_response_dto.dart","3600","D33E75E78A037546D58EFA6F1B1A9AC44706E9CD00523464DCE68E45658B5EC8"
"mobile/openapi/lib/model/asset_stats_response_dto.dart","3667","086B34D199E211B133E7EB99E4DB50F2E63854DAD6F0463CD2BC31BE0F02684E"
"mobile/openapi/lib/model/asset_type_enum.dart","2853","E65DB12026C442A9898D676EC4B8CA2ABD2D2A04DEA82385ABAE9ED744485E90"
"mobile/openapi/lib/model/asset_upload_action.dart","2738","EC0A9D634CC2138A12C130A87F05ABF481B6DD9259B9AB28F7DA8D1E89C998F8"
"mobile/openapi/lib/model/asset_visibility.dart","2950","46C3F20C41CFB541BFFB3D98AFE8847FA77822CF5306842B78B2BCC0DACCC50D"
"mobile/openapi/lib/model/audio_codec.dart","2769","908E512BEDDF498B9D4140FB49AEA07E3525A2B5CF6C1E3BE6BAC405E009999D"
"mobile/openapi/lib/model/auth_status_response_dto.dart","5005","121C95E317AAA89108631698B62006E1B74B179438BF0C2BC021FD4CA33CAE27"
"mobile/openapi/lib/model/avatar_update.dart","3183","925D19BF6FF80CF3AD3098A7D5EC4FEECE19E90B0C525C1C5154E21F118FCAF4"
"mobile/openapi/lib/model/bulk_id_error_reason.dart","3196","D43BC37A65546B0F96D81C1160F631ADB5332ED29C2893A298BB8272F4219EEF"
"mobile/openapi/lib/model/bulk_id_response_dto.dart","4468","35D864F684611352F4F92D4E100F3CEAA04CE9DFADD46BB2A6DD0EED94A1C65E"
"mobile/openapi/lib/model/bulk_ids_dto.dart","2821","B04E21D6BEB5061973963CE5CF629BE11D584316D956448863D6C484B048E623"
"mobile/openapi/lib/model/cast_response.dart","2861","C3FC2E2042A7C203115E847C1224167FB38E18F70A6AADCE1620F0EF7E5A78BA"
"mobile/openapi/lib/model/cast_update.dart","3265","3BC1C868487527757E294280584F8F5AF8820701FDF9D499922750E1943E0CC4"
"mobile/openapi/lib/model/change_password_dto.dart","3599","61BB242E4FA63A39A0773D89B2C72BA85B8167BBCE58FBB6432FF11B25131897"
"mobile/openapi/lib/model/clip_config.dart","3050","51B1378A49C80C7A70C1802679C632EF997116E18DD6EFAED7B8DA6D9DC83B4C"
"mobile/openapi/lib/model/colorspace.dart","2537","AF0C16BD360FA93C0FF3DBF3D0A6C85D125020BB98142F6A93B5ABFFA6EBF60C"
"mobile/openapi/lib/model/contributor_count_response_dto.dart","3422","D8E568F0FB82F474DD5207F5B9953685B5C0B706A71BB5E1A2B23C7815B32C1E"
"mobile/openapi/lib/model/cq_mode.dart","2531","96261DB1C86C4031292EB47CE87E3C2EC54F2B4A1F466DEAD69E9523E1EAA72C"
"mobile/openapi/lib/model/create_album_dto.dart","4291","88F351EB941834E2143793FBC6A3C958EC87F4617A16F53DA95B400E4634341D"
"mobile/openapi/lib/model/create_library_dto.dart","4424","6E31EAB52D5E99DB2D5D30BE472281FD24637D0F64EF61DD081887D519D3A1BD"
"mobile/openapi/lib/model/create_profile_image_response_dto.dart","4504","339FB51D4BE9F4F1E440C45505832F7ADA8F9EE812F70571554D3F34C78B1635"
"mobile/openapi/lib/model/crop_parameters.dart","3696","A371F71354875B3675A3BDE07F66A949589C3FF12EB7FDE52134CAB97334DC20"
"mobile/openapi/lib/model/database_backup_config.dart","3674","278DC16F6373A248611005DBD4C100E5C3C19CD1C5A62A5CD8D87E9566CEC3C8"
"mobile/openapi/lib/model/database_backup_delete_dto.dart","3132","E75B348043BD515D049AE3983A03D3E9439AF78ECC6E69B16F421CBE9E1C93D6"
"mobile/openapi/lib/model/database_backup_dto.dart","3513","6B1B89047D21B2AAE241FF7FF2354B7D8F5259E5200184D58C1DA6FE0DDDE0CB"
"mobile/openapi/lib/model/database_backup_list_response_dto.dart","3159","ED51D1A68940441930314419B1AFE00EEACDD8C9BC82F87102566DBAF4EE0BE4"
"mobile/openapi/lib/model/download_archive_dto.dart","3723","D626FED8E23E84306F84880289FC3C9FF9FC81DC8C2CDBB007316C7E3B97DB21"
"mobile/openapi/lib/model/download_archive_info.dart","3372","127C5B906596B6C4C4162C09E605BC314AEB2603A9B313B89FB1006E1C415C23"
"mobile/openapi/lib/model/download_info_dto.dart","5175","C6B8C112C08CA3E459CE3C76BD918FA9119220D4BD966D2394CC9C17B2978EB2"
"mobile/openapi/lib/model/download_response.dart","3458","230CEB996147733B5F0859671E41030290A77017205F1888102F441CEA71DE5A"
"mobile/openapi/lib/model/download_response_dto.dart","3351","41319DD2C2127A089C25E3B961723F3B04203759607AD8D7BBD4BA4CC87A9F26"
"mobile/openapi/lib/model/download_update.dart","4304","004D1E0A000788E018439BEFE6A4B848659A43828B3CAC2219EE1D7B1097CC98"
"mobile/openapi/lib/model/duplicate_detection_config.dart","3434","23D189685FC6ABBEB9EAE06C2929EAF4077810D3B11B0664F4B0DD2EE64A663F"
"mobile/openapi/lib/model/duplicate_resolve_dto.dart","2991","4BCA98A15F9A84F84C851EE497AE0C3FD1A365A67A4269AB924641649E555DBE"
"mobile/openapi/lib/model/duplicate_resolve_group_dto.dart","3960","E3B86B99157F3D57A9E574B50CEB8B03DD00EA5B1C33F05FDC0515F2BCF6A56D"
"mobile/openapi/lib/model/duplicate_response_dto.dart","3889","759804472E6B19F892B783E7A4411B081FF17B3CC9076E5AAA722C8547B45605"
"mobile/openapi/lib/model/email_notifications_response.dart","3760","B9D58656A58149948C0E57F6F1FF331B8642125CF524DBF60D9DEA75AC0C1450"
"mobile/openapi/lib/model/email_notifications_update.dart","5034","6B51D7B27119422DB5DF1845CA01FB0F706F47C4522520C3F4FB3FB164EDE54C"
"mobile/openapi/lib/model/exif_response_dto.dart","11332","22839B744B0F4DACD98365F513C4CD0F03D54EAFC8658CBBB118B01DFA8718F9"
"mobile/openapi/lib/model/face_dto.dart","2627","C317D1A9C99530085C08DDB3776BE2AA64824774213BCF7F8E9EF3FEFDA13661"
"mobile/openapi/lib/model/facial_recognition_config.dart","4422","14E8AEA81331540290FA9E29DBACED05179E07DE46A5E68E5FAB2A4DB0FCDE0B"
"mobile/openapi/lib/model/folders_response.dart","3166","E6C9E037BFD41959A6F45B239EE3BC09D361C153F2678BCA50BB2FB8B2EE1AAE"
"mobile/openapi/lib/model/folders_update.dart","3998","CEB9BD0E6C7ACF9007F5EF914998AD3F51E5AE8324C472255487CA145516F8C3"
"mobile/openapi/lib/model/image_format.dart","2573","BC7DAB8EA133FAF2B343C61E9D29BA3159096E4C620299DA75C1C98EC53633D0"
"mobile/openapi/lib/model/job_create_dto.dart","2739","15C2E576C4AA6CC1DBDF3FB665CC0E3C99650E96FEC38EEAD052792EFCB646CF"
"mobile/openapi/lib/model/job_name.dart","11233","BD30BA6567F2F42BD7788D585B75C2FEDD8DE11E55676124101FF7B561BFD2E2"
"mobile/openapi/lib/model/job_settings_dto.dart","2933","8F45C18168DA8EA7A792DF50032E4D0AA37BA572B9DDA826745AA7BB27EDE555"
"mobile/openapi/lib/model/library_response_dto.dart","7582","4721BCD0289C8D16C435DA72BD3590D68FFB5D0FB88A993F24EA1C23B4FB9365"
"mobile/openapi/lib/model/library_stats_response_dto.dart","4022","0DCEC0E7AF9B1751F0623492A76C51A4CAF0E1CDF87FB7CF2CC2B19D20791BB4"
"mobile/openapi/lib/model/license_key_dto.dart","3213","1E8E50069D546703E02E633D4E6A392097C67E0D3F360729A2943D3D33B20E4F"
"mobile/openapi/lib/model/log_level.dart","2911","1CFF47CC28F7E224E5BC2625A3D8369B82F530167184D3E8FCCD1D70C3B22B9D"
"mobile/openapi/lib/model/login_credential_dto.dart","3142","9F91E2DEB68D17F2CC7406E80F64D5CD9FFFC34B3AB92176993C9DE8864041DB"
"mobile/openapi/lib/model/login_response_dto.dart","4972","1B7B2BE44EE8DD08460287EE2A763B58359DF9F1B39B0C653EF020E07093AAFE"
"mobile/openapi/lib/model/logout_response_dto.dart","3221","0F32D6FCB62FDB8A585901264613B7E88633002FA9168BD7AD77B28B342D64BE"
"mobile/openapi/lib/model/machine_learning_availability_checks_dto.dart","3858","30FDD88879FA23C0F4B554BB888F253D5063A30334DA4981ABD4C7F1E2110C4B"
"mobile/openapi/lib/model/maintenance_action.dart","3099","029B9AC6F7B6853C2E1EA998F588B29A07B38215D69F7400C16C813E49776149"
"mobile/openapi/lib/model/maintenance_auth_dto.dart","2921","0EE05B1707DBED6780D79E11BB08239044AE52CF5DD5FE8B904C759514CE341B"
"mobile/openapi/lib/model/maintenance_detect_install_response_dto.dart","3297","A39CC6ABC16ABCFB90BB2E99A4395375756057D9EDC2CDDB880F865E01F000F2"
"mobile/openapi/lib/model/maintenance_detect_install_storage_folder_dto.dart","4179","EAF100047157EF0B77EC1DA5B515C1A9E0582656E3628A65AE0DCB24EB351788"
"mobile/openapi/lib/model/maintenance_login_dto.dart","3329","CAC1E0F858B41F2DDB37F4742363194FBC0F5DCCF2BE2F0DD0DFC831AB836541"
"mobile/openapi/lib/model/maintenance_status_response_dto.dart","5310","856BB2E9D33F2743C7BE7CD6AEB11E2CB05D40BF466FEDDC4F1FF371071985BD"
"mobile/openapi/lib/model/manual_job_name.dart","3309","4A65F7A2EF41D85D6694424B4C31180C624D4F4DA8D98AA2E19D233F83A69731"
"mobile/openapi/lib/model/map_marker_response_dto.dart","4312","7B8495D91AAFD9566E66862AA644201A20F58624BADC2ACE06D398F86AB1CF65"
"mobile/openapi/lib/model/map_reverse_geocode_response_dto.dart","3849","5CBAA287F5DCAE629380A5699347F0A829B17AF71F934A76AD488DEBC9BEB974"
"mobile/openapi/lib/model/memories_response.dart","3232","6D783085A731E50ED90B69A860D1EA5341C450C459D8AA59619A5503B10A6F71"
"mobile/openapi/lib/model/memories_update.dart","4044","2D11F7A642C4F164920916B6B129F7DD73AF5E256D5F4E48F08F42637DF9D1A2"
"mobile/openapi/lib/model/memory_create_dto.dart","9029","0B09D9C108010157B51259FB347E4D45F007BAF65939F4C3F90CFF3D06B67383"
"mobile/openapi/lib/model/memory_response_dto.dart","12199","8BDDB66690703EF30377CBFE7A4AEEE3E48C1403E4443F523B86A372A4C5227B"
"mobile/openapi/lib/model/memory_search_order.dart","2835","84B65F34E54B3AD834341BB6656A35C854F841411FB2B454D537C4DD716B3F2C"
"mobile/openapi/lib/model/memory_statistics_response_dto.dart","3137","C6E6EE38819A30E51E4D733FD9AC578B0B2A8DAD8272B7B9CAF93B3859317DA7"
"mobile/openapi/lib/model/memory_type.dart","2476","1E966D6DF7E7F082372A32F8F633EBF01E0D910C5681145C9FDFA7AE10C6E95A"
"mobile/openapi/lib/model/memory_update_dto.dart","5971","FBBE30F3EEE585A7818CCC81AC487A906A3A3E0632DE7CD34B7310D60AC2261A"
"mobile/openapi/lib/model/merge_person_dto.dart","2902","69882C2BB17383F4244442F44DE71EC9307A31183DDD0EB2B4ADFAD5E06B3508"
"mobile/openapi/lib/model/metadata_search_dto.dart","34814","5FE0316A5B4FEB536E7A975A62218FF7F4DD9793358B7F50E5E12AA7B1B24958"
"mobile/openapi/lib/model/mirror_axis.dart","2607","9FCEA56489145D83F2FBBEFCEAEDE335007C3BEB1DA4F32AF2B1C58D4E8FFDB2"
"mobile/openapi/lib/model/mirror_parameters.dart","2809","6772E1ACBE4924E5BF48FBCD8561DE8ABDE55BA25313F8D536D696D8EA2E5ABF"
"mobile/openapi/lib/model/notification_create_dto.dart","6170","37CEC1B9A7C8FE8FD5CC0A2A4337B8528506A2969DA02BA93F76344F951D5D45"
"mobile/openapi/lib/model/notification_delete_all_dto.dart","3099","D497063CF0037EB77D41D8D5F204C8902C9CC5592A08A9FF8FE5D194FC95023D"
"mobile/openapi/lib/model/notification_dto.dart","6771","08F7744B74020D3A10A298BC3057F9E4CBE55BEC46D9A9C78A05B149D7CBBB8F"
"mobile/openapi/lib/model/notification_level.dart","2988","CD21AD292F38DEE4C346631C9AF2E6AE6F413FEF0AAD40A07B2A1CE19F506209"
"mobile/openapi/lib/model/notification_type.dart","3340","8B4B31EE3C529FC1B85BAD79807BA7E6A5A2ACCD0E452CDEB441423D20A62899"
"mobile/openapi/lib/model/notification_update_all_dto.dart","4098","021F95DA0443231C5E57100004D4BFD671CBB85449777F2421B3024F23C58315"
"mobile/openapi/lib/model/notification_update_dto.dart","3701","E79B0067B3655AB2E43B9FEF329D13280D1AA04EC033FAC7170C87C6602E5F25"
"mobile/openapi/lib/model/o_auth_authorize_response_dto.dart","2997","FB0556F52827DBEB98C9AA265085CFB1BD53E5F22D428D6BE0F89DC3A695DB1B"
"mobile/openapi/lib/model/o_auth_callback_dto.dart","4258","82F52626C055DB36B83B6E8379EE514A62CF478382845C4883C816AF2D9780CF"
"mobile/openapi/lib/model/o_auth_config_dto.dart","4331","3F5B44FA7281BA5E68A2A5FE27953B009FB83BF8F9451FAE9DCC182E3E0C7933"
"mobile/openapi/lib/model/o_auth_token_endpoint_auth_method.dart","3062","1D285DFD8DBC82843EFCE246BA61F69A813FC06D7A7760584249B229346B55E8"
"mobile/openapi/lib/model/ocr_config.dart","4407","B75F5F3B9002C281B2EAB5760ADB5EAAB07B51547C62974BB11EE9D32CEC061E"
"mobile/openapi/lib/model/on_this_day_dto.dart","2818","0B1C06A25E02BE54D426D9167C02CC76A0D92E16FFEDF185E715B6F8AE3719E3"
"mobile/openapi/lib/model/onboarding_dto.dart","2855","6900244ED3193B29FDFF52EF0F7514FB42FAB0EA5D282F2AC54FB1CA9529EFB0"
"mobile/openapi/lib/model/onboarding_response_dto.dart","3007","9B882936577F22335D604C6FD61DCFC9AEFBFD23600F6CF202B18FD71ADB3A0D"
"mobile/openapi/lib/model/partner_create_dto.dart","2932","0309C3CF22EBE8E041961C5D8C89E8B8237FC19692F77123B1F21BD1489F37FA"
"mobile/openapi/lib/model/partner_direction.dart","2719","524E031630C7F6A94712880C7373A753A486DF2ACAB8802D58282FE28A7055F6"
"mobile/openapi/lib/model/partner_response_dto.dart","5060","F72E6D1820CE679EAFFD33A79A8D45B58463EAADD4CBBABD303F3DBDFFCD9CFE"
"mobile/openapi/lib/model/partner_update_dto.dart","2914","49F4BA9F614EABD11DE1B3FA64CBB63AE5565EE504A88BAC652EB15FA84DD0AE"
"mobile/openapi/lib/model/people_response.dart","3145","2477984F06C72BBC7DA5D61FEFA1CC71F58CB5777FE7C1B1154538E9D4ED9AC7"
"mobile/openapi/lib/model/people_response_dto.dart","4266","C4ECB1DD1662F641D8D4755632A31247E9061CD4E4D9FA4C4D6DF4C620E89F97"
"mobile/openapi/lib/model/people_update.dart","3977","7F209AD08B4AA30AF6CBCED362A2093A54F8CEA8EAC267AE80B8F5F8EEBCD585"
"mobile/openapi/lib/model/people_update_dto.dart","2880","26C1B9BF711C4EB5C6DEE46810F81C425CB575977218AC0370424D7A939DDA6B"
"mobile/openapi/lib/model/people_update_item.dart","6465","A207E928F94222A4DCF58CFCEFE5219294E0BA4155B2D59AE00BCB14348304B6"
"mobile/openapi/lib/model/permission.dart","28449","C27FBDBDB575FDE402AE23369E95038A78D9E18A1F84FB2C5A1438AE47AF7466"
"mobile/openapi/lib/model/person_create_dto.dart","5387","FF9E0FD3414E030367EA673FF1F454BFE2C2057B85935AF5EA072BD926CB799F"
"mobile/openapi/lib/model/person_response_dto.dart","6178","449030D0D3B09D0D90654C870A46088972DEE5613A7075C9220BA7DAD891EA3D"
"mobile/openapi/lib/model/person_statistics_response_dto.dart","3141","50B28D378CCCC0244B215A5C0F0E00D6D1D7DEDF02163F466C87757964173E34"
"mobile/openapi/lib/model/person_update_dto.dart","6255","9651188BBC450265420E37692BB0B6C0134A73D694706CA0C96D19414D624B8F"
"mobile/openapi/lib/model/pin_code_change_dto.dart","4351","107C97B6233D07F737B9C03F240E462BD301C9DF4430E4BBFB04F9F16E2D82D8"
"mobile/openapi/lib/model/pin_code_reset_dto.dart","4029","73E36946962A8CCA5C63E58C03DA3CE8A2F840ACD43FA4DA522580A118EEEF7D"
"mobile/openapi/lib/model/pin_code_setup_dto.dart","2853","D1B6CFD068250446457C6AFB793ACB893E2A571AB6B00517863F9A29E033FD1D"
"mobile/openapi/lib/model/places_response_dto.dart","4900","385E5B43C27AD8B0C5E340A9490BB786A9B5AC5BFC84E08A80CF269BC7EE87D2"
"mobile/openapi/lib/model/plugin_method_response_dto.dart","5269","7B7D11B034875A38C79077F435408F1777B2F8C6A0DAC0BD80A202EB088158D5"
"mobile/openapi/lib/model/plugin_response_dto.dart","4948","D5C88D5EA438BB43856DD6C6C5962EC19BFB5AE909C68557AF2C48E3483B48C0"
"mobile/openapi/lib/model/plugin_template_response_dto.dart","4507","935A691CEA1EB65C19FE0865D42F749DE4D60447E5B6D23FEE5FAFDB1A77A806"
"mobile/openapi/lib/model/plugin_template_step_response_dto.dart","4195","96AC6D9DC16A13414B585909BB2AA61F03AB1977D438E439F1F374976A05774C"
"mobile/openapi/lib/model/purchase_response.dart","3393","7303B684177D6E9BF7AEB94A42CBDACC853C5BCDDF2C4FC79C326803EC05B00B"
"mobile/openapi/lib/model/purchase_update.dart","4259","D6E345757895656CB6F339BC114F0C9E4BD2DC5BE75E9F6DDA9FE44C69619B8B"
"mobile/openapi/lib/model/queue_command.dart","2986","6569AB8129FC3DDFE0414FB53C6C03B83A4695BCEB9BE4D4D42C83EA1E89A2F9"
"mobile/openapi/lib/model/queue_command_dto.dart","3515","9C40160664CE4BB2CE99F62E2DB96181DE62A9EE917FD185C4BFEA1F8F7FD920"
"mobile/openapi/lib/model/queue_delete_dto.dart","3280","0A0CF6279EF9A7899576DB68C92195A32445A42646ECE62A98232285FA08850C"
"mobile/openapi/lib/model/queue_job_response_dto.dart","4099","97A2CB77941C9C012A6D5829224D3B88C7AC214ECC00229B5029F5EDCC537505"
"mobile/openapi/lib/model/queue_job_status.dart","3170","768D9DE18C0E557698592827C1332884E89491AF986F59F268910E162B6B5652"
"mobile/openapi/lib/model/queue_name.dart","4860","D952F89542B39912D5FA8C7B6F2CF9276BF912BC12FD90E05581759AC43993CF"
"mobile/openapi/lib/model/queue_response_dto.dart","3372","DFA53A1F38D5C2835F53A8BFD6275C5A9CAD174C6CD87BBEDA62C1D6D0D97B2F"
"mobile/openapi/lib/model/queue_response_legacy_dto.dart","3303","3A3224A2188A59F67F1C270DE2FF80228A8D26C6AD3C6CD0FC7F6B8E4A75BD6E"
"mobile/openapi/lib/model/queue_statistics_dto.dart","4680","8B4D6F84130A5143437023FDA6B01315140D5C4DBE8CC640CAF04A32E6F55D47"
"mobile/openapi/lib/model/queue_status_legacy_dto.dart","3268","31207B974BB056A94181447567327882B8DC4A080A33AC6D69C818F43786E958"
"mobile/openapi/lib/model/queue_update_dto.dart","3281","CFA4BD30ACBFD9D4932B6DFC0037BAF14441D03E147DAE4DFDE8EFFA0F33BBA0"
"mobile/openapi/lib/model/queues_response_legacy_dto.dart","8583","04AA6E5EDBE8979AFE5434F5CF6187333E6C2E92B8E85CB0FFF1FFBDD1F9E312"
"mobile/openapi/lib/model/random_search_dto.dart","27366","C1F322CEB8C050817C3522CD6BC9008ADC98FAD8E4E4D5EC4C20031A80B09491"
"mobile/openapi/lib/model/ratings_response.dart","2855","477990A5DD4A307228C479B9ED9FEBCB588DA158B62AFBD4E93DEC3943BB0E16"
"mobile/openapi/lib/model/ratings_update.dart","3249","9CBC323D1CCC9DC824756782737C67779EA34CB3180CE1075AF960B64E65937F"
"mobile/openapi/lib/model/reaction_level.dart","2633","78FBCE2FB662B303C7A3D7585E546EB504D558E1254DF0F3268ED4CEA5685110"
"mobile/openapi/lib/model/reaction_type.dart","2613","EE2BE262309B73D63615E49939BCC9079F511A3C5F510D75D3FD5EC853A5C7A7"
"mobile/openapi/lib/model/reverse_geocoding_state_response_dto.dart","3863","A2418861FF13BB383123BBBD3E95DC6154D16A23CE0545A1265E3ACBA3FBF362"
"mobile/openapi/lib/model/rotate_parameters.dart","2840","16F7047685592FD20E547E67CB55034B869BD8277FCC6C2939BE5D2F93AB1DE5"
"mobile/openapi/lib/model/search_album_response_dto.dart","3875","72A1FA5F82F4C3CDA9F69D167972DD0780C9A49AF88EA9713557685B6F90DA24"
"mobile/openapi/lib/model/search_asset_response_dto.dart","4254","67B99489347F29A8705C413932337A2B340AF21487CD3951E94172105341AD69"
"mobile/openapi/lib/model/search_explore_item.dart","3071","D5CDA4927DBCCB20C061659A62A11C4073467AD81D2058FEC385B8BDF5EF63A9"
"mobile/openapi/lib/model/search_explore_response_dto.dart","3302","FD13AF4F251BB1D4F579902B2CFAF7F8A2E12E4FD82FED3531926231A750F97B"
"mobile/openapi/lib/model/search_facet_count_response_dto.dart","3364","5977B8D8DF0C12C380FFAB6BB976247E0448F60021D906979011930137ECF14D"
"mobile/openapi/lib/model/search_facet_response_dto.dart","3294","65E289B6497261A6A67BE60DC6204ACFE7EC62BAC75E5747C016D3CE3A57DEA2"
"mobile/openapi/lib/model/search_response_dto.dart","3124","063F791974279030C127DCD8F1AB41D14DA0746F894FC026C720AA600C28FF10"
"mobile/openapi/lib/model/search_statistics_response_dto.dart","3144","9F7FEED910C0939BAC4961159338A04D9D6C62AE6555880708C2405744758656"
"mobile/openapi/lib/model/search_suggestion_type.dart","3424","8456484F913C12DE782D2A8DE2C57C03D346BC20E93D8DA3985548824D16CA21"
"mobile/openapi/lib/model/server_about_response_dto.dart","17263","32CCDD41E36E876A0847B98AB1BE972C3072C108078D4572B9156718382A5A5E"
"mobile/openapi/lib/model/server_apk_links_dto.dart","3823","39FC3A3ACA9337FB4026D64FDF717B25258CC2E68A7985113A33305EFB71C177"
"mobile/openapi/lib/model/server_config_dto.dart","6633","6F9AFF7F4E94BA102A4FB02EAFECA340A7097D5116802B4F367DBC7814475DF6"
"mobile/openapi/lib/model/server_features_dto.dart","7158","7D5357B8A6A71FC4A417DDC1714F0730FB1FCBA327630205BE65D3E6CB4ECA00"
"mobile/openapi/lib/model/server_media_types_response_dto.dart","3938","DCA1DB9D623A55C94AB45726BBF0CE1AE492C427F7853081814A8CF92B47D6E2"
"mobile/openapi/lib/model/server_ping_response.dart","2834","F9BDBE30F997FF6FF9CEF95FA1E36CAB10F12C7A4C2A170026BA8E7DA091BCCC"
"mobile/openapi/lib/model/server_stats_response_dto.dart","4862","8A2E0CF852043C3B073C33083257CCE6E17902798622653BFBAF13ABEA8514C2"
"mobile/openapi/lib/model/server_storage_response_dto.dart","5344","8E68CD7EB12F12F03081003AA9F94D8A904296E9AD49F83F385A1C065BAD80E1"
"mobile/openapi/lib/model/server_version_history_response_dto.dart","4310","16DAC4611F074B7AC843CEC94042AF0145D7B8B77170BB480B57D9E7FAB18FF9"
"mobile/openapi/lib/model/server_version_response_dto.dart","3715","2F657AF24274CE27C59755E1907EA63CB39DEA11D7338E37C9A1E33128BD8B9F"
"mobile/openapi/lib/model/session_create_dto.dart","4809","880A6ABCEA1950E6B8B3B57E9B98CAD19CD70A9ECA21918D04D2A988A122640B"
"mobile/openapi/lib/model/session_create_response_dto.dart","6066","D279F403C2AA713519451BB6A6D8505F11D768404FEBCAD2B175666C1A7E1CF5"
"mobile/openapi/lib/model/session_response_dto.dart","5721","9B1BF897E941C4F616AA7E821ED0B050B64B3FE108C0F5A041DA2A4B0214F3D9"
"mobile/openapi/lib/model/session_unlock_dto.dart","4048","F7E76E965046610CDF71AAA6B85168A03E6CC7F5C747ACA7A417188476AB7673"
"mobile/openapi/lib/model/session_update_dto.dart","3457","11D6D76D74AB5189B043C30C8E1C4E07B95A78A065931A32D8BE8262A1329B99"
"mobile/openapi/lib/model/set_maintenance_mode_dto.dart","3835","54D66983FF1F89D50F7453F6430BAF06B074267F3D9CA0F526D0D39100A25DBB"
"mobile/openapi/lib/model/shared_link_create_dto.dart","7387","C992BF205DF96B93FCEC4C424865617DFBD4B575DF1C6BCAD90BEA3704257C8C"
"mobile/openapi/lib/model/shared_link_edit_dto.dart","7978","0F92B2F83F35A8634DE10611F54FD78ED103C9CD51B4A791F6194234F2639CBF"
"mobile/openapi/lib/model/shared_link_login_dto.dart","2921","E7F9F77778E7428F9D9070AAE4230C4668D9460B2DCC1FD47C62E70E063B446F"
"mobile/openapi/lib/model/shared_link_response_dto.dart","8532","13F1BA32D60EF6EC4063D1E4782D5D64D07E80278D06B226DFF589BEF0E6C9FC"
"mobile/openapi/lib/model/shared_link_type.dart","2684","D3CBA9D84F30CF1507F8D8F08F696421F6EB8569F54DB58E7B2DC65A3CD5939D"
"mobile/openapi/lib/model/shared_links_response.dart","3252","E98768D7AFA97A7A172CA0B7A8702B1AC4995091295AA5920512A5F1B919C8DF"
"mobile/openapi/lib/model/shared_links_update.dart","4084","6BA3EACCD0D9325A2058751658BF3928E2A6C4789BA8FEFEA766AF3E5DA9999C"
"mobile/openapi/lib/model/sign_up_dto.dart","3186","29E8548DDD6698269BD850F8456064999CD60EF735E8316ABB6A8B5B1C70409D"
"mobile/openapi/lib/model/smart_search_dto.dart","28722","72C94C4D00A6EAAF9FB3D2A04C60399570E233D885F58537D2DBEDE0271440B2"
"mobile/openapi/lib/model/source_type.dart","2731","5AF4F9BF09C69A13E76C7CB7B3A786D6D1C042DF342C59E76051950A0DC0B991"
"mobile/openapi/lib/model/stack_create_dto.dart","2988","A1927B767078FB8DDDD60DF60AC60F3C2C51BBB4261F2ECD47A7315341295371"
"mobile/openapi/lib/model/stack_response_dto.dart","3408","7E40D3E92344271446759F7EF6B7C514B9D75EE3922D8BD9663E58C8EAB3D070"
"mobile/openapi/lib/model/stack_update_dto.dart","3359","096F9D26A1AA388D7AAC59B700B0AB61EC06C6138A68472EC340DE807DE3A728"
"mobile/openapi/lib/model/statistics_search_dto.dart","24538","50469E78A8FAD673F9010D2DDA6AD95BC2ED904B95DE579AADFF36C40BE31943"
"mobile/openapi/lib/model/storage_folder.dart","3161","6EF3ACA6B85147AD65499B78A2A73BED8CE9EE51537953DE19A2BC9389D1E697"
"mobile/openapi/lib/model/sync_ack_delete_dto.dart","2890","438DCEAB97778F4C45EDC204AFD5E6D161ACDDADF66B1C2E0D4B815A228D7E24"
"mobile/openapi/lib/model/sync_ack_dto.dart","2914","DA09D7F9311C17EA13D9907EDD778518BB1723C37CB837AD87664D5E7CFAD07B"
"mobile/openapi/lib/model/sync_ack_set_dto.dart","2906","6C682E7AC23FEA8A3ED9617EAFFF1F088ADA40EBB849994612352A9CB11EB4C2"
"mobile/openapi/lib/model/sync_album_delete_v1.dart","2878","00E45EA4DA4E3719CC8179F09421586885276F0A321F94D75BBE439EFB5D0F29"
"mobile/openapi/lib/model/sync_album_to_asset_delete_v1.dart","3261","63EC2433B281564671DE32A2EA69507643B20749D5835CD8BC674A979DDC427E"
"mobile/openapi/lib/model/sync_album_to_asset_v1.dart","3147","3157F3908B66211FF0273966666AD4681BAA9B667A335604F1F4F04FDFD6D481"
"mobile/openapi/lib/model/sync_album_user_delete_v1.dart","3191","7902EB749EA51D73A25DBFFE5286E0E1BF1F4E3D18F41DF3271B0A367C9CD25E"
"mobile/openapi/lib/model/sync_album_user_v1.dart","3283","93F66462B94F78A09EE36BF2E2538475B15D5ED92E6A40FCAAD7EFBF54EE7490"
"mobile/openapi/lib/model/sync_album_v1.dart","6432","75A999B600B71D8C28F060A45A473E2A149FC34835E97AE4D1C6E22067CEFE83"
"mobile/openapi/lib/model/sync_album_v2.dart","6182","6BEA612A5F8BB112EC6C7CD68E9CE642AC9AAD35F47979121C5FEC62D12B079E"
"mobile/openapi/lib/model/sync_asset_delete_v1.dart","2878","5369265FAF1D0BF310261760D3683850A3C5904E679987BDCFA745AFCD15B5B5"
"mobile/openapi/lib/model/sync_asset_edit_delete_v1.dart","2941","FC0D9E3B6FAE0263F0DB8DB81AD36B064DD81A604F10D599C5324203A18F4689"
"mobile/openapi/lib/model/sync_asset_edit_v1.dart","3942","AC9E4D8EEDD2DA5A6D7C1772EC274ACBD4C1C9A7B61D8E59EAB22275F87D8521"
"mobile/openapi/lib/model/sync_asset_exif_v1.dart","14061","F16759845A6652A69C7C304AAB9B402DD283CC5373B69B76B82CABB619CF315F"
"mobile/openapi/lib/model/sync_asset_face_delete_v1.dart","3007","F8B9ADCA3DF75485491B96B50739FFD4A4A37F9D750537C72E0906FB55D2D74A"
"mobile/openapi/lib/model/sync_asset_face_v1.dart","6066","570C32E155DFE078F682AC318A71AF4881A881B189AA7346C1B85545213C163A"
"mobile/openapi/lib/model/sync_asset_face_v2.dart","7412","6A8DC91A3AE10C8E31335169C99B5D50A252F8427C9DCC58D43304A41A22D791"
"mobile/openapi/lib/model/sync_asset_metadata_delete_v1.dart","3227","C05B8734B4EC1DD2F504D7773B4AC52D2CCF9FE487E3D123FD2A9826705B4B31"
"mobile/openapi/lib/model/sync_asset_metadata_v1.dart","3378","AA683A547A8C994DCEC2B056E7106C7E77707F5A791BBEA7058CF3349C4F3F31"
"mobile/openapi/lib/model/sync_asset_v1.dart","12925","3F9D7BD5E69EBDDE2A88E15F184E997EEE2ED61C7F38F70559500F921EB3C2D4"
"mobile/openapi/lib/model/sync_asset_v2.dart","12980","43919E5359EEA2ED617F29A7FA4C604892EF417F66B0E18FDD39885AC9F3DEC5"
"mobile/openapi/lib/model/sync_auth_user_v1.dart","8381","B420AA6E49DE5C760D6958D15A4A5FE86A6B208C1FFC532019066B064795059D"
"mobile/openapi/lib/model/sync_entity_type.dart","11819","6DB4FE553F10F2E3D496295CF2870093A30513FFFD80AE36307DEE9BF9BA1347"
"mobile/openapi/lib/model/sync_memory_asset_delete_v1.dart","3255","8F25E976B67E3F5FD7EC1A2A7C84E49A854036631389D9D853D94CEB64E34837"
"mobile/openapi/lib/model/sync_memory_asset_v1.dart","3141","6686F200183B9FE7A4B1E1E922443F09577397298127C4CCB0C71C6E59BD475C"
"mobile/openapi/lib/model/sync_memory_delete_v1.dart","2910","D80275F667BACF25F6C17F2F8C454B5097E3E40DF2A543AA137880BF69F652DE"
"mobile/openapi/lib/model/sync_memory_v1.dart","10489","DCDEF51E4CE5897ACDBDB825E48478AC62ED61072F22E0E2B8EB02D2770800E0"
"mobile/openapi/lib/model/sync_partner_delete_v1.dart","3272","D11B9EEF6FBE04BE8FA6A8427C853FE64190B38A4C6E7028679CF215C253E763"
"mobile/openapi/lib/model/sync_partner_v1.dart","3443","CC413D9A75230A249D43A10426A2D66234485EC08B3D8734933176F31EE85BC7"
"mobile/openapi/lib/model/sync_person_delete_v1.dart","2910","B2AC177024E6CCEB2F90D1EAFD709C15423DE298C02014DA55FDBA4CA4FA2BBA"
"mobile/openapi/lib/model/sync_person_v1.dart","7392","ED34F8D79AF9B0990C6F275EF4A8949E4E05396BF43A8BD63359059DC57E77CF"
"mobile/openapi/lib/model/sync_request_type.dart","6383","6B217D5176D06DC9EFFFADF38B79109709DD117735451666A40A505E2C7B6637"
"mobile/openapi/lib/model/sync_stack_delete_v1.dart","2878","61C0BF2718A3C3308A49B7EFDC043C6CB4F0D51A069A5CEFD7A776139E0503D1"
"mobile/openapi/lib/model/sync_stack_v1.dart","5160","CD879E28B20ED02C009A6DAA02926AC10160CCFF87BE8F0C44704ED7DB634391"
"mobile/openapi/lib/model/sync_stream_dto.dart","3488","3F09070EBC24C80A39C7012F8BC2A3C8DB5394D54B969D07ADC7000F0A6332EA"
"mobile/openapi/lib/model/sync_user_delete_v1.dart","2846","4D2AFD01149BDFC25286F17787EB5F83DFD81C03BCBFE16C4AE4DAD3DE6431CC"
"mobile/openapi/lib/model/sync_user_metadata_delete_v1.dart","3196","AF81C2C2B86ACAC07C4444C5647709703B282970047B1013C5D522662F6BBC57"
"mobile/openapi/lib/model/sync_user_metadata_v1.dart","3361","3504E88B7D02DFA92348B05BB3D5D61A910EA8D4DF28829998EF62AC35DABC3D"
"mobile/openapi/lib/model/sync_user_v1.dart","5956","BDF5F7B53C2B3EB7242F5D142B0FA5899A74AB95ABCF469D18A8B11A0823FFFE"
"mobile/openapi/lib/model/system_config_backups_dto.dart","2991","40CFB07B82921E617C6B52E3F4CF4BDD3F7101D61849A120639CBE1BF62C6061"
"mobile/openapi/lib/model/system_config_dto.dart","8495","BEB876FF889E075DABD528348252560EDB4076979E1311B2C34673855A50467A"
"mobile/openapi/lib/model/system_config_f_fmpeg_dto.dart","9190","3F7C1337D5805D4DD589062807C1495C373339FB622BC5991B7B7040112D146B"
"mobile/openapi/lib/model/system_config_faces_dto.dart","2926","9BD877C4B9B88F139916286BF893FC1A961ACD5C6054EA5CDC310B76CAE2EA83"
"mobile/openapi/lib/model/system_config_generated_fullsize_image_dto.dart","4513","C8550250A0330513B77BF46968FAE7C76CF788B81D96B54CE27BF534B70DF417"
"mobile/openapi/lib/model/system_config_generated_image_dto.dart","4387","913BB14CD004913A08279E9157D821A0582207B7421D6F71886536CE582E3398"
"mobile/openapi/lib/model/system_config_image_dto.dart","4181","BAD870E32669FB6C04C96F31E62E2D2E0AB91B27F7FA85BFCA71FC2E66DA01D0"
"mobile/openapi/lib/model/system_config_job_dto.dart","6684","B47ABFD3B4C5CDE6E1ED94E916A444CDF8429DECEDAF85BFB3DD67663DAE9645"
"mobile/openapi/lib/model/system_config_library_dto.dart","3201","85F7959D636EBEC797DDB0A56723C3216383D78224A57285CD8AA4CB07386900"
"mobile/openapi/lib/model/system_config_library_scan_dto.dart","3385","9E68897748F8D9AFE5126AD8A8E7F66DBBA70E7B19F3450547BB2466525A8D32"
"mobile/openapi/lib/model/system_config_library_watch_dto.dart","3063","202A4589D8A6DFDD28688A3EA707C8A30D4606AA933DE6B53A18CEA9B54EFFC3"
"mobile/openapi/lib/model/system_config_logging_dto.dart","3176","8E3C8D7B0E6BEACD3612D1862F8432E85327269E016BD15DFCAE012577070C98"
"mobile/openapi/lib/model/system_config_machine_learning_dto.dart","5044","68E3582700C8DB9D3822914705A8954E2E2E4E74BD8FB7259FE51431318E9C1B"
"mobile/openapi/lib/model/system_config_map_dto.dart","3473","886F0D9071859F4CCBBF797D0EAA665BEA27BA96941A6DABC7AA402D4E07CDAC"
"mobile/openapi/lib/model/system_config_metadata_dto.dart","2974","EE2952EBCD2A45076A3886BB26E04CFEBA5B10737D05D2FD93C6F27DF09FE34F"
"mobile/openapi/lib/model/system_config_new_version_check_dto.dart","3120","5B1A2B9C1B91724F20D1ECF405B58BC3B9CCCB35359E1D0CDAD914AB20DA3C4F"
"mobile/openapi/lib/model/system_config_nightly_tasks_dto.dart","4872","E3CD2E78619FF165ECF837D1747CA1558037452599EB6AAC48A66E0AC9671DAB"
"mobile/openapi/lib/model/system_config_notifications_dto.dart","3055","AA6D1B7AEAFFDCD312A48714D1F376806457B6A97662664BEFA1903C93885860"
"mobile/openapi/lib/model/system_config_o_auth_dto.dart","10097","4D6F35FDC53AE967C5B710DA2F4AA121F683ADFCFE6E7F3EEAE4DCAD4A447425"
"mobile/openapi/lib/model/system_config_password_login_dto.dart","3082","481A03D7CF3124DD744C0261199164358A983471DD671F4F8DD26512C0A9714C"
"mobile/openapi/lib/model/system_config_reverse_geocoding_dto.dart","3139","774977BE5CFE9E06102923E830BD9CE5E52A08E49B63B6E35513B28C003411A0"
"mobile/openapi/lib/model/system_config_server_dto.dart","3711","1C1D2539B277BEEFF77729F5E20A4EED38338BE104927548F5E62B29EEA903BD"
"mobile/openapi/lib/model/system_config_smtp_dto.dart","3743","98F272D5A8A28CFB2EC2F711768E121991E0AB05E9BE16FED3CBC8B8AA7867CD"
"mobile/openapi/lib/model/system_config_smtp_transport_dto.dart","4451","E1D22D85CFA0B27D257372592A3B44FB7BA886E9B0D6AB408236723C124CA5A2"
"mobile/openapi/lib/model/system_config_storage_template_dto.dart","3837","B3BC11B44E033DA3659F11D1544931A3FC1A629CCDC6A0D25789F437DA372161"
"mobile/openapi/lib/model/system_config_template_emails_dto.dart","4024","FDE3F97C977040310A508646D22FDFC570C69D7E413191BAA1D78F1BC059B8C1"
"mobile/openapi/lib/model/system_config_template_storage_option_dto.dart","6782","08183F316ECD1CC56FE532219011F4E0ACEF9B0300DE576DAFF2AFB2BBF05562"
"mobile/openapi/lib/model/system_config_templates_dto.dart","3011","1E7BF2E5B4E6305C7A58F0F7AC756C95A3002CAB020B0F74FA9F11130A65DE4C"
"mobile/openapi/lib/model/system_config_theme_dto.dart","2973","33F96C712DB37F6AF991A087758D2F3553A36AB7B0E1D4C44C864B4ECDC7A113"
"mobile/openapi/lib/model/system_config_trash_dto.dart","3201","F286FE5710AC5D41C591F8C19460F2D8919824FF797B13DCAA2588D386BDD022"
"mobile/openapi/lib/model/system_config_user_dto.dart","3029","DB5EC7A0B08F11F4C8F816FCB7256873F75FF644084A96AE71A2E749AD578FEF"
"mobile/openapi/lib/model/tag_bulk_assets_dto.dart","3353","125EC8FB4E1426DF12FC68D124E50EA212E80B9893FFB3E5129E79270ECB6B4E"
"mobile/openapi/lib/model/tag_bulk_assets_response_dto.dart","3079","07189A10754F3E472EAFBC5956561E631CCB6191F86962B230D0A28FB4847A7D"
"mobile/openapi/lib/model/tag_create_dto.dart","3411","25704596F6D7F1726E3E898E81F8986D48BC45E5A7D9E4FF6E9A964E08A144CD"
"mobile/openapi/lib/model/tag_response_dto.dart","5179","1D7555E8F8432DF50CEC730A082B59F9F61667C1ED8E8F3ECEF24D9E3DE8CE47"
"mobile/openapi/lib/model/tag_update_dto.dart","2845","29855435B99B0E15DF9757BD12D06966DFE7B5C74D341271047BC2AF3D2732B7"
"mobile/openapi/lib/model/tag_upsert_dto.dart","2877","6E1BC17DE86CA8E9ECD12924D5096CCFC5F809BCB1431E0DFCBF7C18D5684C5C"
"mobile/openapi/lib/model/tags_response.dart","3103","180A7F61058CB4224A40E0E0197228BDDC90D659422FF493B85B6999926E0B0E"
"mobile/openapi/lib/model/tags_update.dart","3935","F6A38557A8F7114B82C6CB7F9D1CEACB2C07C92906FE568DF5485C54E5E290E8"
"mobile/openapi/lib/model/template_dto.dart","2781","EFDBD7107A360EC1B11437535B71342F2FAF798561FFE59630231ED0C80C8B9C"
"mobile/openapi/lib/model/template_response_dto.dart","3112","6B6912BCF6D66C7F9131461F2DC33AA4FEFA06F8DB23B147C12D121AC342DBEB"
"mobile/openapi/lib/model/test_email_response_dto.dart","2967","ED9AC1B113AFE4E80EE38DAE86DACF5816B54373859B598EA169E21DBF87AB3D"
"mobile/openapi/lib/model/time_bucket_asset_response_dto.dart","11437","CF8C094E2CE939EED2201EF07190B6DE8657E69B053993C1319C8D26782110E0"
"mobile/openapi/lib/model/time_buckets_response_dto.dart","3417","E0463C2D2F9A30DC1797F272097E7947B1457A2F3CC70FD6E8B2F7B03BEC9640"
"mobile/openapi/lib/model/tone_mapping.dart","2834","6D5BCB6DF2FB0530707254919A489928AA5B1C01601B6E3EEAC1C6559A35AFAC"
"mobile/openapi/lib/model/transcode_hw_accel.dart","3081","3C8CC744C3653CAB5F71F25D8D3C676C522E0B6F675CB7C19BBFA1F9E7F70B3D"
"mobile/openapi/lib/model/transcode_policy.dart","3074","B995BC3BC256A6E1F42B0C2B682624E45BBCD7BB287BADA5E604B64DBE82CCDF"
"mobile/openapi/lib/model/trash_response_dto.dart","2928","60B4E1FA05DBA8CD2EDC86F8A79B9743AC0C9F44E08F81CCD400900233F1C864"
"mobile/openapi/lib/model/update_album_dto.dart","6394","8C0158DE72B9A1F8EB6ECA82B24C8791FC935065A26CDE4E982FCDFC151858FF"
"mobile/openapi/lib/model/update_album_user_dto.dart","2853","94E8FC7FFC664259B3DBC6B8CFE97B46EDF57DB643A36A3CBEB452E6178F8270"
"mobile/openapi/lib/model/update_asset_dto.dart","7977","338E077C51702C8E909BF7CFA841FE4907E8239F657AA8AEF10CA3A58AA5E16B"
"mobile/openapi/lib/model/update_library_dto.dart","4169","D4054CBD44D1055091D29B6E41407A2B162217672FA4AC460725FEAC71364D59"
"mobile/openapi/lib/model/usage_by_user_dto.dart","5445","279061626FD085740DA81C349502D1B1BD9112A0687653BC7BD8A5788D8E1707"
"mobile/openapi/lib/model/user_admin_create_dto.dart","7277","5CE4768B7D67698593CA8D9835243CD6088218A164DC757514E960C938E37350"
"mobile/openapi/lib/model/user_admin_delete_dto.dart","3325","478F85CEAD14C608C2C0B126DD09D71E3FE02CE7F6116BB9C7AD554509C9AF49"
"mobile/openapi/lib/model/user_admin_response_dto.dart","10380","56813518B23C6658EEAFE3167437E223A7A21EF22C4112EF61FB9E50B0E57207"
"mobile/openapi/lib/model/user_admin_update_dto.dart","7886","3A52D06EB5BDDF5B6A1AA60996175190BB3FE38CE115E62AEEF1C19EE026D75A"
"mobile/openapi/lib/model/user_avatar_color.dart","3612","AF4736A9EA481815C33A4D17577C96934DB4A2F94DD60EFC90D0669E3A75E141"
"mobile/openapi/lib/model/user_license.dart","4138","FDDDF0AB294219704EC58E27A5235491F5AA0DA4A55F77E59A42477B69BAE63F"
"mobile/openapi/lib/model/user_metadata_key.dart","2865","EBA20FA45D3E1338CD596A4851D87CD9B99140D1F531A6B4BA0EB87B519A1351"
"mobile/openapi/lib/model/user_preferences_response_dto.dart","5645","76FC223DFD5BE2A00B2F794A360DCE4D6D0236255F7996F5F48F47E32A30C213"
"mobile/openapi/lib/model/user_preferences_update_dto.dart","10993","192DF3446FB0AF3DF8CC22848FA8822DAE967EAC828910AE4BF4DF4707376986"
"mobile/openapi/lib/model/user_response_dto.dart","4275","11AF504E349A151EEEFE7D9C308E7F525429DABA1F2EC3EA2548D19CB4C5901B"
"mobile/openapi/lib/model/user_status.dart","2694","4AF9E32FC6DA97B819E6BDD136534779066DF879FC6C94FAF1FCD88685AEA9B5"
"mobile/openapi/lib/model/user_update_me_dto.dart","5016","F7D55FFB5E03847C3D5E901FFCDB76799F97D324F3792D5826CF5C43534A1E05"
"mobile/openapi/lib/model/validate_access_token_response_dto.dart","3170","B1E61D278D6B775E984D48DA937750805A019634B7AB97C5FE1CC9584312BF87"
"mobile/openapi/lib/model/validate_library_dto.dart","3575","E28FEE7AD2B35423ECAB793975847F136303A157DF3DA2789975DA04A2B16686"
"mobile/openapi/lib/model/validate_library_import_path_response_dto.dart","4216","0101E23332F864BC81E854C3056A45FD91CFC5B9410A8D567574447020AA343C"
"mobile/openapi/lib/model/validate_library_response_dto.dart","3189","2FC3184592410EFFE9A3F65B023A1B903FB50184F901D70DCE57A28AFA3528E7"
"mobile/openapi/lib/model/version_check_state_response_dto.dart","3705","FE21E70A55E8613491AD192D5C11B2DAA612321FE0183A4545A6E6FA89B84666"
"mobile/openapi/lib/model/video_codec.dart","2747","DB18FE3842EFD1DC75B56A4C6AB36493329E53443120F48A88599A6D2589905D"
"mobile/openapi/lib/model/video_container.dart","2861","F6DBC08D1E3ADFC781BA2F7ACFFF9BB8B143A6A526D4DA7097DB21A14F598FBC"
"mobile/openapi/lib/model/workflow_create_dto.dart","4497","626D6EFF85C75F9758AE383B3F2173C5F41D448E8130FD9B110AD94814CEB94C"
"mobile/openapi/lib/model/workflow_response_dto.dart","4935","2164E22E735BF67C1FA69F81D7AB5E344A744623E3A342B5C80504C1FFD913DD"
"mobile/openapi/lib/model/workflow_share_response_dto.dart","4037","080CC6941DBF5393C6DFACE9F1045AB86348F4AFD65B32C392A10B2EF9030C24"
"mobile/openapi/lib/model/workflow_share_step_dto.dart","4012","6F0A3F103EC6487CAAF4EA0D73A06A9B71A2B04FB89139971E39169F01E6F12D"
"mobile/openapi/lib/model/workflow_step_dto.dart","3917","41F7DAFE3BEB0C05350D0818231F42F7B7D50B3D6BE6F4C0E098CC513E438FA3"
"mobile/openapi/lib/model/workflow_trigger.dart","2977","33D7286AED67AC6B849DF3AF9616E1C7AB820621154AC837B59469BEC21A226C"
"mobile/openapi/lib/model/workflow_trigger_response_dto.dart","3313","6ABB1189D69419D42FD580B5FA5F1AFDCE35F0EF04156DB7AECE778E754047FB"
"mobile/openapi/lib/model/workflow_type.dart","2658","BB77E379E24A99B555A4353EC7C9E122B310E0F5DB9AC0F04D6C6A291A91A5A3"
"mobile/openapi/lib/model/workflow_update_dto.dart","4929","2FF4A3A3934E4A94C9AC09677067265D030647FFBE96AE2FB43F546F5084A3DF"
"mobile/openapi/pubspec.yaml","309","D90170423AD10E6A51DD1C927A4536B6FBEA34A6AAD19D713CEC56BF9A144ED3"
"mobile/openapi/README.md","52102","265BB94D696847813F7B7A693F4C15739743804E2BA7E425BBFACA039743D560"
"mobile/packages/ui/.gitignore","255","0EC5785DD4B9B11ABBFACF943A24E146397BF41A919E4F90B614E0C6B997FDFD"
"mobile/packages/ui/lib/immich_ui.dart","443","ADE4F55EB6D99FA77BD4B2A03FE7ECB854DFD0D103F5336303FDCCF81EADBDA5"
"mobile/packages/ui/lib/src/components/close_button.dart","675","FC6924CA496754D0FB860484DBB8EF2F128D3F6196E4D4CC7C2017DE65F02DF4"
"mobile/packages/ui/lib/src/components/form.dart","2462","5392B565411840F846BACCCD300A9FF97D7EB86D5B3AC8872707E90D42B87B78"
"mobile/packages/ui/lib/src/components/formatted_text.dart","4238","61ADC045189B8F2873DCFC1EC38E2EB8BF23D4F04F3B595859EB2A8F54A57F61"
"mobile/packages/ui/lib/src/components/icon_button.dart","1523","18A06B7BCA6C9A1EFE2C891C5105F3840519F415E2539E02509E913757D7A5A8"
"mobile/packages/ui/lib/src/components/password_input.dart","1573","3DC8342D9E5767F5CFA5DC11BCC2D394142FA4E7A89DB3A333216830FC266051"
"mobile/packages/ui/lib/src/components/text_button.dart","2388","FD4EA8FC83728D9EDBCF3B7BD400F6A5DBC8A68A9B28027BE9A1CF8C9E68E3EF"
"mobile/packages/ui/lib/src/components/text_input.dart","2531","66F87150237D0DA330B8AA4D3BAD1AA1A7BD5648604EA0AE4045E35BBD0180B7"
"mobile/packages/ui/lib/src/components/url_input.dart","800","931D6B66970783CD9DFE369F043ABECAE6B6DC44C1B9650BCA7B766D8E50934A"
"mobile/packages/ui/lib/src/constants.dart","4891","D8D64ABE48A1F56CF5904B41E7178FB756B6350D5617E0EA3FE03C67CBC77181"
"mobile/packages/ui/lib/src/internal.dart","215","D5138C90FA8B6CF9E01080EF4F025A0DAF708DB7AC7EAEFD1D56B8A6AF9D1740"
"mobile/packages/ui/lib/src/previews.dart","1971","31117C71ED1AE98C2AAD0816799BDDF2040EACEAFC08B74A7990ABA2BE9752C9"
"mobile/packages/ui/lib/src/previews/close_button.dart","843","2D5444A5F1400D0C13CD5FDDB08B55A612FDF9B69D6ED54D978CEB29BCA81E1D"
"mobile/packages/ui/lib/src/previews/form.dart","2244","D2BF0E39C43EA63F69F311E480B2C4D65BBCF05E951F83634DA1754240496AE2"
"mobile/packages/ui/lib/src/previews/formatted_text.dart","1829","BAEBEA78AF90B0A3F490DB85718F56D277AC09D5B50189C4B3A6C17FA650A561"
"mobile/packages/ui/lib/src/previews/icon_button.dart","1349","9BEFD6F439289AD9B5F9017FF18932158FAF636FCD4566C3C4007BD421E98F22"
"mobile/packages/ui/lib/src/previews/password_input.dart","593","79DBF4DE578182CAAD0B6FA9B0A9F9A021C330B55C2F265CEE01AD6AADC733C0"
"mobile/packages/ui/lib/src/previews/text_button.dart","2627","A05201E20A6064715CBA9BCB5BB6A94C716AC92ECF88850735FC62E3E90EC310"
"mobile/packages/ui/lib/src/previews/text_input.dart","1894","859FFFFD6894F709F946CAF697AD0AFEC2D4BB6406AC954FCEFF6313D62A653C"
"mobile/packages/ui/lib/src/previews/url_input.dart","770","974303CD393D8AFB503F0BA0D26ABDDDA747ADC23A4F094F4D901FF0791908EB"
"mobile/packages/ui/lib/src/theme.dart","1563","BA2628A825B2CB13274A27373E7A283F02A6439336A4F8B369BF6E45E1FE4DA4"
"mobile/packages/ui/lib/src/translation.dart","828","01BEADC356193396478FF6997296018D803D580756A74D3BE12B0E4DF17E9776"
"mobile/packages/ui/lib/src/types.dart","88","C92DC584BBF7A7F7DF602563741FA0BA71B914D39E5B081F9AD5C0FA0564B75B"
"mobile/packages/ui/pubspec.lock","5380","2E94A53F6A1ADBD6E40B4E0EAC5474F21B5EBEE404B1D1FAFAED39B9E4EC0F31"
"mobile/packages/ui/pubspec.yaml","205","0765307C0C6DA2F7BB85276DBB9FD8349FE6945EEFA97CAD7498CE68262E3BFD"
"mobile/packages/ui/test/formatted_text_test.dart","7076","94D34EA042D0D99B02D118A1807360715FB350C10DFF4334D4FDFDD90322757C"
"mobile/packages/ui/test/test_utils.dart","329","F45DC0E89BC787A47C54337B87D369A45F02ABE14ADA74192E237A7CF4DD3C60"
"mobile/pigeon/background_worker_api.dart","1621","185A41BF1CE2284FDCF28E87DF901D0511D1F23325FE78F4F6E2E81A6F20DA52"
"mobile/pigeon/background_worker_lock_api.dart","506","4C0D874C3B091CB95C738DE3EFB46801C7C489155F2C933F74E15EE6F7F25D88"
"mobile/pigeon/connectivity_api.dart","706","56425151EA0E6FCE59E21543782EF3E95C3377DE83906D4479265CC46C351F2A"
"mobile/pigeon/local_image_api.dart","837","FA3826C30B5A7738F28DB522656455F32F758C65F3E39B7B3F7CD14A1796F941"
"mobile/pigeon/native_sync_api.dart","3517","51404E17A27C68E8BF955E603421EC7B0B26C4805526E00DB731F7345E15F397"
"mobile/pigeon/network_api.dart","1151","AA4BEA8B3B214E88DAF687ED9412F9BF71C91B68815B176E0F163559398958BC"
"mobile/pigeon/permission_api.dart","639","B326E52E4889BCB16889F70451E98F7953691D367E9909DF2650B1DE04B703B8"
"mobile/pigeon/remote_image_api.dart","730","ECD80A8B9164EE2EE004B474A525EBCDBF7BCCF9E9CC4793A1AE33E2D2430E49"
"mobile/pubspec.lock","61976","7A7C1A8B9675009F0F2EE13F5966DA4A9C58AAD3AF2344DC089E612F81B6D5CB"
"mobile/pubspec.yaml","4054","BF75388D7571F0211608D5ECDD91A31A0336DDEC7B39051606828D37DE6FE924"
"mobile/README.md","5108","A1CB40210D9B38D966EC9EFA7B34E15B70D59E184907FE50CB47B0451EB0D67C"
"mobile/scripts/check_i18n_keys.py","599","76F19DD60958C48C4102A0255E709FF6F950D4F8B799114DA430C422AB90B5E4"
"mobile/test/api.mocks.dart","188","6E27193E8157DB3960F9CAD8C3AC71E2817B458F52741736077A21268070EF45"
"mobile/test/domain/repositories/sync_stream_repository_test.dart","8022","C776298580CFD84B135CA5A97F46968693D4E15968872CDF2641D781EB9C77C7"
"mobile/test/domain/service.mock.dart","593","302487384ABD75D2AEDB78679959E863DE533CEE6344CF477D90B1624D2B92B8"
"mobile/test/domain/services/local_sync_service_test.dart","10848","EC9D646C5B352A5CC39CC428A7042DD8B97F8B29A4CF04C178CA34CFD7A4B762"
"mobile/test/domain/services/log_service_test.dart","6317","E81D45B73DFA3476E56F0A13F4544C8CC7F08CBFB99AC36C4FB759D9113B4FDD"
"mobile/test/domain/services/store_service_test.dart","5480","18DB15C8CD9E75221FC62093BC7BC2C8B5347827A6BF5BF578D6DB82B5C4A6F7"
"mobile/test/domain/services/sync_stream_service_test.dart","24972","29E56963246722B222F9CBFCF8B637106DD12B85A097749E518F36C14C559D56"
"mobile/test/domain/services/user_service_test.dart","4395","05071BA917A20A46590AE156ADF7B9283FBEE3A0A6FF836FB843F07361F6F852"
"mobile/test/drift/main/generated/schema.dart","2974","28714465964A0E3107516593C4D917DF37DEEDE6D84EB7CD1A962A798A735EF2"
"mobile/test/drift/main/generated/schema_v1.dart","193781","BDFE1B73684B409E871BBA5FEC391A94DE71EE78AB57F32F76BC002A574C2ED0"
"mobile/test/drift/main/generated/schema_v10.dart","232262","5A983140A46BF2AB06140E2FA64BB7E17397C213EE4BB917EE541433CFF645A9"
"mobile/test/drift/main/generated/schema_v11.dart","233582","2EEB807B4F48B12FB23E7E629E2D6B9B06F313D2E9E609DB2BC988CD8C7C823A"
"mobile/test/drift/main/generated/schema_v12.dart","233582","71B8D0B1408B9B39D4A1AF31930B6EB32F3D35A4F58240157BE19FE1C7A1CF30"
"mobile/test/drift/main/generated/schema_v13.dart","252155","E2C5C0EC9D057CA82D9411522457E72C35C9BE75E6CE7B2341198BF80CFD9EA7"
"mobile/test/drift/main/generated/schema_v14.dart","256475","90D0BF4AFBD616B41486392794A1225963F7A65F30CF249B3D7104E2E675F63A"
"mobile/test/drift/main/generated/schema_v15.dart","257571","0BEBF536CB6521934B673962F93018CC2B592DF3BBD8A8C81B54F993B59DF4DA"
"mobile/test/drift/main/generated/schema_v16.dart","270490","8DCE2E26D2E3F93728DD07DB5D0E04E77FDDED57415A26F9B37DF28485A76CC3"
"mobile/test/drift/main/generated/schema_v17.dart","271826","F848F4DE69B2A8F8CEE15778CF576C5C39533DA3B3634D2792E793912C562541"
"mobile/test/drift/main/generated/schema_v18.dart","272044","C7611C73997393DA2179F0C4F32A04E717A8F80262B7100378E8E56FDFA901D3"
"mobile/test/drift/main/generated/schema_v19.dart","274552","40B8381E466AD915F66F6EDBD5B5A3FCFA69D588722572F0E025C133D2D0D710"
"mobile/test/drift/main/generated/schema_v2.dart","193781","FA099AAA0DD15DF63C9F98308F96C6A52C88EBFCC97FE2C5C105C06773527C91"
"mobile/test/drift/main/generated/schema_v20.dart","277311","DBDB4916100F7B5BDBB7D3DF22B0E8623B7FF9EEB242192E67EBF93CC46C0CB5"
"mobile/test/drift/main/generated/schema_v21.dart","280205","B427987C8A01D06DF10908AE25CE81DAF0412238454B69521C68A59E7730E4E6"
"mobile/test/drift/main/generated/schema_v22.dart","289223","4DF9A285442DE048AEE2BF44C79F6E67EFDBF094BA7ECC88D2D6B914E70C3695"
"mobile/test/drift/main/generated/schema_v23.dart","299012","6368A706523593282CA5CF62C83B8694E3FB65F7EE92DE2D68104AB39D482F86"
"mobile/test/drift/main/generated/schema_v24.dart","297314","479A067BAA319F1BB4BBC034195183D25E9A5A1C45A18A32B550610DF6860DCA"
"mobile/test/drift/main/generated/schema_v25.dart","303527","F2FE4CBA15874380FBDE5B2423A990FA4AB3619DCAE3A1C34B325EC6DDB6389F"
"mobile/test/drift/main/generated/schema_v26.dart","304977","F2B3B81FBBB64AAF2F4CEE2262C6689F427F26257B84760D096A8D140DCDF309"
"mobile/test/drift/main/generated/schema_v27.dart","304977","31EC8896BA79D76DFF8CD14558BE48B298F6D81CD2B0F3EA52BE4AFA561FFE5B"
"mobile/test/drift/main/generated/schema_v3.dart","193669","CC0BE9C44EA52B9495CCC8014BB08DFC1EECAF1455A927FD1B87DF4CACBC1376"
"mobile/test/drift/main/generated/schema_v4.dart","208403","CE17579B274C35A4B234B1B244963C052F6619F6B537C8FF2629AAD323E81E3C"
"mobile/test/drift/main/generated/schema_v5.dart","206762","4219C3F0723B4200A9B04CDAF78162B0D5DBDC4F02B3E913899A490B8B199CFA"
"mobile/test/drift/main/generated/schema_v6.dart","208711","690D679F35AACAEC53FD262CA6DF2A91B75878A26CB746FC64F48CD6CA6DAE75"
"mobile/test/drift/main/generated/schema_v7.dart","208920","1655966E04A994C3E719CDDF6923DE3FD163643BB04ECC43E197F3016F149A89"
"mobile/test/drift/main/generated/schema_v8.dart","215159","08A398D72960B0BBF99268375FA2168369F239DCC447B156690B4E9D1B5D45B5"
"mobile/test/drift/main/generated/schema_v9.dart","217214","DCF42CD1CBE27ADF4A795401B5D17FEEFA91ABB01813E89B213FB96C5DBF23A9"
"mobile/test/drift/main/migration_test.dart","1337","1F7EB94E6AEA5E57FB0E1C65D8835DD23F313A565C0FBBBACCBD8376C1B0646F"
"mobile/test/fixtures/album.stub.dart","358","DDFD361E87E13CF623303900305FDAF62DDF81FBC40E80E82FF2F863000778E5"
"mobile/test/fixtures/asset.stub.dart","625","AC1CC77B6EAFAA20A01876891C23078CD879BFAF1114417B58E3CF88FA722588"
"mobile/test/fixtures/sync_stream.stub.dart","3765","E7037D05124C1C4242D43C5062BCB811A3C7AE7800FBA92B485D7988E0B611C4"
"mobile/test/fixtures/user.stub.dart","346","AFAF20C0839A8E74063F28AC2A13DC28E71D0B0FF3BD570CCA7A11CB938A1F33"
"mobile/test/infrastructure/repositories/local_album_repository_test.dart","1696","DEBEE7E7C59AEDBEA0DD971A3956C675A02C0A6B5B345786FA03FF86CB8FBC3F"
"mobile/test/infrastructure/repositories/merged_asset_drift_test.dart","1780","A4C02A955BAE51A67FA3A7E0E3FEC5472B980AEE48F34C6F6008C212249DF3F6"
"mobile/test/infrastructure/repositories/store_repository_test.dart","5446","D4993A6D530D477F628B127487BA250215FE0D5AC4BF649C7999364A2CD1D86C"
"mobile/test/infrastructure/repositories/sync_api_repository_test.dart","10229","F488B365D56DFCB431EC23B00E796371A1754DB7E3291AB32E9B3F249E0329EE"
"mobile/test/infrastructure/repository.mock.dart","2790","37E06DC32BFAAC1E873E09BC9F8745EF413158B3FD5A422DA5A1DCB18FE60D8D"
"mobile/test/medium/repositories/backup_repository_test.dart","10392","4190108248F58BD21E69A1E93DF801B093CE3434637E52C25D2B74A4AF7BBB6C"
"mobile/test/medium/repositories/local_asset_repository_test.dart","25520","17217DFA161010F2F5C663FD6B3C22810FD9FE92CF4517CA53ABD28BDAA0F3BC"
"mobile/test/medium/repositories/remote_album_repository_test.dart","11324","472619A94D7233FAEE251F530F405531D8D7972C9DE389079014D59FAC963556"
"mobile/test/medium/repositories/settings_repository_test.dart","4205","16FAFC1CE0535CE8B1A1396441F93F04D8DD9E10BD2EDB445AC267BA6D8C21FB"
"mobile/test/medium/repositories/timeline_repository_test.dart","2818","BC2C923B1E81FC50854920BFF2526F5A1F157F92B71B65B20EAEB6FC20A47006"
"mobile/test/medium/repository_context.dart","10572","CA592E6764D10B78EE305EA08304B95583E72E5F1444EABE251ACF9BD7F92DCA"
"mobile/test/mock_http_override.dart","2165","5819E796557F801090D40198A5D37884641AFBBC8D6AAEE03899369293AD6757"
"mobile/test/mocks/asset_entity.mock.dart","154","7CF6F4AB805592C9928B09DCDC80FBA5617F380CEC62C586FFA68102FD03498D"
"mobile/test/modules/extensions/builtin_extensions_test.dart","1745","7098C5A06B246BC20D0E50E034DCAACB07EB5E065180888E44C9F43A36C95B93"
"mobile/test/modules/extensions/datetime_extensions_test.dart","1808","E6644F772B82CE26AA7D4F0E2E5B060A24F33259A3172FDC35D340903D0254AE"
"mobile/test/modules/map/map_mocks.dart","511","F6C8A44E6FF7ECF00F08F8B192450CF959CA75DBC0BD1D6BE941326CF711E43A"
"mobile/test/modules/map/map_theme_override_test.dart","5470","A37E4AA0F024369F8099B1D1DA41ABB81571C0BC2FC6DA2594260FA452ADABDF"
"mobile/test/modules/utils/async_mutex_test.dart","915","FC7BF0A3FD668532508ACCEEA3994B75ADEC6E9F0DED1E31FDA9BD5385EFCB6F"
"mobile/test/modules/utils/datetime_helpers_test.dart","2326","1E5761FB6939793DCA3DD973F38A20245979C307CED31AB768D0274EE1F0A284"
"mobile/test/modules/utils/debouncer_test.dart","1501","FEF12CE78601B9A912E487C881128BCF91C1C855B7A14385D228D09CBC856CBA"
"mobile/test/modules/utils/diff_test.dart","1434","589FBB1BC6CB51ABA3AA9B661292632863710E96F3766F96150471D945551DD1"
"mobile/test/modules/utils/openapi_patching_test.dart","1410","33D15CE36DF9C89514270BC9304BF1A10144EC7CAF9C7C59333D8F0F48C5EBDA"
"mobile/test/modules/utils/url_helper_test.dart","4950","2ABBCD5426035AC1994E40FACFB3A67941309BA754F83685B4D7FB83C4081700"
"mobile/test/modules/utils/version_compatibility_test.dart","1058","55776400BCE3A36FF8B4425032A309F8A7C5A1BFB3A5C49DCDBF6A85BBA013B1"
"mobile/test/presentation/widgets/images/cache_aware_listener_tracker_mixin_test.dart","6291","862A6188712B7731C1F0B426DE631050F90253F61FDD09358E8E9929117D53A7"
"mobile/test/presentation/widgets/remote_album/drift_album_option_widget_test.dart","15513","776553D2FADAE9FAE495551A5D238052983935E9671E1E44D85B0636DE61EDEF"
"mobile/test/repository.mocks.dart","897","14B1344CACFE6E7F839EA2D5382D0A7F3F068EE8834AA3319183DEB42E30FEA0"
"mobile/test/service.mocks.dart","431","265FD51F9B43434BB27AB9891376BDF37F51D079C1D502DD0831C152C4055B67"
"mobile/test/services/action.service_test.dart","4586","4307D6ED83A338A9953ABD9299710CF36794E1B72200721538DB2DAEA4039943"
"mobile/test/services/auth.service_test.dart","10982","D6AEC26EB1D362EA7F38F5317AEB9C6F1ADCDD9A3C8C5826D71293D42509961A"
"mobile/test/services/background_upload.service_test.dart","14503","AF12AC7A43B907771E12ED24C5946E36C98C59A376E20C3B593C174C623A7B43"
"mobile/test/services/cleanup.service_test.dart","2940","89B4E0B5AD13A711A93412D8634E2EAE756AF811A761A05B97C6FA6E1E815AFE"
"mobile/test/test_utils.dart","2549","6D644C1CB54B35004B055E98B99EB603FF308199FD8FC072CE16BAB6DCD7753D"
"mobile/test/test_utils/medium_factory.dart","1178","6458D2BEC6EC1D23CE5C321AFFF234E8A89D71E14580919EEDED799F75B0DA98"
"mobile/test/unit/factories/local_album_factory.dart","736","9420E76737C3B036AF5C54B22196713AB8C8C0F9124B69CE252634DBA146B8D7"
"mobile/test/unit/factories/local_asset_factory.dart","506","502C50578CBB086A7C2A40AAFB1EB4B0404C305F0BF2A80FB068B7F28290E748"
"mobile/test/unit/mocks.dart","1058","3C65967A469901768B3D4D12FB03790F9E2F7A2A93E789FD0C8561F662A9A956"
"mobile/test/unit/repositories/settings_repository_test.dart","567","770679300089D9AFECC5FE601A4020215F68ADAF61421D913DAA80B031317817"
"mobile/test/unit/services/hash_service_test.dart","8301","889ECE08D8DEE67468E3121D4DFAE8576798E08B3894DD69F287015C04C2DA46"
"mobile/test/unit/utils/editor_test.dart","10773","C43AED402B81423A8128D45AF3D67B797777C770DF49BE2EC2391D2BDF35E466"
"mobile/test/unit/utils/option_test.dart","3454","E4B3AB30DD188AB0244AFBF11C1484F7DC23DFBE0E41089B8412F40B12CCF4C6"
"mobile/test/unit/utils/semver_test.dart","2983","4D17087A43751D236F9ADA2397673296FCCD670638BF3023457C9FAFFC2F6A2D"
"mobile/test/unit/utils/timezone_test.dart","8972","DDDD367C729EC60162ADB4C7426275971FAD769F4D4350BE5CA909C25D6E29DD"
"mobile/test/utils.dart","810","3C3C20AF627F7CD5BF073057E7187CBDD36C631F855794F5293ED5AAD638559F"
"mobile/test/utils_legacy/action_button_utils_test.dart","38787","0D6A84B8C3E072571B5415EA719A6F32FC4E1BAD72BFAC175A482CA399F92A26"
"mobile/test/widget_tester_extensions.dart","783","DAFF7FEADF091EA679C824EE30BA878A97B8D9697CA8EA9D3FE59CAA44C736C1"
"open-api/bin/generate-dart-sdk.sh","1648","1C4EB019037E12A43E31D402895D81E37FDD42129C269039FA944431DED939EC"
"open-api/immich-openapi-specs.json","721928","6036291E3D41FB87B6A31F7CB26A307E14832EDB651903813A89495A1E8719AF"
"open-api/openapitools.json","153","4C23E2559432CDBBE7A672D00C48B3AE60CFFD6A76FFA20E8F045D05578D5004"
"open-api/patch/api.dart.patch","290","78B8723F092D61B68C467ABDA2A408BB4ECA711DC96DB27B70EB871807DACF78"
"open-api/patch/api_client.dart.patch","4012","2E598A140DFFEB65998234D1372C7B6686387CBCD5E81CAC41FDBE2F2F16C9C8"
"open-api/patch/asset_edit_action_item_dto.dart.patch","625","1F409BB9F8C10A803BE1BE182A488A72C7EE192CA4E969C9E3C7EE1D8F34C419"
"open-api/patch/pubspec_immich_mobile.yaml.patch","198","B90C6118803A8D1ED15FD97B5359FF13C7F29BD528F5697F23F0BAA5711DAADC"
"open-api/templates/mobile/api.mustache","6060","EB2D1F5FB38858B49463594046EE5E19DBD663DB373D79E45926642E2592416D"
"open-api/templates/mobile/api.mustache.patch","3035","ECD8FA52AC90C1E16D0D80CE1526ADE9F47898994B26A6B4C79092ADC983A1E0"
"open-api/templates/mobile/serialization/native/native_class.mustache","12828","1D8DB70B4821493769FA932CC326A687DE3F59CED135D4D0322761E432A06ABB"
"open-api/templates/mobile/serialization/native/native_class.mustache.patch","2616","DC825FB8F6DC36392E16E1523AB112BCCC8B2192E73DBB13745B0FAFB4D5998D"
"open-api/templates/mobile/serialization/native/native_class_nullable_items_in_arrays.patch","966","25D9178C72C0F99740C8224277FA1D77F1F5B1FB72CED86914FA4FC0E26BE17C"
"package.json","559","EB0CDDC0ECEB01675E7083845D077409B2D9080504FEFF4A8E6387FEFC260535"
"packages/cli/.editorconfig","336","D3C320D2C307152259CD4D7C56677CA0362AE605EAF773CBACF5FB91926C4148"
"packages/cli/.gitignore","155","E043B130529D234AAF81E4E26970ECCBCB062E5818466F5C733BC82258649007"
"packages/cli/.npmignore","198","4F7060E9B14664481162000E6D6F4C8CF84F52C41CD21170E87074E9E7EC95CB"
"packages/cli/.prettierignore","190","2139155398CBEC18E77E202C06E574B228CFDF146F437E7EC960D967ACAA4727"
"packages/cli/.prettierrc","193","703D744F6397B6CCF8CE87913FCBF6361C9D01F6D80A84E6EDBF5B0068974A07"
"packages/cli/bin/immich","47","2429C532730BD044BC60D1A2BECBC68AC47D7A888D2165B4C443665871FAE56F"
"packages/cli/Dockerfile","432","9AE2BCC59D74AB56087A3EC3B24B24434B375F71508E20DB0AB1646B389FBDB4"
"packages/cli/eslint.config.mjs","1515","1886ECBAA730ABD32EEE94497EB5BA8E485B407B57FBB0BE6CB3668469B0E2B3"
"packages/cli/LICENSE","32388","A3BAD629F67F442B23B5224419E49EDAFC32E6B9C876B89464F7AAFE6091CCDE"
"packages/cli/mise.toml","1006","D3A2450DD496065CB6BE821A4DC27D56132ECABC7ACF295117F6053B4FB60FCA"
"packages/cli/package.json","1924","7729D5E2CC7E8F39265EC099DE3C289C7BA0DC98E29199CFA57A98A896898A7D"
"packages/cli/README.md","885","9358A3BCE7D26CC0354708242138108244F7B1E979346EB15A9D8B77A33DD6A5"
"packages/cli/src/commands/asset.spec.ts","12442","2B23E1D80D7097610873F1741DCDBB3CD8929C860460F01F30348194C0B31AF5"
"packages/cli/src/commands/asset.ts","17400","5E2E512B6B1B178AC2190F489FB2E1A763DDBDB587AF509CD0F86AE078AF61B6"
"packages/cli/src/commands/auth.ts","1446","97151691BA8D22960CE24168C0A40F7155AE0AAD8C57F4EE4ABCC0A9C9BC2B70"
"packages/cli/src/commands/server-info.ts","1153","FA5FCE98AD41783422223355578B43F1E42B92C330C7918A922973DFF050326C"
"packages/cli/src/index.ts","3528","A0A22EFC1B2C6C088DAEF49D07E27331957C54593B52F4B557A679407B06A14F"
"packages/cli/src/queue.ts","3932","2A875BBCEF0346218CEFA4523DAB9A5AF4D6CB455EDF22ABAA3CABED47309809"
"packages/cli/src/utils.spec.ts","8166","ECF603654B751A38EC73E9E9787D05EB9610C694340C92AA614130200D6BE11B"
"packages/cli/src/utils.ts","7295","4502161D9C7AB3CF44F4EC6B643EB2AF4BF0BA08255CDE7A2D0AA4F99F2F6DC7"
"packages/cli/tsconfig.json","675","290447E6F1169D19B1853FE65A256475375266B05C182EC83DC2A64CC619EC0C"
"packages/cli/vite.config.ts","459","8799ED6AD24187C4224868F064B5045628F5E89D5434C2DC09E14EAFAD497069"
"packages/e2e-auth-server/auth-server.ts","4635","21088AA7B46C4F8FD4B49E25619AACA166B1C7A5F0D73E873B85945C425EF384"
"packages/e2e-auth-server/Dockerfile","203","D933A6A060009BBA1C5CCB75A91965402588835A0F22FCC02FE34D450196E275"
"packages/e2e-auth-server/package.json","355","035C878B72EA16F3C943A8C53CDA01F354E518B86B2A23F66D5D96904E5DAFC4"
"packages/e2e-auth-server/startup.ts","170","E0FB344C6DBE98F7E2FB50FFC21AE351A39C2B69CE21C0964B1465BC9EEC28E4"
"packages/e2e-auth-server/test-keys.ts","2223","9433694A0615D3E4F2F76EE0CB8822A0F2F06C1A4EB47EEDDFC0905D3984279B"
"packages/plugin-core/.gitignore","20","EE7A3274DCD86B4C6ECBA43AD16B066F931A1914C696C1C7AEE5544A51F7E0C7"
"packages/plugin-core/.prettierrc","89","7AEBD4AD837395FEE6F36E9A7064A3692DB411B1EBCC9A4A1AAFD791BE0B996E"
"packages/plugin-core/esbuild.js","333","45A8DD7BE659BFE4B2F15EFAA9F4A24A2E87DC7BB8C8A5288528489AC6CEDED2"
"packages/plugin-core/manifest.json","9445","F44F0CB02776B074406844EA73A30DD13A707548D65C774934E84FC93D164A8F"
"packages/plugin-core/mise.toml","168","347277DB865FB2F21F68AE1451D3E268DE3E77AF140A5A9FEE6CE53C201BA061"
"packages/plugin-core/package.json","556","AAE14A8429E24BAE63F0D74A8BBCD5FFE7856CF294239714CB406D7892D98911"
"packages/plugin-core/src/index.d.ts","709","313F1B29EC2FC0C5FA5E9D6B613C0FE77CF70151A0F762B1CEA9AD6ABE062046"
"packages/plugin-core/src/index.ts","4116","3AF67610F40528DE5C3D4BD56D62CD7B25CA172142CC720554F10DC7BB9CE153"
"packages/plugin-core/tsconfig.json","1041","8A171BC309C86E759EB50E57852C201F86636689FF0246116C5455B11A0FBDDC"
"packages/plugin-sdk/.gitignore","20","EE7A3274DCD86B4C6ECBA43AD16B066F931A1914C696C1C7AEE5544A51F7E0C7"
"packages/plugin-sdk/esbuild.js","195","439705018A190A279A062D29279481593AD84610E49E1AA0F6829E04A5B5B13A"
"packages/plugin-sdk/package.json","939","25662A15644363A34B963FA819D41B67ED0763378B0A9833DE1EDE506229F0EA"
"packages/plugin-sdk/src/host-functions.ts","2246","3D7C0E73D1C579D2140FF0B240F73EAEABA0AD46313A5ADCF6B43C7345FEABE8"
"packages/plugin-sdk/src/index.ts","97","3A871214DD7E5612B674D704BF9D56625682A48E7D07092B70356DBD356ED5FF"
"packages/plugin-sdk/src/sdk.ts","1606","96B29E0FD3B9DDFCC2E9E78E6187EB3DB6D5A37663F0C344A47F2ADE71156B03"
"packages/plugin-sdk/src/types.ts","3279","4963895F7CB10A8717A47CD1D659498DAE2363F06E8F324E1D7AE0D93BABEBBC"
"packages/plugin-sdk/tsconfig.json","641","964598EA96C4998B5B00B1098331768B31101D0770ECE1E9720FD7E301422486"
"packages/sdk/.npmignore","37","BA8382B9053DE4CC8E77BB1C2C0461DBE680B5D20C104EC05D15101C8A3D2BB1"
"packages/sdk/package.json","689","24BF50E67427E8DF6B0EA6776B44695FE74C0FB23B7DC75C40DA82A3FC68A25C"
"packages/sdk/README.md","577","C1C787BCE009EF3DE760A23BA1916DAD295203A4D565355D50E66671AE0229CE"
"packages/sdk/src/fetch-client.ts","195226","07F7662DA5CDD57023C9AFBEF660A3EDE658E2997057F751A8B2C82FA5AEEEF7"
"packages/sdk/src/fetch-errors.ts","479","11E8650331D4FD6C8CF8A2EE4D48652B783A1C77CF1EEAA684537EB5E6838F54"
"packages/sdk/src/index.ts","1679","9E5B67011DAB3AD0DC3140C2F5726AD7CC3251825F90FB01E3A0A97B28F71B28"
"packages/sdk/tsconfig.json","290","F236D75A685B1B110819D5588B18E77EF2269AB6975F6DF15779288310A41872"
"pnpm-lock.yaml","931974","B917B023945688A33AC7F92D862AC54FA8F9265882893D29C12142B92384F7FE"
"pnpm-workspace.yaml","1306","8BBCEDEACE06A898D7C9F5F4D7CF278EFCD0D502E86D174DCEB7BCF051425C7B"
"README.md","5932","69AB297360BC1CFE10A78542110A176AF16C44D6E3437A5FB204A0812BC24F37"
"readme_i18n/README_ar_JO.md","5636","36007C5658EC67A11C6A6C3B1AD1AFA71F78CFFE7D90AF877ACDBD9B78045A9D"
"readme_i18n/README_ca_ES.md","4499","86EB59B2313CA06747610324F3781F5965547C1701D706706DDB834709C4ECEE"
"readme_i18n/README_de_DE.md","6150","A3237E4F2269C25950639665BE219CA0C0DACE22069057F2423B27EAF37ABE5E"
"readme_i18n/README_es_ES.md","5738","603CE6DA9D19D4A79A7E7EC9E5482FB3C9DFBB158983E1A79092DD0695660E44"
"readme_i18n/README_fr_FR.md","6042","5EE348CD684306E243EBBD8DA05292FEFF368EEFF4448AA3D48B9020048763BB"
"readme_i18n/README_it_IT.md","5805","15A050386F757141AC119F3E67047F5B91AFFB70F31E0E4650B465BA159FCCC9"
"readme_i18n/README_ja_JP.md","4849","674613EE8D02692B95D22EB2CB873A0B5A56CC3C5445265578D8BB85C34A7D1D"
"readme_i18n/README_ko_KR.md","5005","F22AB1995FC0F7040148D2B875E61C74764A333999E5BAE53031D1838037617D"
"readme_i18n/README_nl_NL.md","5683","B07FC2B903F61394C89295769F2E3FDAE32A2779143FC0329384C42F138F6E43"
"readme_i18n/README_pt_BR.md","6393","4E5D01B3181C2FC0FCDC478B250BF79E9CAB1CFD15EA3057583161BE0175C2B8"
"readme_i18n/README_ru_RU.md","7591","276E218CCE29F498A54656FEA55FB78ECE9097E71C5868C531FDC7B0A8ECFEE9"
"readme_i18n/README_sv_SE.md","5845","A3E2B8049BD7E06EDA829F7868FFCB03C117F1ACF0A67DCFAC308D26AC227386"
"readme_i18n/README_th_TH.md","8309","A37B022769186DC1A6A98355A21F9FDC53B989CB06FABE834145C544718EE547"
"readme_i18n/README_tr_TR.md","4443","74D57F72FCA4B18D6E0A235999BC6D8757B14A601111EAB7155DD091703EF9A6"
"readme_i18n/README_uk_UA.md","7691","A31C60B286E9205C588D5033B79B39134F0D3BECE937CE48B69EE655FECF9817"
"readme_i18n/README_vi_VN.md","6431","CC5E9C668F96EE00B20B41D6AA510F95A92E191E47919EF0D08874EB00E6FB00"
"readme_i18n/README_zh_CN.md","6217","3B71081094CE7A814C1D4072589828DEA85B40061CA256E40A952BBCF1C5909D"
"readme_i18n/README_zh_TW.md","6071","BC133B9286DDB96F86935C2E4D742CCCF7BBB228B6B67E072F8A50B93F53B19D"
"renovate.json","1048","D408A01A0CB9208A03BBFCBDE0887BAD23AF04334CC250E169A0B5DC95DE9658"
"SECURITY.md","104","55D8213ACEFA500EEEDCBF277638B5F0CDC4D274AE6886349A09F4096CDA532E"
"server/.gitignore","473","73AA84D2D2E677E05C84EEB3BEFF1117FB8C4F9CE0AABDCB9C4F740E2C0A750B"
"server/.npmignore","37","FC3EC13D133428E1A63CED76CA4A6426EB0950135B3785F0917EF5EFCB529F65"
"server/.prettierignore","198","B82FB3EC28B0198EB2FCE1CAE8D20F0306265B823989B07602B69C34DC1B736E"
"server/.prettierrc","193","AE4F374EC54B444AAE67C274592798EC36CCA06074B48ACF0809200342C67B16"
"server/bin/get-cpus.sh","1267","9D3CEBE538AF430F5E7C311BB0AE312ECEA0BBD6F4CBA6557DA53AB561A2EDD9"
"server/bin/immich-admin","46","3F81929A9F81CE630851351A4DDED566363C49B17C024D5ECCDA04FF14285DB1"
"server/bin/immich-dev","245","BD439D6E995980F08BE5D815026E02B065E16B5276D20D14FB6BE756CA801517"
"server/bin/immich-healthcheck","789","D2A5761BE3CE41B096EE29A504D1DD854B83DB8C5A3362385DF0CE3918984639"
"server/bin/start.sh","1892","EEECC3701687B97A99B97667233F13F972E92923EE4BD85AAEE364E34287D942"
"server/Dockerfile","4968","B32020FDB0DC1A59D1C01CD1E8155EEDE0A1FEEC8C39966C5ECF4CA93CF9C120"
"server/Dockerfile.dev","2913","9D2890FA15AB008672C75111729BBE3E6A29ECE5C09FC194868A8C848DD13AC8"
"server/eslint.config.mjs","2334","4906D59570FBA05D3F4DCA2ABCE4E861A14D71FA93A552B5CF8CB357AAB2CDA6"
"server/helmet.json","601","78778926222EE359D278049C886F216AB44D854317044F4C571258F60682A702"
"server/mise.toml","1729","3CB3168E213C07A8D582C5EC70BE75B0B3F6BE4D9A6E7DC9A7DFD81D80871B98"
"server/nest-cli.json","375","F297C9F083E9B548852914C7017B06BD782CB20459F12388A43E482501A05020"
"server/package.json","6156","4F5304D1B65084BD1C806CC78E9F3A0895A379D856F1E460FA48427121478FE0"
"server/src/app.common.ts","3282","0E96B35F11BE0BCFDE0D056FF58F7B44F5D6741E18BDD72FA6B262EFF1BC6108"
"server/src/app.module.ts","6395","175B278AB3375B18A22E94C1F486C93987433A9FD4A913123897B3A61766D38A"
"server/src/bin/sync-open-api.ts","668","392207AEF52A1E4A8BA0448535611D2A01955D216404315D8B4AB7E67323A415"
"server/src/bin/sync-sql.ts","6652","20A8D0D89741114AD654398EE492B369F1FF60115B4F95A26E8DEC72871FC410"
"server/src/commands/grant-admin.ts","1776","0C44333641956144158A42CF9EF1F86CD08451CB7D8B4475739F27501A91A02F"
"server/src/commands/index.ts","1318","A9F2B226947046D64512EFB7047AEFA5432F7CBC78BAE5B0313AA255780AF5AE"
"server/src/commands/list-users.command.ts","528","22FA7366064D3715ECE6DD711FC74B064DAC4347D456B1CF1619B2C31FB50008"
"server/src/commands/maintenance-mode.ts","1155","D6F74FA400C9EFBD1E5CC84CD5E56321642AE53F2AF3AF9984370A745C8CABB8"
"server/src/commands/media-location.command.ts","2952","CA2ECD087B0217A958EC48C8965CF2436747C9E92F13C19DD0A99A7A7FE8CA73"
"server/src/commands/oauth-login.ts","775","A2FF02B602ED97031FC2109FA488E37C812541EB96DD85C9905196BF3645DD53"
"server/src/commands/password-login.ts","819","33B4BD8F2E6FB9402D9DB60D133FAF5E0E13EDD94A1116EFD8D4646B73F0412E"
"server/src/commands/reset-admin-password.command.ts","1511","D9711A9DAAC6FE95073D8237A9FFF8DC7678300572F0060F4F5513DE4F64AE8B"
"server/src/commands/schema-check.ts","1749","746AFDA40F0268DFA53A7E95704DFD537BBA40B03B968FA214548710D0BAD790"
"server/src/commands/version.command.ts","609","1E18C1B79B3F42EFF1E85AD484BFAC293394315BBC3F1C6B4A66C2950D86A963"
"server/src/config.ts","9096","75287C715F430B4BBDC578B4C770A048566C2144ADA4EEC285D6FBCD956840CF"
"server/src/constants.ts","11794","8757B6D5143402A1AC25680DC49BB51AE9424B5F12C39741A8EC915AE3F2615E"
"server/src/controllers/activity.controller.spec.ts","3544","AE9EAE393B6AC7279DD64ADD104770E4308B7A96D0C895F9548993C601CA70C0"
"server/src/controllers/activity.controller.ts","2894","4B2CE978985CBDEE9D41972713DC68996A8D1977D8E637B97EC6A81545C7ADC2"
"server/src/controllers/album.controller.spec.ts","3543","276CC0D8F3D00FD4B012FC7FB2B2743FAEF2AF6D5F1C0C3CDCA9A247367C4750"
"server/src/controllers/album.controller.ts","7514","BBD51E20BEF2EB82B71A122978613B57179467E3BDF8113A608B297CD74F6873"
"server/src/controllers/api-key.controller.spec.ts","3324","DEFBB72290FF137974DFCE62E0804DE78CC456AF827E37550085723799B66FFA"
"server/src/controllers/api-key.controller.ts","3316","D1BE00F77ECF51A91CB85F5344ED5882D1162CAE186A866218990595E90A8385"
"server/src/controllers/app.controller.spec.ts","1595","ACD1908944B20BEE0BF730BC14205C1FF80526815762B7CF79A5F2F0D3DBC74D"
"server/src/controllers/app.controller.ts","585","78B529F4254781F3F1FC5D9CB706E920CA03A9BB1D91262D3252A57330C687E9"
"server/src/controllers/asset.controller.spec.ts","17754","58598E2B00AA300D9A6BB2D3CB5B9E371751135B475BC41083879A2CCFABA1F6"
"server/src/controllers/asset.controller.ts","9217","1FE4AD6A9BDE8B494BDD104B5C7CB51CAA0B1A233DDCC7FBCE5699270712995F"
"server/src/controllers/asset-media.controller.spec.ts","5852","F442546FE5001930B7ED705E7BA82EF54A84329B45FE08CCEA81701C69C33B2D"
"server/src/controllers/asset-media.controller.ts","6964","32C808C9BCC70E53EDE874C8B04E5B4066D32D535B878739C482D0F71428A04C"
"server/src/controllers/auth.controller.spec.ts","10142","683F00BE8104335EBA6A4C3EFEAFB051A3681EFE94175633D9F9296727F427C1"
"server/src/controllers/auth.controller.ts","6376","87CD3B583B8523D3314EA6E7DAE37E4234EA67CB00D549F57F0EA05742C28CAC"
"server/src/controllers/auth-admin.controller.ts","1026","3D5B4B1CCFBF8B3672F86A468CE9AABB2A13F2DA3B07B62C79D19FE9A270C531"
"server/src/controllers/database-backup.controller.ts","3909","CF979BF8040C94DE48EAAB36CA5029F9AAC1596D81F7964A3FF0FB69193E2A48"
"server/src/controllers/download.controller.spec.ts","1477","1CFFF6DA3DEA47156F483EFEEEF1D8113228B355F0356C59B24E3CC062FED404"
"server/src/controllers/download.controller.ts","1911","8BA8078278F99DB563F7D5FD32625AAAB6561D7E752ADEF6B6A6B562F0D75B68"
"server/src/controllers/duplicate.controller.spec.ts","1672","AA894B6A835CF9EFD1FD79F56D369FE46D8521AA5EF4D9E5E871CE4EC4C47974"
"server/src/controllers/duplicate.controller.ts","2647","DF0044A22DA7AC43FDD0E3BFD8C0E6FAF77A22280E4816FFA684E5F29CCE6BDD"
"server/src/controllers/face.controller.ts","2629","528F7FC7357E9E4E7301191C76A5F7D7512F372C6FB0298298E7CD95EA983A9D"
"server/src/controllers/index.ts","3684","69DABC913D7B0B8B70B223EBD553198DAAFCAD8E393E47EA7CA4EC7B48860FC5"
"server/src/controllers/job.controller.ts","2492","83E306BA39E6B1B8F14B43EED4366537701D7AC7EB49D935AF3A684EC90CBF6C"
"server/src/controllers/library.controller.ts","4144","E5BCF5EACAA41645BB96DB21D880397950154D5CEA99BDB86E5477F6BC98CFAB"
"server/src/controllers/maintenance.controller.spec.ts","1521","7B61E6CDBDF5E1809F942D2827A43F381B07C489477A8B0B47D641AA9BE3E406"
"server/src/controllers/maintenance.controller.ts","2933","A363489CA90C8A7651E2496CAAD66CA08E483EA8EFA1DA09D5D210BAC4411E9E"
"server/src/controllers/map.controller.ts","1622","C740740CC726969469D989520F4AA3B259433FAA790110E27CE175C3C3A7CCEE"
"server/src/controllers/memory.controller.spec.ts","6001","14F3FAEBC7E9395F1D558D5419E3FCF984AE30C6CC6385F6573E15AE847E58DD"
"server/src/controllers/memory.controller.ts","4585","9401CDAA5BAED3CBB4322D55469AB5744BDB0DC690DD24742409DED7C047ACCB"
"server/src/controllers/notification.controller.spec.ts","3896","43F6DAA3EBDA07421DC24DE923B9A604F46DC7379072F877D189AE106749EE26"
"server/src/controllers/notification.controller.ts","3503","2D3E4F09946908E36968AE63E1BFF5F9CA47EA47A59D59BA43913F879068EB0A"
"server/src/controllers/notification-admin.controller.spec.ts","1316","F3EFFCA52815E42B48A57078D14B66900AF5707A67C2F386FA9300B9A3C6213E"
"server/src/controllers/notification-admin.controller.ts","2243","8CE3B8E5E7AB12FC4B7DF25CEAFC9BD8970215280202A6A42F4F195C541FD914"
"server/src/controllers/oauth.controller.ts","4457","5D9E5AE2C5AE51204FBC6A66969645742F652106EF8E8F87CD479E648B60D2DF"
"server/src/controllers/partner.controller.spec.ts","3822","41994F75932F7997370205DBD848DF8C3CEDEC7F44AF2CECD367BBF39421FB41"
"server/src/controllers/partner.controller.ts","2929","1B395DECCB9D7434D42E3595FB55AC8CA7C39E90D1F4B78DFADF70227424F0CC"
"server/src/controllers/person.controller.spec.ts","8813","09DA8075A4D7F7F1B5D3A3EF2F44E8AC39BFA3C62FB9A8E01A71FDA13930D3E4"
"server/src/controllers/person.controller.ts","6078","275D6A7FDE0822552E4E7CFBDFB008E300DF18DA6E728CA464B98F3196FD4950"
"server/src/controllers/plugin.controller.spec.ts","2058","D28DE111390AEE11F2E45F76E21CDEC3AC79091823398F2AAEC6872C4ACA4977"
"server/src/controllers/plugin.controller.ts","2091","CDCF9284ACB303F4365F229EF29923212E499BF285C020E0DBD312B31FB12BE9"
"server/src/controllers/queue.controller.ts","2943","D7A3A5FF54730B819250C75C2ED9954C5FD8D1941867675040CDB25AFB06956E"
"server/src/controllers/search.controller.spec.ts","8484","E54B87B75F85C798E19C5A1BA975A123E5B2878398DEBA38C0F280E60758C410"
"server/src/controllers/search.controller.ts","5752","819A72A64DE9952259906B3632110A7A621A4AE4AC696B5AE125A7F924E79552"
"server/src/controllers/server.controller.spec.ts","1312","4601D26FCB7F8E38654226C1389A79F5D160B95CB7548754B64E9F7E7454FF9A"
"server/src/controllers/server.controller.ts","6311","57F3A61A779621B3585D174A008FBACA306E754A73069097236EA0AF6A9DCE21"
"server/src/controllers/session.controller.ts","3279","5AF2F605F305138025D06DA87E27E08F81DD76BBF72B8A3D3CAC82C7BE997608"
"server/src/controllers/shared-link.controller.spec.ts","1759","9601E801A158F18725F7C635B7835B25D80AD3D591E7E64D542FBF1838E42214"
"server/src/controllers/shared-link.controller.ts","6114","89FE924BB171A01AE4F2B8D0EA27DF261220573386FE5E49583413C983F1C13F"
"server/src/controllers/stack.controller.ts","3944","96D489B47B1CB0668273FD1A7C610A8A256D6D5C68DB40B222C4951AACB61C9C"
"server/src/controllers/sync.controller.spec.ts","3224","1F5ABA78F96BD911171F528FD1A44515FF817C990FC8A51DF0B1C24433D787FF"
"server/src/controllers/sync.controller.ts","2935","F4D2DCC862D4AA7FC5AC131ADF422B442B930713F5FA0A87090E071D7DF1D029"
"server/src/controllers/system-config.controller.spec.ts","5360","64A3F1D918E23F0D42090CB477B4E87C0651DAB19314BE2D8117CEF03ADAA8BA"
"server/src/controllers/system-config.controller.ts","2397","17552884476DBF1EDB420EFFFD4903F5AA63FB466A8E7178FC23F4FA8DDCAE54"
"server/src/controllers/system-metadata.controller.ts","2454","DD9897A48778AD01B3351D200B870FE57DCA84C74AABDFBB73D3BF3E268BEB9E"
"server/src/controllers/tag.controller.spec.ts","2618","2CCF4277E783C035775B85BB5F4666458F16FEE25B8ED283AAA2567BFA59A1FA"
"server/src/controllers/tag.controller.ts","4497","84D172ACCF022CCCCD92C3C3D09FF84B39713311FAAF4C75AF56DB09484927BD"
"server/src/controllers/timeline.controller.spec.ts","2834","A687D173FCCD30429BCD8CDAB2EFD035A38C2A7E319551F7D3F26CDB73ACAEA7"
"server/src/controllers/timeline.controller.ts","1558","5BCEF2E9C19B970C6FADF1E0C2B67967CEA10F47B3E97AF3C7FD63C64871EE15"
"server/src/controllers/trash.controller.ts","1854","591B5872004981D73BE8A660CD654742448FC435B7FC3ED0DD8BBC8619FE2687"
"server/src/controllers/user.controller.spec.ts","3119","56D5239C4B4041EBC9916FBC5ACE82352B68E2E70A1FAF4DF957BF5BEEC7FF9A"
"server/src/controllers/user.controller.ts","8135","6177069F40B0C7E99C71651724BB6391524AE3F9E698DBFA47C4D771D08E7612"
"server/src/controllers/user-admin.controller.spec.ts","5159","69E48A3B5DA70EEC6093746F0162B068979235711012B488429C5ADC63424731"
"server/src/controllers/user-admin.controller.ts","5557","71EEB701A5ECC0F9A95C4A1D5F1A0C91B0412B8D5317D66B84115CCD9512A8D9"
"server/src/controllers/view.controller.ts","1451","091D503346C6DBBF96C44452EF419D25205C5B08907D9E886E6D3358C3085163"
"server/src/controllers/workflow.controller.spec.ts","4213","D104E4CCB35E67938063AE2E878CDACD5EF4E4C6DD18DCB51766B0DEDE228331"
"server/src/controllers/workflow.controller.ts","3671","0CD4033000825110270A92D8B27AA9C590F02C1CC8DE1F5B9D131F70CC31D063"
"server/src/cores/storage.core.spec.ts","1088","5747A2F93355A1CD248B10EE215C06ECB13C97582FE47CC980B5654D8462726A"
"server/src/cores/storage.core.ts","12672","E57A8528F42680B477468286BBA6809E01936FB404DA514A8ED657D5DF3CEAF8"
"server/src/database.ts","11798","31EB47943B41943E14C72FB009C2AB75778DFD16F97D85F41505F2B45A31ECE9"
"server/src/decorators.ts","8582","151149126587C7B79F15F6ECA0D6C3C8DE8E687323C38A3EDA96974A2524BCA9"
"server/src/dtos/activity.dto.ts","3033","7CACAFBD4CD52F3F44B0474F5D543AF01A9FFB4C0394E1A55555E2D6148D4445"
"server/src/dtos/album.dto.ts","8158","E5997325DAC90FD81419A87E68097D386C335667FB2616518565FD61FBD41517"
"server/src/dtos/album-response.dto.spec.ts","936","377F37C2147750297E99CBAEE79A1287089AA2A48FEAE2367249783CBD7544CD"
"server/src/dtos/api-key.dto.ts","1610","FB22DFCB6323BF2F5DE08371B6616E6485D36964A4B781A2B65807F74C85F84E"
"server/src/dtos/asset.dto.ts","7769","FE56D77777CD16F3E5E772F911A0ED81FC097724DB3E677A50E93C48CB6ED0A8"
"server/src/dtos/asset-ids.response.dto.ts","1680","080BD339840A2764B5683E1B5D1CCDFAE876975D2D3516E39227E935138B636A"
"server/src/dtos/asset-media.dto.ts","3022","7FB2769E79F8E75279B440331D2BFE7B4F4240AD2286273CE2DB3F90ADFE9EEE"
"server/src/dtos/asset-media-response.dto.ts","1684","E88E3D3F08A25462C130A0453B24B10A6A23C209C4728B92883AC127617EA0D7"
"server/src/dtos/asset-response.dto.ts","9463","09F80E4E1F77DD6075A2CCA236BC5A2C3AA29087B27773D951DEB3001D675CF2"
"server/src/dtos/auth.dto.ts","6105","949F524FAE9B79E67FA176741CF3C0AFF9C86E1E4A9A1E855D943BF50909D729"
"server/src/dtos/bbox.dto.ts","669","2D7EBC99A2C2195210C71DD6B718616BA899D5670AC376B694499746282B2D29"
"server/src/dtos/database-backup.dto.ts","1109","62D1BF3EA34A950CDF0FBF275D26EB4DF188A6B84884C5F596FD93B392614A6E"
"server/src/dtos/download.dto.ts","1454","A10AA1F585F1FA82B6C58A7C924EA0BA2F3B382800E6298525E24C1AE0ADF21F"
"server/src/dtos/duplicate.dto.ts","1208","ABF300F424419D7A70F601A19CD820E7F196EE1B6B9C77541ABB03A4F2C224BE"
"server/src/dtos/editing.dto.ts","4801","3D0356A7D2728E57CB6B1231F4ADDC4742EC4B274DFCB515F955CED11DC4B260"
"server/src/dtos/env.dto.ts","3627","BBAD6FD47F82BC6344345F8D2474325EA7D7E21B4C6B22D7486A9601E1CEC47D"
"server/src/dtos/exif.dto.ts","3276","9F09C8FB455CB332F335AF8FA4FC85DD9FBE6161D82D6ABCA1A5C03D49E4B1F4"
"server/src/dtos/job.dto.ts","288","78F4EB630606504E03D2825C0629C38EE276D1F1FDB759C13E1ECAE2C435848F"
"server/src/dtos/json-schema.dto.ts","1214","331E201C164C8CDABA92A8E9BA654F2BE0684A928B6DFACA22A2D2ACE9A8CE82"
"server/src/dtos/library.dto.ts","4102","999E528F1AF9D79155DF01862B4EF34CA8F4531616813E883577047E494E4059"
"server/src/dtos/license.dto.ts","460","7428284F8735EA326E878F4C6B64C5D1E19551279C9ABB0990EB987B116627E3"
"server/src/dtos/maintenance.dto.ts","2205","7298A2A578BED41B5124F34D6B782BA44A01781E536BC67D7487B3F957374CB7"
"server/src/dtos/map.dto.ts","2163","4CB6BB716911E0D725DA8C96B658093E5D3E092996B7329C214E41EF76BC53B9"
"server/src/dtos/memory.dto.ts","4208","816A77436609C3008C817E44E11B9CFD727BF7FD623E653024C8D1FC1F6FFCD2"
"server/src/dtos/model-config.dto.ts","1750","3ED16E4E1041388897A66C8F11A63376E1624E1A6DCB2D0B4A86D8634343BB58"
"server/src/dtos/notification.dto.ts","4177","FBA61BDEF0E6F572477438A56331C48C5342308EC37B34B80342DCC55DF09986"
"server/src/dtos/ocr.dto.ts","1381","00DCCF0D51F5557DBC53E460DB90FCDAB7F14F00371FF4AA8208348EF7BF5678"
"server/src/dtos/onboarding.dto.ts","294","ABC926F5CCC20A92CD8DA17516814443D8391550AAEDC45B119267752C1D1358"
"server/src/dtos/partner.dto.ts","1249","F3F4CB17E55F19461B6D542326A06C9BF365F16F71E50C844EC8839F6A0C2051"
"server/src/dtos/person.dto.ts","8371","AB9569DD49F8D8A674A9CDB3DB912DDD9F1D9B4E9149F72F9C83390D49756857"
"server/src/dtos/plugin.dto.ts","5531","ED49864C647C0C206B53E39117E4521972CFD48EB52FC69D9149ECE89F69D4E4"
"server/src/dtos/plugin-manifest.dto.ts","3327","478F298D0C7ACC61F6B2131D6A30D9CFA3AB5A233A6F184200D3B1E1111B24D8"
"server/src/dtos/queue.dto.ts","2718","12C529D2251641FCFA3C4010972941E46EEA40E1A2D39B47D6E50CE1034BD5BA"
"server/src/dtos/queue-legacy.dto.ts","2433","32C7D4943849FAEACCEE3F79F3724C35FBFB04B9D7391A0FF2DCF02800488EA9"
"server/src/dtos/search.dto.ts","10306","90F84C327195CAC4DC88992FFB98BA0886D0673B7FCDC90CE6D99473BE472947"
"server/src/dtos/server.dto.ts","8329","AECED392E8FE9BE7F39B587499F760B4C7FEBD8E48A759434CEC6E5C9D722487"
"server/src/dtos/session.dto.ts","2069","954546F9F80F09D7E4706984D31C9CF7967AB291E699478D163642C4E222F500"
"server/src/dtos/shared-link.dto.ts","5077","FB40DB309D54BB04219D5904658D5EE91F1C680E58190D8B7810E7D65F15D56C"
"server/src/dtos/stack.dto.ts","1667","BC4A6CFAFDAE388FDC33A6063D7CE57B8A34C854A560FB21E03C708BABD9E5CC"
"server/src/dtos/sync.dto.ts","20713","D8ADC39CBF17128D648472F2E384E3A36E87D105E5473DA0F70D648F484D6D00"
"server/src/dtos/system-config.dto.ts","14457","89392F5A3D7A0BD420C935383626CB17B464981527CDDDC488517BDA03DD3BE4"
"server/src/dtos/system-metadata.dto.ts","1307","EA179A92B05BE87C9682483DE0A38DBA6231FC39F1E5B49906003019B8B6219E"
"server/src/dtos/tag.dto.ts","2681","A24DD730EA89BB2A82CFD52F8601FBD52B22C21655ABC66893DDAA29A2D657CB"
"server/src/dtos/time-bucket.dto.ts","6619","F8DF169C869F1DFDD5544B06CBAE6563DF4D0E027030289BE47B577CE68D5CF7"
"server/src/dtos/trash.dto.ts","282","AE9003D8F1A7BC542539DA814616839798B450E734EDE022AC0BFCE694E54EB8"
"server/src/dtos/user.dto.spec.ts","1663","698BFF35FDC4E58884AD53771D87365BB1B2F1E1CCAA4707FCF416BEB089A1EE"
"server/src/dtos/user.dto.ts","6585","948C4C3369A7845DD813D62A46DFC22F4E48E34ECFF385257D0EB14D0E022BF1"
"server/src/dtos/user-preferences.dto.ts","6974","094F24554278DBA92F877F1C1C3C6F11BE64DDC83EDC94EB2CE28BCC08E10AAB"
"server/src/dtos/user-profile.dto.ts","813","520FF38079C46B6478C0BD536B5272E65F2B9ED5DB6BB41F5EF7517277819CDA"
"server/src/dtos/workflow.dto.ts","5067","8AF689F3520DFEB821199D3BD2491F9610E6A15B55AE633FFD258D4EB1A31C89"
"server/src/emails/album-invite.email.tsx","2334","331CE4C0DE07DE8B8C15DC5A0C46438113A24B7DB9D389DD7B6C4E8E9BBA950C"
"server/src/emails/album-update.email.tsx","2359","BF92EFEA04E6C78DC0FB8B5087E0230A091795698742D7DC9225BBE193D73919"
"server/src/emails/components/button.component.tsx","399","1A2E305C79375AB419CE2B519FBBBA70BA3022BB9547AAC5A94A2924DA268CB4"
"server/src/emails/components/footer.template.tsx","1195","AD1E3AE2ABB2FFEAD9E829C0A85B4263AD9A12C8E08683CDA955E5C94E65FE78"
"server/src/emails/components/futo.layout.tsx","2483","1F5827E358C144A220ED02D4843B5CAF741DF5477116F7A4CCF9E356ECAFEAB5"
"server/src/emails/components/immich.layout.tsx","2349","86C0D826A796EDC79887882B63CCF31940E53D938BB5F9C0C840B86CFBFC1EA8"
"server/src/emails/license.email.tsx","1686","D817C2790B54B7866110D6B60132729CF1FDD2D5EF112826F8FCB90091EF7208"
"server/src/emails/test.email.tsx","736","54A8AB90135DE090F7BCC28C4181ABF05B50CEEC10FCAE55908E90B3653D1629"
"server/src/emails/welcome.email.tsx","2017","669CE6C38142E9A6E9CA3A95A6E0165473E9FEC4AA605A483707F2489EC51346"
"server/src/enum.ts","29970","873233D7F6A3EE23191403918B0002A956E49EC0D8F5CFFB8CE9CF9525C4411D"
"server/src/main.ts","5621","E083BF31D8BA1BCEB2FD215E028B7B525A315EAF57311B074B7E2D187009DAEB"
"server/src/maintenance/maintenance-auth.guard.ts","1818","CA3E23F806BE249004709C7265DB2703ABEA762250CFFCC1DF198F1DACC6A3A7"
"server/src/maintenance/maintenance-health.repository.ts","1582","CC38DDCAE1BC8931F7D8C5B4822E0DFC69C216166D983C6DA87B0FA1D8A79F6C"
"server/src/maintenance/maintenance-websocket.repository.ts","3020","7E2C579409D82F952177A0E574C1CD0DE789E0A89A41F1A45562386F25CE6A76"
"server/src/maintenance/maintenance-worker.controller.ts","4450","DE921033EADF9982233CBBBCDF7283024B9C0BAF23CC829D25F1179D38E8BC62"
"server/src/maintenance/maintenance-worker.service.spec.ts","11769","4F0A83931B3811B164F268835EAC4DAD49ACFB73E6EC5DB557D5E19FCB9B43C5"
"server/src/maintenance/maintenance-worker.service.ts","10911","A0E61CA1BAB804EB5DA882CD9C4AD829AD4457D2F7B87EA0E96CD9769D1D15D1"
"server/src/middleware/asset-upload.interceptor.ts","1163","5E3EF7583A7EF2FB123CF6FFB4742F6B292B2C67DCD3F315D1815A5A9DCA51F5"
"server/src/middleware/auth.guard.ts","3499","670F447C640B5D8736A1DE907FC5AE441F4466A0D90814FAF2600B30298D71CA"
"server/src/middleware/error.interceptor.ts","1039","12AF66D75540A7640A13BD29265710F940AB76BF72E69C8168DF271CF9601DC2"
"server/src/middleware/file-upload.interceptor.ts","5204","8EFC466B92CA8036EC8578C814530DF2DC73D7A8D2C8FBCFFE1041FCFE25CA13"
"server/src/middleware/global-exception.filter.ts","2078","E6DCF683728949C0C256D0104B72FC8FE5CF5EE4644D703C6991F8CAC643A171"
"server/src/middleware/logging.interceptor.ts","1508","96D3C4D6400E9EA18E09E8B44A4A20BF9265E728DC2268367DCB78481AABE970"
"server/src/middleware/websocket.adapter.ts","794","EA0CE17B66801F32B720210A9A6B898DB12349C9AC7AD70EDD09709794D4CEBB"
"server/src/queries/access.repository.sql","6060","B2C3A25FBF57DD83B6CC7AA5A0BA040E2DC14EFB92BB37A0BC386EB3EC6F6619"
"server/src/queries/activity.repository.sql","1774","48117539308088C2B09DBCE0344B4C9128F75FA550A780D4DC64F0471D7570C8"
"server/src/queries/album.repository.sql","9735","3D883723370E64C7416A638964E63BAF27C088F7B4B8A7E5CEDA2C8352C10DB5"
"server/src/queries/album.user.repository.sql","409","83DF5E3C71F247E90B2777A40A2BDF550D2B4E7A49C4010FEFFBF26E22BF5C9F"
"server/src/queries/api.key.repository.sql","937","A978623E368AF1CECFB21556CDA383C41F874D42301515ACCEF05ED918217FA0"
"server/src/queries/asset.edit.repository.sql","539","EB79259D6CE1646B0AB4AE045D5F7E871B2A8490AD575C5276A9BEC9977EAD6E"
"server/src/queries/asset.job.repository.sql","18787","9CA8410A004750FA43AF64E97E46DFA5F2F786F5EA64FE9A416AB3E162175E18"
"server/src/queries/asset.repository.sql","14639","A429335EA1215AD574A534C1C36EB28B1C7A98DB4B70ADAA12E94295628A9D67"
"server/src/queries/database.repository.sql","312","8BE8E5A3E298E038E8781F80ED42D47BA4BDE598FFA5B94C4F36E3B262F60A4A"
"server/src/queries/duplicate.repository.sql","3993","788C8751E0460C785FD44C02F934C4CE1D3054257A9C9EA5CCA1BFD2266B8254"
"server/src/queries/library.repository.sql","1159","D9DE83721D41EC02DE6BEEADE27DC8AD66B93E45C47E350E919975FD423C4AE7"
"server/src/queries/map.repository.sql","1256","5BF5F63D34377C77A14ACB257669CFC507ABA8F337799BCD0FECF919D8B7A52F"
"server/src/queries/memory.repository.sql","3887","D47AA3052C877C4CEA294DA25AA46DAB8B6B19DF0F45A7F45FCB666B8C9FE797"
"server/src/queries/move.repository.sql","389","4888528FC0512BB80A7FC5C9ACAC212389B9E595DE68F30962361E803EF5E21A"
"server/src/queries/notification.repository.sql","564","D96986EEDFB5817692095A66473106A53A28B303CDB61032B9117F380E94D764"
"server/src/queries/ocr.repository.sql","1171","DBE8E37646C391B7757D4FA95BF7F04660D85BB12B3A347473FB26E1C7F8E588"
"server/src/queries/partner.repository.sql","3117","37D874D491931D626651984175F46A987D609F025863DBA970D376F81B7A1E63"
"server/src/queries/person.repository.sql","7132","AD17D72C0624607DEC7DECE66649BF1324126E2F5A57F3B630CA98DB3A2623C6"
"server/src/queries/plugin.repository.sql","4429","E8979C5699F510C31B6F9C494F1BE00990F2067FB31C77DBF46112F4713827F8"
"server/src/queries/search.repository.sql","6326","8F8382D998A53A6BC23F69F0670009581DDED8BEB98D84383461C64BF9071EF3"
"server/src/queries/session.repository.sql","1725","6ADC87BCB895BDD05990AB2DDCB99206B9C2A0048E097A6F359B72B986D4A409"
"server/src/queries/shared.link.asset.repository.sql","292","DE10D9D8B3013FD5770BD9EB549C91B0E5704D60F390F7B60D1797265A731852"
"server/src/queries/shared.link.repository.sql","10112","66091775FB7CCD5F1D6AD55C70B5FF872C6B1D97A6999198E5916C6380F9597C"
"server/src/queries/stack.repository.sql","4722","44A367AF2A6F91E8F55A566B4F42180E286189CD433E375B5C95C6EF28E5411A"
"server/src/queries/sync.checkpoint.repository.sql","383","30C01F9FCF3281E660326C09EC11FD18D6162581E3A1C47F54E7B71DC0F030ED"
"server/src/queries/sync.repository.sql","23641","B2659A109C442878CAD1523D241C416693C250B91C514A835F08FE4E14D22EB3"
"server/src/queries/system.metadata.repository.sql","235","2B95D09C778CC6EF194ED10B804FC3B0C8276EA9AF0AA107EA2346AD2F399401"
"server/src/queries/tag.repository.sql","1713","88E0A759758B41682C816A9E8BE22A45A913FCEDE92EBCFBA0171156CCE6ED80"
"server/src/queries/trash.repository.sql","413","969D380A7CF89CC42AB140C0A6A14A2EBAA10181BE55F48B39BE3A327717F1C9"
"server/src/queries/user.repository.sql","7063","070B267CCC5E0FAF3D60F88919345672D4AAE2142DB87A901391628306DE4C25"
"server/src/queries/version.history.repository.sql","259","041AB8AFEC73E52FF8F458DD2C2A8E5C5C004D65D0E230BF92BAAA4D43DD9520"
"server/src/queries/video.stream.repository.sql","689","B6E52D3E35E87F82B0D53CF61B0CD3EBFBB37CC6707C8AE6C86ECDA939CABB16"
"server/src/queries/view.repository.sql","889","99C45F17810562F021FA56FF6DDCEA9BE3523E33981E0C2D76D6C142C2396A1F"
"server/src/queries/workflow.repository.sql","2527","F9CD5B502662AAAAA02E3F5B4261D3C7246286DD7BC4429451692AD2EF3CCD1A"
"server/src/repositories/access.repository.ts","18387","605264E7B1B8B0F0E01C47104145B031AA919EF89B239FA75D5CEEC49482577A"
"server/src/repositories/activity.repository.ts","3595","610A133BCD67ED871E7607584C7D611350426328774CE893ACCC67DB340CF32E"
"server/src/repositories/album.repository.ts","16343","A8E2D0C239B4D68937E566E84F085B787B45F547C7AE10F4CD234D79999AE7E4"
"server/src/repositories/album-user.repository.ts","1476","174B2C19E451651F3A99A9D211F7400B029E508325F54ABDD653864CFF7180A0"
"server/src/repositories/api-key.repository.ts","2195","B3E1D6B2CCB70C008269EBE9CF906208AA0AD346D511C711E1517E5A459629E0"
"server/src/repositories/app.repository.ts","1668","0F7F7601C7FB37FACB072185FED122B97971F66A4D7529A1E6229803C93B66CC"
"server/src/repositories/asset.repository.ts","44672","F140562EC7A01793CEC1BACF14F1CC8330A321F659E9CE91D6528F1A02BABEEA"
"server/src/repositories/asset-edit.repository.ts","1602","890B32C020E414E506E19D266B7EB338B77E3629EAFB26708EEFD137460ADD33"
"server/src/repositories/asset-job.repository.ts","15260","0B73515FFB031D142C3EA43BEEEDAFF56888FEBEC22FA37E32CB7A3EAA9656FD"
"server/src/repositories/config.repository.spec.ts","9990","47C0366D9925FA0F7A27F57FCD8AD137C12641C128474E9ECEC574CB3819E788"
"server/src/repositories/config.repository.ts","12946","9E20ACADB54806CA6E0B1241B535400ECABF9E4AD2139D394C8A7B2D5334B436"
"server/src/repositories/cron.repository.ts","1510","89308A528290F199DBEC22C8B23E2618DF0F762BC8626AA302590B5A42C6FE0B"
"server/src/repositories/crypto.repository.ts","2138","D121383C508B2F18D58C5DE445C0F85AC389847132E1FDAFDAA417381EC83419"
"server/src/repositories/database.repository.ts","18659","74FB89321C6D19D40755A318BB94A4E8CC145E89B43C24F6E4E04E7D549A0F13"
"server/src/repositories/download.repository.ts","1264","12D1767AB0C67AA497FA293B27173E429EE6ADACB27CD18D2237680055FD2997"
"server/src/repositories/duplicate.repository.ts","8491","DF34F4FD82D3A31DE5D68F6D3E6C742820D496B85181AC4B95076AA3005D8315"
"server/src/repositories/email.repository.spec.ts","2545","892AD051306825F3E3801E89FBB671D479A5DDA3C41D68BDBB014754BC2BF676"
"server/src/repositories/email.repository.ts","4571","EED2BD097EF50C7F50D6DE0A60DC6BC0CFD8A2695F414A825EC7E02CA5C7D4E2"
"server/src/repositories/event.repository.ts","6779","1FE30CA7D6D176805240F365855923CA56B101FA4666420206CAF1087B9D89C0"
"server/src/repositories/index.ts","4962","98846BCFA043A9A8F0C630239640C4A700D6CF3CE618B781D8629AB1010E7D25"
"server/src/repositories/job.repository.ts","8365","4055B20CA73F4C56B93377AA03AE79755746E20C39967A0B2534F52952C7C73D"
"server/src/repositories/library.repository.ts","3745","CF12B099D833429C377770AA3EBBCC4ED3E013E866CB0293D882BFC2F51DC319"
"server/src/repositories/logging.repository.spec.ts","1394","AA55159F471C13A01AE673B48E92FF8A5D388385C552347CE5C75D12602BD889"
"server/src/repositories/logging.repository.ts","5483","13CC7855D15F920F89D7DD7F61E1CE43324DB2A07B3044388D5AA46BC169F445"
"server/src/repositories/machine-learning.repository.ts","7657","74C08322CA52EBAD430D2CBB8C1D631DD7E9857EB1A9D8C3A3D9DDB9C82DB8FA"
"server/src/repositories/map.repository.ts","13804","A3CFBBE0AFB7B73804E4189BCF74F9B63655985E86D9C56B490B9F2DC2BA9179"
"server/src/repositories/media.repository.spec.ts","25746","DAE22552A5E73535AA8BF6DB1120EC6C27962839243D945D044674BB4357D8C9"
"server/src/repositories/media.repository.ts","18334","A0AA0AA333DC165ED91F440AFE0ECF6BFFE11008468F2B16D93F387559D8B760"
"server/src/repositories/memory.repository.ts","6526","75893CBA82CA8FE6D21416940C03FA199E4ADD0D5E27A0FB15557FCB08910B09"
"server/src/repositories/metadata.repository.ts","4107","6B6BE7D4F58356091A4491B811C9FBE2FD0015DA7A421F5004677AA75A2EC4AF"
"server/src/repositories/move.repository.ts","2011","446C355D9B5DE49C702B65878503BD414AF85D48CE2416B908C1480C8431DAAD"
"server/src/repositories/notification.repository.ts","3166","60A75CC2F56BB84283B831CFA2BA13B5C0AA8453B536D0182E4AF3E6CC0406BA"
"server/src/repositories/oauth.repository.ts","7750","F8319C78F4F47BDF337141B4D9353ECB5EA08222B416A50D1CFBE47ED95E4CEA"
"server/src/repositories/ocr.repository.ts","3714","5FABE03A53A467E88BE97009DD5AA7546E40DD0B5B046480214CF4CD155E3C2E"
"server/src/repositories/partner.repository.ts","3323","A17B8EFC4405A8AED316837E49FEE23B7642F18300CA18FCE3E5279D710F279E"
"server/src/repositories/person.repository.ts","19943","E6B0FD4AE90F5B49F46B7E8173611A7A1E93404875BB8E9411AFBC3535C6DAEA"
"server/src/repositories/plugin.repository.ts","9238","27B2C0B9C055FDA6DCE6FB5B81EF4CB7DB4CBC45DE4C1219B3CCC5A175B9E046"
"server/src/repositories/process.repository.spec.ts","2477","56AC18948F3AD024332F7F15B45399313C0F3D93BC728AEF5DF812F4C421F059"
"server/src/repositories/process.repository.ts","2823","23F121B6FA546EF05C21F06ACF01B9C50B924473E5C9528EC5E8398EE848944D"
"server/src/repositories/search.repository.ts","15470","CBD3DDA21E219519F949064F5FA6D3730D7E6842E340CBCC44418D55AF3F0BE2"
"server/src/repositories/server-info.repository.ts","3849","281F29F0DA609E131A06EDC87B2FA053CCB1CC59039ADFF70010FDD605CBE36B"
"server/src/repositories/session.repository.ts","5146","AA6A58AF445ED4D0C272101071177AEB8274224140B1C70112CB7B9577DE2518"
"server/src/repositories/shared-link.repository.ts","9216","2E52EA989294E1861BFF6C89E4232B5A4D408E412C47951E471C2424E152979F"
"server/src/repositories/shared-link-asset.repository.ts","1207","DD81855D536AA94FBE8D8F0DAF606EA2CDDC1278FE0B366EAE848434B10EF3C4"
"server/src/repositories/stack.repository.ts","5155","062FABC9132D3E5489E19AFA7EA835568251910FBA7C294B85FFF2CE7B599D20"
"server/src/repositories/storage.repository.spec.ts","4953","86DA9EE2F35929078D1B8E75E5925F05C80C82CF6AB3FAC204C1929E7DD5700B"
"server/src/repositories/storage.repository.ts","7738","CE8D64C304BB910144B578509228CFA05132D8795564C578A437A16A6A57DEF2"
"server/src/repositories/sync.repository.ts","25686","73A861811B254D87238E3ACBC88BAFD000C7CB6322BA954AFB7AB2E66935C454"
"server/src/repositories/sync-checkpoint.repository.ts","1560","0093199377D2D328C7CEAF77D76BF518D0520F569EA04A8E10D76E3F691022F9"
"server/src/repositories/system-metadata.repository.ts","1534","652019B49FD05575814B87FFCAFDC2C845D76D1597519948001CDAC9F90549BF"
"server/src/repositories/tag.repository.ts","5960","51E86F953657A8226F59C82BD22E2D1B2ECE468FB1BEAC6F16591BA778FEC2C2"
"server/src/repositories/telemetry.repository.ts","6472","B8EA9419CDAAFA4235FB5E4637FD997C2BC060F8EF641557C2C18494647BBF7B"
"server/src/repositories/trash.repository.ts","1653","0DB041C0EA399E13A1FE96DD271F45C696D3D27A56265E90D9218071B2500D2A"
"server/src/repositories/user.repository.ts","10004","B061BDEFF41C41B184F19DFEC83D14833B0B2C06BD9A150E9E4E9CCA17FA7544"
"server/src/repositories/version-history.repository.ts","857","A954EA4697209119CF5EBF33F510954EDEE0425F693B59B6B9889B9657137B5C"
"server/src/repositories/video-stream.repository.ts","2232","A207982E9CAD193290B03E9CDF3DDAF60E69A5DE66D0929405A13EA1C60590F5"
"server/src/repositories/view-repository.ts","1942","D1A0CC6BBA7BBE5000160A783F1BB0DC75B0E1F542E2C5E7D6F50A9F689693D5"
"server/src/repositories/websocket.repository.ts","3917","D34DA03F758247F2748CFCE68CBAFE091324AB9F9D982CD6A6B3792A941FC089"
"server/src/repositories/workflow.repository.ts","6598","AF6313C0E4B9B8C6F12299F911273FA722614F6BBD5ADD8428A706A781E74EEE"
"server/src/schema/enums.ts","1025","EC65F574089C4822587EF51930D2ADE48B4ADD628371DA1EC11270A169949F73"
"server/src/schema/functions.ts","7215","12C1F3E828FDF6ED711976FF0610C44A73ABB062E73B2B8AFB856207437F2ECE"
"server/src/schema/index.ts","9039","50C7CBB6BE7C2E6EA26D10ED5A3C56FF199534D165512B4575D60331205C5202"
"server/src/schema/migrations/1744910873969-InitialMigration.ts","44481","229CCCC810F5148C79A9615C1C4D657760AB281E9B82A5962B65FF6CA2C9F083"
"server/src/schema/migrations/1744991379464-AddNotificationsTable.ts","1862","48D178661FF1FAF6571D153B8462B5F0ABBD37E9A0112999773FE891E9A445EC"
"server/src/schema/migrations/1745244781846-AddUserAvatarColorColumn.ts","552","1A2E9DF86C7EC4212EBB8D72B520F435AC4586A6078C24775DA7AE1F7EFD2EC9"
"server/src/schema/migrations/1745902563899-AddAssetVisibilityColumn.ts","1600","B8A4CB1D77EEE3B147F0E244C6740EC71D9876C62CA93E5F21D9630AEA656055"
"server/src/schema/migrations/1746636476623-DropExtraIndexes.ts","1761","B044BFA3C47078D64880B0A5EFEA0CBBD9B5BF90A33859EA9F56F9A91FB09BEF"
"server/src/schema/migrations/1746768490606-AddUserPincode.ts","312","2C8CA8A44E6036DDF3700BD218DA3E5DB8F5D866F5C4137F8CCDD06AC9E40477"
"server/src/schema/migrations/1746844028242-AddLockedVisibilityEnum.ts","254","54BEDDF820146021C238EE33E8CF49820E974E9966292F99F4F6AE99BB6F544E"
"server/src/schema/migrations/1746987967923-AddPinExpiresAtColumn.ts","335","67B454C8013BF77D36B45CADFA1DACA0F8CBF61D1FDBC5094944E0170FA77DEB"
"server/src/schema/migrations/1747329504572-AddNewSessionColumns.ts","929","98B94F1425B6F88EEECB6A3D395EB1AB4C0A6D4DEE9D4D82309E4241F46858E1"
"server/src/schema/migrations/1747338664832-SessionRename.ts","332","348A88A2C1D28EF8C9DF7C9E6929C3B21F3532BB5C5CAD721BDA43C70E3E6C77"
"server/src/schema/migrations/1747664684909-AddAlbumAuditTables.ts","4972","F9777518F8896B0C76EFE3D622E934606CC29F5412424BE0D3ED4182510F4458"
"server/src/schema/migrations/1749067526135-UserOnboardingDefault.ts","477","BC31F613D5E598350F68995A16963E6C1139A25003A3D8BEE9A82A48C4962BF8"
"server/src/schema/migrations/1750107668827-PartnerCreateId.ts","430","80034A38101CBBF8DF2FC9FBA489A676B39290F421D3E7DFC96B9D0A1174CCDD"
"server/src/schema/migrations/1750189909087-AddAlbumUserCreateFields.ts","928","9E9B74FA9BCDBF78EBB03D5596AF45D1EA4F25F61D2AD716ACDD3F6C8771F8DC"
"server/src/schema/migrations/1750323941566-UnsetPrewarmDimParameter.ts","269","79611F3E92995480B365BF9245582410BC915D0C01A431B8BD4E1318ACEFAFFA"
"server/src/schema/migrations/1750676477029-AlbumAssetUpdateId.ts","1011","E31E473C841185934F42937CFE06C246A74DE6E25D8535A06C88C3F472A33D71"
"server/src/schema/migrations/1750694237564-AlbumAssetAuditTable.ts","1498","49C048C84CF3029119213E1D03FFD57BA554532E6F7EF16EED494010034D0EB2"
"server/src/schema/migrations/1750780093818-AddAlbumToAssetDeleteTrigger.ts","1255","A333FFB95B56D2F679ED1C6E2EA1B8EA4AB0E682AB5FD563E8280407CB38B774"
"server/src/schema/migrations/1751035357937-MemorySyncChanges.ts","5116","31342B5796EB5CD966CBB75E5C868AC0E60BC28B9133BEC8CC1123759BD7A5D7"
"server/src/schema/migrations/1751304834247-StackSyncChanges.ts","2271","2FD07E88FA02368B6CA9E19D3387E8DB472E99E7C244E8723F3CECCA0A436D23"
"server/src/schema/migrations/1751924596408-AddOverrides.ts","22464","8F13795A654F3C901D03E5E32E8AE23B9863C5D5FDF32BD7C3B2D0F005FC2E94"
"server/src/schema/migrations/1752004072340-UpdateIndexOverrides.ts","7840","2510C1C3DBA23082B978D1B5845E0866A400A6896C5ABF67BEB67E366F0282AB"
"server/src/schema/migrations/1752152941084-PeopleAuditTable.ts","2526","D1C69C85705F9BA3437A9E9D380F07EA960EDD5EF9710410F597B97C48B5E264"
"server/src/schema/migrations/1752161055253-RenameGeodataPKConstraint.ts","766","F8B6101EE5DF0732A10BFDA46FD3DE1DEC1D424CE1BB4EC804578F28EBC05DC8"
"server/src/schema/migrations/1752161055254-AddActivityAssetFk.ts","973","8F2D70343FCD639B1D1C04741E3B504A8303F7CA51A2DAF35ACF0EF14A497A01"
"server/src/schema/migrations/1752169992364-AddIsPendingSyncReset.ts","353","E21BD82B9EB7E6CE0D0143553BADAC091495B4E49E88E9858A3B8E8A2626638D"
"server/src/schema/migrations/1752250924342-UserMetadataSync.ts","4030","0A1A4588CBE5D0C7CF79E192DEA435D7F89164C4980631DC2E63B24CD93C154E"
"server/src/schema/migrations/1752267649968-StandardizeNames.ts","114746","3004C7815D9652391CB53CE88FB87F8AE478A168842DFB5D76BD7677713B7021"
"server/src/schema/migrations/1752759108283-ConvertToAbsolutePaths.ts","1445","39A761F9094915B326C23B59B8B4FE9E6016647A525542A720B0B76E00780132"
"server/src/schema/migrations/1753104909784-AssetFaceUpdateIdAndAuditTable.ts","3582","E22083A1857923E950DC2229F454B623E0AC93040CE35782BC943ADF02A64BD5"
"server/src/schema/migrations/1753464178233-RenameApiKeyPermissions.ts","905","E0E8CA2EE4A6E9B27A851DBA33FCCD5456424DED7008AFFA48BCCDE461C1CE26"
"server/src/schema/migrations/1753471866748-AddSharedLinkSlug.ts","515","B1B7242E5B9F83B1175B2D3B758C77C309EE54092D1EAB048949E5B73886621F"
"server/src/schema/migrations/1753800911775-ProfileImageCheckpointRemoval.ts","588","9E32FA94FA41BB4EE3FA77311F40562FAA4D40997E07685E8B5DB7C7D897F934"
"server/src/schema/migrations/1754389095885-ResetAlbumAssetSync.ts","285","13CFFA233445C09EFCAD1039CDF97D1315AC4F32F87D99B34767B8E545B89E93"
"server/src/schema/migrations/1756318797207-AssetMetadataTables.ts","3892","9CB69A1DF6DF485D00F0B0133B5F279716DA127B04A655E3FEB5DFAE1688C8D7"
"server/src/schema/migrations/1758705774125-CreateAssetOCRTable.ts","961","D6F3F558EBE18D20C3F613946C77374B4F4FD6DF5CFA8E458B80326326D4D6A5"
"server/src/schema/migrations/1758705789125-CreateOCRSearchTable.ts","1145","1C6FB2B87DA5CA83CF86C5C8C1427A3D5D320672F15131DEDFBAE907FEB9F945"
"server/src/schema/migrations/1758705804128-UpsertOcrAssetJobStatus.ts","337","49DE6198D9A18CB2955D55AE26214DFECCE9ED164E6DA6C6F838B554DE051FD0"
"server/src/schema/migrations/1761078763279-AddAppVersionColumnToSession.ts","322","1A039DC4C8889F6EC018043F2E4914D1DAF7EAD70F43E4F98D370CBAF1BF340C"
"server/src/schema/migrations/1761755618862-FixColumnNames.ts","7225","7FBE68CFB8453E462DA866BB08695491665FC567F300796E1E56A684621C863C"
"server/src/schema/migrations/1762297277677-AddPluginAndWorkflowTables.ts","6308","601E9F4BB9FC85EBF0757886897E1A2C23DF0528C24E9B0C0CF09165C7E9A6A5"
"server/src/schema/migrations/1764483051488-OCRBigramsForCJK.ts","889","91ACFDC589417DC2020A84809723ED5E6BCE23507487F0F169FEA22FB6B74206"
"server/src/schema/migrations/1764698859174-SidecarInAssetFile.ts","843","871E0DFB93EB2BF580C239F20FAFA8ECD8B2A48BAB8162151D03C8874B9DEF78"
"server/src/schema/migrations/1764705680041-ChangeWorkflowTableColumnsName.ts","2556","E768367459BAE3CB8C9B72DED6FA9D8CAF0204676B2B9649E6C31845DA5F06EA"
"server/src/schema/migrations/1764957138636-AddLockedPropertiesToAssetExif.ts","342","E14B6206225AAD853DEB8AF993B499DDB1FBA42226E9F88DCBD5973EEBC4A44C"
"server/src/schema/migrations/1768336661963-AddAssetWidthHeight.ts","1131","D8E521499964A30BD1855BD93E4D0599AF72B38D7935F5BEFFDCE2A8A261D1D7"
"server/src/schema/migrations/1768336671610-CreateAssetEditTable.ts","830","89F19347D749E705918393FD2676E5D945AC4154549E689751EB30E8128931E5"
"server/src/schema/migrations/1768336694315-CreateIsVisibleColumns.ts","522","1AEB98A91A0B087515DF54C8ED7FC1ADE445137F40AFB9D7D332E050722357AA"
"server/src/schema/migrations/1768587436457-AddEditCountToAsset.ts","3519","CF12B7205358A8E560ABA93C7E6BC89F6EDF8981C1199AA9C38BC3CA2EACD1EE"
"server/src/schema/migrations/1768757482271-SwitchToIsEdited.ts","6014","EFFCFA9387A1842798D4873E16C19A5AEA9E80F5BE6202E8032F43A0A27FBFF3"
"server/src/schema/migrations/1768828334807-AddIsEditedToAssetFile.ts","807","4BF414C1962ADE94EA5ECCA293A85468DA176A721FEDA12FD1B9F48944B4CC7D"
"server/src/schema/migrations/1768847456553-AddTagsToExif.ts","318","31776021CB6E39FF94AE89974EFFAFE0FCD36B2FC494E92F4E4690C76C336EB1"
"server/src/schema/migrations/1769105700133-AddAssetEditSequence.ts","616","A6723114D50D96C6B7B2E6E7569C10FCBDB7B313F36EB7F3E07B7A1387D44514"
"server/src/schema/migrations/1769441657564-AddIsProgressiveColumn.ts","347","9F3D70EF795F8F8A758B35F0E6171EA8453252F87D3F15A85766CA90010EB939"
"server/src/schema/migrations/1769635093204-DropThumbnailJobStatusColumns.ts","530","2551EA09D8918FDD96438248434601F4A73C16E4819E383362DEA4C1580CA0A5"
"server/src/schema/migrations/1771478781948-PeopleSearchIndex.ts","1690","0B629924A2BB0DE7E8375EE46B990166BA94DCCF5C8B8B93D5EEA0CF04AD4FC0"
"server/src/schema/migrations/1771535611395-ConvertRating0ToNull.ts","254","80EA5525C7B771C21545169F990016D67373A127A4F8FF8D1DF317E722148A49"
"server/src/schema/migrations/1771639515206-AddIsTransparentColumn.ts","356","6BBAC1AEBC5B662EEC81F1CC49654A7274E954C406A28250638A12467879DDA2"
"server/src/schema/migrations/1771873044511-ChangesTokensToBuffers.ts","908","8C47456F2E26D4520F79E97AA5EB13481D8964F782529F7D648285C5BB0DFE30"
"server/src/schema/migrations/1771873813973-AssetEditSync.ts","3613","7BC4F47BF73B2775E7F4EEDDA45DAC60E8FB2B30C38E7A7A010D219F8163B3EB"
"server/src/schema/migrations/1772121424533-AddAssetExifGistEarthcoord.ts","818","2BE147CC62AD76853DEB322E223D4EA2D421843AE9841CAB1704421212E63D07"
"server/src/schema/migrations/1772129818245-FixStupidWhiteSpace.ts","2113","58C22F8AB25922AFA8C4C6126FC427761C46F0B0DE032EAFE47AF661CEBFB0D5"
"server/src/schema/migrations/1772609167000-UpdateOpusCodecName.ts","1595","258A71F597C43C18E7F33CD5F0C3B1BB09910179466DF0829FFC34E9B4E914E7"
"server/src/schema/migrations/1773242919341-EncodedVideoAssetFiles.ts","793","FA67457E93A53AABA5E8D3A296118D4D28C56F4703792E85AD18BE9EFB0C1F47"
"server/src/schema/migrations/1773956345315-DuplicateSharedLinkAssets.ts","349","9F2E196738B2FBE0A7BA0BA4C6AF0B6DF06891A4444F799F1719D612C8730C8B"
"server/src/schema/migrations/1774393726320-AssetFaceSyncReset.ts","335","198D81C4EEA4AC9515A697B57DA4E9BF8271578D7DF2C731DC20232FA678F415"
"server/src/schema/migrations/1774548649115-AddChecksumAlgorithm.ts.ts","828","64F3E4C147DEB4D57D92DBC5E556EF081110923F08953865BB0BBA36312944AF"
"server/src/schema/migrations/1775165531374-AddPersonNameTrigramIndex.ts","754","F0B3A2178D6F515216A0BD15B1CC565303642937D0D843A289DA0AB37212ADE1"
"server/src/schema/migrations/1776217577402-DropAuditTable.ts","637","86A157201822183E10322261A22CA8F03B7D6FDAB86627149CDFB6AC611D74D3"
"server/src/schema/migrations/1776263790468-DropDeviceIdAndDeviceAssetId.ts","492","7525BADB9487DFC0E383A519924740A09E9C03D920B928973D29A8000F475A31"
"server/src/schema/migrations/1776332807985-SetOAuthAllowInsecureRequests.ts","557","9E6B689D3F11B854BB8C653748D49347EB01A3C94BBC82D692BC99B72A62BDEE"
"server/src/schema/migrations/1776442031775-AddOauthSidToSession.ts","468","E24A73E7B7ACBA983FA685B3116774C731DAF91C372E8601999DAE17B92715E2"
"server/src/schema/migrations/1776792304485-ReconcileSqlToolsUpgradeChanges.ts","3648","093C2C54382FCBF2CDE854A8571073E883551749A594562DC292B6D13F94A677"
"server/src/schema/migrations/1776848612954-MigrateAlbumOwnerIdToAlbumUser.ts","6162","6A1280CF6AF6BE0586CB52FE6539A1EA7BA0C62A75BFF70396C0F447E63CA790"
"server/src/schema/migrations/1777415973792-AddVideoStreamTables.ts","2316","D8ED74F719F42E2EADDEC929B32AA9920FD66AB9B107FDFB7E2EF2542176DA4C"
"server/src/schema/migrations/1777654048096-CreateAudioVideoTables.ts","1942","C26464C52C7C06DC31B2D019923281B76A16DE67066D5CDA96C07003AE61C14C"
"server/src/schema/migrations/1777667825574-ChangeDurationToInteger.ts","915","BD2DB153E91801C41C6EB10DBCBAF12CB3DF1FB1DF461836A4BFA2E88039EA53"
"server/src/schema/migrations/1777897107000-PartnerAssetSyncReset.ts","372","2D42DB3141EAD6ED0514F2CA1C05DF1FFF9826D1C9793DF2A5A47E76AFB89F23"
"server/src/schema/migrations/1778614946174-UpdateWorkflowTables.ts","4277","7C5E9DE76B747DEEDE0833665E0A8EEF9D7528DCA80C44F8D08AAB059A10C2A7"
"server/src/schema/migrations/1779806699547-AddPluginTemplates.ts","744","64E91D5D3BE2FBF7EE4A1E991147FE09C1797EF92DDB080B249AF1CF620A8833"
"server/src/schema/tables/activity.table.ts","1818","B770116FA75575BE33DF4D0959EBC66CBE4C0C7DC62ED5D2CB8E7958E544E709"
"server/src/schema/tables/album.table.ts","1263","B167ECBECC8913FA83FC0055D3C663B86B9650721C039EC4686532FFA39F82E2"
"server/src/schema/tables/album-asset.table.ts","1126","0D9FD3729915049884E64C7AC5F9AE71AB94C662169C54F34CBBC58E5987E770"
"server/src/schema/tables/album-asset-audit.table.ts","647","DD254B0F5D430C6B1CC4C75ED86B35DDC11D084B733DC0DB6A6E08CBF9A167B0"
"server/src/schema/tables/album-audit.table.ts","503","B6DEBB4B1A76FC400984EF42964C77BA7B70F13203A435B5FEDF4A3F627A9BFB"
"server/src/schema/tables/album-user.table.ts","1861","34F7132134CD325703A84117994EF5F8BD8FEDB4EA4A306CD0AD2D4C9E897CF0"
"server/src/schema/tables/album-user-audit.table.ts","512","A4328B51B353F4E14A08473909BAE58894518274F82EF92BE2E8A33ECCE3DEDF"
"server/src/schema/tables/api-key.table.ts","936","12E4047F780F6239647833021AAD41155A8827251DC7B0C14AEFCEFF9ECE6B8D"
"server/src/schema/tables/asset.table.ts","4320","785071FB547B1FC98817A513DF145962DB7B1A0EDF79C53F35F5C5A7D9A22443"
"server/src/schema/tables/asset-audit.table.ts","504","A06ABED188AB078CBD02602E12011433FD5B205C1E3CB3624E89BBD2048255D5"
"server/src/schema/tables/asset-av.table.ts","2200","438E71B6CB882D78209E7E77A7183F0D4249F6FA37CC5A2B322AC476CB1F9ED9"
"server/src/schema/tables/asset-edit.table.ts","1515","97CBB283381A08070408548FE8E3FC45300D8680917F00A42669B6E404BEBE69"
"server/src/schema/tables/asset-edit-audit.table.ts","499","384C6EC95F38740CF87DD9AB45F5BD854CB793D3B8EA6544A4B755432E942EB2"
"server/src/schema/tables/asset-exif.table.ts","3470","3D278E78ECE8015D1393FCDDB4E12D5EAAA14EA6F7BEB5A8FD7E3C452EB45CE8"
"server/src/schema/tables/asset-face.table.ts","2441","2718FFF83CA1241C5F03CF11D13AB8537E649065B91E820ECAC14C509E2A91AA"
"server/src/schema/tables/asset-face-audit.table.ts","517","DE7ADBFAAE7F54244BE6BD1662089EE10A4673AF1AD1C85AB318905E6184BB73"
"server/src/schema/tables/asset-file.table.ts","1162","78CCD8F880FB0A87FA5B5EBEFD7AA4F43A408CBD3230516C825F92CB54D0591B"
"server/src/schema/tables/asset-job-status.table.ts","737","C0244FA649A07CF786B4A212B9F20542B701F077BFF22ECE91CD65255F71F25E"
"server/src/schema/tables/asset-metadata.table.ts","1137","FE5BA757CF7D87B2DE61C358B8B4BD24DAB85072706F72E43C37AF3A413BE4E2"
"server/src/schema/tables/asset-metadata-audit.table.ts","503","C3B9E4C1DBE58FB28AD45E0C924A468F5873EED478BF8EC23608FD13E11005EB"
"server/src/schema/tables/asset-ocr.table.ts","1018","16A4BFDCD8310A46E6257EC459C394772106ECACDABBAAE6AA7E62F372615A34"
"server/src/schema/tables/face-search.table.ts","535","0526D4751BA5958C8C417B8DB7667FC6BA8A44D2D51BFE047840E3435E3B41B5"
"server/src/schema/tables/geodata-places.table.ts","1653","F0B12AA281D92670D60C12B0B5C68FDE25DD2E5A201158008D20C720309DE598"
"server/src/schema/tables/library.table.ts","1083","AD4E8D01FDD1379D5969AA97DBB98CB39C30D7C6A0A96BC65658E5164BED5907"
"server/src/schema/tables/memory.table.ts","1795","5AEFEAF80B4B2EB29EB2A84C84A8FDCB0B0CE618F01F50F7C5380339807E532C"
"server/src/schema/tables/memory-asset.table.ts","1093","C2D3E6F3D3138B0FB8E29EE4E40FDFB0C13D1E22B70D4FB81B97ACF815F609AA"
"server/src/schema/tables/memory-asset-audit.table.ts","656","2AD5A0706ABE3F8700F6C89041899ECC40872B815DCE21E63336D8F5C1B08EB2"
"server/src/schema/tables/memory-audit.table.ts","506","0D60CDA772D8686CF802623F432D10A7C1EA7087EB49412DBFBF1FAA10ABA749"
"server/src/schema/tables/move.table.ts","658","FD64744C5E57D0B7CCD53F103A82EBB9B56AD9AB6719AB96765C7B57D64F6E4D"
"server/src/schema/tables/natural-earth-countries.table.ts","579","6D91C9C3B416788EE9C1365DE6C5138DE30BEC970F28C9ECE9911261FFADDA74"
"server/src/schema/tables/notification.table.ts","1340","EF41FF4886D42385E6E94B4416FBBF52BEB1C012BAFE01357636B60DBD48629A"
"server/src/schema/tables/ocr-search.table.ts","478","3F0373B68F5D14A844465B0152CE49AE5E9CE03F9DC2D95E355BC71828621BEA"
"server/src/schema/tables/partner.table.ts","1225","8328711226FF803630E3668E23E78B29897FE6CDF51915CD5DFE85A3BFD96B39"
"server/src/schema/tables/partner-audit.table.ts","516","84A5EBFC059415903402E98BCA6222DC05D3C774618B0C57F2937BFB06D80D81"
"server/src/schema/tables/person.table.ts","1832","361626E4AD8686E046866EEDDBEC3E5B8C757E79051BF62D9FA92B6F16D09D67"
"server/src/schema/tables/person-audit.table.ts","507","A75441DCD99D081FA042D426A1BF58D9D49DFC37BE73A68104D4687DA4080A92"
"server/src/schema/tables/plugin.table.ts","917","FB38FB11B1239873F1F42B7F2B29756B0425B2EFAABEDB25D5593C272B9B20AB"
"server/src/schema/tables/plugin-method.table.ts","999","7E66A0FC0805584161350837167E3766A094F2CE9F2F4982F39B3A5E3CEB6589"
"server/src/schema/tables/session.table.ts","1469","373FF87837390C57040DC78756C98955BFCBC16B965C40747F7A927965AF29AD"
"server/src/schema/tables/shared-link.table.ts","1464","145D638B97593D60A93BCEB8020B8DF31CE3CEE54E5656B20C6FDD4163FAB620"
"server/src/schema/tables/shared-link-asset.table.ts","508","EFF60603C2EFBB3495E2AE03DB8E070ACDEB7E22DA259669ED60241753C9BC0D"
"server/src/schema/tables/smart-search.table.ts","568","BCBDD4C59385C0BEC8C99923640E5B6423CCA277D0233C503023FC356430237C"
"server/src/schema/tables/stack.table.ts","1157","500F6218EFD544562B90FA590A00A09E51E6456DF80CF4BFD0D4DFF6D1670BCA"
"server/src/schema/tables/stack-audit.table.ts","477","9DC833DCF6E2375D319B62516C2B681CE4354062BEB0F2C79F9586E5C881BECB"
"server/src/schema/tables/sync-checkpoint.table.ts","879","96E855D2B08CD12F152C557B63C6B73AD812FEC1EE0D7CF07C094DF06E1A6C7D"
"server/src/schema/tables/system-metadata.table.ts","390","D0C20F46DE0D62B5F905772CCB22CA6217A4C361C6E118E507D613559E9184A0"
"server/src/schema/tables/tag.table.ts","1072","D1D526413F02EF1AF71B2BC9F462E3220E37B591A09356DA8F8268DC77F9CA69"
"server/src/schema/tables/tag-asset.table.ts","539","E1052F29DE79D5EC62AE1A31EE172D8D87C55299B869EEA2A990FEFF5314070B"
"server/src/schema/tables/tag-closure.table.ts","448","92929DCABD637C672157358003777785A3CA2B86D926272C5BDC4BB89EB97D82"
"server/src/schema/tables/user.table.ts","2132","4E31AA31CD6E1FD4881A4842E6D1FE334DA2990154B98923A2527717E9B05026"
"server/src/schema/tables/user-audit.table.ts","426","CBACC519609FD5BC367EC19E0A3A560817B5682734126F9B0AD79E58AD7D84D8"
"server/src/schema/tables/user-metadata.table.ts","1292","8071CBB70DE1884E715CAB304E447344283020B360DB83F193E512DEB5BD56B8"
"server/src/schema/tables/user-metadata-audit.table.ts","651","3D4CCC84FD1463668DA40364E20D4C61BE9E040BD06AE95FEE0EE8CF01674802"
"server/src/schema/tables/version-history.table.ts","325","F47EFB3F39DCEB3018B0A023EE467221990A280B60DFF29EAD750D5E83757D8C"
"server/src/schema/tables/video-stream.table.ts","1590","E35CA593BC73CAAB1F2CF91CC0BBB2005C77B738253378C0F353AAFF7E6AEAA8"
"server/src/schema/tables/workflow.table.ts","1022","FE66C3D77FFA3F5152DC683E0F22A3FDBF7B9C68A7E1B3A7F454E65BCC14AC00"
"server/src/schema/tables/workflow-step.table.ts","879","4CAC50CFA472238E7FF50AD9600A4316D2A47D5C32B66A536DE4BB3F23CA1CE9"
"server/src/services/activity.service.spec.ts","6547","D62596FD93F69FE4E3D912767B5A04003674089AAEF8EF32D338DB7C7EED9B51"
"server/src/services/activity.service.ts","2457","CD0F2282C3D329BC5250AB377D99BF9F29B09CF0D69A9FB906515C507FE264B3"
"server/src/services/album.service.spec.ts","60112","FF6F20FD352142C5903D93F48A5E643AB2E8AECA4B2F3C8F3B3DD7C658DF412F"
"server/src/services/album.service.ts","13092","FD07DCD776608D51A68C4F45129CE210192D5430BFC4E79A8A9A5057242C1697"
"server/src/services/api.service.spec.ts","1374","FFAF7D710B73EF34F98153220546714092DF872A1D71577F1D80F18063FCF522"
"server/src/services/api.service.ts","3674","2A8D240EF675D52FB92E7D7DA4C4AAC027756F2A2E6E163A7670A466D8F19E26"
"server/src/services/api-key.service.spec.ts","10267","1345815959C23B72D5ABC30E9A465EF869DC0A4F12F319800C2027A07D568279"
"server/src/services/api-key.service.ts","3105","CC50FE74E07BED0B5F10BD00972701864689ED5166970E494C861DFB35D6F179"
"server/src/services/asset.service.spec.ts","29600","E66C45C5665DF7FAA710982E7571209D380812451B03C41E2BCEB9B9E79FC24A"
"server/src/services/asset.service.ts","19724","A3009E9FC3394FB74C772FAB465F72F4C3470BA98FC639322603F10B66C18C74"
"server/src/services/asset-media.service.spec.ts","31950","1829621A4331C969B1D46F13CCBD6026AB2F89C7D574D5EE32360B3CAFE50E0E"
"server/src/services/asset-media.service.ts","11686","88374AB55B25729B9EF6DEE6C1C96EB51923890787118811C247D5AD747E9E3D"
"server/src/services/auth.service.spec.ts","50291","61F17F2C5E6EF607F510383B4A3AC57CB6878B682D208E25BE9B1B53329EB077"
"server/src/services/auth.service.ts","22493","264FA5D5712F1F8B0BC79CB94BE08E5A2CB29D20D7AD01C700C30DE3150BD0D1"
"server/src/services/auth-admin.service.ts","347","AD456DBF29DCFBE23A6228DF5611150371E02115BE680DC3682E4C8F62EF193B"
"server/src/services/base.service.ts","11972","EBFC3AFDA6665E52D51E30DF6678C5F5FA2BFB4199CB016707DE9C9F4122E5E5"
"server/src/services/cli.service.spec.ts","6671","6FE2838F1DCB4E89C52B629A7CD1387AB8BD0B86A6CC81506BFC847AB1967533"
"server/src/services/cli.service.ts","7091","D7722AA0AE9EAA7C68996D2DF42370E79D0D2F452F232FDE7B84FAC837809897"
"server/src/services/database.service.spec.ts","15466","268BAB6563EE3206CB0D7AC7807614FC7A1C9800D97518E1E858A167DA009668"
"server/src/services/database.service.ts","8212","84290B92D85E0DCA88DC32F87881A72EC44F595715AD9CF1728FC19EBE43ACAC"
"server/src/services/database-backup.service.spec.ts","33530","4D1C64813BCD2405FD8DF21EE3E1D9C2D3C22917B6E52DF5A0F32D877AA1E606"
"server/src/services/database-backup.service.ts","18309","A504ACAEEE6CBA00BA788A73694DE803B47F9D7D17D85A927812EDF040BC58C0"
"server/src/services/download.service.spec.ts","14309","D0F240B409EFD858770D4D797AAA602E401B1D7A47BFED73D4B0B1397C15B226"
"server/src/services/download.service.ts","4352","B2CFE2DCC9DC4734134669702E5E1C0F5E7B644F280E3A6187F614D173C757A7"
"server/src/services/duplicate.service.spec.ts","20408","FAC3D5B8E4D0EC5D0A8B67AFB67CBCF8163F40A25A8051EFFBBEB2E344E73BE5"
"server/src/services/duplicate.service.ts","14294","E9C3DE3A133B1F98C09705361A414390E9D4BE41F7F9C0825D879CB129B01445"
"server/src/services/index.ts","4002","86B8972B58D694C8F72C943DC4F60E35469665931131B6A3AFEA716B4A0E0D26"
"server/src/services/job.service.spec.ts","4458","DFDFB066E98C1A8AB3341521D2BB16B1AFAF80287EC4314FC9E7819F88CF1794"
"server/src/services/job.service.ts","8169","78A67658C19CEE30DB6DA73660BFDEB27BFB84E9D0BA4C2C60C43F37BC87C251"
"server/src/services/library.service.spec.ts","44507","67770242AE201757C2D92C43DC4D7E4B299FE622B60DE73783457FEAA5CC51F9"
"server/src/services/library.service.ts","25469","4663801154952B3F6BD45E99AFB7ADCC21324E1634DC61772BC1AE5F0FC74E77"
"server/src/services/maintenance.service.spec.ts","5039","720B7BCD194683DAA01F90EBE1CDF4A07A78DBC81499EB68B717314EB1E8D939"
"server/src/services/maintenance.service.ts","2903","976B3F92FB6EAF793CE2574B7F35B026F3F4072C3B643916B333596097C026D3"
"server/src/services/map.service.spec.ts","4013","5586003CBBF14AFAA2CFB49C21C5A52B897B9B365A181D75F942F43AC5987160"
"server/src/services/map.service.ts","1151","34C316C7A44448AABADB6C3CAA884F3351FE4E685B7A3C3F7B09FA05CA27F668"
"server/src/services/media.service.spec.ts","167148","17AEF8870A1EFDCA980EFA2B9D566749318D191C6D4606CC1D9CA339C5800D87"
"server/src/services/media.service.ts","34271","BB39381569F83AE95E3BE062F42AF8CAF0624D2E95DEBDE3FD2CBD125F5348BA"
"server/src/services/memory.service.spec.ts","10425","7FAE87CBDE08C9C447BCDE81E94DF4487D6358540FF91987D25D3531CAE6B414"
"server/src/services/memory.service.ts","6109","468E6500ECEB185599D94897051969BB2FA89CCC6A70A4DCB5D9428F65414259"
"server/src/services/metadata.service.spec.ts","85556","D6A4C0F916EB45805CF03D798B9DB5C3A081E7B6B5930C20DC13FC09117B0ECB"
"server/src/services/metadata.service.ts","38923","DCC3A0407C865AD1B83819BE289DC7D03F5CDCD1AE12A43044F5397712BADD7B"
"server/src/services/notification.service.spec.ts","23076","1E26E03287094E1B4A7F4C34E06BB5F02363B66D5100511116E6C82CFCE08611"
"server/src/services/notification.service.ts","16052","2B465ECD15DA890352CE4285AACA176FC2746794498DE3E10918422D637DF5CE"
"server/src/services/notification-admin.service.spec.ts","4262","C342F57BF2AE7F6266D498AA211C983DE214C68404E470DACC76D0B3F2A94D5B"
"server/src/services/notification-admin.service.ts","3921","55F787A0A0617A58CDBAB25C19D43D5B1E1107316D27215E511BDE9394034CBC"
"server/src/services/ocr.service.spec.ts","9242","B7547B90930DE9B8E15D97623A1F0E0145DC0AA1C0243078ADCACCB2C9978115"
"server/src/services/ocr.service.ts","3086","B6622093D2466739E7E9943C9D7092F41C21DE06864CCBD8B6B070374F78A593"
"server/src/services/partner.service.spec.ts","5325","7E48B3E84D19F87B0DDDF6F3D91FCD9265F0B9E7821D63400E60EA510ACEEAB0"
"server/src/services/partner.service.ts","2709","C3CD71B9D52102E13F62B0D89DD877618C581A5334371C48EB33BDFA388F55B3"
"server/src/services/person.service.spec.ts","57381","1F7FC03C44BAF464D2B7032115093C703F6DE223E3255F6A585C1A22F0F00AC3"
"server/src/services/person.service.ts","26334","3B4E239E7FA1CE1A9A19E6EEA8480718FD8AF22D87AE85516FE98AE39254523C"
"server/src/services/plugin.service.ts","1405","5A553C04C6EB24E3CB9303761A46AF557AFB5A1B6098608E1DCA0E24351E78FA"
"server/src/services/queue.service.spec.ts","9112","024C5A2E4F067CB40CB4F9323D0D7C1EDD02B88D20BD1D095D290472568C5811"
"server/src/services/queue.service.ts","9277","DE563489382E9A2DBABF099FBCC88B44E3ADB28F0347A2B6881B1B621D6A97A1"
"server/src/services/search.service.spec.ts","11757","D58ED8C5D297EBD917FC697B51BE3902542F4851359F739185644945BEB8DB2A"
"server/src/services/search.service.ts","8569","E8C8CCD39B4300A9AF487C2031BF3AC140EF3BB28DC5F90BAF13AD4BE030C6E4"
"server/src/services/server.service.spec.ts","8591","F9ABE27053771A314D7DE93F60943460842E45C55B2065D1C712EB0D0890AAA7"
"server/src/services/server.service.ts","7318","A9C9A4C45C3193C54BC716711283B8289EDB712A268C9D0A5E799EC178CB5D27"
"server/src/services/session.service.spec.ts","2419","023102DD8F7A8681805FC9FDF5C6812F07418A32C5B9171E7E75B16BBED3BA51"
"server/src/services/session.service.ts","3328","3A12846E8560EC549EDCFD3F25E782C887CA4AA1084A2B26AC1E8DC6A4219228"
"server/src/services/shared-link.service.spec.ts","16313","C1040713C5E2F8882D085F54FD290D9D37D1E64386872393C51B577771FDA8E2"
"server/src/services/shared-link.service.ts","8625","37A1FCEA6CD2FFC39BD73201CD14E8D25B4A6412AEADEA31E4B555B5C8184ECD"
"server/src/services/smart-info.service.spec.ts","10986","9BDBC0454E737BE56C4850CE62F3AE89BF314E93DF24C80FB6969E3531EEAAF4"
"server/src/services/smart-info.service.ts","5132","9066A657D3D36B48128D82B467A99A28EDA47E8584027F6C22A5B387C910C887"
"server/src/services/stack.service.spec.ts","10932","D138C9DD147DACC5F38E2C502872D13BDDD0707618B1ABB75A7ECD857E42EC1D"
"server/src/services/stack.service.ts","3567","DCFC7F146554CF73B931ED7FE97CB4DC17858479B31CAFBC3EE4429BBC226807"
"server/src/services/storage.service.spec.ts","7750","257789A8D7EAB00E23C589C5928D3A71D9049735B0048075CB2143D4BCC1ADF0"
"server/src/services/storage.service.ts","6777","5B4C7847C39E263215852B46AC02DED976707D7EE02D6BB2D7F85817F9B694D1"
"server/src/services/storage-template.service.spec.ts","43484","3A01C071B271F2672D132DAE74E5D552A73962299405F2482A2CFDE0DA62F7BB"
"server/src/services/storage-template.service.ts","15264","BE6DD944E003141C0AB73322D3A8E94FA8F5BF7B4F4698BA90A13C81B079FD93"
"server/src/services/sync.service.ts","36100","8CCBEA391E7B203395E63C2BADB8CC40F8CE95930E817E03976D0AA8202039B3"
"server/src/services/system-config.service.spec.ts","15524","946289AB1AAE15DC894A73C5E6C88C3E161C628479B0ABB34DCA2AFE9E47DC8D"
"server/src/services/system-config.service.ts","3202","EE7F7450F65F33A886DA4B7182FCC2D419BBC9DBCE1C4B0EBD5A144DD3918DDD"
"server/src/services/system-metadata.service.spec.ts","2256","3A0BAFB64FFDB1C49084368B3585A5E14DA23718EE28417D7D87E934C4B390CA"
"server/src/services/system-metadata.service.ts","1306","780D76BC66B61E328BA01AD94ED7C3B5F111AFDBD6FF6073CDA37C2721474AC4"
"server/src/services/tag.service.spec.ts","13068","A25020776F06FE5263AA4E07D09C58EF13A9EF4B01A7E2EA794C51FE4F742C22"
"server/src/services/tag.service.ts","5379","D8195E5ED0B608C0650471FC9A4846FA27A69A95D3E630E3EC6E918401264BD7"
"server/src/services/telemetry.service.ts","2127","A3AD6761EA385685A24DD3DA3F9065839DC680EBEE1DD374196CD4B3009B5CEB"
"server/src/services/timeline.service.spec.ts","7225","AD999E5A1E3B2E58B41A75234AF7000BD555F4813B0C5F539AB0DF0E4AE42DD3"
"server/src/services/timeline.service.ts","3301","4769B7A344D21DEBEA4CCAAD16F897F30FC9CEDD8B27926A08E322AE2F19486A"
"server/src/services/trash.service.spec.ts","3808","5960E3290B1F379F2FA1CEEABD56AE410D065BBCF293B07FF438DF41A09C7154"
"server/src/services/trash.service.ts","2653","73617C4F2F3D6C74A8B1B3FFB2E53CDB0FD5114AF319D627B677CC91139FE85A"
"server/src/services/user.service.spec.ts","13424","1C8D27F14D7FB073BC757D5001DFB88A89226749EAD5A4AD3052FE4F57383559"
"server/src/services/user.service.ts","11239","395D5981BF1AD589F01C32C9F82842F329790030C4E70C01D1DE02B5C8CA41CA"
"server/src/services/user-admin.service.spec.ts","6841","F7AC15D7F170594982388167941C024040FD0348FA2F5F35CCA558A89AF7D796"
"server/src/services/user-admin.service.ts","5828","5F3C316D255BC2D8E5250996E25E81F730BA1770FE3B7616881959A834531619"
"server/src/services/version.service.spec.ts","8140","2F49C2121C120DDE895D6CC88CA92D2F658A9CC63FC9B6E2DD6E764F5F1FD7E0"
"server/src/services/version.service.ts","5027","3D74578550A91C33806C2F876E0EE52C38F45D6FE07F4444CD07BCC34CB521E3"
"server/src/services/view.service.spec.ts","1809","A6D6D112CB2345E89E44BD7AB38E4C8F64B5CA6B1263F487A928A3F8667A2041"
"server/src/services/view.service.ts","667","55C1D234EEF794CE0195C8F9163A81B0EB614E78BDA22E2E94FC11F1D008B5B7"
"server/src/services/workflow.service.ts","4108","3E1EA87C1DE122F7539B3640482E0DF122F2B5D4666903CB5BC5B7B85F07407D"
"server/src/services/workflow-execution.service.ts","14833","3E376AD4EEF6B074CD11A67A086B86C6B20AF9BB746DC70C03F834887D4A96EE"
"server/src/types.ts","15215","7331BBEEAC0387BB1651B703DA33EAEB63CCBB5D7642FEFC7E47A197A69BF1E5"
"server/src/utils/access.ts","11521","F863BDFE6BEFBC4273C3184B2C24FF404480FB503F7C547ADD34E72A9FCF036F"
"server/src/utils/asset.util.ts","8345","1CF4C4A0243A7309384EB53E0E5DA641746DB53A1307C13396549682F3ED0967"
"server/src/utils/bytes.ts","966","B4D3F86369D7AC2286243F4DFC9DD7664491BD973E5442C1EC893BF7E1A26D1E"
"server/src/utils/config.ts","4545","B06368F221A07B8D8D4ECA2C64148CE110031AAE2C5600F57277952DC55A7814"
"server/src/utils/database.ts","20205","E7C67439CF4170172CBC7F7E45440438FB06D65B2F31172C8C5376D4AF959BCC"
"server/src/utils/database-backups.ts","865","381698D7719B352CF9ED1ED3C293FABFCCAE266ECDFB226A3C65DEE594EE413C"
"server/src/utils/date.ts","1456","A1DD7617C8934B9211BD96C031F8A8EBE0434529FD231B019ACB05433C6893FE"
"server/src/utils/duplicate.spec.ts","6465","6B78AADE7685CDC96FAE32FD8A94533CDFE604652FDAAAE4276E45E2BC0D79A0"
"server/src/utils/duplicate.ts","2297","17733DAC9109779BD96846E378D8276C163C20992435D39857F4CB80ACF3ECFA"
"server/src/utils/editor.spec.ts","17932","2C65CBF7FA8161297DF427F44585EBDF4C0BF286BD410E2BEC5D5918BA3C4509"
"server/src/utils/editor.ts","2957","6A9D0F7FEF987D1846A09C3DB7189643FA5E6D2CBA0C55A6998E2FC569FA92BD"
"server/src/utils/fetch.spec.ts","575","4B1E1366C8A5EF617618FC5FE4A6AF37A47AD30352510188CFA5D76387B6B5F4"
"server/src/utils/fetch.ts","390","AE437A33961216E81D8E47DEA33155FDF6FDBB3FDE5EE74C211F6C516A36C8FD"
"server/src/utils/file.ts","3030","5D4045CB7A3635D592E15ED063C702B0F7A49EE85FBB19BC0B51CAC33DE99B6B"
"server/src/utils/logger.ts","521","AD74D836D29D8B061BB1446350B1E78BA897CE7CAC8F18BAD4A4716A8EF6232A"
"server/src/utils/maintenance.ts","1916","5D5D23A889535C90A514BD4665F01489B5C1995283FFD24DE8E27B10740648AC"
"server/src/utils/media.ts","30007","3D4AEC9F820BC6168696D5F6ED6B2CAD9DDEF027D64AEA5E455E337D49C5D185"
"server/src/utils/mime-types.spec.ts","10949","5D8845F03EB89C90EECF3CF2CD014F32D2C2A716E844B8A666C4B8ACED8A5D35"
"server/src/utils/mime-types.ts","5611","A676051345A58BC540E0E721ABD27DF42B9CEC874201AE59ECB00C974E34C9A8"
"server/src/utils/misc.spec.ts","2107","338C366D0BAD9664CCC46EEF8EDC44EAC8F7BC0FD6C0D5A292E6D5281EE8801A"
"server/src/utils/misc.ts","10530","A0C536BBC251A2258CD826354D95DFD7B78A2D9128FCCE642009E0E20D741796"
"server/src/utils/object.ts","486","43FFB0A90F6A53EB5B9B964D4831BFD874718B463378F6B73AC86964C5511B26"
"server/src/utils/pagination.ts","369","63891BB3401192BF9100167D2ADFED7E5A1F07D012C5E59AFB445BF599E87181"
"server/src/utils/preferences.ts","2469","46CE6BDBB0B03578240A094AC40B23045B644642B6814E8640B4A37D7FFD0404"
"server/src/utils/profile-image.ts","1125","E0674723227C77A3B34437F402B349FE6F6DF97A8DA810487C4F0F3CC81F6A37"
"server/src/utils/replace-template-tags.ts","211","91BFC77BC17FDE47C6AABC24C87FD199BB49EDF4555FF4008D47029D3D3D30C6"
"server/src/utils/request.spec.ts","1036","B1EB4B75A750CC01948C367364D771ACE628992422BD1B0A3FBB1ADC46F912B5"
"server/src/utils/request.ts","999","DE37265369C848F4700AF0F9619F8C166A5FA609EAB6CB29DD2B6ABE9891D676"
"server/src/utils/response.ts","1368","3B914F292B5AC89F97C9BE1754593BF48CF4ACD824E444FE87FF6D2714DA2460"
"server/src/utils/set.ts","1060","1B05E13B1AF84CF2A9A0D2A3B5ABC007DF6A279F5042F3A3F9F5CFB70FC2B23C"
"server/src/utils/sync.ts","1089","455B9B496A518DBCD433678453EE0097C79FDB80D8AA374D5CD5A48109C06475"
"server/src/utils/tag.ts","695","51613D1D49D1D1CDAA1631E04792EF7ADA0E229FA401FE1A220570871214BB7E"
"server/src/utils/tasks.ts","248","696DAA57C6CC2A16EB737EA74EE4E319F8575F5614347C9F4D37CEDEA2DD5625"
"server/src/utils/transform.spec.ts","12002","B4CD3FF24B9B46B27E8AC673ED992D982FE51088E6127659B4A8902F224FDDAE"
"server/src/utils/transform.ts","7263","6D2DB193706B23385BD4ECBC3EDA013E0A9F574F091B4C4706D1EFD31B83C979"
"server/src/utils/workflow.spec.ts","1076","E7288326A4AE12C55F7096DEF8A50EA96D78FE8E1C4F8362F8C26E358250E733"
"server/src/utils/workflow.ts","2365","3A27951909684C2DB46828EEDDA9FF939676656C8DC209FA61E3436956231E6A"
"server/src/validation.spec.ts","1492","C8DDD2A3B5BE35A783259D45D024304914F214DA29BCECB02ACF73F6863790ED"
"server/src/validation.ts","8676","4B2E8AD532AC407DA04494535134B93E6C090AA60D1A0959BA011435BA6A5A74"
"server/src/workers/api.ts","868","294782F8A20631E456053F4E2C91E7C2D6703B3C171D6C32CEC597279F6EA426"
"server/src/workers/maintenance.ts","968","B39DFD91424860F9E439794A28EB05496FF63D1D35DB4A5C8874720719C3BE04"
"server/src/workers/microservices.ts","1503","A309FA9F9A7FDD2916E5F3280B94F79C292DF2C2A48BE1715B961892910DC6DA"
"server/test/factories/activity.factory.ts","1222","7854AF41A74233EFD09AC50DA97B4AC3185DE45DD50E3344A1DE4A92FE1B2B6F"
"server/test/factories/album.factory.ts","2454","AF3244A12F21126835DB6875DC47AEE9EB2BBCDB6910D09DEBBB072F25091779"
"server/test/factories/album-user.factory.ts","1592","B974097FF55BE3F1FB3E9CC3D2F1842AD2DBA515755C6CE82DC785D200A079A5"
"server/test/factories/api-key.factory.ts","1256","36572534A221FAE94855A0AB32F01EE718EF2F23442705615933493B40F8093B"
"server/test/factories/asset.factory.ts","5063","5CAE81C9967D9E2A0E7E680AE7E54016D2793E1D557C3D018AE1B6FFBE4E6377"
"server/test/factories/asset-edit.factory.ts","1348","F51E86328BD5476CDF2A02B52FDC34880824228419590555B75DCCB21BB6CCB2"
"server/test/factories/asset-exif.factory.ts","1462","CC468105C7B6DBE6E7C5E29647B09D6D1C3775045F467FC47E49269E9CFE6AA3"
"server/test/factories/asset-face.factory.ts","1424","6B4CF153B6AD48457154760C939B0EAB8D8CBDBCB69541872689A6716C4D4595"
"server/test/factories/asset-file.factory.ts","1381","AFDFCE1A30D897B1D33F8314F1904E301188E81DB27D769C91DA26B09B646D21"
"server/test/factories/auth.factory.ts","1703","62029B87D77FFB4FF9638896905D35800919C68FC8DE53E8534F2DD57D3B70F3"
"server/test/factories/builder.factory.ts","177","42AE9721D9D5766FF2212BCA7B91BACAC9F7FB4327E8BF158D3D79749489BC38"
"server/test/factories/memory.factory.ts","1313","BDB97C2C49497849308066829CA4B4687428EDECF8D120E258701E079A8F6E16"
"server/test/factories/oauth-profile.factory.ts","701","67D8CF87177A8C4B4B7CDADFA10EC16D610D71E95653E5C8F2E8531BCEE72191"
"server/test/factories/partner.factory.ts","1610","C7841F2A5F62AD334C98EFEDB848122DF0AE02F9FB1CF1F06385D609C3871D8A"
"server/test/factories/person.factory.ts","881","5DB5B7AEA4CB4A6009D262F3D8129FDB32817180460438490427B60A22AC2249"
"server/test/factories/session.factory.ts","931","30BC81E3130044A4E8531E339D580E219E3C8E14FB3A77DE07C1D65C4FEC8006"
"server/test/factories/shared-link.factory.ts","2291","2C08F983CD7455B1FE214AAACBAF1D017539FBA72D5E3ACC909D665A95B5EB6A"
"server/test/factories/stack.factory.ts","1574","FAB310CF8E787423B7A046EE67A9276C7D4F3A49A10C368CA3E23D5F8B4CCFBC"
"server/test/factories/types.ts","2242","693D828E2DFBFB4C16AEE91A4DC1F5553483691A0C8CEAE02360D7C0DB0B4B95"
"server/test/factories/user.factory.ts","1510","0A4BCB3B55ACE0B1D2507931ED0B55C222AF57F98153845C2BA0069F35F469B0"
"server/test/fixtures/auth.stub.ts","1377","5A2CF0C002590B0634704A12DB4F86F0C6AF7FF1B967CDA3EEF6A905814EB5D2"
"server/test/fixtures/file.stub.ts","908","27FD94A6785E6570917DFCEEC7AF06E75E676625BA59846A67CFA17D60B2743E"
"server/test/fixtures/media.stub.ts","16955","9FF77AEDFD5AA03C7F2B7C31FF7523E3C93F6020F4826893C79A2625F556E6D4"
"server/test/fixtures/notification.stub.ts","420","1F260D947DC1E8E0F94F5ABC6FBD0DE3F1AC250F860B630079059EA2C7F681F5"
"server/test/fixtures/person.stub.ts","2597","EDC63D39261BE12881D71ABEEF080B47EEA4E49B990DABDF0BD7E7EB17A3B739"
"server/test/fixtures/shared-link.stub.ts","2226","A3ED60F8E36A0181FB033579337E5955CDE53D329C498BEE235EF0AA1E41D062"
"server/test/fixtures/system-config.stub.ts","2159","F2B3423F8D29671793B3661D54A6F0CFFD62C148CE14F05CB577196A22D99E06"
"server/test/fixtures/tag.stub.ts","1623","EB84B44DA2AF9BC1058A96AC6D90B19A61B55083D98EEFA5E419CC5E6CA2795C"
"server/test/fixtures/user.stub.ts","1087","7E8E8388BBF0F2B002CA2A2E402E60E0BCB3CF3FA19247D51FCC15C801D5F78E"
"server/test/mappers.ts","8060","FD476A65C44D08B2097286DB9B3C22CEA49D53AD67AFB91FFC5A13F24BC7C43D"
"server/test/medium.factory.ts","25366","5BCF3718223DF06EE453B40751A0B007A39CA6FE30415EE976C58D0C9E24E295"
"server/test/medium/globalSetup.ts","1760","8CE394FD4B0DE5B98781F044B0873505F96858EFC80D06A45ED6CE15C0AF55B8"
"server/test/medium/responses.ts","1104","10232BFF96A11A8FB88297A952FB63A39F0500CB4816B0B065D2EE633E2BDD0A"
"server/test/medium/specs/exif/audio-video.spec.ts","1810","933CC7EDD31047600809B291EBE492E218604D9E1FBAEEE4BE3D4DBFE12C58BD"
"server/test/medium/specs/exif/exif-date-time.spec.ts","2231","C96C149E6A5EE9EBAA9FA6FC2F7D613B68C9351A3677E0D00066B7B5D5833F68"
"server/test/medium/specs/exif/exif-gps.spec.ts","950","8F480860133C5FD195D8C04C346B4A62C0D87EFA73100F53052716D9A890CF61"
"server/test/medium/specs/exif/exif-tags.spec.ts","1087","D6DD9ED825434230DEE162BA8C99CDE5C947680E22BF77570D1CBA34A36A3DC6"
"server/test/medium/specs/repositories/asset.repository.spec.ts","7236","001ACB973989A6FC073B4CA383700AFE7148FC802B267DA4BBF6A5A8F965EA09"
"server/test/medium/specs/repositories/asset-edit.repository.spec.ts","4620","37A07167D2E54F47BEA32E22C5DD5CC8A869DC178231F1A21552FC7F826FC5EC"
"server/test/medium/specs/repositories/asset-job.repository.spec.ts","6018","DB47E02F23E4C6245132EAA39890C4451909420E7FED9C73A4297B6A30E13C5D"
"server/test/medium/specs/repositories/metadata.repository.spec.ts","2942","025AC6D5C4239F3DDAB508F964D938FC2B28F10CA39EEEE88B8A829C11C07FAA"
"server/test/medium/specs/repositories/person.repository.spec.ts","2158","101CD71571215E22D2C9B56CBB831CFEB8DC40A6C4A0FC2B658C6869C4113C3D"
"server/test/medium/specs/services/asset.service.spec.ts","37283","E240A4F0FBCC842EB4B3DE00374D08B3C0F2947D0194B4ED1772BB15F14352C6"
"server/test/medium/specs/services/asset-media.service.spec.ts","15291","C1E30AD6BFF3DE10251A099A4F21D10E692E9E54DF43E49FA27E8B30D1A12F29"
"server/test/medium/specs/services/audit.database.spec.ts","4188","E8A711A7FE7AA3BBAD215CAD53E55B0F6560A859571819B91A5B0B054D8FA55C"
"server/test/medium/specs/services/auth.service.spec.ts","6407","05B242979D1204FD121446F6EE339D8348484B690FAD271FF7DFB6AE56B03EAD"
"server/test/medium/specs/services/auth-admin.service.spec.ts","2426","4E444093759EFCB509F32ACC9767E8E5B9CF1137D4CD7527BAA28214A6AB9A09"
"server/test/medium/specs/services/memory.service.spec.ts","8981","9271AAC6539F9063035344FFEF43A581C07226856862CCCBFE8FD4E07351C9E6"
"server/test/medium/specs/services/metadata.service.spec.ts","5271","5D42FC434EB73DE3358587F8B7C0E304EA332488255099609E53F4E171B65460"
"server/test/medium/specs/services/ocr.service.spec.ts","7902","F6D12D2B38983FD9155D1CF161CD217CE774AED05426FEAC8FDEC5C79CACB749"
"server/test/medium/specs/services/person.service.spec.ts","25484","5040955C20DB3E02E1A9C8D31F923F9327EE8A59D50D6C387D8D05B847A353D1"
"server/test/medium/specs/services/plugin.service.spec.ts","8042","DE7ED7A29CA9254DED16F1D115BA21F7C1F95A9DD8A07FA5894B6B7316294B1C"
"server/test/medium/specs/services/search.service.spec.ts","4706","02DBEDC9100ED1E36E563A20C55083BA7115C7409B2975E3F2BD97FFB1121C30"
"server/test/medium/specs/services/shared-link.service.spec.ts","21209","E2721DE59E7EDCDFC76A84A93F5E3B14C010B5DBA38832E2C48927958F91650B"
"server/test/medium/specs/services/storage.service.spec.ts","1819","4AC6CD12D1BBE1C93ACED7299A7E1EA01A4F7623FEB8F091D93AC8CF9154B397"
"server/test/medium/specs/services/sync.service.spec.ts","9039","DB4526A553BB3AE4C4F9B472E54D5A5B45A3F6021193204BB7899EFC398F274D"
"server/test/medium/specs/services/tag.service.spec.ts","6709","65F00241992726A4DFA64A5F44FF4AED9598B9DEFE9A80D59301F6C981DF1EC4"
"server/test/medium/specs/services/timeline.service.spec.ts","9974","EBA78C19DD95E15E9321F8F7873C606AFFE297728515E250EDFC1AF6EE942A5D"
"server/test/medium/specs/services/user.service.spec.ts","7712","DFE5C35E4D40CF0C46FF635F52E10EE18DFD4CCA428A37AF47395F067F21890D"
"server/test/medium/specs/services/version.service.spec.ts","2556","A41A925F1F8CAD9D5AF681A442565B68207097EF8B07D7C76313C22F13F8230A"
"server/test/medium/specs/services/workflow.service.spec.ts","4755","382A77BAFDAF48BD729E556DAC1D53030FD0B10EC8ED04A505061667F7E27DF1"
"server/test/medium/specs/sync/sync-album.spec.ts","8767","65AD0EC4969915980597D087BCD9E7638E759D2E98D6A0426CF384691CDB6BC5"
"server/test/medium/specs/sync/sync-album-asset.spec.ts","11888","74826CDCACF0678C955AB3C017F708653464CEF09083479CCC47346635B93430"
"server/test/medium/specs/sync/sync-album-asset-exif.spec.ts","14596","6B7B07B690A55F441E1515FC57A1AB0BEDE29B2274A9A253F238B12EE074BEA9"
"server/test/medium/specs/sync/sync-album-to-asset.spec.ts","9752","E46821AE0A0B2A160C1E782A5E5DB256025D0C4C9F372DACF4691AF02363E0EF"
"server/test/medium/specs/sync/sync-album-user.spec.ts","13618","C916C1A64B2E5F9E77743E938C199C2F5665590B5B87EF22076858543204BF91"
"server/test/medium/specs/sync/sync-asset.spec.ts","4284","0C8ACB236C0FEC6375B711D49445E7E81535E99DB46744B78FC7432CE33C98E4"
"server/test/medium/specs/sync/sync-asset-edit.spec.ts","9859","DCDC833EE8C5DDD2378E19530EA85A9DD6B8BB3351ADD07ACF9B15B5BBB5BB60"
"server/test/medium/specs/sync/sync-asset-exif.spec.ts","2797","06A6E5B12D9C10052B3F0E13D52AEA9E17029171A3905A21A8BAC21B4B4B5057"
"server/test/medium/specs/sync/sync-asset-face.spec.ts","8999","6750AE57C3D190D411FA21DCBE98E289A39820724EA3056109CA6E202962E04A"
"server/test/medium/specs/sync/sync-asset-metadata.spec.ts","4339","7CD0F9B896D1209D0EFFCBA62E1A07CAC598D65879D2CCF15844D3CAF5D5A033"
"server/test/medium/specs/sync/sync-auth-user.spec.ts","3281","30C413B96B07B933BD606932B492CF712ECDF4E00851CF296FD8CAAF21AD1FD5"
"server/test/medium/specs/sync/sync-complete.spec.ts","2075","1A97291083B4C53D018AAE6C4EDFA46143272322A88D65E13026E1DC6E0DA872"
"server/test/medium/specs/sync/sync-memory.spec.ts","4026","161672218F3F43AF46D555DA4E45CD081EE97D8E086F05C9724F760944F2F7C3"
"server/test/medium/specs/sync/sync-memory-asset.spec.ts","3592","3A2E29E1C26DCA7DCF43E3FD643F2B4B90B1A025A91FC08C623253372787F8E8"
"server/test/medium/specs/sync/sync-partner.spec.ts","6108","5C0545382CDBECAFA9F492E7DE26BC1B02740F5A0A56B75D0385238A1DB43F6F"
"server/test/medium/specs/sync/sync-partner-asset.spec.ts","10543","2069B6297EB500E20667620A33411221BC00FA707639EFC2195194237F4414D8"
"server/test/medium/specs/sync/sync-partner-asset-exif.spec.ts","9966","14872FCE9325883BA12907323E65C46443670DA639DC6D0513B99BC999CDA268"
"server/test/medium/specs/sync/sync-partner-stack.spec.ts","10617","44B07856C92E54F39EBCAF98F9A89C6C0F274F723025DCC44A2E7C7310D4EFAD"
"server/test/medium/specs/sync/sync-person.spec.ts","3366","2151ABC2D035B86270E27DF734774E1EF9EFFB71522F9A03031522653C183393"
"server/test/medium/specs/sync/sync-reset.spec.ts","3201","8987F3E131EF3D9DA619099CB29B5A5D32417FFABD76A75DDEF9909864D32B60"
"server/test/medium/specs/sync/sync-stack.spec.ts","4607","7A0583252B8EDCAA70DD722FE6E5B20F64EB8AECEC326DCC1D35449DB12967D8"
"server/test/medium/specs/sync/sync-types.spec.ts","668","DEDB05A1501E584FA2E948E2FB2A8D28757F3D0F9FE443A9D32A93F551C34256"
"server/test/medium/specs/sync/sync-user.spec.ts","4330","E55722CCCC8F739EEE2044AA0FFE7A34669BDE92A98CEB28C5560F1F6D20FD92"
"server/test/medium/specs/sync/sync-user-metadata.spec.ts","4087","718F8B049ECA1496F9F3296F9F702275CD2AD2A313B5F3B3528037210B3C0697"
"server/test/medium/specs/workflow/workflow-core-plugin.spec.ts","12705","103ECC1711FDB3C591569BBE0ACC91B1F1A74E0CAADB3631E2B83EEBAE65067C"
"server/test/repositories/access.repository.mock.ts","2265","A6B1D866BF0723A2E91868891FF691BC107892C2F13C1FE3C032A7C61B77AE9E"
"server/test/repositories/asset.repository.mock.ts","2092","612014692FB84392CEAECFA932B3620F7033C77A7CE67550BF13410AF0DF5426"
"server/test/repositories/config.repository.mock.ts","2435","2FBE2C31E923AB9AD6F73D7011EFB6FF7F017DDB152FE3675CD3DD9AE2BCB6BA"
"server/test/repositories/crypto.repository.mock.ts","1156","EA09875DA73A84FE18FB6F41B27ED32488897E6325656C0E0C602A2292A54827"
"server/test/repositories/job.repository.mock.ts","792","023CEBEEAB378AF6FF40E76E425224E1C49D200C13C67DAF7DF9739B1D06BE98"
"server/test/repositories/media.repository.mock.ts","1003","A2BE2309CE9D97A4EDB15C644F898469523B4752E49746F6E8232179289FE685"
"server/test/repositories/metadata.repository.mock.ts","436","81C29176C58DAADF8DD629ADB8099BBA28B9FF99F83FEE66C1ADAF22C7AD231C"
"server/test/repositories/storage.repository.mock.ts","2453","FEA1CC80A6F0BE53856E4AF0C504B3A87A5B782FC7723250128D4A0501461278"
"server/test/repositories/system-metadata.repository.mock.ts","486","D5E98A6A120625075534EEAB960C637CCCE81B9FA844D8F1ACBDF940D7F15F33"
"server/test/repositories/telemetry.repository.mock.ts","797","5557496CEDEA472AE7B7B8FBE516D075F3491DEC6C944B41B1CD18C7DDADC6A2"
"server/test/small.factory.ts","5638","DE760406190D20006B45953001A087C985742BE239499731EDD354AF1BC05191"
"server/test/utils.ts","23532","5A3198F08BB8B6B6A01BF0262ECA84E1740D15E02963337444452C700BB66EFE"
"server/test/vitest.config.medium.mjs","614","03BFCE6691A62621931CE3DE677FAD75B933EB72519123EE72D29E34AE93D3A4"
"server/test/vitest.config.mjs","904","162F6E3E7CE2D8CED6B8228708034C36A798A1B37C2EE575D0018FFCDEC9E9AD"
"server/tsconfig.build.json","226","B0F0D00CB9AB79CCF516119D605569BCEF9B1516CC68C09B1259801702DDD5DE"
"server/tsconfig.json","835","8A750962DF3FA1A8AD577C11F13FD514CD70608D4337C893019DC0146F1F4D7B"
"web/.browserslistrc","49","F8657E3D7B3F21F05A3659F17061846CBDE1A0FDF294A39AE3DF00BE53A0E798"
"web/.dockerignore","43","5D96ECF4D675B3DD62B469B312F17C35D1624C8E1C45787873AB81C171B84DAA"
"web/.gitignore","78","CED75E2EF66EF4B24B50D15F81CF31A65F1214AA1C9DED8711D145B6D59F6CCD"
"web/.npmrc","19","7151CF397DEF0C2CB0AB65643701D27D335A72C90F775675B5F826BC7005818A"
"web/.prettierignore","175","59018F3B385F587E0B795C5373CD2FCE00D398B080539577C8E808C063D26A06"
"web/.prettierrc","447","532D56102DD7311CD850A2AED66308B43944F58EEF18151C853A9D8068407D7A"
"web/bin/immich-web","506","5860C1CBBAE20BA26CDF62C91B1BFA7864C92C73CDF8FACD2246BF6038BDADC3"
"web/eslint.config.js","4184","DF6FE2FE15A9F5A0D2996F2579D42B65134AF02F02120C79973C842EEE259FB5"
"web/mise.toml","1040","FDE15E7ED96BB467D4FB395F313FA55F487AD38EF5E2F6669F0D162231E29994"
"web/package.json","4155","B5C856798B6276703B76B3BF3E297382D3A8D30F1A05C7A811A3DB14E1366776"
"web/README.md","571","6FA9E99C0435EA624EC876583123E146FB4B91DF6A75BA39105B9BF1B167F512"
"web/src/app.css","4278","26328D924B7B278718BEE481A8A506B82E522F4D660DF406F4C161AD664C916D"
"web/src/app.d.ts","1443","ECB952FC7567A8CFE030FF46F43C8286E614FC20B6AF9250373FF9B2FB64A7CB"
"web/src/app.html","4941","448E39218E34DB38812A94ACEE14A90D6CB62C738A7BD50275CE24AC22E5809E"
"web/src/hooks.client.ts","1132","B0E9B6DD9F1413FDD66B91B6D7E994DBF4D4EA546833422A6E0B905504341DBE"
"web/src/hooks.server.ts","525","C960801F31C77BE7C5DB331C39A4271CD106D0308D24F9A7B71ABDEFF807599E"
"web/src/lib/__mocks__/animate.mock.ts","375","B61DE6B3148DD74B93D3DC033E622F02F2BB409F40589E86E781E1FA93AF86FA"
"web/src/lib/__mocks__/intersection-observer.mock.ts","232","9EBA3251816E5F36056F720A438ED55A76A7CCE6A7EB88AFA944EBFDA1F87354"
"web/src/lib/__mocks__/jsdom-url.mock.ts","171","1DCB347EE19201E699977E8A0C1B96184A98B8C4FFFC04FC4F2984817198C911"
"web/src/lib/__mocks__/resize-observer.mock.ts","198","FA822DE04FBCE9D9DC82DDBF34A8CBE881297CE63F22B178BF860ADEF4FCE7E0"
"web/src/lib/__mocks__/sdk.mock.ts","523","AC3B8E84129F59986CF4ACB4CD01FE28A7D2E75279BDF28D73753CA16C2FF485"
"web/src/lib/__mocks__/visual-viewport.mock.ts","214","0EAADEAB9412E3B7AEC9F5FFE6FEA5D6FA08D0A63163E3C43BDAF82580D94A50"
"web/src/lib/actions/__test__/FocusTrap.spec.ts","1718","D8A78400D439967D9777D5E67F1B2E753060BED29CD92A7D1E7E2F7F177BDD89"
"web/src/lib/actions/__test__/FocusTrapTest.svelte","562","3E5CC4DB97F2F26845C9CCE8FAA14592556210E83F76EE92F5EC57B0C714AEE8"
"web/src/lib/actions/click-outside.ts","1195","9D3CD416E3CE535E230FF8AFAF0156A9E41FDABD6A3064536A09061302D6DC12"
"web/src/lib/actions/context-menu-navigation.ts","3375","87EF39497BC07FD082DE974B68F1E8722597E49D9958D3C41466458AF5ACF16C"
"web/src/lib/actions/drag-and-drop.ts","3756","0918532C102AAA39282F088BD01DADFCF05DC30DFBE2969D536A4E7CBE6CE189"
"web/src/lib/actions/focus.ts","131","293BDC32E263BD04C37A9AED9C64C83A8A8FB01501FEE4FE891E19FAA1786808"
"web/src/lib/actions/focus-outside.ts","690","2D965C06C317F2C05D9C36280C334BFDBCB0A4A012D1DCEDFDB0FA82DA5A8A17"
"web/src/lib/actions/focus-trap.ts","3964","AACAD57967D4E6E0209FE124AEEFF2FED1ACFEFA988304BD2C2345C74D9DE6F4"
"web/src/lib/actions/image-loader.svelte.ts","703","F740F843489FB11A1060E89F1BE01B0224EB4B20300422A392435E2BF59540D3"
"web/src/lib/actions/list-navigation.ts","1412","59F41FBDB0AB7E5E9F1FC98353F59360B71EE305D818E346422CEA15CECE0A7C"
"web/src/lib/actions/scroll-memory.ts","2512","4A7D758B4B42C8AC9E29256A242B4A6C5E697173009C16C13B029E646784C405"
"web/src/lib/actions/shortcut.ts","153","6C0442252896725FD930AF802195A1847640EF5B633EEE621B4D6643A3104AFA"
"web/src/lib/actions/use-actions.ts","2193","6C69F67A97086C7923EEA1E1BB871F6CED24D36E6E36ED0003D0409E75682556"
"web/src/lib/actions/zoom-image.ts","5567","2DFC3E7C4B51840C2DBF4BDD1304CA9346C3656FA100DAFFA1B096E2415B4DD2"
"web/src/lib/assets/empty-1.svg","5438","11247AA4DD58AD126D6C4E3CF7C715853D50420E044B0E2DEA2475874D8EB31B"
"web/src/lib/assets/empty-2.svg","6732","7A9A08503AF12E14670EF1016DBAE701080E1B60CEE86FC6C77377758B44B806"
"web/src/lib/assets/empty-3.svg","9666","08EF1A447D799EFC7892BB4E6414C9B429E11DC5052A094F547611BFB72B274F"
"web/src/lib/assets/empty-4.svg","3355","72E31112EC874B5988D48DB61E4F7786A3F7B9F1DEDC7B76007EA9D15F9F5218"
"web/src/lib/assets/empty-5.svg","1391","3366DCEC4DEA3FA1060B57567E0C70E198DA045EE9F6DC4DA0FDC9A7CB41AA28"
"web/src/lib/assets/empty-folders.svg","3160","E2401551925EFE1B271E5BE6C361EA0743A8C903A454B07BA0B25B0D171F6F8B"
"web/src/lib/assets/empty-workflows.svg","5280","5662FA8DABC960689F2631A1F0627B5203E0A9E52C12B88EE3C57E6432DF2AEB"
"web/src/lib/assets/fonts/GoogleSans/GoogleSans.ttf","4845504","D3224EF61C2411CE6D2EB2B1CACA78E4BD48F7371B01B73D246BB2373033FBA9"
"web/src/lib/assets/fonts/GoogleSansCode/GoogleSansCode.ttf","126148","88BE64849506A7A70A57668A8D580C999718BDAC0A85A59FF47E1AB2173F77B4"
"web/src/lib/assets/location-pin.svg","944","9B92C39A234418DF048C9EA74A574631C24EAF1C58A1521F5B6652FD3CD2912B"
"web/src/lib/assets/no-thumbnail.png","584","F519F6BA70381DDB2A6CB925E389A1D69E6F913E3217523A3433CAA62FA7BD23"
"web/src/lib/assets/settings-outline.svg","5822","BE5A224EE71A53F2BA18AB6263A471ADE0ADE7062FD605197C43465F27BB19BE"
"web/src/lib/assets/svg-paths.ts","702","2AD1D796B99C49B6BBFB2ED1A69961A2CCABAA4BB3E873E1CA0D8E316FA14148"
"web/src/lib/attachments/drag-and-drop.svelte.ts","3434","23D7AA8F8D4A9FDD3E6F40BBFDAE24D21A339B14FC33DC34CDA632D32ECF6317"
"web/src/lib/commands.ts","7195","15DECD32A208CFF77D46CAD8A00615AC1C5346ACDA098BE946135528A2858770"
"web/src/lib/components/ActionMenuItem.svelte","461","FDBB28F0E41BF095C1C69B6D65ACA5C80176B92E98081DA50F8A9812D2F1CEB4"
"web/src/lib/components/AdaptiveImage.svelte","9631","FF656FB9E2A63BF3BFE0E6859034415959698E35FE48167BEEDD1888C2986604"
"web/src/lib/components/AdminCard.svelte","905","DFF0802386B1144F67900560180C05EC96145DA4DABEF6B741AB022A55C31C3C"
"web/src/lib/components/admin-settings/StorageTemplateSettings.svelte","10480","0241E888E053650135194790F2BA919072DCE3C8192525F69CC21E8200B2447D"
"web/src/lib/components/admin-settings/SupportedDatetimePanel.svelte","1719","EE369FF6420C82AF75933E9546E200B2E542CB1D612DDDA648A074881E41B322"
"web/src/lib/components/admin-settings/SupportedVariablesPanel.svelte","2041","9FDA7DB8262B4E6C5383A03028EFC665ADB9E40027A592252318814A1D126C2E"
"web/src/lib/components/album-page/__tests__/AlbumCard.spec.ts","4444","8AFA47FFFE3C8ACDFDC1DBAD735887EBB765BB7B38CA0DEDCC5EC30284B1DBC8"
"web/src/lib/components/album-page/__tests__/AlbumCover.spec.ts","1611","0D52DC6EC4D3EB5915CE927049062B670A34255E738BA805AD95134B60D5826E"
"web/src/lib/components/album-page/AlbumCard.svelte","3010","1ED82C7E58C675D66C0E68CC0BD6DF31F958A47373E45332852BB679E6F77E04"
"web/src/lib/components/album-page/AlbumCardGroup.svelte","3000","FEE9DB23672AA6CB9CBFE19EA016EC87F8AE965A84BB7923499849968B1A0F3C"
"web/src/lib/components/album-page/AlbumCover.svelte","849","6FC2FDAEC269AAE0A007C35221A93D43398F20FB547AE8CDE065635A06638B40"
"web/src/lib/components/album-page/AlbumMap.svelte","1898","1B2ADF5AB992AC5CD4CA50FD842E21E0CFD073E2074568F7ABDDA270DD241A85"
"web/src/lib/components/album-page/AlbumSharedLink.svelte","1467","6C2CBAFF6742DF4A2AE00B993F7671746D1CC94A860504F66F137D4FB18148F4"
"web/src/lib/components/album-page/AlbumsList.svelte","10059","E6A71F96B0C9A2791FCA88879C73C9327C1B8E066DBB6075072A2B8189D0EBBD"
"web/src/lib/components/album-page/AlbumsTable.svelte","3156","99F63A70E33DCF4E371DE9202A63EE11D66935C4CED0D850DB41F599F7F39697"
"web/src/lib/components/album-page/AlbumsTableHeader.svelte","1460","1F94462B38917BBEC1EDC2EBC6222103E581839C0597FFF31C2FBF877F336974"
"web/src/lib/components/album-page/AlbumsTableRow.svelte","2916","F4724DE9F09A6D7BBF9F6288A61A4F11AD3234514E377829862324E2387E088A"
"web/src/lib/components/album-page/AlbumSummary.svelte","508","F7FD2B63D1E6D6A659D76A32BC793F5B956C10BD67766D30F5836D7FDF01BADC"
"web/src/lib/components/album-page/AlbumThumbnail.svelte","1895","A4E1EE595343AF2175E260BF8EFB2F3EF9C90F04EA75D5432A2AAD4A48C1ED45"
"web/src/lib/components/album-page/AlbumViewer.svelte","5708","B84EEA0B8BA617F006F5695C94C697E63B260B35C3C93E7F21D8FF85DDB4911F"
"web/src/lib/components/AlphaBackground.svelte","313","0FE2985AB73C8ABF6B61FC21407B5B7F274A5E4802BDE8AA5ED207548EA2D753"
"web/src/lib/components/ApiKeyPermissionsPicker.svelte","2670","32A5272AE1A9D278EE37FB5A4042DEE8C9F7E97015070A84AEB9047C307A2B6D"
"web/src/lib/components/assets/BrokenAsset.svelte","1035","49FC4C7F28768261D0B3795E0E68CC929F497E1517431632F1E8FB730369623F"
"web/src/lib/components/assets/thumbnail/__test__/Thumbnail.spec.ts","2075","EA3BC031954196119CF43DA09B35E2880B2AE4F859FE83D89FB8FCC169F07E54"
"web/src/lib/components/assets/thumbnail/ImageThumbnail.spec.ts","2803","2260256FCEB0443BFD183660A1D8AB38891F9E57ED0477C54BB38DCAB5039353"
"web/src/lib/components/assets/thumbnail/ImageThumbnail.svelte","2576","56AA54DFCD93C8E3B5800EE7889FB63B0E541FDFC413984FE0CFE124B8EFF72D"
"web/src/lib/components/assets/thumbnail/Thumbnail.svelte","15961","F6FA975E81042789154B510342D6A2E79A2408110189C9D27B5B93C6CD53AEAB"
"web/src/lib/components/assets/thumbnail/VideoThumbnail.svelte","3407","FC69DC2964DA3F78CEACC55CC3671D51E49199F949A68177A68B0074A479321F"
"web/src/lib/components/asset-viewer/actions/action.ts","1264","80B0EDEF2843C48EA2BADF7B41A6899D6A7AE81C588EEE69252616220B731465"
"web/src/lib/components/asset-viewer/actions/AddToStackAction.svelte","1341","E93AABC37BE65BC3C1B6289AECD6A65DCEF5CCD93B3D1DACEEC43725927246DD"
"web/src/lib/components/asset-viewer/actions/ArchiveAction.svelte","1405","40126E3D410603ADB80874D2FDEDDDE46D6EB44855DDAEB955F1060DD70C7FCE"
"web/src/lib/components/asset-viewer/actions/DeleteAction.spec.ts","1659","6B61EED3E51E9A74DAE2CD054D7C1835B232BA38826D6B88D060DD0EB9CA0746"
"web/src/lib/components/asset-viewer/actions/DeleteAction.svelte","2646","EBC974BA2CF64EC58058EF42ADE4796B1EC5B9A14A2E94D1207289F55D4DEE34"
"web/src/lib/components/asset-viewer/actions/KeepThisDeleteOthers.svelte","1288","4CBCA26E032D65A9E6C2DAAADFBC7C628E8AF9965FD6E7D65151690CAAEAE76E"
"web/src/lib/components/asset-viewer/actions/NextAssetAction.svelte","664","42D39FBFD0DD037FE93FD2A06B79882FAEA2E334BF21B364D45E053B57AEBB45"
"web/src/lib/components/asset-viewer/actions/PreviousAssetAction.svelte","685","87B5753107D13667CBA280D5C870FFDAD3A020BDBC621CFC105108A1A90F5A3A"
"web/src/lib/components/asset-viewer/actions/RatingAction.svelte","1468","10D5F976C1C8FCE6E273574E50A45786F73C54642DD4DD8724EB8692593EDD94"
"web/src/lib/components/asset-viewer/actions/RemoveAssetFromStack.svelte","1012","94EF04940A6199B91F38A49D8327F824396149D03E66943547FFD50D42693D21"
"web/src/lib/components/asset-viewer/actions/RestoreAction.svelte","1120","947EB48A66867D23DE7AE47E225D11A5CCCED49DDD92145EC980D3EF36F08AA5"
"web/src/lib/components/asset-viewer/actions/SetAlbumCoverAction.svelte","1120","CA28CD6E3A52BF07F234707D28740D1A6ACD455FECFA4C2FA0C5D846186718B4"
"web/src/lib/components/asset-viewer/actions/SetPersonFeaturedAction.svelte","1324","2C81AE1874149D11AAF2EE8EAF38320AF510DCA96544FE382B72D33A01B3AF99"
"web/src/lib/components/asset-viewer/actions/SetProfilePictureAction.svelte","646","6C06EFB2119BF0AE7FFEAD28586FF340FA2DB8DC0014B9ED0A61848BBCFDF829"
"web/src/lib/components/asset-viewer/actions/SetStackPrimaryAsset.svelte","938","382ADFB990EB66CA5C48CA623FEFAB0FD700E4AB7BE8F5118448B8896E29E458"
"web/src/lib/components/asset-viewer/actions/SetVisibilityAction.svelte","2085","54A251354198FAE8CF92DB3A2EFC5FDA8D942A29DFD114FB7389D1E85AF6B1B5"
"web/src/lib/components/asset-viewer/actions/UnstackAction.svelte","928","467023FAE9C5BE6DB17CA2CD156B85B5E360D8E08B2B87ABFA3412D24B6354F9"
"web/src/lib/components/asset-viewer/ActivityStatus.svelte","1377","AA53D3658CC9B06A5F28FDE1C23194526BA255F5E1CD481DAED3DFC3A92596B3"
"web/src/lib/components/asset-viewer/ActivityViewer.svelte","11784","E5DE338CE354DD6FC7EDD390BF6385C49A02E96D191226B920F71982C51CB1CE"
"web/src/lib/components/asset-viewer/AlbumListItem.svelte","5510","BC834C4988256D635AC25A473A7202C8D5453633EA07287F2FE8D8F40048459F"
"web/src/lib/components/asset-viewer/AlbumListItemDetails.svelte","343","1704711CF46DE77C64E66FC568D505042526E143D01E529E0509E35AD2EEF85D"
"web/src/lib/components/asset-viewer/AssetViewer.spec.ts","2641","4CCBC26C6FE91733CD39FFBBCD0413FBF03D7E826E12B883D36A4A830ADAA631"
"web/src/lib/components/asset-viewer/AssetViewer.svelte","22871","99EBA5E305B349BCE04593B6C56B18D5B63B50FED43F29DA97BC25AED280CCA7"
"web/src/lib/components/asset-viewer/AssetViewerNavBar.spec.ts","2384","150A7F49365B75CFB34A4F8C4CDAE5E4A8439FBF4074A6A429132F3F714978FC"
"web/src/lib/components/asset-viewer/AssetViewerNavBar.svelte","9293","7CDAD42D3F9F85630145C5BBF499BD529EE65BC75C358CC5308DEB06EEF000C6"
"web/src/lib/components/asset-viewer/DetailPanel.svelte","13613","06B958579C3297C1CD54FC5D55C1E7B32704D04FC692DEB41150E6B3594A0265"
"web/src/lib/components/asset-viewer/DetailPanelDate.svelte","2563","73FCC5045A6074D0A98A878C625F4B31742B15EBF6E3275462996B900CF645F7"
"web/src/lib/components/asset-viewer/DetailPanelDescription.spec.ts","1806","4EA5694AB770B9DBA0E3CDFCAAAABC043E2F7D1841C7FD24FE731C0E446ACE71"
"web/src/lib/components/asset-viewer/DetailPanelDescription.svelte","1782","6BAE6F3E86E340CCD26ABE39C897FC8BBB8D6E4E0946F5724836FB1FAA5EA256"
"web/src/lib/components/asset-viewer/DetailPanelLocation.svelte","2327","84F2428D10D5DD5954F6F632007ADAA8F4F4881AD1CD7C1F913B29C2EA25B793"
"web/src/lib/components/asset-viewer/DetailPanelPeople.svelte","5205","3DE98F446BB223CFDDA33C35B9638FA4E35DB034398C4C62760F97B505041A59"
"web/src/lib/components/asset-viewer/DetailPanelStarRating.svelte","1083","6EA954A3EFDE4C7C8ACEDF9C0E365C09FCEEF62F1748367A41AC12B9FCCF5B68"
"web/src/lib/components/asset-viewer/DetailPanelTags.svelte","1919","CA9A29F6C1514C774FCB9DB2A7DE63E97B39C959CCA6233A09C1E33CDC94F0B2"
"web/src/lib/components/asset-viewer/editor/EditorPanel.svelte","2443","B28FDF400642926A30B80BE831FAC1D4142ECD003389D1FB0C084F0B76E0DBC3"
"web/src/lib/components/asset-viewer/editor/transform-tool/CropArea.svelte","5725","F008176ABC96CD8E3F8FE1711639FB1CB1DA13BE6C986816BA6F53B46D05D71F"
"web/src/lib/components/asset-viewer/editor/transform-tool/CropPreset.svelte","1332","6110A8E8CB8AA9C7F3930D5BACB2024A42AAB4C0883D76047D9F4777ACA88254"
"web/src/lib/components/asset-viewer/editor/transform-tool/TransformTool.svelte","4663","5AD236FDB00610D429D383510A27D9E31A64957C33E1F0A12EA66F7984793E15"
"web/src/lib/components/asset-viewer/face-editor/FaceEditor.svelte","12891","C9081092B1FC440CDB8DC08EC3BA0480DAF654BA3697F0EFD919281B926DA1D1"
"web/src/lib/components/asset-viewer/ImagePanoramaViewer.svelte","1117","6F95C45F4C22849B71FE775AD035B54187C406F528AE534670F582E51CBD1433"
"web/src/lib/components/asset-viewer/NavigationArea.svelte","434","B1B19040246E9FDD1940C22355A44EF45D7B5F0E7C47108E296ACE8C781E45D0"
"web/src/lib/components/asset-viewer/OcrBoundingBox.svelte","2161","33B6603B504362520A9AD3ACF176D9419F226F6C1B2DBE05EFD9F35592C8E099"
"web/src/lib/components/asset-viewer/OcrButton.svelte","578","C36059419C9011568E4F607D53069423EE50CE594C9C95931DF382707529059F"
"web/src/lib/components/asset-viewer/PhotoSphereViewerAdapter.svelte","9796","01F3764FFED9A25861F870A315F62D633B66BDCA25BBA138BBFD217B956B1C24"
"web/src/lib/components/asset-viewer/PhotoViewer.svelte","9855","455B56CB878644FE830A3DDC76FFEB33E73E651C4BE7EB424094650719EEA212"
"web/src/lib/components/asset-viewer/PreloadManager.svelte.ts","3199","EB877DEDDB900C9F6FC108113014FACEA8B2C678CFD6E0DDC3A5904344800366"
"web/src/lib/components/asset-viewer/SlideshowBar.svelte","6857","1B926413D4CA5CB991E050AEFCB6F83FAD46392564A86CDC78661CCF4E5BB883"
"web/src/lib/components/asset-viewer/SlideshowMetadataOverlay.svelte","2224","7CA1B6A0FBFE05BD84E05A5C7F82F479E07453578C3772B7886EB310E3B69E51"
"web/src/lib/components/asset-viewer/VideoNativeViewer.svelte","11176","EFDB15EFEB8D4211421DDD430CB359EFA38F09428667DDDE88DF3343B77798D2"
"web/src/lib/components/asset-viewer/VideoPanoramaViewer.svelte","1268","24AB21727D2218736844DEC063E5FB0D866A212C9794D3B75D4E2C1E7AA5D299"
"web/src/lib/components/asset-viewer/VideoRemoteViewer.svelte","2689","EBBFDAE6744860BABAEDFF3CADE6D4130769A5A79CCA930903341F750494A0D4"
"web/src/lib/components/asset-viewer/VideoWrapperViewer.svelte","1363","5E6FDBAD438E8A7A2E92AACE8247FD6797CC660599003216D924CF165ABD5FCB"
"web/src/lib/components/AssetViewerEvents.svelte","700","BA83A5B51E099424145B96E43EF6056F7A7EB6F8E7468897637B2F13926DCE9C"
"web/src/lib/components/BreadcrumbActionPage.svelte","1726","F93F288990130F99F4266726B75D3AC1B4FE9C6D166EB2F37E83C195ADFDF34D"
"web/src/lib/components/DelayedLoadingSpinner.svelte","389","7D7F4FA26C3050272AC144401EB50F6A9916BE329D75142B5DA6FA5DA1075F90"
"web/src/lib/components/faces-page/AssignFaceSidePanel.svelte","6223","D4CDFC3FF68AA837EB4E11BE1855EFDBE8B4032DF00711747E7F3F9AA3308453"
"web/src/lib/components/faces-page/PeopleSearch.svelte","3150","0F621EFB0D334FF7313B4CDF6FDC90DFDFFFC01D29CCF427F330577844C06B8C"
"web/src/lib/components/faces-page/PersonSidePanel.svelte","13903","B17BD029F7DCA5565BD50DB1022135F373B84A63C8A4E1D211719A1F888C621B"
"web/src/lib/components/HeaderActionButton.svelte","576","9D8B1EBB53F44EA024B0A9C6435224B3082B8D6877AB513F97F06E563D141778"
"web/src/lib/components/Image.spec.ts","2996","ADFD7412AF358D387E6ECB287C452951192C642E2C55E18F4155602A5C1D5DDD"
"web/src/lib/components/Image.svelte","1698","661E0642BB6FC1B4053C234DB111F487B7E1947CBE0F6423DC425729EC00C072"
"web/src/lib/components/ImageLayer.svelte","980","CB97D54A9673E761D3DE9C0A497A34C5A559D6192DCC469C3B52122E54E40836"
"web/src/lib/components/layouts/AdminPageLayout.svelte","2028","EA513613C985086A794AB2750911F22E7875B90B4F98E2C8ADD356EAC6880EF4"
"web/src/lib/components/layouts/AuthPageLayout.svelte","1311","D5F4ECEC0A1F3A11402890928832C02991076DB340AC373F82663D67F52F7BD8"
"web/src/lib/components/layouts/UserPageLayout.svelte","3493","A156DEBFA1C09C2179C798BD8FC1E7590D932FC8CBB61ACD920BA776DFEF51E5"
"web/src/lib/components/LoadingDots.svelte","934","325F3D15DF7B82B27FCD000978953B6F8DE66577FEDAE9EC4AD528998CA12DFC"
"web/src/lib/components/maintenance/MaintenanceBackupEntry.spec.ts","1745","7F772D40FD7C049C56B104EC42BB2A3CCAF8E20D9E93DF1C8AD0DAD3F16C38CE"
"web/src/lib/components/maintenance/MaintenanceBackupEntry.svelte","4429","661320383B7DCD7614A184778C3A19D2F0DF5A77D0083366E0113E9AF639B186"
"web/src/lib/components/maintenance/MaintenanceBackupsList.svelte","4301","2A30E1C3056620C9A84825CD958DFB5B55F6419DA3ED384981CF601C64282F3C"
"web/src/lib/components/OnEvents.svelte","685","6C02B2CBDDFFF5D29DCAAC29BE85212D7B5FD5550DDA6CE7760430F3E3114A09"
"web/src/lib/components/pages/SharedLinkErrorPage.svelte","516","8355B9F9FFD180612F0A96B52B972AFEE8BD94E827016E28686AFFDE462D99E8"
"web/src/lib/components/pages/SharedLinkPage.svelte","3920","7FD5AB867BE3E420D58C27E05EDB4B0DB796C8161FBE616BF2D63DC1125F4C0A"
"web/src/lib/components/SchemaAlbumPicker.svelte","1623","1CC38CF06F747BA9A577F69A647471F8407F3769374C300D6A10B83E7A1F0429"
"web/src/lib/components/SchemaConfiguration.svelte","3358","7BD9EEB20B3D007430145CF15A5B44ADC72C720F125C4B5ED7D5D5EEBCB56928"
"web/src/lib/components/ServerAboutItem.svelte","541","D60FB9B002DFCA82AE459E76BD1FF075695B8B1D953DD9095C629A79108BBB22"
"web/src/lib/components/server-statistics/ServerStatisticsCard.svelte","1811","53CB8AAE8BE18A735AC014EE4076022B3CE3E7AD00D077F5B9C27976DA293EE1"
"web/src/lib/components/shared-components/__test__/NumberRangeInput.spec.ts","2362","512A6AF8B91762C384CB01D800584FF35FF5116F3717BF0B7DE921A3FE3FA3D5"
"web/src/lib/components/shared-components/album-selection/album-selection-utils.spec.ts","6170","9F3D6F122DFC844F50319D22BF2BB71FD730866B458D9BD20525E20D9A0B47DA"
"web/src/lib/components/shared-components/album-selection/album-selection-utils.ts","3099","E0809202AFCE04AE6CE2FA66ECAFB0A42402C6E29D4D261B156170BF13689705"
"web/src/lib/components/shared-components/album-selection/NewAlbumListItem.svelte","1160","2BA1300DB45F8F759920794A8BA97F2D8692D6893D56E9E58988B13688F3198E"
"web/src/lib/components/shared-components/Combobox.svelte","12756","DB64364B9E195F0C09558F44BA771FFF372581AA0499572E33377C122B8C8B47"
"web/src/lib/components/shared-components/context-menu/ButtonContextMenu.svelte","5176","FF87463FBE06571DCCF73063F0A5112E14FBC7F4E24BED5BB782BF31EDCC443A"
"web/src/lib/components/shared-components/context-menu/ContextMenu.svelte","2776","924D43B912698BA36C27899D717BA177332EC8F80D800F30C5D8CA3B7B1E8526"
"web/src/lib/components/shared-components/context-menu/MenuOption.svelte","2150","8AF7626BB86C000652EA59B842ABAD5A2840062A97AD68427C126D3EEB5301A1"
"web/src/lib/components/shared-components/context-menu/RightClickContextMenu.svelte","3200","82067FA87072785FFA991EC08589F4AE286354390B2D55DD2AA029C7D1562ABF"
"web/src/lib/components/shared-components/ControlAppBar.svelte","1340","BD8B8856158BF86F442647BC5D02E6526BE164F05E97C0E5ADF6DB4587CAB8A8"
"web/src/lib/components/shared-components/CoordinatesInput.svelte","1579","B1E69D220A34A69D797AE4F8B450F7A25D3152C2FC6A660A720A00FB99FCCA65"
"web/src/lib/components/shared-components/EmptyPlaceholder.svelte","1103","BE2D772D2D193EA2B5B41B501375819C2F0A1DE13212298900207EF62323BA34"
"web/src/lib/components/shared-components/gallery-viewer/GalleryViewer.svelte","13663","A3FCF53995CBD25C7B84C6289D3B77C7EF4E42E8DD8D9FAEA86F36EE55101747"
"web/src/lib/components/shared-components/map/Map.svelte","12815","2A4E6F8548444B76324E73AB8E0F546B9B0615765769702EBB7C2D2DC5DBAAC6"
"web/src/lib/components/shared-components/map/types.ts","99","97FF92E1E2BF19A8E39BCDCA39A82084E4F4EBCFBFE52374F91B8B4B1403639D"
"web/src/lib/components/shared-components/navigation-bar/AccountInfoPanel.svelte","4055","9B06E573374F529BFAC51707829ABEE00F9F46D0118F697062AC85F3E5D26425"
"web/src/lib/components/shared-components/navigation-bar/NavigationBar.svelte","6506","FE254DF57F177F581AD9EB32C2C2BDFF3EF14817C4B48B2AFFAD0E61E16B5C8A"
"web/src/lib/components/shared-components/navigation-bar/NotificationItem.svelte","3906","3D370268E3E237BFC9B8AA1151FA8C636C4C6E3BA9A2E749220A00A99696816B"
"web/src/lib/components/shared-components/navigation-bar/NotificationPanel.svelte","3457","2B944F666A7089D40DBDCBF2A62CA9BF89FE0AAA64FC174F93D7984474A3A8FC"
"web/src/lib/components/shared-components/NumberRangeInput.svelte","1046","EA2778B22ABE67CA912F69A2476B55338A7CBBDC618D9904EB75833D831DE588"
"web/src/lib/components/shared-components/progress-bar/ProgressBar.svelte","2021","8ED8747B2309EA68FAEAA6FF3C2E3C2DD5E9096E4F314CC9918320FF1309E142"
"web/src/lib/components/shared-components/purchasing/IndividualPurchaseOptionCard.svelte","1702","38D5B27FAFDED7DA582A2E85551EC2B3A1B58D26F8C0A5B8FBB423AC0AE3BD1D"
"web/src/lib/components/shared-components/purchasing/PurchaseActivationSuccess.svelte","1246","7B380A6CEB7F829CAA0598982B222C1655B10BE1C493DDD3E5AFC3576CA31777"
"web/src/lib/components/shared-components/purchasing/PurchaseContent.svelte","2287","03502335548FDE100A256960EDDC1996692D7A5A7F48C82E91D3B755168126E3"
"web/src/lib/components/shared-components/purchasing/ServerPurchaseOptionCard.svelte","1670","2D31BD38A695328A61B5B9B0ED7F9135FE81B50FBFFF412FD64FAACCD09CB675"
"web/src/lib/components/shared-components/Qrcode.svelte","466","673D4BFAC969932915B44A3D89FA84C58509D6B78624FDE84CB190B1F9F3CEEC"
"web/src/lib/components/shared-components/search-bar/SearchBar.svelte","11838","FBEF59A925CB5004847223F4E56BDD11F05ACC859A7A0B43AEE042054F184C94"
"web/src/lib/components/shared-components/search-bar/SearchCameraSection.svelte","3310","9C388DB75FF6E176A9C5BACCD2685A2A41DC74F6788D50E6558E6A5FB2EC67F0"
"web/src/lib/components/shared-components/search-bar/SearchDateSection.svelte","889","C2612EE678FD13FEA07288C9B58DD90E9D7F48C81EB2E5455A9DB4425560901B"
"web/src/lib/components/shared-components/search-bar/SearchDisplaySection.svelte","1235","111402E765A366CCC73D2728B7DC050A082028A9776E807989FD16FDF20671E8"
"web/src/lib/components/shared-components/search-bar/SearchHistoryBox.svelte","5127","FAE66DA9664C7CDB3F84279E8DB7B9DE9E78B45D3488318A5A5128E1D29354A9"
"web/src/lib/components/shared-components/search-bar/SearchLocationSection.svelte","3188","DEADF7BCD6DF992C91AEE0B3AD00F6BE7579190C2F9A7D825FDA868025BBD13E"
"web/src/lib/components/shared-components/search-bar/SearchMediaSection.svelte","991","AF43B5AFA06A29164E371503CD9FE7DA2E1443FDF53A48D93CF4444626DF3F02"
"web/src/lib/components/shared-components/search-bar/SearchPeopleSection.svelte","4010","45AA0A6B53909062921EE811DDB1E2AB821469EF087782E6DC67957065447589"
"web/src/lib/components/shared-components/search-bar/SearchRatingsSection.svelte","1106","0A30FEFA63F9D9DEF22BD6EC9617CF977B523EDF5C1788BEF2CC350543844581"
"web/src/lib/components/shared-components/search-bar/SearchTagsSection.svelte","2496","4542B4021CB8468A7350CE1526E3AD51C570D4446B1DB588527710A43597E19A"
"web/src/lib/components/shared-components/search-bar/SearchTextSection.svelte","2487","4EB2D4562558425CE63AE21CA421A03F0A555C717E98FF7159CE01CCECC7B1BC"
"web/src/lib/components/shared-components/settings/SettingAccordion.svelte","2705","C50CA87B5613D2B169B7D92283AA6F980B55BCC683C6362B813C655D92A31187"
"web/src/lib/components/shared-components/settings/SettingDropdown.svelte","1656","B776F924B5C3F498AD6F202A7AB01B1911BAB3F8BEF89C825CD522DD24AE019B"
"web/src/lib/components/shared-components/settings/SettingInputField.spec.ts","1539","B3A1A31DF8248F12FFF31C733C44BCFE239CB8F07A61DDF6A40FC7D17BF743FD"
"web/src/lib/components/shared-components/settings/SettingInputField.svelte","4750","BD7033585902ABD227DA85794ADEFD8E414A838C6832AACC32973304F32C3A6F"
"web/src/lib/components/shared-components/settings/SettingsLanguageSelector.svelte","1593","4858337DA21413F65FF9F1A66FDE5F2622B0E4AB4B47EB6C1D296290BB3220F9"
"web/src/lib/components/shared-components/settings/SettingSwitch.spec.ts","835","1304E344C7A4BF18A4ABA4A2AF3BE9A01EF98622943E8815BC3DBFDA4A822C59"
"web/src/lib/components/shared-components/settings/SettingSwitch.svelte","1565","13B27291C0717C452D028481A138EF78BDB365DCC1057267EAA6A586EEF084EA"
"web/src/lib/components/shared-components/settings/SystemConfigButtonRow.svelte","1883","3901E3C3FE927C4D5C6C152494BA44EAEF4F9A16952257E2D21655640D7480A3"
"web/src/lib/components/shared-components/side-bar/BottomInfo.svelte","303","B15703CBBBA324721AB3AD204008A5F1AB4D0693C92C943709211356DE330A2F"
"web/src/lib/components/shared-components/side-bar/PurchaseInfo.svelte","5579","B4A4AB948D0C96E5CA8507B235BB110F0CFBCC3DAEE82EEE926AF7D2912B8F97"
"web/src/lib/components/shared-components/side-bar/RecentAlbums.spec.ts","1192","C0EE383674BCE4521400B9B2B7E3101ABBE75E53246F3F9C1C334887E0FE3EB2"
"web/src/lib/components/shared-components/side-bar/RecentAlbums.svelte","1591","89887D117459D7CF890CE52FDFDFAD0A2FA67533759CEA350B5BDBB5C81ADB25"
"web/src/lib/components/shared-components/side-bar/ServerStatus.svelte","4434","DCCEF6233DCC15C8B774625EAA2EA9EA4FBA26D9F838C42FC9C53B551A337D2D"
"web/src/lib/components/shared-components/side-bar/StorageSpace.svelte","1951","DF13837EF4DD6B5B20411356D8F3A98F47C4630B20EE5B0F231CA24188828CD1"
"web/src/lib/components/shared-components/side-bar/UserSidebar.svelte","3636","94F0CC3B0D22F49070C53FA2685CCA9336CD8F25127CE06FD811E47928DB8C5C"
"web/src/lib/components/shared-components/SingleGridRow.svelte","1270","375696434D2C8C8E678A7D9AB41F46D548B6483F14140BE99756472628AF8702"
"web/src/lib/components/shared-components/TagPill.svelte","1017","AB9260A261532C8C40ECCF38B9E3AC53665FDE919759026D9907F4826C9C9B19"
"web/src/lib/components/shared-components/ThemeButton.svelte","222","BD8BD39C494500D22179BA743E770AC41E1B120D288CCD6E18E4B902DA691E6D"
"web/src/lib/components/shared-components/tree/Breadcrumbs.svelte","2094","D65ACF1EE227454D0489C4C551FC522A614A6380E4BDC1B776CB49F4B7E49A58"
"web/src/lib/components/shared-components/tree/Tree.svelte","1692","9C550D77DC6EE9A5CA7C6B4DE0CAD384C70ACA3CE31F7434B6C9805B7CC371E2"
"web/src/lib/components/shared-components/tree/TreeItems.svelte","565","184A8DA41F41078BBCAF9590E05DAF97906DF5FFF4CA2945B7EF98D68E43B54D"
"web/src/lib/components/shared-components/tree/TreeItemThumbnails.svelte","1081","010803DDBCE1951E3A845F5881C3BC613D2CB522FD7CD4B38946F50F07B47F94"
"web/src/lib/components/shared-components/UserAvatar.svelte","3023","5E4BF20A28046FA478D701F140AEDBECFD738D6068BA28E2B686382434E450D4"
"web/src/lib/components/SharedLinkExpiration.svelte","2006","62DA3FD737EEC75A763D42A865790EB87ECF00625DC877B0C75241AB6D657679"
"web/src/lib/components/SharedLinkFormFields.spec.ts","1146","01F8753EA53382657F14D395E6F11605174725C7E6C49B6DFE1E6E326B9176B5"
"web/src/lib/components/SharedLinkFormFields.svelte","1758","A7FF85C4DA8071A78E907C2830FA9182549251D168CB55492FA25749CAE603B2"
"web/src/lib/components/sharedlinks-page/covers/__tests__/AssetCover.spec.ts","648","5525E10645B63168AA1BB636BAF57D79877BE066FA85CA4EFC22DBDB9CB3B20E"
"web/src/lib/components/sharedlinks-page/covers/__tests__/NoCover.spec.ts","624","3B908E059AF4ACC9A673D6898EC772A7132DD38F0262F330280277F62FE89A2C"
"web/src/lib/components/sharedlinks-page/covers/AssetCover.svelte","688","ABD799F0A0C9479EAE5A2C410F73485DE564307177F2C97811BD17826A97BBF7"
"web/src/lib/components/sharedlinks-page/covers/NoCover.svelte","486","AE98D2D936AC8E4B15C8F88825C4BF71D2C95E7C892AF998DD8A2AE4977BF178"
"web/src/lib/components/share-page/IndividualSharedViewer.svelte","5157","7E48AF181960F271906B753B57DE9AFA6C4241A462097AF746CCDF40073131BB"
"web/src/lib/components/sidebar/Sidebar.spec.ts","2201","57EE0260B07FCD89AF215DC02BED5C189400F5F3D9DCD2753545381EB886F3A3"
"web/src/lib/components/sidebar/Sidebar.svelte","1620","A5095A7949335947AB9D4EF3434A4E9AF2C798F07C14CDE6DA55728D79B5EB3F"
"web/src/lib/components/TableButton.svelte","422","929B5AE59C844D3A5015F2358C3901B0D78DB508A3883AC3832795245E31B5B2"
"web/src/lib/components/TestWrapper.svelte","373","E1C2DFD9EDBCC8B334AC249554B177647C5508B4AF52507F709CFA82E5B45732"
"web/src/lib/components/Thumbhash.svelte","1081","83A1431AF71B1BD0EC1A25B3BA0F7206C0BFF2A94BD16F69E2DF36479BCB2F5C"
"web/src/lib/components/timeline/actions/ArchiveAction.svelte","1800","CBD7E1767629C2D7CF467B10DC02896FB778F295FAC07150C8990C916F617177"
"web/src/lib/components/timeline/actions/ChangeDateAction.svelte","1166","EE6D020AF0973159F26BB712ED9A749048A236719912CC3C0BB6846A920BD641"
"web/src/lib/components/timeline/actions/ChangeDescriptionAction.svelte","1386","A0439B9D61FA176D5109ECD3EDE831E08A88BD4838B00F0A86303E74FFF494ED"
"web/src/lib/components/timeline/actions/ChangeLocationAction.svelte","1437","C0E69613E6F21DA762DF72F643CBB77725065B97B5332DBC2F066FB4180A2311"
"web/src/lib/components/timeline/actions/CreateSharedLinkAction.svelte","659","9F3DADF351E14489561714035FECF1663AC2A21FFEA001B945587EC7E995BEDA"
"web/src/lib/components/timeline/actions/DeleteAssetsAction.svelte","2022","FAA15D1594D65D828766727B64FCABDE6ABF7BD8B3521CD33C82B6AB3026D6DB"
"web/src/lib/components/timeline/actions/DownloadAction.svelte","1622","1394A028471B533C37D1526753979D0FC9D63B34E907C4BC698D529B14C40C7C"
"web/src/lib/components/timeline/actions/FavoriteAction.svelte","2294","598E097253001B9DFFE52172DDC7701EE0429DB4AB436303D5540D86451B6351"
"web/src/lib/components/timeline/actions/focus-actions.ts","2349","91697DAA0272CEBF8DB27AF6F5E9B4E818E48BC5A49F29D0B59580C083C4EA2F"
"web/src/lib/components/timeline/actions/LinkLivePhotoAction.svelte","2941","F019ABE9C3A040B8A1BF11BAFC338037518DBB03154929F22CC25A8ADDBBF6ED"
"web/src/lib/components/timeline/actions/RemoveFromAlbumAction.svelte","1919","48F2A60B34ED477DBBB99D9452FCCAF89FDABA221AB749818264B4C28F491419"
"web/src/lib/components/timeline/actions/RemoveFromSharedLinkAction.svelte","1079","A68346E1DD55C5B3178D55F8364D0CCA2A9F8A6C9301F0C29670672BA60C61BA"
"web/src/lib/components/timeline/actions/SelectAllAction.svelte","1283","B3BD9AF186C5EC0975A5828044D9ACC7A9243A02B24A5640BFB7627EE5B3AAC5"
"web/src/lib/components/timeline/actions/SetVisibilityAction.svelte","2249","6CAC2E83E9C34C56D81CD3FE98C231964A7E74D93D544F5D500A94FF250A095F"
"web/src/lib/components/timeline/actions/StackAction.svelte","1529","81779B8867EBE7D5AC3C3FB00B1C4D87C5071D009D0D402A86B722C2630159AC"
"web/src/lib/components/timeline/actions/TagAction.svelte","1217","94DB4F0A91DF10DDA07472D791663D6142697B118F9B9150EAB1E92906F1DF3A"
"web/src/lib/components/timeline/actions/TimelineKeyboardActions.svelte","6601","B24C53BC62E8E603E57DD0F86FCB82C64BDA589EF4712710A7031FF38E18F6B4"
"web/src/lib/components/timeline/AssetLayout.svelte","2116","C4B3C3978A2CDB5929BE980AD90CD58E50EC56985A2716A5934A37F088F679C9"
"web/src/lib/components/timeline/AssetSelectControlBar.svelte","895","D7EA62B88E35896E2A1A4D21B71766D803A28DAC7424F4A82DAAC9FD711802D1"
"web/src/lib/components/timeline/Month.svelte","4528","7E5BF7285ABD09E5EADCBAFBC47B7AA65E9E1E091DAF80D356C71C55A3394AF6"
"web/src/lib/components/timeline/Scrubber.svelte","20252","51568BF56ADDE6B385C8AB6D5B3F1A6016DAACCC5A8489E84263F8D75951D4FD"
"web/src/lib/components/timeline/Timeline.svelte","27509","5969DA595E3C17C4CEC9DEABB8170199AEE1E4E30051EC680C09A8857B57847E"
"web/src/lib/components/timeline/TimelineAssetViewer.svelte","8599","EB1E994D899F2CECDAC3B695F0DDD30D3836EA7A9762973C1B9A280C03690180"
"web/src/lib/components/user-settings-page/DeviceCard.svelte","3157","6ACFED5E2B86F7E439078E9105A9DB9419548DAB532556AFAC13BB81E8E3E6B8"
"web/src/lib/components/user-settings-page/PinCodeCreateForm.svelte","1900","B4882444FD5570D88F329CA1A251B63AF31D735B0585E293375A5D62DEAE4178"
"web/src/lib/components/user-settings-page/UserApiKeyGrid.svelte","1792","17C6606AF532993D73F74D0B475FD931918FE60F1BA8ADA044F3A22479EBCBE8"
"web/src/lib/constants.ts","10500","31B74AA7B1B35DABDA463202256A774B60086E8305163D0AB10EC4CD8973DE8E"
"web/src/lib/elements/__test__/FormatMessage.spec.ts","3678","E2F9CC1546C5E7419C6EEC204A3F3EC8271F33B8D565B8280949BCB0C6DA4584"
"web/src/lib/elements/__test__/FormatTagB.svelte","511","A5EA7445810A83209F1DFC0FE0B91CCC51B9F15224E3617099ABEE56E60E235C"
"web/src/lib/elements/__test__/StarRating.spec.ts","2782","97504CC8DA41CF55E99F1FAD5D3476B58294D3B96ECA349C607DC837354AF190"
"web/src/lib/elements/Badge.svelte","456","A55C2D5C4C59BEA0B798030C602774C330DB1D0ACAC975ECC61F1C20072E2F66"
"web/src/lib/elements/DateInput.svelte","1004","DE3B297D685CF90E18B83917F386568703E7F6E9198D04646EA4797DF8514455"
"web/src/lib/elements/Dropdown.svelte","3988","3C7F02FC254F2230EF9659C81D0E49569A93159B044404C6EC9BB65642F1AB15"
"web/src/lib/elements/DurationInput.svelte","1730","19552BC2FF5E2944DA9E9D5E7771E456B3CB2E913CE57A76A71BFC708FA8F175"
"web/src/lib/elements/FormatMessage.svelte","4206","97EE461B0221A2B3612930C437CCBC8D7B6E4B95651F2AC17C199CC9F7BFC64C"
"web/src/lib/elements/format-message.ts","173","A25C5F83D61C909A9E1DD75B67ECE5658EA1FC81CA9FE7DAC5CB22A403FCA34E"
"web/src/lib/elements/GroupTab.svelte","1198","A7332DAE4DFC9554AA7A172A38C7D049A1304D9F2B7CEFBE10C6111741E57C7B"
"web/src/lib/elements/HotModuleReload.svelte","868","6FD09D3983A8D37A18BEA0837D0619804B9734EF6940C1D030CC1E4D2F74B175"
"web/src/lib/elements/Portal.svelte","1981","7118F5BEFF47B3CC8BBB1EEB33B3EA6BAE3A2DFB014AEFA94D093E1A4C73CE8C"
"web/src/lib/elements/RadioButton.svelte","419","D32ACF2F74FC09FCEFD8DFF769971F1A4BE682C27BEAA53B2F4AF615F8C90133"
"web/src/lib/elements/SearchBar.svelte","1821","C4057E292D9841E4BB92A9C72A87056C77EEE402B03FF8893B56C2437579E774"
"web/src/lib/elements/Skeleton.svelte","960","F6195051C76DE0286BFB7103EFE6C84E0F078EE82B7D252E06E8EBD6FB0AD941"
"web/src/lib/elements/SkipLink.svelte","1581","89C775B20ED4CE70E876EF755B74B311D3E8BD27F916CEA4A769D1E6E4A1A8CE"
"web/src/lib/elements/StarRating.svelte","3293","870E8FEBBED32C825B3790BDCBD57D9531EFF9F0213C111EBB9A7F1334189A64"
"web/src/lib/i18n.spec.ts","2789","1386A44145D9CCAC98599DBEEAAA0A6FEEE844AAAEE019ACF1FB192B571FE154"
"web/src/lib/index.spec.ts","949","D22FF5A44A8A6A10659138ED3A2DA3028B2DF530EA237287899CD543238CD5B2"
"web/src/lib/index.ts","532","433796E8853E7FB01F0D1CA8A2092305AE0AD0224CACFF8EF275EAA93BA72F8F"
"web/src/lib/managers/accordion-manager.svelte.ts","1299","0F5DBBD59A5474C7B3D9715C8511EDE1ACDDBA1A2D346B44D5E0B1171D5BDFE7"
"web/src/lib/managers/activity-manager.svelte.ts","4722","F1C50ECC61B3CCDED75DFB5E206637A3BAE73C57FFAF153185B9989B34CC1364"
"web/src/lib/managers/AssetCacheManager.svelte.ts","2180","7B0AC7BDCC4A0B396F16CEE2A90536762F6B2C1E7F784AE72B88A06FBF142F8F"
"web/src/lib/managers/asset-multi-select-manager.svelte.spec.ts","1660","D2828E2E6CC4D0AD5EAA876A592261A25F7F6D8E0FB7113EBBEF72D918ADE032"
"web/src/lib/managers/asset-multi-select-manager.svelte.ts","2996","A334D86D8B9429D3E181F93D6E2391644BD548D1B8D8C9B2D79FF73D4632EECF"
"web/src/lib/managers/asset-viewer-manager.svelte.ts","6674","0F8B58DF111B5E4B2F60EE4EA27F0DB58BEE364E7BC674DAAEEDA4B12B5E2E04"
"web/src/lib/managers/auth-manager.svelte.ts","2946","CC30C3BB3A54EAD208306913B38470A959EC6537B427F1CEA8D06A6A1653CDA3"
"web/src/lib/managers/cast-manager.svelte.ts","5002","F2D29D930AC6C292C1A6C55978FF50773429AAC916EC61608974290779371832"
"web/src/lib/managers/download-manager.svelte.ts","1141","F07B9034DF0D578A157530F3A4C08A08434BA88A7733F9E755FDC3DB70402348"
"web/src/lib/managers/edit/edit-manager.svelte.ts","4424","B93948615AC4C8B85F58684EC54A19DF81751FBBDEED083DD43FD1550A325C4C"
"web/src/lib/managers/edit/transform-manager.svelte.ts","24749","7EA82936558C8D20CF735D20AC4EFC2967521E6408EA19F177C9D4352DF39CC6"
"web/src/lib/managers/event-manager.svelte.ts","2601","52DD09CBCA5597564694DEE51122E85E7DB4C019BA8548FAB6BF7E460706C3C5"
"web/src/lib/managers/feature-flags-manager.svelte.ts","679","3642FEB1C00A99DB8A8C616FB9789A95619FD69FA7AFA6924D51309B472C731F"
"web/src/lib/managers/geolocation.manager.svelte.ts","283","E2139AE89C06B92AED458FE1D80F55D5DD76B2A9EDD2AB6DDF5EFC9E9E649C76"
"web/src/lib/managers/language-manager.svelte.ts","671","0C75605EB05D302F35689C92FA451D7B14FA3AD4D33C7F64D9173E212D47EFFB"
"web/src/lib/managers/memory-manager.svelte.ts","4546","EA62E9EE5873A4296EB439E1269CA639004482BEAC8E604DC24CB7B629B81196"
"web/src/lib/managers/plugin-manager.svelte.ts","2250","0F8AE9C19BF0530DB83588C16412B8818CE950524EACCC64EF1A847367E19189"
"web/src/lib/managers/queue-manager.svelte.ts","1172","BC849BCEC683AB8FD213EE0458449C616F27947DB317DEE72B5F11550F8A40B4"
"web/src/lib/managers/release-manager.svelte.ts","346","FF5113D413F334546863134EA0FF60F9517CFAD89414FCF3818D290969F41C6A"
"web/src/lib/managers/server-config-manager.svelte.ts","663","154AD2904FAFA1825B803905DB2FF076C6D47498DB2E9A495716F3DE85891AC7"
"web/src/lib/managers/system-config-manager.svelte.ts","1230","AE352B0E9B864EAE0E5FFC0C3088D0199B32DCC3A1354B6CD0E63B8447195FB8"
"web/src/lib/managers/timeline-manager/group-insertion-cache.svelte.ts","2119","DBC7C8B82EA3AC12A4A57746C0ED69702F8D6113F799E960DE8225204EDC81C9"
"web/src/lib/managers/timeline-manager/internal/intersection-support.svelte.ts","1774","096D6B0323EA854B55347829EB10AF932AD02D82D4868F08C18019C58675CF18"
"web/src/lib/managers/timeline-manager/internal/layout-support.svelte.ts","2514","6BF03CA71C07C234B0D77763B60854C4B0B43FE19A6982F1E752AE88558E8783"
"web/src/lib/managers/timeline-manager/internal/load-support.svelte.ts","1665","592D21A6D3B90CE4C709A1C513B1762A19C3F525724EBE5548C8B5E9BDD733D6"
"web/src/lib/managers/timeline-manager/internal/search-support.svelte.spec.ts","3870","B3BE993DA062C6C8DEF23EC928AD0050152DFA125E52308A96766F2C342406E4"
"web/src/lib/managers/timeline-manager/internal/search-support.svelte.ts","6095","CA84D6FFF8416A1DFB7138FBF96531E0FD4272142E13EF8740CBEEF03991BACE"
"web/src/lib/managers/timeline-manager/internal/utils.svelte.ts","839","7374A4B002260A99FE08AC003861E5178410261608916BC961EF7FD971DEBA77"
"web/src/lib/managers/timeline-manager/internal/websocket-support.svelte.ts","2541","40D92B5294F77785DB122EE903D68431CFCA6C2561B5A12FE27B8DB300D4E449"
"web/src/lib/managers/timeline-manager/timeline-day.svelte.ts","6553","B133F1FED482946B1EC9ED7C63BB6749AA8FD96B7AC97BF3F93E617E71AB5475"
"web/src/lib/managers/timeline-manager/timeline-manager.svelte.spec.ts","32414","45A07CE6801DBCA53A520F02102F35EC52CFB4407ECC6814A93AF1D04C7C9CB6"
"web/src/lib/managers/timeline-manager/timeline-manager.svelte.ts","20839","A7CC647D43EBC987BDB436686D4E37FD0816D8FD1AF4001F034C947AB6A1AAA6"
"web/src/lib/managers/timeline-manager/timeline-month.svelte.ts","12665","65BFC2BA9F135CBAA7B4BA8492BDA1B2D901A4175AEC83297BA339D0666AE825"
"web/src/lib/managers/timeline-manager/types.ts","2266","77F0625F5D50775FD4A37885F5DA62ADEA3F3D0716D6FBDBABC13AD33A6B1F50"
"web/src/lib/managers/timeline-manager/utils.svelte.ts","419","24AD382619EEF9218B1D362D25E0D279C3495694C5F994FBB6CCDD6E7755A4C5"
"web/src/lib/managers/timeline-manager/viewer-asset.svelte.ts","353","25230C44673D6E1DD1FEBC8DC1B1CB482C4AFAF25C1444A523110E24837A3A02"
"web/src/lib/managers/upload-manager.svelte.ts","911","376B08606E9D3155073A6F9451A18E4F92C9BBDE95FB2BAFFCB1068C1442059D"
"web/src/lib/managers/VirtualScrollManager/VirtualScrollManager.svelte.ts","3760","478EBCA28182213235BF6EFBF725E3B25C78D741BDEDADA69EA8EF897D598357"
"web/src/lib/modals/AlbumAddUsersModal.svelte","2768","488F70A7E9633BEDF4851B6E61732FD75BDA989DB0D58C3200E16DBF04DCC4DA"
"web/src/lib/modals/AlbumEditModal.svelte","1222","8F835D81BF4E109C9A65D6342C5F08633E22D1F3C25EE1EE2F1DBDE4569D1CDD"
"web/src/lib/modals/AlbumOptionsModal.svelte","5233","7D62842E77C785448747519196D7B5860422726924AAC105D6DF616BE348EBD5"
"web/src/lib/modals/AlbumPickerModal.svelte","7285","14EC3D46A34DA067448F549413DCE64A05EB67CFE5BB4887286365285462835A"
"web/src/lib/modals/ApiKeyCreateModal.svelte","1353","B83AC9846A12F64358B255B19FD9882BC909B742AEBE0BBB406E5563740BAB76"
"web/src/lib/modals/ApiKeySecretModal.svelte","879","D7BA6BE66E3786EB8BA28CD643FC2C3C97F9A55FCB4662C92F1759C775B59AC5"
"web/src/lib/modals/ApiKeyUpdateModal.svelte","1515","E979CBA38E678097C557CBF9EADD0C02117B48B8DA93114F93965A5D97041065"
"web/src/lib/modals/AppDownloadModal.svelte","973","0F1FCA47D1E5C311C5C03FBA4BF2A3B17BDF1B59CB3E1693E03DB8416AB6F12E"
"web/src/lib/modals/AssetAddToAlbumModal.svelte","709","353F8A756B8776404BF0172712D51D73CAE2668B41CB32C4409D864326D72EB7"
"web/src/lib/modals/AssetChangeDateModal.spec.ts","2456","C25016CE7B3713E1EC2C2CB09F82AE7F6F54C1F06B533673D376718BDB8F5C2D"
"web/src/lib/modals/AssetChangeDateModal.svelte","2713","1D8911D42AE02DCD9B143949858FD6B02D13E9784ACAED6963DDF605DB0BF63B"
"web/src/lib/modals/AssetDeleteConfirmModal.svelte","1350","C2FF6B638DF60C4A1BB7AED1CD4BCB59DE0E2CDCFD443890EA26EAADA0CB6283"
"web/src/lib/modals/AssetSelectionChangeDateModal.spec.ts","8155","3EF01B0557CD1C60FB13243703E894FCE1592603C2F2C4EB7C24578CD81AA5EE"
"web/src/lib/modals/AssetSelectionChangeDateModal.svelte","4946","DD615375442252175C08FDAB0C684212D14162E61E83A96961C921A53437BFC6"
"web/src/lib/modals/AssetTagModal.svelte","2516","B94F7CD4961217AE8A8334435B120FF911198F6B69E360EA59991F5411835EC8"
"web/src/lib/modals/AssetUpdateDescriptionConfirmModal.svelte","512","5DD118290E3D62B20672F4F73E63748F39C909335AFB25AC62EBB943E9042279"
"web/src/lib/modals/AuthDisableLoginConfirmModal.svelte","866","A5E2C1C093B3A8F5415F1C8E92A66BFAB546B2BDEA17DDCBADED00EE724149DB"
"web/src/lib/modals/AvatarEditModal.svelte","1511","F150D9C2BA3D5B55E42AB9AE52323E0C1A696C522E721EF0700F19F0D5DC9B3E"
"web/src/lib/modals/CreateFaceModal.svelte","2460","9A16DE1F9B8BA3A84121E38DD3C5181A1E2658CF1D5DEA5A42EE139C74134741"
"web/src/lib/modals/EmailTemplatePreviewModal.svelte","569","30AA941B36277607F2960D81AEFD1A4AF12C7D23C7CAAD1F3E90C33CD8D9395B"
"web/src/lib/modals/GeolocationPointPickerModal.svelte","7902","6E4B63D1242934CEC36285371C67730E26CDCFB72E57E98918D3A9FBE4D0C00F"
"web/src/lib/modals/GeolocationUpdateConfirmModal.svelte","623","A22391EB5EED45B536BBCFF93869116CCB8289045EB41FA2437841D20FC93BF2"
"web/src/lib/modals/HelpAndFeedbackModal.svelte","2417","836C1D0E11EB0B9820DAC8B2733620B9D6AD425F6BE1F5C2C493BDEE8A47FB5B"
"web/src/lib/modals/JobCreateModal.svelte","1499","4788F6A37181FA714A4DC21276565669C6B5AA8F546517CDC7143AEBA83208F3"
"web/src/lib/modals/LibraryExclusionPatternAddModal.svelte","929","3B21CF02485595DA982071B5BA7B2A9FC8A1DE25E8821EAC977B32CF14CBB405"
"web/src/lib/modals/LibraryExclusionPatternEditModal.svelte","973","94BDB754B49DE167687ED56FF9862FEAAD54CFF4ECB206028890C11421F56DB6"
"web/src/lib/modals/LibraryFolderAddModal.svelte","900","3A1DED6231411AE43DCADD28E5522FF8E71505989D4E7E076A15F6392DA24C6C"
"web/src/lib/modals/LibraryFolderEditModal.svelte","939","075D61489C6A57C57AD89BA3B3DBAFDBEF22B810906C917818F97DF16C42AF60"
"web/src/lib/modals/MapModal.svelte","1226","15C8D694124532F4703D73597F69ACADB2518C8A49A69380CE9275B691A00905"
"web/src/lib/modals/MapSettingsModal.svelte","3645","B4C6F1618946139969DBB2A1AE346F23709B92F78CFB404456C540772DEB937E"
"web/src/lib/modals/NavigateToDateModal.svelte","2334","DDB8E6DAD32CBE8B23B4B72AF4171368E0E47EFE535D689B6099271446841040"
"web/src/lib/modals/ObtainiumConfigModal.svelte","3945","510386537D6E03A3E0092587E942075687406327B3FF796903CD8F1E6F01C0D6"
"web/src/lib/modals/PartnerSelectionModal.svelte","2476","05966CD1F96A1A280249638A8B98A2DC7BFC72700CF428269CB7EB7DEC84AFD8"
"web/src/lib/modals/PasswordResetSuccessModal.svelte","1032","A84711C318DBF18F027DEB0EFBFBCF3688C69348D8EAECA537D1AE79C9576BFD"
"web/src/lib/modals/PeoplePickerModal.svelte","3768","B542810DEBFC73F9D6C725FDED1A3FF25CF61A20986194D794A312D2138911A7"
"web/src/lib/modals/PersonEditBirthDateModal.svelte","1321","87ECD50F53EF89C5B8AED5CCCC8C891DDB8D302D0EA6C8A8D30F0454D19B696E"
"web/src/lib/modals/PersonMergeSuggestionModal.svelte","4916","CB71426DD89757B7E4C317B9364A9879B5895A77A16ED78CF2BDB208CD59461C"
"web/src/lib/modals/PinCodeResetModal.svelte","1456","BCD42D74528C0B6C32271E07ED3FCE981C6B3617FABC937D8CA327D8710DC7DB"
"web/src/lib/modals/PluginMethodPicker.svelte","1462","A71AE41D83DE2DC09F9741325685BDFDFF933DA8B147531CFADB88B415618820"
"web/src/lib/modals/ProfileImageCropperModal.svelte","2829","FF547276C4329539E5A9251BA481F575985D3806D7FB45B6422F89E8963300CF"
"web/src/lib/modals/PurchaseModal.svelte","758","600A35FDDABB6E3E3A5229117116542BBD7E98A0C1AEEBCFF647DDF32E8B0612"
"web/src/lib/modals/QrCodeModal.svelte","1133","889EF6F25948903F46D3AA22EFE63AC59DFA9E78BBD809A797896AA52E1A18EC"
"web/src/lib/modals/SearchFilterModal.svelte","8796","A61CCBC9CBC81206B757907FA29A45BBFD7A853075B32495D9F233D916FE3A6B"
"web/src/lib/modals/ServerAboutModal.svelte","3634","D9F6A59F0CE4C5937CA2B2732B63E1AC6746D82B468C76A11BF335E6D0F6A7BD"
"web/src/lib/modals/ServerRestartingModal.svelte","395","7EF1FED91D66C046D6CE7B112F3D140CC9B49E05C5925F6A6F9BA7DF354D83D5"
"web/src/lib/modals/SharedLinkCreateModal.svelte","1658","691275FEDB29C1185ADCFD87DEA5B52DA55B70ED9290BF6BFAE2F4C3C1324BD0"
"web/src/lib/modals/ShortcutsModal.svelte","4043","FE7F59D485645B3C5AB73FA3BC9F4F72FA39A6F18C5B6576172D13633C86E78D"
"web/src/lib/modals/SlideshowSettingsModal.svelte","5583","ECC6385EAA150E47B2FCF7FC0164D8B46AB8FC182DE90155707C1DAAA60033B8"
"web/src/lib/modals/TagCreateModal.svelte","882","EBFCDEEBC7F8FF6D8E1D4683850E00C45112EDFBD7C4E546C745B76086637E0E"
"web/src/lib/modals/TagEditModal.svelte","931","84475452C2F9CAFA433F7810B7DDCF58AD420E0F4662ECD368BDCF6C1583A87D"
"web/src/lib/modals/timezone-utils.ts","6800","3804A5ADD794A9B850318A817416683032783AAF5F791B424DA8A936397DD26C"
"web/src/lib/modals/UserDeleteConfirmModal.svelte","2345","9980E3A3E377BC23321B62CCE820CD3F0EE13D99B6107220677639333247F721"
"web/src/lib/modals/UserRestoreConfirmModal.svelte","1114","27D62F19353E04BCAB383978DB9B6BFAB99F29916C85F251E14D67FF93160FA9"
"web/src/lib/modals/VersionAnnouncementModal.svelte","1204","13129DF6621393CDEBBFFC086BDED398A4DB4ADEA7D6F6C5EF7ABB7BA928A1C1"
"web/src/lib/modals/WorkflowAddStepModal.svelte","2343","5B39620607F1CCA181F6A15B474FEBD1421EDDD9E1F79E6A8A3174E52B3CA194"
"web/src/lib/modals/WorkflowDuplicateModal.svelte","1410","30CC77420BCA2DF27A32467ECB531DE3FA012685D72FCD230F0AB1FCA4501B74"
"web/src/lib/modals/WorkflowEditStepModal.svelte","2390","A1016E78DC0BA0488753DAA7F0ABFEBCB080220994BDF79A06CF4DE85B6E8105"
"web/src/lib/modals/WorkflowTemplatePickerModal.svelte","2146","62B1A881169734C7BE152FC3DC33E8F0FB7A4C78CDF74C1612CAFC7ACD079537"
"web/src/lib/modals/WorkflowTriggerPicker.svelte","1121","3C747EFFB39068086FE210F24119700D18F06C4D7FA62246A7094BAB8D8AF2EE"
"web/src/lib/route.spec.ts","1550","DE700F5061A06BDE3F33898128793575CA33EB33CDA0383AF0CDF6E95B88BE5E"
"web/src/lib/route.ts","5494","08364B3C8DB92ED8DF6101E060CF161BD7B8530BF4AB86F75672F3983292C783"
"web/src/lib/services/album.service.ts","8943","821AC411700BA9052563B7D4166059CDBB52197C6893EF90BDAC44400BE94767"
"web/src/lib/services/api-key.service.ts","3013","E32A0FEFAD56635AD0DADD2F6BCDE0341A394A8957BCD341B677791B85DC0350"
"web/src/lib/services/app.service.ts","786","160C31D2817E65E39E4033F6EFD9C996950FE02E5BF55B66DCF7F2395D6749BB"
"web/src/lib/services/asset.service.spec.ts","4043","FF0BE7A131C211DD8DDA4CEC05021931868A807B9C4352A47C4C3052279C0427"
"web/src/lib/services/asset.service.ts","12025","E11FCED98B285A941BCD077089CF9694AE92F70E6C03F550DD668D3B6C79195B"
"web/src/lib/services/database-backups.service.ts","3486","B764E1F31887B94901F582B45CE1029712F35A8E4913046AF6C84E3381D49FE7"
"web/src/lib/services/job.service.ts","511","A0E00802E9AEBC7208EF553D0697631A52A24BCC2506B1D422283A6329F9818F"
"web/src/lib/services/keyboard.service.ts","486","5EE84559917C19C56FF48F18AF29A7C451D762C55946297B77127012DFC6A9C7"
"web/src/lib/services/library.service.ts","10285","A5DFE4239798BE52EFC9E26BB992A5C5B5E2D75554D8F2775F35AF2547C61837"
"web/src/lib/services/maintenance.service.ts","957","7C59637B5C1EF790E326CA7A5097373D556BE424DA20A8529023A3D7CC404298"
"web/src/lib/services/person.service.ts","3811","12E5F4ACB251455050CDBD3AD57D86C8C5228AE717BD276D2A291FE3DE7E255E"
"web/src/lib/services/queue.service.ts","7639","8B7A87260EEB646F3C5F4F1BE5A15EEE6E70C0FBDC90DD1442F15C6909104A8B"
"web/src/lib/services/shared-link.service.spec.ts","729","0FFFBD1AD085AE190693A340EB4FC9BCB896B49BF067328E36265EEFFB570C84"
"web/src/lib/services/shared-link.service.ts","5079","3406F37F26A6804E006F3F537F6180AE4945DCD1CD8E5105798B006944242C6C"
"web/src/lib/services/system-config.service.ts","2872","C8AA9FD1AC3A4C6D3B6C7A1EC4CB52E6CEE79C44697B3AE2A426D6FD89667B5E"
"web/src/lib/services/tag.service.ts","2737","851891E78DE0ABD3DF51F027AC9E52705C306C1BCAFD45112217227D24674DB1"
"web/src/lib/services/trash.service.ts","1600","5E6BAF8AE2B023501B53AFB6EE88A58079F08AEC501FCC18F2C5759C0B20EACC"
"web/src/lib/services/user.service.ts","1644","90A527904DD1FEF7B8E5DF886D0FD9105AB8716B0BFF19C957D4F43C10B4760A"
"web/src/lib/services/user-admin.service.ts","6867","03B463E900FA93BDD54D602A9306ACB5F58AFFC05A477E9E579B02E698B743A7"
"web/src/lib/services/workflow.service.ts","5085","DFB9D5EE89C97E853C693F8EC05FFDA9E6B9A1550E1468D465827551486E0BBA"
"web/src/lib/stores/context-menu.store.ts","242","2F95488A02526E82CBE397A62E2235688DA5178B0C7DF365396B68C20B421502"
"web/src/lib/stores/drag-and-drop-files.store.ts","211","CFEB42F4A3BC66E79FAD7A84AF05D90273C2E8FF4E33EA8D3A4491690FFBF44C"
"web/src/lib/stores/face.svelte.ts","1831","192FC67828D5E52033068D6F1FC3A2118282629A31BBFD79A6F7B72300BF39C1"
"web/src/lib/stores/folders.svelte.spec.ts","1116","E2454041967211657A8E722EBBD9866DD4855F7F161D46EF4B1DCE3BF88C9EA9"
"web/src/lib/stores/folders.svelte.ts","1271","4F706DCDD6061D3E21B301654A373D33052CAE8BB69E21B83911819DD9B208A2"
"web/src/lib/stores/maintenance.store.ts","273","D4B9B311B2A98D3A47C97D3847193B4C358243BAA7F7849F5416812A0AD91C3A"
"web/src/lib/stores/media-query-manager.svelte.ts","548","305F5735592FE787EAED3708E96AAD5ED5BCC7BDF7EDEED10F6EBB0BEBBF206B"
"web/src/lib/stores/notification-manager.svelte.ts","1329","FA817C46E804C5E6E95EE7A2418B32A3F14637E6281941BC66A229BBC43DC009"
"web/src/lib/stores/ocr.svelte.spec.ts","6846","1FBEE0B11DED2C98A49A330E7E931558D4640DD89C297DAE3CA68B79D596CFAC"
"web/src/lib/stores/ocr.svelte.ts","1146","5966384CF0ADEFA7C7242D17D0150DC2A04BFC645BABCF21988E6ADED0C1DD86"
"web/src/lib/stores/preferences.store.ts","3585","9EA938CD4DF60894085B47656025D550BD32B7C92D564FF50261FAAC2DA24AEF"
"web/src/lib/stores/search.svelte.ts","399","1C5C1EA05209AD0B9D4B5454DA9E0BBAA667106079BC57B144B8935F260FEC07"
"web/src/lib/stores/sidebar.svelte.ts","559","6F8DE6591506FE117056C25927DA5AB8C9DE532148BB6A97FC9FD6548A15175D"
"web/src/lib/stores/slideshow.store.ts","2861","2EFF2BAFA693B8F335C83BED8C6D47E7543B7195A16F2C1FF25AB76FC81E2D82"
"web/src/lib/stores/upload.ts","3980","82397C50E041471D13A0576384D4098753457DA2CC8BD39BEDEFDC3F3EA86B57"
"web/src/lib/stores/user.svelte.ts","988","7228D5EEC38CB51A970389509A00A6146C0878BB349DAC6443A69F8AF060C3E3"
"web/src/lib/stores/websocket.ts","4548","7DB57B62F9511AAC9589289792872D59D23DDBE3C7BDD48A272C2D24C7637C76"
"web/src/lib/types.ts","2754","9A750F58A2C15554EF11F1BF05F71D52ED44066532628A037CB469BA86E9251A"
"web/src/lib/utils.spec.ts","6612","937B6D5CEFE76395C4279F598036A28E9F1773D33B2D9BDAA5316D7FD7016415"
"web/src/lib/utils.ts","13787","7C2ABF7BAB8310FDA5BD570FEE540DE7F925D15970549A144F886ED926E72B82"
"web/src/lib/utils/actions.ts","3984","5B450E9249782A4A44DBB31C1B9124752B5F5ABBC247D7E67B20221C423F5B62"
"web/src/lib/utils/adaptive-image-loader.spec.ts","9539","F2E00353B0E3CB8CE5E8E6D43F9F009656D392DE65681D0CD3623F40F254F491"
"web/src/lib/utils/adaptive-image-loader.svelte.ts","3993","D27DE890EE10761D3C3A5D34E098F4E7CC1408ED6B215597B4552CF3851B1024"
"web/src/lib/utils/album-utils.ts","7589","EFD3E2CAB97D130756EDFB9FE7CF2F08A6BD498200942B7E363A26D92F3EA289"
"web/src/lib/utils/asset-utils.spec.ts","2430","52DB69C357E35E46159907A78C5DDE219F086E3B6455F2365FD9F3707BDC0F06"
"web/src/lib/utils/asset-utils.ts","15751","B1D92E751DE3FBAF9DA50E4BB6F366C61CC27589B820471483C72F0900C73530"
"web/src/lib/utils/auth.ts","1228","38ED864197340E9EE521C105E38B9E49536D0A3A84E0E3F953E6E1195D9C0477"
"web/src/lib/utils/base-event-manager.svelte.ts","1895","45E4CB4156FF03BF5A24623F746E916AAA1E37586022A0524DC356FC70E943B6"
"web/src/lib/utils/byte-units.spec.ts","1030","6CE11663894B8BB5E2634089FF977320C08B29568C840DF05137A50531AB07B3"
"web/src/lib/utils/byte-units.ts","2062","CDF552644E340C765E8B81DB7B90B83C400E7C1A348C9FE56FF2F373BBFE6CA2"
"web/src/lib/utils/cancellable-task.spec.ts","17487","6ECBAE1ADDB2370B40CA2FF06B95E97DD0ED28F72893A240EDB04B897B8401FF"
"web/src/lib/utils/cancellable-task.ts","3644","740EEC0C74637F5D781CAB76F5F3AC3C92AAA1CE788EB30758CE3391E12727B6"
"web/src/lib/utils/cast/gcast-destination.svelte.ts","7687","975EF117D332363C791DD591F050595487578DE1A0E56FBF9CE08FA50304E084"
"web/src/lib/utils/container-utils.spec.ts","6989","54ABB9A2A8A334766564050E053B7F3CF7051387C8993EB5B09BA16B8CF1AF8C"
"web/src/lib/utils/container-utils.ts","3442","51101B82F4B109D53184A4EAEF6260AE988B35B87DF855B234F3817905B5AABB"
"web/src/lib/utils/context-menu.ts","1185","7B9FFA0BA8CC7F01A84708FD2BB5CDB929C136664CDA90A2791B5ECF47A4D20D"
"web/src/lib/utils/date-time.spec.ts","2509","9407D51C761DD09823422B776EA08AD8E671BEA52271161EA028008D858C9282"
"web/src/lib/utils/date-time.ts","2293","0DDE48FC608454A47CC4103D8282C6CB29DA10F2898E36D25ACA0EB326C02AC1"
"web/src/lib/utils/dipatch.ts","110","2BEE4DD3DB2ADA3F589F67E8E3F729B771E26392FACC6F3BD9393293828A35D8"
"web/src/lib/utils/duplicate-utils.ts","8982","E075D72190740B9E8AA204F154A06FB0900455BF0294AD7AC1A13D6DF638E648"
"web/src/lib/utils/editor.spec.ts","11697","15068E08E104DC7C4BC3FA53EF24171909836502A226DBA5B5B1CB572C0BAA5C"
"web/src/lib/utils/editor.ts","1379","7C0E76FC3803296B9D44C57FE11ED009E34F4328E8A9A3137201878D36A44588"
"web/src/lib/utils/eventemitter.ts","713","39D5A736E7F12354F02C0A837420EC1DBF268DC0EEC97E9E028702BB2D0F25E4"
"web/src/lib/utils/executor-queue.spec.ts","1662","42571A4998FC409118991E038670CD238864502E225E4D812FD5AEEB8C8A2205"
"web/src/lib/utils/executor-queue.ts","1446","26C665223FA7EB82563FCB474432395F0D33007B1F0E91D0DD90F2155F4FFD91"
"web/src/lib/utils/exif-utils.spec.ts","1177","9998A71DF64B57964F71C9EBF2E30F1FACF66183D10C5786C080C70F0F8303B0"
"web/src/lib/utils/exif-utils.ts","185","CEC56685748B33E56537A9F4C7698E6EAAFC58C89342408D7B2E559187972F93"
"web/src/lib/utils/file-uploader.spec.ts","2644","12C4F06298717E6B857A3235F528B621404D24810091682BDF586905AF1E96B9"
"web/src/lib/utils/file-uploader.ts","9264","52250A9E8D26FD0AF05B599CF29F2DF4EA1C0A82C5CBF07DD14F6D9B6B680ABC"
"web/src/lib/utils/focus-util.ts","1808","89FE7B445DBD3D8288127CB0831B2947B51EFF10E7F8EC96F44671F4DE4C5D61"
"web/src/lib/utils/generate-id.ts","74","17DC5DE167E5ECB123DDD681FCD7FECEB8CB77CEFC0294234DC0FCC727FE7105"
"web/src/lib/utils/handle-error.ts","2007","142238B535595B478BE84EEC85CE63904C54540C35F0FCF0A65BAC40745BC39E"
"web/src/lib/utils/i18n.ts","2804","264C0A8F17A51D1AEB06FE53B52ADA76775C48468D13413C2E42DA43530AA873"
"web/src/lib/utils/invocationTracker.ts","2036","D63A188C6D567334C9C4D60FCE0D624E67182D880D8EEACA7A2BA3408AB5E3B8"
"web/src/lib/utils/layout-utils.spec.ts","1723","A7B9E3AA95FA7D506578C614C6DBDA7EEE5D5F9BC24F5BC612523ACD5D21968C"
"web/src/lib/utils/layout-utils.ts","3614","922CB6779A63E04B1B7CE3C6FB973A85D3B4BF78CD9A2AB02BABAEA4227F0B56"
"web/src/lib/utils/license-utils.ts","1443","E43EE1936809AD6FC34F742D940248DEE625655999C6E0E7D00B2446CB44AFC1"
"web/src/lib/utils/maintenance.ts","1635","8B7CFE0CADA6BBC651CEEC8B99F4DA73E49C39C18DBB56AD7E1BE1CB715C8688"
"web/src/lib/utils/navigation.ts","6187","E2A819553F0E6B36D99FB536208ED6D1345747EF640AA91D4B66B5EBE946CDBE"
"web/src/lib/utils/ocr-utils.spec.ts","2674","CC79450C54ECFC37175BE3183A9C858D5F43AB9CBE860E9C0A937A27ADE07258"
"web/src/lib/utils/ocr-utils.ts","6845","2381779D162970815746329970417C04D531211D53ED4640EF041380791D7588"
"web/src/lib/utils/people-utils.spec.ts","2047","51F43CF63B03C5E3C494F5E8E9D2BE919562C35B59E5EC528149C9BF247CEE29"
"web/src/lib/utils/people-utils.ts","2513","A8A5893E76F088A6C7B360713BB1C6179AE6298C41A4E48CF8609815AE29CC9E"
"web/src/lib/utils/persisted.ts","2252","7C23A80181844831CEFAAEA89C569B89A3377CBE1FAAA7B9F1A2474372159EA7"
"web/src/lib/utils/person.ts","1195","9DA9A0397D3A02230F40DCB81890F93F51DCF1BA67D1E7F6835DD8BBE2DD68ED"
"web/src/lib/utils/places-utils.ts","2617","123F2BAA3A112B568DE53BDF108D8F4A72D64C9E196279C08468A07564BF104B"
"web/src/lib/utils/purchase-utils.ts","719","FA919AF03052107F0E37B02E9937D97ED00C84D8D49E0BB43A067369F218A4DE"
"web/src/lib/utils/server.ts","881","6A9E94CF0BD1A36842DF6244180D2128B10B26AF13DA9BB7E08A87676CFE32BF"
"web/src/lib/utils/shared-links.ts","2066","6F1000669DDF17306C69A021572B9CBAAF6CEF155DE22DACCAA63EABC1DCB80B"
"web/src/lib/utils/slideshow-history.ts","802","78DB4DC63ECF0DBF705F8D5A9304ED7CEDFACC4265F85B1016E5FBB195CE82EF"
"web/src/lib/utils/string-utils.ts","531","1BF06351447BA376594D99AAA8FA90AB4656D587638C62A68D84B3B4424CFA06"
"web/src/lib/utils/sw-messaging.ts","436","03CD70520CB78F8D4D81913AE59335AFF3D0BF300054F9FEBC5CD1D520977057"
"web/src/lib/utils/sw-messenger.ts","399","1F708D74598240DEE2DAD83D5476A174CFE3D09F1DCE4793D8AB3F3AE509FB26"
"web/src/lib/utils/thumbnail-util.spec.ts","5605","C646577D9C72503A35E6363FFFA7D0190FDA244BF5A6E1142142A7B554CE2761"
"web/src/lib/utils/thumbnail-util.ts","2597","C90C2A71C95AE35AE86A71473F41C4AC6A9EEE8C2E8664C04ED74A9D8466C660"
"web/src/lib/utils/timeline-util.spec.ts","3090","D21B419024AF08A4BC7647F7C5DBD1B01075E0A6C8975BC34586EB2506BC9660"
"web/src/lib/utils/timeline-util.ts","8969","E336EDD8D772CED6DA3FF130F44F2468FCC4D3B834FB3079B9A31268FCE4AA73"
"web/src/lib/utils/timesince.ts","320","F9EF02A470833E0F92EA993FF0090582F7900637ACFB483D98A453F1BE00431B"
"web/src/lib/utils/tree-utils.ts","3804","91314D2A01336E5D5B85C2658727D8162372987BF4B4FD8541838018C980503A"
"web/src/lib/utils/tunables.ts","1085","FA8556B5D09F75909B84280FCD63013A0E677AE4B4FBF3D22F196DFA90671F92"
"web/src/lib/utils/workflow.ts","797","252B5DEED4871364AB988CD79D5BEC202DFA264CD2D67F6ACCFBD83D0B8D124B"
"web/src/lib/workers/hash-file.ts","778","7A10367F95C90E8BA51FDCD5B52C1F33723F462FA69E933C4AC324B13891CBF7"
"web/src/params/id.ts","247","733037D60C7A1CE5AFFB67EE7F14ECC80E54FFB43709AD3DADDB33241A456DB9"
"web/src/params/photos.ts","140","EE5B3341F2A548E46D72D3202333763CF53EE1A69286E99E6F4C559FD5E5205B"
"web/src/routes/(user)/+layout.svelte","945","AAEC68F7B3174CAD20EF59493C9E371BA69270F9EC8A70392D3B04D209D0B01F"
"web/src/routes/(user)/+layout.ts","406","986E1E7B41F238FA7FE289F118897F82F8860A69E229FACB6039F75004A16FDC"
"web/src/routes/(user)/albums/[albumId=id]/[[photos=photos]]/[[assetId=id]]/+page.svelte","23893","C3D65093FBA7B74A4BC1826DB40E34C0BB92D0A59004E6B83EB38582BC49D811"
"web/src/routes/(user)/albums/[albumId=id]/[[photos=photos]]/[[assetId=id]]/+page.ts","408","FB70CD51B62E12F884D315C234449AE53B47590E2F0F6084BBB3D3DCAB8FC046"
"web/src/routes/(user)/albums/[albumId=id]/[[photos=photos]]/[[assetId=id]]/AlbumDescription.spec.ts","802","ED77ADFF399E2E4E1077F5B7DA14235F2189118786FE68299092C567ED487A1C"
"web/src/routes/(user)/albums/[albumId=id]/[[photos=photos]]/[[assetId=id]]/AlbumDescription.svelte","1371","882EDA720AE2100FC06A63ED9952102402756A1EDCE52BC7ECA84B94DD6EA733"
"web/src/routes/(user)/albums/[albumId=id]/[[photos=photos]]/[[assetId=id]]/AlbumTitle.svelte","1624","C9EA25C4E32E012392CDD000D0C3CD7F2E2FEBA9B15EE72579514BD5E11627C7"
"web/src/routes/(user)/albums/+page.svelte","2015","761FE58A1CE8658F591EBC583874EF7BFE495D1C1EDB95A9FD6BEA344A58D87F"
"web/src/routes/(user)/albums/+page.ts","522","00648CAB2E0648E36B2546930B9C97EBAE40C22C585BA0D14F0A59C84A894A4E"
"web/src/routes/(user)/albums/AlbumsControls.svelte","6657","CEC0105DFC96C64BC54E9FAC0C4D1FCABA2527FA7AC6F63911AF8A148EFEFC2C"
"web/src/routes/(user)/archive/[[photos=photos]]/[[assetId=id]]/+page.svelte","3675","AF40B85074751229ABF9168625205A29DD40AA91474219C471ACDD06D5DBBEE6"
"web/src/routes/(user)/archive/[[photos=photos]]/[[assetId=id]]/+page.ts","330","8851A5CC26045D07D89183DCBA7EAF2ACFB84E27156FA37F69B4337E5DC08595"
"web/src/routes/(user)/buy/+page.svelte","1555","FB8FF46EC03B436B022A2678D3DB6C24029056B0308C0832BB5B9EC2B97B5350"
"web/src/routes/(user)/buy/+page.ts","1107","A6A9DB658802961E3E57504CFA7C5D3FA583396F1F9523661485F90C10D4272D"
"web/src/routes/(user)/buy/SupporterBadge.svelte","1320","DF6371C605DB59FCA657BCAF402E60EBC4611FDBC1C808A7E9A9352E2568AC85"
"web/src/routes/(user)/DragAndDropUploadOverlay.svelte","5705","C8180882490B49F8A0DD48DA3BA1F04426646BF8B6E54A404E414757C5504CD5"
"web/src/routes/(user)/explore/+page.svelte","6545","F154BB6498FA4799BC3108C24C413ECD5997366F66734E1B0075C477DC6EB81A"
"web/src/routes/(user)/explore/+page.ts","519","B3BBBFE5B50769DD3772BA05F7FC9804696F60D047DE82B43B9FAD7EB0EF3921"
"web/src/routes/(user)/favorites/[[photos=photos]]/[[assetId=id]]/+page.svelte","4268","B6C3CEADAA66B1F4FFF4CD1C09945118AC0271D259F54E835908921F1FBC3A02"
"web/src/routes/(user)/favorites/[[photos=photos]]/[[assetId=id]]/+page.ts","332","9DC5EADC55763D018CAE624D365583861FFE553E03D1AF0A88A33EDE7A94CACD"
"web/src/routes/(user)/folders/[[photos=photos]]/[[assetId=id]]/+page.svelte","6904","0601207DD12A5EAD47EDC1AA69C70E52B9C19F8F7C826D95E876B658DBA071FD"
"web/src/routes/(user)/folders/[[photos=photos]]/[[assetId=id]]/+page.ts","1032","2E04E7D7A89A77EC82A877C786D128FF854A3FD766FF010CD2DB220B62C134CA"
"web/src/routes/(user)/locked/[[photos=photos]]/[[assetId=id]]/+page.svelte","3442","6F8FA63A1605B77051F208491EBF35CAB68F2E5A426CC7F3D1FD91774E623907"
"web/src/routes/(user)/locked/[[photos=photos]]/[[assetId=id]]/+page.ts","632","0A541EFEA901F2318FD522D130CB32FE0F44C8C4208D772E9E1AAD8EA031855B"
"web/src/routes/(user)/map/[[photos=photos]]/[[assetId=id]]/+page.svelte","3652","79347BA699F3BE811891261BC7E5C39A144655E282026084FFDC5F603116372F"
"web/src/routes/(user)/map/[[photos=photos]]/[[assetId=id]]/+page.ts","326","638512FBEA51BCCF37A307C79140BEFBC1445575024BBAACFF7916471D679889"
"web/src/routes/(user)/map/[[photos=photos]]/[[assetId=id]]/MapTimelinePanel.svelte","7701","9CBEE31B1B7702E7656610DA48B195001D20325C5A6A6A8C71A6AC2B319F3B1C"
"web/src/routes/(user)/memory/[[photos=photos]]/[[assetId=id]]/+page.svelte","89","91BC8190EFE271580F69D962B7410990E9EA7F4A9A634BEFC11E1704ACF3EB35"
"web/src/routes/(user)/memory/[[photos=photos]]/[[assetId=id]]/+page.ts","352","230560EF40B4A66093D76149E4296A8B599FFF9D9E0F3C1615AEF77A44F30B9C"
"web/src/routes/(user)/memory/[[photos=photos]]/[[assetId=id]]/MemoryPhotoViewer.svelte","1680","B421E2086F46C73EBB8292D7B83183FDE4993DA445862B50C10D5A342B7D106B"
"web/src/routes/(user)/memory/[[photos=photos]]/[[assetId=id]]/MemoryVideoViewer.svelte","1441","61C523D0D7087D807A7A5D7F048FEA480394E5D750EF56291B203408758F1889"
"web/src/routes/(user)/memory/[[photos=photos]]/[[assetId=id]]/MemoryViewer.svelte","24745","C9661AC3B5C8183F12FF69E696FA7145FBE6DE2021BB0130D99045794E531E14"
"web/src/routes/(user)/partners/[userId]/[[photos=photos]]/[[assetId=id]]/+page.svelte","2194","49880D8B02658BD888D81DB43398A6464CBB1AE255227A3DDA3AB80ACEE6B16D"
"web/src/routes/(user)/partners/[userId]/[[photos=photos]]/[[assetId=id]]/+page.ts","447","C582CCF89AE4F65A777C543DE7F9D2B6DBC6CEBB6BA3C5FCDCB163623060B6D9"
"web/src/routes/(user)/people/[personId]/[[photos=photos]]/[[assetId=id]]/+page.svelte","19296","69333777CBFB52BD820EFE02FD1F8466986E22B96CB3C394F34400AB5EBEB9C1"
"web/src/routes/(user)/people/[personId]/[[photos=photos]]/[[assetId=id]]/+page.ts","590","2E9C8F2E89645B6727421A19C0A36CBFA62F4C53FBF15A8D0D928B50F747D5F6"
"web/src/routes/(user)/people/[personId]/[[photos=photos]]/[[assetId=id]]/EditNameInput.svelte","1612","2BEC4CBE798DAAC2BD59567F459CFCC3D74E66CB561A76956F27EB426D19F14F"
"web/src/routes/(user)/people/[personId]/[[photos=photos]]/[[assetId=id]]/FaceThumbnail.svelte","1886","03A0C814FEE9D00C6C7E8FD3C0A1ED98034E64C130CD8F27B41F7E7821A5F266"
"web/src/routes/(user)/people/[personId]/[[photos=photos]]/[[assetId=id]]/MergeFaceSelector.svelte","5249","4531A471217DCBF4935393F8263595F7D345378CA5BFBB6A033A34231E41AB21"
"web/src/routes/(user)/people/[personId]/[[photos=photos]]/[[assetId=id]]/PeopleList.svelte","1950","F1D0AEB45A4652FF56E6D781AABD618564A54B98FEE6C60DD91EFB8C32B73F5A"
"web/src/routes/(user)/people/[personId]/[[photos=photos]]/[[assetId=id]]/UnmergeFaceSelector.svelte","5416","1A4FF12676E18C7695C36957CAFEFDB7D65245E96955E64EBC7A58EA5334DDD3"
"web/src/routes/(user)/people/+page.svelte","13059","4CAF6CF09537C9F63EBF565DEFD8CE03C854ACBB8A233CD9C1B90BE525336E73"
"web/src/routes/(user)/people/+page.ts","445","15CF06C129031E162FFBF2ED5BDDFAD5E125A3EE572736AA6179A20CB53CD4FE"
"web/src/routes/(user)/people/manage/+page.svelte","6557","A24ADF78B81F99BFEAB8918B9F9EF59D38DA19D1CDE335F4477A25A9CA10CF2B"
"web/src/routes/(user)/people/manage/+page.ts","316","AC88DAE40158114E23CF5FEB48C0703A7139E85286990CB4212C4A9B9F7414E5"
"web/src/routes/(user)/people/manage/ManagePeopleVisibility.spec.ts","3031","A5D5B8201BB4EBE93FECFDE175FA499535AA39F2A7BD2979E74C6BC0F5F989C7"
"web/src/routes/(user)/people/manage/ManagePeopleVisibility.test-wrapper.svelte","361","52B0C3FE822B67116013C85297D0E35B2506DCD860F1E33FA6803A5638F50C01"
"web/src/routes/(user)/people/PeopleCard.svelte","2911","41774341F3C151A5F75CA3E11A3F587AB39190FEE0E9E31B6195F103102D8EB6"
"web/src/routes/(user)/people/PeopleInfiniteScroll.svelte","1227","6F996B7B71E75CA1BFC84690EB7D5BF36D61B74BC7D32DD401CF4144AEC2A9F1"
"web/src/routes/(user)/photos/[[assetId=id]]/+page.svelte","7540","1D3B088B17B9BF96D83FEB9C8E2F85E356427CE24E406EC9DD5C5A73361E8C8D"
"web/src/routes/(user)/photos/[[assetId=id]]/+page.ts","329","CA43B891FA6FED427EE73B2B9463F944AFF1C5752090F995554A1BE501C956F9"
"web/src/routes/(user)/places/+page.svelte","1503","EC6C1BA7BDB95BE95C39CDA5A49817E4CA723EE404B9122F1438B0E1FEED3044"
"web/src/routes/(user)/places/+page.ts","428","EE2AE6247DEC2D50F9F7B75D74C7E44613D7597AE49FD0502C0962D9A2BDE02E"
"web/src/routes/(user)/places/PlacesCardGroup.svelte","2326","A22A299FD98D69C89E9254CD5D30A54323AB36DD8511DED1A06D641EFC20479B"
"web/src/routes/(user)/places/PlacesControls.svelte","2873","A94E8A2AEF8B76A24DF50CB575B230F23B65CC7EF4CD8859126FE99776148D5D"
"web/src/routes/(user)/places/PlacesList.svelte","3488","E9CE674BF46BDAF0FCCDE5AF149B771D172D1BD1932B4C8C72CF657F199836B0"
"web/src/routes/(user)/recently-added/[[photos=photos]]/[[assetId=id]]/+page.svelte","6980","2FAD5CD7C88ACDFEC1037361299CF79E5769A8F0BB66192F9D227F4FDCDC506F"
"web/src/routes/(user)/recently-added/[[photos=photos]]/[[assetId=id]]/+page.ts","348","1450793C027A0D3AA09738FA905D66EA49014A5ACC94D63A5888C9A375E60DF8"
"web/src/routes/(user)/s/[slug]/[[photos=photos]]/[[assetId=id]]/+page.svelte","254","6C4B23D570CC4625359F4210B5E2E4959D8AF0A4C5C16F72EA58782EE0A49A5B"
"web/src/routes/(user)/s/[slug]/[[photos=photos]]/[[assetId=id]]/+page.ts","202","1C305B64615DE1FC415210ABDD459D28F5D33771C917078DD50E55E6C9A3FCA8"
"web/src/routes/(user)/s/[slug]/+error.svelte","140","47DC8DBE42BEC1B67172BB582A84C0B4EB839B28D1CBCC21144A9D278ABD32A5"
"web/src/routes/(user)/search/[[photos=photos]]/[[assetId=id]]/+page.svelte","14942","F74FA411460E27CE382BB48C609D4FF6DA905A1F79A03BF8C450BF4E9C02F190"
"web/src/routes/(user)/search/[[photos=photos]]/[[assetId=id]]/+page.ts","329","94070278A160E68F130063F0BF7F05B8E557E8F9AB8509D59FD738D06AF1FB04"
"web/src/routes/(user)/share/[key]/[[photos=photos]]/[[assetId=id]]/+page.svelte","254","6C4B23D570CC4625359F4210B5E2E4959D8AF0A4C5C16F72EA58782EE0A49A5B"
"web/src/routes/(user)/share/[key]/[[photos=photos]]/[[assetId=id]]/+page.ts","202","1C305B64615DE1FC415210ABDD459D28F5D33771C917078DD50E55E6C9A3FCA8"
"web/src/routes/(user)/share/[key]/+error.svelte","140","47DC8DBE42BEC1B67172BB582A84C0B4EB839B28D1CBCC21144A9D278ABD32A5"
"web/src/routes/(user)/shared-links/(list)/[id]/+layout.ts","751","7213D093EC71A2D08FCCB010F1B82B4D9B3CD0FF398917AA5E32DC0DC1D18369"
"web/src/routes/(user)/shared-links/(list)/[id]/edit/+page.svelte","2127","05E39FBBABB41824978FD005DEB3082A840682D6E418959DE3B519231743CCE8"
"web/src/routes/(user)/shared-links/(list)/[id]/edit/+page.ts","336","A94BB7D2F70A03AF0F9491175E8AA56430F264EB2147FA8DE18603B42FCF6F36"
"web/src/routes/(user)/shared-links/(list)/+layout.svelte","3075","1AAE88E3D640D060F982BBDD8F5E0C9D8EA4AAEAF75DC274D95BE7DC762272A0"
"web/src/routes/(user)/shared-links/(list)/+layout.ts","339","25F5132954E3B4B6622C401E549CB3AC4B7C835BABDEC7BE665224BD4F8E61B0"
"web/src/routes/(user)/shared-links/(list)/+page.svelte","0","E3B0C44298FC1C149AFBF4C8996FB92427AE41E4649B934CA495991B7852B855"
"web/src/routes/(user)/shared-links/(list)/+page.ts","335","5ABA07C9C07711712A57C092A84D2B1A32D43B9FA2DDBA47EB70FFAED9B0284B"
"web/src/routes/(user)/shared-links/(list)/ShareCover.spec.ts","2562","03B0A874FE90FCD8378C524A7407CE861C255D5EFCE31F14313B5D9704115558"
"web/src/routes/(user)/shared-links/(list)/ShareCover.svelte","1028","E0A2FC3222D9EF4A76BC1A186E1162021BB356F8F8E43113639DF52BE1E8FB06"
"web/src/routes/(user)/shared-links/(list)/SharedLinkCard.svelte","4012","9FE6F4E05EC7FBDA897E22B8FFE2A29A532B272AE82D46BD4B2D064FE2E0FC6A"
"web/src/routes/(user)/sharing/+page.svelte","2930","2F9FF71CF6491980A4B01247FCD3251EEB964D28747996AAA1D1C75545E2604D"
"web/src/routes/(user)/sharing/+page.ts","582","24BE1D3E4DF509EFAE1757C630D4C2EA2976A36235F9F57A2E5C00BC399C02AD"
"web/src/routes/(user)/sharing/sharedlinks/+page.ts","204","571CF1E4E47C2C822A593CE042548F7412009D8F16D5613DFDDA223D915D378A"
"web/src/routes/(user)/tags/[[photos=photos]]/[[assetId=id]]/+page.svelte","6564","53E2240777B4540678AA1937D21EF3EB3B48FFDDB4FBBAAF92FC3E473175864A"
"web/src/routes/(user)/tags/[[photos=photos]]/[[assetId=id]]/+page.ts","523","9CAA400D29B2E7866572E3DBD3F4421A4C73BB6AB5E4373DB3293890F442830F"
"web/src/routes/(user)/trash/[[photos=photos]]/[[assetId=id]]/+page.svelte","2969","BC9ACF51FAEECD023957B8D9F0E83DBD12CF63A2C14F97B02F0C9C1B7D5AB40B"
"web/src/routes/(user)/trash/[[photos=photos]]/[[assetId=id]]/+page.ts","328","2D9F3A5330C5F94CF579BAC65720BFAEF6E8C24C56336C0A5D96DD54BAF0D513"
"web/src/routes/(user)/trash/[[photos=photos]]/[[assetId=id]]/RestoreAction.svelte","1192","3664B1DB2C61DCB15E595A117060792D6F37D23B04A473830EE1732B3F01BDBA"
"web/src/routes/(user)/user-settings/+page.svelte","711","319D0B058C1FC3BA2DC3197F3EF9A7D191C82DF6F10B833D7340654CBB6B794A"
"web/src/routes/(user)/user-settings/+page.ts","486","0C6FDAE6BD0C67C7A61870DBAE6C165661D410FD29C7EE5F9290310799E028E5"
"web/src/routes/(user)/user-settings/AppSettings.svelte","4297","98BE76E5C19E89A1320BDB9C273301B020AA75B53AF015EDADA55B2DFF075CBB"
"web/src/routes/(user)/user-settings/ChangePasswordSettings.svelte","1770","4D5609F31CF1DA4DED59251E7621C5B0A0873659C2BA47027FC3322A7A9507CA"
"web/src/routes/(user)/user-settings/DeviceList.svelte","2808","832A63B9E255C998675FAB42B06AA56BEA9AC072C7AC2F87253485932160C41A"
"web/src/routes/(user)/user-settings/DownloadSettings.svelte","2280","10692650033A95F0A9E7456ACD43C7D2EF924DC310C4CE75231BE75117AECDAE"
"web/src/routes/(user)/user-settings/FeatureSettings.svelte","7005","51728B6F55F85110DB0D66740A2F89993199E4F2EC435470821D05407EEA222F"
"web/src/routes/(user)/user-settings/NotificationsSettings.svelte","2356","BDD6810ABC6F5242705084FAF032F406CBE7C2EB28E9AA41C099F699A37F4055"
"web/src/routes/(user)/user-settings/OauthSettings.svelte","1933","1979294E048A5E2A4C18DC62F982AE3843E5C7E4ED8D44600988623020F31808"
"web/src/routes/(user)/user-settings/PartnerSettings.svelte","6215","35A5D634B5480518AC732009CAE1B82864E21E4F1E9F69E869A6E05A0C21DCDB"
"web/src/routes/(user)/user-settings/PinCodeChangeForm.svelte","2200","5D9B0163E153ED9A86D025219F7FAB25EFA2FC81F92BDFCF4ADC9123B891AB1D"
"web/src/routes/(user)/user-settings/PinCodeSettings.svelte","884","909286322353F3EF81FF160AC3284F6B658CAAC22C4007D4C79E43C1D332F18D"
"web/src/routes/(user)/user-settings/SettingCombobox.svelte","1398","8879796AA492FF09C2E6E35CF1A9A8C2F27A7D1D828C69B4C682E692CBBAE7E3"
"web/src/routes/(user)/user-settings/UserApiKeyList.svelte","2733","FBBAE4C771CA57971CCE0EB2411387C40F492104D02AB409457CEA0603935C1D"
"web/src/routes/(user)/user-settings/UserProfileSettings.svelte","1846","6C0F68023B3E95D4A6DE8F7A5B99D4AF244E46103ADE0C3A91674B28D10E4C2E"
"web/src/routes/(user)/user-settings/UserPurchaseSettings.svelte","5827","D68F27A88064C070C9EC79C34CBB1E293EB665A6C190CCD8800080D6D65AAEF4"
"web/src/routes/(user)/user-settings/UserSettingsList.svelte","4547","29FAB97ABA0B9705C929ED0D71E3765AAB8BF6DCEE4881E944C102B6B5230B3B"
"web/src/routes/(user)/user-settings/UserUsageStatistic.svelte","3048","2FDAFA4D871FA1E49B2C4C547FA3DC27658A3B33F327FF383382C880433B209F"
"web/src/routes/(user)/utilities/+page.svelte","451","DF792FF931FE51274AF3B767E6144FAC6F336E2EA966C048447C86DE5940993B"
"web/src/routes/(user)/utilities/+page.ts","332","D52F3A5FA3479DD3DB3F423480C293031C6831B548B79435937B98B03C084401"
"web/src/routes/(user)/utilities/duplicates/[[photos=photos]]/[[assetId=id]]/+page.svelte","11653","380B0A407F230467FFA63ED06D33C56F04793907AA04C378E85F635CBEFF9076"
"web/src/routes/(user)/utilities/duplicates/[[photos=photos]]/[[assetId=id]]/+page.ts","448","D7BF532077377B8787C870A4F0B5E88FC9845C0278BAA3450879460B7FEF89FE"
"web/src/routes/(user)/utilities/duplicates/[[photos=photos]]/[[assetId=id]]/DuplicateAsset.svelte","4040","4591CBE2A5D76104459E4E051B6EBF921A4245FF250A5DE1FD72D15482972C26"
"web/src/routes/(user)/utilities/duplicates/[[photos=photos]]/[[assetId=id]]/DuplicatesCompareControl.svelte","6967","C8B4B48A64321A0BF4586F8B62D4D8D086E28E199491E8F4DE26277CF70C9A17"
"web/src/routes/(user)/utilities/duplicates/[[photos=photos]]/[[assetId=id]]/InfoRow.svelte","829","D951FEDCF4FE456423E0E5898FDFDDE78ABB0A819D33416EC0FA180209302F10"
"web/src/routes/(user)/utilities/duplicates/[[photos=photos]]/[[assetId=id]]/LinkToDocs.svelte","345","ECBB171433D6A61393D8F2360DBBB14DA5AD301B59B12A4AB4BD5546CB88D8BE"
"web/src/routes/(user)/utilities/geolocation/+page.svelte","7207","3C0A011352FB785D95823545BA5EC8AC2AC9E641D25CDACCD31D9DB72D61BF42"
"web/src/routes/(user)/utilities/geolocation/+page.ts","341","9E185D7AAE310AC58CB7C8899C055234AD0CFBB0AD53C8241597571A030E61CE"
"web/src/routes/(user)/utilities/geolocation/photos/[photoId]/+page.ts","234","EB66D8F0C2B52C0B6B873C8AEB72556FA05D591FBB287D844D7E5ED694C9ACA9"
"web/src/routes/(user)/utilities/large-files/[[photos=photos]]/[[assetId=id]]/+page.svelte","3067","567115C41C7003FF2346F6F5D058F1308D52E2CA9F7F056F7D0D43E101D0BFCF"
"web/src/routes/(user)/utilities/large-files/[[photos=photos]]/[[assetId=id]]/+page.ts","457","6D9DB5EAAEC257F443E8207E23F63880CFBD4E85341A8644BF4BFC33C6385556"
"web/src/routes/(user)/utilities/large-files/[[photos=photos]]/[[assetId=id]]/LargeAssetData.svelte","1352","D21699E9342460204D7829590A670468AD065C26B61065C8F047019161249B4C"
"web/src/routes/(user)/utilities/UtilitiesMenu.svelte","2323","87A27B26590C38F00B561D47E5AFA473F929646A7BB390C144D8FBCFF091B84C"
"web/src/routes/(user)/workflows/[workflowId]/+page.svelte","11149","F96520A4388875B0662E5EEC6C8AC2E974A5805C12A233FF65CB4DA686325B7F"
"web/src/routes/(user)/workflows/[workflowId]/+page.ts","763","DF848A35A1B495EE487695C37A1F5096AA69D82B6AB26E6D838EC5380CF6F443"
"web/src/routes/(user)/workflows/[workflowId]/WorkflowJsonEditor.svelte","3636","0B60DB8E417A002E401E71C32F86F33CC84C61A06973D1EC39191794F9907DDC"
"web/src/routes/(user)/workflows/[workflowId]/WorkflowStepCard.svelte","8897","B6051F6B1A317E133EF2C153AB35BD3C5BA7AAE06D710E308190FC4113E422D1"
"web/src/routes/(user)/workflows/[workflowId]/WorkflowStepDragImage.svelte","1204","4459BF3E5C520B7969A760FC50B32A37BA04A57CC3C76BF9747DBB9D2132446D"
"web/src/routes/(user)/workflows/[workflowId]/WorkflowSummary.svelte","4958","1B6E3EAF6691482A59156FD042D28DD25B3C03731DBBA5B78588DE6752C12784"
"web/src/routes/(user)/workflows/+page.svelte","5594","432923FCFDFA1D5CBA0A949FC5009349D8AA4F32E96D5C6FA2B914394420029C"
"web/src/routes/(user)/workflows/+page.ts","551","9A6BBD6D550AF3C51F93C7FA94DF9D55D412014168A4F2AFD9C528351D6E4699"
"web/src/routes/+error.svelte","154","768A7C7647B883FC453EC4FC141E03A93AD041E6AE547E8158741E0A1CFB92E5"
"web/src/routes/+layout.svelte","10779","EBBA5E254177C0D9449F8860C351FC02600A4D86FDB70DDFDD9A0FEE3AEDB0CC"
"web/src/routes/+layout.ts","938","7AF17A65FDCEEC341ED56B2DB1F9BCE89F9A37EF11CBC859D4E4B33A6A42A3DB"
"web/src/routes/+page.svelte","1254","E2D3F8607605D61759721A6288BBCE27E08D3013137B57A78C14BD25CD09BC78"
"web/src/routes/+page.ts","1249","69351A1D829E35F4C41DDA1B2132FA840742E2ACA3E6D6FB1EF853EB68988C9C"
"web/src/routes/admin/+layout.ts","322","93FF07D8503780F493C2F84A63F52D0577FBE78EE8602554F342B41CFEEAA082"
"web/src/routes/admin/+page.svelte","0","E3B0C44298FC1C149AFBF4C8996FB92427AE41E4649B934CA495991B7852B855"
"web/src/routes/admin/+page.ts","207","7C064AB686A4C5A3ED90B3AE510F0F07BAB449E7A851AAF8C5FD5758D32E6EE8"
"web/src/routes/admin/jobs-status/+page.ts","199","6B8796538AF4FAD803D73CD5FFFFE660DD38AF4D99A7510DFCF931980CB43617"
"web/src/routes/admin/library-management/(list)/+layout.svelte","6339","6C21F1A3CB47A61615E3EB8706D1119618C6AFC0FB37BC9FDCE3B0968CA04E24"
"web/src/routes/admin/library-management/(list)/+layout.ts","1088","8DE7024627B06249CBD53098968C4CD3B6874F62A00D6AB7972A9C7C9C56A86C"
"web/src/routes/admin/library-management/(list)/+page.svelte","0","E3B0C44298FC1C149AFBF4C8996FB92427AE41E4649B934CA495991B7852B855"
"web/src/routes/admin/library-management/(list)/new/+page.svelte","1262","06D615D1476D42BE5DC03F5B955A624525F0B2CFF6944F97F799126AF3D32D73"
"web/src/routes/admin/library-management/(list)/new/+page.ts","358","02212173C214BC5C053130C1E9131639800C533DE3ADE58CA158E2E242D54B89"
"web/src/routes/admin/library-management/[id]/+layout.svelte","4842","E3F61C6860B443B979AAC0632A22DCE55B210E3DFE2373CE6CFD967DC6963B01"
"web/src/routes/admin/library-management/[id]/+layout.ts","817","2857B8B13118D2B7895B2FA7B2CD17DA7681233EC2F7847796AA72AAB0F573E0"
"web/src/routes/admin/library-management/[id]/+page.svelte","0","E3B0C44298FC1C149AFBF4C8996FB92427AE41E4649B934CA495991B7852B855"
"web/src/routes/admin/library-management/[id]/+page.ts","362","46B5639BAFABD8D9F934BFD969CE221A6C3F897B5AF89B247EABE26F040BF1E1"
"web/src/routes/admin/library-management/[id]/edit/+page.svelte","926","A1F42A47C9893F639343430D6F483359B1C357C4EA52AF0D9C551FBE43AA020A"
"web/src/routes/admin/library-management/[id]/edit/+page.ts","362","46B5639BAFABD8D9F934BFD969CE221A6C3F897B5AF89B247EABE26F040BF1E1"
"web/src/routes/admin/maintenance/+page.svelte","1276","F69705949974E40A4F062AF395D6C5E05C2D82839390836455362EF647C3192F"
"web/src/routes/admin/maintenance/+page.ts","610","728B86331EB8868294E3E4F92FB83B588B350FC240961D5BDBE2E7C4E853087C"
"web/src/routes/admin/queues/[name]/+page.svelte","2503","C6407BCC67A6246A5689740787DF74AE3C487DC8A546E1596C08B1CC2D5E0A03"
"web/src/routes/admin/queues/[name]/+page.ts","868","3574E88E6026D53E1E1B3A809290BE151928CA1D1C20A4D8805E91E6E73BD77E"
"web/src/routes/admin/queues/[name]/QueueGraph.svelte","3928","0DD545E866B012D3781AED2E559C8A275D872F6A281D8F54CCA98ED990745A5A"
"web/src/routes/admin/queues/+page.svelte","1533","B794C89014F01DE4E457F148CE30614A84A9E7F13B0242B02EC1489D6A0F7D89"
"web/src/routes/admin/queues/+page.ts","442","B76D0027145BB902C9511ADBAD4593EF537613F38A632CD44C2265FFF5D1139A"
"web/src/routes/admin/queues/QueueCard.svelte","7246","F0E223F365F25B15ADD0DE8E4C71D500E9046D7C5C0ECA24F897FD1142240030"
"web/src/routes/admin/queues/QueueCardBadge.svelte","603","3F4A31E27B3B5520CFA3AE0B14536FD11A6940B156BA75F80C66B8EEF6399CFF"
"web/src/routes/admin/queues/QueueCardButton.svelte","1106","6612FD61ADE2EDE64BBBEFFB7202B3661EEFFE75A00584D08F9C8554AF5EB0A9"
"web/src/routes/admin/queues/QueuePanel.svelte","3951","5DE01832A7A0399C37F884C02D2FD745F12E4D6B7522DDACE281F4ACDB9D1577"
"web/src/routes/admin/queues/QueueStorageMigrationDescription.svelte","545","59B4B20E7AA85BC042EA3760ACF5ECA35D9728B204D22756255402D47F62D60B"
"web/src/routes/admin/server-status/+page.svelte","1094","D1BE4764BC43722FF768697390639A8DF9CFF0D1AACD5B8A9B401DB8220C20B0"
"web/src/routes/admin/server-status/+page.ts","560","7E74261AE5BFCEF9EB53DBAD2AD2C5F18072C8EFB87BD415C2C77E47D535A239"
"web/src/routes/admin/server-status/ServerStatisticsPanel.svelte","8647","0B1AD53D1177DF01D9F7E43D7A666524D3F8B8A4377438615FF666A91FE6A0AC"
"web/src/routes/admin/system-settings/+page.svelte","7361","D9AFAB6AD37671E1FE52AE15A801C48D22A304104DB80C6FA021748BBE7A7114"
"web/src/routes/admin/system-settings/+page.ts","539","FCA9F0816C3999D067C70606F0BE3D1C219C4A3F82C0FAD41E3BF468DA19EE8B"
"web/src/routes/admin/system-settings/AuthSettings.svelte","13739","6E8C6EA334DEB013323E2C3DA4BCCA5E69612F215923E393C1FC296CE42B0EDB"
"web/src/routes/admin/system-settings/BackupSettings.svelte","3443","5DFA0D7E6345EB5B0E5CE90397106B401CBE731BABA7539A7DB4264FA4DD26A8"
"web/src/routes/admin/system-settings/FFmpegSettings.svelte","16804","8579DB7E8560E92041D7F84679C387F79E55BDCEF0EE8E4707B59BF6D4B76B0C"
"web/src/routes/admin/system-settings/ImageSettings.svelte","9500","FC29EAC650CF1580BFBC9EDFF96DCCE7A648C7BC8DFAED20F747CA4A21721FF7"
"web/src/routes/admin/system-settings/JobSettings.svelte","3712","B97A41D8A02C360327F88E2BA683B6A111A474569C659745E7FF17A265C3E824"
"web/src/routes/admin/system-settings/LibrarySettings.svelte","4028","31CE442DE4B4385EB8A3C176DFD0AD5683C2688EED3DEAA10FB67B77114C6EDC"
"web/src/routes/admin/system-settings/LoggingSettings.svelte","1897","372A9E4DE7B88FB3C748828349319E486D6CABB622A733FE490611F8CA4E63A2"
"web/src/routes/admin/system-settings/MachineLearningSettings.svelte","15603","D240C2D9BCC5764AE193C83E1C66D80FB4440AC2533D423CE2D8F4B2276C8C3B"
"web/src/routes/admin/system-settings/MapSettings.svelte","3448","2E808E24751093405ECBFB43AD5D3C2C0411546E9D68CA85E3F68AB7FEDF9027"
"web/src/routes/admin/system-settings/MetadataSettings.svelte","1177","6CFE9A047E3042507AD54E2AF07468631BB06CBDDD14064824CC5798CD8BE9C1"
"web/src/routes/admin/system-settings/NewVersionCheckSettings.svelte","1173","1FD96D129F11ADB1D8733A096367018CCFE8E3E002C61D764B69444987A344DD"
"web/src/routes/admin/system-settings/NightlyTasksSettings.svelte","2958","A8879333BDC35F89698D212F3E8F18D0F84757F970D9A0F3C6D77E706547C674"
"web/src/routes/admin/system-settings/NotificationSettings.svelte","7218","6D942BEC33C5269417F11FB4C9CA5E631BAB7E7F7987A9A565DECFABDB4045D6"
"web/src/routes/admin/system-settings/ServerSettings.svelte","2104","353245F03A9D98DE1410A18F25451D1956A53DED6576A35B5542BFDC5D0E1831"
"web/src/routes/admin/system-settings/SettingCheckboxes.svelte","1722","33EB34D7257EE5E454C3CDC36475AE99E9BD82E7D3B7C6F9A21E13F5A6A34650"
"web/src/routes/admin/system-settings/SettingSelect.svelte","2147","036E4CA44C6DFD4F1B16424D13F38F827D8E57D81CE77BD5DD3ED31A4348AA90"
"web/src/routes/admin/system-settings/SettingTextarea.svelte","1589","D645D1D9AFBBD6D882DF885657E97109E019DC1C70D53A1666979605DE7483E2"
"web/src/routes/admin/system-settings/TemplateSettings.svelte","3966","6402009126E0FCB5EB919625E4AA30553599B23D7FFE24773E393A2F0C89BF37"
"web/src/routes/admin/system-settings/ThemeSettings.svelte","1228","AFFE0524388BB75C710A25AAECED38B81C7778A36DB02E560A13C631AD456B47"
"web/src/routes/admin/system-settings/TrashSettings.svelte","1700","58647FAAE4596B714C5AEC56D18DF9BD3ADA2111B39A68CF0CD191FB025AC46A"
"web/src/routes/admin/system-settings/UserSettings.svelte","1416","4C157DEABE2C22425914BCFD9E31DFF9072B4D6CEA9117DB72DF05F989CB285A"
"web/src/routes/admin/user-management/+page.ts","198","EC095C688E552FECE5A373CBD4D2DA6E5E5256BBAD8AFCC603D86AA8249E7C7E"
"web/src/routes/admin/users/(list)/+layout.svelte","3736","407000BDCAEE9B90A7CCC0E9428042F07A35BBE41AFB7DCB7E3CE0CC86ACAC36"
"web/src/routes/admin/users/(list)/+layout.ts","535","30B155A1638802267A46EB38DC95C8CF03D5C976E12AEAE3660BDAA2E43A609F"
"web/src/routes/admin/users/(list)/+page.svelte","0","E3B0C44298FC1C149AFBF4C8996FB92427AE41E4649B934CA495991B7852B855"
"web/src/routes/admin/users/(list)/new/+page.svelte","3592","890B9560BEB5E65E683B88C8D3C4DF66FE65AD67DA2BEEC842B3C98880EB2599"
"web/src/routes/admin/users/(list)/new/+page.ts","361","029E8748403E098E599BF4902A808CFD311C67B7A524AA1A380A5F160405D110"
"web/src/routes/admin/users/[id]/+layout.svelte","8078","932AF715D2E6595375A9BED16CAE806E5FAB3447FA2FEA0B00473D376C6F49AB"
"web/src/routes/admin/users/[id]/+layout.ts","1174","F0D538584E98A964E9FD434A53F41326F3AB409D08A62F35B91801D1C763A3C6"
"web/src/routes/admin/users/[id]/+page.svelte","0","E3B0C44298FC1C149AFBF4C8996FB92427AE41E4649B934CA495991B7852B855"
"web/src/routes/admin/users/[id]/+page.ts","358","2067B03F501E7B7A27F207375AC2FBDFE4117A71273747AC63C14B6008626D27"
"web/src/routes/admin/users/[id]/edit/+page.svelte","2866","B6A29C558F308229F474C770E1A9AEE767FE4592D653D98E248E2069813610EA"
"web/src/routes/admin/users/[id]/edit/+page.ts","359","C5AB9C227D5547A62A750F6ED11DF08FA44BC0EDB3C0E7A17C1698F901F28121"
"web/src/routes/admin/users/[id]/FeatureSetting.svelte","445","73338E1D9EB4BB44153DCB5111E0EC66ED99CEA0254BD01B95326A121D756491"
"web/src/routes/auth/change-password/+page.svelte","1870","1D157334BA1F84962188ECFAE7B924039A043D27EE5E09DC13A8A9C03ED6365E"
"web/src/routes/auth/change-password/+page.ts","569","FF1C552240712B9B8F592F5DC5CB212372B47AE71ECCE87DDE264D1E8047870D"
"web/src/routes/auth/login/+page.svelte","5895","6BD5E6DA4C6A1A4FF05690631BC14E0FDA3C7998E072B10C5023827861840DEF"
"web/src/routes/auth/login/+page.ts","787","3061100EF49250A8E0C1E793808F413D646A5883943BB494FF208F4C5C3B7E97"
"web/src/routes/auth/logout/+page.svelte","284","9CAC8ADCC68B480EFE29B25DE53D76C98A5171E252E9AECC01B9A10154FE76C3"
"web/src/routes/auth/onboarding/+page.svelte","6039","28857DF16A0893DB688295D36B10BD49013412BC8ED4AE446AC1AA9E39BDF572"
"web/src/routes/auth/onboarding/+page.ts","334","CD010CEC317B1D1C925F8655AA206963F6A6095C42340A2C4C9A06B2CB4657C7"
"web/src/routes/auth/onboarding/OnboardingBackup.svelte","2060","52CC041B809FD81748BC254AF888EBAD502FE04CD043FDF029C3CC87DC721DAE"
"web/src/routes/auth/onboarding/OnboardingCard.svelte","2074","DA2E9AEE9AD907F99E49F7023BF5F354571D91CF546DA73F53650F82CCCE24B0"
"web/src/routes/auth/onboarding/OnboardingHello.svelte","859","6A38692D5335BD4BA05D718972F1912F446E8CEB5CB4AC828CC74D1AFE5B3DDB"
"web/src/routes/auth/onboarding/OnboardingLanguage.svelte","310","998DAF4C5A931C0C0CCD7EE74B8768598498405C5DE1256B6F4F0165B53658EF"
"web/src/routes/auth/onboarding/OnboardingMobileApp.svelte","838","B183D2EA1F480D7EDD987A56F637D18DFCEFBBFBC1DCD338123E1CF6B35DC58C"
"web/src/routes/auth/onboarding/OnboardingServerPrivacy.svelte","1041","ADD740CCCD909ED098C25495BFA5BF0192A628AD33B26D0C9919288EBC32E0B9"
"web/src/routes/auth/onboarding/OnboardingStorageTemplate.svelte","706","292B4C5A4DCD5DAE1E75DA8E18A5AEBA657D8D9F0BBDF11C0D491D739F3BAC32"
"web/src/routes/auth/onboarding/OnboardingTheme.svelte","1486","82BEDDE5D5C8627051EE6AA629BFA710AFB931DE0728B10253CA44FB882F311C"
"web/src/routes/auth/onboarding/OnboardingUserPrivacy.svelte","990","31FE1000720CFC77B64F01A7C6EE0431A2048A5686B078F65417B42A9EC94088"
"web/src/routes/auth/pin-prompt/+page.svelte","2556","473F8E4CBD2FE1F64B8D6E3664A6FFF34C5B847FF0FDD33C7683B3172B9BA929"
"web/src/routes/auth/pin-prompt/+page.ts","563","A545BD8C0DBC650ACAD8BA824E37A1416EB45DBC221144D03DF80F4F5D5C7CC5"
"web/src/routes/auth/register/+page.svelte","2586","122C28BEBE4D520ACAC544C6C3FE56DCB5DFDA1709686EA639EEF9EAC52844FD"
"web/src/routes/auth/register/+page.ts","587","49D8ABA6B2D0C06E06100BD2533039007BAA1F517A04A8E99AE2E425189F3207"
"web/src/routes/DownloadPanel.svelte","2430","D5E540449AAA1972BB832F41F7F7781703E1219B03A8225AFA2F27A4A403728F"
"web/src/routes/ErrorLayout.svelte","2933","451308AD3F633025ABD203BF63C83134A6E298A46A34F3D28611E68FE5CB6666"
"web/src/routes/link/+page.ts","1528","D12171774C1E6E86DDA58345A41FB27CDC948F5E6A5FCE0AB64D6596F333A2A7"
"web/src/routes/maintenance/+page.svelte","3250","EEB591DE88181135319370A7C97B39E8A61EF7E514AF109580E1127B377D0DB4"
"web/src/routes/maintenance/+page.ts","509","DCF54671706D120A755F78C99FA2841819BE2949F538DFD7BB5B22DEF4181D95"
"web/src/routes/maintenance/MaintenanceRestoreFlow.svelte","501","A9CE460508DCF58854C6FDC5C70BD1A859480A2E5742BB90245B5A86B21294D5"
"web/src/routes/maintenance/RestoreFlowDetectInstall.svelte","3789","ED9F5F2B78D4D6CDEE4935786EFD772F86E6A54364CB7AEFB25EE700A21BFDBA"
"web/src/routes/maintenance/RestoreFlowSelectBackup.svelte","871","EE445D0712D76187F3225ECE1E464CD31313E5A3F6553B516B9EA03D72822C31"
"web/src/routes/NavigationLoadingBar.svelte","750","BA94F23984E235E9627600B050D787A4F5682B83BC2B32C73DA9CDCAF657661E"
"web/src/routes/UploadAssetPreview.svelte","4567","4122E384558AEC8786C042EC8577C618FE2BB1E16C862434E8B703695BB592C7"
"web/src/routes/UploadPanel.svelte","6028","6CF1DB01C6F1C6976E21746360183BC683721AE5AFEB9D20E51E8C3255687B42"
"web/src/routes/VersionAnnouncement.svelte","1334","FAC9E22883BC7BD1B5947D87ADD965CB29CFD4C2E6C0DCFAB83A223CA69E549C"
"web/src/service-worker/index.ts","1163","6F0F2B8575727D7E0205D642339595A306DBBFE8090E5E8DB10056578BDC6E2D"
"web/src/service-worker/messaging.ts","745","EE9A9DC022DAF77E8EB5A84D10095A91F9C4EE1388F6449CA656577582CB4064"
"web/src/service-worker/request.ts","2575","892FBEBF22D476556F18521E2277ECAF1DE7E92B7CA93C976B62D1D8F8E8B01D"
"web/src/test-data/factories/album-factory.ts","646","AB15E2F37BC7031E4FB6796410EBADE2B17211175E8E2818B8505BBD7EF03B87"
"web/src/test-data/factories/asset-factory.ts","4069","6E5061C74D7EDD2F307D497E2FF8D16AE93FC549261C3B283885299D04F7126A"
"web/src/test-data/factories/person-factory.ts","538","17FC964865A6BA9AD5486A51F10181A684B61953EC2A870C53338E736F4AD4A6"
"web/src/test-data/factories/preferences-factory.ts","877","A1DAC9A5C7C896FD46508324A7534195739D378FFE1590998DD714395C0F6D6B"
"web/src/test-data/factories/shared-link-factory.ts","867","7498A753EF9F30CA00D04E7B61625932273B1457518355C3D334724D080ABC08"
"web/src/test-data/factories/user-factory.ts","1337","83198ECBE7F04AC10BAEB9EE215EC1BD5F2B67FD1C2E8452B94848011D1F288C"
"web/src/test-data/mocks/UserPageLayout.mock.svelte","253","963C0C42B8B0CEAE7E945A19A7738D684756259FE2F768C493D1896A93D6B0CE"
"web/src/test-data/setup.ts","710","DC7C1E6C038BF0D763A2AE8738FAD2D88EC0BEBB742E208A6148CAC93A310F16"
"web/static/.well-known/security.txt","374","73D31F47DEB04F95B2A67665EAEBB1961A2E4E3AD39C448ABCD66437475A844D"
"web/static/apple-icon-180.png","6358","77127631BCA644C4D0F33F72655886B2621483A0FF0F0632B7BF97D5F9E3E288"
"web/static/dark_skeleton.png","4988","7CDABE7441B655A5FB3C50F5CF7520935A92E611894568E490A3CF1C5C270796"
"web/static/favicon.ico","15086","119291EA6CCFCCFD15B30043F0357073DFCDCE36BEE67BAFD2D3C0DD85F447C9"
"web/static/favicon.png","17141","A4CDA3DF8FE52CCF11431CF691EBBFCBC3694D4D8B4D922D6AE43FEDF25C43FF"
"web/static/favicon-144.png","5067","FE7DDBA6134BA9432B990017E9F3BC87EDE1E61086A5429BDD480953B54CCD8C"
"web/static/favicon-16.png","618","485D6E877CF1881B76A145306E4422A9DEFB49ABAF733FD9249C4C0B8E5897BF"
"web/static/favicon-32.png","1181","60816D585E623D067D5B9F0DF6E2DACA3E48D64AA18ED59279DBC172E7109393"
"web/static/favicon-48.png","1751","5068FC89AD05D510E6ABB98718393690A1DD7B3BE637F02C9F2E9015BC4D7244"
"web/static/favicon-96.png","3446","424BD49433261ADA190B3724665342FAA69FC4164170305BD4B24760D634399F"
"web/static/feature-panel.png","776346","EAA581B600F413C14901CF3EB6BC557B2C3086AC03F22B92C3160BFAFA5AF7E1"
"web/static/light_skeleton.png","4989","F3A6D31B364DF766A4F8FF0C7948682E01D901DD9F01F6E09597AEFA64B1A93F"
"web/static/manifest.json","884","FD8A264C87C27E62941710F5FFEDB8DF1142583A1130F3C656F66402A1899C34"
"web/static/manifest-icon-192.maskable.png","5198","BAA44B70903C4775B10F96F1FE60BAB10E575B24759FF4AF18DFB1A9F3934ABB"
"web/static/manifest-icon-512.maskable.png","13544","552D2FBAC4E0AF47266E76D2BFE7EC2AA48578887D28321D36BF4D6BF6E7949F"
"web/static/robots.txt","166","49EC147E7E13CCDF021F663448A2349CF8250D9AA56B7223B95CAB018A94F133"
"web/svelte.config.js","1241","B3047ABDA9E5E9B10099D9F89649502A234D4A9995F93F12514A86E6949FD693"
"web/tests/helpers.ts","465","3C4DAF082D095FA9BD5F5C8D8371EF3EAA4DA619E0FFF59289DB1489BFC3AE32"
"web/tsconfig.json","492","BA3065E12D562020008B411151E6FCE7D5580B37F3138961788AF46A55FC5BE4"
"web/vite.config.ts","1795","099FC93672068F47944D5716B9D9C0215568B7623D839B5A168B75C2DD8A3932"
