canonical_id,canonical_capability,primary_implementation_phase,integration_verification_phases,removal_phase,release_validation_phase,global_invariant_links,mapping_rationale,reviewer_status,exception_status,previous_capability,previous_primary_phase
CAN-FAIL-01,Media format classification,I4,I4;I15,I15,I15,,"Separated the prohibition, control, evidence, and fixture gate from the historical audit paragraph.",REVIEWED_CORRECTED,NONE,Desktop shell,I2
CAN-FAIL-02,Active-plan authority adoption,I0,I0;I15,,,,Converted a governance audit paragraph into an observable completion prohibition.,REVIEWED_CORRECTED,NONE,Planning and verification governance,
CAN-FAIL-03,Typed frontend command bridge,I2,I2;I15,I15,I15,,Assigned the failure to the typed frontend bridge instead of a generic shell paragraph.,REVIEWED_CORRECTED,NONE,Desktop shell,I2
CAN-FAIL-04,Sidecar write protocol,I3,I10;I15,I15,I15,,Separated XMP authority and degraded behavior from history.,REVIEWED_CORRECTED,NONE,Metadata,I10
CAN-FAIL-05,Event filesystem materialization plan,I6,I6;I15,I15,I15,,Assigned the prohibition to event filesystem materialization.,REVIEWED_CORRECTED,NONE,Events and organization,I6
CAN-FAIL-06,Face clustering and curation,I7,I10;I15,I15,I15,,Moved the control from generic AI wording to face-cluster curation.,REVIEWED_CORRECTED,NONE,Local AI worker,I10
CAN-FAIL-07,Private local worker transport,I10,I10;I15,I15,I15,,Assigned the prohibition to the private worker transport package.,REVIEWED_CORRECTED,NONE,Metadata,I10
CAN-FAIL-08,Stable asset identity,I3,I6;I15,I15,I15,,Reduced the audit paragraph to a write-once identity requirement.,REVIEWED_CORRECTED,NONE,Metadata,I6
CAN-FAIL-09,Legacy replacement verification and removal,I15,I0;I15,,,,Created an explicit removal package and order gate.,REVIEWED_CORRECTED,NONE,Planning and verification governance,
CAN-FAIL-10,Derived-index rebuild contract,I3,I3;I15,I15,I15,,Separated durable authority from the destructive test setup.,REVIEWED_CORRECTED,NONE,Local data authority,I3
CAN-FAIL-11,Event filesystem materialization plan,I6,I6;I15,I15,I15,,Assigned the rule to the filesystem materialization boundary.,REVIEWED_CORRECTED,NONE,Events and organization,I6
CAN-FAIL-12,Photographer camera-owner importer attribution,I8,I8;I15,I15,I15,,Assigned the rule to the attribution schema and importer.,REVIEWED_CORRECTED,NONE,Metadata,I8
CAN-FAIL-13,Event authoritative records,I6,I7;I15,I15,I15,,Assigned the boundary to authoritative event records.,REVIEWED_CORRECTED,NONE,Asset viewer,I7
CAN-FAIL-14,Temporal group memberships,I7,I7;I15,I15,I15,,Separated temporal behavior from schema-history prose.,REVIEWED_CORRECTED,NONE,People and faces,I7
CAN-FAIL-15,Group identity model,I7,I8;I15,I15,I15,,Assigned hierarchy authority to the group identity model.,REVIEWED_CORRECTED,NONE,People and faces,I8
CAN-FAIL-16,Pending sidecar overlays,I12,I12;I15,I15,I15,,Converted failure history into a detached-overlay state machine.,REVIEWED_CORRECTED,NONE,Libraries and storage,I12
CAN-FAIL-17,Date and location boundaries,I6,I6;I15,I15,I15,,Assigned the control to date and location boundaries.,REVIEWED_CORRECTED,NONE,Events and organization,I6
CAN-FAIL-18,AI review suppression and invalidation,I10,I10;I15,I15,I15,,"Separated suppression identity, allowed reopening, and history.",REVIEWED_CORRECTED,NONE,Review Centre,I10
CAN-FAIL-19,Active-plan authority adoption,I0,I0;I15,,,,Converted the audit prose into a status transition invariant.,REVIEWED_CORRECTED,NONE,Planning and verification governance,
CAN-FAIL-20,Crash recovery engine,I3,I10;I15,I15,I15,,Assigned the control to the crash recovery engine.,REVIEWED_CORRECTED,NONE,Metadata,I10
CAN-FAIL-21,Cross-platform path adapters,I12,I4;I15,I15,I15,,Assigned the prohibition to cross-platform path adapters.,REVIEWED_CORRECTED,NONE,Libraries and storage,I4
CAN-FAIL-22,Final outbound-traffic verification,I15,I13;I15,I15,I15,,Mapped the scope prohibition to final outbound verification.,REVIEWED_CORRECTED,NONE,Sharing and mobile backup,I13
CAN-FAIL-23,Active-plan authority adoption,I0,I2;I15,I15,I15,,Reclassified model-workflow history as a planning execution invariant.,REVIEWED_CORRECTED,NONE,Authentication and users,I2
CAN-FAIL-24,Active-plan authority adoption,I0,I4;I15,I15,I15,,Converted informal workflow prose into a no-write invariant.,REVIEWED_CORRECTED,NONE,Libraries and storage,I4
CAN-FAIL-25,Relationship projections and views,I8,I8;I15,I15,I15,,Assigned projection behavior to the relationship view package.,REVIEWED_CORRECTED,NONE,People and faces,I8
CAN-FAIL-26,Non-destructive edit recipes,I11,I11;I15,I15,I15,,Separated edit authority from historical audit commentary.,REVIEWED_CORRECTED,NONE,Editing,I11
CAN-FAIL-27,Active-plan authority adoption,I0,I0;I15,,,,Mapped the historical failure to active-plan write authority.,REVIEWED_CORRECTED,NONE,Planning and verification governance,
CAN-FAIL-28,Authority-aware metadata editor,I11,I6;I15,I15,I15,,Assigned conflict handling to the authority-aware editor.,REVIEWED_CORRECTED,NONE,Metadata,I6
CAN-FAIL-29,AI task queue persistence,I10,I10;I15,I15,I15,,Assigned state authority to AI task persistence.,REVIEWED_CORRECTED,NONE,Local AI worker,I10
CAN-FAIL-30,Simulation and materialization,I9,I3;I15,I15,I15,,Assigned physical execution to the simulation/materialization package.,REVIEWED_CORRECTED,NONE,Local data authority,I3
CAN-FAIL-31,Trash and permanent-delete operations,I13,I13;I15,I15,I15,,Assigned the rule to trash and permanent-delete operations.,REVIEWED_CORRECTED,NONE,Editing,I13
CAN-FAIL-32,Active-plan authority adoption,I0,I0;I15,,,,Replaced ambiguous autonomy prose with bounded package transition rules.,REVIEWED_CORRECTED,NONE,Planning and verification governance,
CAN-LAM-AI-001,Local AI worker,,I10;I15,,I15,,Not applicable: generated broad template is superseded and cannot own implementation.,NOT_APPLICABLE,NOT_APPLICABLE,Local AI worker,I10
CAN-LAM-AI-002,Libraries and storage,,I0;I15,,,,Not applicable: generated broad template is superseded and cannot own implementation.,NOT_APPLICABLE,NOT_APPLICABLE,Libraries and storage,
CAN-LAM-AI-003,Jobs and notifications,,,,,,Reviewed as a non-implementation record or independent gate; no primary implementation phase is assigned.,NOT_APPLICABLE,NONE,Jobs and notifications,
CAN-LAM-AI-004,Metadata,,,,I15,CAN-LAM-AI-004,Not applicable: generated broad template is superseded and cannot own implementation.,NOT_APPLICABLE,NOT_APPLICABLE,Metadata,
CAN-LAM-AI-005,Planning and verification governance,,,,I15,,Not applicable: generated broad template is superseded and cannot own implementation.,NOT_APPLICABLE,NOT_APPLICABLE,Local data authority,
CAN-LAM-AI-006,Sidecars and metadata authority,I3,I4;I15,,I15,CAN-LAM-AI-006,"Reviewed as Authoritative Data and Transaction Foundation work because the obligation's primary implementation surface is Sidecars and metadata authority; integration verification, removal, and release responsibilities remain separate.",REVIEWED_CORRECTED,NONE,Metadata,I4
CAN-LAM-AI-007,Review Centre,,I10;I15,,I15,CAN-LAM-AI-007,Not applicable: generated broad template is superseded and cannot own implementation.,NOT_APPLICABLE,NOT_APPLICABLE,Review Centre,I10
CAN-LAM-AI-008,Local AI worker,,I10;I15,,I15,,Reviewed as a final-state prohibition; replacement implementation and I15 removal validation are represented separately.,REVIEWED_CORRECTED,NONE,Local AI worker,I10
CAN-LAM-AI-009,Review Centre,,I10;I15,,I15,,Not applicable: generated broad template is superseded and cannot own implementation.,NOT_APPLICABLE,NOT_APPLICABLE,Review Centre,I10
CAN-LAM-AI-010,Local AI worker,,I0;I15,,,,Not applicable: generated broad template is superseded and cannot own implementation.,NOT_APPLICABLE,NOT_APPLICABLE,Local AI worker,
CAN-LAM-AI-011,Local data authority,,I10;I15,,I15,,Not applicable: generated broad template is superseded and cannot own implementation.,NOT_APPLICABLE,NOT_APPLICABLE,Metadata,I10
CAN-LAM-AI-012,Local data authority,,I8;I15,,I15,,Not applicable: generated broad template is superseded and cannot own implementation.,NOT_APPLICABLE,NOT_APPLICABLE,Metadata,I8
CAN-LAM-AI-013,Local AI worker,,I0;I15,,,,Not applicable: generated broad template is superseded and cannot own implementation.,NOT_APPLICABLE,NOT_APPLICABLE,Local AI worker,
CAN-LAM-AI-014,Local OCR,I10,I10;I15,,I15,,"Statement is already record-specific and observable (OCR text stored with asset identity, source region, model version, provenance); it does not reproduce a legacy template.",REVIEWED_CONFIRMED,NONE,Local OCR,I10
CAN-LAM-AI-015,Planning and verification governance,,,,I15,,Not applicable: generated broad template is superseded and cannot own implementation.,NOT_APPLICABLE,NOT_APPLICABLE,People and faces,
CAN-LAM-AI-016,Local AI worker,,I10;I15,,I15,,Not applicable: fragment is retained only as source provenance.,NOT_APPLICABLE,NOT_APPLICABLE,Local AI worker,I10
CAN-LAM-AI-017,Search and OCR,I10,I10;I15,,I15,,Label names OCR detection; rewrite adds provenance storage and failure reporting.,REVIEWED_CORRECTED,NONE,Search and OCR,I10
CAN-LAM-AI-018,Duplicates,I10,I10;I15,,I15,,"Final statement creates duplicate candidates from local analysis; capability is Duplicates, not Review Centre.",REVIEWED_CORRECTED,NONE,Review Centre,I10
CAN-LAM-AI-019,Local AI worker,,I10;I15,,I15,,Not applicable: fragment is retained only as source provenance.,NOT_APPLICABLE,NOT_APPLICABLE,Local AI worker,I10
CAN-LAM-AI-020,Media ingestion and derivation,I4,I6;I15,,I15,,"Reviewed as Media Discovery and Derived Index work because the obligation's primary implementation surface is Media ingestion and derivation; integration verification, removal, and release responsibilities remain separate.",REVIEWED_CORRECTED,NONE,Metadata,I6
CAN-LAM-AI-021,Planning and verification governance,,,,I15,,Not applicable: generated broad template is superseded and cannot own implementation.,NOT_APPLICABLE,NOT_APPLICABLE,Asset viewer,
CAN-LAM-AI-022,People and faces,I7,I7;I15,,I15,,"Reviewed as People, Faces, and Groups work because the obligation's primary implementation surface is People and faces; integration verification, removal, and release responsibilities remain separate.",REVIEWED_CORRECTED,NONE,Asset viewer,I7
CAN-LAM-AI-023,People and faces,I7,I7;I15,,I15,,Label names the complete-group-model obligation; rewrite states the model contents and preservation result.,REVIEWED_CORRECTED,NONE,People and faces,I7
CAN-LAM-AI-024,Tags,,I10;I15,,I15,CAN-LAM-AI-024,Not applicable: generated broad template is superseded and cannot own implementation.,NOT_APPLICABLE,NOT_APPLICABLE,Jobs and notifications,I10
CAN-LAM-AI-025,Review Centre,,I8;I15,,I15,,Reviewed as a final-state prohibition; replacement implementation and I15 removal validation are represented separately.,REVIEWED_CORRECTED,NONE,Review Centre,I8
CAN-LAM-AI-026,Review Centre,,I10;I15,,I15,,Not applicable: generated broad template is superseded and cannot own implementation.,NOT_APPLICABLE,NOT_APPLICABLE,Review Centre,I10
CAN-LAM-AI-027,Local data authority,I3,I10;I15,,I15,,Authority-matrix entry; reclassified as a rebuildability constraint.,REVIEWED_CORRECTED,NONE,Local data authority,I3
CAN-LAM-AI-028,Local AI worker,I10,I10;I15,,I15,,Label names AI status; rewrite adds typed status reporting and no-mutation.,REVIEWED_CORRECTED,NONE,Local AI worker,I10
CAN-LAM-AI-029,Search and OCR,I10,I10;I15,,I15,,Label names AI-state search; rewrite adds provenance and stale reporting.,REVIEWED_CORRECTED,NONE,Search and OCR,I10
CAN-LAM-AI-030,Search and OCR,I10,I10;I15,,I15,,Label names OCR-text search; rewrite adds match and provenance results.,REVIEWED_CORRECTED,NONE,Search and OCR,I10
CAN-LAM-AI-031,Jobs and notifications,I10,I10;I15,,I15,,Label names AI review queues; rewrite adds typed state and no-false-success.,REVIEWED_CORRECTED,NONE,Jobs and notifications,I10
CAN-LAM-AI-032,Local AI worker,I10,I10;I15,,I15,,Label names model identity; rewrite adds task-record storage and invalidation.,REVIEWED_CORRECTED,NONE,Local AI worker,I10
CAN-LAM-AI-033,Local AI worker,I10,I10;I15,,I15,,Label names model version; rewrite adds task-record storage and invalidation.,REVIEWED_CORRECTED,NONE,Local AI worker,I10
CAN-LAM-AI-034,Metadata,,,,,,Reviewed as a non-implementation record or independent gate; no primary implementation phase is assigned.,NOT_APPLICABLE,NONE,Metadata,
CAN-LAM-AI-035,Search and OCR,I10,I10;I15,,I15,,"Reviewed as Local AI, Search, and Duplicates work because the obligation's primary implementation surface is Search and OCR; integration verification, removal, and release responsibilities remain separate.",REVIEWED_CONFIRMED,NONE,Search and OCR,I10
CAN-LAM-AI-036,Relationships and attribution,,I10;I15,,I15,,Not applicable: generated broad template is superseded and cannot own implementation.,NOT_APPLICABLE,NOT_APPLICABLE,Jobs and notifications,I10
CAN-LAM-AI-037,Planning and verification governance,,,,I15,,Not applicable: generated broad template is superseded and cannot own implementation.,NOT_APPLICABLE,NOT_APPLICABLE,Local AI worker,
CAN-LAM-AI-038,Metadata,,I10;I15,,I15,,Not applicable: generated broad template is superseded and cannot own implementation.,NOT_APPLICABLE,NOT_APPLICABLE,Metadata,I10
CAN-LAM-AI-039,Duplicates,I10,I10;I15,,I15,,Label names similar-photo candidates; rewrite adds evidence and no-mutation results.,REVIEWED_CORRECTED,NONE,Duplicates,I10
CAN-LAM-AI-040,Review Centre,,I10;I15,,I15,,Reviewed as a final-state prohibition; replacement implementation and I15 removal validation are represented separately.,REVIEWED_CORRECTED,NONE,Review Centre,I10
CAN-LAM-AI-041,Review Centre,,I5;I15,,I15,,Reviewed as a final-state prohibition; replacement implementation and I15 removal validation are represented separately.,REVIEWED_CORRECTED,NONE,Review Centre,I5
CAN-LAM-AI-042,Metadata,I8,I8;I15,,I15,,Privacy-field label; rewrite adds deletion and rebuild results.,REVIEWED_CORRECTED,NONE,Metadata,I8
CAN-LAM-AI-043,Review Centre,I5,I5;I15,,I15,,Originals label; rewrite adds persistence and exclusion.,REVIEWED_CORRECTED,NONE,Review Centre,I5
CAN-LAM-AI-044,Search and OCR,I10,I10;I15,,I15,,Originals label; rewrite adds rebuildability and stale reporting.,REVIEWED_CORRECTED,NONE,Search and OCR,I10
CAN-LAM-AI-045,Asset identity and records,I3,I3;I15,,I15,,"Reviewed as Authoritative Data and Transaction Foundation work because the obligation's primary implementation surface is Asset identity and records; integration verification, removal, and release responsibilities remain separate.",REVIEWED_CORRECTED,NONE,Metadata,I3
CAN-LAM-AI-046,Local AI worker,I10,I10;I15,,I15,,Architecture label; rewrite adds reuse and gate equivalence.,REVIEWED_CORRECTED,NONE,Local AI worker,I10
CAN-LAM-AI-047,Packaging and legacy eradication,,I2;I14;I15,,I15,,Not applicable: generated broad template is superseded and cannot own implementation.,NOT_APPLICABLE,NOT_APPLICABLE,Desktop shell,I2
CAN-LAM-AI-048,Legal and rebranding,I1,I10;I15,,I15,,Mandatory correction: the label was routed through the local-worker inference template; rewrite restores the licence-inventory and release-blocking meaning.,REVIEWED_CORRECTED,NONE,Legal and rebranding,I1
CAN-LAM-AI-049,Metadata,,I10;I15,,I15,,Not applicable: generated broad template is superseded and cannot own implementation.,NOT_APPLICABLE,NOT_APPLICABLE,Metadata,I10
CAN-LAM-AI-050,Local data authority,,,I15,I15,,Not applicable: generated broad template is superseded and cannot own implementation.,NOT_APPLICABLE,NOT_APPLICABLE,Local data authority,
CAN-LAM-AI-051,Local AI worker,,,I15,I15,,Not applicable: generated broad template is superseded and cannot own implementation.,NOT_APPLICABLE,NOT_APPLICABLE,Local AI worker,
CAN-LAM-AI-052,Planning and verification governance,,,I15,I15,,Not applicable: generated broad template is superseded and cannot own implementation.,NOT_APPLICABLE,NOT_APPLICABLE,Planning and verification governance,
CAN-LAM-AI-053,Local data authority,,I0;I15,,,,Not applicable: generated broad template is superseded and cannot own implementation.,NOT_APPLICABLE,NOT_APPLICABLE,Local data authority,
CAN-LAM-AI-054,Desktop shell,,I2;I15,I15,I15,,Not applicable: generated broad template is superseded and cannot own implementation.,NOT_APPLICABLE,NOT_APPLICABLE,Desktop shell,I2
CAN-LAM-AI-055,Administration,,I15,I15,I15,,Not applicable: generated broad template is superseded and cannot own implementation.,NOT_APPLICABLE,NOT_APPLICABLE,Administration,
CAN-LAM-AI-056,Jobs and notifications,,I15,I15,I15,,Not applicable: generated broad template is superseded and cannot own implementation.,NOT_APPLICABLE,NOT_APPLICABLE,Jobs and notifications,
CAN-LAM-AI-057,Administration,,I15,I15,I15,,Not applicable: generated broad template is superseded and cannot own implementation.,NOT_APPLICABLE,NOT_APPLICABLE,Administration,
CAN-LAM-AI-058,Administration,,I15,I15,I15,,Not applicable: generated broad template is superseded and cannot own implementation.,NOT_APPLICABLE,NOT_APPLICABLE,Administration,
CAN-LAM-AI-059,Sharing and mobile backup,,I15,I15,I15,,Not applicable: generated broad template is superseded and cannot own implementation.,NOT_APPLICABLE,NOT_APPLICABLE,Sharing and mobile backup,
CAN-LAM-AI-060,Local AI worker,,I15,I15,I15,,Not applicable: generated broad template is superseded and cannot own implementation.,NOT_APPLICABLE,NOT_APPLICABLE,Local AI worker,
CAN-LAM-AI-061,Local AI worker,,I15,I15,I15,,Not applicable: generated broad template is superseded and cannot own implementation.,NOT_APPLICABLE,NOT_APPLICABLE,Local AI worker,
CAN-LAM-AI-062,Local AI worker,,I15,I15,I15,,Not applicable: generated broad template is superseded and cannot own implementation.,NOT_APPLICABLE,NOT_APPLICABLE,Local AI worker,
CAN-LAM-AI-063,Desktop shell,,I15,I15,I15,,Not applicable: generated broad template is superseded and cannot own implementation.,NOT_APPLICABLE,NOT_APPLICABLE,Desktop shell,
CAN-LAM-AI-064,Administration,,I15,I15,I15,,Not applicable: generated broad template is superseded and cannot own implementation.,NOT_APPLICABLE,NOT_APPLICABLE,Administration,
CAN-LAM-AI-065,Metadata,,I15,I15,I15,,Not applicable: generated broad template is superseded and cannot own implementation.,NOT_APPLICABLE,NOT_APPLICABLE,Metadata,
CAN-LAM-AI-066,Events and organization,,,I15,I15,,Not applicable: generated broad template is superseded and cannot own implementation.,NOT_APPLICABLE,NOT_APPLICABLE,Events and organization,
CAN-LAM-AI-067,Local AI worker,,I15,I15,I15,,Not applicable: generated broad template is superseded and cannot own implementation.,NOT_APPLICABLE,NOT_APPLICABLE,Local AI worker,
CAN-LAM-AI-068,Search and OCR,,I15,I15,I15,,Reviewed as a final-state prohibition; replacement implementation and I15 removal validation are represented separately.,REVIEWED_CONFIRMED,NONE,Search and OCR,
CAN-LAM-AI-069,Local data authority,,I0;I15,,,,Not applicable: generated broad template is superseded and cannot own implementation.,NOT_APPLICABLE,NOT_APPLICABLE,Local data authority,
CAN-LAM-AI-070,People and faces,,I15,I15,I15,,Not applicable: generated broad template is superseded and cannot own implementation.,NOT_APPLICABLE,NOT_APPLICABLE,People and faces,
CAN-LAM-AI-071,Libraries and storage,,I15,I15,I15,,Not applicable: generated broad template is superseded and cannot own implementation.,NOT_APPLICABLE,NOT_APPLICABLE,Libraries and storage,
CAN-LAM-AI-072,Local AI worker,,I15,,I15,,Not applicable: generated broad template is superseded and cannot own implementation.,NOT_APPLICABLE,NOT_APPLICABLE,Local AI worker,
CAN-LAM-AI-073,Local AI worker,,I10;I15,I15,I15,,Not applicable: generated broad template is superseded and cannot own implementation.,NOT_APPLICABLE,NOT_APPLICABLE,Local AI worker,I10
CAN-LAM-AI-074,Planning and verification governance,,,I15,I15,,Not applicable: generated broad template is superseded and cannot own implementation.,NOT_APPLICABLE,NOT_APPLICABLE,Planning and verification governance,
CAN-LAM-AI-075,People and faces,,I7;I15,,I15,,Not applicable: generated broad template is superseded and cannot own implementation.,NOT_APPLICABLE,NOT_APPLICABLE,People and faces,I7
CAN-LAM-AI-076,Relationships and attribution,I8,I8;I15,,I15,,Phase label; rewrite adds persistence and exclusion.,REVIEWED_CORRECTED,NONE,Relationships and attribution,I8
CAN-LAM-AI-077,Local AI worker,,I10;I15,,I15,,Not applicable: generated broad template is superseded and cannot own implementation.,NOT_APPLICABLE,NOT_APPLICABLE,Local AI worker,I10
CAN-LAM-AI-078,Duplicates,,I10;I15,,I15,,Not applicable: generated broad template is superseded and cannot own implementation.,NOT_APPLICABLE,NOT_APPLICABLE,Duplicates,I10
CAN-LAM-AI-079,Review Centre,,I10;I15,,I15,,Not applicable: generated broad template is superseded and cannot own implementation.,NOT_APPLICABLE,NOT_APPLICABLE,Review Centre,I10
CAN-LAM-AI-080,Review Centre,,I0;I15,,,,Not applicable: generated broad template is superseded and cannot own implementation.,NOT_APPLICABLE,NOT_APPLICABLE,Review Centre,
CAN-LAM-AI-081,"Backup, trash, restore and rebuild",I13,I13;I15,,I15,,Phase label; rewrite adds regeneration and preservation.,REVIEWED_CORRECTED,NONE,"Backup, trash, restore and rebuild",I13
CAN-LAM-AI-082,Packaging and legacy eradication,I15,I10;I15,,I15,,Phase label; rewrite adds packaging evidence and release blocking.,REVIEWED_CORRECTED,NONE,Packaging and legacy eradication,I15
CAN-LAM-AI-083,Packaging and legacy eradication,,I10;I15,,I15,,Not applicable: generated broad template is superseded and cannot own implementation.,NOT_APPLICABLE,NOT_APPLICABLE,Local AI worker,I10
CAN-LAM-AI-084,Memories,,I14;I15,,I15,,Reviewed as a final-state prohibition; replacement implementation and I15 removal validation are represented separately.,REVIEWED_CORRECTED,NONE,Memories,I14
CAN-LAM-AI-085,Local AI worker,I10,I10;I15,,I15,,Label names AI resource use; rewrite adds measurable metrics and recording.,REVIEWED_CORRECTED,NONE,Local AI worker,I10
CAN-LAM-AI-086,Legal and rebranding,I1,I10;I15,,I15,,Label names third-party models; rewrite adds licence review and release blocking.,REVIEWED_CORRECTED,NONE,Local AI worker,I10
CAN-LAM-AI-087,Legal and rebranding,I1,I10;I15,,I15,,Legal-label under the rebranding method; rewrite replaces worker-inference wording with licence inventory and release blocking.,REVIEWED_CORRECTED,NONE,Legal and rebranding,I1
CAN-LAM-AI-088,Local AI worker,,I0;I15,,,,Not applicable: generated broad template is superseded and cannot own implementation.,NOT_APPLICABLE,NOT_APPLICABLE,Local AI worker,
CAN-LAM-AI-089,Local AI worker,,I0;I15,,,,Not applicable: generated broad template is superseded and cannot own implementation.,NOT_APPLICABLE,NOT_APPLICABLE,Local AI worker,
CAN-LAM-ARCH-001,Legal and rebranding,I1,I1;I15,,I15,,Rebranding label; rewrite adds consistency and release gating.,REVIEWED_CORRECTED,NONE,Legal and rebranding,I1
CAN-LAM-ARCH-002,Legal and rebranding,,,,,,Reviewed as a non-implementation record or independent gate; no primary implementation phase is assigned.,NOT_APPLICABLE,NONE,Legal and rebranding,
CAN-LAM-ARCH-003,Planning and verification governance,,,,I15,,Not applicable: generated broad template is superseded and cannot own implementation.,NOT_APPLICABLE,NOT_APPLICABLE,Planning and verification governance,
CAN-LAM-ARCH-004,Planning and verification governance,,,,I15,,Not applicable: generated broad template is superseded and cannot own implementation.,NOT_APPLICABLE,NOT_APPLICABLE,Planning and verification governance,
CAN-LAM-ARCH-005,Planning and verification governance,,,,,,Reviewed as a non-implementation record or independent gate; no primary implementation phase is assigned.,NOT_APPLICABLE,NONE,Planning and verification governance,
CAN-LAM-ARCH-006,Planning and verification governance,,I0;I15,,,,Not applicable: generated broad template is superseded and cannot own implementation.,NOT_APPLICABLE,NOT_APPLICABLE,Planning and verification governance,
CAN-LAM-ARCH-007,Planning and verification governance,,,,,,Reviewed as a non-implementation record or independent gate; no primary implementation phase is assigned.,NOT_APPLICABLE,NONE,Planning and verification governance,
CAN-LAM-ARCH-008,Planning and verification governance,,,,,,Reviewed as a non-implementation record or independent gate; no primary implementation phase is assigned.,NOT_APPLICABLE,NONE,Planning and verification governance,
CAN-LAM-ARCH-009,Planning and verification governance,,,,,,Reviewed as a non-implementation record or independent gate; no primary implementation phase is assigned.,NOT_APPLICABLE,NONE,Planning and verification governance,
CAN-LAM-ARCH-010,Planning and verification governance,,,,,,Reviewed as a non-implementation record or independent gate; no primary implementation phase is assigned.,NOT_APPLICABLE,NONE,Planning and verification governance,
CAN-LAM-ARCH-011,Planning and verification governance,,,,,,Reviewed as a non-implementation record or independent gate; no primary implementation phase is assigned.,NOT_APPLICABLE,NONE,Planning and verification governance,
CAN-LAM-ARCH-012,Planning and verification governance,,,,,,Reviewed as a non-implementation record or independent gate; no primary implementation phase is assigned.,NOT_APPLICABLE,NONE,Planning and verification governance,
CAN-LAM-ARCH-013,Planning and verification governance,,,,,,Reviewed as a non-implementation record or independent gate; no primary implementation phase is assigned.,NOT_APPLICABLE,NONE,Planning and verification governance,
CAN-LAM-ARCH-014,Desktop shell,I2,I2;I15,,I15,,"Reviewed as Desktop Shell and Trust Boundary work because the obligation's primary implementation surface is Desktop shell; integration verification, removal, and release responsibilities remain separate.",REVIEWED_CONFIRMED,NONE,Desktop shell,I2
CAN-LAM-ARCH-015,Administration,,I15,I15,I15,,Reviewed as a final-state prohibition; replacement implementation and I15 removal validation are represented separately.,REVIEWED_CONFIRMED,NONE,Administration,
CAN-LAM-ARCH-016,Planning and verification governance,,,,,,Reviewed as a non-implementation record or independent gate; no primary implementation phase is assigned.,NOT_APPLICABLE,NONE,Planning and verification governance,
CAN-LAM-ARCH-017,Planning and verification governance,,,,,,Reviewed as a non-implementation record or independent gate; no primary implementation phase is assigned.,NOT_APPLICABLE,NONE,Planning and verification governance,
CAN-LAM-ARCH-018,Planning and verification governance,,,,,,Reviewed as a non-implementation record or independent gate; no primary implementation phase is assigned.,NOT_APPLICABLE,NONE,Planning and verification governance,
CAN-LAM-ARCH-019,Planning and verification governance,,,,,,"Reviewed as an implementation-agent/governance guardrail, not an application runtime feature.",NOT_APPLICABLE,NONE,Planning and verification governance,
CAN-LAM-ARCH-020,Review Centre,I12,I5;I15,,I15,,Pending sidecar overlay durability and conflict validation belong to the pending-overlay contract.,REVIEWED_CORRECTED,NONE,Review Centre,I5
CAN-LAM-ARCH-021,Filesystem transactions and recovery,I3,I3;I15,,I15,,Label names value preservation; rewrite names the transaction boundary and observable recovery result.,REVIEWED_CORRECTED,NONE,Filesystem transactions and recovery,I3
CAN-LAM-ARCH-022,Local data authority,,I11;I15,,I15,,Not applicable: generated broad template is superseded and cannot own implementation.,NOT_APPLICABLE,NOT_APPLICABLE,Editing,I11
CAN-LAM-ARCH-023,Planning and verification governance,,,,,,Reviewed as a non-implementation record or independent gate; no primary implementation phase is assigned.,NOT_APPLICABLE,NONE,Planning and verification governance,
CAN-LAM-ARCH-024,Duplicates,I10,I10;I15,,I15,,Label names similar-image detection; rewrite adds candidate evidence and no-mutation results.,REVIEWED_CORRECTED,NONE,Duplicates,I10
CAN-LAM-ARCH-025,Tag candidates and review,I8,I8;I15,,I15,,"Statement is already record-specific (proposes or changes a tag, persists namespaced revisioned candidate or approved assignment, preserves prior assignments); it does not reproduce a legacy template.",REVIEWED_CONFIRMED,NONE,Tag candidates and review,I8
CAN-LAM-ARCH-026,Mind-map projections,I9,I9;I15,,I15,,Label names mind maps; rewrite adds derivation and no-mutation results.,REVIEWED_CORRECTED,NONE,Mind-map projections,I9
CAN-LAM-ARCH-027,Albums and favorites,I5,I5;I15,,I15,,"Statement is already record-specific (album membership or favorite state persisted with new revision, UI reflects change, prior membership preserved on failure); it does not reproduce a legacy template.",REVIEWED_CONFIRMED,NONE,Albums and favorites,I5
CAN-LAM-ARCH-028,Gallery and timeline,I5,I5;I15,,I15,,Label names favorites; rewrite adds the local-data and stable-view results.,REVIEWED_CORRECTED,NONE,Gallery and timeline,I5
CAN-LAM-ARCH-029,Memories,I5,I5;I15,,I15,,Label names the Memories product feature; rewrite keeps the product meaning and adds reproducibility.,REVIEWED_CORRECTED,NONE,Memories,I5
CAN-LAM-ARCH-030,Jobs and notifications,I10,I10;I15,,I15,,Label names review queues; rewrite adds typed state and no-false-success rules.,REVIEWED_CORRECTED,NONE,Jobs and notifications,I10
CAN-LAM-ARCH-031,Planning and verification governance,,,,,,Reviewed as a non-implementation record or independent gate; no primary implementation phase is assigned.,NOT_APPLICABLE,NONE,Planning and verification governance,
CAN-LAM-ARCH-032,Planning and verification governance,,,,,,Reviewed as a non-implementation record or independent gate; no primary implementation phase is assigned.,NOT_APPLICABLE,NONE,Planning and verification governance,
CAN-LAM-ARCH-033,Planning and verification governance,,,,,,Reviewed as a non-implementation record or independent gate; no primary implementation phase is assigned.,NOT_APPLICABLE,NONE,Planning and verification governance,
CAN-LAM-ARCH-034,Map and location,I5,I5;I15,,I15,,Label names map results; rewrite adds derivation and no-mutation results.,REVIEWED_CORRECTED,NONE,Map and location,I5
CAN-LAM-ARCH-035,Libraries and storage,,,,,,Reviewed as a non-implementation record or independent gate; no primary implementation phase is assigned.,NOT_APPLICABLE,NONE,Libraries and storage,
CAN-LAM-ARCH-036,Events and organization,I6,I6;I15,,I15,,Label names multi-location events; rewrite adds unity and location recording.,REVIEWED_CORRECTED,NONE,Events and organization,I6
CAN-LAM-ARCH-037,Events and organization,I6,I6;I15,,I15,,Label names multi-day events; rewrite adds unity and confirmation gate.,REVIEWED_CORRECTED,NONE,Events and organization,I6
CAN-LAM-ARCH-038,Sidecars and metadata authority,I3,I8;I15,,I15,,Label names tag records; rewrite adds schema validity and revisioning.,REVIEWED_CORRECTED,NONE,Sidecars and metadata authority,I3
CAN-LAM-ARCH-039,Tags,I8,I8;I15,,I15,,Label names tag suggestion; rewrite adds provenance and approval gate.,REVIEWED_CORRECTED,NONE,Tags,I8
CAN-LAM-ARCH-040,Duplicates,I10,I10;I15,,I15,,Label names similar-image finding; rewrite adds evidence and no-mutation results.,REVIEWED_CORRECTED,NONE,Duplicates,I10
CAN-LAM-ARCH-041,Map and location,I5,I5;I15,,I15,,Label names location suggestion; rewrite adds reviewability and approval gate.,REVIEWED_CORRECTED,NONE,Map and location,I5
CAN-LAM-ARCH-042,Editing,I11,,,I15,,"Label names preview-before-rename; rewrite adds preview, approval, and provenance.",REVIEWED_CORRECTED,NONE,Planning and verification governance,
CAN-LAM-ARCH-043,Editing,I11,,,I15,,"Label names preview-before-move; rewrite adds preview, approval, and scope preservation.",REVIEWED_CORRECTED,NONE,Planning and verification governance,
CAN-LAM-ARCH-044,Events and organization,I6,I6;I15,,I15,,Label names preview-before-merge; rewrite adds preview and approval.,REVIEWED_CORRECTED,NONE,Events and organization,I6
CAN-LAM-ARCH-045,Events and organization,I6,I6;I15,,I15,,Label names preview-before-split; rewrite adds preview and approval.,REVIEWED_CORRECTED,NONE,Events and organization,I6
CAN-LAM-ARCH-046,Planning and verification governance,,,,,,Reviewed as a non-implementation record or independent gate; no primary implementation phase is assigned.,NOT_APPLICABLE,NONE,Planning and verification governance,
CAN-LAM-ARCH-047,Planning and verification governance,,,,,,Reviewed as a non-implementation record or independent gate; no primary implementation phase is assigned.,NOT_APPLICABLE,NONE,Planning and verification governance,
CAN-LAM-ARCH-048,Events and organization,I6,I6;I15,,I15,,Manage-Later label; rewrite adds preview and confirmation.,REVIEWED_CORRECTED,NONE,Events and organization,I6
CAN-LAM-ARCH-049,Events and organization,I6,I6;I15,,I15,,Manage-Later label; rewrite adds provenance and approval.,REVIEWED_CORRECTED,NONE,Events and organization,I6
CAN-LAM-ARCH-050,Events and organization,I6,I6;I15,,I15,,Manage-Later label; rewrite adds selection scope.,REVIEWED_CORRECTED,NONE,Events and organization,I6
CAN-LAM-ARCH-051,Events and organization,I6,I6;I15,,I15,,"Manage-Later label; rewrite adds preview, approval, and preservation.",REVIEWED_CORRECTED,NONE,Events and organization,I6
CAN-LAM-ARCH-052,Events and organization,I6,I6;I15,,I15,,"Manage-Later label; rewrite adds preview, approval, and scope.",REVIEWED_CORRECTED,NONE,Events and organization,I6
CAN-LAM-ARCH-053,Events and organization,I6,I6;I15,,I15,,Manage-Later label; rewrite adds preview and confirmation.,REVIEWED_CORRECTED,NONE,Events and organization,I6
CAN-LAM-ARCH-054,Events and organization,I6,I6;I15,,I15,,Manage-Later label; rewrite adds the no-date-invention rule.,REVIEWED_CORRECTED,NONE,Events and organization,I6
CAN-LAM-ARCH-055,Events and organization,I6,I6;I15,,I15,,Manage-Later label; rewrite adds review creation and no-fabrication.,REVIEWED_CORRECTED,NONE,Events and organization,I6
CAN-LAM-ARCH-056,Events and organization,I6,I6;I15,,I15,,Manage-Later label; rewrite adds display and no-mutation.,REVIEWED_CORRECTED,NONE,Events and organization,I6
CAN-LAM-ARCH-057,File-operation plan contract,I3,I5;I15,,I15,,"Statement is already record-specific (renames a managed asset, updates current path, executes a validated journaled plan, preserves original name); no legacy template is reproduced.",REVIEWED_CONFIRMED,NONE,File-operation plan contract,I3
CAN-LAM-ARCH-058,File-operation plan contract,I3,I5;I15,,I15,,Statement is already record-specific (moves a managed asset via a validated journaled plan with hash verification); no legacy template is reproduced.,REVIEWED_CONFIRMED,NONE,File-operation plan contract,I3
CAN-LAM-ARCH-059,Asset identity and records,,I3;I15,,I15,,Not applicable: generated broad template is superseded and cannot own implementation.,NOT_APPLICABLE,NOT_APPLICABLE,Metadata,I3
CAN-LAM-ARCH-060,Asset viewer,,,,,,Reviewed as a non-implementation record or independent gate; no primary implementation phase is assigned.,NOT_APPLICABLE,NONE,Asset viewer,
CAN-LAM-ARCH-061,Gallery and timeline,I5,I5;I15,,I15,,Gallery label; rewrite adds local movement and stability.,REVIEWED_CORRECTED,NONE,Gallery and timeline,I5
CAN-LAM-ARCH-062,Gallery and timeline,I5,I5;I15,,I15,,Gallery label; rewrite adds jump behavior and accessibility.,REVIEWED_CORRECTED,NONE,Gallery and timeline,I5
CAN-LAM-ARCH-063,Gallery and timeline,I5,I5;I15,,I15,,Gallery label; rewrite adds density change and persistence.,REVIEWED_CORRECTED,NONE,Gallery and timeline,I5
CAN-LAM-ARCH-064,Gallery and timeline,I5,I5;I15,,I15,,Gallery label; rewrite adds the budget and fallback.,REVIEWED_CORRECTED,NONE,Gallery and timeline,I5
CAN-LAM-ARCH-065,Gallery and timeline,I5,I5;I15,,I15,,Gallery label; rewrite adds selection semantics.,REVIEWED_CORRECTED,NONE,Gallery and timeline,I5
CAN-LAM-ARCH-066,Gallery and timeline,I5,I5;I15,,I15,,Gallery label; rewrite adds reachability and focus rules.,REVIEWED_CORRECTED,NONE,Gallery and timeline,I5
CAN-LAM-ARCH-067,Gallery and timeline,I5,I5;I15,,I15,,Gallery label; rewrite adds state display and no-mutation.,REVIEWED_CORRECTED,NONE,Gallery and timeline,I5
CAN-LAM-ARCH-068,Gallery and timeline,,I5;I15,,I15,,Not applicable: fragment is retained only as source provenance.,NOT_APPLICABLE,NOT_APPLICABLE,Gallery and timeline,I5
CAN-LAM-ARCH-069,Asset viewer,I5,I5;I15,,I15,,Viewer label; rewrite adds playback and error behavior.,REVIEWED_CORRECTED,NONE,Asset viewer,I5
CAN-LAM-ARCH-070,Asset viewer,I5,I5;I15,,I15,,Viewer label; rewrite adds seek behavior.,REVIEWED_CORRECTED,NONE,Asset viewer,I5
CAN-LAM-ARCH-071,Asset viewer,I5,I5;I15,,I15,,Viewer label; rewrite adds navigation behavior.,REVIEWED_CORRECTED,NONE,Asset viewer,I5
CAN-LAM-ARCH-072,Asset viewer,I5,I5;I15,,I15,,Viewer label; rewrite adds display-only scaling.,REVIEWED_CORRECTED,NONE,Asset viewer,I5
CAN-LAM-ARCH-073,Asset viewer,I5,I5;I15,,I15,,Viewer label; rewrite adds display-only panning.,REVIEWED_CORRECTED,NONE,Asset viewer,I5
CAN-LAM-ARCH-074,Asset viewer,I5,I5;I15,,I15,,Viewer label; rewrite adds display-only rotation.,REVIEWED_CORRECTED,NONE,Asset viewer,I5
CAN-LAM-ARCH-075,Asset viewer,I5,I5;I15,,I15,,Viewer label; rewrite adds display-only correction.,REVIEWED_CORRECTED,NONE,Asset viewer,I5
CAN-LAM-ARCH-076,Asset viewer,I5,I5;I15,,I15,,Viewer label; rewrite adds playback and error behavior.,REVIEWED_CORRECTED,NONE,Asset viewer,I5
CAN-LAM-ARCH-077,Asset viewer,I5,I5;I15,,I15,,Viewer label; rewrite adds support and error behavior.,REVIEWED_CORRECTED,NONE,Asset viewer,I5
CAN-LAM-ARCH-078,Asset viewer,I5,I5;I15,,I15,,Viewer label; rewrite adds support matrix and error behavior.,REVIEWED_CORRECTED,NONE,Asset viewer,I5
CAN-LAM-ARCH-079,Asset viewer,I5,I5;I15,,I15,,Viewer label; rewrite adds persistence and reflection.,REVIEWED_CORRECTED,NONE,Asset viewer,I5
CAN-LAM-ARCH-080,Asset viewer,I5,I5;I15,,I15,,Viewer label; rewrite adds persistence and no-duplication.,REVIEWED_CORRECTED,NONE,Asset viewer,I5
CAN-LAM-ARCH-081,Asset viewer,I5,I5;I15,,I15,,Viewer label; rewrite separates navigation from mutation.,REVIEWED_CORRECTED,NONE,Asset viewer,I5
CAN-LAM-ARCH-082,Mind-map projections,I9,I5;I15,,I15,,Viewer label; rewrite separates navigation from mutation.,REVIEWED_CORRECTED,NONE,Mind-map projections,I9
CAN-LAM-ARCH-083,Media ingestion and derivation,I4,I4;I15,,I15,,Scanning label; rewrite adds traversal scope and boundary enforcement.,REVIEWED_CORRECTED,NONE,Media ingestion and derivation,I4
CAN-LAM-ARCH-084,Media ingestion and derivation,I4,I4;I15,,I15,,Scanning label; rewrite adds scoped processing.,REVIEWED_CORRECTED,NONE,Media ingestion and derivation,I4
CAN-LAM-ARCH-085,Media ingestion and derivation,I4,I4;I15,,I15,,Scanning label; rewrite adds change detection and no-mutation.,REVIEWED_CORRECTED,NONE,Media ingestion and derivation,I4
CAN-LAM-ARCH-086,Media ingestion and derivation,I4,I4;I15,,I15,,Scanning label; rewrite adds reconciliation and reporting.,REVIEWED_CORRECTED,NONE,Media ingestion and derivation,I4
CAN-LAM-ARCH-087,Media ingestion and derivation,I4,I4;I15,,I15,,Scanning label; rewrite adds preview creation and no-mutation.,REVIEWED_CORRECTED,NONE,Media ingestion and derivation,I4
CAN-LAM-ARCH-088,Media ingestion and derivation,I4,I10;I15,,I15,,Scanning label; rewrite adds hash computation and storage.,REVIEWED_CORRECTED,NONE,Media ingestion and derivation,I4
CAN-LAM-ARCH-089,Sidecars and metadata authority,I4,I4;I15,,I15,,Scanning label; rewrite adds discovery and no-mutation.,REVIEWED_CORRECTED,NONE,Sidecars and metadata authority,I4
CAN-LAM-ARCH-090,Media ingestion and derivation,I4,I4;I15,,I15,,Scanning label; rewrite adds validity and journaling.,REVIEWED_CORRECTED,NONE,Media ingestion and derivation,I4
CAN-LAM-ARCH-091,Sidecars and metadata authority,I4,I4;I15,,I15,,Scanning label; rewrite adds reporting and no-mutation.,REVIEWED_CORRECTED,NONE,Sidecars and metadata authority,I4
CAN-LAM-ARCH-092,Media ingestion and derivation,I4,I4;I15,,I15,,Scanning label; rewrite adds read-only behavior.,REVIEWED_CORRECTED,NONE,Media ingestion and derivation,I4
CAN-LAM-ARCH-093,Media ingestion and derivation,I4,I4;I15,,I15,,Scanning label; rewrite adds missing-root handling.,REVIEWED_CORRECTED,NONE,Media ingestion and derivation,I4
CAN-LAM-ARCH-094,External drives and path resilience,I12,I4;I15,,I15,,Scanning label; rewrite adds identity reconciliation.,REVIEWED_CORRECTED,NONE,External drives and path resilience,I12
CAN-LAM-ARCH-095,Events and organization,I6,I6;I15,,I15,,Event label; rewrite names the supported set.,REVIEWED_CORRECTED,NONE,Events and organization,I6
CAN-LAM-ARCH-096,Events and organization,I6,I6;I15,,I15,,Event-type label; rewrite adds parent semantics.,REVIEWED_CORRECTED,NONE,Events and organization,I6
CAN-LAM-ARCH-097,Events and organization,I6,I6;I15,,I15,,Event-type label; rewrite names the type.,REVIEWED_CORRECTED,NONE,Events and organization,I6
CAN-LAM-ARCH-098,Events and organization,,I6;I15,,I15,,Non-implementation record (GLOSSARY/UI_LABEL/INFORMATIONAL/DUPLICATE) cannot retain an implementation phase.,REVIEWED_CORRECTED,NONE,Events and organization,I6
CAN-LAM-ARCH-099,Events and organization,,I6;I15,,I15,,Non-implementation record (GLOSSARY/UI_LABEL/INFORMATIONAL/DUPLICATE) cannot retain an implementation phase.,REVIEWED_CORRECTED,NONE,Events and organization,I6
CAN-LAM-ARCH-100,Events and organization,,I6;I15,,I15,,Non-implementation record (GLOSSARY/UI_LABEL/INFORMATIONAL/DUPLICATE) cannot retain an implementation phase.,REVIEWED_CORRECTED,NONE,Events and organization,I6
CAN-LAM-ARCH-101,Events and organization,,I6;I15,,I15,,Non-implementation record (GLOSSARY/UI_LABEL/INFORMATIONAL/DUPLICATE) cannot retain an implementation phase.,REVIEWED_CORRECTED,NONE,Events and organization,I6
CAN-LAM-ARCH-102,Events and organization,,I6;I15,,I15,,Non-implementation record (GLOSSARY/UI_LABEL/INFORMATIONAL/DUPLICATE) cannot retain an implementation phase.,REVIEWED_CORRECTED,NONE,Events and organization,I6
CAN-LAM-ARCH-103,People and faces,I7,I7;I15,,I15,,"Label names a face-review action; rewrite adds assignment, persistence, and undo outcomes.",REVIEWED_CORRECTED,NONE,People and faces,I7
CAN-LAM-ARCH-104,People and faces,I7,I7;I15,,I15,,Label names a face-review behavior; rewrite scopes the re-evaluation and protects confirmed assignments.,REVIEWED_CORRECTED,NONE,People and faces,I7
CAN-LAM-ARCH-105,People and faces,I7,I7;I15,,I15,,Label names a face-reprocessing behavior; rewrite bounds the scope and outcome.,REVIEWED_CORRECTED,NONE,People and faces,I7
CAN-LAM-ARCH-106,People and faces,,I7;I15,,I15,,Non-implementation record (GLOSSARY/UI_LABEL/INFORMATIONAL/DUPLICATE) cannot retain an implementation phase.,REVIEWED_CORRECTED,NONE,People and faces,I7
CAN-LAM-ARCH-107,People and faces,,I7;I15,,I15,,Non-implementation record (GLOSSARY/UI_LABEL/INFORMATIONAL/DUPLICATE) cannot retain an implementation phase.,REVIEWED_CORRECTED,NONE,People and faces,I7
CAN-LAM-ARCH-108,People and faces,,I7;I15,,I15,,Non-implementation record (GLOSSARY/UI_LABEL/INFORMATIONAL/DUPLICATE) cannot retain an implementation phase.,REVIEWED_CORRECTED,NONE,People and faces,I7
CAN-LAM-ARCH-109,People and faces,,I7;I15,,I15,,Non-implementation record (GLOSSARY/UI_LABEL/INFORMATIONAL/DUPLICATE) cannot retain an implementation phase.,REVIEWED_CORRECTED,NONE,People and faces,I7
CAN-LAM-ARCH-110,People and faces,,I7;I15,,I15,,Non-implementation record (GLOSSARY/UI_LABEL/INFORMATIONAL/DUPLICATE) cannot retain an implementation phase.,REVIEWED_CORRECTED,NONE,People and faces,I7
CAN-LAM-ARCH-111,People and faces,,I7;I15,,I15,,Non-implementation record (GLOSSARY/UI_LABEL/INFORMATIONAL/DUPLICATE) cannot retain an implementation phase.,REVIEWED_CORRECTED,NONE,People and faces,I7
CAN-LAM-ARCH-112,People and faces,,I7;I15,,I15,,Non-implementation record (GLOSSARY/UI_LABEL/INFORMATIONAL/DUPLICATE) cannot retain an implementation phase.,REVIEWED_CORRECTED,NONE,People and faces,I7
CAN-LAM-ARCH-113,People and faces,,I7;I15,,I15,,Non-implementation record (GLOSSARY/UI_LABEL/INFORMATIONAL/DUPLICATE) cannot retain an implementation phase.,REVIEWED_CORRECTED,NONE,People and faces,I7
CAN-LAM-ARCH-114,People and faces,,I7;I15,,I15,,Non-implementation record (GLOSSARY/UI_LABEL/INFORMATIONAL/DUPLICATE) cannot retain an implementation phase.,REVIEWED_CORRECTED,NONE,People and faces,I7
CAN-LAM-ARCH-115,People and faces,,I7;I15,,I15,,Non-implementation record (GLOSSARY/UI_LABEL/INFORMATIONAL/DUPLICATE) cannot retain an implementation phase.,REVIEWED_CORRECTED,NONE,People and faces,I7
CAN-LAM-ARCH-116,People and faces,I7,I7;I15,,I15,,Label names historical preservation; rewrite adds the append/close rule and queryable result.,REVIEWED_CORRECTED,NONE,People and faces,I7
CAN-LAM-ARCH-117,People and faces,,I7;I15,,I15,,Not applicable: generated broad template is superseded and cannot own implementation.,NOT_APPLICABLE,NOT_APPLICABLE,People and faces,I7
CAN-LAM-ARCH-118,People and faces,,I7;I15,,I15,,Not applicable: generated broad template is superseded and cannot own implementation.,NOT_APPLICABLE,NOT_APPLICABLE,People and faces,I7
CAN-LAM-ARCH-119,People and faces,,I7;I15,,I15,,Non-implementation record (GLOSSARY/UI_LABEL/INFORMATIONAL/DUPLICATE) cannot retain an implementation phase.,REVIEWED_CORRECTED,NONE,People and faces,I7
CAN-LAM-ARCH-120,People and faces,I7,I8;I15,,I15,,"Reviewed as People, Faces, and Groups work because the obligation's primary implementation surface is People and faces; integration verification, removal, and release responsibilities remain separate.",REVIEWED_CORRECTED,NONE,People and faces,I8
CAN-LAM-ARCH-121,People and faces,I7,I7;I15,,I15,,Label states the alias-preservation rule; rewrite makes it observable.,REVIEWED_CORRECTED,NONE,People and faces,I7
CAN-LAM-ARCH-122,Planning and verification governance,,,,,,Reviewed as a non-implementation record or independent gate; no primary implementation phase is assigned.,NOT_APPLICABLE,NONE,Planning and verification governance,
CAN-LAM-ARCH-123,Planning and verification governance,,,,,,Reviewed as a non-implementation record or independent gate; no primary implementation phase is assigned.,NOT_APPLICABLE,NONE,Planning and verification governance,
CAN-LAM-ARCH-124,Authentication and users,,I15,I15,I15,,Not applicable: generated broad template is superseded and cannot own implementation.,NOT_APPLICABLE,NOT_APPLICABLE,Authentication and users,
CAN-LAM-ARCH-125,Relationships and attribution,,I8;I15,,I15,,Non-implementation record (GLOSSARY/UI_LABEL/INFORMATIONAL/DUPLICATE) cannot retain an implementation phase.,REVIEWED_CORRECTED,NONE,Relationships and attribution,I8
CAN-LAM-ARCH-126,Relationships and attribution,,I8;I15,,I15,,Non-implementation record (GLOSSARY/UI_LABEL/INFORMATIONAL/DUPLICATE) cannot retain an implementation phase.,REVIEWED_CORRECTED,NONE,Relationships and attribution,I8
CAN-LAM-ARCH-127,Relationships and attribution,,I8;I15,,I15,,Non-implementation record (GLOSSARY/UI_LABEL/INFORMATIONAL/DUPLICATE) cannot retain an implementation phase.,REVIEWED_CORRECTED,NONE,Relationships and attribution,I8
CAN-LAM-ARCH-128,Relationships and attribution,,I8;I15,,I15,,Non-implementation record (GLOSSARY/UI_LABEL/INFORMATIONAL/DUPLICATE) cannot retain an implementation phase.,REVIEWED_CORRECTED,NONE,Relationships and attribution,I8
CAN-LAM-ARCH-129,Relationships and attribution,,I8;I15,,I15,,Non-implementation record (GLOSSARY/UI_LABEL/INFORMATIONAL/DUPLICATE) cannot retain an implementation phase.,REVIEWED_CORRECTED,NONE,Relationships and attribution,I8
CAN-LAM-ARCH-130,Relationships and attribution,,I8;I15,,I15,,Non-implementation record (GLOSSARY/UI_LABEL/INFORMATIONAL/DUPLICATE) cannot retain an implementation phase.,REVIEWED_CORRECTED,NONE,Relationships and attribution,I8
CAN-LAM-ARCH-131,Relationships and attribution,,I8;I15,,I15,,Non-implementation record (GLOSSARY/UI_LABEL/INFORMATIONAL/DUPLICATE) cannot retain an implementation phase.,REVIEWED_CORRECTED,NONE,Relationships and attribution,I8
CAN-LAM-ARCH-132,Relationships and attribution,,I8;I15,,I15,,Non-implementation record (GLOSSARY/UI_LABEL/INFORMATIONAL/DUPLICATE) cannot retain an implementation phase.,REVIEWED_CORRECTED,NONE,Relationships and attribution,I8
CAN-LAM-ARCH-133,Relationships and attribution,,I8;I15,,I15,,Non-implementation record (GLOSSARY/UI_LABEL/INFORMATIONAL/DUPLICATE) cannot retain an implementation phase.,REVIEWED_CORRECTED,NONE,Relationships and attribution,I8
CAN-LAM-ARCH-134,People and faces,I8,I8;I15,,I15,,Label names the selection step; rewrite separates selection from commit.,REVIEWED_CORRECTED,NONE,People and faces,I8
CAN-LAM-ARCH-135,People and faces,I8,I8;I15,,I15,,Label names the confirmation step; rewrite makes the commit observable.,REVIEWED_CORRECTED,NONE,People and faces,I8
CAN-LAM-ARCH-136,Planning and verification governance,,,,,,Reviewed as a non-implementation record or independent gate; no primary implementation phase is assigned.,NOT_APPLICABLE,NONE,Planning and verification governance,
CAN-LAM-ARCH-137,Planning and verification governance,,,,,,Reviewed as a non-implementation record or independent gate; no primary implementation phase is assigned.,NOT_APPLICABLE,NONE,Planning and verification governance,
CAN-LAM-ARCH-138,Planning and verification governance,,,,,,Reviewed as a non-implementation record or independent gate; no primary implementation phase is assigned.,NOT_APPLICABLE,NONE,Planning and verification governance,
CAN-LAM-ARCH-139,Planning and verification governance,,,,,,Reviewed as a non-implementation record or independent gate; no primary implementation phase is assigned.,NOT_APPLICABLE,NONE,Planning and verification governance,
CAN-LAM-ARCH-140,Planning and verification governance,,,,,,Reviewed as a non-implementation record or independent gate; no primary implementation phase is assigned.,NOT_APPLICABLE,NONE,Planning and verification governance,
CAN-LAM-ARCH-141,Jobs and notifications,I10,I10;I15,,I15,,Label names progress saving; rewrite adds typed state and no-false-success rules.,REVIEWED_CORRECTED,NONE,Jobs and notifications,I10
CAN-LAM-ARCH-142,Planning and verification governance,,,,,,Reviewed as a non-implementation record or independent gate; no primary implementation phase is assigned.,NOT_APPLICABLE,NONE,Planning and verification governance,
CAN-LAM-ARCH-143,Planning and verification governance,,,,,,Reviewed as a non-implementation record or independent gate; no primary implementation phase is assigned.,NOT_APPLICABLE,NONE,Planning and verification governance,
CAN-LAM-ARCH-144,Metadata,I3,I3;I15,,I15,,"Label names sidecar creation; rewrite adds the exact-set, validation, and journaling outcomes.",REVIEWED_CORRECTED,NONE,Metadata,I3
CAN-LAM-ARCH-145,Planning and verification governance,,,,,,Reviewed as a non-implementation record or independent gate; no primary implementation phase is assigned.,NOT_APPLICABLE,NONE,Planning and verification governance,
CAN-LAM-ARCH-146,Planning and verification governance,,,,,,Reviewed as a non-implementation record or independent gate; no primary implementation phase is assigned.,NOT_APPLICABLE,NONE,Planning and verification governance,
CAN-LAM-ARCH-147,Libraries and storage,I4,I4;I15,,I15,,Label names required storage; rewrite adds the initialization trigger and preservation result.,REVIEWED_CORRECTED,NONE,Libraries and storage,I4
CAN-LAM-ARCH-148,Libraries and storage,I4,I4;I15,,I15,,Label names the keep-linked option; rewrite defines the non-mutating result.,REVIEWED_CORRECTED,NONE,Libraries and storage,I4
CAN-LAM-ARCH-149,Libraries and storage,I4,I4;I15,,I15,,"Label names name normalization; rewrite adds preview, approval, and provenance.",REVIEWED_CORRECTED,NONE,Libraries and storage,I4
CAN-LAM-ARCH-150,Libraries and storage,I4,I4;I15,,I15,,Label names the move option; rewrite adds approval and identity-preservation results.,REVIEWED_CORRECTED,NONE,Libraries and storage,I4
CAN-LAM-ARCH-151,Libraries and storage,I4,I4;I15,,I15,,"Label names the merge option; rewrite adds preview, approval, and preservation.",REVIEWED_CORRECTED,NONE,Libraries and storage,I4
CAN-LAM-ARCH-152,Events and organization,,I4;I15,,I15,,Non-implementation record (GLOSSARY/UI_LABEL/INFORMATIONAL/DUPLICATE) cannot retain an implementation phase.,REVIEWED_CORRECTED,NONE,Events and organization,I6
CAN-LAM-ARCH-153,Events and organization,,I4;I15,,I15,,Non-implementation record (GLOSSARY/UI_LABEL/INFORMATIONAL/DUPLICATE) cannot retain an implementation phase.,REVIEWED_CORRECTED,NONE,Events and organization,I6
CAN-LAM-ARCH-154,Events and organization,,I4;I15,,I15,,Non-implementation record (GLOSSARY/UI_LABEL/INFORMATIONAL/DUPLICATE) cannot retain an implementation phase.,REVIEWED_CORRECTED,NONE,Events and organization,I6
CAN-LAM-ARCH-155,Events and organization,,I4;I15,,I15,,Non-implementation record (GLOSSARY/UI_LABEL/INFORMATIONAL/DUPLICATE) cannot retain an implementation phase.,REVIEWED_CORRECTED,NONE,Events and organization,I6
CAN-LAM-ARCH-156,Events and organization,,I4;I15,,I15,,Non-implementation record (GLOSSARY/UI_LABEL/INFORMATIONAL/DUPLICATE) cannot retain an implementation phase.,REVIEWED_CORRECTED,NONE,Events and organization,I6
CAN-LAM-ARCH-157,Events and organization,,I6;I15,,I15,,Non-implementation record (GLOSSARY/UI_LABEL/INFORMATIONAL/DUPLICATE) cannot retain an implementation phase.,REVIEWED_CORRECTED,NONE,Events and organization,I6
CAN-LAM-ARCH-158,Tags,,I8;I15,,I15,,Non-implementation record (GLOSSARY/UI_LABEL/INFORMATIONAL/DUPLICATE) cannot retain an implementation phase.,REVIEWED_CORRECTED,NONE,Tags,I8
CAN-LAM-ARCH-159,Tags,,I8;I15,,I15,,Non-implementation record (GLOSSARY/UI_LABEL/INFORMATIONAL/DUPLICATE) cannot retain an implementation phase.,REVIEWED_CORRECTED,NONE,Tags,I8
CAN-LAM-ARCH-160,Tags,,I8;I15,,I15,,Non-implementation record (GLOSSARY/UI_LABEL/INFORMATIONAL/DUPLICATE) cannot retain an implementation phase.,REVIEWED_CORRECTED,NONE,Tags,I8
CAN-LAM-ARCH-161,Tags,,I8;I15,,I15,,Non-implementation record (GLOSSARY/UI_LABEL/INFORMATIONAL/DUPLICATE) cannot retain an implementation phase.,REVIEWED_CORRECTED,NONE,Tags,I8
CAN-LAM-ARCH-162,Tags,,I8;I15,,I15,,Non-implementation record (GLOSSARY/UI_LABEL/INFORMATIONAL/DUPLICATE) cannot retain an implementation phase.,REVIEWED_CORRECTED,NONE,Tags,I8
CAN-LAM-ARCH-163,Tags,,I8;I15,,I15,,Non-implementation record (GLOSSARY/UI_LABEL/INFORMATIONAL/DUPLICATE) cannot retain an implementation phase.,REVIEWED_CORRECTED,NONE,Tags,I8
CAN-LAM-ARCH-164,Tags,I8,I8;I15,,I15,CAN-LAM-ARCH-164,"Reviewed as Tags, Relationships, and Attribution work because the obligation's primary implementation surface is Tags; integration verification, removal, and release responsibilities remain separate.",REVIEWED_CONFIRMED,NONE,Tags,I8
CAN-LAM-ARCH-165,Tags,I8,I8;I15,,I15,,Label names suggestion sources; rewrite adds source provenance and approval gate.,REVIEWED_CORRECTED,NONE,Tags,I8
CAN-LAM-ARCH-166,Review Centre,,I5;I15,,I15,CAN-LAM-ARCH-166,Not applicable: generated broad template is superseded and cannot own implementation.,NOT_APPLICABLE,NOT_APPLICABLE,Review Centre,I5
CAN-LAM-ARCH-167,Tags,,I8;I15,,I15,,Not applicable: generated broad template is superseded and cannot own implementation.,NOT_APPLICABLE,NOT_APPLICABLE,Tags,I8
CAN-LAM-ARCH-168,Review Centre,I5,I5;I15,,I15,,Label names individual approval; rewrite scopes the commit to one proposal.,REVIEWED_CORRECTED,NONE,Review Centre,I5
CAN-LAM-ARCH-169,Review Centre,I5,I5;I15,,I15,,Label names bulk approval; rewrite adds exact scope and per-item results.,REVIEWED_CORRECTED,NONE,Review Centre,I5
CAN-LAM-ARCH-170,Review Centre foundation,I5,I5;I15,,I15,,"Statement is already record-specific and observable (reject transition, provenance, fingerprint persistence, no authoritative mutation); it does not reproduce any legacy template output.",REVIEWED_CONFIRMED,NONE,Review Centre foundation,I5
CAN-LAM-ARCH-171,Review Centre,I5,I5;I15,,I15,,Label names rule suppression; rewrite adds rule persistence and future exclusion.,REVIEWED_CORRECTED,NONE,Review Centre,I5
CAN-LAM-ARCH-172,Review Centre,I5,I5;I15,,I15,,Label names defer/reopen; rewrite adds state persistence and restore result.,REVIEWED_CORRECTED,NONE,Review Centre,I5
CAN-LAM-ARCH-173,Review Centre,I5,I5;I15,,I15,,Label names provenance review; rewrite adds the read-only display result.,REVIEWED_CORRECTED,NONE,Review Centre,I5
CAN-LAM-ARCH-174,Tags,,I8;I15,,I15,,Not applicable: generated broad template is superseded and cannot own implementation.,NOT_APPLICABLE,NOT_APPLICABLE,Tags,I8
CAN-LAM-ARCH-175,Relationships and attribution,,I8;I15,,I15,,Not applicable: generated broad template is superseded and cannot own implementation.,NOT_APPLICABLE,NOT_APPLICABLE,People and faces,I8
CAN-LAM-ARCH-176,Metadata,,,,I15,,Not applicable: generated broad template is superseded and cannot own implementation.,NOT_APPLICABLE,NOT_APPLICABLE,Metadata,
CAN-LAM-ARCH-177,Relationships and attribution,I8,I8;I15,,I15,,Label names the system-capture type rule; rewrite makes classification observable.,REVIEWED_CORRECTED,NONE,Relationships and attribution,I8
CAN-LAM-ARCH-178,Planning and verification governance,,,,I15,,Filename-system rule label; reclassified as a constraint.,NOT_APPLICABLE,NONE,Planning and verification governance,
CAN-LAM-ARCH-179,Planning and verification governance,,,,,,Reviewed as a non-implementation record or independent gate; no primary implementation phase is assigned.,NOT_APPLICABLE,NONE,Planning and verification governance,
CAN-LAM-ARCH-180,Planning and verification governance,,,,,,Reviewed as a non-implementation record or independent gate; no primary implementation phase is assigned.,NOT_APPLICABLE,NONE,Planning and verification governance,
CAN-LAM-ARCH-181,Planning and verification governance,,,,,,Reviewed as a non-implementation record or independent gate; no primary implementation phase is assigned.,NOT_APPLICABLE,NONE,Planning and verification governance,
CAN-LAM-ARCH-182,Planning and verification governance,,,,I15,,Not applicable: generated broad template is superseded and cannot own implementation.,NOT_APPLICABLE,NOT_APPLICABLE,Planning and verification governance,
CAN-LAM-ARCH-183,Planning and verification governance,,,,,,Reviewed as a non-implementation record or independent gate; no primary implementation phase is assigned.,NOT_APPLICABLE,NONE,Planning and verification governance,
CAN-LAM-ARCH-184,Local data authority,I3,I4;I15,,I15,,"Reviewed as Authoritative Data and Transaction Foundation work because the obligation's primary implementation surface is Local data authority; integration verification, removal, and release responsibilities remain separate.",REVIEWED_CORRECTED,NONE,Metadata,I4
CAN-LAM-ARCH-185,Planning and verification governance,,,,,,Reviewed as a non-implementation record or independent gate; no primary implementation phase is assigned.,NOT_APPLICABLE,NONE,Planning and verification governance,
CAN-LAM-ARCH-186,Planning and verification governance,,,,,,Reviewed as a non-implementation record or independent gate; no primary implementation phase is assigned.,NOT_APPLICABLE,NONE,Planning and verification governance,
CAN-LAM-ARCH-187,Planning and verification governance,,,,,,Reviewed as a non-implementation record or independent gate; no primary implementation phase is assigned.,NOT_APPLICABLE,NONE,Planning and verification governance,
CAN-LAM-ARCH-188,Asset viewer,I5,I5;I15,,I15,,Label names conflict warnings; rewrite adds source display and no-mutation.,REVIEWED_CORRECTED,NONE,Asset viewer,I5
CAN-LAM-ARCH-189,Planning and verification governance,,,,I15,,Inspector-capability label; reclassified as a read-only comparison constraint.,NOT_APPLICABLE,NONE,Planning and verification governance,
CAN-LAM-ARCH-190,Planning and verification governance,,,,,,Reviewed as a non-implementation record or independent gate; no primary implementation phase is assigned.,NOT_APPLICABLE,NONE,Planning and verification governance,
CAN-LAM-ARCH-191,Asset viewer,I5,I5;I15,,I15,,Label names review links; rewrite separates navigation from approval transitions.,REVIEWED_CORRECTED,NONE,Asset viewer,I5
CAN-LAM-ARCH-192,Asset viewer,I5,I3;I15,,I15,,Label names sidecar opening; rewrite adds read-only display.,REVIEWED_CORRECTED,NONE,Asset viewer,I5
CAN-LAM-ARCH-193,Editing,I11,I11;I15,,I15,,"Source section 20.6 Inspector capabilities and legacy Editing/WP-I11-005 evidence identify asset-metadata export, not AI worker data.",REVIEWED_CORRECTED,NONE,Local AI worker,I10
CAN-LAM-ARCH-194,Planning and verification governance,,,,,,Reviewed as a non-implementation record or independent gate; no primary implementation phase is assigned.,NOT_APPLICABLE,NONE,Planning and verification governance,
CAN-LAM-ARCH-195,Asset viewer,I5,I3;I15,,I15,,Label names sidecar health; rewrite adds typed reporting and no-mutation.,REVIEWED_CORRECTED,NONE,Asset viewer,I5
CAN-LAM-ARCH-196,Planning and verification governance,,,,,,Reviewed as a non-implementation record or independent gate; no primary implementation phase is assigned.,NOT_APPLICABLE,NONE,Planning and verification governance,
CAN-LAM-ARCH-197,Search and OCR,,I10;I15,,I15,,Non-implementation record (GLOSSARY/UI_LABEL/INFORMATIONAL/DUPLICATE) cannot retain an implementation phase.,REVIEWED_CORRECTED,NONE,Search and OCR,I10
CAN-LAM-ARCH-198,Search and OCR,,I10;I15,,I15,,Non-implementation record (GLOSSARY/UI_LABEL/INFORMATIONAL/DUPLICATE) cannot retain an implementation phase.,REVIEWED_CORRECTED,NONE,Search and OCR,I10
CAN-LAM-ARCH-199,Relationships and attribution,,I8;I15,,I15,,Non-implementation record (GLOSSARY/UI_LABEL/INFORMATIONAL/DUPLICATE) cannot retain an implementation phase.,REVIEWED_CORRECTED,NONE,Relationships and attribution,I8
CAN-LAM-ARCH-200,Search and OCR,,I10;I15,,I15,,Non-implementation record (GLOSSARY/UI_LABEL/INFORMATIONAL/DUPLICATE) cannot retain an implementation phase.,REVIEWED_CORRECTED,NONE,Search and OCR,I10
CAN-LAM-ARCH-201,Search and OCR,,I10;I15,,I15,,Non-implementation record (GLOSSARY/UI_LABEL/INFORMATIONAL/DUPLICATE) cannot retain an implementation phase.,REVIEWED_CORRECTED,NONE,Search and OCR,I10
CAN-LAM-ARCH-202,Search and OCR,,I10;I15,,I15,,Non-implementation record (GLOSSARY/UI_LABEL/INFORMATIONAL/DUPLICATE) cannot retain an implementation phase.,REVIEWED_CORRECTED,NONE,Search and OCR,I10
CAN-LAM-ARCH-203,Search and OCR,,I10;I15,,I15,,Non-implementation record (GLOSSARY/UI_LABEL/INFORMATIONAL/DUPLICATE) cannot retain an implementation phase.,REVIEWED_CORRECTED,NONE,Search and OCR,I10
CAN-LAM-ARCH-204,Search and OCR,,I10;I15,,I15,,Non-implementation record (GLOSSARY/UI_LABEL/INFORMATIONAL/DUPLICATE) cannot retain an implementation phase.,REVIEWED_CORRECTED,NONE,Search and OCR,I10
CAN-LAM-ARCH-205,Search and OCR,,I10;I15,,I15,,Non-implementation record (GLOSSARY/UI_LABEL/INFORMATIONAL/DUPLICATE) cannot retain an implementation phase.,REVIEWED_CORRECTED,NONE,Search and OCR,I10
CAN-LAM-ARCH-206,Search and OCR,,I10;I15,,I15,,Non-implementation record (GLOSSARY/UI_LABEL/INFORMATIONAL/DUPLICATE) cannot retain an implementation phase.,REVIEWED_CORRECTED,NONE,Search and OCR,I10
CAN-LAM-ARCH-207,Search and OCR,,I10;I15,,I15,,Non-implementation record (GLOSSARY/UI_LABEL/INFORMATIONAL/DUPLICATE) cannot retain an implementation phase.,REVIEWED_CORRECTED,NONE,Search and OCR,I10
CAN-LAM-ARCH-208,Search and OCR,,I10;I15,,I15,,Non-implementation record (GLOSSARY/UI_LABEL/INFORMATIONAL/DUPLICATE) cannot retain an implementation phase.,REVIEWED_CORRECTED,NONE,Search and OCR,I10
CAN-LAM-ARCH-209,Search and OCR,,I10;I15,,I15,,Non-implementation record (GLOSSARY/UI_LABEL/INFORMATIONAL/DUPLICATE) cannot retain an implementation phase.,REVIEWED_CORRECTED,NONE,Search and OCR,I10
CAN-LAM-ARCH-210,Search and OCR,,I10;I15,,I15,,Non-implementation record (GLOSSARY/UI_LABEL/INFORMATIONAL/DUPLICATE) cannot retain an implementation phase.,REVIEWED_CORRECTED,NONE,Search and OCR,I10
CAN-LAM-ARCH-211,Metadata,,I3;I15,,I15,,Non-implementation record (GLOSSARY/UI_LABEL/INFORMATIONAL/DUPLICATE) cannot retain an implementation phase.,REVIEWED_CORRECTED,NONE,Metadata,I3
CAN-LAM-ARCH-212,Search and OCR,,I10;I15,,I15,,Non-implementation record (GLOSSARY/UI_LABEL/INFORMATIONAL/DUPLICATE) cannot retain an implementation phase.,REVIEWED_CORRECTED,NONE,Search and OCR,I10
CAN-LAM-ARCH-213,Local AI worker,I10,I10;I15,,I15,,Label names object/content suggestions; rewrite adds provenance and approval gate.,REVIEWED_CORRECTED,NONE,Local AI worker,I10
CAN-LAM-ARCH-214,Search and OCR,,I10;I15,,I15,,Non-implementation record (GLOSSARY/UI_LABEL/INFORMATIONAL/DUPLICATE) cannot retain an implementation phase.,REVIEWED_CORRECTED,NONE,Search and OCR,I10
CAN-LAM-ARCH-215,Map and location,I10,I5;I15,,I15,,Label names location suggestions; rewrite adds reviewability and approval gate.,REVIEWED_CORRECTED,NONE,Map and location,I10
CAN-LAM-ARCH-216,Local AI worker,I10,I10;I15,,I15,,Hardware-metric label; rewrite adds detection and recording results.,REVIEWED_CORRECTED,NONE,Local AI worker,I10
CAN-LAM-ARCH-217,Local AI worker,I10,I10;I15,,I15,,Hardware-metric label; rewrite adds detection and recording results.,REVIEWED_CORRECTED,NONE,Local AI worker,I10
CAN-LAM-ARCH-218,Local AI worker,I10,I10;I15,,I15,,Hardware-metric label; rewrite adds detection and recording results.,REVIEWED_CORRECTED,NONE,Local AI worker,I10
CAN-LAM-ARCH-219,Local AI worker,I10,I10;I15,,I15,,Hardware-metric label; rewrite adds detection and recording results.,REVIEWED_CORRECTED,NONE,Local AI worker,I10
CAN-LAM-ARCH-220,Local AI worker,I10,I10;I15,,I15,,Hardware-metric label; rewrite adds detection and recording results.,REVIEWED_CORRECTED,NONE,Local AI worker,I10
CAN-LAM-ARCH-221,Local AI worker,I10,I10;I15,,I15,,Hardware-metric label; rewrite adds detection and recording results.,REVIEWED_CORRECTED,NONE,Local AI worker,I10
CAN-LAM-ARCH-222,Local AI worker,I10,I10;I15,,I15,,Hardware-metric label; rewrite adds detection and recording results.,REVIEWED_CORRECTED,NONE,Local AI worker,I10
CAN-LAM-ARCH-223,Jobs and notifications,,I10;I15,,I15,,Not applicable: generated broad template is superseded and cannot own implementation.,NOT_APPLICABLE,NOT_APPLICABLE,Jobs and notifications,I10
CAN-LAM-ARCH-224,Duplicates,,I10;I15,,I15,,Non-implementation record (GLOSSARY/UI_LABEL/INFORMATIONAL/DUPLICATE) cannot retain an implementation phase.,REVIEWED_CORRECTED,NONE,Duplicates,I10
CAN-LAM-ARCH-225,Duplicates,,I10;I15,,I15,,Non-implementation record (GLOSSARY/UI_LABEL/INFORMATIONAL/DUPLICATE) cannot retain an implementation phase.,REVIEWED_CORRECTED,NONE,Duplicates,I10
CAN-LAM-ARCH-226,Planning and verification governance,,I0;I15,,,,Not applicable: generated broad template is superseded and cannot own implementation.,NOT_APPLICABLE,NOT_APPLICABLE,Planning and verification governance,
CAN-LAM-ARCH-227,Planning and verification governance,,I0;I15,,,,Not applicable: generated broad template is superseded and cannot own implementation.,NOT_APPLICABLE,NOT_APPLICABLE,Planning and verification governance,
CAN-LAM-ARCH-228,Search and OCR,I10,I10;I15,,I15,,Label names semantic embeddings under AI data control; rewrite adds export/delete/rebuild results.,REVIEWED_CORRECTED,NONE,Search and OCR,I10
CAN-LAM-ARCH-229,Local AI worker,I10,I10;I15,,I15,,Label names object suggestions under AI data control; rewrite adds export/delete results.,REVIEWED_CORRECTED,NONE,Local AI worker,I10
CAN-LAM-ARCH-230,Local AI worker,I10,I10;I15,,I15,,Label names all AI-derived data; rewrite adds full control and rebuild results.,REVIEWED_CORRECTED,NONE,Local AI worker,I10
CAN-LAM-ARCH-231,Albums and favorites,I5,I5;I15,,I15,,Album label; rewrite adds persistence and no-duplication.,REVIEWED_CORRECTED,NONE,Albums and favorites,I5
CAN-LAM-ARCH-232,Albums and favorites,I5,I5;I15,,I15,,Album label; rewrite adds storage and display.,REVIEWED_CORRECTED,NONE,Albums and favorites,I5
CAN-LAM-ARCH-233,Albums and favorites,I5,I5;I15,,I15,,Album label; rewrite adds persistence and application.,REVIEWED_CORRECTED,NONE,Albums and favorites,I5
CAN-LAM-ARCH-234,Albums and favorites,I5,I5;I15,,I15,,Album label; rewrite adds the no-duplication invariant.,REVIEWED_CORRECTED,NONE,Albums and favorites,I5
CAN-LAM-ARCH-235,Gallery and timeline,I5,I5;I15,,I15,,Favorites label; rewrite adds persistence and reflection.,REVIEWED_CORRECTED,NONE,Gallery and timeline,I5
CAN-LAM-ARCH-236,Gallery and timeline,I5,I5;I15,,I15,,Favorites label; rewrite adds view scope.,REVIEWED_CORRECTED,NONE,Gallery and timeline,I5
CAN-LAM-ARCH-237,Metadata,I5,I3;I15,,I15,,Favorites label; rewrite adds local storage.,REVIEWED_CORRECTED,NONE,Metadata,I5
CAN-LAM-ARCH-238,Memories,I5,I5;I15,,I15,,Memories label; rewrite adds derivation.,REVIEWED_CORRECTED,NONE,Memories,I5
CAN-LAM-ARCH-239,Memories,I5,I5;I15,,I15,,Memories label; rewrite adds derivation.,REVIEWED_CORRECTED,NONE,Memories,I5
CAN-LAM-ARCH-240,Memories,I5,I5;I15,,I15,,Memories label; rewrite adds derivation.,REVIEWED_CORRECTED,NONE,Memories,I5
CAN-LAM-ARCH-241,Albums and favorites,I5,I5;I15,,I15,,Memories label; rewrite adds derivation.,REVIEWED_CORRECTED,NONE,Albums and favorites,I5
CAN-LAM-ARCH-242,Memories,I5,I5;I15,,I15,,Memories label; rewrite adds exclusion.,REVIEWED_CORRECTED,NONE,Memories,I5
CAN-LAM-ARCH-243,Memories,I5,I5;I15,,I15,,Memories label; rewrite adds local-only generation.,REVIEWED_CORRECTED,NONE,Memories,I5
CAN-LAM-ARCH-244,Map and location,I5,I5;I15,,I15,,Label names venue display; rewrite adds derivation and source display.,REVIEWED_CORRECTED,NONE,Map and location,I5
CAN-LAM-ARCH-245,Map and location,I5,I5;I15,,I15,,Label names map browsing; rewrite adds local rendering and stability.,REVIEWED_CORRECTED,NONE,Map and location,I5
CAN-LAM-ARCH-246,Map and location,I5,I5;I15,,I15,,Label names location-conflict review; rewrite adds source display and no-mutation.,REVIEWED_CORRECTED,NONE,Map and location,I5
CAN-LAM-ARCH-247,Map and location,I5,I5;I15,,I15,,Label names optional map disabling; rewrite adds the disabled-state result.,REVIEWED_CORRECTED,NONE,Map and location,I5
CAN-LAM-ARCH-248,Map and location,I5,I5;I15,,I15,,Label names offline coordinate display; rewrite adds local-only display.,REVIEWED_CORRECTED,NONE,Map and location,I5
CAN-LAM-ARCH-249,Map and location,I5,I5;I15,,I15,,"Reviewed as Offline Library Experience work because the obligation's primary implementation surface is Map and location; integration verification, removal, and release responsibilities remain separate.",REVIEWED_CONFIRMED,NONE,Map and location,I5
CAN-LAM-ARCH-250,Map and location,I5,I5;I15,,I15,,"Reviewed as Offline Library Experience work because the obligation's primary implementation surface is Map and location; integration verification, removal, and release responsibilities remain separate.",REVIEWED_CONFIRMED,NONE,Map and location,I5
CAN-LAM-ARCH-251,Duplicates,I10,I10;I15,,I15,,Label names resolution comparison; rewrite adds evidence recording.,REVIEWED_CORRECTED,NONE,Duplicates,I10
CAN-LAM-ARCH-252,Duplicates,I10,I10;I15,,I15,,Label names format comparison; rewrite adds evidence recording.,REVIEWED_CORRECTED,NONE,Duplicates,I10
CAN-LAM-ARCH-253,Duplicates,I10,I10;I15,,I15,,Label names size comparison; rewrite adds evidence recording.,REVIEWED_CORRECTED,NONE,Duplicates,I10
CAN-LAM-ARCH-254,Albums and favorites,I10,I5;I15,,I15,,Label names album comparison; rewrite adds evidence recording.,REVIEWED_CORRECTED,NONE,Albums and favorites,I10
CAN-LAM-ARCH-255,Tags,I10,I8;I15,,I15,,Label names tag comparison; rewrite adds evidence recording.,REVIEWED_CORRECTED,NONE,Tags,I10
CAN-LAM-ARCH-256,Duplicates,I10,I10;I15,,I15,,Label names side-by-side preview; rewrite adds read-only display.,REVIEWED_CORRECTED,NONE,Duplicates,I10
CAN-LAM-ARCH-257,Duplicates,I10,I10;I15,,I15,,Label names retained-file selection; rewrite adds recording and no-mutation.,REVIEWED_CORRECTED,NONE,Duplicates,I10
CAN-LAM-ARCH-258,Duplicates,I10,I10;I15,,I15,,Label names the no-automatic-deletion rule; rewrite adds the confirmation gate.,REVIEWED_CORRECTED,NONE,Duplicates,I10
CAN-LAM-ARCH-259,Duplicates,I10,I10;I15,,I15,,Label names the no-automatic-merge rule; rewrite adds the confirmation gate.,REVIEWED_CORRECTED,NONE,Duplicates,I10
CAN-LAM-ARCH-260,Planning and verification governance,,,,,,Reviewed as a non-implementation record or independent gate; no primary implementation phase is assigned.,NOT_APPLICABLE,NONE,Planning and verification governance,
CAN-LAM-ARCH-261,Planning and verification governance,,,,,,Reviewed as a non-implementation record or independent gate; no primary implementation phase is assigned.,NOT_APPLICABLE,NONE,Planning and verification governance,
CAN-LAM-ARCH-262,Planning and verification governance,,,,,,Reviewed as a non-implementation record or independent gate; no primary implementation phase is assigned.,NOT_APPLICABLE,NONE,Planning and verification governance,
CAN-LAM-ARCH-263,Planning and verification governance,,,,,,Reviewed as a non-implementation record or independent gate; no primary implementation phase is assigned.,NOT_APPLICABLE,NONE,Planning and verification governance,
CAN-LAM-ARCH-264,Planning and verification governance,,,,,,Reviewed as a non-implementation record or independent gate; no primary implementation phase is assigned.,NOT_APPLICABLE,NONE,Planning and verification governance,
CAN-LAM-ARCH-265,Planning and verification governance,,,,,,Reviewed as a non-implementation record or independent gate; no primary implementation phase is assigned.,NOT_APPLICABLE,NONE,Planning and verification governance,
CAN-LAM-ARCH-266,Planning and verification governance,,,,,,Reviewed as a non-implementation record or independent gate; no primary implementation phase is assigned.,NOT_APPLICABLE,NONE,Planning and verification governance,
CAN-LAM-ARCH-267,Editing,I11,,,I15,,Label names original preservation; rewrite adds the no-overwrite invariant.,REVIEWED_CORRECTED,NONE,Planning and verification governance,
CAN-LAM-ARCH-268,Planning and verification governance,,,,I15,,Not applicable: generated broad template is superseded and cannot own implementation.,NOT_APPLICABLE,NOT_APPLICABLE,Planning and verification governance,
CAN-LAM-ARCH-269,Jobs and notifications,,I5;I15,,I15,,Non-implementation record (GLOSSARY/UI_LABEL/INFORMATIONAL/DUPLICATE) cannot retain an implementation phase.,REVIEWED_CORRECTED,NONE,Jobs and notifications,I5
CAN-LAM-ARCH-270,Review Centre,,I5;I15,,I15,,Non-implementation record (GLOSSARY/UI_LABEL/INFORMATIONAL/DUPLICATE) cannot retain an implementation phase.,REVIEWED_CORRECTED,NONE,Review Centre,I5
CAN-LAM-ARCH-271,Review Centre,I5,I5;I15,,I15,,Review-action label; rewrite adds sequencing and decision recording.,REVIEWED_CORRECTED,NONE,Review Centre,I5
CAN-LAM-ARCH-272,Review Centre,I5,I5;I15,,I15,,Review-action label; rewrite adds commit scope and provenance.,REVIEWED_CORRECTED,NONE,Review Centre,I5
CAN-LAM-ARCH-273,Review Centre,I5,I5;I15,,I15,,Review-action label; rewrite adds persistence and future exclusion.,REVIEWED_CORRECTED,NONE,Review Centre,I5
CAN-LAM-ARCH-274,Review Centre,I5,I5;I15,,I15,,Review-action label; rewrite adds defer/reopen state preservation.,REVIEWED_CORRECTED,NONE,Review Centre,I5
CAN-LAM-ARCH-275,Review Centre,I5,I5;I15,,I15,,Review-action label; rewrite adds the no-mutation result.,REVIEWED_CORRECTED,NONE,Review Centre,I5
CAN-LAM-ARCH-276,Review Centre,I5,I5;I15,,I15,,Review-action label; rewrite adds persistence and exclusion.,REVIEWED_CORRECTED,NONE,Review Centre,I5
CAN-LAM-ARCH-277,Review Centre,I5,I5;I15,,I15,,Review-action label; rewrite adds exact scope and reporting.,REVIEWED_CORRECTED,NONE,Review Centre,I5
CAN-LAM-ARCH-278,Review Centre,I5,I5;I15,,I15,,Review-action label; rewrite adds provenance display and no-mutation.,REVIEWED_CORRECTED,NONE,Review Centre,I5
CAN-LAM-ARCH-279,Filesystem transactions and recovery,I3,I4;I15,,I15,,"Label names collision detection; rewrite adds detection, preview, and approval.",REVIEWED_CORRECTED,NONE,Filesystem transactions and recovery,I3
CAN-LAM-ARCH-280,Filesystem transactions and recovery,I3,I4;I15,,I15,,Label names preview; rewrite adds preview and approval.,REVIEWED_CORRECTED,NONE,Filesystem transactions and recovery,I3
CAN-LAM-ARCH-281,Filesystem transactions and recovery,I3,I10;I15,,I15,,Label names hash verification; rewrite adds verification and failure preservation.,REVIEWED_CORRECTED,NONE,Filesystem transactions and recovery,I3
CAN-LAM-ARCH-282,Filesystem transactions and recovery,I3,I3;I15,,I15,,Label names sidecar repair; rewrite adds preservation and history.,REVIEWED_CORRECTED,NONE,Filesystem transactions and recovery,I3
CAN-LAM-ARCH-283,Media ingestion and derivation,I4,I10;I15,,I15,,Label names hash comparison; rewrite adds reporting and preservation.,REVIEWED_CORRECTED,NONE,Media ingestion and derivation,I4
CAN-LAM-ARCH-284,Media ingestion and derivation,I4,I3;I15,,I15,,Label names orphan sidecars; rewrite adds review creation and no-mutation.,REVIEWED_CORRECTED,NONE,Media ingestion and derivation,I4
CAN-LAM-ARCH-285,Planning and verification governance,,,,,,Reviewed as a non-implementation record or independent gate; no primary implementation phase is assigned.,NOT_APPLICABLE,NONE,Planning and verification governance,
CAN-LAM-ARCH-286,Planning and verification governance,,,,,,Reviewed as a non-implementation record or independent gate; no primary implementation phase is assigned.,NOT_APPLICABLE,NONE,Planning and verification governance,
CAN-LAM-ARCH-287,Planning and verification governance,,,,,,Reviewed as a non-implementation record or independent gate; no primary implementation phase is assigned.,NOT_APPLICABLE,NONE,Planning and verification governance,
CAN-LAM-ARCH-288,Planning and verification governance,,,,,,Reviewed as a non-implementation record or independent gate; no primary implementation phase is assigned.,NOT_APPLICABLE,NONE,Planning and verification governance,
CAN-LAM-ARCH-289,Planning and verification governance,,,,,,Reviewed as a non-implementation record or independent gate; no primary implementation phase is assigned.,NOT_APPLICABLE,NONE,Planning and verification governance,
CAN-LAM-ARCH-290,Planning and verification governance,,,,,,Reviewed as a non-implementation record or independent gate; no primary implementation phase is assigned.,NOT_APPLICABLE,NONE,Planning and verification governance,
CAN-LAM-ARCH-291,Metadata privacy removal,I11,I4;I15,,I15,,"Statement is already record-specific and observable (privacy removal targets GPS metadata, creates a reviewed mutation plan, preserves originals); it does not reproduce a legacy template.",REVIEWED_CONFIRMED,NONE,Metadata privacy removal,I11
CAN-LAM-ARCH-292,Editing,I11,I4;I15,,I15,,Privacy-field label; rewrite adds removal and preservation results.,REVIEWED_CORRECTED,NONE,Editing,I11
CAN-LAM-ARCH-293,Editing,I11,I4;I15,,I15,,Privacy-field label; rewrite adds removal and preservation results.,REVIEWED_CORRECTED,NONE,Editing,I11
CAN-LAM-ARCH-294,Editing,I11,I4;I15,,I15,,Privacy-field label; rewrite adds removal and preservation results.,REVIEWED_CORRECTED,NONE,Editing,I11
CAN-LAM-ARCH-295,Editing,I11,I4;I15,,I15,,Privacy-field label; rewrite adds removal and preservation results.,REVIEWED_CORRECTED,NONE,Editing,I11
CAN-LAM-ARCH-296,Editing,I11,I4;I15,,I15,,Privacy-field label; rewrite adds removal and preservation results.,REVIEWED_CORRECTED,NONE,Editing,I11
CAN-LAM-ARCH-297,Editing,I11,I4;I15,,I15,,Privacy-field label; rewrite adds exact-selection and preservation results.,REVIEWED_CORRECTED,NONE,Editing,I11
CAN-LAM-ARCH-298,Metadata,I7,I7;I15,,I15,,Privacy-field label; rewrite adds deletion and rebuild results.,REVIEWED_CORRECTED,NONE,Metadata,I7
CAN-LAM-ARCH-299,Metadata,I7,I7;I15,,I15,,Privacy-scope label; rewrite adds whole-library deletion and rebuild results.,REVIEWED_CORRECTED,NONE,Metadata,I7
CAN-LAM-ARCH-300,Map and location,I5,I5;I15,,I15,,Originals label; rewrite adds derivation and source.,REVIEWED_CORRECTED,NONE,Map and location,I5
CAN-LAM-ARCH-301,Settings,I3,I3;I15,,I15,,"Originals label; rewrite adds validation, persistence, and failure retention.",REVIEWED_CORRECTED,NONE,Settings,I3
CAN-LAM-ARCH-302,Review Centre,I5,I5;I15,,I15,,Originals label; rewrite adds persistence and provenance.,REVIEWED_CORRECTED,NONE,Review Centre,I5
CAN-LAM-ARCH-303,Planning and verification governance,,,,,,Reviewed as a non-implementation record or independent gate; no primary implementation phase is assigned.,NOT_APPLICABLE,NONE,Planning and verification governance,
CAN-LAM-ARCH-304,Planning and verification governance,,,,,,Reviewed as a non-implementation record or independent gate; no primary implementation phase is assigned.,NOT_APPLICABLE,NONE,Planning and verification governance,
CAN-LAM-ARCH-305,"Backup, trash, restore and rebuild",I13,I13;I15,,I15,,Trash label; rewrite adds warning and approval.,REVIEWED_CORRECTED,NONE,"Backup, trash, restore and rebuild",I13
CAN-LAM-ARCH-306,"Backup, trash, restore and rebuild",I13,I13;I15,,I15,,Trash label; rewrite adds the operation record.,REVIEWED_CORRECTED,NONE,"Backup, trash, restore and rebuild",I13
CAN-LAM-ARCH-307,"Backup, trash, restore and rebuild",I13,I13;I15,,I15,,Trash label; rewrite adds the no-auto-purge rule.,REVIEWED_CORRECTED,NONE,"Backup, trash, restore and rebuild",I13
CAN-LAM-ARCH-308,"Backup, trash, restore and rebuild",,I13;I15,,I15,,Not applicable: generated broad template is superseded and cannot own implementation.,NOT_APPLICABLE,NOT_APPLICABLE,Settings,I13
CAN-LAM-ARCH-309,External drives and path resilience,I12,I4;I15,,I15,,External-change label; rewrite adds the identity rule and review outcome.,REVIEWED_CORRECTED,NONE,External drives and path resilience,I12
CAN-LAM-ARCH-310,External drives and path resilience,I12,I4;I15,,I15,,External-change label; rewrite adds identity evidence and boundary enforcement.,REVIEWED_CORRECTED,NONE,External drives and path resilience,I12
CAN-LAM-ARCH-311,External drives and path resilience,I12,I3;I15,,I15,,External-change label; rewrite adds validation and no-write.,REVIEWED_CORRECTED,NONE,External drives and path resilience,I12
CAN-LAM-ARCH-312,External drives and path resilience,I12,I3;I15,,I15,,External-change label; rewrite adds degraded state and review.,REVIEWED_CORRECTED,NONE,External drives and path resilience,I12
CAN-LAM-ARCH-313,External drives and path resilience,I12,I4;I15,,I15,,External-change label; rewrite defines full-hash evidence.,REVIEWED_CORRECTED,NONE,External drives and path resilience,I12
CAN-LAM-ARCH-314,External drives and path resilience,I12,I4;I15,,I15,,External-change label; rewrite adds the no-auto-relink rule.,REVIEWED_CORRECTED,NONE,External drives and path resilience,I12
CAN-LAM-ARCH-315,External drives and path resilience,I12,I4;I15,,I15,,External-change label; rewrite adds the date-only prohibition.,REVIEWED_CORRECTED,NONE,External drives and path resilience,I12
CAN-LAM-ARCH-316,External drives and path resilience,I12,I4;I15,,I15,,External-change label; rewrite adds the size-only prohibition.,REVIEWED_CORRECTED,NONE,External drives and path resilience,I12
CAN-LAM-ARCH-317,External drives and path resilience,I12,I3;I15,,I15,,External-change label; rewrite adds the reference-confirmation rule.,REVIEWED_CORRECTED,NONE,External drives and path resilience,I12
CAN-LAM-ARCH-318,Gallery and timeline,I14,I5;I15,,I15,,Desktop-UX label; rewrite adds local rendering and stability.,REVIEWED_CORRECTED,NONE,Gallery and timeline,I14
CAN-LAM-ARCH-319,Asset viewer,I14,I5;I15,,I15,,Desktop-UX label; rewrite adds the mode behavior and exit result.,REVIEWED_CORRECTED,NONE,Asset viewer,I14
CAN-LAM-ARCH-320,Gallery and timeline,I14,I5;I15,,I15,,Desktop-UX label; rewrite adds navigation and stability results.,REVIEWED_CORRECTED,NONE,Gallery and timeline,I14
CAN-LAM-ARCH-321,Authentication and users,,I15,I15,I15,,Not applicable: generated broad template is superseded and cannot own implementation.,NOT_APPLICABLE,NOT_APPLICABLE,Authentication and users,
CAN-LAM-ARCH-322,Authentication and users,,I15,I15,I15,,Not applicable: generated broad template is superseded and cannot own implementation.,NOT_APPLICABLE,NOT_APPLICABLE,Authentication and users,
CAN-LAM-ARCH-323,Authentication and users,,I15,I15,I15,,Not applicable: generated broad template is superseded and cannot own implementation.,NOT_APPLICABLE,NOT_APPLICABLE,Authentication and users,
CAN-LAM-ARCH-324,Authentication and users,,I15,I15,I15,,Not applicable: generated broad template is superseded and cannot own implementation.,NOT_APPLICABLE,NOT_APPLICABLE,Authentication and users,
CAN-LAM-ARCH-325,Jobs and notifications,I14,I10;I15,,I15,,Desktop-UX label; rewrite adds progress truthfulness.,REVIEWED_CORRECTED,NONE,Jobs and notifications,I14
CAN-LAM-ARCH-326,Jobs and notifications,I14,I10;I15,,I15,,Desktop-UX label; rewrite adds typed state and no-false-success.,REVIEWED_CORRECTED,NONE,Jobs and notifications,I14
CAN-LAM-ARCH-327,Authentication and users,,I15,I15,I15,,Not applicable: generated broad template is superseded and cannot own implementation.,NOT_APPLICABLE,NOT_APPLICABLE,Authentication and users,
CAN-LAM-ARCH-328,Authentication and users,,I15,I15,I15,,Not applicable: generated broad template is superseded and cannot own implementation.,NOT_APPLICABLE,NOT_APPLICABLE,Authentication and users,
CAN-LAM-ARCH-329,Authentication and users,,I15,I15,I15,,Not applicable: generated broad template is superseded and cannot own implementation.,NOT_APPLICABLE,NOT_APPLICABLE,Authentication and users,
CAN-LAM-ARCH-330,Planning and verification governance,,,,,,Reviewed as a non-implementation record or independent gate; no primary implementation phase is assigned.,NOT_APPLICABLE,NONE,Planning and verification governance,
CAN-LAM-ARCH-331,Planning and verification governance,,,,,,Reviewed as a non-implementation record or independent gate; no primary implementation phase is assigned.,NOT_APPLICABLE,NONE,Planning and verification governance,
CAN-LAM-ARCH-332,Gallery and timeline,I5,I5;I15,,I15,,Architecture label; rewrite names the retained behavior.,REVIEWED_CORRECTED,NONE,Gallery and timeline,I5
CAN-LAM-ARCH-333,Asset viewer,I5,I5;I15,,I15,,Architecture label; rewrite names the retained behavior.,REVIEWED_CORRECTED,NONE,Asset viewer,I5
CAN-LAM-ARCH-334,Planning and verification governance,,,,I15,,Not applicable: generated broad template is superseded and cannot own implementation.,NOT_APPLICABLE,NOT_APPLICABLE,Planning and verification governance,
CAN-LAM-ARCH-335,Desktop shell,I2,I2;I15,,I15,,Architecture label; rewrite names the IPC contract and no-mock rule.,REVIEWED_CORRECTED,NONE,Desktop shell,I2
CAN-LAM-ARCH-336,Map and location,,I5;I15,,I15,,Not applicable: generated broad template is superseded and cannot own implementation.,NOT_APPLICABLE,NOT_APPLICABLE,Map and location,I5
CAN-LAM-ARCH-337,Planning and verification governance,,,,I15,,Not applicable: generated broad template is superseded and cannot own implementation.,NOT_APPLICABLE,NOT_APPLICABLE,Planning and verification governance,
CAN-LAM-ARCH-338,Planning and verification governance,,,,,,Reviewed as a non-implementation record or independent gate; no primary implementation phase is assigned.,NOT_APPLICABLE,NONE,Planning and verification governance,
CAN-LAM-ARCH-339,Planning and verification governance,,,,,,Reviewed as a non-implementation record or independent gate; no primary implementation phase is assigned.,NOT_APPLICABLE,NONE,Planning and verification governance,
CAN-LAM-ARCH-340,Planning and verification governance,,,,,,Reviewed as a non-implementation record or independent gate; no primary implementation phase is assigned.,NOT_APPLICABLE,NONE,Planning and verification governance,
CAN-LAM-ARCH-341,Planning and verification governance,,,,,,Reviewed as a non-implementation record or independent gate; no primary implementation phase is assigned.,NOT_APPLICABLE,NONE,Planning and verification governance,
CAN-LAM-ARCH-342,Planning and verification governance,,,,,,Reviewed as a non-implementation record or independent gate; no primary implementation phase is assigned.,NOT_APPLICABLE,NONE,Planning and verification governance,
CAN-LAM-ARCH-343,Planning and verification governance,,,,,,Reviewed as a non-implementation record or independent gate; no primary implementation phase is assigned.,NOT_APPLICABLE,NONE,Planning and verification governance,
CAN-LAM-ARCH-344,Planning and verification governance,,,,,,Reviewed as a non-implementation record or independent gate; no primary implementation phase is assigned.,NOT_APPLICABLE,NONE,Planning and verification governance,
CAN-LAM-ARCH-345,Gallery and timeline,I14,I5;I15,,I15,,Performance label; rewrite adds the budget and stability results.,REVIEWED_CORRECTED,NONE,Gallery and timeline,I14
CAN-LAM-ARCH-346,Mind-map projections,I9,I9;I15,,I15,,Performance label; rewrite adds the budget and failure state.,REVIEWED_CORRECTED,NONE,Mind-map projections,I9
CAN-LAM-ARCH-347,Planning and verification governance,,,,,,Reviewed as a non-implementation record or independent gate; no primary implementation phase is assigned.,NOT_APPLICABLE,NONE,Planning and verification governance,
CAN-LAM-ARCH-348,Planning and verification governance,,,,I15,,Not applicable: generated broad template is superseded and cannot own implementation.,NOT_APPLICABLE,NOT_APPLICABLE,Planning and verification governance,
CAN-LAM-ARCH-349,Legal and rebranding,I1,I1;I15,,I15,,Legal-surface label; rewrite adds presence and release blocking.,REVIEWED_CORRECTED,NONE,Legal and rebranding,I1
CAN-LAM-ARCH-350,Legal and rebranding,I1,I1;I15,,I15,,Legal-surface label; rewrite adds inventory and release blocking.,REVIEWED_CORRECTED,NONE,Legal and rebranding,I1
CAN-LAM-ARCH-351,Legal and rebranding,I1,I1;I15,,I15,,Legal-surface label; rewrite adds inventory and release blocking.,REVIEWED_CORRECTED,NONE,Legal and rebranding,I1
CAN-LAM-ARCH-352,Planning and verification governance,,,,,,Reviewed as a non-implementation record or independent gate; no primary implementation phase is assigned.,NOT_APPLICABLE,NONE,Planning and verification governance,
CAN-LAM-ARCH-353,Planning and verification governance,,,,,,Reviewed as a non-implementation record or independent gate; no primary implementation phase is assigned.,NOT_APPLICABLE,NONE,Planning and verification governance,
CAN-LAM-ARCH-354,Planning and verification governance,,,,,,Reviewed as a non-implementation record or independent gate; no primary implementation phase is assigned.,NOT_APPLICABLE,NONE,Planning and verification governance,
CAN-LAM-ARCH-355,Planning and verification governance,,,,,,Reviewed as a non-implementation record or independent gate; no primary implementation phase is assigned.,NOT_APPLICABLE,NONE,Planning and verification governance,
CAN-LAM-ARCH-356,Planning and verification governance,,,,,,Reviewed as a non-implementation record or independent gate; no primary implementation phase is assigned.,NOT_APPLICABLE,NONE,Planning and verification governance,
CAN-LAM-ARCH-357,Planning and verification governance,,,,,,Reviewed as a non-implementation record or independent gate; no primary implementation phase is assigned.,NOT_APPLICABLE,NONE,Planning and verification governance,
CAN-LAM-ARCH-358,Map and location,,,,,,Reviewed as a non-implementation record or independent gate; no primary implementation phase is assigned.,NOT_APPLICABLE,NONE,Map and location,
CAN-LAM-ARCH-359,Planning and verification governance,,,,I15,,Graphify-field label; reclassified as a phase-completeness constraint.,NOT_APPLICABLE,NONE,Planning and verification governance,
CAN-LAM-ARCH-360,Planning and verification governance,,,,,,Reviewed as a non-implementation record or independent gate; no primary implementation phase is assigned.,NOT_APPLICABLE,NONE,Planning and verification governance,
CAN-LAM-ARCH-361,Planning and verification governance,,,,,,Reviewed as a non-implementation record or independent gate; no primary implementation phase is assigned.,NOT_APPLICABLE,NONE,Planning and verification governance,
CAN-LAM-ARCH-362,Authentication and users,,I15,I15,I15,,Not applicable: generated broad template is superseded and cannot own implementation.,NOT_APPLICABLE,NOT_APPLICABLE,Authentication and users,
CAN-LAM-ARCH-363,Planning and verification governance,,,,,,Reviewed as a non-implementation record or independent gate; no primary implementation phase is assigned.,NOT_APPLICABLE,NONE,Planning and verification governance,
CAN-LAM-ARCH-364,Planning and verification governance,,,,,,Reviewed as a non-implementation record or independent gate; no primary implementation phase is assigned.,NOT_APPLICABLE,NONE,Planning and verification governance,
CAN-LAM-ARCH-365,Planning and verification governance,,,,,,Reviewed as a non-implementation record or independent gate; no primary implementation phase is assigned.,NOT_APPLICABLE,NONE,Planning and verification governance,
CAN-LAM-ARCH-366,Map and location,,,,,,Reviewed as a non-implementation record or independent gate; no primary implementation phase is assigned.,NOT_APPLICABLE,NONE,Map and location,
CAN-LAM-ARCH-367,Planning and verification governance,,,,,,Reviewed as a non-implementation record or independent gate; no primary implementation phase is assigned.,NOT_APPLICABLE,NONE,Planning and verification governance,
CAN-LAM-ARCH-368,Legal and rebranding,I1,I1;I15,,I15,,Phase label; rewrite adds identity scope and legal preservation.,REVIEWED_CORRECTED,NONE,Legal and rebranding,I1
CAN-LAM-ARCH-369,Planning and verification governance,,,,I15,,Not applicable: generated broad template is superseded and cannot own implementation.,NOT_APPLICABLE,NOT_APPLICABLE,Planning and verification governance,
CAN-LAM-ARCH-370,Desktop shell,I2,I2;I15,,I15,,Phase label; rewrite adds the shell foundation.,REVIEWED_CORRECTED,NONE,Desktop shell,I2
CAN-LAM-ARCH-371,Desktop shell,,I2;I15,,I15,,Not applicable: generated broad template is superseded and cannot own implementation.,NOT_APPLICABLE,NOT_APPLICABLE,Desktop shell,I2
CAN-LAM-ARCH-372,Desktop shell,,I2;I15,,I15,,Not applicable: generated broad template is superseded and cannot own implementation.,NOT_APPLICABLE,NOT_APPLICABLE,Desktop shell,I2
CAN-LAM-ARCH-373,Desktop shell,,I2;I15,,I15,,Not applicable: fragment is retained only as source provenance.,NOT_APPLICABLE,NOT_APPLICABLE,Desktop shell,I2
CAN-LAM-ARCH-374,Media ingestion and derivation,I4,I4;I15,,I15,,Phase label; rewrite adds scan behavior and errors.,REVIEWED_CORRECTED,NONE,Media ingestion and derivation,I4
CAN-LAM-ARCH-375,Media ingestion and derivation,I4,I4;I15,,I15,,Phase label; rewrite adds change detection and no-mutation.,REVIEWED_CORRECTED,NONE,Media ingestion and derivation,I4
CAN-LAM-ARCH-376,Gallery and timeline,I5,I5;I15,,I15,,"Timeline rendering is an Offline Library Experience behavior, not media ingestion.",REVIEWED_CORRECTED,NONE,Gallery and timeline,I5
CAN-LAM-ARCH-377,Media ingestion and derivation,,I5;I15,,I15,,Not applicable: generated broad template is superseded and cannot own implementation.,NOT_APPLICABLE,NOT_APPLICABLE,Map and location,I5
CAN-LAM-ARCH-378,Media ingestion and derivation,,I5;I15,,I15,,Not applicable: generated broad template is superseded and cannot own implementation.,NOT_APPLICABLE,NOT_APPLICABLE,Jobs and notifications,I5
CAN-LAM-ARCH-379,Media ingestion and derivation,,I2;I15,,I15,,Not applicable: generated broad template is superseded and cannot own implementation.,NOT_APPLICABLE,NOT_APPLICABLE,Desktop shell,I2
CAN-LAM-ARCH-380,Events and organization,I6,I6;I15,,I15,,Phase label; rewrite adds link and no-mutation.,REVIEWED_CORRECTED,NONE,Events and organization,I6
CAN-LAM-ARCH-381,Events and organization,I6,I6;I15,,I15,,Phase label; rewrite adds preview and approval.,REVIEWED_CORRECTED,NONE,Events and organization,I6
CAN-LAM-ARCH-382,People and faces,I7,I7;I15,,I15,,Phase label; rewrite adds reviewability and undo.,REVIEWED_CORRECTED,NONE,People and faces,I7
CAN-LAM-ARCH-383,People and faces,I7,I7;I15,,I15,,Phase label; rewrite adds identity and alias preservation.,REVIEWED_CORRECTED,NONE,People and faces,I7
CAN-LAM-ARCH-384,People and faces,I7,I7;I15,,I15,,Phase label; rewrite adds exclusion and preservation.,REVIEWED_CORRECTED,NONE,People and faces,I7
CAN-LAM-ARCH-385,People and faces,I7,I7;I15,,I15,,Phase label; rewrite adds history preservation.,REVIEWED_CORRECTED,NONE,People and faces,I7
CAN-LAM-ARCH-386,Relationships and attribution,I8,I8;I15,,I15,,Phase label; rewrite adds namespace enforcement.,REVIEWED_CORRECTED,NONE,Relationships and attribution,I8
CAN-LAM-ARCH-387,Relationships and attribution,I8,I8;I15,,I15,,Phase label; rewrite adds the review-first rule.,REVIEWED_CORRECTED,NONE,Relationships and attribution,I8
CAN-LAM-ARCH-388,Relationships and attribution,,I8;I15,,I15,,Not applicable: generated broad template is superseded and cannot own implementation.,NOT_APPLICABLE,NOT_APPLICABLE,People and faces,I8
CAN-LAM-ARCH-389,Relationships and attribution,,I8;I15,,I15,,Not applicable: generated broad template is superseded and cannot own implementation.,NOT_APPLICABLE,NOT_APPLICABLE,People and faces,I8
CAN-LAM-ARCH-390,Relationships and attribution,I8,I8;I15,,I15,,Phase label; rewrite adds role independence.,REVIEWED_CORRECTED,NONE,Relationships and attribution,I8
CAN-LAM-ARCH-391,Relationships and attribution,I8,I8;I15,,I15,,Phase label; rewrite adds provenance and independence.,REVIEWED_CORRECTED,NONE,Relationships and attribution,I8
CAN-LAM-ARCH-392,Mind-map projections,I9,I9;I15,,I15,,Phase label; rewrite adds safe save and restore.,REVIEWED_CORRECTED,NONE,Mind-map projections,I9
CAN-LAM-ARCH-393,Mind-map projections,I9,I9;I15,,I15,,Phase label; rewrite adds preview and approval.,REVIEWED_CORRECTED,NONE,Mind-map projections,I9
CAN-LAM-ARCH-394,Local AI worker,I10,I10;I15,,I15,,Phase label; rewrite adds provenance and approval gate.,REVIEWED_CORRECTED,NONE,Local AI worker,I10
CAN-LAM-ARCH-395,Local AI worker,I10,I10;I15,,I15,,Phase label; rewrite adds measurable metrics and recording.,REVIEWED_CORRECTED,NONE,Local AI worker,I10
CAN-LAM-ARCH-396,Local AI worker,I10,I10;I15,,I15,,Phase label; rewrite adds provider selection and recording.,REVIEWED_CORRECTED,NONE,Local AI worker,I10
CAN-LAM-ARCH-397,Local AI worker,,I0;I15,,,,Not applicable: generated broad template is superseded and cannot own implementation.,NOT_APPLICABLE,NOT_APPLICABLE,Local AI worker,
CAN-LAM-ARCH-398,Editing,I11,I11;I15,,I15,,Phase label; rewrite adds versioning and restore.,REVIEWED_CORRECTED,NONE,Editing,I11
CAN-LAM-ARCH-399,Editing,I11,I11;I15,,I15,,"Phase label; rewrite adds preview, approval, and reporting.",REVIEWED_CORRECTED,NONE,Editing,I11
CAN-LAM-ARCH-400,External drives and path resilience,I12,I12;I15,,I15,,Phase label; rewrite adds identity reconciliation.,REVIEWED_CORRECTED,NONE,External drives and path resilience,I12
CAN-LAM-ARCH-401,External drives and path resilience,I12,I12;I15,,I15,,Phase label; rewrite adds the identity rule.,REVIEWED_CORRECTED,NONE,External drives and path resilience,I12
CAN-LAM-ARCH-402,External drives and path resilience,I12,I12;I15,,I15,,Phase label; rewrite adds the identity rule.,REVIEWED_CORRECTED,NONE,External drives and path resilience,I12
CAN-LAM-ARCH-403,External drives and path resilience,I12,I3;I15,,I15,,Phase label; rewrite adds recovery and no-guessing.,REVIEWED_CORRECTED,NONE,External drives and path resilience,I12
CAN-LAM-ARCH-404,External drives and path resilience,I12,I12;I15,,I15,,Phase label; rewrite adds detached-mode behavior.,REVIEWED_CORRECTED,NONE,External drives and path resilience,I12
CAN-LAM-ARCH-405,"Backup, trash, restore and rebuild",I13,I13;I15,,I15,,Phase label; rewrite adds validation and no-mutation.,REVIEWED_CORRECTED,NONE,"Backup, trash, restore and rebuild",I13
CAN-LAM-ARCH-406,Performance and scale,I14,I4;I15,,I15,,Mandatory correction: the label was routed through the root-authorization template; rewrite restores measurable performance budgets.,REVIEWED_CORRECTED,NONE,Libraries and storage,I14
CAN-LAM-ARCH-407,Desktop shell,I14,I2;I15,,I15,,Phase label; rewrite adds scheduling and responsiveness.,REVIEWED_CORRECTED,NONE,Desktop shell,I14
CAN-LAM-ARCH-408,Desktop shell,I14,I2;I15,,I15,,Phase label; rewrite adds virtualization and responsiveness.,REVIEWED_CORRECTED,NONE,Desktop shell,I14
CAN-LAM-ARCH-409,Jobs and notifications,I14,I14;I15,,I15,,Phase label; rewrite adds typed state and no-false-success.,REVIEWED_CORRECTED,NONE,Jobs and notifications,I14
CAN-LAM-ARCH-410,Planning and verification governance,,,,I15,,Not applicable: generated broad template is superseded and cannot own implementation.,NOT_APPLICABLE,NOT_APPLICABLE,Planning and verification governance,
CAN-LAM-ARCH-411,Duplicates,,I15,,I15,,Not applicable: generated broad template is superseded and cannot own implementation.,NOT_APPLICABLE,NOT_APPLICABLE,Duplicates,
CAN-LAM-ARCH-412,Planning and verification governance,,,,,,Reviewed as a non-implementation record or independent gate; no primary implementation phase is assigned.,NOT_APPLICABLE,NONE,Planning and verification governance,
CAN-LAM-ARCH-413,Planning and verification governance,,,,,,Reviewed as a non-implementation record or independent gate; no primary implementation phase is assigned.,NOT_APPLICABLE,NONE,Planning and verification governance,
CAN-LAM-ARCH-414,Planning and verification governance,,I0;I15,,,,Not applicable: generated broad template is superseded and cannot own implementation.,NOT_APPLICABLE,NOT_APPLICABLE,Planning and verification governance,
CAN-LAM-ARCH-415,Planning and verification governance,,,,I15,,Bounded-loop label; reclassified as a scope constraint.,NOT_APPLICABLE,NONE,Planning and verification governance,
CAN-LAM-ARCH-416,Initial recursive scanner,I4,I0;I15,,,,Replaced a one-word gate with an adversarial scanner acceptance test.,REVIEWED_CORRECTED,NONE,Planning and verification governance,
CAN-LAM-ARCH-417,Mind-map projections,I9,I9;I15,,I15,,Label names mind-map draft; rewrite adds persistence and recovery outcomes.,REVIEWED_CORRECTED,NONE,Mind-map projections,I9
CAN-LAM-ARCH-418,Mind-map projections,I9,I9;I15,,I15,,Label names mind-map materialization; rewrite adds preview and approval.,REVIEWED_CORRECTED,NONE,Mind-map projections,I9
CAN-LAM-ARCH-419,Planning and verification governance,,I0;I15,,,,Not applicable: generated broad template is superseded and cannot own implementation.,NOT_APPLICABLE,NOT_APPLICABLE,Planning and verification governance,
CAN-LAM-ARCH-420,Planning and verification governance,,I0;I15,,,,Not applicable: generated broad template is superseded and cannot own implementation.,NOT_APPLICABLE,NOT_APPLICABLE,Planning and verification governance,
CAN-LAM-ARCH-421,Planning and verification governance,,I0;I15,,,,Not applicable: generated broad template is superseded and cannot own implementation.,NOT_APPLICABLE,NOT_APPLICABLE,Planning and verification governance,
CAN-LAM-ARCH-422,Planning and verification governance,,I0;I15,,,,Not applicable: generated broad template is superseded and cannot own implementation.,NOT_APPLICABLE,NOT_APPLICABLE,Planning and verification governance,
CAN-LAM-ARCH-423,Planning and verification governance,,I0;I15,,,,Not applicable: generated broad template is superseded and cannot own implementation.,NOT_APPLICABLE,NOT_APPLICABLE,Planning and verification governance,
CAN-LAM-ARCH-424,Planning and verification governance,,,,,,Reviewed as a non-implementation record or independent gate; no primary implementation phase is assigned.,NOT_APPLICABLE,NONE,Planning and verification governance,
CAN-LAM-ARCH-425,Metadata,I3,I3;I15,,I15,,Label names sidecar separation; rewrite adds the authority-separation result.,REVIEWED_CORRECTED,NONE,Metadata,I3
CAN-LAM-ARCH-426,Planning and verification governance,,,,,,Reviewed as a non-implementation record or independent gate; no primary implementation phase is assigned.,NOT_APPLICABLE,NONE,Planning and verification governance,
CAN-LAM-ARCH-427,Planning and verification governance,,,,,,Reviewed as a non-implementation record or independent gate; no primary implementation phase is assigned.,NOT_APPLICABLE,NONE,Planning and verification governance,
CAN-LAM-ARCH-428,Planning and verification governance,,,,,,Reviewed as a non-implementation record or independent gate; no primary implementation phase is assigned.,NOT_APPLICABLE,NONE,Planning and verification governance,
CAN-LAM-ARCH-429,Planning and verification governance,,,,,,Reviewed as a non-implementation record or independent gate; no primary implementation phase is assigned.,NOT_APPLICABLE,NONE,Planning and verification governance,
CAN-LAM-ARCH-430,Planning and verification governance,,,,,,Reviewed as a non-implementation record or independent gate; no primary implementation phase is assigned.,NOT_APPLICABLE,NONE,Planning and verification governance,
CAN-LAM-ARCH-431,Planning and verification governance,,,,,,Reviewed as a non-implementation record or independent gate; no primary implementation phase is assigned.,NOT_APPLICABLE,NONE,Planning and verification governance,
CAN-LAM-ARCH-432,Planning and verification governance,,,,,,Reviewed as a non-implementation record or independent gate; no primary implementation phase is assigned.,NOT_APPLICABLE,NONE,Planning and verification governance,
CAN-LAM-ARCH-433,Planning and verification governance,,,,,,Reviewed as a non-implementation record or independent gate; no primary implementation phase is assigned.,NOT_APPLICABLE,NONE,Planning and verification governance,
CAN-LAM-ARCH-434,Legal and rebranding,I1,I1;I15,,I15,,Rebranding-surface label; rewrite adds the consistency check and failure result.,REVIEWED_CORRECTED,NONE,Legal and rebranding,I1
CAN-LAM-ARCH-435,Legal and rebranding,I1,I1;I15,,I15,,Rebranding-surface label; rewrite adds presence and consistency checks.,REVIEWED_CORRECTED,NONE,Legal and rebranding,I1
CAN-LAM-ARCH-436,Legal and rebranding,I1,I1;I15,,I15,,Rebranding-surface label; rewrite adds presence and consistency checks.,REVIEWED_CORRECTED,NONE,Legal and rebranding,I1
CAN-LAM-ARCH-437,Legal and rebranding,I1,I1;I15,,I15,,Rebranding-surface label; rewrite adds identifier validation.,REVIEWED_CORRECTED,NONE,Legal and rebranding,I1
CAN-LAM-ARCH-438,Legal and rebranding,I1,I1;I15,,I15,,Rebranding-surface label; rewrite adds name validation.,REVIEWED_CORRECTED,NONE,Legal and rebranding,I1
CAN-LAM-ARCH-439,Legal and rebranding,I1,I1;I15,,I15,,Rebranding-surface label; rewrite adds name validation.,REVIEWED_CORRECTED,NONE,Legal and rebranding,I1
CAN-LAM-ARCH-440,Legal and rebranding,I1,I1;I15,,I15,,Rebranding-surface label; rewrite adds content validation.,REVIEWED_CORRECTED,NONE,Legal and rebranding,I1
CAN-LAM-ARCH-441,Legal and rebranding,I1,I1;I15,,I15,,Legal-surface label; rewrite adds presence and evidence checks.,REVIEWED_CORRECTED,NONE,Legal and rebranding,I1
CAN-LAM-ARCH-442,Legal and rebranding,I1,I1;I15,,I15,,Legal-surface label; rewrite adds attribution validation.,REVIEWED_CORRECTED,NONE,Legal and rebranding,I1
CAN-LAM-ARCH-443,Legal and rebranding,I1,I1;I15,,I15,,Legal-surface label; rewrite adds licence validation.,REVIEWED_CORRECTED,NONE,Legal and rebranding,I1
CAN-LAM-ARCH-444,Active-plan authority adoption,I0,I0;I15,,,,"Statement is already record-specific (completion tracker preserves requirement/package status changes, rejects divergence); it does not reproduce a legacy template.",REVIEWED_CONFIRMED,NONE,Active-plan authority adoption,I0
CAN-LAM-ARCH-445,Planning and verification governance,,I0;I15,,,,Not applicable: generated broad template is superseded and cannot own implementation.,NOT_APPLICABLE,NOT_APPLICABLE,Planning and verification governance,
CAN-LAM-ARCH-446,Planning and verification governance,,,,,,Reviewed as a non-implementation record or independent gate; no primary implementation phase is assigned.,NOT_APPLICABLE,NONE,Planning and verification governance,
CAN-LAM-ARCH-447,Planning and verification governance,,,,,,Reviewed as a non-implementation record or independent gate; no primary implementation phase is assigned.,NOT_APPLICABLE,NONE,Planning and verification governance,
CAN-LAM-ARCH-448,Planning and verification governance,,,,,,Reviewed as a non-implementation record or independent gate; no primary implementation phase is assigned.,NOT_APPLICABLE,NONE,Planning and verification governance,
CAN-LAM-ARCH-449,Planning and verification governance,,,,,,Reviewed as a non-implementation record or independent gate; no primary implementation phase is assigned.,NOT_APPLICABLE,NONE,Planning and verification governance,
CAN-LAM-ARCH-450,Planning and verification governance,,,,,,Reviewed as a non-implementation record or independent gate; no primary implementation phase is assigned.,NOT_APPLICABLE,NONE,Planning and verification governance,
CAN-LAM-ARCH-451,Planning and verification governance,,,,,,Reviewed as a non-implementation record or independent gate; no primary implementation phase is assigned.,NOT_APPLICABLE,NONE,Planning and verification governance,
CAN-LAM-ARCH-452,Planning and verification governance,,,,,,Reviewed as a non-implementation record or independent gate; no primary implementation phase is assigned.,NOT_APPLICABLE,NONE,Planning and verification governance,
CAN-LAM-ARCH-453,Planning and verification governance,,,,,,Reviewed as a non-implementation record or independent gate; no primary implementation phase is assigned.,NOT_APPLICABLE,NONE,Planning and verification governance,
CAN-LAM-ARCH-454,Planning and verification governance,,,,,,Reviewed as a non-implementation record or independent gate; no primary implementation phase is assigned.,NOT_APPLICABLE,NONE,Planning and verification governance,
CAN-LAM-ARCH-455,Planning and verification governance,,,,I15,,Handoff field label; reclassified as a completeness constraint.,NOT_APPLICABLE,NONE,Planning and verification governance,
CAN-LAM-ARCH-456,Planning and verification governance,,,,I15,,Handoff field label; reclassified as a completeness constraint.,NOT_APPLICABLE,NONE,Planning and verification governance,
CAN-LAM-ARCH-457,Planning and verification governance,,,,I15,,Handoff field label; reclassified as a completeness constraint.,NOT_APPLICABLE,NONE,Planning and verification governance,
CAN-LAM-ARCH-458,Planning and verification governance,,,,I15,,Not applicable: generated broad template is superseded and cannot own implementation.,NOT_APPLICABLE,NOT_APPLICABLE,Planning and verification governance,
CAN-LAM-ARCH-459,Planning and verification governance,,I0;I15,,,,Not applicable: generated broad template is superseded and cannot own implementation.,NOT_APPLICABLE,NOT_APPLICABLE,Planning and verification governance,
CAN-LAM-ARCH-460,Planning and verification governance,,I0;I15,,,,Not applicable: generated broad template is superseded and cannot own implementation.,NOT_APPLICABLE,NOT_APPLICABLE,Planning and verification governance,
CAN-LAM-ARCH-461,Planning and verification governance,,I0;I15,,,,Not applicable: generated broad template is superseded and cannot own implementation.,NOT_APPLICABLE,NOT_APPLICABLE,Planning and verification governance,
CAN-LAM-ARCH-462,Planning and verification governance,,I0;I15,,,,Not applicable: generated broad template is superseded and cannot own implementation.,NOT_APPLICABLE,NOT_APPLICABLE,Planning and verification governance,
CAN-LAM-ARCH-463,Planning and verification governance,,I0;I15,,,,Not applicable: generated broad template is superseded and cannot own implementation.,NOT_APPLICABLE,NOT_APPLICABLE,Planning and verification governance,
CAN-LAM-ARCH-464,Planning and verification governance,,I0;I15,,,,Not applicable: generated broad template is superseded and cannot own implementation.,NOT_APPLICABLE,NOT_APPLICABLE,Planning and verification governance,
CAN-LAM-ARCH-465,Planning and verification governance,,I0;I15,,,,Not applicable: generated broad template is superseded and cannot own implementation.,NOT_APPLICABLE,NOT_APPLICABLE,Planning and verification governance,
CAN-LAM-ARCH-466,Libraries and storage,,I0;I15,,,,Not applicable: generated broad template is superseded and cannot own implementation.,NOT_APPLICABLE,NOT_APPLICABLE,Libraries and storage,
CAN-LAM-ARCH-467,Planning and verification governance,,I0;I15,,,,Not applicable: generated broad template is superseded and cannot own implementation.,NOT_APPLICABLE,NOT_APPLICABLE,Planning and verification governance,
CAN-LAM-ARCH-468,Map and location,,I0;I15,,,,Not applicable: generated broad template is superseded and cannot own implementation.,NOT_APPLICABLE,NOT_APPLICABLE,Map and location,
CAN-LAM-ARCH-469,Map and location,,I0;I15,,,,Not applicable: generated broad template is superseded and cannot own implementation.,NOT_APPLICABLE,NOT_APPLICABLE,Map and location,
CAN-LAM-ARCH-470,Planning and verification governance,,I0;I15,,,,Not applicable: generated broad template is superseded and cannot own implementation.,NOT_APPLICABLE,NOT_APPLICABLE,Planning and verification governance,
CAN-LAM-ARCH-471,Planning and verification governance,,I0;I15,,,,Not applicable: generated broad template is superseded and cannot own implementation.,NOT_APPLICABLE,NOT_APPLICABLE,Planning and verification governance,
CAN-LAM-ARCH-472,Desktop shell,,I0;I15,,,,Not applicable: generated broad template is superseded and cannot own implementation.,NOT_APPLICABLE,NOT_APPLICABLE,Desktop shell,
CAN-LAM-ARCH-473,Planning and verification governance,,I0;I15,,,,Not applicable: generated broad template is superseded and cannot own implementation.,NOT_APPLICABLE,NOT_APPLICABLE,Planning and verification governance,
CAN-LAM-ARCH-474,Planning and verification governance,,I0;I15,,,,Not applicable: generated broad template is superseded and cannot own implementation.,NOT_APPLICABLE,NOT_APPLICABLE,Planning and verification governance,
CAN-LAM-ARCH-475,Planning and verification governance,,I0;I15,,,,Not applicable: generated broad template is superseded and cannot own implementation.,NOT_APPLICABLE,NOT_APPLICABLE,Planning and verification governance,
CAN-LAM-ARCH-476,Planning and verification governance,,I0;I15,,,,Not applicable: generated broad template is superseded and cannot own implementation.,NOT_APPLICABLE,NOT_APPLICABLE,Planning and verification governance,
CAN-LAM-ARCH-477,Legal and rebranding,,I0;I15,,,,Not applicable: generated broad template is superseded and cannot own implementation.,NOT_APPLICABLE,NOT_APPLICABLE,Legal and rebranding,
CAN-LAM-ARCH-478,Desktop shell,,I0;I15,,,,Not applicable: generated broad template is superseded and cannot own implementation.,NOT_APPLICABLE,NOT_APPLICABLE,Desktop shell,
CAN-LAM-ARCH-479,Desktop shell,,I0;I15,,,,Not applicable: generated broad template is superseded and cannot own implementation.,NOT_APPLICABLE,NOT_APPLICABLE,Desktop shell,
CAN-LAM-ARCH-480,Local data authority,,I0;I15,,,,Not applicable: generated broad template is superseded and cannot own implementation.,NOT_APPLICABLE,NOT_APPLICABLE,Local data authority,
CAN-LAM-ARCH-481,Jobs and notifications,,I0;I15,,,,Not applicable: generated broad template is superseded and cannot own implementation.,NOT_APPLICABLE,NOT_APPLICABLE,Jobs and notifications,
CAN-LAM-ARCH-482,Authentication and users,,I0;I15,,,,Not applicable: generated broad template is superseded and cannot own implementation.,NOT_APPLICABLE,NOT_APPLICABLE,Authentication and users,
CAN-LAM-ARCH-483,Sharing and mobile backup,,I0;I15,,,,Not applicable: generated broad template is superseded and cannot own implementation.,NOT_APPLICABLE,NOT_APPLICABLE,Sharing and mobile backup,
CAN-LAM-ARCH-484,Sharing and mobile backup,,I0;I15,,,,Not applicable: generated broad template is superseded and cannot own implementation.,NOT_APPLICABLE,NOT_APPLICABLE,Sharing and mobile backup,
CAN-LAM-ARCH-485,Planning and verification governance,,I0;I15,,,,Not applicable: generated broad template is superseded and cannot own implementation.,NOT_APPLICABLE,NOT_APPLICABLE,Planning and verification governance,
CAN-LAM-ARCH-486,Events and organization,,I0;I15,,,,Not applicable: generated broad template is superseded and cannot own implementation.,NOT_APPLICABLE,NOT_APPLICABLE,Events and organization,
CAN-LAM-ARCH-487,Planning and verification governance,,I0;I15,,,,Not applicable: generated broad template is superseded and cannot own implementation.,NOT_APPLICABLE,NOT_APPLICABLE,Planning and verification governance,
CAN-LAM-ARCH-488,Planning and verification governance,,I0;I15,,,,Not applicable: generated broad template is superseded and cannot own implementation.,NOT_APPLICABLE,NOT_APPLICABLE,Planning and verification governance,
CAN-LAM-ARCH-489,Map and location,,I0;I15,,,,Not applicable: generated broad template is superseded and cannot own implementation.,NOT_APPLICABLE,NOT_APPLICABLE,Map and location,
CAN-LAM-ARCH-490,Tags,,I0;I15,,,,Not applicable: generated broad template is superseded and cannot own implementation.,NOT_APPLICABLE,NOT_APPLICABLE,Tags,
CAN-LAM-ARCH-491,Review Centre,,I0;I15,,,,Not applicable: generated broad template is superseded and cannot own implementation.,NOT_APPLICABLE,NOT_APPLICABLE,Review Centre,
CAN-LAM-ARCH-492,Planning and verification governance,,I0;I15,,,,Not applicable: generated broad template is superseded and cannot own implementation.,NOT_APPLICABLE,NOT_APPLICABLE,Planning and verification governance,
CAN-LAM-ARCH-493,Planning and verification governance,,,,,,"Reviewed as an implementation-agent/governance guardrail, not an application runtime feature.",NOT_APPLICABLE,NONE,Planning and verification governance,
CAN-LAM-ARCH-494,Planning and verification governance,,,,I15,,Not applicable: generated broad template is superseded and cannot own implementation.,NOT_APPLICABLE,NOT_APPLICABLE,Planning and verification governance,
CAN-LAM-ARCH-495,Planning and verification governance,,,,,,"Reviewed as an implementation-agent/governance guardrail, not an application runtime feature.",NOT_APPLICABLE,NONE,Authentication and users,
CAN-LAM-ARCH-496,Planning and verification governance,,,,,,"Reviewed as an implementation-agent/governance guardrail, not an application runtime feature.",NOT_APPLICABLE,NONE,Planning and verification governance,
CAN-LAM-ARCH-497,Planning and verification governance,,,,,,"Reviewed as an implementation-agent/governance guardrail, not an application runtime feature.",NOT_APPLICABLE,NONE,Legal and rebranding,
CAN-LAM-ARCH-498,Planning and verification governance,,,,,,"Reviewed as an implementation-agent/governance guardrail, not an application runtime feature.",NOT_APPLICABLE,NONE,Planning and verification governance,
CAN-LAM-ARCH-499,Planning and verification governance,,,,,,"Reviewed as an implementation-agent/governance guardrail, not an application runtime feature.",NOT_APPLICABLE,NONE,Planning and verification governance,
CAN-LAM-ARCH-500,Planning and verification governance,,,,,,"Reviewed as an implementation-agent/governance guardrail, not an application runtime feature.",NOT_APPLICABLE,NONE,Planning and verification governance,
CAN-LAM-ARCH-501,Planning and verification governance,,,,I15,,Not applicable: generated broad template is superseded and cannot own implementation.,NOT_APPLICABLE,NOT_APPLICABLE,Planning and verification governance,
CAN-LAM-ARCH-502,Planning and verification governance,,,,,,Reviewed as a non-implementation record or independent gate; no primary implementation phase is assigned.,NOT_APPLICABLE,NONE,Planning and verification governance,
CAN-LAM-ARCH-503,Planning and verification governance,,,,,,Reviewed as a non-implementation record or independent gate; no primary implementation phase is assigned.,NOT_APPLICABLE,NONE,Planning and verification governance,
CAN-LAM-ARCH-504,Planning and verification governance,,,,,,Reviewed as a non-implementation record or independent gate; no primary implementation phase is assigned.,NOT_APPLICABLE,NONE,Planning and verification governance,
CAN-LAM-ARCH-505,Legal and rebranding,,,,,,Reviewed as a non-implementation record or independent gate; no primary implementation phase is assigned.,NOT_APPLICABLE,NONE,Legal and rebranding,
CAN-LAM-ARCH-506,Planning and verification governance,,,,,,Reviewed as a non-implementation record or independent gate; no primary implementation phase is assigned.,NOT_APPLICABLE,NONE,Planning and verification governance,
CAN-LAM-ARCH-507,Planning and verification governance,,,,,,Reviewed as a non-implementation record or independent gate; no primary implementation phase is assigned.,NOT_APPLICABLE,NONE,Planning and verification governance,
CAN-LAM-ARCH-508,Planning and verification governance,,,,,,Informational planning-context record already states the question it preserves; no legacy template is reproduced.,NOT_APPLICABLE,NONE,Planning and verification governance,
CAN-LAM-ARCH-509,Planning and verification governance,,,,,,Reviewed as a non-implementation record or independent gate; no primary implementation phase is assigned.,NOT_APPLICABLE,NONE,Planning and verification governance,
CAN-LAM-ASSET-001,Metadata,,I8;I15,,I15,,Not applicable: generated broad template is superseded and cannot own implementation.,NOT_APPLICABLE,NOT_APPLICABLE,Metadata,I8
CAN-LAM-ASSET-002,"Backup, trash, restore and rebuild",I13,I13;I15,,I15,CAN-LAM-ASSET-002,"Reviewed as Backup, Trash, Restore, and Rebuild work because the obligation's primary implementation surface is Backup, trash, restore and rebuild; integration verification, removal, and release responsibilities remain separate.",REVIEWED_CORRECTED,NONE,Metadata,I13
CAN-LAM-ASSET-003,Asset viewer,,I5;I15,,I15,,Not applicable: generated broad template is superseded and cannot own implementation.,NOT_APPLICABLE,NOT_APPLICABLE,Asset viewer,I5
CAN-LAM-ASSET-004,Media ingestion and derivation,I4,I2;I15,,I15,,The requirement spans the approved media-class contract; HEIF/RAW decode is only one dependent implementation slice.,REVIEWED_CORRECTED,NONE,Desktop shell,I2
CAN-LAM-ASSET-005,Metadata,,I3;I15,,I15,,Not applicable: generated broad template is superseded and cannot own implementation.,NOT_APPLICABLE,NOT_APPLICABLE,Metadata,I3
CAN-LAM-ASSET-006,Relationships and attribution,,I8;I15,,I15,CAN-LAM-ASSET-006,Not applicable: generated broad template is superseded and cannot own implementation.,NOT_APPLICABLE,NOT_APPLICABLE,People and faces,I8
CAN-LAM-ASSET-007,People and faces,,I7;I15,,I15,,Not applicable: generated broad template is superseded and cannot own implementation.,NOT_APPLICABLE,NOT_APPLICABLE,People and faces,I7
CAN-LAM-ASSET-008,Local data authority,,I3;I15,,I15,CAN-LAM-ASSET-008,Not applicable: generated broad template is superseded and cannot own implementation.,NOT_APPLICABLE,NOT_APPLICABLE,Local data authority,I3
CAN-LAM-ASSET-009,Local data authority,,I3;I15,,I15,,Not applicable: generated broad template is superseded and cannot own implementation.,NOT_APPLICABLE,NOT_APPLICABLE,Metadata,I3
CAN-LAM-ASSET-010,Asset identity and records,,I3;I15,,I15,,Not applicable: generated broad template is superseded and cannot own implementation.,NOT_APPLICABLE,NOT_APPLICABLE,Metadata,I3
CAN-LAM-ASSET-011,Local data authority,,I3;I15,,I15,,Reviewed as a final-state prohibition; replacement implementation and I15 removal validation are represented separately.,REVIEWED_CORRECTED,NONE,Local data authority,I3
CAN-LAM-ASSET-012,Local data authority,,I11;I15,,I15,,Not applicable: generated broad template is superseded and cannot own implementation.,NOT_APPLICABLE,NOT_APPLICABLE,Metadata,I11
CAN-LAM-ASSET-013,Relationships and attribution,I8,I8;I15,,I15,,"Reviewed as Tags, Relationships, and Attribution work because the obligation's primary implementation surface is Relationships and attribution; integration verification, removal, and release responsibilities remain separate.",REVIEWED_CORRECTED,NONE,Metadata,I8
CAN-LAM-ASSET-014,Local data authority,,I3;I15,,I15,,Not applicable: generated broad template is superseded and cannot own implementation.,NOT_APPLICABLE,NOT_APPLICABLE,Local data authority,I3
CAN-LAM-ASSET-015,Relationships and attribution,,I8;I15,,I15,,Not applicable: generated broad template is superseded and cannot own implementation.,NOT_APPLICABLE,NOT_APPLICABLE,Metadata,I8
CAN-LAM-ASSET-016,Local data authority,,I3;I15,,I15,,Not applicable: generated broad template is superseded and cannot own implementation.,NOT_APPLICABLE,NOT_APPLICABLE,Local data authority,I3
CAN-LAM-ASSET-017,Local data authority,,I7;I15,,I15,CAN-LAM-ASSET-017,Not applicable: generated broad template is superseded and cannot own implementation.,NOT_APPLICABLE,NOT_APPLICABLE,Metadata,I7
CAN-LAM-ASSET-018,Local data authority,I3,I3;I15,,I15,CAN-LAM-ASSET-018,"Reviewed as Authoritative Data and Transaction Foundation work because the obligation's primary implementation surface is Local data authority; integration verification, removal, and release responsibilities remain separate.",REVIEWED_CORRECTED,NONE,Metadata,I3
CAN-LAM-ASSET-019,"Backup, trash, restore and rebuild",,I13;I15,,I15,,Not applicable: generated broad template is superseded and cannot own implementation.,NOT_APPLICABLE,NOT_APPLICABLE,Metadata,I13
CAN-LAM-ASSET-020,Local data authority,,I3;I15,,I15,,Not applicable: generated broad template is superseded and cannot own implementation.,NOT_APPLICABLE,NOT_APPLICABLE,Metadata,I3
CAN-LAM-ASSET-021,Local data authority,,I3;I15,,I15,CAN-LAM-ASSET-021,Not applicable: generated broad template is superseded and cannot own implementation.,NOT_APPLICABLE,NOT_APPLICABLE,Local data authority,I3
CAN-LAM-ASSET-022,Local data authority,,I11;I15,,I15,,Not applicable: generated broad template is superseded and cannot own implementation.,NOT_APPLICABLE,NOT_APPLICABLE,Editing,I11
CAN-LAM-ASSET-023,Filesystem transactions and recovery,,I3;I15,,I15,,Not applicable: generated broad template is superseded and cannot own implementation.,NOT_APPLICABLE,NOT_APPLICABLE,Local data authority,I3
CAN-LAM-ASSET-024,Local data authority,I3,I3;I15,,I15,,"Reviewed as Authoritative Data and Transaction Foundation work because the obligation's primary implementation surface is Local data authority; integration verification, removal, and release responsibilities remain separate.",REVIEWED_CONFIRMED,NONE,Local data authority,I3
CAN-LAM-ASSET-025,Local data authority,,I0;I15,,,,Not applicable: generated broad template is superseded and cannot own implementation.,NOT_APPLICABLE,NOT_APPLICABLE,Local data authority,
CAN-LAM-ASSET-026,Asset viewer,I8,I5;I15,,I15,,Effective-dated relationship interval preservation is owned by multi-edge relationship history.,REVIEWED_CORRECTED,NONE,Asset viewer,I5
CAN-LAM-ASSET-027,Libraries and storage,I4,I4;I15,,I15,,Label names root selection; rewrite separates user selection from authorization.,REVIEWED_CORRECTED,NONE,Libraries and storage,I4
CAN-LAM-ASSET-028,Media ingestion and derivation,I4,I5;I15,,I15,,Label names scanning; rewrite adds classification and preservation results.,REVIEWED_CORRECTED,NONE,Media ingestion and derivation,I4
CAN-LAM-ASSET-029,Planning and verification governance,,,,,,Reviewed as a non-implementation record or independent gate; no primary implementation phase is assigned.,NOT_APPLICABLE,NONE,Planning and verification governance,
CAN-LAM-ASSET-030,Asset viewer,I5,I5;I15,,I15,,Label names video playback; rewrite adds codec and failure behavior.,REVIEWED_CORRECTED,NONE,Asset viewer,I5
CAN-LAM-ASSET-031,Relationships and attribution,,I8;I15,,I15,,Non-implementation record (GLOSSARY/UI_LABEL/INFORMATIONAL/DUPLICATE) cannot retain an implementation phase.,REVIEWED_CORRECTED,NONE,Relationships and attribution,I8
CAN-LAM-ASSET-032,Asset viewer,I5,I5;I15,,I15,,Label names the shared-asset-reference rule; rewrite makes it observable.,REVIEWED_CORRECTED,NONE,Asset viewer,I5
CAN-LAM-ASSET-033,People and faces,,I8;I15,,I15,,Reviewed as a final-state prohibition; replacement implementation and I15 removal validation are represented separately.,REVIEWED_CORRECTED,NONE,People and faces,I8
CAN-LAM-ASSET-034,"Backup, trash, restore and rebuild",,I5;I15,,I15,,Not applicable: generated broad template is superseded and cannot own implementation.,NOT_APPLICABLE,NOT_APPLICABLE,Asset viewer,I5
CAN-LAM-ASSET-035,Mind-map projections,,I8;I15,,I15,,Not applicable: generated broad template is superseded and cannot own implementation.,NOT_APPLICABLE,NOT_APPLICABLE,Metadata,I8
CAN-LAM-ASSET-036,Events and organization,I6,I5;I15,,I15,,Label names the no-people filter; rewrite adds the observable result.,REVIEWED_CORRECTED,NONE,Events and organization,I6
CAN-LAM-ASSET-037,Relationships and attribution,I8,I6;I15,,I15,,Label names multiple photographers; rewrite adds attribution independence.,REVIEWED_CORRECTED,NONE,Relationships and attribution,I8
CAN-LAM-ASSET-038,Events and organization,I6,I6;I15,,I15,,Label names midnight capture; rewrite adds event unity and date authority.,REVIEWED_CORRECTED,NONE,Events and organization,I6
CAN-LAM-ASSET-039,Sidecars and metadata authority,I3,I5;I15,,I15,,Label names per-asset JSON; rewrite adds schema validity and preservation.,REVIEWED_CORRECTED,NONE,Sidecars and metadata authority,I3
CAN-LAM-ASSET-040,Sidecars and metadata authority,I3,I4;I15,,I15,,Label names per-asset XMP; rewrite adds validity and alignment.,REVIEWED_CORRECTED,NONE,Sidecars and metadata authority,I3
CAN-LAM-ASSET-041,Sharing and mobile backup,,I15,I15,I15,,Not applicable: generated broad template is superseded and cannot own implementation.,NOT_APPLICABLE,NOT_APPLICABLE,Sharing and mobile backup,
CAN-LAM-ASSET-042,Asset identity and records,I3,I4;I15,,I15,,Label names filename preservation; rewrite adds storage and history outcomes.,REVIEWED_CORRECTED,NONE,Asset identity and records,I3
CAN-LAM-ASSET-043,"Backup, trash, restore and rebuild",I13,I6;I15,,I15,,"Reviewed as Backup, Trash, Restore, and Rebuild work because the obligation's primary implementation surface is Backup, trash, restore and rebuild; integration verification, removal, and release responsibilities remain separate.",REVIEWED_CORRECTED,NONE,Events and organization,I6
CAN-LAM-ASSET-044,Filesystem transactions and recovery,I3,I3;I15,,I15,CAN-LAM-ASSET-044,"Reviewed as Authoritative Data and Transaction Foundation work because the obligation's primary implementation surface is Filesystem transactions and recovery; integration verification, removal, and release responsibilities remain separate.",REVIEWED_CORRECTED,NONE,Local data authority,I3
CAN-LAM-ASSET-045,People and faces,I8,I8;I15,,I15,CAN-LAM-ASSET-045,"Reviewed as Tags, Relationships, and Attribution work because the obligation's primary implementation surface is People and faces; integration verification, removal, and release responsibilities remain separate.",REVIEWED_CONFIRMED,NONE,People and faces,I8
CAN-LAM-ASSET-046,Planning and verification governance,,,,,,Reviewed as a non-implementation record or independent gate; no primary implementation phase is assigned.,NOT_APPLICABLE,NONE,Planning and verification governance,
CAN-LAM-ASSET-047,Metadata,I6,I6;I15,,I15,,Unknown-date preservation and approval boundaries belong to event date and location boundaries.,REVIEWED_CORRECTED,NONE,Metadata,I6
CAN-LAM-ASSET-048,Events and organization,I6,I6;I15,,I15,,"Reviewed as Events and Manage Later work because the obligation's primary implementation surface is Events and organization; integration verification, removal, and release responsibilities remain separate.",REVIEWED_CONFIRMED,NONE,Events and organization,I6
CAN-LAM-ASSET-049,Events and organization,I6,I6;I15,,I15,,Manage-Later label; rewrite adds intake and plan gating.,REVIEWED_CORRECTED,NONE,Events and organization,I6
CAN-LAM-ASSET-050,Events and organization,I6,I6;I15,,I15,,Manage-Later label; rewrite adds intake and plan gating.,REVIEWED_CORRECTED,NONE,Events and organization,I6
CAN-LAM-ASSET-051,Asset identity and records,,I6;I15,,I15,,Not applicable: generated broad template is superseded and cannot own implementation.,NOT_APPLICABLE,NOT_APPLICABLE,Metadata,I6
CAN-LAM-ASSET-052,Asset identity and records,,I3;I15,,I15,,Not applicable: fragment is retained only as source provenance.,NOT_APPLICABLE,NOT_APPLICABLE,Metadata,I3
CAN-LAM-ASSET-053,Asset identity and records,,I5;I15,,I15,,Not applicable: generated broad template is superseded and cannot own implementation.,NOT_APPLICABLE,NOT_APPLICABLE,Map and location,I5
CAN-LAM-ASSET-054,Media ingestion and derivation,,I5;I15,,I15,,Not applicable: generated broad template is superseded and cannot own implementation.,NOT_APPLICABLE,NOT_APPLICABLE,Asset viewer,I5
CAN-LAM-ASSET-055,Gallery and timeline,I5,I5;I15,,I15,,Gallery label; rewrite adds chronological ordering.,REVIEWED_CORRECTED,NONE,Gallery and timeline,I5
CAN-LAM-ASSET-056,Gallery and timeline,I5,I5;I15,,I15,,Gallery label; rewrite adds missing-state display.,REVIEWED_CORRECTED,NONE,Gallery and timeline,I5
CAN-LAM-ASSET-057,Asset viewer,I5,I5;I15,,I15,,Viewer label; rewrite adds mode and exit behavior.,REVIEWED_CORRECTED,NONE,Asset viewer,I5
CAN-LAM-ASSET-058,Asset viewer,I5,I5;I15,,I15,,Viewer label; rewrite adds playback and error behavior.,REVIEWED_CORRECTED,NONE,Asset viewer,I5
CAN-LAM-ASSET-059,Asset viewer,,I5;I15,,I15,,Not applicable: generated broad template is superseded and cannot own implementation.,NOT_APPLICABLE,NOT_APPLICABLE,Asset viewer,I5
CAN-LAM-ASSET-060,Relationships and attribution,I8,I5;I15,,I15,,Viewer label; rewrite adds role independence.,REVIEWED_CORRECTED,NONE,Relationships and attribution,I8
CAN-LAM-ASSET-061,Media ingestion and derivation,,I4;I15,,I15,CAN-LAM-ASSET-061,Not applicable: generated broad template is superseded and cannot own implementation.,NOT_APPLICABLE,NOT_APPLICABLE,Libraries and storage,I4
CAN-LAM-ASSET-062,Events and organization,,I5;I15,,I15,,Non-implementation record (GLOSSARY/UI_LABEL/INFORMATIONAL/DUPLICATE) cannot retain an implementation phase.,REVIEWED_CORRECTED,NONE,Events and organization,I6
CAN-LAM-ASSET-063,People and faces,,I7;I15,,I15,,Non-implementation record (GLOSSARY/UI_LABEL/INFORMATIONAL/DUPLICATE) cannot retain an implementation phase.,REVIEWED_CORRECTED,NONE,People and faces,I7
CAN-LAM-ASSET-064,People and faces,,I8;I15,,I15,,Not applicable: generated broad template is superseded and cannot own implementation.,NOT_APPLICABLE,NOT_APPLICABLE,People and faces,I8
CAN-LAM-ASSET-065,Planning and verification governance,,,,,,Reviewed as a non-implementation record or independent gate; no primary implementation phase is assigned.,NOT_APPLICABLE,NONE,Planning and verification governance,
CAN-LAM-ASSET-066,Relationships and attribution,I8,I8;I15,,I15,,"Reviewed as Tags, Relationships, and Attribution work because the obligation's primary implementation surface is Relationships and attribution; integration verification, removal, and release responsibilities remain separate.",REVIEWED_CORRECTED,NONE,People and faces,I8
CAN-LAM-ASSET-067,People and faces,,I8;I15,,I15,,Not applicable: generated broad template is superseded and cannot own implementation.,NOT_APPLICABLE,NOT_APPLICABLE,People and faces,I8
CAN-LAM-ASSET-068,Planning and verification governance,,,,,,Reviewed as a non-implementation record or independent gate; no primary implementation phase is assigned.,NOT_APPLICABLE,NONE,Planning and verification governance,
CAN-LAM-ASSET-069,Mind-map projections,I9,I9;I15,,I15,,"Reviewed as Mind-Map Projections work because the obligation's primary implementation surface is Mind-map projections; integration verification, removal, and release responsibilities remain separate.",REVIEWED_CORRECTED,NONE,Events and organization,I9
CAN-LAM-ASSET-070,Events and organization,I6,I5;I15,,I15,,Label names planned asset moves; rewrite adds exact-scope and preservation results.,REVIEWED_CORRECTED,NONE,Events and organization,I6
CAN-LAM-ASSET-071,Events and organization,,I5;I15,,I15,,Non-implementation record (GLOSSARY/UI_LABEL/INFORMATIONAL/DUPLICATE) cannot retain an implementation phase.,REVIEWED_CORRECTED,NONE,Events and organization,I6
CAN-LAM-ASSET-072,Relationships and attribution,,I8;I15,,I15,,Non-implementation record (GLOSSARY/UI_LABEL/INFORMATIONAL/DUPLICATE) cannot retain an implementation phase.,REVIEWED_CORRECTED,NONE,Relationships and attribution,I8
CAN-LAM-ASSET-073,Tags,,I8;I15,,I15,,Not applicable: generated broad template is superseded and cannot own implementation.,NOT_APPLICABLE,NOT_APPLICABLE,Metadata,I8
CAN-LAM-ASSET-074,Tags,,I5;I15,,I15,,Not applicable: generated broad template is superseded and cannot own implementation.,NOT_APPLICABLE,NOT_APPLICABLE,Asset viewer,I5
CAN-LAM-ASSET-075,Relationships and attribution,I8,I5;I15,,I15,CAN-LAM-ASSET-075,"Reviewed as Tags, Relationships, and Attribution work because the obligation's primary implementation surface is Relationships and attribution; integration verification, removal, and release responsibilities remain separate.",REVIEWED_CORRECTED,NONE,Asset viewer,I5
CAN-LAM-ASSET-076,People and faces,,I8;I15,,I15,,Not applicable: generated broad template is superseded and cannot own implementation.,NOT_APPLICABLE,NOT_APPLICABLE,People and faces,I8
CAN-LAM-ASSET-077,Relationships and attribution,,I8;I15,,I15,,Non-implementation record (GLOSSARY/UI_LABEL/INFORMATIONAL/DUPLICATE) cannot retain an implementation phase.,REVIEWED_CORRECTED,NONE,Relationships and attribution,I8
CAN-LAM-ASSET-078,Asset viewer,,I5;I15,,I15,,Not applicable: generated broad template is superseded and cannot own implementation.,NOT_APPLICABLE,NOT_APPLICABLE,Asset viewer,I5
CAN-LAM-ASSET-079,Asset viewer,I5,I5;I15,,I15,,Label names per-asset suppression; rewrite adds persistence and exclusion.,REVIEWED_CORRECTED,NONE,Asset viewer,I5
CAN-LAM-ASSET-080,Relationships and attribution,,I8;I15,,I15,,Not applicable: generated broad template is superseded and cannot own implementation.,NOT_APPLICABLE,NOT_APPLICABLE,People and faces,I8
CAN-LAM-ASSET-081,People and faces,,I8;I15,,I15,,Reviewed as a final-state prohibition; replacement implementation and I15 removal validation are represented separately.,REVIEWED_CORRECTED,NONE,People and faces,I8
CAN-LAM-ASSET-082,Relationships and attribution,I8,I5;I15,,I15,,Label names relationship composition; rewrite adds rule derivation and source display.,REVIEWED_CORRECTED,NONE,Relationships and attribution,I8
CAN-LAM-ASSET-083,Relationships and attribution,I8,I5;I15,,I15,,"Reviewed as Tags, Relationships, and Attribution work because the obligation's primary implementation surface is Relationships and attribution; integration verification, removal, and release responsibilities remain separate.",REVIEWED_CORRECTED,NONE,Asset viewer,I5
CAN-LAM-ASSET-084,Relationships and attribution,,I8;I15,,I15,,Non-implementation record (GLOSSARY/UI_LABEL/INFORMATIONAL/DUPLICATE) cannot retain an implementation phase.,REVIEWED_CORRECTED,NONE,Relationships and attribution,I8
CAN-LAM-ASSET-085,People and faces,,I8;I15,,I15,,Not applicable: generated broad template is superseded and cannot own implementation.,NOT_APPLICABLE,NOT_APPLICABLE,Metadata,I8
CAN-LAM-ASSET-086,Relationships and attribution,,I6;I15,,I15,,Not applicable: generated broad template is superseded and cannot own implementation.,NOT_APPLICABLE,NOT_APPLICABLE,Metadata,I6
CAN-LAM-ASSET-087,Relationships and attribution,,I6;I15,,I15,,Not applicable: generated broad template is superseded and cannot own implementation.,NOT_APPLICABLE,NOT_APPLICABLE,Metadata,I6
CAN-LAM-ASSET-088,Relationships and attribution,I8,I6;I15,,I15,,"Reviewed as Tags, Relationships, and Attribution work because the obligation's primary implementation surface is Relationships and attribution; integration verification, removal, and release responsibilities remain separate.",REVIEWED_CORRECTED,NONE,Metadata,I6
CAN-LAM-ASSET-089,External drives and path resilience,,I8;I15,,I15,,Not applicable: generated broad template is superseded and cannot own implementation.,NOT_APPLICABLE,NOT_APPLICABLE,Metadata,I8
CAN-LAM-ASSET-090,Metadata,I8,I8;I15,,I15,,"Photographer proposals and approval are part of typed photographer, camera-owner, and importer attribution.",REVIEWED_CORRECTED,NONE,Metadata,I8
CAN-LAM-ASSET-091,Relationships and attribution,I8,I8;I15,,I15,,"Reviewed as Tags, Relationships, and Attribution work because the obligation's primary implementation surface is Relationships and attribution; integration verification, removal, and release responsibilities remain separate.",REVIEWED_CORRECTED,NONE,Metadata,I8
CAN-LAM-ASSET-092,Relationships and attribution,I8,I8;I15,,I15,,Label names generator metadata; rewrite adds storage and retrieval outcomes.,REVIEWED_CORRECTED,NONE,Relationships and attribution,I8
CAN-LAM-ASSET-093,Relationships and attribution,,I8;I15,,I15,,Not applicable: generated broad template is superseded and cannot own implementation.,NOT_APPLICABLE,NOT_APPLICABLE,Metadata,I8
CAN-LAM-ASSET-094,Asset identity and records,I3,I4;I15,,I15,,Label names filename preservation; rewrite adds storage and history outcomes.,REVIEWED_CORRECTED,NONE,Asset identity and records,I3
CAN-LAM-ASSET-095,Metadata,,I4;I15,,I15,,Not applicable: generated broad template is superseded and cannot own implementation.,NOT_APPLICABLE,NOT_APPLICABLE,Metadata,I4
CAN-LAM-ASSET-096,Relationships and attribution,I8,I8;I15,,I15,,"Reviewed as Tags, Relationships, and Attribution work because the obligation's primary implementation surface is Relationships and attribution; integration verification, removal, and release responsibilities remain separate.",REVIEWED_CORRECTED,NONE,Metadata,I8
CAN-LAM-ASSET-097,Events and organization,,I6;I15,,I15,,Not applicable: generated broad template is superseded and cannot own implementation.,NOT_APPLICABLE,NOT_APPLICABLE,Events and organization,I6
CAN-LAM-ASSET-098,Local data authority,I3,I4;I15,,I15,,Authority-matrix entry; reclassified as an authority constraint.,REVIEWED_CORRECTED,NONE,Local data authority,I3
CAN-LAM-ASSET-099,Local data authority,I3,I4;I15,,I15,,Authority-matrix entry; reclassified as an authority constraint.,REVIEWED_CORRECTED,NONE,Local data authority,I3
CAN-LAM-ASSET-100,Asset identity and records,I3,I4;I15,,I15,,Authority-matrix entry; reclassified as an authority constraint.,REVIEWED_CORRECTED,NONE,Asset identity and records,I3
CAN-LAM-ASSET-101,"Backup, trash, restore and rebuild",,I11;I15,,I15,,Not applicable: generated broad template is superseded and cannot own implementation.,NOT_APPLICABLE,NOT_APPLICABLE,Asset viewer,I11
CAN-LAM-ASSET-102,Local data authority,,I4;I15,,I15,,Not applicable: generated broad template is superseded and cannot own implementation.,NOT_APPLICABLE,NOT_APPLICABLE,Metadata,I4
CAN-LAM-ASSET-103,Local data authority,,I7;I15,,I15,,Not applicable: generated broad template is superseded and cannot own implementation.,NOT_APPLICABLE,NOT_APPLICABLE,Metadata,I7
CAN-LAM-ASSET-104,Local data authority,,I7;I15,,I15,,Not applicable: generated broad template is superseded and cannot own implementation.,NOT_APPLICABLE,NOT_APPLICABLE,People and faces,I7
CAN-LAM-ASSET-105,Local data authority,,I6;I15,,I15,,Not applicable: generated broad template is superseded and cannot own implementation.,NOT_APPLICABLE,NOT_APPLICABLE,Metadata,I6
CAN-LAM-ASSET-106,Relationships and attribution,I8,I8;I15,,I15,,Authority-matrix entry; reclassified as an authority constraint.,REVIEWED_CORRECTED,NONE,Relationships and attribution,I8
CAN-LAM-ASSET-107,Relationships and attribution,I8,I8;I15,,I15,,Authority-matrix entry; reclassified as an authority constraint with role independence.,REVIEWED_CORRECTED,NONE,Relationships and attribution,I8
CAN-LAM-ASSET-108,Local data authority,I3,I5;I15,,I15,,Authority-matrix entry; reclassified as an authority constraint.,REVIEWED_CORRECTED,NONE,Local data authority,I3
CAN-LAM-ASSET-109,Local data authority,I3,I8;I15,,I15,,Authority-matrix entry; reclassified as an authority constraint.,REVIEWED_CORRECTED,NONE,Local data authority,I3
CAN-LAM-ASSET-110,Local data authority,,I5;I15,,I15,,Not applicable: generated broad template is superseded and cannot own implementation.,NOT_APPLICABLE,NOT_APPLICABLE,Asset viewer,I5
CAN-LAM-ASSET-111,Local data authority,,I4;I15,,I15,,Not applicable: generated broad template is superseded and cannot own implementation.,NOT_APPLICABLE,NOT_APPLICABLE,Metadata,I4
CAN-LAM-ASSET-112,Local data authority,,I3;I15,,I15,,Not applicable: generated broad template is superseded and cannot own implementation.,NOT_APPLICABLE,NOT_APPLICABLE,Local data authority,I3
CAN-LAM-ASSET-113,Local data authority,I3,I4;I15,,I15,,Authority-matrix entry; reclassified as an authority constraint.,REVIEWED_CORRECTED,NONE,Local data authority,I3
CAN-LAM-ASSET-114,Search and OCR,,I10;I15,,I15,,Non-implementation record (GLOSSARY/UI_LABEL/INFORMATIONAL/DUPLICATE) cannot retain an implementation phase.,REVIEWED_CORRECTED,NONE,Search and OCR,I10
CAN-LAM-ASSET-115,Asset identity and records,,I4;I15,,I15,,Non-implementation record (GLOSSARY/UI_LABEL/INFORMATIONAL/DUPLICATE) cannot retain an implementation phase.,REVIEWED_CORRECTED,NONE,Asset identity and records,I3
CAN-LAM-ASSET-116,Relationships and attribution,,I8;I15,,I15,,Non-implementation record (GLOSSARY/UI_LABEL/INFORMATIONAL/DUPLICATE) cannot retain an implementation phase.,REVIEWED_CORRECTED,NONE,Relationships and attribution,I8
CAN-LAM-ASSET-117,Local AI worker,I10,I10;I15,,I15,,Final statement reports a library metric during hardware assessment; capability is Local AI worker.,REVIEWED_CORRECTED,NONE,Asset viewer,I10
CAN-LAM-ASSET-118,Local AI worker,I10,I10;I15,,I15,,Final statement reports a library metric during hardware assessment; capability is Local AI worker.,REVIEWED_CORRECTED,NONE,Asset viewer,I10
CAN-LAM-ASSET-119,"Backup, trash, restore and rebuild",,I13;I15,,I15,CAN-LAM-ASSET-119,Not applicable: generated broad template is superseded and cannot own implementation.,NOT_APPLICABLE,NOT_APPLICABLE,People and faces,I13
CAN-LAM-ASSET-120,Asset viewer,I5,I5;I15,,I15,,Album label; rewrite adds identity sharing.,REVIEWED_CORRECTED,NONE,Asset viewer,I5
CAN-LAM-ASSET-121,Map and location,I5,I5;I15,,I15,,Label names asset timeline by location; rewrite adds ordering from local records.,REVIEWED_CORRECTED,NONE,Map and location,I5
CAN-LAM-ASSET-122,Editing,,I5;I15,,I15,,Not applicable: generated broad template is superseded and cannot own implementation.,NOT_APPLICABLE,NOT_APPLICABLE,Map and location,I5
CAN-LAM-ASSET-123,Asset viewer,I5,I5;I15,,I15,,Label names open-asset; rewrite separates navigation from mutation.,REVIEWED_CORRECTED,NONE,Asset viewer,I5
CAN-LAM-ASSET-124,Filesystem transactions and recovery,I3,I5;I15,,I15,,Label names bundle rename; rewrite adds bundle cohesion and preservation.,REVIEWED_CORRECTED,NONE,Filesystem transactions and recovery,I3
CAN-LAM-ASSET-125,Filesystem transactions and recovery,I3,I5;I15,,I15,,Label names bundle move; rewrite adds bundle cohesion and verification.,REVIEWED_CORRECTED,NONE,Filesystem transactions and recovery,I3
CAN-LAM-ASSET-126,"Backup, trash, restore and rebuild",I13,I13;I15,,I15,,Label names original-filename restore; rewrite adds the restore result.,REVIEWED_CORRECTED,NONE,"Backup, trash, restore and rebuild",I13
CAN-LAM-ASSET-127,Planning and verification governance,,,,,,Reviewed as a non-implementation record or independent gate; no primary implementation phase is assigned.,NOT_APPLICABLE,NONE,Planning and verification governance,
CAN-LAM-ASSET-128,Media ingestion and derivation,I4,I5;I15,,I15,,Label names date comparison; rewrite adds reporting and preservation.,REVIEWED_CORRECTED,NONE,Media ingestion and derivation,I4
CAN-LAM-ASSET-129,Media ingestion and derivation,I4,I3;I15,,I15,,Label names filename comparison; rewrite adds reporting and preservation.,REVIEWED_CORRECTED,NONE,Media ingestion and derivation,I4
CAN-LAM-ASSET-130,Media ingestion and derivation,I4,I5;I15,,I15,,Label names duplicate IDs; rewrite adds review creation and no-mutation.,REVIEWED_CORRECTED,NONE,Media ingestion and derivation,I4
CAN-LAM-ASSET-131,Planning and verification governance,,,,,,Reviewed as a non-implementation record or independent gate; no primary implementation phase is assigned.,NOT_APPLICABLE,NONE,Planning and verification governance,
CAN-LAM-ASSET-132,Planning and verification governance,,,,,,Reviewed as a non-implementation record or independent gate; no primary implementation phase is assigned.,NOT_APPLICABLE,NONE,Planning and verification governance,
CAN-LAM-ASSET-133,Planning and verification governance,,,,,,Reviewed as a non-implementation record or independent gate; no primary implementation phase is assigned.,NOT_APPLICABLE,NONE,Planning and verification governance,
CAN-LAM-ASSET-134,Metadata,I3,I3;I15,,I15,,"Reviewed as Authoritative Data and Transaction Foundation work because the obligation's primary implementation surface is Metadata; integration verification, removal, and release responsibilities remain separate.",REVIEWED_CONFIRMED,NONE,Metadata,I3
CAN-LAM-ASSET-135,Metadata,,I3;I15,,I15,,Reviewed as a final-state prohibition; replacement implementation and I15 removal validation are represented separately.,REVIEWED_CORRECTED,NONE,Metadata,I3
CAN-LAM-ASSET-136,Editing,,I2;I15,,I15,,Not applicable: generated broad template is superseded and cannot own implementation.,NOT_APPLICABLE,NOT_APPLICABLE,Desktop shell,I2
CAN-LAM-ASSET-137,Asset viewer,I7,I7;I15,,I15,,Privacy-scope label; rewrite adds scoped deletion and no-mutation.,REVIEWED_CORRECTED,NONE,Asset viewer,I7
CAN-LAM-ASSET-138,Sidecars and metadata authority,I3,I5;I15,,I15,,Final statement governs read/write authority of the schema-valid Asset JSON record.,REVIEWED_CORRECTED,NONE,Asset viewer,I5
CAN-LAM-ASSET-139,"Backup, trash, restore and rebuild",I13,I5;I15,,I15,CAN-LAM-ASSET-139,"Reviewed as Backup, Trash, Restore, and Rebuild work because the obligation's primary implementation surface is Backup, trash, restore and rebuild; integration verification, removal, and release responsibilities remain separate.",REVIEWED_CORRECTED,NONE,Gallery and timeline,I5
CAN-LAM-ASSET-140,"Backup, trash, restore and rebuild",I13,I5;I15,,I15,,Trash label; rewrite adds bundle cohesion.,REVIEWED_CORRECTED,NONE,"Backup, trash, restore and rebuild",I13
CAN-LAM-ASSET-141,External drives and path resilience,I12,I4;I15,,I15,,External-change label; rewrite adds indexing under root rules.,REVIEWED_CORRECTED,NONE,External drives and path resilience,I12
CAN-LAM-ASSET-142,External drives and path resilience,I12,I4;I15,,I15,,External-change label; rewrite adds ID preservation and no-duplication.,REVIEWED_CORRECTED,NONE,External drives and path resilience,I12
CAN-LAM-ASSET-143,Libraries and storage,,I4;I15,,I15,,Not applicable: fragment is retained only as source provenance.,NOT_APPLICABLE,NOT_APPLICABLE,Libraries and storage,I4
CAN-LAM-ASSET-144,Authentication and users,,I15,I15,I15,,Not applicable: generated broad template is superseded and cannot own implementation.,NOT_APPLICABLE,NOT_APPLICABLE,Authentication and users,
CAN-LAM-ASSET-145,Planning and verification governance,,,,,,Reviewed as a non-implementation record or independent gate; no primary implementation phase is assigned.,NOT_APPLICABLE,NONE,Planning and verification governance,
CAN-LAM-ASSET-146,Planning and verification governance,,,,I15,,Cross-platform label; reclassified as a bundling constraint.,NOT_APPLICABLE,NONE,Planning and verification governance,
CAN-LAM-ASSET-147,Performance and scale,I14,I5;I14;I15,,I15,,Final statement executes release performance validation and records budgets; capability is Performance and scale.,REVIEWED_CORRECTED,NONE,Performance and scale,I14
CAN-LAM-ASSET-148,Legal and rebranding,I1,I1;I15,,I15,,Legal-surface label; rewrite adds notice presence and release blocking.,REVIEWED_CORRECTED,NONE,Legal and rebranding,I1
CAN-LAM-ASSET-149,Metadata,,I4;I15,I15,I15,,Not applicable: generated broad template is superseded and cannot own implementation.,NOT_APPLICABLE,NOT_APPLICABLE,Metadata,I4
CAN-LAM-ASSET-150,Administration,,I15,I15,I15,,Not applicable: generated broad template is superseded and cannot own implementation.,NOT_APPLICABLE,NOT_APPLICABLE,Administration,
CAN-LAM-ASSET-151,Asset viewer,,I15,I15,I15,,Not applicable: generated broad template is superseded and cannot own implementation.,NOT_APPLICABLE,NOT_APPLICABLE,Asset viewer,
CAN-LAM-ASSET-152,Sharing and mobile backup,,I15,I15,I15,,Not applicable: generated broad template is superseded and cannot own implementation.,NOT_APPLICABLE,NOT_APPLICABLE,Sharing and mobile backup,
CAN-LAM-ASSET-153,Sharing and mobile backup,,I15,I15,I15,,Not applicable: generated broad template is superseded and cannot own implementation.,NOT_APPLICABLE,NOT_APPLICABLE,Sharing and mobile backup,
CAN-LAM-ASSET-154,Asset viewer,,I15,I15,I15,,Not applicable: generated broad template is superseded and cannot own implementation.,NOT_APPLICABLE,NOT_APPLICABLE,Asset viewer,
CAN-LAM-ASSET-155,Libraries and storage,,I15,I15,I15,,Not applicable: generated broad template is superseded and cannot own implementation.,NOT_APPLICABLE,NOT_APPLICABLE,Libraries and storage,
CAN-LAM-ASSET-156,Desktop shell,,I15,I15,I15,,Not applicable: generated broad template is superseded and cannot own implementation.,NOT_APPLICABLE,NOT_APPLICABLE,Desktop shell,
CAN-LAM-ASSET-157,Administration,,I15,I15,I15,,Not applicable: generated broad template is superseded and cannot own implementation.,NOT_APPLICABLE,NOT_APPLICABLE,Administration,
CAN-LAM-ASSET-158,Events and organization,,I15,I15,I15,,Reviewed as a final-state prohibition; replacement implementation and I15 removal validation are represented separately.,REVIEWED_CONFIRMED,NONE,Events and organization,
CAN-LAM-ASSET-159,People and faces,,I15,I15,I15,,Not applicable: generated broad template is superseded and cannot own implementation.,NOT_APPLICABLE,NOT_APPLICABLE,People and faces,
CAN-LAM-ASSET-160,Asset viewer,,I15,I15,I15,,Not applicable: generated broad template is superseded and cannot own implementation.,NOT_APPLICABLE,NOT_APPLICABLE,Asset viewer,
CAN-LAM-ASSET-161,People and faces,,I15,I15,I15,,Not applicable: generated broad template is superseded and cannot own implementation.,NOT_APPLICABLE,NOT_APPLICABLE,People and faces,
CAN-LAM-ASSET-162,People and faces,,I15,I15,I15,,Not applicable: generated broad template is superseded and cannot own implementation.,NOT_APPLICABLE,NOT_APPLICABLE,People and faces,
CAN-LAM-ASSET-163,Asset viewer,,I15,I15,I15,,Not applicable: generated broad template is superseded and cannot own implementation.,NOT_APPLICABLE,NOT_APPLICABLE,Asset viewer,
CAN-LAM-ASSET-164,People and faces,,I15,I15,I15,,Not applicable: generated broad template is superseded and cannot own implementation.,NOT_APPLICABLE,NOT_APPLICABLE,People and faces,
CAN-LAM-ASSET-165,Asset viewer,,I15,I15,I15,,Not applicable: generated broad template is superseded and cannot own implementation.,NOT_APPLICABLE,NOT_APPLICABLE,Asset viewer,
CAN-LAM-ASSET-166,Asset viewer,,I15,I15,I15,,Not applicable: generated broad template is superseded and cannot own implementation.,NOT_APPLICABLE,NOT_APPLICABLE,Asset viewer,
CAN-LAM-ASSET-167,Metadata,,I15,I15,I15,,Not applicable: generated broad template is superseded and cannot own implementation.,NOT_APPLICABLE,NOT_APPLICABLE,Metadata,
CAN-LAM-ASSET-168,Metadata,,I15,I15,I15,,Not applicable: generated broad template is superseded and cannot own implementation.,NOT_APPLICABLE,NOT_APPLICABLE,Metadata,
CAN-LAM-ASSET-169,Metadata,,I15,I15,I15,,Not applicable: generated broad template is superseded and cannot own implementation.,NOT_APPLICABLE,NOT_APPLICABLE,Metadata,
CAN-LAM-ASSET-170,Metadata,,I15,I15,I15,,Not applicable: generated broad template is superseded and cannot own implementation.,NOT_APPLICABLE,NOT_APPLICABLE,Metadata,
CAN-LAM-ASSET-171,Asset viewer,,I15,I15,I15,,Not applicable: generated broad template is superseded and cannot own implementation.,NOT_APPLICABLE,NOT_APPLICABLE,Asset viewer,
CAN-LAM-ASSET-172,Asset viewer,,I15,I15,I15,,Not applicable: generated broad template is superseded and cannot own implementation.,NOT_APPLICABLE,NOT_APPLICABLE,Asset viewer,
CAN-LAM-ASSET-173,Metadata,,I15,I15,I15,,Not applicable: generated broad template is superseded and cannot own implementation.,NOT_APPLICABLE,NOT_APPLICABLE,Metadata,
CAN-LAM-ASSET-174,Metadata,,I15,I15,I15,,Reviewed as a final-state prohibition; replacement implementation and I15 removal validation are represented separately.,REVIEWED_CONFIRMED,NONE,Metadata,
CAN-LAM-ASSET-175,Asset viewer,,I15,I15,I15,,Not applicable: generated broad template is superseded and cannot own implementation.,NOT_APPLICABLE,NOT_APPLICABLE,Asset viewer,
CAN-LAM-ASSET-176,Metadata,,I15,I15,I15,,Not applicable: generated broad template is superseded and cannot own implementation.,NOT_APPLICABLE,NOT_APPLICABLE,Metadata,
CAN-LAM-ASSET-177,Metadata,,I15,I15,I15,,Not applicable: generated broad template is superseded and cannot own implementation.,NOT_APPLICABLE,NOT_APPLICABLE,Metadata,
CAN-LAM-ASSET-178,Libraries and storage,,I15,I15,I15,,Not applicable: generated broad template is superseded and cannot own implementation.,NOT_APPLICABLE,NOT_APPLICABLE,Libraries and storage,
CAN-LAM-ASSET-179,Libraries and storage,,I15,I15,I15,,Not applicable: generated broad template is superseded and cannot own implementation.,NOT_APPLICABLE,NOT_APPLICABLE,Libraries and storage,
CAN-LAM-ASSET-180,Asset viewer,,I15,I15,I15,,Not applicable: generated broad template is superseded and cannot own implementation.,NOT_APPLICABLE,NOT_APPLICABLE,Asset viewer,
CAN-LAM-ASSET-181,Asset viewer,,I5;I15,I15,I15,,Not applicable: generated broad template is superseded and cannot own implementation.,NOT_APPLICABLE,NOT_APPLICABLE,Asset viewer,I5
CAN-LAM-ASSET-182,Authentication and users,,I2;I15,I15,I15,,Not applicable: generated broad template is superseded and cannot own implementation.,NOT_APPLICABLE,NOT_APPLICABLE,Authentication and users,I2
CAN-LAM-ASSET-183,Metadata,,I4;I15,I15,I15,,Not applicable: generated broad template is superseded and cannot own implementation.,NOT_APPLICABLE,NOT_APPLICABLE,Metadata,I4
CAN-LAM-ASSET-184,Planning and verification governance,,I15,I15,I15,,Not applicable: generated broad template is superseded and cannot own implementation.,NOT_APPLICABLE,NOT_APPLICABLE,Planning and verification governance,
CAN-LAM-ASSET-185,Desktop shell,,I2;I15,,I15,,Not applicable: generated broad template is superseded and cannot own implementation.,NOT_APPLICABLE,NOT_APPLICABLE,Desktop shell,I2
CAN-LAM-ASSET-186,Local data authority,I3,I5;I15,,I15,,Phase label; rewrite adds bundle cohesion.,REVIEWED_CORRECTED,NONE,Local data authority,I3
CAN-LAM-ASSET-187,Local data authority,,I5;I15,,I15,,Not applicable: generated broad template is superseded and cannot own implementation.,NOT_APPLICABLE,NOT_APPLICABLE,Asset viewer,I5
CAN-LAM-ASSET-188,Local data authority,,I0;I15,,,,Not applicable: generated broad template is superseded and cannot own implementation.,NOT_APPLICABLE,NOT_APPLICABLE,Local data authority,
CAN-LAM-ASSET-189,Media ingestion and derivation,I4,I5;I15,,I15,,Phase label; rewrite adds display and accessibility.,REVIEWED_CORRECTED,NONE,Media ingestion and derivation,I4
CAN-LAM-ASSET-190,Sharing and mobile backup,,I13;I15,,I15,,Not applicable: generated broad template is superseded and cannot own implementation.,NOT_APPLICABLE,NOT_APPLICABLE,Sharing and mobile backup,I13
CAN-LAM-ASSET-191,Editing,I11,I11;I15,,I15,,Phase label; rewrite adds preservation.,REVIEWED_CORRECTED,NONE,Editing,I11
CAN-LAM-ASSET-192,Metadata,,I0;I15,,,,Not applicable: generated broad template is superseded and cannot own implementation.,NOT_APPLICABLE,NOT_APPLICABLE,Metadata,
CAN-LAM-ASSET-193,External drives and path resilience,,I12;I15,,I15,,Not applicable: generated broad template is superseded and cannot own implementation.,NOT_APPLICABLE,NOT_APPLICABLE,Libraries and storage,I12
CAN-LAM-ASSET-194,Libraries and storage,,I0;I15,,,,Not applicable: generated broad template is superseded and cannot own implementation.,NOT_APPLICABLE,NOT_APPLICABLE,Libraries and storage,
CAN-LAM-ASSET-195,Planning and verification governance,,,,I15,,Phase label; reclassified as a packaging constraint.,NOT_APPLICABLE,NONE,Planning and verification governance,
CAN-LAM-ASSET-196,Planning and verification governance,,I0;I15,,,,Not applicable: generated broad template is superseded and cannot own implementation.,NOT_APPLICABLE,NOT_APPLICABLE,Planning and verification governance,
CAN-LAM-ASSET-197,Asset identity and records,I3,I4;I15,,I15,,Label names filename recoverability; rewrite adds the proof result.,REVIEWED_CORRECTED,NONE,Asset identity and records,I3
CAN-LAM-ASSET-198,Legal and rebranding,I1,I5;I15,,I15,,Legal-surface label; rewrite adds inventory and release blocking.,REVIEWED_CORRECTED,NONE,Legal and rebranding,I1
CAN-LAM-ASSET-199,Metadata,,I0;I15,,,,Not applicable: generated broad template is superseded and cannot own implementation.,NOT_APPLICABLE,NOT_APPLICABLE,Metadata,
CAN-LAM-ASSET-200,Planning and verification governance,,I0;I15,,,,Not applicable: generated broad template is superseded and cannot own implementation.,NOT_APPLICABLE,NOT_APPLICABLE,Planning and verification governance,
CAN-LAM-ASSET-201,Metadata,,I0;I15,,,,Not applicable: generated broad template is superseded and cannot own implementation.,NOT_APPLICABLE,NOT_APPLICABLE,Metadata,
CAN-LAM-BACKUP-001,Sharing and mobile backup,,I15,I15,I15,,Not applicable: generated broad template is superseded and cannot own implementation.,NOT_APPLICABLE,NOT_APPLICABLE,Sharing and mobile backup,
CAN-LAM-BACKUP-002,"Backup, trash, restore and rebuild",I13,I13;I15,,I15,,Label names restore; rewrite adds verification and approval gates.,REVIEWED_CORRECTED,NONE,"Backup, trash, restore and rebuild",I13
CAN-LAM-BACKUP-003,Planning and verification governance,,,,,,Reviewed as a non-implementation record or independent gate; no primary implementation phase is assigned.,NOT_APPLICABLE,NONE,Planning and verification governance,
CAN-LAM-BACKUP-004,"Backup, trash, restore and rebuild",I13,I13;I15,,I15,,"Backup manifest persistence belongs to the backup subsystem, not the sidecar read/write foundation.",REVIEWED_CORRECTED,NONE,"Backup, trash, restore and rebuild",I13
CAN-LAM-BACKUP-005,Asset identity and records,I3,I5;I15,,I15,,Asset-bundle label; rewrite adds bundle and reference restoration.,REVIEWED_CORRECTED,NONE,Asset identity and records,I3
CAN-LAM-BACKUP-006,Sharing and mobile backup,,I15,I15,I15,,Not applicable: generated broad template is superseded and cannot own implementation.,NOT_APPLICABLE,NOT_APPLICABLE,Sharing and mobile backup,
CAN-LAM-BACKUP-007,"Backup, trash, restore and rebuild",I13,I4;I15,,I15,,Authority-matrix entry; reclassified as a rebuildability constraint.,REVIEWED_CORRECTED,NONE,"Backup, trash, restore and rebuild",I13
CAN-LAM-BACKUP-008,Sharing and mobile backup,,I15,I15,I15,,Not applicable: generated broad template is superseded and cannot own implementation.,NOT_APPLICABLE,NOT_APPLICABLE,Sharing and mobile backup,
CAN-LAM-BACKUP-009,Local data authority,,I15,,I15,,Not applicable: generated broad template is superseded and cannot own implementation.,NOT_APPLICABLE,NOT_APPLICABLE,Local data authority,
CAN-LAM-BACKUP-010,Local data authority,,I15,I15,I15,,Not applicable: generated broad template is superseded and cannot own implementation.,NOT_APPLICABLE,NOT_APPLICABLE,Local data authority,
CAN-LAM-BACKUP-011,Sharing and mobile backup,,I15,I15,I15,,Not applicable: generated broad template is superseded and cannot own implementation.,NOT_APPLICABLE,NOT_APPLICABLE,Sharing and mobile backup,
CAN-LAM-BACKUP-012,Sharing and mobile backup,,I15,I15,I15,,Not applicable: generated broad template is superseded and cannot own implementation.,NOT_APPLICABLE,NOT_APPLICABLE,Sharing and mobile backup,
CAN-LAM-BACKUP-013,Sharing and mobile backup,,I15,I15,I15,,Not applicable: generated broad template is superseded and cannot own implementation.,NOT_APPLICABLE,NOT_APPLICABLE,Sharing and mobile backup,
CAN-LAM-BACKUP-014,Sharing and mobile backup,,I15,I15,I15,,Not applicable: generated broad template is superseded and cannot own implementation.,NOT_APPLICABLE,NOT_APPLICABLE,Sharing and mobile backup,
CAN-LAM-BACKUP-015,Sharing and mobile backup,,I15,I15,I15,,Not applicable: generated broad template is superseded and cannot own implementation.,NOT_APPLICABLE,NOT_APPLICABLE,Sharing and mobile backup,
CAN-LAM-BACKUP-016,Administration,,I15,I15,I15,,Not applicable: generated broad template is superseded and cannot own implementation.,NOT_APPLICABLE,NOT_APPLICABLE,Administration,
CAN-LAM-BACKUP-017,Sharing and mobile backup,,I15,I15,I15,,Not applicable: generated broad template is superseded and cannot own implementation.,NOT_APPLICABLE,NOT_APPLICABLE,Sharing and mobile backup,
CAN-LAM-BACKUP-018,Sharing and mobile backup,,I15,I15,I15,,Not applicable: generated broad template is superseded and cannot own implementation.,NOT_APPLICABLE,NOT_APPLICABLE,Sharing and mobile backup,
CAN-LAM-BACKUP-019,Sharing and mobile backup,,I13;I15,I15,I15,,Not applicable: generated broad template is superseded and cannot own implementation.,NOT_APPLICABLE,NOT_APPLICABLE,Sharing and mobile backup,I13
CAN-LAM-BACKUP-020,"Backup, trash, restore and rebuild",I13,I13;I15,,I15,,Phase label; rewrite adds inventory and verification.,REVIEWED_CORRECTED,NONE,"Backup, trash, restore and rebuild",I13
CAN-LAM-BACKUP-021,"Backup, trash, restore and rebuild",I13,I13;I15,,I15,,Phase label; rewrite adds regeneration and preservation.,REVIEWED_CORRECTED,NONE,"Backup, trash, restore and rebuild",I13
CAN-LAM-BACKUP-022,Sharing and mobile backup,,I15,I15,I15,,Not applicable: generated broad template is superseded and cannot own implementation.,NOT_APPLICABLE,NOT_APPLICABLE,Sharing and mobile backup,
CAN-LAM-BACKUP-023,Map and location,,I15,,I15,,Not applicable: generated broad template is superseded and cannot own implementation.,NOT_APPLICABLE,NOT_APPLICABLE,Map and location,
CAN-LAM-BACKUP-024,"Backup, trash, restore and rebuild",I13,I5;I15,,I15,,Label names backup/app-data exclusion; rewrite adds the exclusion and preservation results.,REVIEWED_CORRECTED,NONE,"Backup, trash, restore and rebuild",I13
CAN-LAM-BACKUP-025,Sharing and mobile backup,,I0;I15,,,,Not applicable: generated broad template is superseded and cannot own implementation.,NOT_APPLICABLE,NOT_APPLICABLE,Sharing and mobile backup,
CAN-LAM-BACKUP-026,Local data authority,,I0;I15,,,,Not applicable: generated broad template is superseded and cannot own implementation.,NOT_APPLICABLE,NOT_APPLICABLE,Local data authority,
CAN-LAM-DELETE-001,Authentication and users,,I15,I15,I15,,Not applicable: generated broad template is superseded and cannot own implementation.,NOT_APPLICABLE,NOT_APPLICABLE,Authentication and users,
CAN-LAM-DELETE-002,External drives and path resilience,I12,I4;I15,,I15,,External-change label; rewrite adds confirmation and reversible handling.,REVIEWED_CORRECTED,NONE,External drives and path resilience,I12
CAN-LAM-DELETE-003,Planning and verification governance,,,,,,Reviewed as a non-implementation record or independent gate; no primary implementation phase is assigned.,NOT_APPLICABLE,NONE,Planning and verification governance,
CAN-LAM-DELETE-004,Legal and rebranding,,,,,,Reviewed as a non-implementation record or independent gate; no primary implementation phase is assigned.,NOT_APPLICABLE,NONE,Legal and rebranding,
CAN-LAM-DELETE-005,Planning and verification governance,,,I15,I15,,Not applicable: generated broad template is superseded and cannot own implementation.,NOT_APPLICABLE,NOT_APPLICABLE,Planning and verification governance,
CAN-LAM-DELETE-006,Legal and rebranding,,I1;I15,I15,I15,,Not applicable: generated broad template is superseded and cannot own implementation.,NOT_APPLICABLE,NOT_APPLICABLE,Legal and rebranding,I1
CAN-LAM-DELETE-007,Desktop shell,,I2;I15,I15,I15,,Not applicable: generated broad template is superseded and cannot own implementation.,NOT_APPLICABLE,NOT_APPLICABLE,Desktop shell,I2
CAN-LAM-DELETE-008,Planning and verification governance,,,,,,Reviewed as a non-implementation record or independent gate; no primary implementation phase is assigned.,NOT_APPLICABLE,NONE,Planning and verification governance,
CAN-LAM-DELETE-009,Desktop shell,,I2;I15,I15,I15,,Not applicable: generated broad template is superseded and cannot own implementation.,NOT_APPLICABLE,NOT_APPLICABLE,Desktop shell,I2
CAN-LAM-DELETE-010,Local data authority,,I15,I15,I15,,Not applicable: generated broad template is superseded and cannot own implementation.,NOT_APPLICABLE,NOT_APPLICABLE,Local data authority,I15
CAN-LAM-DELETE-011,Jobs and notifications,,I15,I15,I15,,Not applicable: generated broad template is superseded and cannot own implementation.,NOT_APPLICABLE,NOT_APPLICABLE,Jobs and notifications,I15
CAN-LAM-DELETE-012,Authentication and users,,I15,I15,I15,,Not applicable: generated broad template is superseded and cannot own implementation.,NOT_APPLICABLE,NOT_APPLICABLE,Authentication and users,
CAN-LAM-DELETE-013,Desktop shell,,I15,I15,I15,,Not applicable: generated broad template is superseded and cannot own implementation.,NOT_APPLICABLE,NOT_APPLICABLE,Desktop shell,
CAN-LAM-DELETE-014,Planning and verification governance,,,,,,Reviewed as a non-implementation record or independent gate; no primary implementation phase is assigned.,NOT_APPLICABLE,NONE,Planning and verification governance,
CAN-LAM-DELETE-015,Planning and verification governance,,,,,,Reviewed as a non-implementation record or independent gate; no primary implementation phase is assigned.,NOT_APPLICABLE,NONE,Planning and verification governance,
CAN-LAM-DELETE-016,Sharing and mobile backup,,I15,I15,I15,,Not applicable: generated broad template is superseded and cannot own implementation.,NOT_APPLICABLE,NOT_APPLICABLE,Sharing and mobile backup,
CAN-LAM-DELETE-017,Local AI worker,,I10;I15,I15,I15,,Not applicable: generated broad template is superseded and cannot own implementation.,NOT_APPLICABLE,NOT_APPLICABLE,Local AI worker,I10
CAN-LAM-DELETE-018,Planning and verification governance,,,I15,I15,,Not applicable: generated broad template is superseded and cannot own implementation.,NOT_APPLICABLE,NOT_APPLICABLE,Planning and verification governance,
CAN-LAM-DELETE-019,Authentication and users,,I15,I15,I15,,Not applicable: generated broad template is superseded and cannot own implementation.,NOT_APPLICABLE,NOT_APPLICABLE,Authentication and users,
CAN-LAM-DELETE-020,Map and location,,I15,,I15,,Not applicable: generated broad template is superseded and cannot own implementation.,NOT_APPLICABLE,NOT_APPLICABLE,Map and location,
CAN-LAM-DELETE-021,Planning and verification governance,,,,,,Reviewed as a non-implementation record or independent gate; no primary implementation phase is assigned.,NOT_APPLICABLE,NONE,Planning and verification governance,
CAN-LAM-DELETE-022,Desktop shell,,I2;I15,I15,I15,,Not applicable: generated broad template is superseded and cannot own implementation.,NOT_APPLICABLE,NOT_APPLICABLE,Desktop shell,I2
CAN-LAM-DELETE-023,Desktop shell,,I2;I15,I15,I15,,Not applicable: generated broad template is superseded and cannot own implementation.,NOT_APPLICABLE,NOT_APPLICABLE,Desktop shell,I2
CAN-LAM-DELETE-024,Desktop shell,,I2;I15,I15,I15,,Not applicable: generated broad template is superseded and cannot own implementation.,NOT_APPLICABLE,NOT_APPLICABLE,Desktop shell,I2
CAN-LAM-DELETE-025,Authentication and users,,I15,I15,I15,,Not applicable: generated broad template is superseded and cannot own implementation.,NOT_APPLICABLE,NOT_APPLICABLE,Authentication and users,
CAN-LAM-DELETE-026,Administration,,I15,I15,I15,,Not applicable: generated broad template is superseded and cannot own implementation.,NOT_APPLICABLE,NOT_APPLICABLE,Administration,
CAN-LAM-DELETE-027,Administration,,I15,I15,I15,,Not applicable: generated broad template is superseded and cannot own implementation.,NOT_APPLICABLE,NOT_APPLICABLE,Administration,
CAN-LAM-DELETE-028,Administration,,I15,I15,I15,,Not applicable: generated broad template is superseded and cannot own implementation.,NOT_APPLICABLE,NOT_APPLICABLE,Administration,
CAN-LAM-DELETE-029,Administration,,I15,I15,I15,,Not applicable: generated broad template is superseded and cannot own implementation.,NOT_APPLICABLE,NOT_APPLICABLE,Administration,
CAN-LAM-DELETE-030,Administration,,I15,I15,I15,,Not applicable: generated broad template is superseded and cannot own implementation.,NOT_APPLICABLE,NOT_APPLICABLE,Administration,
CAN-LAM-DELETE-031,Administration,,I15,I15,I15,,Not applicable: generated broad template is superseded and cannot own implementation.,NOT_APPLICABLE,NOT_APPLICABLE,Administration,
CAN-LAM-DELETE-032,Administration,,I15,I15,I15,,Not applicable: generated broad template is superseded and cannot own implementation.,NOT_APPLICABLE,NOT_APPLICABLE,Administration,
CAN-LAM-DELETE-033,Administration,,I15,I15,I15,,Not applicable: generated broad template is superseded and cannot own implementation.,NOT_APPLICABLE,NOT_APPLICABLE,Administration,
CAN-LAM-DELETE-034,Administration,,I15,I15,I15,,Not applicable: generated broad template is superseded and cannot own implementation.,NOT_APPLICABLE,NOT_APPLICABLE,Administration,
CAN-LAM-DELETE-035,Administration,,I15,I15,I15,,Not applicable: generated broad template is superseded and cannot own implementation.,NOT_APPLICABLE,NOT_APPLICABLE,Administration,
CAN-LAM-DELETE-036,Administration,,I15,I15,I15,,Not applicable: generated broad template is superseded and cannot own implementation.,NOT_APPLICABLE,NOT_APPLICABLE,Administration,
CAN-LAM-DELETE-037,Administration,,I15,I15,I15,,Not applicable: generated broad template is superseded and cannot own implementation.,NOT_APPLICABLE,NOT_APPLICABLE,Administration,
CAN-LAM-DELETE-038,Administration,,I15,I15,I15,,Not applicable: generated broad template is superseded and cannot own implementation.,NOT_APPLICABLE,NOT_APPLICABLE,Administration,
CAN-LAM-DELETE-039,Administration,,I15,I15,I15,,Not applicable: generated broad template is superseded and cannot own implementation.,NOT_APPLICABLE,NOT_APPLICABLE,Administration,
CAN-LAM-DELETE-040,Administration,,I15,I15,I15,,Not applicable: generated broad template is superseded and cannot own implementation.,NOT_APPLICABLE,NOT_APPLICABLE,Administration,
CAN-LAM-DELETE-041,Administration,,I15,I15,I15,,Not applicable: generated broad template is superseded and cannot own implementation.,NOT_APPLICABLE,NOT_APPLICABLE,Administration,
CAN-LAM-DELETE-042,Desktop shell,,I15,I15,I15,,Not applicable: generated broad template is superseded and cannot own implementation.,NOT_APPLICABLE,NOT_APPLICABLE,Desktop shell,
CAN-LAM-DELETE-043,Desktop shell,,I15,I15,I15,,Not applicable: generated broad template is superseded and cannot own implementation.,NOT_APPLICABLE,NOT_APPLICABLE,Desktop shell,
CAN-LAM-DELETE-044,Desktop shell,,I15,I15,I15,,Not applicable: generated broad template is superseded and cannot own implementation.,NOT_APPLICABLE,NOT_APPLICABLE,Desktop shell,
CAN-LAM-DELETE-045,Desktop shell,,I15,I15,I15,,Not applicable: generated broad template is superseded and cannot own implementation.,NOT_APPLICABLE,NOT_APPLICABLE,Desktop shell,
CAN-LAM-DELETE-046,Desktop shell,,I15,I15,I15,,Not applicable: generated broad template is superseded and cannot own implementation.,NOT_APPLICABLE,NOT_APPLICABLE,Desktop shell,
CAN-LAM-DELETE-047,Desktop shell,,I15,I15,I15,,Not applicable: generated broad template is superseded and cannot own implementation.,NOT_APPLICABLE,NOT_APPLICABLE,Desktop shell,
CAN-LAM-DELETE-048,Desktop shell,,I15,I15,I15,,Not applicable: generated broad template is superseded and cannot own implementation.,NOT_APPLICABLE,NOT_APPLICABLE,Desktop shell,
CAN-LAM-DELETE-049,Desktop shell,,I15,I15,I15,,Not applicable: generated broad template is superseded and cannot own implementation.,NOT_APPLICABLE,NOT_APPLICABLE,Desktop shell,
CAN-LAM-DELETE-050,Desktop shell,,I15,I15,I15,,Not applicable: generated broad template is superseded and cannot own implementation.,NOT_APPLICABLE,NOT_APPLICABLE,Desktop shell,
CAN-LAM-DELETE-051,Desktop shell,,I15,I15,I15,,Not applicable: generated broad template is superseded and cannot own implementation.,NOT_APPLICABLE,NOT_APPLICABLE,Desktop shell,
CAN-LAM-DELETE-052,Desktop shell,,I15,I15,I15,,Not applicable: generated broad template is superseded and cannot own implementation.,NOT_APPLICABLE,NOT_APPLICABLE,Desktop shell,
CAN-LAM-DELETE-053,Desktop shell,,I15,I15,I15,,Not applicable: generated broad template is superseded and cannot own implementation.,NOT_APPLICABLE,NOT_APPLICABLE,Desktop shell,
CAN-LAM-DELETE-054,Desktop shell,,I15,I15,I15,,Not applicable: generated broad template is superseded and cannot own implementation.,NOT_APPLICABLE,NOT_APPLICABLE,Desktop shell,
CAN-LAM-DELETE-055,Desktop shell,,I2;I15,I15,I15,,Not applicable: generated broad template is superseded and cannot own implementation.,NOT_APPLICABLE,NOT_APPLICABLE,Desktop shell,I2
CAN-LAM-DELETE-056,Planning and verification governance,,I15,I15,I15,,Not applicable: generated broad template is superseded and cannot own implementation.,NOT_APPLICABLE,NOT_APPLICABLE,Planning and verification governance,
CAN-LAM-DELETE-057,Local data authority,,I15,I15,I15,,Not applicable: generated broad template is superseded and cannot own implementation.,NOT_APPLICABLE,NOT_APPLICABLE,Local data authority,
CAN-LAM-DELETE-058,Local data authority,,I15,I15,I15,,Not applicable: generated broad template is superseded and cannot own implementation.,NOT_APPLICABLE,NOT_APPLICABLE,Local data authority,
CAN-LAM-DELETE-059,Local data authority,,I15,I15,I15,,Not applicable: generated broad template is superseded and cannot own implementation.,NOT_APPLICABLE,NOT_APPLICABLE,Local data authority,
CAN-LAM-DELETE-060,Local data authority,,I15,I15,I15,,Not applicable: generated broad template is superseded and cannot own implementation.,NOT_APPLICABLE,NOT_APPLICABLE,Local data authority,
CAN-LAM-DELETE-061,Local data authority,,I15,I15,I15,,Not applicable: generated broad template is superseded and cannot own implementation.,NOT_APPLICABLE,NOT_APPLICABLE,Local data authority,
CAN-LAM-DELETE-062,Local data authority,,I15,I15,I15,,Not applicable: generated broad template is superseded and cannot own implementation.,NOT_APPLICABLE,NOT_APPLICABLE,Local data authority,
CAN-LAM-DELETE-063,Local data authority,,I15,I15,I15,,Not applicable: generated broad template is superseded and cannot own implementation.,NOT_APPLICABLE,NOT_APPLICABLE,Local data authority,
CAN-LAM-DELETE-064,Local data authority,,I15,I15,I15,,Not applicable: generated broad template is superseded and cannot own implementation.,NOT_APPLICABLE,NOT_APPLICABLE,Local data authority,
CAN-LAM-DELETE-065,Planning and verification governance,,I15,I15,I15,,Reviewed as a non-implementation record or independent gate; no primary implementation phase is assigned.,REVIEWED_CONFIRMED,NONE,Planning and verification governance,
CAN-LAM-DELETE-066,Jobs and notifications,,I15,I15,I15,,Not applicable: generated broad template is superseded and cannot own implementation.,NOT_APPLICABLE,NOT_APPLICABLE,Jobs and notifications,
CAN-LAM-DELETE-067,Jobs and notifications,,I15,I15,I15,,Not applicable: generated broad template is superseded and cannot own implementation.,NOT_APPLICABLE,NOT_APPLICABLE,Jobs and notifications,
CAN-LAM-DELETE-068,Jobs and notifications,,I15,I15,I15,,Not applicable: generated broad template is superseded and cannot own implementation.,NOT_APPLICABLE,NOT_APPLICABLE,Jobs and notifications,
CAN-LAM-DELETE-069,Jobs and notifications,,I15,I15,I15,,Not applicable: generated broad template is superseded and cannot own implementation.,NOT_APPLICABLE,NOT_APPLICABLE,Jobs and notifications,
CAN-LAM-DELETE-070,Jobs and notifications,,I15,I15,I15,,Not applicable: generated broad template is superseded and cannot own implementation.,NOT_APPLICABLE,NOT_APPLICABLE,Jobs and notifications,
CAN-LAM-DELETE-071,Jobs and notifications,,I15,I15,I15,,Not applicable: generated broad template is superseded and cannot own implementation.,NOT_APPLICABLE,NOT_APPLICABLE,Jobs and notifications,
CAN-LAM-DELETE-072,Jobs and notifications,,I15,I15,I15,,Not applicable: generated broad template is superseded and cannot own implementation.,NOT_APPLICABLE,NOT_APPLICABLE,Jobs and notifications,
CAN-LAM-DELETE-073,Jobs and notifications,,I15,I15,I15,,Not applicable: generated broad template is superseded and cannot own implementation.,NOT_APPLICABLE,NOT_APPLICABLE,Jobs and notifications,
CAN-LAM-DELETE-074,Jobs and notifications,,I15,I15,I15,,Not applicable: generated broad template is superseded and cannot own implementation.,NOT_APPLICABLE,NOT_APPLICABLE,Jobs and notifications,
CAN-LAM-DELETE-075,Jobs and notifications,,I15,I15,I15,,Not applicable: generated broad template is superseded and cannot own implementation.,NOT_APPLICABLE,NOT_APPLICABLE,Jobs and notifications,
CAN-LAM-DELETE-076,Jobs and notifications,,I15,I15,I15,,Not applicable: generated broad template is superseded and cannot own implementation.,NOT_APPLICABLE,NOT_APPLICABLE,Jobs and notifications,
CAN-LAM-DELETE-077,Jobs and notifications,,I15,I15,I15,,Not applicable: generated broad template is superseded and cannot own implementation.,NOT_APPLICABLE,NOT_APPLICABLE,Jobs and notifications,
CAN-LAM-DELETE-078,Jobs and notifications,,I15,I15,I15,,Not applicable: generated broad template is superseded and cannot own implementation.,NOT_APPLICABLE,NOT_APPLICABLE,Jobs and notifications,
CAN-LAM-DELETE-079,Jobs and notifications,,I15,I15,I15,,Not applicable: generated broad template is superseded and cannot own implementation.,NOT_APPLICABLE,NOT_APPLICABLE,Jobs and notifications,
CAN-LAM-DELETE-080,Authentication and users,,I15,I15,I15,,Not applicable: generated broad template is superseded and cannot own implementation.,NOT_APPLICABLE,NOT_APPLICABLE,Authentication and users,
CAN-LAM-DELETE-081,Authentication and users,,I15,I15,I15,,Not applicable: generated broad template is superseded and cannot own implementation.,NOT_APPLICABLE,NOT_APPLICABLE,Authentication and users,
CAN-LAM-DELETE-082,Authentication and users,,I15,I15,I15,,Not applicable: generated broad template is superseded and cannot own implementation.,NOT_APPLICABLE,NOT_APPLICABLE,Authentication and users,
CAN-LAM-DELETE-083,Authentication and users,,I15,I15,I15,,Not applicable: generated broad template is superseded and cannot own implementation.,NOT_APPLICABLE,NOT_APPLICABLE,Authentication and users,
CAN-LAM-DELETE-084,Authentication and users,,I15,I15,I15,,Not applicable: generated broad template is superseded and cannot own implementation.,NOT_APPLICABLE,NOT_APPLICABLE,Authentication and users,
CAN-LAM-DELETE-085,Authentication and users,,I15,I15,I15,,Not applicable: generated broad template is superseded and cannot own implementation.,NOT_APPLICABLE,NOT_APPLICABLE,Authentication and users,
CAN-LAM-DELETE-086,Authentication and users,,I15,I15,I15,,Not applicable: generated broad template is superseded and cannot own implementation.,NOT_APPLICABLE,NOT_APPLICABLE,Authentication and users,
CAN-LAM-DELETE-087,Authentication and users,,I15,I15,I15,,Not applicable: generated broad template is superseded and cannot own implementation.,NOT_APPLICABLE,NOT_APPLICABLE,Authentication and users,
CAN-LAM-DELETE-088,Authentication and users,,I15,I15,I15,,Not applicable: generated broad template is superseded and cannot own implementation.,NOT_APPLICABLE,NOT_APPLICABLE,Authentication and users,
CAN-LAM-DELETE-089,Authentication and users,,I15,I15,I15,,Not applicable: generated broad template is superseded and cannot own implementation.,NOT_APPLICABLE,NOT_APPLICABLE,Authentication and users,
CAN-LAM-DELETE-090,Authentication and users,,I15,I15,I15,,Not applicable: generated broad template is superseded and cannot own implementation.,NOT_APPLICABLE,NOT_APPLICABLE,Authentication and users,
CAN-LAM-DELETE-091,Authentication and users,,I15,I15,I15,,Not applicable: generated broad template is superseded and cannot own implementation.,NOT_APPLICABLE,NOT_APPLICABLE,Authentication and users,
CAN-LAM-DELETE-092,Authentication and users,,I15,I15,I15,,Not applicable: generated broad template is superseded and cannot own implementation.,NOT_APPLICABLE,NOT_APPLICABLE,Authentication and users,
CAN-LAM-DELETE-093,Authentication and users,,I15,I15,I15,,Not applicable: generated broad template is superseded and cannot own implementation.,NOT_APPLICABLE,NOT_APPLICABLE,Authentication and users,
CAN-LAM-DELETE-094,Authentication and users,,I15,I15,I15,,Not applicable: generated broad template is superseded and cannot own implementation.,NOT_APPLICABLE,NOT_APPLICABLE,Authentication and users,
CAN-LAM-DELETE-095,Authentication and users,,I15,I15,I15,,Not applicable: generated broad template is superseded and cannot own implementation.,NOT_APPLICABLE,NOT_APPLICABLE,Authentication and users,
CAN-LAM-DELETE-096,Authentication and users,,I15,I15,I15,,Not applicable: generated broad template is superseded and cannot own implementation.,NOT_APPLICABLE,NOT_APPLICABLE,Authentication and users,
CAN-LAM-DELETE-097,Authentication and users,,I15,I15,I15,,Not applicable: generated broad template is superseded and cannot own implementation.,NOT_APPLICABLE,NOT_APPLICABLE,Authentication and users,
CAN-LAM-DELETE-098,Authentication and users,,I15,I15,I15,,Not applicable: generated broad template is superseded and cannot own implementation.,NOT_APPLICABLE,NOT_APPLICABLE,Authentication and users,
CAN-LAM-DELETE-099,Authentication and users,,I15,I15,I15,,Not applicable: generated broad template is superseded and cannot own implementation.,NOT_APPLICABLE,NOT_APPLICABLE,Authentication and users,
CAN-LAM-DELETE-100,Authentication and users,,I15,I15,I15,,Not applicable: generated broad template is superseded and cannot own implementation.,NOT_APPLICABLE,NOT_APPLICABLE,Authentication and users,
CAN-LAM-DELETE-101,Authentication and users,,I15,I15,I15,,Not applicable: generated broad template is superseded and cannot own implementation.,NOT_APPLICABLE,NOT_APPLICABLE,Authentication and users,
CAN-LAM-DELETE-102,Authentication and users,,I15,I15,I15,,Not applicable: generated broad template is superseded and cannot own implementation.,NOT_APPLICABLE,NOT_APPLICABLE,Authentication and users,
CAN-LAM-DELETE-103,Authentication and users,,I15,I15,I15,,Not applicable: generated broad template is superseded and cannot own implementation.,NOT_APPLICABLE,NOT_APPLICABLE,Authentication and users,
CAN-LAM-DELETE-104,Authentication and users,,I15,I15,I15,,Not applicable: generated broad template is superseded and cannot own implementation.,NOT_APPLICABLE,NOT_APPLICABLE,Authentication and users,
CAN-LAM-DELETE-105,Authentication and users,,I15,I15,I15,,Not applicable: generated broad template is superseded and cannot own implementation.,NOT_APPLICABLE,NOT_APPLICABLE,Authentication and users,
CAN-LAM-DELETE-106,Authentication and users,,I15,I15,I15,,Not applicable: generated broad template is superseded and cannot own implementation.,NOT_APPLICABLE,NOT_APPLICABLE,Authentication and users,
CAN-LAM-DELETE-107,Authentication and users,,I15,I15,I15,,Reviewed as a final-state prohibition; replacement implementation and I15 removal validation are represented separately.,REVIEWED_CONFIRMED,NONE,Authentication and users,
CAN-LAM-DELETE-108,Authentication and users,,I15,I15,I15,,Not applicable: generated broad template is superseded and cannot own implementation.,NOT_APPLICABLE,NOT_APPLICABLE,Authentication and users,
CAN-LAM-DELETE-109,Authentication and users,,I15,I15,I15,,Not applicable: generated broad template is superseded and cannot own implementation.,NOT_APPLICABLE,NOT_APPLICABLE,Authentication and users,
CAN-LAM-DELETE-110,Authentication and users,,I15,I15,I15,,Not applicable: generated broad template is superseded and cannot own implementation.,NOT_APPLICABLE,NOT_APPLICABLE,Authentication and users,
CAN-LAM-DELETE-111,Authentication and users,,I15,I15,I15,,Not applicable: generated broad template is superseded and cannot own implementation.,NOT_APPLICABLE,NOT_APPLICABLE,Authentication and users,
CAN-LAM-DELETE-112,Albums and favorites,,I15,I15,I15,,Not applicable: generated broad template is superseded and cannot own implementation.,NOT_APPLICABLE,NOT_APPLICABLE,Albums and favorites,
CAN-LAM-DELETE-113,Authentication and users,,I15,I15,I15,,Not applicable: generated broad template is superseded and cannot own implementation.,NOT_APPLICABLE,NOT_APPLICABLE,Authentication and users,
CAN-LAM-DELETE-114,Authentication and users,,I15,I15,I15,,Not applicable: generated broad template is superseded and cannot own implementation.,NOT_APPLICABLE,NOT_APPLICABLE,Authentication and users,
CAN-LAM-DELETE-115,Administration,,I15,I15,I15,,Not applicable: generated broad template is superseded and cannot own implementation.,NOT_APPLICABLE,NOT_APPLICABLE,Administration,
CAN-LAM-DELETE-116,Authentication and users,,I15,I15,I15,,Not applicable: generated broad template is superseded and cannot own implementation.,NOT_APPLICABLE,NOT_APPLICABLE,Authentication and users,
CAN-LAM-DELETE-117,Libraries and storage,,I15,I15,I15,,Not applicable: generated broad template is superseded and cannot own implementation.,NOT_APPLICABLE,NOT_APPLICABLE,Libraries and storage,
CAN-LAM-DELETE-118,Albums and favorites,,I15,I15,I15,,Not applicable: generated broad template is superseded and cannot own implementation.,NOT_APPLICABLE,NOT_APPLICABLE,Albums and favorites,
CAN-LAM-DELETE-119,Authentication and users,,I15,I15,I15,,Not applicable: generated broad template is superseded and cannot own implementation.,NOT_APPLICABLE,NOT_APPLICABLE,Authentication and users,
CAN-LAM-DELETE-120,Sharing and mobile backup,,I15,I15,I15,,Not applicable: generated broad template is superseded and cannot own implementation.,NOT_APPLICABLE,NOT_APPLICABLE,Sharing and mobile backup,
CAN-LAM-DELETE-121,Sharing and mobile backup,,I15,I15,I15,,Not applicable: generated broad template is superseded and cannot own implementation.,NOT_APPLICABLE,NOT_APPLICABLE,Sharing and mobile backup,
CAN-LAM-DELETE-122,Sharing and mobile backup,,I15,I15,I15,,Not applicable: generated broad template is superseded and cannot own implementation.,NOT_APPLICABLE,NOT_APPLICABLE,Sharing and mobile backup,
CAN-LAM-DELETE-123,Sharing and mobile backup,,I15,I15,I15,,Not applicable: generated broad template is superseded and cannot own implementation.,NOT_APPLICABLE,NOT_APPLICABLE,Sharing and mobile backup,
CAN-LAM-DELETE-124,Sharing and mobile backup,,I15,I15,I15,,Not applicable: generated broad template is superseded and cannot own implementation.,NOT_APPLICABLE,NOT_APPLICABLE,Sharing and mobile backup,
CAN-LAM-DELETE-125,Sharing and mobile backup,,I15,I15,I15,,Not applicable: generated broad template is superseded and cannot own implementation.,NOT_APPLICABLE,NOT_APPLICABLE,Sharing and mobile backup,
CAN-LAM-DELETE-126,Sharing and mobile backup,,I15,I15,I15,,Not applicable: generated broad template is superseded and cannot own implementation.,NOT_APPLICABLE,NOT_APPLICABLE,Sharing and mobile backup,
CAN-LAM-DELETE-127,Sharing and mobile backup,,I15,I15,I15,,Not applicable: generated broad template is superseded and cannot own implementation.,NOT_APPLICABLE,NOT_APPLICABLE,Sharing and mobile backup,
CAN-LAM-DELETE-128,Sharing and mobile backup,,I15,I15,I15,,Not applicable: generated broad template is superseded and cannot own implementation.,NOT_APPLICABLE,NOT_APPLICABLE,Sharing and mobile backup,
CAN-LAM-DELETE-129,Sharing and mobile backup,,I15,I15,I15,,Not applicable: generated broad template is superseded and cannot own implementation.,NOT_APPLICABLE,NOT_APPLICABLE,Sharing and mobile backup,
CAN-LAM-DELETE-130,Sharing and mobile backup,,I15,I15,I15,,Not applicable: generated broad template is superseded and cannot own implementation.,NOT_APPLICABLE,NOT_APPLICABLE,Sharing and mobile backup,
CAN-LAM-DELETE-131,Sharing and mobile backup,,I15,I15,I15,,Not applicable: generated broad template is superseded and cannot own implementation.,NOT_APPLICABLE,NOT_APPLICABLE,Sharing and mobile backup,
CAN-LAM-DELETE-132,Sharing and mobile backup,,I15,I15,I15,,Not applicable: generated broad template is superseded and cannot own implementation.,NOT_APPLICABLE,NOT_APPLICABLE,Sharing and mobile backup,
CAN-LAM-DELETE-133,Sharing and mobile backup,,I15,I15,I15,,Not applicable: generated broad template is superseded and cannot own implementation.,NOT_APPLICABLE,NOT_APPLICABLE,Sharing and mobile backup,
CAN-LAM-DELETE-134,Sharing and mobile backup,,I15,I15,I15,,Not applicable: generated broad template is superseded and cannot own implementation.,NOT_APPLICABLE,NOT_APPLICABLE,Sharing and mobile backup,
CAN-LAM-DELETE-135,Sharing and mobile backup,,I15,I15,I15,,Not applicable: generated broad template is superseded and cannot own implementation.,NOT_APPLICABLE,NOT_APPLICABLE,Sharing and mobile backup,
CAN-LAM-DELETE-136,Sharing and mobile backup,,I15,I15,I15,,Not applicable: generated broad template is superseded and cannot own implementation.,NOT_APPLICABLE,NOT_APPLICABLE,Sharing and mobile backup,
CAN-LAM-DELETE-137,Sharing and mobile backup,,I15,I15,I15,,Not applicable: generated broad template is superseded and cannot own implementation.,NOT_APPLICABLE,NOT_APPLICABLE,Sharing and mobile backup,
CAN-LAM-DELETE-138,Sharing and mobile backup,,I15,I15,I15,,Not applicable: generated broad template is superseded and cannot own implementation.,NOT_APPLICABLE,NOT_APPLICABLE,Sharing and mobile backup,
CAN-LAM-DELETE-139,Sharing and mobile backup,,I15,I15,I15,,Not applicable: generated broad template is superseded and cannot own implementation.,NOT_APPLICABLE,NOT_APPLICABLE,Sharing and mobile backup,
CAN-LAM-DELETE-140,Sharing and mobile backup,,I15,I15,I15,,Not applicable: generated broad template is superseded and cannot own implementation.,NOT_APPLICABLE,NOT_APPLICABLE,Sharing and mobile backup,
CAN-LAM-DELETE-141,Sharing and mobile backup,,I15,I15,I15,,Not applicable: generated broad template is superseded and cannot own implementation.,NOT_APPLICABLE,NOT_APPLICABLE,Sharing and mobile backup,
CAN-LAM-DELETE-142,Sharing and mobile backup,,I15,I15,I15,,Not applicable: generated broad template is superseded and cannot own implementation.,NOT_APPLICABLE,NOT_APPLICABLE,Sharing and mobile backup,
CAN-LAM-DELETE-143,Authentication and users,,I15,I15,I15,,Not applicable: generated broad template is superseded and cannot own implementation.,NOT_APPLICABLE,NOT_APPLICABLE,Authentication and users,
CAN-LAM-DELETE-144,Sharing and mobile backup,,I15,I15,I15,,Not applicable: generated broad template is superseded and cannot own implementation.,NOT_APPLICABLE,NOT_APPLICABLE,Sharing and mobile backup,
CAN-LAM-DELETE-145,Libraries and storage,,I15,I15,I15,,Not applicable: generated broad template is superseded and cannot own implementation.,NOT_APPLICABLE,NOT_APPLICABLE,Libraries and storage,
CAN-LAM-DELETE-146,Sharing and mobile backup,,I15,I15,I15,,Not applicable: generated broad template is superseded and cannot own implementation.,NOT_APPLICABLE,NOT_APPLICABLE,Sharing and mobile backup,
CAN-LAM-DELETE-147,Jobs and notifications,,I15,I15,I15,,Not applicable: generated broad template is superseded and cannot own implementation.,NOT_APPLICABLE,NOT_APPLICABLE,Jobs and notifications,
CAN-LAM-DELETE-148,Authentication and users,,I15,I15,I15,,Not applicable: generated broad template is superseded and cannot own implementation.,NOT_APPLICABLE,NOT_APPLICABLE,Authentication and users,
CAN-LAM-DELETE-149,Authentication and users,,I15,I15,I15,,Not applicable: generated broad template is superseded and cannot own implementation.,NOT_APPLICABLE,NOT_APPLICABLE,Authentication and users,
CAN-LAM-DELETE-150,Authentication and users,,I15,I15,I15,,Not applicable: generated broad template is superseded and cannot own implementation.,NOT_APPLICABLE,NOT_APPLICABLE,Authentication and users,
CAN-LAM-DELETE-151,Authentication and users,,I15,I15,I15,,Not applicable: generated broad template is superseded and cannot own implementation.,NOT_APPLICABLE,NOT_APPLICABLE,Authentication and users,
CAN-LAM-DELETE-152,Authentication and users,,I15,I15,I15,,Not applicable: generated broad template is superseded and cannot own implementation.,NOT_APPLICABLE,NOT_APPLICABLE,Authentication and users,
CAN-LAM-DELETE-153,Authentication and users,,I15,I15,I15,,Not applicable: generated broad template is superseded and cannot own implementation.,NOT_APPLICABLE,NOT_APPLICABLE,Authentication and users,
CAN-LAM-DELETE-154,Authentication and users,,I15,I15,I15,,Not applicable: generated broad template is superseded and cannot own implementation.,NOT_APPLICABLE,NOT_APPLICABLE,Authentication and users,
CAN-LAM-DELETE-155,Authentication and users,,I15,I15,I15,,Not applicable: generated broad template is superseded and cannot own implementation.,NOT_APPLICABLE,NOT_APPLICABLE,Authentication and users,
CAN-LAM-DELETE-156,Authentication and users,,I15,I15,I15,,Not applicable: generated broad template is superseded and cannot own implementation.,NOT_APPLICABLE,NOT_APPLICABLE,Authentication and users,
CAN-LAM-DELETE-157,Authentication and users,,I15,I15,I15,,Not applicable: generated broad template is superseded and cannot own implementation.,NOT_APPLICABLE,NOT_APPLICABLE,Authentication and users,
CAN-LAM-DELETE-158,Administration,,I15,I15,I15,,Not applicable: generated broad template is superseded and cannot own implementation.,NOT_APPLICABLE,NOT_APPLICABLE,Administration,
CAN-LAM-DELETE-159,Administration,,I15,I15,I15,,Not applicable: generated broad template is superseded and cannot own implementation.,NOT_APPLICABLE,NOT_APPLICABLE,Administration,
CAN-LAM-DELETE-160,Administration,,I15,I15,I15,,Not applicable: generated broad template is superseded and cannot own implementation.,NOT_APPLICABLE,NOT_APPLICABLE,Administration,
CAN-LAM-DELETE-161,Administration,,I15,I15,I15,,Not applicable: generated broad template is superseded and cannot own implementation.,NOT_APPLICABLE,NOT_APPLICABLE,Administration,
CAN-LAM-DELETE-162,Jobs and notifications,,I15,I15,I15,,Not applicable: generated broad template is superseded and cannot own implementation.,NOT_APPLICABLE,NOT_APPLICABLE,Jobs and notifications,
CAN-LAM-DELETE-163,Administration,,I15,I15,I15,,Not applicable: generated broad template is superseded and cannot own implementation.,NOT_APPLICABLE,NOT_APPLICABLE,Administration,
CAN-LAM-DELETE-164,Administration,,I15,I15,I15,,Not applicable: generated broad template is superseded and cannot own implementation.,NOT_APPLICABLE,NOT_APPLICABLE,Administration,
CAN-LAM-DELETE-165,Administration,,I15,I15,I15,,Not applicable: generated broad template is superseded and cannot own implementation.,NOT_APPLICABLE,NOT_APPLICABLE,Administration,
CAN-LAM-DELETE-166,Administration,,I15,I15,I15,,Not applicable: generated broad template is superseded and cannot own implementation.,NOT_APPLICABLE,NOT_APPLICABLE,Administration,
CAN-LAM-DELETE-167,Administration,,I15,I15,I15,,Not applicable: generated broad template is superseded and cannot own implementation.,NOT_APPLICABLE,NOT_APPLICABLE,Administration,
CAN-LAM-DELETE-168,Administration,,I15,I15,I15,,Not applicable: generated broad template is superseded and cannot own implementation.,NOT_APPLICABLE,NOT_APPLICABLE,Administration,
CAN-LAM-DELETE-169,Administration,,I15,I15,I15,,Not applicable: generated broad template is superseded and cannot own implementation.,NOT_APPLICABLE,NOT_APPLICABLE,Administration,
CAN-LAM-DELETE-170,Administration,,I15,I15,I15,,Not applicable: generated broad template is superseded and cannot own implementation.,NOT_APPLICABLE,NOT_APPLICABLE,Administration,
CAN-LAM-DELETE-171,Administration,,I15,I15,I15,,Not applicable: generated broad template is superseded and cannot own implementation.,NOT_APPLICABLE,NOT_APPLICABLE,Administration,
CAN-LAM-DELETE-172,Administration,,I15,I15,I15,,Not applicable: generated broad template is superseded and cannot own implementation.,NOT_APPLICABLE,NOT_APPLICABLE,Administration,
CAN-LAM-DELETE-173,Administration,,I15,I15,I15,,Not applicable: generated broad template is superseded and cannot own implementation.,NOT_APPLICABLE,NOT_APPLICABLE,Administration,
CAN-LAM-DELETE-174,Administration,,I15,I15,I15,,Not applicable: generated broad template is superseded and cannot own implementation.,NOT_APPLICABLE,NOT_APPLICABLE,Administration,
CAN-LAM-DELETE-175,Administration,,I15,I15,I15,,Not applicable: generated broad template is superseded and cannot own implementation.,NOT_APPLICABLE,NOT_APPLICABLE,Administration,
CAN-LAM-DELETE-176,Administration,,I15,I15,I15,,Not applicable: generated broad template is superseded and cannot own implementation.,NOT_APPLICABLE,NOT_APPLICABLE,Administration,
CAN-LAM-DELETE-177,Libraries and storage,,I15,I15,I15,,Not applicable: generated broad template is superseded and cannot own implementation.,NOT_APPLICABLE,NOT_APPLICABLE,Libraries and storage,
CAN-LAM-DELETE-178,Libraries and storage,,I15,I15,I15,,Not applicable: generated broad template is superseded and cannot own implementation.,NOT_APPLICABLE,NOT_APPLICABLE,Libraries and storage,
CAN-LAM-DELETE-179,Libraries and storage,,I15,I15,I15,,Not applicable: generated broad template is superseded and cannot own implementation.,NOT_APPLICABLE,NOT_APPLICABLE,Libraries and storage,
CAN-LAM-DELETE-180,Libraries and storage,,I15,I15,I15,,Not applicable: generated broad template is superseded and cannot own implementation.,NOT_APPLICABLE,NOT_APPLICABLE,Libraries and storage,
CAN-LAM-DELETE-181,Libraries and storage,,I15,I15,I15,,Not applicable: generated broad template is superseded and cannot own implementation.,NOT_APPLICABLE,NOT_APPLICABLE,Libraries and storage,
CAN-LAM-DELETE-182,Libraries and storage,,I15,I15,I15,,Not applicable: generated broad template is superseded and cannot own implementation.,NOT_APPLICABLE,NOT_APPLICABLE,Libraries and storage,
CAN-LAM-DELETE-183,Sharing and mobile backup,,I15,I15,I15,,Not applicable: generated broad template is superseded and cannot own implementation.,NOT_APPLICABLE,NOT_APPLICABLE,Sharing and mobile backup,
CAN-LAM-DELETE-184,Sharing and mobile backup,,I15,I15,I15,,Not applicable: generated broad template is superseded and cannot own implementation.,NOT_APPLICABLE,NOT_APPLICABLE,Sharing and mobile backup,
CAN-LAM-DELETE-185,Sharing and mobile backup,,I15,I15,I15,,Not applicable: generated broad template is superseded and cannot own implementation.,NOT_APPLICABLE,NOT_APPLICABLE,Sharing and mobile backup,
CAN-LAM-DELETE-186,Sharing and mobile backup,,I15,I15,I15,,Not applicable: generated broad template is superseded and cannot own implementation.,NOT_APPLICABLE,NOT_APPLICABLE,Sharing and mobile backup,
CAN-LAM-DELETE-187,Sharing and mobile backup,,I15,I15,I15,,Not applicable: generated broad template is superseded and cannot own implementation.,NOT_APPLICABLE,NOT_APPLICABLE,Sharing and mobile backup,
CAN-LAM-DELETE-188,Sharing and mobile backup,,I15,I15,I15,,Not applicable: generated broad template is superseded and cannot own implementation.,NOT_APPLICABLE,NOT_APPLICABLE,Sharing and mobile backup,
CAN-LAM-DELETE-189,Local AI worker,,I15,I15,I15,,Not applicable: generated broad template is superseded and cannot own implementation.,NOT_APPLICABLE,NOT_APPLICABLE,Local AI worker,
CAN-LAM-DELETE-190,Local AI worker,,I15,I15,I15,,Not applicable: generated broad template is superseded and cannot own implementation.,NOT_APPLICABLE,NOT_APPLICABLE,Local AI worker,
CAN-LAM-DELETE-191,Local AI worker,,I15,I15,I15,,Not applicable: generated broad template is superseded and cannot own implementation.,NOT_APPLICABLE,NOT_APPLICABLE,Local AI worker,
CAN-LAM-DELETE-192,Local AI worker,,I15,I15,I15,,Not applicable: generated broad template is superseded and cannot own implementation.,NOT_APPLICABLE,NOT_APPLICABLE,Local AI worker,
CAN-LAM-DELETE-193,Local AI worker,,I15,I15,I15,,Not applicable: generated broad template is superseded and cannot own implementation.,NOT_APPLICABLE,NOT_APPLICABLE,Local AI worker,
CAN-LAM-DELETE-194,Desktop shell,,I15,I15,I15,,Not applicable: generated broad template is superseded and cannot own implementation.,NOT_APPLICABLE,NOT_APPLICABLE,Desktop shell,
CAN-LAM-DELETE-195,Desktop shell,,I15,I15,I15,,Not applicable: generated broad template is superseded and cannot own implementation.,NOT_APPLICABLE,NOT_APPLICABLE,Desktop shell,
CAN-LAM-DELETE-196,Desktop shell,,I15,I15,I15,,Not applicable: generated broad template is superseded and cannot own implementation.,NOT_APPLICABLE,NOT_APPLICABLE,Desktop shell,
CAN-LAM-DELETE-197,Desktop shell,,I15,I15,I15,,Not applicable: generated broad template is superseded and cannot own implementation.,NOT_APPLICABLE,NOT_APPLICABLE,Desktop shell,
CAN-LAM-DELETE-198,Desktop shell,,I15,I15,I15,,Not applicable: generated broad template is superseded and cannot own implementation.,NOT_APPLICABLE,NOT_APPLICABLE,Desktop shell,
CAN-LAM-DELETE-199,Desktop shell,,I15,I15,I15,,Not applicable: generated broad template is superseded and cannot own implementation.,NOT_APPLICABLE,NOT_APPLICABLE,Desktop shell,
CAN-LAM-DELETE-200,Desktop shell,,I15,I15,I15,,Not applicable: generated broad template is superseded and cannot own implementation.,NOT_APPLICABLE,NOT_APPLICABLE,Desktop shell,
CAN-LAM-DELETE-201,Desktop shell,,I15,I15,I15,,Not applicable: generated broad template is superseded and cannot own implementation.,NOT_APPLICABLE,NOT_APPLICABLE,Desktop shell,
CAN-LAM-DELETE-202,Desktop shell,,I15,I15,I15,,Not applicable: generated broad template is superseded and cannot own implementation.,NOT_APPLICABLE,NOT_APPLICABLE,Desktop shell,
CAN-LAM-DELETE-203,Desktop shell,,I15,I15,I15,,Not applicable: generated broad template is superseded and cannot own implementation.,NOT_APPLICABLE,NOT_APPLICABLE,Desktop shell,
CAN-LAM-DELETE-204,Desktop shell,,I15,I15,I15,,Not applicable: generated broad template is superseded and cannot own implementation.,NOT_APPLICABLE,NOT_APPLICABLE,Desktop shell,
CAN-LAM-DELETE-205,Administration,,I15,I15,I15,,Not applicable: generated broad template is superseded and cannot own implementation.,NOT_APPLICABLE,NOT_APPLICABLE,Administration,
CAN-LAM-DELETE-206,Administration,,I15,I15,I15,,Not applicable: generated broad template is superseded and cannot own implementation.,NOT_APPLICABLE,NOT_APPLICABLE,Administration,
CAN-LAM-DELETE-207,Administration,,I15,I15,I15,,Not applicable: generated broad template is superseded and cannot own implementation.,NOT_APPLICABLE,NOT_APPLICABLE,Administration,
CAN-LAM-DELETE-208,Administration,,I15,I15,I15,,Not applicable: generated broad template is superseded and cannot own implementation.,NOT_APPLICABLE,NOT_APPLICABLE,Administration,
CAN-LAM-DELETE-209,Administration,,I15,I15,I15,,Not applicable: generated broad template is superseded and cannot own implementation.,NOT_APPLICABLE,NOT_APPLICABLE,Administration,
CAN-LAM-DELETE-210,Administration,,I15,I15,I15,,Not applicable: generated broad template is superseded and cannot own implementation.,NOT_APPLICABLE,NOT_APPLICABLE,Administration,
CAN-LAM-DELETE-211,Administration,,I15,I15,I15,,Not applicable: generated broad template is superseded and cannot own implementation.,NOT_APPLICABLE,NOT_APPLICABLE,Administration,
CAN-LAM-DELETE-212,Administration,,I15,I15,I15,,Not applicable: generated broad template is superseded and cannot own implementation.,NOT_APPLICABLE,NOT_APPLICABLE,Administration,
CAN-LAM-DELETE-213,Administration,,I15,I15,I15,,Not applicable: generated broad template is superseded and cannot own implementation.,NOT_APPLICABLE,NOT_APPLICABLE,Administration,
CAN-LAM-DELETE-214,Administration,,I15,I15,I15,,Not applicable: generated broad template is superseded and cannot own implementation.,NOT_APPLICABLE,NOT_APPLICABLE,Administration,
CAN-LAM-DELETE-215,Planning and verification governance,,I15,I15,I15,,Not applicable: generated broad template is superseded and cannot own implementation.,NOT_APPLICABLE,NOT_APPLICABLE,Planning and verification governance,
CAN-LAM-DELETE-216,Planning and verification governance,,I15,I15,I15,,Not applicable: generated broad template is superseded and cannot own implementation.,NOT_APPLICABLE,NOT_APPLICABLE,Planning and verification governance,
CAN-LAM-DELETE-217,Sharing and mobile backup,,I15,I15,I15,,Not applicable: generated broad template is superseded and cannot own implementation.,NOT_APPLICABLE,NOT_APPLICABLE,Sharing and mobile backup,
CAN-LAM-DELETE-218,Authentication and users,,I15,I15,I15,,Not applicable: generated broad template is superseded and cannot own implementation.,NOT_APPLICABLE,NOT_APPLICABLE,Authentication and users,
CAN-LAM-DELETE-219,Sharing and mobile backup,,I15,I15,I15,,Not applicable: generated broad template is superseded and cannot own implementation.,NOT_APPLICABLE,NOT_APPLICABLE,Sharing and mobile backup,
CAN-LAM-DELETE-220,Planning and verification governance,,I15,I15,I15,,Not applicable: generated broad template is superseded and cannot own implementation.,NOT_APPLICABLE,NOT_APPLICABLE,Planning and verification governance,
CAN-LAM-DELETE-221,Sharing and mobile backup,,I15,I15,I15,,Not applicable: generated broad template is superseded and cannot own implementation.,NOT_APPLICABLE,NOT_APPLICABLE,Sharing and mobile backup,
CAN-LAM-DELETE-222,Sharing and mobile backup,,I15,I15,I15,,Not applicable: generated broad template is superseded and cannot own implementation.,NOT_APPLICABLE,NOT_APPLICABLE,Sharing and mobile backup,
CAN-LAM-DELETE-223,Authentication and users,,I15,I15,I15,,Not applicable: generated broad template is superseded and cannot own implementation.,NOT_APPLICABLE,NOT_APPLICABLE,Authentication and users,
CAN-LAM-DELETE-224,Jobs and notifications,,I15,I15,I15,,Not applicable: generated broad template is superseded and cannot own implementation.,NOT_APPLICABLE,NOT_APPLICABLE,Jobs and notifications,
CAN-LAM-DELETE-225,Jobs and notifications,,I15,I15,I15,,Not applicable: generated broad template is superseded and cannot own implementation.,NOT_APPLICABLE,NOT_APPLICABLE,Jobs and notifications,
CAN-LAM-DELETE-226,Jobs and notifications,,I15,I15,I15,,Not applicable: generated broad template is superseded and cannot own implementation.,NOT_APPLICABLE,NOT_APPLICABLE,Jobs and notifications,
CAN-LAM-DELETE-227,Jobs and notifications,,I15,I15,I15,,Not applicable: generated broad template is superseded and cannot own implementation.,NOT_APPLICABLE,NOT_APPLICABLE,Jobs and notifications,
CAN-LAM-DELETE-228,Jobs and notifications,,I15,I15,I15,,Not applicable: generated broad template is superseded and cannot own implementation.,NOT_APPLICABLE,NOT_APPLICABLE,Jobs and notifications,
CAN-LAM-DELETE-229,Jobs and notifications,,I15,I15,I15,,Not applicable: generated broad template is superseded and cannot own implementation.,NOT_APPLICABLE,NOT_APPLICABLE,Jobs and notifications,
CAN-LAM-DELETE-230,Jobs and notifications,,I15,I15,I15,,Not applicable: generated broad template is superseded and cannot own implementation.,NOT_APPLICABLE,NOT_APPLICABLE,Jobs and notifications,
CAN-LAM-DELETE-231,Jobs and notifications,,I15,I15,I15,,Not applicable: generated broad template is superseded and cannot own implementation.,NOT_APPLICABLE,NOT_APPLICABLE,Jobs and notifications,
CAN-LAM-DELETE-232,Jobs and notifications,,I15,I15,I15,,Not applicable: generated broad template is superseded and cannot own implementation.,NOT_APPLICABLE,NOT_APPLICABLE,Jobs and notifications,
CAN-LAM-DELETE-233,Jobs and notifications,,I0;I15,,,,Not applicable: generated broad template is superseded and cannot own implementation.,NOT_APPLICABLE,NOT_APPLICABLE,Jobs and notifications,
CAN-LAM-DELETE-234,Metadata,,I15,I15,I15,,Not applicable: generated broad template is superseded and cannot own implementation.,NOT_APPLICABLE,NOT_APPLICABLE,Metadata,
CAN-LAM-DELETE-235,Metadata,,I15,I15,I15,,Not applicable: generated broad template is superseded and cannot own implementation.,NOT_APPLICABLE,NOT_APPLICABLE,Metadata,
CAN-LAM-DELETE-236,Events and organization,,I15,I15,I15,,Not applicable: generated broad template is superseded and cannot own implementation.,NOT_APPLICABLE,NOT_APPLICABLE,Events and organization,
CAN-LAM-DELETE-237,Map and location,,I15,I15,I15,,Not applicable: generated broad template is superseded and cannot own implementation.,NOT_APPLICABLE,NOT_APPLICABLE,Map and location,
CAN-LAM-DELETE-238,Events and organization,,I15,I15,I15,,Not applicable: generated broad template is superseded and cannot own implementation.,NOT_APPLICABLE,NOT_APPLICABLE,Events and organization,
CAN-LAM-DELETE-239,Events and organization,,I15,I15,I15,,Not applicable: generated broad template is superseded and cannot own implementation.,NOT_APPLICABLE,NOT_APPLICABLE,Events and organization,
CAN-LAM-DELETE-240,Duplicates,,I15,I15,I15,,Not applicable: generated broad template is superseded and cannot own implementation.,NOT_APPLICABLE,NOT_APPLICABLE,Duplicates,
CAN-LAM-DELETE-241,People and faces,,I15,I15,I15,,Not applicable: generated broad template is superseded and cannot own implementation.,NOT_APPLICABLE,NOT_APPLICABLE,People and faces,
CAN-LAM-DELETE-242,People and faces,,I15,I15,I15,,Not applicable: generated broad template is superseded and cannot own implementation.,NOT_APPLICABLE,NOT_APPLICABLE,People and faces,
CAN-LAM-DELETE-243,Local AI worker,,I15,I15,I15,,Not applicable: generated broad template is superseded and cannot own implementation.,NOT_APPLICABLE,NOT_APPLICABLE,Local AI worker,
CAN-LAM-DELETE-244,Local AI worker,,I15,I15,I15,,Not applicable: generated broad template is superseded and cannot own implementation.,NOT_APPLICABLE,NOT_APPLICABLE,Local AI worker,
CAN-LAM-DELETE-245,Map and location,,I15,I15,I15,,Not applicable: generated broad template is superseded and cannot own implementation.,NOT_APPLICABLE,NOT_APPLICABLE,Map and location,
CAN-LAM-DELETE-246,Planning and verification governance,,I15,I15,I15,,Not applicable: generated broad template is superseded and cannot own implementation.,NOT_APPLICABLE,NOT_APPLICABLE,Planning and verification governance,
CAN-LAM-DELETE-247,Metadata,,I15,I15,I15,,Not applicable: generated broad template is superseded and cannot own implementation.,NOT_APPLICABLE,NOT_APPLICABLE,Metadata,
CAN-LAM-DELETE-248,Metadata,,I15,I15,I15,,Not applicable: generated broad template is superseded and cannot own implementation.,NOT_APPLICABLE,NOT_APPLICABLE,Metadata,
CAN-LAM-DELETE-249,People and faces,,I15,I15,I15,,Not applicable: generated broad template is superseded and cannot own implementation.,NOT_APPLICABLE,NOT_APPLICABLE,People and faces,
CAN-LAM-DELETE-250,Planning and verification governance,,I15,I15,I15,,Not applicable: generated broad template is superseded and cannot own implementation.,NOT_APPLICABLE,NOT_APPLICABLE,Planning and verification governance,
CAN-LAM-DELETE-251,Planning and verification governance,,I15,I15,I15,,Not applicable: generated broad template is superseded and cannot own implementation.,NOT_APPLICABLE,NOT_APPLICABLE,Planning and verification governance,
CAN-LAM-DELETE-252,Metadata,,I15,I15,I15,,Not applicable: generated broad template is superseded and cannot own implementation.,NOT_APPLICABLE,NOT_APPLICABLE,Metadata,
CAN-LAM-DELETE-253,Metadata,,I15,I15,I15,,Not applicable: generated broad template is superseded and cannot own implementation.,NOT_APPLICABLE,NOT_APPLICABLE,Metadata,
CAN-LAM-DELETE-254,Planning and verification governance,,I15,I15,I15,,Not applicable: generated broad template is superseded and cannot own implementation.,NOT_APPLICABLE,NOT_APPLICABLE,Planning and verification governance,
CAN-LAM-DELETE-255,Planning and verification governance,,I15,I15,I15,,Not applicable: generated broad template is superseded and cannot own implementation.,NOT_APPLICABLE,NOT_APPLICABLE,Planning and verification governance,
CAN-LAM-DELETE-256,Planning and verification governance,,I15,I15,I15,,Not applicable: generated broad template is superseded and cannot own implementation.,NOT_APPLICABLE,NOT_APPLICABLE,Planning and verification governance,
CAN-LAM-DELETE-257,Desktop shell,,I15,I15,I15,,Not applicable: generated broad template is superseded and cannot own implementation.,NOT_APPLICABLE,NOT_APPLICABLE,Desktop shell,
CAN-LAM-DELETE-258,Planning and verification governance,,I15,I15,I15,,Not applicable: generated broad template is superseded and cannot own implementation.,NOT_APPLICABLE,NOT_APPLICABLE,Planning and verification governance,
CAN-LAM-DELETE-259,Planning and verification governance,,I15,I15,I15,,Not applicable: generated broad template is superseded and cannot own implementation.,NOT_APPLICABLE,NOT_APPLICABLE,Planning and verification governance,
CAN-LAM-DELETE-260,Planning and verification governance,,I15,I15,I15,,Not applicable: generated broad template is superseded and cannot own implementation.,NOT_APPLICABLE,NOT_APPLICABLE,Planning and verification governance,
CAN-LAM-DELETE-261,Map and location,,I15,I15,I15,,Not applicable: generated broad template is superseded and cannot own implementation.,NOT_APPLICABLE,NOT_APPLICABLE,Map and location,
CAN-LAM-DELETE-262,Libraries and storage,,I15,I15,I15,,Not applicable: generated broad template is superseded and cannot own implementation.,NOT_APPLICABLE,NOT_APPLICABLE,Libraries and storage,
CAN-LAM-DELETE-263,Map and location,,I15,I15,I15,,Not applicable: generated broad template is superseded and cannot own implementation.,NOT_APPLICABLE,NOT_APPLICABLE,Map and location,
CAN-LAM-DELETE-264,Asset viewer,,I15,I15,I15,,Not applicable: generated broad template is superseded and cannot own implementation.,NOT_APPLICABLE,NOT_APPLICABLE,Asset viewer,
CAN-LAM-DELETE-265,Asset viewer,,I15,I15,I15,,Not applicable: generated broad template is superseded and cannot own implementation.,NOT_APPLICABLE,NOT_APPLICABLE,Asset viewer,
CAN-LAM-DELETE-266,Planning and verification governance,,I15,I15,I15,,Not applicable: generated broad template is superseded and cannot own implementation.,NOT_APPLICABLE,NOT_APPLICABLE,Planning and verification governance,
CAN-LAM-DELETE-267,Trash and permanent-delete operations,I13,I15,I15,I15,,Replaced a one-word removal gate with the retained confirmation behavior and deletion condition.,REVIEWED_CORRECTED,NONE,Planning and verification governance,
CAN-LAM-DELETE-268,Planning and verification governance,,I15,I15,I15,,Not applicable: generated broad template is superseded and cannot own implementation.,NOT_APPLICABLE,NOT_APPLICABLE,Planning and verification governance,
CAN-LAM-DELETE-269,Review Centre,,I15,I15,I15,,Not applicable: generated broad template is superseded and cannot own implementation.,NOT_APPLICABLE,NOT_APPLICABLE,Review Centre,
CAN-LAM-DELETE-270,Planning and verification governance,,I15,I15,I15,,Not applicable: generated broad template is superseded and cannot own implementation.,NOT_APPLICABLE,NOT_APPLICABLE,Planning and verification governance,
CAN-LAM-DELETE-271,Authentication and users,,I15,I15,I15,,Not applicable: generated broad template is superseded and cannot own implementation.,NOT_APPLICABLE,NOT_APPLICABLE,Authentication and users,
CAN-LAM-DELETE-272,Planning and verification governance,,I15,I15,I15,,Not applicable: generated broad template is superseded and cannot own implementation.,NOT_APPLICABLE,NOT_APPLICABLE,Planning and verification governance,
CAN-LAM-DELETE-273,Desktop shell,,I15,I15,I15,,Not applicable: generated broad template is superseded and cannot own implementation.,NOT_APPLICABLE,NOT_APPLICABLE,Desktop shell,
CAN-LAM-DELETE-274,Authentication and users,,I15,I15,I15,,Not applicable: generated broad template is superseded and cannot own implementation.,NOT_APPLICABLE,NOT_APPLICABLE,Authentication and users,
CAN-LAM-DELETE-275,Planning and verification governance,,I15,I15,I15,,Not applicable: generated broad template is superseded and cannot own implementation.,NOT_APPLICABLE,NOT_APPLICABLE,Planning and verification governance,
CAN-LAM-DELETE-276,Sharing and mobile backup,,I15,I15,I15,,Not applicable: generated broad template is superseded and cannot own implementation.,NOT_APPLICABLE,NOT_APPLICABLE,Sharing and mobile backup,
CAN-LAM-DELETE-277,Planning and verification governance,,I15,I15,I15,,Not applicable: generated broad template is superseded and cannot own implementation.,NOT_APPLICABLE,NOT_APPLICABLE,Planning and verification governance,
CAN-LAM-DELETE-278,Authentication and users,,I15,I15,I15,,Not applicable: generated broad template is superseded and cannot own implementation.,NOT_APPLICABLE,NOT_APPLICABLE,Authentication and users,
CAN-LAM-DELETE-279,Libraries and storage,,I15,I15,I15,,Not applicable: generated broad template is superseded and cannot own implementation.,NOT_APPLICABLE,NOT_APPLICABLE,Libraries and storage,
CAN-LAM-DELETE-280,Jobs and notifications,,I15,I15,I15,,Not applicable: generated broad template is superseded and cannot own implementation.,NOT_APPLICABLE,NOT_APPLICABLE,Jobs and notifications,
CAN-LAM-DELETE-281,Planning and verification governance,,I15,I15,I15,,Not applicable: generated broad template is superseded and cannot own implementation.,NOT_APPLICABLE,NOT_APPLICABLE,Planning and verification governance,
CAN-LAM-DELETE-282,Planning and verification governance,,I15,I15,I15,,Not applicable: generated broad template is superseded and cannot own implementation.,NOT_APPLICABLE,NOT_APPLICABLE,Planning and verification governance,
CAN-LAM-DELETE-283,Sharing and mobile backup,,I15,I15,I15,,Not applicable: generated broad template is superseded and cannot own implementation.,NOT_APPLICABLE,NOT_APPLICABLE,Sharing and mobile backup,
CAN-LAM-DELETE-284,Planning and verification governance,,I15,I15,I15,,Not applicable: generated broad template is superseded and cannot own implementation.,NOT_APPLICABLE,NOT_APPLICABLE,Planning and verification governance,
CAN-LAM-DELETE-285,Planning and verification governance,I15,I15,I15,I15,,Reusable-component preservation is a legacy replacement-verification and removal gate.,REVIEWED_CORRECTED,NONE,Planning and verification governance,
CAN-LAM-DELETE-286,Planning and verification governance,,I15,I15,I15,,Not applicable: generated broad template is superseded and cannot own implementation.,NOT_APPLICABLE,NOT_APPLICABLE,Planning and verification governance,
CAN-LAM-DELETE-287,Planning and verification governance,,I15,I15,I15,,Not applicable: generated broad template is superseded and cannot own implementation.,NOT_APPLICABLE,NOT_APPLICABLE,Planning and verification governance,
CAN-LAM-DELETE-288,Planning and verification governance,,I15,I15,I15,,Not applicable: generated broad template is superseded and cannot own implementation.,NOT_APPLICABLE,NOT_APPLICABLE,Planning and verification governance,
CAN-LAM-DELETE-289,Planning and verification governance,,I15,I15,I15,,Not applicable: generated broad template is superseded and cannot own implementation.,NOT_APPLICABLE,NOT_APPLICABLE,Planning and verification governance,
CAN-LAM-DELETE-290,Planning and verification governance,,I15,I15,I15,,Not applicable: generated broad template is superseded and cannot own implementation.,NOT_APPLICABLE,NOT_APPLICABLE,Planning and verification governance,
CAN-LAM-DELETE-291,Planning and verification governance,,I15,I15,I15,,Not applicable: generated broad template is superseded and cannot own implementation.,NOT_APPLICABLE,NOT_APPLICABLE,Planning and verification governance,
CAN-LAM-DELETE-292,Planning and verification governance,,I15,I15,I15,,Not applicable: generated broad template is superseded and cannot own implementation.,NOT_APPLICABLE,NOT_APPLICABLE,Planning and verification governance,
CAN-LAM-DELETE-293,Planning and verification governance,,I15,I15,I15,,Not applicable: generated broad template is superseded and cannot own implementation.,NOT_APPLICABLE,NOT_APPLICABLE,Planning and verification governance,
CAN-LAM-DELETE-294,Authentication and users,,I2;I15,I15,I15,,Not applicable: generated broad template is superseded and cannot own implementation.,NOT_APPLICABLE,NOT_APPLICABLE,Authentication and users,I2
CAN-LAM-DELETE-295,Authentication and users,,I2;I15,I15,I15,,Not applicable: generated broad template is superseded and cannot own implementation.,NOT_APPLICABLE,NOT_APPLICABLE,Authentication and users,I2
CAN-LAM-DELETE-296,Sharing and mobile backup,,I13;I15,I15,I15,,Not applicable: generated broad template is superseded and cannot own implementation.,NOT_APPLICABLE,NOT_APPLICABLE,Sharing and mobile backup,I13
CAN-LAM-DELETE-297,Authentication and users,,I2;I15,I15,I15,,Not applicable: generated broad template is superseded and cannot own implementation.,NOT_APPLICABLE,NOT_APPLICABLE,Authentication and users,I2
CAN-LAM-DELETE-298,Administration,,I15,I15,I15,,Not applicable: generated broad template is superseded and cannot own implementation.,NOT_APPLICABLE,NOT_APPLICABLE,Administration,I15
CAN-LAM-DELETE-299,Desktop shell,,I2;I15,I15,I15,,Not applicable: generated broad template is superseded and cannot own implementation.,NOT_APPLICABLE,NOT_APPLICABLE,Desktop shell,I2
CAN-LAM-DELETE-300,Settings,,I3;I15,I15,I15,,Not applicable: generated broad template is superseded and cannot own implementation.,NOT_APPLICABLE,NOT_APPLICABLE,Settings,I3
CAN-LAM-DELETE-301,Jobs and notifications,,I15,I15,I15,,Not applicable: generated broad template is superseded and cannot own implementation.,NOT_APPLICABLE,NOT_APPLICABLE,Jobs and notifications,I15
CAN-LAM-DELETE-302,Local data authority,,I15,I15,I15,,Not applicable: generated broad template is superseded and cannot own implementation.,NOT_APPLICABLE,NOT_APPLICABLE,Local data authority,I15
CAN-LAM-DELETE-303,Planning and verification governance,,I15,I15,I15,,Not applicable: generated broad template is superseded and cannot own implementation.,NOT_APPLICABLE,NOT_APPLICABLE,Planning and verification governance,
CAN-LAM-DELETE-304,Planning and verification governance,,I15,I15,I15,,Not applicable: generated broad template is superseded and cannot own implementation.,NOT_APPLICABLE,NOT_APPLICABLE,Planning and verification governance,
CAN-LAM-DELETE-305,Editing,,I11;I15,I15,I15,,Not applicable: generated broad template is superseded and cannot own implementation.,NOT_APPLICABLE,NOT_APPLICABLE,Editing,I11
CAN-LAM-DELETE-306,Planning and verification governance,,I15,I15,I15,,Not applicable: generated broad template is superseded and cannot own implementation.,NOT_APPLICABLE,NOT_APPLICABLE,Planning and verification governance,
CAN-LAM-DELETE-307,Planning and verification governance,,I15,I15,I15,,Not applicable: generated broad template is superseded and cannot own implementation.,NOT_APPLICABLE,NOT_APPLICABLE,Planning and verification governance,
CAN-LAM-DELETE-308,Authentication and users,,I15,I15,I15,,Not applicable: generated broad template is superseded and cannot own implementation.,NOT_APPLICABLE,NOT_APPLICABLE,Authentication and users,
CAN-LAM-DELETE-309,Planning and verification governance,,I15,I15,I15,,Not applicable: generated broad template is superseded and cannot own implementation.,NOT_APPLICABLE,NOT_APPLICABLE,Planning and verification governance,
CAN-LAM-DELETE-310,Planning and verification governance,,I15,I15,I15,,Not applicable: generated broad template is superseded and cannot own implementation.,NOT_APPLICABLE,NOT_APPLICABLE,Planning and verification governance,
CAN-LAM-DELETE-311,Planning and verification governance,,I15,I15,I15,,Not applicable: generated broad template is superseded and cannot own implementation.,NOT_APPLICABLE,NOT_APPLICABLE,Planning and verification governance,
CAN-LAM-DELETE-312,Planning and verification governance,,I15,I15,I15,,Not applicable: generated broad template is superseded and cannot own implementation.,NOT_APPLICABLE,NOT_APPLICABLE,Planning and verification governance,
CAN-LAM-DELETE-313,Planning and verification governance,,I15,I15,I15,,Not applicable: generated broad template is superseded and cannot own implementation.,NOT_APPLICABLE,NOT_APPLICABLE,Planning and verification governance,
CAN-LAM-DELETE-314,Planning and verification governance,,I15,I15,I15,,Not applicable: generated broad template is superseded and cannot own implementation.,NOT_APPLICABLE,NOT_APPLICABLE,Planning and verification governance,
CAN-LAM-DELETE-315,Planning and verification governance,,I15,I15,I15,,Not applicable: generated broad template is superseded and cannot own implementation.,NOT_APPLICABLE,NOT_APPLICABLE,Planning and verification governance,
CAN-LAM-DELETE-316,Authentication and users,,I15,I15,I15,,Not applicable: generated broad template is superseded and cannot own implementation.,NOT_APPLICABLE,NOT_APPLICABLE,Authentication and users,
CAN-LAM-DELETE-317,Authentication and users,,I15,I15,I15,,Not applicable: generated broad template is superseded and cannot own implementation.,NOT_APPLICABLE,NOT_APPLICABLE,Authentication and users,
CAN-LAM-DELETE-318,Authentication and users,,I15,I15,I15,,Not applicable: generated broad template is superseded and cannot own implementation.,NOT_APPLICABLE,NOT_APPLICABLE,Authentication and users,
CAN-LAM-DELETE-319,Planning and verification governance,,I15,I15,I15,,Not applicable: generated broad template is superseded and cannot own implementation.,NOT_APPLICABLE,NOT_APPLICABLE,Planning and verification governance,
CAN-LAM-DELETE-320,Planning and verification governance,,I15,I15,I15,,Not applicable: generated broad template is superseded and cannot own implementation.,NOT_APPLICABLE,NOT_APPLICABLE,Planning and verification governance,
CAN-LAM-DELETE-321,Planning and verification governance,,,I15,I15,,Not applicable: generated broad template is superseded and cannot own implementation.,NOT_APPLICABLE,NOT_APPLICABLE,Planning and verification governance,
CAN-LAM-DELETE-322,Planning and verification governance,,,I15,I15,,Not applicable: generated broad template is superseded and cannot own implementation.,NOT_APPLICABLE,NOT_APPLICABLE,Planning and verification governance,
CAN-LAM-DELETE-323,Planning and verification governance,,,,,,Reviewed as a non-implementation record or independent gate; no primary implementation phase is assigned.,NOT_APPLICABLE,NONE,Planning and verification governance,
CAN-LAM-DELETE-324,Planning and verification governance,,,,,,Reviewed as a non-implementation record or independent gate; no primary implementation phase is assigned.,NOT_APPLICABLE,NONE,Planning and verification governance,
CAN-LAM-DELETE-325,Planning and verification governance,,,I15,I15,,Not applicable: generated broad template is superseded and cannot own implementation.,NOT_APPLICABLE,NOT_APPLICABLE,Planning and verification governance,
CAN-LAM-DELETE-326,Planning and verification governance,,,I15,I15,,Not applicable: generated broad template is superseded and cannot own implementation.,NOT_APPLICABLE,NOT_APPLICABLE,Planning and verification governance,
CAN-LAM-DELETE-327,Desktop shell,,I2;I15,I15,I15,,Not applicable: generated broad template is superseded and cannot own implementation.,NOT_APPLICABLE,NOT_APPLICABLE,Desktop shell,I2
CAN-LAM-DELETE-328,Planning and verification governance,,,,,,Reviewed as a non-implementation record or independent gate; no primary implementation phase is assigned.,NOT_APPLICABLE,NONE,Planning and verification governance,
CAN-LAM-DELETE-329,Planning and verification governance,,,I15,I15,,Not applicable: generated broad template is superseded and cannot own implementation.,NOT_APPLICABLE,NOT_APPLICABLE,Planning and verification governance,
CAN-LAM-DELETE-330,Metadata,,I3;I15,I15,I15,,Not applicable: generated broad template is superseded and cannot own implementation.,NOT_APPLICABLE,NOT_APPLICABLE,Metadata,I3
CAN-LAM-DELETE-331,Planning and verification governance,,I15,I15,I15,,Not applicable: generated broad template is superseded and cannot own implementation.,NOT_APPLICABLE,NOT_APPLICABLE,Planning and verification governance,
CAN-LAM-DELETE-332,Planning and verification governance,,I15,I15,I15,,Not applicable: generated broad template is superseded and cannot own implementation.,NOT_APPLICABLE,NOT_APPLICABLE,Planning and verification governance,
CAN-LAM-DELETE-333,Map and location,,I15,I15,I15,,Not applicable: generated broad template is superseded and cannot own implementation.,NOT_APPLICABLE,NOT_APPLICABLE,Map and location,
CAN-LAM-DELETE-334,Authentication and users,,I2;I15,I15,I15,,Not applicable: generated broad template is superseded and cannot own implementation.,NOT_APPLICABLE,NOT_APPLICABLE,Authentication and users,I2
CAN-LAM-DELETE-335,Planning and verification governance,,I15,I15,I15,,Not applicable: generated broad template is superseded and cannot own implementation.,NOT_APPLICABLE,NOT_APPLICABLE,Planning and verification governance,
CAN-LAM-DELETE-336,Planning and verification governance,,,I15,I15,,Not applicable: generated broad template is superseded and cannot own implementation.,NOT_APPLICABLE,NOT_APPLICABLE,Planning and verification governance,
CAN-LAM-DELETE-337,Planning and verification governance,,,I15,I15,,Not applicable: generated broad template is superseded and cannot own implementation.,NOT_APPLICABLE,NOT_APPLICABLE,Planning and verification governance,
CAN-LAM-DELETE-338,Planning and verification governance,,,I15,I15,,Not applicable: generated broad template is superseded and cannot own implementation.,NOT_APPLICABLE,NOT_APPLICABLE,Planning and verification governance,
CAN-LAM-DELETE-339,Planning and verification governance,,,I15,I15,,Not applicable: generated broad template is superseded and cannot own implementation.,NOT_APPLICABLE,NOT_APPLICABLE,Planning and verification governance,
CAN-LAM-DELETE-340,Planning and verification governance,,,I15,I15,,Not applicable: generated broad template is superseded and cannot own implementation.,NOT_APPLICABLE,NOT_APPLICABLE,Planning and verification governance,
CAN-LAM-DELETE-341,Planning and verification governance,,,I15,I15,,Not applicable: generated broad template is superseded and cannot own implementation.,NOT_APPLICABLE,NOT_APPLICABLE,Planning and verification governance,
CAN-LAM-DELETE-342,Planning and verification governance,,,I15,I15,,Not applicable: generated broad template is superseded and cannot own implementation.,NOT_APPLICABLE,NOT_APPLICABLE,Planning and verification governance,
CAN-LAM-DELETE-343,Planning and verification governance,,,I15,I15,,Not applicable: generated broad template is superseded and cannot own implementation.,NOT_APPLICABLE,NOT_APPLICABLE,Planning and verification governance,
CAN-LAM-DELETE-344,Planning and verification governance,,,I15,I15,,Not applicable: generated broad template is superseded and cannot own implementation.,NOT_APPLICABLE,NOT_APPLICABLE,Planning and verification governance,
CAN-LAM-DELETE-345,Planning and verification governance,,,I15,I15,,Not applicable: generated broad template is superseded and cannot own implementation.,NOT_APPLICABLE,NOT_APPLICABLE,Planning and verification governance,
CAN-LAM-DELETE-346,Planning and verification governance,,,I15,I15,,Not applicable: generated broad template is superseded and cannot own implementation.,NOT_APPLICABLE,NOT_APPLICABLE,Planning and verification governance,
CAN-LAM-DELETE-347,Planning and verification governance,,,I15,I15,,Not applicable: generated broad template is superseded and cannot own implementation.,NOT_APPLICABLE,NOT_APPLICABLE,Planning and verification governance,
CAN-LAM-DELETE-348,Planning and verification governance,,,I15,I15,,Not applicable: generated broad template is superseded and cannot own implementation.,NOT_APPLICABLE,NOT_APPLICABLE,Planning and verification governance,
CAN-LAM-DELETE-349,Authentication and users,,I15,I15,I15,,Not applicable: generated broad template is superseded and cannot own implementation.,NOT_APPLICABLE,NOT_APPLICABLE,Authentication and users,
CAN-LAM-DELETE-350,Planning and verification governance,,I15,I15,I15,,Not applicable: generated broad template is superseded and cannot own implementation.,NOT_APPLICABLE,NOT_APPLICABLE,Planning and verification governance,
CAN-LAM-DELETE-351,Planning and verification governance,,I15,I15,I15,,Not applicable: generated broad template is superseded and cannot own implementation.,NOT_APPLICABLE,NOT_APPLICABLE,Planning and verification governance,
CAN-LAM-DELETE-352,Planning and verification governance,,I15,I15,I15,,Not applicable: generated broad template is superseded and cannot own implementation.,NOT_APPLICABLE,NOT_APPLICABLE,Planning and verification governance,
CAN-LAM-DELETE-353,Planning and verification governance,,I15,I15,I15,,Not applicable: generated broad template is superseded and cannot own implementation.,NOT_APPLICABLE,NOT_APPLICABLE,Planning and verification governance,
CAN-LAM-DELETE-354,Planning and verification governance,,I15,I15,I15,,Not applicable: generated broad template is superseded and cannot own implementation.,NOT_APPLICABLE,NOT_APPLICABLE,Planning and verification governance,
CAN-LAM-DELETE-355,Planning and verification governance,,I15,I15,I15,,Not applicable: generated broad template is superseded and cannot own implementation.,NOT_APPLICABLE,NOT_APPLICABLE,Planning and verification governance,
CAN-LAM-DELETE-356,Planning and verification governance,,I15,I15,I15,,Not applicable: generated broad template is superseded and cannot own implementation.,NOT_APPLICABLE,NOT_APPLICABLE,Planning and verification governance,
CAN-LAM-DELETE-357,Planning and verification governance,,I15,I15,I15,,Not applicable: generated broad template is superseded and cannot own implementation.,NOT_APPLICABLE,NOT_APPLICABLE,Planning and verification governance,
CAN-LAM-DELETE-358,Local data authority,,I15,I15,I15,,Not applicable: generated broad template is superseded and cannot own implementation.,NOT_APPLICABLE,NOT_APPLICABLE,Local data authority,
CAN-LAM-DELETE-359,Planning and verification governance,,I15,I15,I15,,Not applicable: generated broad template is superseded and cannot own implementation.,NOT_APPLICABLE,NOT_APPLICABLE,Planning and verification governance,
CAN-LAM-DELETE-360,Planning and verification governance,,I15,I15,I15,,Not applicable: generated broad template is superseded and cannot own implementation.,NOT_APPLICABLE,NOT_APPLICABLE,Planning and verification governance,
CAN-LAM-DELETE-361,Local data authority,,I15,I15,I15,,Not applicable: generated broad template is superseded and cannot own implementation.,NOT_APPLICABLE,NOT_APPLICABLE,Local data authority,
CAN-LAM-DELETE-362,Jobs and notifications,,I15,I15,I15,,Not applicable: generated broad template is superseded and cannot own implementation.,NOT_APPLICABLE,NOT_APPLICABLE,Jobs and notifications,
CAN-LAM-DELETE-363,Desktop shell,,I15,I15,I15,,Not applicable: generated broad template is superseded and cannot own implementation.,NOT_APPLICABLE,NOT_APPLICABLE,Desktop shell,
CAN-LAM-DELETE-364,Planning and verification governance,,,,I15,,Not applicable: generated broad template is superseded and cannot own implementation.,NOT_APPLICABLE,NOT_APPLICABLE,Planning and verification governance,
CAN-LAM-DELETE-365,Planning and verification governance,,I0;I15,,,,Not applicable: generated broad template is superseded and cannot own implementation.,NOT_APPLICABLE,NOT_APPLICABLE,Planning and verification governance,
CAN-LAM-DELETE-366,Planning and verification governance,,I0;I15,,,,Not applicable: generated broad template is superseded and cannot own implementation.,NOT_APPLICABLE,NOT_APPLICABLE,Planning and verification governance,
CAN-LAM-DELETE-367,Planning and verification governance,,,,I15,,Autonomous-rule label; reclassified as a replacement-before-deletion constraint.,NOT_APPLICABLE,NONE,Planning and verification governance,
CAN-LAM-DELETE-368,Legal and rebranding,,,,,,Reviewed as a non-implementation record or independent gate; no primary implementation phase is assigned.,NOT_APPLICABLE,NONE,Legal and rebranding,
CAN-LAM-DUPLICATE-001,Duplicates,I10,I10;I15,,I15,,Label names duplicate detection; rewrite adds hash comparison and candidate results.,REVIEWED_CORRECTED,NONE,Duplicates,I10
CAN-LAM-DUPLICATE-002,Asset viewer,I5,I5;I15,,I15,,Viewer label; rewrite adds read-only comparison.,REVIEWED_CORRECTED,NONE,Asset viewer,I5
CAN-LAM-DUPLICATE-003,Duplicates,,I10;I15,,I15,,Not applicable: generated broad template is superseded and cannot own implementation.,NOT_APPLICABLE,NOT_APPLICABLE,Duplicates,I10
CAN-LAM-DUPLICATE-004,Search and OCR,,I10;I15,,I15,,Non-implementation record (GLOSSARY/UI_LABEL/INFORMATIONAL/DUPLICATE) cannot retain an implementation phase.,REVIEWED_CORRECTED,NONE,Search and OCR,I10
CAN-LAM-DUPLICATE-005,Duplicates,I10,I10;I15,,I15,,Label names exact-duplicate detection; rewrite adds hash comparison and no-mutation results.,REVIEWED_CORRECTED,NONE,Duplicates,I10
CAN-LAM-DUPLICATE-006,Duplicates,I10,I10;I15,,I15,,Label names duplicate similarity data; rewrite adds control and rebuild results.,REVIEWED_CORRECTED,NONE,Duplicates,I10
CAN-LAM-DUPLICATE-007,Duplicates,I10,I10;I15,,I15,,Label names exact-hash duplicates; rewrite adds hash comparison and candidates.,REVIEWED_CORRECTED,NONE,Duplicates,I10
CAN-LAM-DUPLICATE-008,External drives and path resilience,I12,I4;I15,,I15,,External-change label; rewrite adds candidate creation and no-mutation.,REVIEWED_CORRECTED,NONE,External drives and path resilience,I12
CAN-LAM-DUPLICATE-009,Duplicates,I14,I10;I15,,I15,,Performance label; rewrite adds the budget and no-mutation results.,REVIEWED_CORRECTED,NONE,Duplicates,I14
CAN-LAM-DUPLICATE-010,Duplicates,,I15,I15,I15,,Not applicable: generated broad template is superseded and cannot own implementation.,NOT_APPLICABLE,NOT_APPLICABLE,Duplicates,
CAN-LAM-DUPLICATE-011,Duplicates,,I15,I15,I15,,Not applicable: generated broad template is superseded and cannot own implementation.,NOT_APPLICABLE,NOT_APPLICABLE,Duplicates,
CAN-LAM-DUPLICATE-012,Duplicates,,I10;I15,I15,I15,,Not applicable: generated broad template is superseded and cannot own implementation.,NOT_APPLICABLE,NOT_APPLICABLE,Duplicates,I10
CAN-LAM-EDGE-01,Planning and verification governance,,I0;I15,,,,Not applicable: generated broad template is superseded and cannot own implementation.,NOT_APPLICABLE,NOT_APPLICABLE,Planning and verification governance,
CAN-LAM-EDGE-02,Planning and verification governance,,I0;I15,,,,Not applicable: generated broad template is superseded and cannot own implementation.,NOT_APPLICABLE,NOT_APPLICABLE,Planning and verification governance,
CAN-LAM-EDGE-03,Media ingestion and derivation,I4,I4;I15,,I15,,Source edge-case text defines the required behavior; rewrite condenses it into a testable criterion.,REVIEWED_CORRECTED,NONE,Media ingestion and derivation,I4
CAN-LAM-EDGE-04,Asset identity and records,I3,I6;I15,,I15,,Source edge-case text defines collision behavior; rewrite makes the observable outcome explicit.,REVIEWED_CORRECTED,NONE,Asset identity and records,I3
CAN-LAM-EDGE-05,External drives and path resilience,I12,I3;I15,,I15,,"Source edge-case text defines read-only behavior; rewrite names the mode, storage, and prohibitions.",REVIEWED_CORRECTED,NONE,External drives and path resilience,I12
CAN-LAM-EDGE-06,Events and organization,I6,I6;I15,,I15,,Source edge-case text defines midnight-spanning behavior; rewrite preserves the no-auto-split rule.,REVIEWED_CORRECTED,NONE,Metadata,I6
CAN-LAM-EDGE-07,People and faces,I7,I13;I15,,I15,,Source edge-case text defines merge-safety behavior; rewrite adds the durable snapshot and restore result.,REVIEWED_CORRECTED,NONE,People and faces,I7
CAN-LAM-EDGE-08,Planning and verification governance,,I0;I15,,,,Not applicable: generated broad template is superseded and cannot own implementation.,NOT_APPLICABLE,NOT_APPLICABLE,Planning and verification governance,
CAN-LAM-EDGE-09,External drives and path resilience,I12,I3;I15,,I15,,Source edge-case text defines disconnect behavior; rewrite names the manifest state and recovery path.,REVIEWED_CORRECTED,NONE,External drives and path resilience,I12
CAN-LAM-EDGE-10,Filesystem transactions and recovery,I3,I3;I15,,I15,,Source edge-case text defines crash recovery; rewrite adds the determinism boundary and persisted outcome.,REVIEWED_CORRECTED,NONE,Filesystem transactions and recovery,I3
CAN-LAM-EDGE-11,Asset identity and records,I3,I4;I15,,I15,,Source edge-case text defines same-name collision handling; rewrite names the hash-based identity rule.,REVIEWED_CORRECTED,NONE,Asset identity and records,I3
CAN-LAM-EDGE-12,"Backup, trash, restore and rebuild",I13,I13;I15,,I15,,Source edge-case text defines malformed-sidecar behavior; rewrite makes preservation and repair explicit.,REVIEWED_CORRECTED,NONE,"Backup, trash, restore and rebuild",I13
CAN-LAM-EDGE-13,Metadata,I3,I3;I15,,I15,,Source edge-case text defines future-schema behavior; rewrite states the read-only boundary.,REVIEWED_CORRECTED,NONE,Metadata,I3
CAN-LAM-EDGE-14,Filesystem transactions and recovery,I3,I3;I15,,I15,,Source edge-case text defines reparse-escape behavior; rewrite names the boundary and authorization step.,REVIEWED_CORRECTED,NONE,Metadata,I3
CAN-LAM-EDGE-15,Asset identity and records,I3,I3;I15,,I15,,Source edge-case text defines naming-collision behavior; rewrite adds preview and approval boundaries.,REVIEWED_CORRECTED,NONE,Asset identity and records,I3
CAN-LAM-EDGE-16,Metadata,I6,I6;I15,,I15,,Source edge-case text defines timestamp ambiguity; rewrite preserves the raw value and approval path.,REVIEWED_CORRECTED,NONE,Metadata,I6
CAN-LAM-EDGE-17,Planning and verification governance,,I0;I15,,,,Not applicable: generated broad template is superseded and cannot own implementation.,NOT_APPLICABLE,NOT_APPLICABLE,Planning and verification governance,
CAN-LAM-EDIT-001,Editing,I11,I4;I15,,I15,,Label names privacy-clean export; rewrite adds the omission and preservation results.,REVIEWED_CORRECTED,NONE,Editing,I11
CAN-LAM-EDIT-002,Asset identity and records,,I5;I15,,I15,,Not applicable: generated broad template is superseded and cannot own implementation.,NOT_APPLICABLE,NOT_APPLICABLE,Asset viewer,I5
CAN-LAM-EDIT-003,Asset viewer,I5,I5;I15,,I15,,Viewer label; rewrite adds persistence and reflection.,REVIEWED_CORRECTED,NONE,Asset viewer,I5
CAN-LAM-EDIT-004,Editing,I11,I11;I15,,I15,,Label names crop; rewrite adds recipe storage and no-overwrite.,REVIEWED_CORRECTED,NONE,Editing,I11
CAN-LAM-EDIT-005,Editing,I11,I11;I15,,I15,,Label names rotation; rewrite adds recipe storage and no-overwrite.,REVIEWED_CORRECTED,NONE,Editing,I11
CAN-LAM-EDIT-006,Editing,I11,I11;I15,,I15,,Label names edited export; rewrite adds copy production and no-overwrite.,REVIEWED_CORRECTED,NONE,Editing,I11
CAN-LAM-EDIT-007,Legal and rebranding,I1,I1;I15,,I15,,Legal-surface label; rewrite adds presence and release blocking.,REVIEWED_CORRECTED,NONE,Legal and rebranding,I1
CAN-LAM-EDIT-008,Metadata,,I15,I15,I15,,Not applicable: generated broad template is superseded and cannot own implementation.,NOT_APPLICABLE,NOT_APPLICABLE,Metadata,
CAN-LAM-EDIT-009,Planning and verification governance,,I15,I15,I15,,Not applicable: generated broad template is superseded and cannot own implementation.,NOT_APPLICABLE,NOT_APPLICABLE,Planning and verification governance,
CAN-LAM-EDIT-010,Planning and verification governance,,I15,I15,I15,,Not applicable: generated broad template is superseded and cannot own implementation.,NOT_APPLICABLE,NOT_APPLICABLE,Planning and verification governance,
CAN-LAM-EDIT-011,Editing,,I11;I15,,I15,,Not applicable: generated broad template is superseded and cannot own implementation.,NOT_APPLICABLE,NOT_APPLICABLE,Metadata,I11
CAN-LAM-EDIT-012,Editing,,I11;I15,,I15,,Not applicable: generated broad template is superseded and cannot own implementation.,NOT_APPLICABLE,NOT_APPLICABLE,Metadata,I11
CAN-LAM-EDIT-013,Editing,I11,I11;I15,,I15,,Phase label; rewrite adds omission and preservation.,REVIEWED_CORRECTED,NONE,Editing,I11
CAN-LAM-EDIT-014,Planning and verification governance,,,,I15,,Not applicable: generated broad template is superseded and cannot own implementation.,NOT_APPLICABLE,NOT_APPLICABLE,Planning and verification governance,
CAN-LAM-EVENT-001,Local data authority,,I3;I15,,I15,,Not applicable: generated broad template is superseded and cannot own implementation.,NOT_APPLICABLE,NOT_APPLICABLE,Local data authority,I3
CAN-LAM-EVENT-002,Events and organization,I6,I6;I15,,I15,,Label names events; rewrite adds record persistence and plan gating.,REVIEWED_CORRECTED,NONE,Events and organization,I6
CAN-LAM-EVENT-003,Events and organization,I6,I6;I15,,I15,,Label names event pages; rewrite separates navigation/load from mutation.,REVIEWED_CORRECTED,NONE,Events and organization,I6
CAN-LAM-EVENT-004,Sidecars and metadata authority,I3,I6;I15,,I15,,Label names event JSON; rewrite adds schema validity and content.,REVIEWED_CORRECTED,NONE,Sidecars and metadata authority,I3
CAN-LAM-EVENT-005,Sidecars and metadata authority,I3,I6;I15,,I15,,Label names event XMP; rewrite adds validity and alignment.,REVIEWED_CORRECTED,NONE,Sidecars and metadata authority,I3
CAN-LAM-EVENT-006,Events and organization,,I6;I15,,I15,,Reviewed as a final-state prohibition; replacement implementation and I15 removal validation are represented separately.,REVIEWED_CORRECTED,NONE,Events and organization,I6
CAN-LAM-EVENT-007,Libraries and storage,I6,I6;I15,,I15,,Label names normalized event folders; rewrite adds the layout rule.,REVIEWED_CORRECTED,NONE,Libraries and storage,I6
CAN-LAM-EVENT-008,Events and organization,I6,I6;I15,,I15,,Label names Manage Later intake; rewrite adds intake state and plan gating.,REVIEWED_CORRECTED,NONE,Events and organization,I6
CAN-LAM-EVENT-009,Libraries and storage,I6,I6;I15,,I15,,Label names start-date usage; rewrite adds date authority and no-inference.,REVIEWED_CORRECTED,NONE,Libraries and storage,I6
CAN-LAM-EVENT-010,Libraries and storage,,I6;I15,,I15,,Not applicable: generated broad template is superseded and cannot own implementation.,NOT_APPLICABLE,NOT_APPLICABLE,Libraries and storage,I6
CAN-LAM-EVENT-011,Filesystem transactions and recovery,I3,I6;I15,,I15,CAN-LAM-EVENT-011,"Reviewed as Authoritative Data and Transaction Foundation work because the obligation's primary implementation surface is Filesystem transactions and recovery; integration verification, removal, and release responsibilities remain separate.",REVIEWED_CORRECTED,NONE,Metadata,I6
CAN-LAM-EVENT-012,Events and organization,I6,I6;I15,,I15,,Manage-Later label; rewrite adds assignment persistence and plan gating.,REVIEWED_CORRECTED,NONE,Events and organization,I6
CAN-LAM-EVENT-013,Asset identity and records,I3,I5;I15,,I15,,Asset-bundle label; rewrite adds membership and preservation.,REVIEWED_CORRECTED,NONE,Asset identity and records,I3
CAN-LAM-EVENT-014,Asset identity and records,I3,I6;I15,,I15,,"Asset-bundle label; rewrite adds preview, approval, and preservation.",REVIEWED_CORRECTED,NONE,Asset identity and records,I3
CAN-LAM-EVENT-015,Gallery and timeline,I5,I5;I15,,I15,,Gallery label; rewrite separates browsing from mutation.,REVIEWED_CORRECTED,NONE,Gallery and timeline,I5
CAN-LAM-EVENT-016,Asset viewer,I5,I5;I15,,I15,,Viewer label; rewrite adds persistence and plan gating.,REVIEWED_CORRECTED,NONE,Asset viewer,I5
CAN-LAM-EVENT-017,Asset viewer,I5,I5;I15,,I15,,Viewer label; rewrite separates navigation from mutation.,REVIEWED_CORRECTED,NONE,Asset viewer,I5
CAN-LAM-EVENT-018,Events and organization,I6,I6;I15,,I15,,Event-type label; rewrite names the rule.,REVIEWED_CORRECTED,NONE,Events and organization,I6
CAN-LAM-EVENT-019,Events and organization,I6,I6;I15,,I15,,Event-type label; rewrite adds unity.,REVIEWED_CORRECTED,NONE,Events and organization,I6
CAN-LAM-EVENT-020,Events and organization,I6,I6;I15,,I15,,Event-type label; rewrite adds unity.,REVIEWED_CORRECTED,NONE,Events and organization,I6
CAN-LAM-EVENT-021,Events and organization,I6,I6;I15,,I15,,Event-type label; rewrite adds the no-date rule.,REVIEWED_CORRECTED,NONE,Events and organization,I6
CAN-LAM-EVENT-022,Events and organization,I6,I6;I15,,I15,,Event-type label; rewrite adds location-set storage.,REVIEWED_CORRECTED,NONE,Events and organization,I6
CAN-LAM-EVENT-023,Events and organization,I6,I6;I15,,I15,,Event-type label; rewrite adds primary-folder semantics.,REVIEWED_CORRECTED,NONE,Events and organization,I6
CAN-LAM-EVENT-024,Events and organization,I6,I6;I15,,I15,,Event-type label; rewrite adds folder-set and immobility.,REVIEWED_CORRECTED,NONE,Events and organization,I6
CAN-LAM-EVENT-025,Events and organization,I6,I6;I15,,I15,,Event-type label; rewrite adds parent/child semantics.,REVIEWED_CORRECTED,NONE,Events and organization,I6
CAN-LAM-EVENT-026,Events and organization,I6,I6;I15,,I15,,Event-type label; rewrite adds child semantics.,REVIEWED_CORRECTED,NONE,Events and organization,I6
CAN-LAM-EVENT-027,Events and organization,,I6;I15,,I15,,Not applicable: generated broad template is superseded and cannot own implementation.,NOT_APPLICABLE,NOT_APPLICABLE,Events and organization,I6
CAN-LAM-EVENT-028,Events and organization,I6,I6;I15,,I15,,Event-type label; rewrite adds optional-child semantics.,REVIEWED_CORRECTED,NONE,Events and organization,I6
CAN-LAM-EVENT-029,Events and organization,I6,I6;I15,,I15,,Event-field label; rewrite adds storage and display.,REVIEWED_CORRECTED,NONE,Events and organization,I6
CAN-LAM-EVENT-030,Events and organization,I6,I6;I15,,I15,,Event-field label; rewrite adds storage and display.,REVIEWED_CORRECTED,NONE,Events and organization,I6
CAN-LAM-EVENT-031,Events and organization,I6,I8;I15,,I15,,Event-field label; rewrite adds persistence and projection.,REVIEWED_CORRECTED,NONE,Events and organization,I6
CAN-LAM-EVENT-032,Events and organization,I6,I6;I15,,I15,,Event-field label; rewrite adds persistence and projection.,REVIEWED_CORRECTED,NONE,Events and organization,I6
CAN-LAM-EVENT-033,Events and organization,I6,I7;I15,,I15,,Event-field label; rewrite adds persistence and projection.,REVIEWED_CORRECTED,NONE,Events and organization,I6
CAN-LAM-EVENT-034,Events and organization,I6,I8;I15,,I15,,Event-field label; rewrite adds derivation and source.,REVIEWED_CORRECTED,NONE,Events and organization,I6
CAN-LAM-EVENT-035,Libraries and storage,,I6;I15,,I15,,Not applicable: generated broad template is superseded and cannot own implementation.,NOT_APPLICABLE,NOT_APPLICABLE,Libraries and storage,I6
CAN-LAM-EVENT-036,Events and organization,,I6;I15,,I15,,Not applicable: generated broad template is superseded and cannot own implementation.,NOT_APPLICABLE,NOT_APPLICABLE,Events and organization,I6
CAN-LAM-EVENT-037,Events and organization,,I6;I15,,I15,,Not applicable: generated broad template is superseded and cannot own implementation.,NOT_APPLICABLE,NOT_APPLICABLE,Events and organization,I6
CAN-LAM-EVENT-038,People and faces,,I7;I15,,I15,,Non-implementation record (GLOSSARY/UI_LABEL/INFORMATIONAL/DUPLICATE) cannot retain an implementation phase.,REVIEWED_CORRECTED,NONE,People and faces,I7
CAN-LAM-EVENT-039,People and faces,,I7;I15,,I15,,Non-implementation record (GLOSSARY/UI_LABEL/INFORMATIONAL/DUPLICATE) cannot retain an implementation phase.,REVIEWED_CORRECTED,NONE,People and faces,I7
CAN-LAM-EVENT-040,People and faces,,I7;I15,,I15,,Non-implementation record (GLOSSARY/UI_LABEL/INFORMATIONAL/DUPLICATE) cannot retain an implementation phase.,REVIEWED_CORRECTED,NONE,People and faces,I7
CAN-LAM-EVENT-041,People and faces,I7,I7;I15,,I15,,"Reviewed as People, Faces, and Groups work because the obligation's primary implementation surface is People and faces; integration verification, removal, and release responsibilities remain separate.",REVIEWED_CONFIRMED,NONE,People and faces,I7
CAN-LAM-EVENT-042,Events and organization,,I6;I15,,I15,,Non-implementation record (GLOSSARY/UI_LABEL/INFORMATIONAL/DUPLICATE) cannot retain an implementation phase.,REVIEWED_CORRECTED,NONE,Events and organization,I6
CAN-LAM-EVENT-043,Mind-map projections,,I9;I15,,I15,,Not applicable: generated broad template is superseded and cannot own implementation.,NOT_APPLICABLE,NOT_APPLICABLE,Map and location,I9
CAN-LAM-EVENT-044,Events and organization,I6,I6;I15,,I15,,Label names event linking; rewrite adds persistence and projection results.,REVIEWED_CORRECTED,NONE,Events and organization,I6
CAN-LAM-EVENT-045,Libraries and storage,I6,I6;I15,,I15,,Label names the primary-folder action; rewrite adds persistence and non-mutation.,REVIEWED_CORRECTED,NONE,Libraries and storage,I6
CAN-LAM-EVENT-046,Events and organization,,I6;I15,,I15,,Non-implementation record (GLOSSARY/UI_LABEL/INFORMATIONAL/DUPLICATE) cannot retain an implementation phase.,REVIEWED_CORRECTED,NONE,Events and organization,I6
CAN-LAM-EVENT-047,Tags,,I8;I15,,I15,,Non-implementation record (GLOSSARY/UI_LABEL/INFORMATIONAL/DUPLICATE) cannot retain an implementation phase.,REVIEWED_CORRECTED,NONE,Tags,I8
CAN-LAM-EVENT-048,Tags,,I8;I15,,I15,,Non-implementation record (GLOSSARY/UI_LABEL/INFORMATIONAL/DUPLICATE) cannot retain an implementation phase.,REVIEWED_CORRECTED,NONE,Tags,I8
CAN-LAM-EVENT-049,People and faces,,I7;I15,,I15,,Not applicable: fragment is retained only as source provenance.,NOT_APPLICABLE,NOT_APPLICABLE,People and faces,I7
CAN-LAM-EVENT-050,Search and OCR,,I10;I15,,I15,,Non-implementation record (GLOSSARY/UI_LABEL/INFORMATIONAL/DUPLICATE) cannot retain an implementation phase.,REVIEWED_CORRECTED,NONE,Search and OCR,I10
CAN-LAM-EVENT-051,Search and OCR,,I10;I15,,I15,,Non-implementation record (GLOSSARY/UI_LABEL/INFORMATIONAL/DUPLICATE) cannot retain an implementation phase.,REVIEWED_CORRECTED,NONE,Search and OCR,I10
CAN-LAM-EVENT-052,Memories,I5,I5;I15,,I15,,Memories label; rewrite adds derivation.,REVIEWED_CORRECTED,NONE,Memories,I5
CAN-LAM-EVENT-053,Map and location,I6,I6;I15,,I15,,Label names event location; rewrite adds derivation and source display.,REVIEWED_CORRECTED,NONE,Map and location,I6
CAN-LAM-EVENT-054,Map and location,I6,I6;I15,,I15,,Label names multiple event locations; rewrite adds set display and unity.,REVIEWED_CORRECTED,NONE,Map and location,I6
CAN-LAM-EVENT-055,Duplicates,I10,I10;I15,,I15,,Label names event comparison; rewrite adds evidence recording.,REVIEWED_CORRECTED,NONE,Duplicates,I10
CAN-LAM-EVENT-056,Events and organization,I5,I6;I15,,I15,,Open-event label; rewrite separates navigation from event-plan mutation.,REVIEWED_CORRECTED,NONE,Events and organization,I5
CAN-LAM-EVENT-057,Events and organization,I6,I6;I15,,I15,,Label names event-folder rename; rewrite adds cohesion and provenance.,REVIEWED_CORRECTED,NONE,Events and organization,I6
CAN-LAM-EVENT-058,Events and organization,I6,I6;I15,,I15,,Label names event-folder move; rewrite adds cohesion and verification.,REVIEWED_CORRECTED,NONE,Events and organization,I6
CAN-LAM-EVENT-059,Events and organization,I6,I6;I15,,I15,,"Label names event split; rewrite adds preview, confirmation, and history preservation.",REVIEWED_CORRECTED,NONE,Events and organization,I6
CAN-LAM-EVENT-060,Media ingestion and derivation,I4,I6;I15,,I15,,Label names folder/node comparison; rewrite adds reporting and preservation.,REVIEWED_CORRECTED,NONE,Media ingestion and derivation,I4
CAN-LAM-EVENT-061,Metadata,I6,I6;I15,,I15,,Privacy-scope label; rewrite adds scoped deletion and no-mutation.,REVIEWED_CORRECTED,NONE,Metadata,I6
CAN-LAM-EVENT-062,"Backup, trash, restore and rebuild",I13,I13;I15,,I15,,Trash label; rewrite adds reference preservation.,REVIEWED_CORRECTED,NONE,"Backup, trash, restore and rebuild",I13
CAN-LAM-EVENT-063,"Backup, trash, restore and rebuild",I13,I6;I15,,I15,,"Reviewed as Backup, Trash, Restore, and Rebuild work because the obligation's primary implementation surface is Backup, trash, restore and rebuild; integration verification, removal, and release responsibilities remain separate.",REVIEWED_CORRECTED,NONE,Libraries and storage,I6
CAN-LAM-EVENT-064,Jobs and notifications,,I15,I15,I15,,Not applicable: generated broad template is superseded and cannot own implementation.,NOT_APPLICABLE,NOT_APPLICABLE,Jobs and notifications,
CAN-LAM-EVENT-065,Jobs and notifications,,I15,I15,I15,,Not applicable: generated broad template is superseded and cannot own implementation.,NOT_APPLICABLE,NOT_APPLICABLE,Jobs and notifications,
CAN-LAM-EVENT-066,Metadata,,I15,I15,I15,,Not applicable: generated broad template is superseded and cannot own implementation.,NOT_APPLICABLE,NOT_APPLICABLE,Metadata,
CAN-LAM-EVENT-067,Events and organization,,I15,I15,I15,,Not applicable: generated broad template is superseded and cannot own implementation.,NOT_APPLICABLE,NOT_APPLICABLE,Events and organization,
CAN-LAM-EVENT-068,Authentication and users,,I15,I15,I15,,Not applicable: generated broad template is superseded and cannot own implementation.,NOT_APPLICABLE,NOT_APPLICABLE,Authentication and users,
CAN-LAM-EVENT-069,People and faces,,I15,I15,I15,,Not applicable: generated broad template is superseded and cannot own implementation.,NOT_APPLICABLE,NOT_APPLICABLE,People and faces,
CAN-LAM-EVENT-070,Local AI worker,,I15,I15,I15,,Not applicable: generated broad template is superseded and cannot own implementation.,NOT_APPLICABLE,NOT_APPLICABLE,Local AI worker,
CAN-LAM-EVENT-071,People and faces,,I15,I15,I15,,Not applicable: generated broad template is superseded and cannot own implementation.,NOT_APPLICABLE,NOT_APPLICABLE,People and faces,
CAN-LAM-EVENT-072,Events and organization,,I15,I15,I15,,Not applicable: generated broad template is superseded and cannot own implementation.,NOT_APPLICABLE,NOT_APPLICABLE,Events and organization,
CAN-LAM-EVENT-073,Libraries and storage,,I15,I15,I15,,Not applicable: generated broad template is superseded and cannot own implementation.,NOT_APPLICABLE,NOT_APPLICABLE,Libraries and storage,
CAN-LAM-EVENT-074,Libraries and storage,,I15,I15,I15,,Not applicable: generated broad template is superseded and cannot own implementation.,NOT_APPLICABLE,NOT_APPLICABLE,Libraries and storage,
CAN-LAM-EVENT-075,People and faces,,I15,I15,I15,,Not applicable: generated broad template is superseded and cannot own implementation.,NOT_APPLICABLE,NOT_APPLICABLE,People and faces,
CAN-LAM-EVENT-076,Metadata,,I15,I15,I15,,Not applicable: generated broad template is superseded and cannot own implementation.,NOT_APPLICABLE,NOT_APPLICABLE,Metadata,
CAN-LAM-EVENT-077,Events and organization,I6,I6;I15,,I15,,Phase label; rewrite adds intake state and plan gating.,REVIEWED_CORRECTED,NONE,Events and organization,I6
CAN-LAM-EVENT-078,Events and organization,I6,I6;I15,,I15,,Phase label; rewrite adds schema validation.,REVIEWED_CORRECTED,NONE,Events and organization,I6
CAN-LAM-EVENT-079,Events and organization,I6,I6;I15,,I15,,Phase label; rewrite adds preview and approval.,REVIEWED_CORRECTED,NONE,Events and organization,I6
CAN-LAM-EVENT-080,Events and organization,I6,I6;I15,,I15,,Phase label; rewrite adds validity and alignment.,REVIEWED_CORRECTED,NONE,Events and organization,I6
CAN-LAM-EVENT-081,Events and organization,,I6;I15,,I15,,Not applicable: generated broad template is superseded and cannot own implementation.,NOT_APPLICABLE,NOT_APPLICABLE,Events and organization,I6
CAN-LAM-EVENT-082,Events and organization,,I0;I15,,,,Not applicable: generated broad template is superseded and cannot own implementation.,NOT_APPLICABLE,NOT_APPLICABLE,Events and organization,
CAN-LAM-EVENT-083,Mind-map projections,I9,I9;I15,,I15,,Phase label; rewrite adds derivation and source.,REVIEWED_CORRECTED,NONE,Mind-map projections,I9
CAN-LAM-EVENT-084,Mind-map projections,I9,I9;I15,,I15,,Phase label; rewrite separates navigation from mutation.,REVIEWED_CORRECTED,NONE,Mind-map projections,I9
CAN-LAM-EVENT-085,"Backup, trash, restore and rebuild",I13,I13;I15,,I15,,Phase label; rewrite adds completeness and verification.,REVIEWED_CORRECTED,NONE,"Backup, trash, restore and rebuild",I13
CAN-LAM-EVENT-086,Events and organization,,I0;I15,,,,Not applicable: generated broad template is superseded and cannot own implementation.,NOT_APPLICABLE,NOT_APPLICABLE,Events and organization,
CAN-LAM-EVENT-087,Events and organization,,I0;I15,,,,Not applicable: generated broad template is superseded and cannot own implementation.,NOT_APPLICABLE,NOT_APPLICABLE,Events and organization,
CAN-LAM-EVENT-088,Libraries and storage,,I0;I15,,,,Not applicable: generated broad template is superseded and cannot own implementation.,NOT_APPLICABLE,NOT_APPLICABLE,Libraries and storage,
CAN-LAM-EXTERNAL-001,External drives and path resilience,,I12;I15,,I15,,Not applicable: generated broad template is superseded and cannot own implementation.,NOT_APPLICABLE,NOT_APPLICABLE,Libraries and storage,I12
CAN-LAM-FACE-001,People and faces,,I7;I15,,I15,,Not applicable: generated broad template is superseded and cannot own implementation.,NOT_APPLICABLE,NOT_APPLICABLE,People and faces,I7
CAN-LAM-FOLDER-001,Libraries and storage,I6,I6;I15,,I15,,"Reviewed as Events and Manage Later work because the obligation's primary implementation surface is Libraries and storage; integration verification, removal, and release responsibilities remain separate.",REVIEWED_CONFIRMED,NONE,Libraries and storage,I6
CAN-LAM-FOLDER-002,Events and organization,,I6;I15,,I15,,Not applicable: generated broad template is superseded and cannot own implementation.,NOT_APPLICABLE,NOT_APPLICABLE,Events and organization,I6
CAN-LAM-FOLDER-003,Libraries and storage,I4,I4;I15,,I15,,Label names an internal-drive scanning obligation; rewrite replaces the generic storage template with an observable scan outcome.,REVIEWED_CORRECTED,NONE,Libraries and storage,I4
CAN-LAM-FOLDER-004,External drives and path resilience,I12,I12;I15,,I15,,Label names external-drive handling; rewrite separates connection scanning from detached-state preservation.,REVIEWED_CORRECTED,NONE,External drives and path resilience,I12
CAN-LAM-FOLDER-005,Libraries and storage,,I13;I15,,I15,,Reviewed as a final-state prohibition; replacement implementation and I15 removal validation are represented separately.,REVIEWED_CORRECTED,NONE,Libraries and storage,I13
CAN-LAM-FOLDER-006,Libraries and storage,I4,I4;I15,,I15,,Label names folder management; rewrite adds preview and approval gates.,REVIEWED_CORRECTED,NONE,Libraries and storage,I4
CAN-LAM-FOLDER-007,Events and organization,I6,I4;I15,,I15,,Label names preview-before-materialization; rewrite adds preview and approval.,REVIEWED_CORRECTED,NONE,Events and organization,I6
CAN-LAM-FOLDER-008,Events and organization,I6,I6;I15,,I15,,Label names linked-folder indexing; rewrite adds in-place indexing and no-mutation.,REVIEWED_CORRECTED,NONE,Events and organization,I6
CAN-LAM-FOLDER-009,Events and organization,I6,I6;I15,,I15,,Manage-Later label; rewrite adds in-place indexing.,REVIEWED_CORRECTED,NONE,Events and organization,I6
CAN-LAM-FOLDER-010,Events and organization,I6,I6;I15,,I15,,Manage-Later label; rewrite adds preview and approval.,REVIEWED_CORRECTED,NONE,Events and organization,I6
CAN-LAM-FOLDER-011,Asset identity and records,I3,I8;I15,,I15,CAN-LAM-FOLDER-011,"Reviewed as Authoritative Data and Transaction Foundation work because the obligation's primary implementation surface is Asset identity and records; integration verification, removal, and release responsibilities remain separate.",REVIEWED_CORRECTED,NONE,Metadata,I8
CAN-LAM-FOLDER-012,Gallery and timeline,I5,I5;I15,,I15,,Gallery label; rewrite separates browsing from authorization.,REVIEWED_CORRECTED,NONE,Gallery and timeline,I5
CAN-LAM-FOLDER-013,Gallery and timeline,I5,I5;I15,,I15,,Gallery label; rewrite adds indicator and availability.,REVIEWED_CORRECTED,NONE,Gallery and timeline,I5
CAN-LAM-FOLDER-014,Libraries and storage,I5,I5;I15,,I15,,Final statement is an OS file-manager reveal action with explicit no-mutation constraints.,REVIEWED_CORRECTED,NONE,Asset viewer,I5
CAN-LAM-FOLDER-015,Media ingestion and derivation,I4,I4;I15,,I15,,Scanning label; rewrite separates selection from authorization.,REVIEWED_CORRECTED,NONE,Media ingestion and derivation,I4
CAN-LAM-FOLDER-016,Media ingestion and derivation,I4,I4;I15,,I15,,Scanning label; rewrite adds in-place recognition.,REVIEWED_CORRECTED,NONE,Media ingestion and derivation,I4
CAN-LAM-FOLDER-017,Media ingestion and derivation,I4,I4;I15,,I15,,Scanning label; rewrite adds external-drive support.,REVIEWED_CORRECTED,NONE,Media ingestion and derivation,I4
CAN-LAM-FOLDER-018,Events and organization,I6,I6;I15,,I15,,Event-folder label; rewrite adds merged representation.,REVIEWED_CORRECTED,NONE,Events and organization,I6
CAN-LAM-FOLDER-019,Events and organization,I6,I6;I15,,I15,,Event-folder label; rewrite adds link and immobility.,REVIEWED_CORRECTED,NONE,Events and organization,I6
CAN-LAM-FOLDER-020,Events and organization,I6,I6;I15,,I15,,Event-folder label; rewrite adds preview and approval.,REVIEWED_CORRECTED,NONE,Events and organization,I6
CAN-LAM-FOLDER-021,Events and organization,,I6;I15,,I15,,Non-implementation record (GLOSSARY/UI_LABEL/INFORMATIONAL/DUPLICATE) cannot retain an implementation phase.,REVIEWED_CORRECTED,NONE,Events and organization,I6
CAN-LAM-FOLDER-022,Mind-map projections,,I9;I15,,I15,,Not applicable: generated broad template is superseded and cannot own implementation.,NOT_APPLICABLE,NOT_APPLICABLE,Map and location,I9
CAN-LAM-FOLDER-023,Libraries and storage,I4,I4;I15,,I15,,Label names folder linking; rewrite separates linking from mutation.,REVIEWED_CORRECTED,NONE,Libraries and storage,I4
CAN-LAM-FOLDER-024,Libraries and storage,I4,I4;I15,,I15,,Label names planned folder creation; rewrite adds exact scope and collision behavior.,REVIEWED_CORRECTED,NONE,Libraries and storage,I4
CAN-LAM-FOLDER-025,Events and organization,I6,I4;I15,,I15,,Label names planned renames; rewrite adds exact scope and provenance.,REVIEWED_CORRECTED,NONE,Events and organization,I6
CAN-LAM-FOLDER-026,Libraries and storage,I4,I4;I15,,I15,,Label names planned moves; rewrite adds exact scope and preservation.,REVIEWED_CORRECTED,NONE,Libraries and storage,I4
CAN-LAM-FOLDER-027,Libraries and storage,I4,I4;I15,,I15,,Label names offline-drive handling; rewrite adds deferral and preservation outcomes.,REVIEWED_CORRECTED,NONE,Libraries and storage,I4
CAN-LAM-FOLDER-028,Map and location,,I5;I15,,I15,,Not applicable: generated broad template is superseded and cannot own implementation.,NOT_APPLICABLE,NOT_APPLICABLE,Map and location,I5
CAN-LAM-FOLDER-029,Events and organization,,I4;I15,,I15,,Non-implementation record (GLOSSARY/UI_LABEL/INFORMATIONAL/DUPLICATE) cannot retain an implementation phase.,REVIEWED_CORRECTED,NONE,Events and organization,I6
CAN-LAM-FOLDER-030,Events and organization,,I4;I15,,I15,,Non-implementation record (GLOSSARY/UI_LABEL/INFORMATIONAL/DUPLICATE) cannot retain an implementation phase.,REVIEWED_CORRECTED,NONE,Events and organization,I6
CAN-LAM-FOLDER-031,Libraries and storage,,I6;I15,,I15,,Non-implementation record (GLOSSARY/UI_LABEL/INFORMATIONAL/DUPLICATE) cannot retain an implementation phase.,REVIEWED_CORRECTED,NONE,Libraries and storage,I6
CAN-LAM-FOLDER-032,Libraries and storage,I5,I4;I15,,I15,,Final statement is an OS file-manager reveal action with explicit no-mutation and no-root-authorization constraints.,REVIEWED_CORRECTED,NONE,Local AI worker,I10
CAN-LAM-FOLDER-033,Search and OCR,,I10;I15,,I15,,Non-implementation record (GLOSSARY/UI_LABEL/INFORMATIONAL/DUPLICATE) cannot retain an implementation phase.,REVIEWED_CORRECTED,NONE,Search and OCR,I10
CAN-LAM-FOLDER-034,Tags,I5,I8;I15,,I15,,Memories label; rewrite adds exclusion.,REVIEWED_CORRECTED,NONE,Tags,I5
CAN-LAM-FOLDER-035,Libraries and storage,I5,I4;I15,,I15,,Open-folder label; rewrite separates UI opening and OS reveal from root authorization.,REVIEWED_CORRECTED,NONE,Libraries and storage,I5
CAN-LAM-FOLDER-036,Filesystem transactions and recovery,I3,I4;I15,,I15,,"Label names folder merge; rewrite adds preview, approval, and preservation.",REVIEWED_CORRECTED,NONE,Filesystem transactions and recovery,I3
CAN-LAM-FOLDER-037,Filesystem transactions and recovery,I3,I4;I15,,I15,,Label names folder linking; rewrite separates linking from mutation.,REVIEWED_CORRECTED,NONE,Filesystem transactions and recovery,I3
CAN-LAM-FOLDER-038,Events and organization,I6,I5;I15,,I15,,Label names folder-map materialization; rewrite adds preview and approval.,REVIEWED_CORRECTED,NONE,Events and organization,I6
CAN-LAM-FOLDER-039,Filesystem transactions and recovery,I3,I4;I15,,I15,,Label names cross-drive support; rewrite adds the non-atomic rename rule and verification.,REVIEWED_CORRECTED,NONE,Filesystem transactions and recovery,I3
CAN-LAM-FOLDER-040,Filesystem transactions and recovery,I3,I4;I15,,I15,,Label names manual change detection; rewrite adds reconciliation and no-mutation.,REVIEWED_CORRECTED,NONE,Filesystem transactions and recovery,I3
CAN-LAM-FOLDER-041,Libraries and storage,I5,I4;I15,,I15,,Final statement is an OS file-manager reveal action with explicit no-mutation constraints.,REVIEWED_CORRECTED,NONE,Filesystem transactions and recovery,I3
CAN-LAM-FOLDER-042,Media ingestion and derivation,I4,I4;I15,,I15,,Label names year/date comparison; rewrite adds reporting and preservation.,REVIEWED_CORRECTED,NONE,Media ingestion and derivation,I4
CAN-LAM-FOLDER-043,Libraries and storage,I4,I4;I15,,I15,,Originals label; rewrite adds authorization enforcement.,REVIEWED_CORRECTED,NONE,Libraries and storage,I4
CAN-LAM-FOLDER-044,"Backup, trash, restore and rebuild",,I13;I15,,I15,,Not applicable: generated broad template is superseded and cannot own implementation.,NOT_APPLICABLE,NOT_APPLICABLE,Libraries and storage,I13
CAN-LAM-FOLDER-045,"Backup, trash, restore and rebuild",I13,I13;I15,,I15,,Trash label; rewrite adds original-path preservation.,REVIEWED_CORRECTED,NONE,"Backup, trash, restore and rebuild",I13
CAN-LAM-FOLDER-046,External drives and path resilience,I12,I4;I15,,I15,,External-change label; rewrite adds indexing and authorization review.,REVIEWED_CORRECTED,NONE,External drives and path resilience,I12
CAN-LAM-FOLDER-047,External drives and path resilience,I12,I4;I15,,I15,,External-change label; rewrite adds identity-based reconciliation.,REVIEWED_CORRECTED,NONE,External drives and path resilience,I12
CAN-LAM-FOLDER-048,External drives and path resilience,I12,I12;I15,,I15,,External-change label; rewrite adds detached mode and deferral.,REVIEWED_CORRECTED,NONE,External drives and path resilience,I12
CAN-LAM-FOLDER-049,External drives and path resilience,I12,I12;I15,,I15,,External-change label; rewrite adds identity reconciliation and recovery.,REVIEWED_CORRECTED,NONE,External drives and path resilience,I12
CAN-LAM-FOLDER-050,Libraries and storage,I4,I4;I15,,I15,,Cross-platform label; rewrite adds enforcement and error results.,REVIEWED_CORRECTED,NONE,Libraries and storage,I4
CAN-LAM-FOLDER-051,Libraries and storage,I4,I4;I15,,I15,,Cross-platform label; rewrite adds per-platform handling and preservation.,REVIEWED_CORRECTED,NONE,Libraries and storage,I4
CAN-LAM-FOLDER-052,External drives and path resilience,I12,I12;I15,,I15,,Performance label; rewrite adds budget and preservation.,REVIEWED_CORRECTED,NONE,External drives and path resilience,I12
CAN-LAM-FOLDER-053,Libraries and storage,,,,,,Reviewed as a non-implementation record or independent gate; no primary implementation phase is assigned.,NOT_APPLICABLE,NONE,Libraries and storage,
CAN-LAM-FOLDER-054,Libraries and storage,,,,,,Reviewed as a non-implementation record or independent gate; no primary implementation phase is assigned.,NOT_APPLICABLE,NONE,Libraries and storage,
CAN-LAM-FOLDER-055,Libraries and storage,,I4;I15,I15,I15,,Not applicable: generated broad template is superseded and cannot own implementation.,NOT_APPLICABLE,NOT_APPLICABLE,Libraries and storage,I4
CAN-LAM-FOLDER-056,Libraries and storage,,I15,,I15,,Not applicable: generated broad template is superseded and cannot own implementation.,NOT_APPLICABLE,NOT_APPLICABLE,Libraries and storage,
CAN-LAM-FOLDER-057,Libraries and storage,,I12;I15,I15,I15,,Not applicable: generated broad template is superseded and cannot own implementation.,NOT_APPLICABLE,NOT_APPLICABLE,Libraries and storage,I12
CAN-LAM-FOLDER-058,Libraries and storage,,I15,I15,I15,,Not applicable: generated broad template is superseded and cannot own implementation.,NOT_APPLICABLE,NOT_APPLICABLE,Libraries and storage,
CAN-LAM-FOLDER-059,Administration,,I15,I15,I15,,Not applicable: generated broad template is superseded and cannot own implementation.,NOT_APPLICABLE,NOT_APPLICABLE,Administration,
CAN-LAM-FOLDER-060,Sharing and mobile backup,,I15,I15,I15,,Not applicable: generated broad template is superseded and cannot own implementation.,NOT_APPLICABLE,NOT_APPLICABLE,Sharing and mobile backup,
CAN-LAM-FOLDER-061,Libraries and storage,,I15,I15,I15,,Not applicable: generated broad template is superseded and cannot own implementation.,NOT_APPLICABLE,NOT_APPLICABLE,Libraries and storage,
CAN-LAM-FOLDER-062,People and faces,,I15,I15,I15,,Not applicable: generated broad template is superseded and cannot own implementation.,NOT_APPLICABLE,NOT_APPLICABLE,People and faces,
CAN-LAM-FOLDER-063,People and faces,,I15,I15,I15,,Not applicable: generated broad template is superseded and cannot own implementation.,NOT_APPLICABLE,NOT_APPLICABLE,People and faces,
CAN-LAM-FOLDER-064,Libraries and storage,,I15,I15,I15,,Not applicable: generated broad template is superseded and cannot own implementation.,NOT_APPLICABLE,NOT_APPLICABLE,Libraries and storage,
CAN-LAM-FOLDER-065,Libraries and storage,,I15,I15,I15,,Not applicable: generated broad template is superseded and cannot own implementation.,NOT_APPLICABLE,NOT_APPLICABLE,Libraries and storage,
CAN-LAM-FOLDER-066,Desktop shell,,I15,,I15,,Not applicable: generated broad template is superseded and cannot own implementation.,NOT_APPLICABLE,NOT_APPLICABLE,Desktop shell,
CAN-LAM-FOLDER-067,Local data authority,I3,I4;I15,,I15,,Phase label; rewrite adds pre-I/O rejection.,REVIEWED_CORRECTED,NONE,Local data authority,I3
CAN-LAM-FOLDER-068,Events and organization,I6,I6;I15,,I15,,"Phase label; rewrite adds preview, approval, and preservation.",REVIEWED_CORRECTED,NONE,Events and organization,I6
CAN-LAM-FOLDER-069,Events and organization,I6,I6;I15,,I15,,Phase label; rewrite adds immobility.,REVIEWED_CORRECTED,NONE,Events and organization,I6
CAN-LAM-FOLDER-070,Planning and verification governance,,I0;I15,,,,Not applicable: generated broad template is superseded and cannot own implementation.,NOT_APPLICABLE,NOT_APPLICABLE,Planning and verification governance,
CAN-LAM-FOLDER-071,External drives and path resilience,I12,I12;I15,,I15,,Phase label; rewrite adds durable identity.,REVIEWED_CORRECTED,NONE,External drives and path resilience,I12
CAN-LAM-FOLDER-072,External drives and path resilience,I12,I12;I15,,I15,,Phase label; rewrite adds the non-atomic rule.,REVIEWED_CORRECTED,NONE,External drives and path resilience,I12
CAN-LAM-FOLDER-073,Packaging and legacy eradication,I15,I15,,I15,,Phase label; rewrite adds recording and release blocking.,REVIEWED_CORRECTED,NONE,Packaging and legacy eradication,I15
CAN-LAM-FOLDER-074,Libraries and storage,,I15,,I15,,Not applicable: generated broad template is superseded and cannot own implementation.,NOT_APPLICABLE,NOT_APPLICABLE,Libraries and storage,
CAN-LAM-FOLDER-075,Planning and verification governance,,I0;I15,,,,Not applicable: generated broad template is superseded and cannot own implementation.,NOT_APPLICABLE,NOT_APPLICABLE,Planning and verification governance,
CAN-LAM-FOLDER-076,External drives and path resilience,I12,I4;I15,,I15,,Cross-drive interruption and transaction recovery belong to External drives and path resilience.,REVIEWED_CORRECTED,NONE,External drives and path resilience,I12
CAN-LAM-FOLDER-077,External drives and path resilience,I12,I4;I15,,I15,,Durable external-drive identity and reconnection consistency belong to External drives and path resilience.,REVIEWED_CORRECTED,NONE,External drives and path resilience,I12
CAN-LAM-FOLDER-078,Libraries and storage,I4,I4;I15,,I15,,Label names cross-platform paths; rewrite adds platform-consistent handling.,REVIEWED_CORRECTED,NONE,Libraries and storage,I4
CAN-LAM-FOLDER-079,Libraries and storage,,I0;I15,,,,Not applicable: generated broad template is superseded and cannot own implementation.,NOT_APPLICABLE,NOT_APPLICABLE,Libraries and storage,
CAN-LAM-FOLDER-080,Planning and verification governance,,,,,,"Reviewed as an implementation-agent/governance guardrail, not an application runtime feature.",NOT_APPLICABLE,NONE,Planning and verification governance,
CAN-LAM-FOLDER-081,Map and location,,I5;I15,,I15,,Not applicable: generated broad template is superseded and cannot own implementation.,NOT_APPLICABLE,NOT_APPLICABLE,Map and location,I5
CAN-LAM-GOV-001,Planning and verification governance,,I0;I15,,,,Not applicable: generated broad template is superseded and cannot own implementation.,NOT_APPLICABLE,NOT_APPLICABLE,Planning and verification governance,
CAN-LAM-GOV-002,Planning and verification governance,,I0;I15,,,,Not applicable: generated broad template is superseded and cannot own implementation.,NOT_APPLICABLE,NOT_APPLICABLE,Planning and verification governance,
CAN-LAM-GOV-003,Duplicates,,I0;I15,,,,Not applicable: generated broad template is superseded and cannot own implementation.,NOT_APPLICABLE,NOT_APPLICABLE,Duplicates,
CAN-LAM-GOV-004,Planning and verification governance,,I0;I15,,,,Not applicable: generated broad template is superseded and cannot own implementation.,NOT_APPLICABLE,NOT_APPLICABLE,Planning and verification governance,
CAN-LAM-GOV-005,Planning and verification governance,,I0;I15,,,,Not applicable: generated broad template is superseded and cannot own implementation.,NOT_APPLICABLE,NOT_APPLICABLE,Planning and verification governance,
CAN-LAM-GOV-006,Local AI worker,,I15,,I15,,Not applicable: generated broad template is superseded and cannot own implementation.,NOT_APPLICABLE,NOT_APPLICABLE,Local AI worker,
CAN-LAM-GOV-007,Planning and verification governance,,I0;I15,,,,Not applicable: generated broad template is superseded and cannot own implementation.,NOT_APPLICABLE,NOT_APPLICABLE,Planning and verification governance,
CAN-LAM-GOV-008,Planning and verification governance,,,,I15,,Not applicable: generated broad template is superseded and cannot own implementation.,NOT_APPLICABLE,NOT_APPLICABLE,Libraries and storage,
CAN-LAM-GOV-009,Planning and verification governance,,,,I15,,Not applicable: generated broad template is superseded and cannot own implementation.,NOT_APPLICABLE,NOT_APPLICABLE,Local AI worker,
CAN-LAM-GOV-010,Authentication and users,,I15,I15,I15,,Not applicable: generated broad template is superseded and cannot own implementation.,NOT_APPLICABLE,NOT_APPLICABLE,Authentication and users,
CAN-LAM-GOV-011,Planning and verification governance,,I2;I15,,I15,,Not applicable: generated broad template is superseded and cannot own implementation.,NOT_APPLICABLE,NOT_APPLICABLE,Authentication and users,I2
CAN-LAM-GOV-012,Planning and verification governance,,,,I15,,Not applicable: generated broad template is superseded and cannot own implementation.,NOT_APPLICABLE,NOT_APPLICABLE,Planning and verification governance,
CAN-LAM-GOV-013,Planning and verification governance,,,,I15,,Not applicable: generated broad template is superseded and cannot own implementation.,NOT_APPLICABLE,NOT_APPLICABLE,Planning and verification governance,
CAN-LAM-GOV-014,Planning and verification governance,,I0;I15,,,,Not applicable: generated broad template is superseded and cannot own implementation.,NOT_APPLICABLE,NOT_APPLICABLE,Planning and verification governance,
CAN-LAM-GOV-015,Planning and verification governance,,,,I15,,Not applicable: generated broad template is superseded and cannot own implementation.,NOT_APPLICABLE,NOT_APPLICABLE,Planning and verification governance,
CAN-LAM-GOV-016,Planning and verification governance,,,,I15,,Not applicable: generated broad template is superseded and cannot own implementation.,NOT_APPLICABLE,NOT_APPLICABLE,Planning and verification governance,
CAN-LAM-GOV-017,Planning and verification governance,,I0;I15,,,,Not applicable: generated broad template is superseded and cannot own implementation.,NOT_APPLICABLE,NOT_APPLICABLE,Planning and verification governance,
CAN-LAM-GOV-018,Duplicates,I11,I11;I15,,I15,,"Reviewed as Metadata Mutation, Editing, and Privacy work because the obligation's primary implementation surface is Duplicates; integration verification, removal, and release responsibilities remain separate.",REVIEWED_CONFIRMED,NONE,Duplicates,I11
CAN-LAM-GOV-019,Planning and verification governance,,,,,,Reviewed as a non-implementation record or independent gate; no primary implementation phase is assigned.,NOT_APPLICABLE,NONE,Planning and verification governance,
CAN-LAM-GOV-020,Planning and verification governance,,,,,,Reviewed as a non-implementation record or independent gate; no primary implementation phase is assigned.,NOT_APPLICABLE,NONE,Planning and verification governance,
CAN-LAM-GOV-021,Planning and verification governance,,I0;I15,,,,Not applicable: generated broad template is superseded and cannot own implementation.,NOT_APPLICABLE,NOT_APPLICABLE,Planning and verification governance,
CAN-LAM-GOV-022,Planning and verification governance,,I0;I15,,,,Not applicable: generated broad template is superseded and cannot own implementation.,NOT_APPLICABLE,NOT_APPLICABLE,Planning and verification governance,
CAN-LAM-GOV-023,Planning and verification governance,,I0;I15,,,,Not applicable: generated broad template is superseded and cannot own implementation.,NOT_APPLICABLE,NOT_APPLICABLE,Planning and verification governance,
CAN-LAM-GOV-024,Planning and verification governance,,I0;I15,,,,Not applicable: generated broad template is superseded and cannot own implementation.,NOT_APPLICABLE,NOT_APPLICABLE,Planning and verification governance,
CAN-LAM-GOV-025,Planning and verification governance,,I0;I15,,,,Not applicable: generated broad template is superseded and cannot own implementation.,NOT_APPLICABLE,NOT_APPLICABLE,Planning and verification governance,
CAN-LAM-GOV-026,Planning and verification governance,,I0;I15,,,,Not applicable: generated broad template is superseded and cannot own implementation.,NOT_APPLICABLE,NOT_APPLICABLE,Planning and verification governance,
CAN-LAM-GOV-027,Planning and verification governance,,I0;I15,,,,Not applicable: generated broad template is superseded and cannot own implementation.,NOT_APPLICABLE,NOT_APPLICABLE,Planning and verification governance,
CAN-LAM-GOV-028,Libraries and storage,,I0;I15,,,,Not applicable: generated broad template is superseded and cannot own implementation.,NOT_APPLICABLE,NOT_APPLICABLE,Libraries and storage,
CAN-LAM-GOV-029,Desktop shell,,I0;I15,,,,Not applicable: generated broad template is superseded and cannot own implementation.,NOT_APPLICABLE,NOT_APPLICABLE,Desktop shell,
CAN-LAM-GOV-030,Planning and verification governance,,I0;I15,,,,Not applicable: generated broad template is superseded and cannot own implementation.,NOT_APPLICABLE,NOT_APPLICABLE,Planning and verification governance,
CAN-LAM-GOV-031,Planning and verification governance,,I0;I15,,,,Not applicable: generated broad template is superseded and cannot own implementation.,NOT_APPLICABLE,NOT_APPLICABLE,Planning and verification governance,
CAN-LAM-GOV-032,Local data authority,,I0;I15,,,,Not applicable: generated broad template is superseded and cannot own implementation.,NOT_APPLICABLE,NOT_APPLICABLE,Local data authority,
CAN-LAM-GOV-033,Planning and verification governance,,I0;I15,,,,Not applicable: generated broad template is superseded and cannot own implementation.,NOT_APPLICABLE,NOT_APPLICABLE,Planning and verification governance,
CAN-LAM-GOV-034,Planning and verification governance,,,,I15,,Not applicable: generated broad template is superseded and cannot own implementation.,NOT_APPLICABLE,NOT_APPLICABLE,Planning and verification governance,
CAN-LAM-GOV-035,Planning and verification governance,,I0;I15,,,,Not applicable: generated broad template is superseded and cannot own implementation.,NOT_APPLICABLE,NOT_APPLICABLE,Planning and verification governance,
CAN-LAM-GOV-036,Planning and verification governance,,I0;I15,,,,Not applicable: generated broad template is superseded and cannot own implementation.,NOT_APPLICABLE,NOT_APPLICABLE,Planning and verification governance,
CAN-LAM-GOV-037,Planning and verification governance,,I1;I15,,I15,,Not applicable: generated broad template is superseded and cannot own implementation.,NOT_APPLICABLE,NOT_APPLICABLE,Legal and rebranding,I1
CAN-LAM-GOV-038,Planning and verification governance,,I2;I15,,I15,,Not applicable: generated broad template is superseded and cannot own implementation.,NOT_APPLICABLE,NOT_APPLICABLE,Desktop shell,I2
CAN-LAM-GOV-039,Planning and verification governance,,I4;I15,,I15,,Not applicable: generated broad template is superseded and cannot own implementation.,NOT_APPLICABLE,NOT_APPLICABLE,Metadata,I4
CAN-LAM-GOV-040,Planning and verification governance,,I2;I15,,I15,,Not applicable: generated broad template is superseded and cannot own implementation.,NOT_APPLICABLE,NOT_APPLICABLE,Desktop shell,I2
CAN-LAM-GOV-041,Planning and verification governance,,I6;I15,,I15,,Not applicable: generated broad template is superseded and cannot own implementation.,NOT_APPLICABLE,NOT_APPLICABLE,Events and organization,I6
CAN-LAM-GOV-042,Planning and verification governance,,I7;I15,,I15,,Not applicable: generated broad template is superseded and cannot own implementation.,NOT_APPLICABLE,NOT_APPLICABLE,People and faces,I7
CAN-LAM-GOV-043,Planning and verification governance,,I8;I15,,I15,,Not applicable: generated broad template is superseded and cannot own implementation.,NOT_APPLICABLE,NOT_APPLICABLE,Metadata,I8
CAN-LAM-GOV-044,Planning and verification governance,,I9;I15,,I15,,Not applicable: generated broad template is superseded and cannot own implementation.,NOT_APPLICABLE,NOT_APPLICABLE,People and faces,I9
CAN-LAM-GOV-045,Local AI worker,,I0;I15,,,,Not applicable: generated broad template is superseded and cannot own implementation.,NOT_APPLICABLE,NOT_APPLICABLE,Local AI worker,
CAN-LAM-GOV-046,Planning and verification governance,,I13;I15,,I15,,Not applicable: generated broad template is superseded and cannot own implementation.,NOT_APPLICABLE,NOT_APPLICABLE,Editing,I13
CAN-LAM-GOV-047,Planning and verification governance,,I12;I15,,I15,,Not applicable: generated broad template is superseded and cannot own implementation.,NOT_APPLICABLE,NOT_APPLICABLE,Libraries and storage,I12
CAN-LAM-GOV-048,Planning and verification governance,,I13;I15,,I15,,Not applicable: generated broad template is superseded and cannot own implementation.,NOT_APPLICABLE,NOT_APPLICABLE,Local data authority,I13
CAN-LAM-GOV-049,Planning and verification governance,,I5;I15,,I15,,Not applicable: generated broad template is superseded and cannot own implementation.,NOT_APPLICABLE,NOT_APPLICABLE,Memories,I5
CAN-LAM-GOV-050,Planning and verification governance,,I0;I15,,,,Not applicable: generated broad template is superseded and cannot own implementation.,NOT_APPLICABLE,NOT_APPLICABLE,Planning and verification governance,
CAN-LAM-GOV-051,Jobs and notifications,,I15,,I15,,Not applicable: generated broad template is superseded and cannot own implementation.,NOT_APPLICABLE,NOT_APPLICABLE,Jobs and notifications,
CAN-LAM-GOV-052,Planning and verification governance,I0,I12;I15,,I15,,Implementation-tracker ID integrity is a planning-governance obligation.,REVIEWED_CORRECTED,NONE,Planning and verification governance,I0
CAN-LAM-GOV-053,Planning and verification governance,,I0;I15,,,,Not applicable: generated broad template is superseded and cannot own implementation.,NOT_APPLICABLE,NOT_APPLICABLE,Planning and verification governance,
CAN-LAM-GOV-054,Planning and verification governance,I0,I5;I15,,I15,,Planning-tracker edge-case recording is a planning-governance obligation.,REVIEWED_CORRECTED,NONE,Planning and verification governance,I0
CAN-LAM-GOV-055,Planning and verification governance,,I2;I15,,I15,,Tracker-column label under the command-migration section; it constrains planning evidence rather than describing runtime behavior.,NOT_APPLICABLE,NONE,Planning and verification governance,
CAN-LAM-GOV-056,Planning and verification governance,,I2;I15,,I15,,Not applicable: generated broad template is superseded and cannot own implementation.,NOT_APPLICABLE,NOT_APPLICABLE,Desktop shell,I2
CAN-LAM-GOV-057,Planning and verification governance,,I2;I15,,I15,,Tracker-column label under the command-migration section; it constrains platform evidence.,NOT_APPLICABLE,NONE,Planning and verification governance,
CAN-LAM-GOV-058,Planning and verification governance,,I2;I15,,I15,,Standalone legacy label referencing a phase that no longer exists; reclassified as a planning constraint.,NOT_APPLICABLE,NONE,Planning and verification governance,
CAN-LAM-GOV-059,Planning and verification governance,,I2;I15,,I15,,Tracker-column label under the command-migration section; constrains blocker evidence.,NOT_APPLICABLE,NONE,Planning and verification governance,
CAN-LAM-GOV-060,Planning and verification governance,,I0;I15,,,,Not applicable: generated broad template is superseded and cannot own implementation.,NOT_APPLICABLE,NOT_APPLICABLE,Planning and verification governance,
CAN-LAM-GOV-061,Desktop shell,,I0;I15,,,,Not applicable: generated broad template is superseded and cannot own implementation.,NOT_APPLICABLE,NOT_APPLICABLE,Desktop shell,
CAN-LAM-GOV-062,Asset viewer,I5,I5;I15,,I15,,"Label names the source-asset loading obligation; rewrite names the actor, trigger, observable result, and failure behavior.",REVIEWED_CORRECTED,NONE,Asset viewer,I5
CAN-LAM-GOV-063,Planning and verification governance,,,,I15,,Standalone build-evidence label; constrains planning completeness rather than runtime behavior.,NOT_APPLICABLE,NONE,Planning and verification governance,
CAN-LAM-GOV-064,Planning and verification governance,,I0;I15,,,,Not applicable: generated broad template is superseded and cannot own implementation.,NOT_APPLICABLE,NOT_APPLICABLE,Planning and verification governance,
CAN-LAM-GOV-065,Legal and rebranding,I1,I1;I15,,I15,,Label names required legal files; rewrite adds the completeness check and release-blocking failure behavior.,REVIEWED_CORRECTED,NONE,Legal and rebranding,I1
CAN-LAM-GOV-066,Planning and verification governance,,,,I15,,Not applicable: generated broad template is superseded and cannot own implementation.,NOT_APPLICABLE,NOT_APPLICABLE,Planning and verification governance,
CAN-LAM-GOV-067,Planning and verification governance,,,,I15,,Not applicable: generated broad template is superseded and cannot own implementation.,NOT_APPLICABLE,NOT_APPLICABLE,Planning and verification governance,
CAN-LAM-GOV-068,Planning and verification governance,,I0;I15,,,,Not applicable: generated broad template is superseded and cannot own implementation.,NOT_APPLICABLE,NOT_APPLICABLE,Planning and verification governance,
CAN-LAM-GOV-069,Packaging and legacy eradication,I15,I1;I15,,I15,,"Reviewed as Packaging, Legacy Eradication, and Release work because the obligation's primary implementation surface is Packaging and legacy eradication; integration verification, removal, and release responsibilities remain separate.",REVIEWED_CORRECTED,NONE,Legal and rebranding,I1
CAN-LAM-GOV-070,Planning and verification governance,,I0;I15,,,,Not applicable: generated broad template is superseded and cannot own implementation.,NOT_APPLICABLE,NOT_APPLICABLE,Planning and verification governance,
CAN-LAM-GOV-071,Filesystem transactions and recovery,I3,I3;I15,,I15,,Authority-order heading; reclassified as a resolution-order constraint.,REVIEWED_CORRECTED,NONE,Filesystem transactions and recovery,I3
CAN-LAM-GOV-072,Local data authority,,I3;I15,,I15,,Not applicable: generated broad template is superseded and cannot own implementation.,NOT_APPLICABLE,NOT_APPLICABLE,Local data authority,I3
CAN-LAM-GOV-073,Local data authority,,I3;I15,,I15,,Not applicable: generated broad template is superseded and cannot own implementation.,NOT_APPLICABLE,NOT_APPLICABLE,Local data authority,I3
CAN-LAM-GOV-074,Local data authority,,I3;I15,,I15,,Not applicable: generated broad template is superseded and cannot own implementation.,NOT_APPLICABLE,NOT_APPLICABLE,Local data authority,I3
CAN-LAM-GOV-075,Local data authority,I3,I5;I15,,I15,,"Reviewed as Authoritative Data and Transaction Foundation work because the obligation's primary implementation surface is Local data authority; integration verification, removal, and release responsibilities remain separate.",REVIEWED_CORRECTED,NONE,Map and location,I5
CAN-LAM-GOV-076,Planning and verification governance,I3,I3;I15,,I15,,Planning-rule label; reclassified as a traceability constraint.,REVIEWED_CORRECTED,NONE,Filesystem transactions and recovery,I3
CAN-LAM-GOV-077,Local data authority,,I10;I15,,I15,,Not applicable: generated broad template is superseded and cannot own implementation.,NOT_APPLICABLE,NOT_APPLICABLE,Local AI worker,I10
CAN-LAM-GOV-078,Local data authority,,I3;I15,,I15,,Not applicable: generated broad template is superseded and cannot own implementation.,NOT_APPLICABLE,NOT_APPLICABLE,Local data authority,I3
CAN-LAM-GOV-079,Local data authority,,I15,,I15,,Not applicable: generated broad template is superseded and cannot own implementation.,NOT_APPLICABLE,NOT_APPLICABLE,Local data authority,
CAN-LAM-GOV-080,Planning and verification governance,,,,I15,,Not applicable: generated broad template is superseded and cannot own implementation.,NOT_APPLICABLE,NOT_APPLICABLE,Planning and verification governance,
CAN-LAM-GOV-081,Planning and verification governance,,,,I15,,Not applicable: generated broad template is superseded and cannot own implementation.,NOT_APPLICABLE,NOT_APPLICABLE,Planning and verification governance,
CAN-LAM-GOV-082,Planning and verification governance,,,,I15,,Planning-stage label; reclassified as a completeness constraint.,NOT_APPLICABLE,NONE,Planning and verification governance,
CAN-LAM-GOV-083,Map and location,,,,,,Reviewed as a non-implementation record or independent gate; no primary implementation phase is assigned.,NOT_APPLICABLE,NONE,Map and location,
CAN-LAM-GOV-084,Map and location,,,,,,Reviewed as a non-implementation record or independent gate; no primary implementation phase is assigned.,NOT_APPLICABLE,NONE,Map and location,
CAN-LAM-GOV-085,Planning and verification governance,,,,I15,,Not applicable: generated broad template is superseded and cannot own implementation.,NOT_APPLICABLE,NOT_APPLICABLE,Planning and verification governance,
CAN-LAM-GOV-086,Map and location,,,,,,Reviewed as a non-implementation record or independent gate; no primary implementation phase is assigned.,NOT_APPLICABLE,NONE,Map and location,
CAN-LAM-GOV-087,Planning and verification governance,,I0;I15,,,,Not applicable: generated broad template is superseded and cannot own implementation.,NOT_APPLICABLE,NOT_APPLICABLE,Planning and verification governance,
CAN-LAM-GOV-088,Planning and verification governance,,,,I15,,Planning-stage label; reclassified as a completeness constraint.,NOT_APPLICABLE,NONE,Planning and verification governance,
CAN-LAM-GOV-089,Planning and verification governance,,,,I15,,Planning-stage label; reclassified as a coverage constraint.,NOT_APPLICABLE,NONE,Planning and verification governance,
CAN-LAM-GOV-090,Planning and verification governance,,,,I15,,Not applicable: generated broad template is superseded and cannot own implementation.,NOT_APPLICABLE,NOT_APPLICABLE,Planning and verification governance,
CAN-LAM-GOV-091,Planning and verification governance,,,,I15,,Not applicable: generated broad template is superseded and cannot own implementation.,NOT_APPLICABLE,NOT_APPLICABLE,Planning and verification governance,
CAN-LAM-GOV-092,Planning and verification governance,,I0;I15,,,,Not applicable: generated broad template is superseded and cannot own implementation.,NOT_APPLICABLE,NOT_APPLICABLE,Planning and verification governance,
CAN-LAM-GOV-093,Planning and verification governance,,,,I15,,Planning-stage label; reclassified as a no-deletion constraint.,NOT_APPLICABLE,NONE,Planning and verification governance,
CAN-LAM-GOV-094,Legal and rebranding,,,,,,Reviewed as a non-implementation record or independent gate; no primary implementation phase is assigned.,NOT_APPLICABLE,NONE,Legal and rebranding,
CAN-LAM-GOV-095,Planning and verification governance,,,,I15,,Not applicable: fragment is retained only as source provenance.,NOT_APPLICABLE,NOT_APPLICABLE,Planning and verification governance,
CAN-LAM-GOV-096,Planning and verification governance,,,,I15,,Planning-stage label; reclassified as a no-rename constraint.,NOT_APPLICABLE,NONE,Planning and verification governance,
CAN-LAM-GOV-097,Planning and verification governance,,,,I15,,Planning-stage label; reclassified as a no-removal constraint.,NOT_APPLICABLE,NONE,Planning and verification governance,
CAN-LAM-GOV-098,Planning and verification governance,,,,I15,,Planning-stage label; reclassified as a no-migration constraint.,NOT_APPLICABLE,NONE,Planning and verification governance,
CAN-LAM-GOV-099,Authentication and users,,,,,,Reviewed as a non-implementation record or independent gate; no primary implementation phase is assigned.,NOT_APPLICABLE,NONE,Authentication and users,
CAN-LAM-GOV-100,Desktop shell,,,,,,Reviewed as a non-implementation record or independent gate; no primary implementation phase is assigned.,NOT_APPLICABLE,NONE,Desktop shell,
CAN-LAM-GOV-101,Planning and verification governance,,,,I15,,Not applicable: fragment is retained only as source provenance.,NOT_APPLICABLE,NOT_APPLICABLE,Planning and verification governance,
CAN-LAM-GOV-102,Desktop shell,,,,,,Reviewed as a non-implementation record or independent gate; no primary implementation phase is assigned.,NOT_APPLICABLE,NONE,Desktop shell,
CAN-LAM-GOV-103,Planning and verification governance,,,,I15,,Not applicable: generated broad template is superseded and cannot own implementation.,NOT_APPLICABLE,NOT_APPLICABLE,Planning and verification governance,
CAN-LAM-GOV-104,Planning and verification governance,,I0;I15,,,,Not applicable: generated broad template is superseded and cannot own implementation.,NOT_APPLICABLE,NOT_APPLICABLE,Planning and verification governance,
CAN-LAM-GOV-105,Planning and verification governance,,,,I15,,Not applicable: generated broad template is superseded and cannot own implementation.,NOT_APPLICABLE,NOT_APPLICABLE,Planning and verification governance,
CAN-LAM-GOV-106,Planning and verification governance,,I0;I15,,,,Not applicable: generated broad template is superseded and cannot own implementation.,NOT_APPLICABLE,NOT_APPLICABLE,Planning and verification governance,
CAN-LAM-GOV-107,Jobs and notifications,,I15,,I15,,Not applicable: generated broad template is superseded and cannot own implementation.,NOT_APPLICABLE,NOT_APPLICABLE,Jobs and notifications,
CAN-LAM-GOV-108,Libraries and storage,,I0;I15,,,,Not applicable: generated broad template is superseded and cannot own implementation.,NOT_APPLICABLE,NOT_APPLICABLE,Libraries and storage,
CAN-LAM-GOV-109,Planning and verification governance,,,,I15,,Not applicable: generated broad template is superseded and cannot own implementation.,NOT_APPLICABLE,NOT_APPLICABLE,Map and location,
CAN-LAM-GOV-110,Planning and verification governance,,I0;I15,,,,Not applicable: generated broad template is superseded and cannot own implementation.,NOT_APPLICABLE,NOT_APPLICABLE,Planning and verification governance,
CAN-LAM-GOV-111,Planning and verification governance,,,,I15,,Not applicable: generated broad template is superseded and cannot own implementation.,NOT_APPLICABLE,NOT_APPLICABLE,Planning and verification governance,
CAN-LAM-GOV-112,Metadata,,I11;I15,,I15,,Not applicable: generated broad template is superseded and cannot own implementation.,NOT_APPLICABLE,NOT_APPLICABLE,Metadata,I11
CAN-LAM-GOV-113,Planning and verification governance,,,,I15,,Not applicable: generated broad template is superseded and cannot own implementation.,NOT_APPLICABLE,NOT_APPLICABLE,Planning and verification governance,
CAN-LAM-GOV-114,Planning and verification governance,,,,I15,,Not applicable: generated broad template is superseded and cannot own implementation.,NOT_APPLICABLE,NOT_APPLICABLE,Planning and verification governance,
CAN-LAM-GOV-115,Authentication and users,,,,,,Reviewed as a non-implementation record or independent gate; no primary implementation phase is assigned.,NOT_APPLICABLE,NONE,Authentication and users,
CAN-LAM-GOV-116,Planning and verification governance,,,,I15,,Not applicable: generated broad template is superseded and cannot own implementation.,NOT_APPLICABLE,NOT_APPLICABLE,Planning and verification governance,
CAN-LAM-GOV-117,Planning and verification governance,,,,I15,,Not applicable: generated broad template is superseded and cannot own implementation.,NOT_APPLICABLE,NOT_APPLICABLE,Planning and verification governance,
CAN-LAM-GOV-118,Map and location,,,,,,Reviewed as a non-implementation record or independent gate; no primary implementation phase is assigned.,NOT_APPLICABLE,NONE,Map and location,
CAN-LAM-GOV-119,Planning and verification governance,,,,,,Reviewed as a non-implementation record or independent gate; no primary implementation phase is assigned.,NOT_APPLICABLE,NONE,Planning and verification governance,
CAN-LAM-GOV-120,Libraries and storage,,,,,,Reviewed as a non-implementation record or independent gate; no primary implementation phase is assigned.,NOT_APPLICABLE,NONE,Libraries and storage,
CAN-LAM-GOV-121,Planning and verification governance,,,,,,Reviewed as a non-implementation record or independent gate; no primary implementation phase is assigned.,NOT_APPLICABLE,NONE,Planning and verification governance,
CAN-LAM-GOV-122,People and faces,,,,,,Reviewed as a non-implementation record or independent gate; no primary implementation phase is assigned.,NOT_APPLICABLE,NONE,People and faces,
CAN-LAM-GOV-123,Planning and verification governance,,,,,,Reviewed as a non-implementation record or independent gate; no primary implementation phase is assigned.,NOT_APPLICABLE,NONE,Planning and verification governance,
CAN-LAM-GOV-124,Planning and verification governance,,,,I15,,Not applicable: generated broad template is superseded and cannot own implementation.,NOT_APPLICABLE,NOT_APPLICABLE,Planning and verification governance,
CAN-LAM-GOV-125,Planning and verification governance,,,,,,Reviewed as a non-implementation record or independent gate; no primary implementation phase is assigned.,NOT_APPLICABLE,NONE,Planning and verification governance,
CAN-LAM-GOV-126,Libraries and storage,I4,I4;I15,,I15,,Scanning label; reclassified as a no-assumption constraint.,REVIEWED_CORRECTED,NONE,Libraries and storage,I4
CAN-LAM-GOV-127,Planning and verification governance,,,,,,Reviewed as a non-implementation record or independent gate; no primary implementation phase is assigned.,NOT_APPLICABLE,NONE,Planning and verification governance,
CAN-LAM-GOV-128,Planning and verification governance,,,,,,Reviewed as a non-implementation record or independent gate; no primary implementation phase is assigned.,NOT_APPLICABLE,NONE,Planning and verification governance,
CAN-LAM-GOV-129,Search and OCR,,,,,,Reviewed as a non-implementation record or independent gate; no primary implementation phase is assigned.,NOT_APPLICABLE,NONE,Search and OCR,
CAN-LAM-GOV-130,Planning and verification governance,,,,I15,,Not applicable: generated broad template is superseded and cannot own implementation.,NOT_APPLICABLE,NOT_APPLICABLE,Planning and verification governance,
CAN-LAM-GOV-131,Map and location,,,,,,Reviewed as a non-implementation record or independent gate; no primary implementation phase is assigned.,NOT_APPLICABLE,NONE,Map and location,
CAN-LAM-GOV-132,Planning and verification governance,,,,I15,,Mapping-pass field label; reclassified as a completeness constraint.,NOT_APPLICABLE,NONE,Planning and verification governance,
CAN-LAM-GOV-133,Planning and verification governance,,,,I15,,Mapping-pass field label; reclassified as a completeness constraint.,NOT_APPLICABLE,NONE,Planning and verification governance,
CAN-LAM-GOV-134,Planning and verification governance,,,,I15,,Mapping-pass field label; reclassified as a completeness constraint.,NOT_APPLICABLE,NONE,Planning and verification governance,
CAN-LAM-GOV-135,Planning and verification governance,,,,I15,,Mapping-pass field label; reclassified as a completeness constraint.,NOT_APPLICABLE,NONE,Planning and verification governance,
CAN-LAM-GOV-136,Planning and verification governance,,,,I15,,Mapping-pass field label; reclassified as a completeness constraint.,NOT_APPLICABLE,NONE,Planning and verification governance,
CAN-LAM-GOV-137,Events and organization,,,,,,Reviewed as a non-implementation record or independent gate; no primary implementation phase is assigned.,NOT_APPLICABLE,NONE,Events and organization,
CAN-LAM-GOV-138,Planning and verification governance,,,,I15,,Mapping-pass field label; reclassified as a completeness constraint.,NOT_APPLICABLE,NONE,Planning and verification governance,
CAN-LAM-GOV-139,Planning and verification governance,,,,I15,,Mapping-pass field label; reclassified as a completeness constraint.,NOT_APPLICABLE,NONE,Planning and verification governance,
CAN-LAM-GOV-140,Planning and verification governance,,,,I15,,Mapping-pass field label; reclassified as a completeness constraint.,NOT_APPLICABLE,NONE,Planning and verification governance,
CAN-LAM-GOV-141,Planning and verification governance,,,,I15,,Mapping-pass field label; reclassified as a completeness constraint.,NOT_APPLICABLE,NONE,Planning and verification governance,
CAN-LAM-GOV-142,Local data authority,,,,,,Reviewed as a non-implementation record or independent gate; no primary implementation phase is assigned.,NOT_APPLICABLE,NONE,Local data authority,
CAN-LAM-GOV-143,Jobs and notifications,,,,,,Reviewed as a non-implementation record or independent gate; no primary implementation phase is assigned.,NOT_APPLICABLE,NONE,Jobs and notifications,
CAN-LAM-GOV-144,Jobs and notifications,,,,,,Reviewed as a non-implementation record or independent gate; no primary implementation phase is assigned.,NOT_APPLICABLE,NONE,Jobs and notifications,
CAN-LAM-GOV-145,Planning and verification governance,,,,I15,,Mapping-pass field label; reclassified as a completeness constraint.,NOT_APPLICABLE,NONE,Planning and verification governance,
CAN-LAM-GOV-146,Planning and verification governance,,,,I15,,Mapping-pass field label; reclassified as a completeness constraint.,NOT_APPLICABLE,NONE,Planning and verification governance,
CAN-LAM-GOV-147,Asset viewer,,,,,,Reviewed as a non-implementation record or independent gate; no primary implementation phase is assigned.,NOT_APPLICABLE,NONE,Asset viewer,
CAN-LAM-GOV-148,Metadata,,,,,,Reviewed as a non-implementation record or independent gate; no primary implementation phase is assigned.,NOT_APPLICABLE,NONE,Metadata,
CAN-LAM-GOV-149,Libraries and storage,,,,,,Reviewed as a non-implementation record or independent gate; no primary implementation phase is assigned.,NOT_APPLICABLE,NONE,Libraries and storage,
CAN-LAM-GOV-150,Planning and verification governance,,,,I15,,Mapping-pass field label; reclassified as a completeness constraint.,NOT_APPLICABLE,NONE,Planning and verification governance,
CAN-LAM-GOV-151,Sharing and mobile backup,,,,,,Reviewed as a non-implementation record or independent gate; no primary implementation phase is assigned.,NOT_APPLICABLE,NONE,Sharing and mobile backup,
CAN-LAM-GOV-152,Jobs and notifications,,,,,,Reviewed as a non-implementation record or independent gate; no primary implementation phase is assigned.,NOT_APPLICABLE,NONE,Jobs and notifications,
CAN-LAM-GOV-153,Desktop shell,,,,,,Reviewed as a non-implementation record or independent gate; no primary implementation phase is assigned.,NOT_APPLICABLE,NONE,Desktop shell,
CAN-LAM-GOV-154,Libraries and storage,,,,,,Reviewed as a non-implementation record or independent gate; no primary implementation phase is assigned.,NOT_APPLICABLE,NONE,Libraries and storage,
CAN-LAM-GOV-155,Map and location,,,,,,Reviewed as a non-implementation record or independent gate; no primary implementation phase is assigned.,NOT_APPLICABLE,NONE,Map and location,
CAN-LAM-GOV-156,Planning and verification governance,,,,I15,,Feature-map label; reclassified as a completeness constraint.,NOT_APPLICABLE,NONE,Planning and verification governance,
CAN-LAM-GOV-157,Planning and verification governance,,,,I15,,Not applicable: fragment is retained only as source provenance.,NOT_APPLICABLE,NOT_APPLICABLE,Planning and verification governance,
CAN-LAM-GOV-158,Planning and verification governance,,,,I15,,Not applicable: generated broad template is superseded and cannot own implementation.,NOT_APPLICABLE,NOT_APPLICABLE,Planning and verification governance,
CAN-LAM-GOV-159,Planning and verification governance,,,,I15,,Not applicable: generated broad template is superseded and cannot own implementation.,NOT_APPLICABLE,NOT_APPLICABLE,Planning and verification governance,
CAN-LAM-GOV-160,Planning and verification governance,,,,I15,,Not applicable: generated broad template is superseded and cannot own implementation.,NOT_APPLICABLE,NOT_APPLICABLE,Planning and verification governance,
CAN-LAM-GOV-161,Planning and verification governance,,,,I15,,Not applicable: generated broad template is superseded and cannot own implementation.,NOT_APPLICABLE,NOT_APPLICABLE,Planning and verification governance,
CAN-LAM-GOV-162,Planning and verification governance,,I10;I15,,I15,,Not applicable: generated broad template is superseded and cannot own implementation.,NOT_APPLICABLE,NOT_APPLICABLE,Local AI worker,I10
CAN-LAM-GOV-163,Planning and verification governance,,,,I15,,Not applicable: generated broad template is superseded and cannot own implementation.,NOT_APPLICABLE,NOT_APPLICABLE,Planning and verification governance,
CAN-LAM-GOV-164,Planning and verification governance,,,,I15,,Not applicable: generated broad template is superseded and cannot own implementation.,NOT_APPLICABLE,NOT_APPLICABLE,Planning and verification governance,
CAN-LAM-GOV-165,Planning and verification governance,I0,I6;I15,,I15,,Requirement-extraction identity rule is a planning-governance obligation.,REVIEWED_CORRECTED,NONE,Planning and verification governance,I0
CAN-LAM-GOV-166,Planning and verification governance,,,,I15,,Not applicable: generated broad template is superseded and cannot own implementation.,NOT_APPLICABLE,NOT_APPLICABLE,Planning and verification governance,
CAN-LAM-GOV-167,Planning and verification governance,,,,I15,,Not applicable: generated broad template is superseded and cannot own implementation.,NOT_APPLICABLE,NOT_APPLICABLE,Planning and verification governance,
CAN-LAM-GOV-168,Planning and verification governance,,,,,,Reviewed as a non-implementation record or independent gate; no primary implementation phase is assigned.,NOT_APPLICABLE,NONE,Planning and verification governance,
CAN-LAM-GOV-169,Planning and verification governance,,,,,,Reviewed as a non-implementation record or independent gate; no primary implementation phase is assigned.,NOT_APPLICABLE,NONE,Planning and verification governance,
CAN-LAM-GOV-170,Planning and verification governance,,,,,,Reviewed as a non-implementation record or independent gate; no primary implementation phase is assigned.,NOT_APPLICABLE,NONE,Planning and verification governance,
CAN-LAM-GOV-171,Planning and verification governance,,,,,,Reviewed as a non-implementation record or independent gate; no primary implementation phase is assigned.,NOT_APPLICABLE,NONE,Planning and verification governance,
CAN-LAM-GOV-172,Planning and verification governance,,,,,,Reviewed as a non-implementation record or independent gate; no primary implementation phase is assigned.,NOT_APPLICABLE,NONE,Planning and verification governance,
CAN-LAM-GOV-173,Planning and verification governance,,,,,,Reviewed as a non-implementation record or independent gate; no primary implementation phase is assigned.,NOT_APPLICABLE,NONE,Planning and verification governance,
CAN-LAM-GOV-174,Planning and verification governance,I4,I4;I15,,I15,,Tracker-column label under the source-traceability section; constrains evidence completeness.,REVIEWED_CORRECTED,NONE,Libraries and storage,I4
CAN-LAM-GOV-175,Planning and verification governance,,,,,,Reviewed as a non-implementation record or independent gate; no primary implementation phase is assigned.,NOT_APPLICABLE,NONE,Planning and verification governance,
CAN-LAM-GOV-176,Planning and verification governance,,,,,,Reviewed as a non-implementation record or independent gate; no primary implementation phase is assigned.,NOT_APPLICABLE,NONE,Planning and verification governance,
CAN-LAM-GOV-177,Planning and verification governance,,,,,,Reviewed as a non-implementation record or independent gate; no primary implementation phase is assigned.,NOT_APPLICABLE,NONE,Planning and verification governance,
CAN-LAM-GOV-178,Planning and verification governance,,,,,,Reviewed as a non-implementation record or independent gate; no primary implementation phase is assigned.,NOT_APPLICABLE,NONE,Planning and verification governance,
CAN-LAM-GOV-179,Active-plan authority adoption,I0,I0;I15,,,,Replaced a one-word extraction field with a traceability requirement.,REVIEWED_CORRECTED,NONE,Planning and verification governance,
CAN-LAM-GOV-180,Active-plan authority adoption,I0,I0;I15,,,,Replaced a one-word proof field with a completion invariant.,REVIEWED_CORRECTED,NONE,Planning and verification governance,
CAN-LAM-GOV-181,Planning and verification governance,,,,I15,,Tracker-column label; constrains phase provenance in planning.,NOT_APPLICABLE,NONE,Planning and verification governance,
CAN-LAM-GOV-182,Planning and verification governance,,,,,,Reviewed as a non-implementation record or independent gate; no primary implementation phase is assigned.,NOT_APPLICABLE,NONE,Planning and verification governance,
CAN-LAM-GOV-183,Planning and verification governance,,,,,,Reviewed as a non-implementation record or independent gate; no primary implementation phase is assigned.,NOT_APPLICABLE,NONE,Planning and verification governance,
CAN-LAM-GOV-184,Libraries and storage,,,,,,Reviewed as a non-implementation record or independent gate; no primary implementation phase is assigned.,NOT_APPLICABLE,NONE,Libraries and storage,
CAN-LAM-GOV-185,Planning and verification governance,,,,I15,,Tracker-column label under the mapping-detail section; constrains evidence provenance.,NOT_APPLICABLE,NONE,Planning and verification governance,
CAN-LAM-GOV-186,Editing,,,,,,Reviewed as a non-implementation record or independent gate; no primary implementation phase is assigned.,NOT_APPLICABLE,NONE,Editing,
CAN-LAM-GOV-187,Planning and verification governance,,,,I15,,Tracker-column label; constrains ownership evidence.,NOT_APPLICABLE,NONE,Planning and verification governance,
CAN-LAM-GOV-188,Planning and verification governance,,,,I15,,Tracker-column label; constrains caller-migration evidence.,NOT_APPLICABLE,NONE,Planning and verification governance,
CAN-LAM-GOV-189,Planning and verification governance,,,,I15,,Tracker-column label; constrains consumer-replacement evidence.,NOT_APPLICABLE,NONE,Planning and verification governance,
CAN-LAM-GOV-190,Planning and verification governance,,,,I15,,Tracker-column label; constrains import-scan evidence.,NOT_APPLICABLE,NONE,Planning and verification governance,
CAN-LAM-GOV-191,Planning and verification governance,,I0;I15,,,,Not applicable: generated broad template is superseded and cannot own implementation.,NOT_APPLICABLE,NOT_APPLICABLE,Planning and verification governance,
CAN-LAM-GOV-192,Planning and verification governance,,,,I15,,Tracker-column label; constrains traceability completeness.,NOT_APPLICABLE,NONE,Planning and verification governance,
CAN-LAM-GOV-193,Planning and verification governance,,,,I15,,Tracker-column label; constrains action specificity.,NOT_APPLICABLE,NONE,Planning and verification governance,
CAN-LAM-GOV-194,Libraries and storage,,,,,,Reviewed as a non-implementation record or independent gate; no primary implementation phase is assigned.,NOT_APPLICABLE,NONE,Libraries and storage,
CAN-LAM-GOV-195,Planning and verification governance,,,,I15,,Tracker-column label; constrains verification evidence.,NOT_APPLICABLE,NONE,Planning and verification governance,
CAN-LAM-GOV-196,Planning and verification governance,,,,,,Duplicate tracker-field row; superseded rather than re-expressed.,NOT_APPLICABLE,NONE,Planning and verification governance,
CAN-LAM-GOV-197,Planning and verification governance,,,,I15,,Not applicable: generated broad template is superseded and cannot own implementation.,NOT_APPLICABLE,NOT_APPLICABLE,Planning and verification governance,
CAN-LAM-GOV-198,Planning and verification governance,,I0;I15,,,,Not applicable: generated broad template is superseded and cannot own implementation.,NOT_APPLICABLE,NOT_APPLICABLE,Planning and verification governance,
CAN-LAM-GOV-199,Planning and verification governance,,,,,,Reviewed as a non-implementation record or independent gate; no primary implementation phase is assigned.,NOT_APPLICABLE,NONE,Planning and verification governance,
CAN-LAM-GOV-200,Planning and verification governance,,,,,,Reviewed as a non-implementation record or independent gate; no primary implementation phase is assigned.,NOT_APPLICABLE,NONE,Planning and verification governance,
CAN-LAM-GOV-201,Planning and verification governance,,,,I15,,Not applicable: generated broad template is superseded and cannot own implementation.,NOT_APPLICABLE,NOT_APPLICABLE,Planning and verification governance,
CAN-LAM-GOV-202,Jobs and notifications,,I0;I15,,,,Not applicable: generated broad template is superseded and cannot own implementation.,NOT_APPLICABLE,NOT_APPLICABLE,Jobs and notifications,
CAN-LAM-GOV-203,Planning and verification governance,,,,,,Reviewed as a non-implementation record or independent gate; no primary implementation phase is assigned.,NOT_APPLICABLE,NONE,Planning and verification governance,
CAN-LAM-GOV-204,Planning and verification governance,,,,,,Reviewed as a non-implementation record or independent gate; no primary implementation phase is assigned.,NOT_APPLICABLE,NONE,Planning and verification governance,
CAN-LAM-GOV-205,Planning and verification governance,,I0;I15,,,,Not applicable: generated broad template is superseded and cannot own implementation.,NOT_APPLICABLE,NOT_APPLICABLE,Planning and verification governance,
CAN-LAM-GOV-206,Libraries and storage,,I0;I15,,,,Not applicable: generated broad template is superseded and cannot own implementation.,NOT_APPLICABLE,NOT_APPLICABLE,Libraries and storage,
CAN-LAM-GOV-207,Planning and verification governance,,I0;I15,,,,Not applicable: generated broad template is superseded and cannot own implementation.,NOT_APPLICABLE,NOT_APPLICABLE,Planning and verification governance,
CAN-LAM-GOV-208,Libraries and storage,,I4;I15,,I15,,Not applicable: generated broad template is superseded and cannot own implementation.,NOT_APPLICABLE,NOT_APPLICABLE,Libraries and storage,I4
CAN-LAM-GOV-209,Planning and verification governance,,I0;I15,,,,Not applicable: generated broad template is superseded and cannot own implementation.,NOT_APPLICABLE,NOT_APPLICABLE,Planning and verification governance,
CAN-LAM-GOV-210,Planning and verification governance,,I0;I15,,,,Not applicable: generated broad template is superseded and cannot own implementation.,NOT_APPLICABLE,NOT_APPLICABLE,Planning and verification governance,
CAN-LAM-GOV-211,Planning and verification governance,,,,I15,,Not applicable: generated broad template is superseded and cannot own implementation.,NOT_APPLICABLE,NOT_APPLICABLE,Planning and verification governance,
CAN-LAM-GOV-212,Desktop shell,,I0;I15,,,,Not applicable: generated broad template is superseded and cannot own implementation.,NOT_APPLICABLE,NOT_APPLICABLE,Desktop shell,
CAN-LAM-GOV-213,Planning and verification governance,,,,I15,,Planning-instruction fragment; reclassified as informational guidance.,NOT_APPLICABLE,NONE,Planning and verification governance,
CAN-LAM-GOV-214,Planning and verification governance,,,,,,Reviewed as a non-implementation record or independent gate; no primary implementation phase is assigned.,NOT_APPLICABLE,NONE,Planning and verification governance,
CAN-LAM-GOV-215,Desktop shell,,I2;I15,,I15,,Reviewed as a final-state prohibition; replacement implementation and I15 removal validation are represented separately.,REVIEWED_CORRECTED,NONE,Desktop shell,I2
CAN-LAM-GOV-216,Desktop shell,,I2;I15,,I15,,Not applicable: generated broad template is superseded and cannot own implementation.,NOT_APPLICABLE,NOT_APPLICABLE,Desktop shell,I2
CAN-LAM-GOV-217,Desktop shell,,I2;I15,,I15,,Not applicable: generated broad template is superseded and cannot own implementation.,NOT_APPLICABLE,NOT_APPLICABLE,Desktop shell,I2
CAN-LAM-GOV-218,Desktop shell,I2,I2;I15,,I15,,"Reviewed as Desktop Shell and Trust Boundary work because the obligation's primary implementation surface is Desktop shell; integration verification, removal, and release responsibilities remain separate.",REVIEWED_CONFIRMED,NONE,Desktop shell,I2
CAN-LAM-GOV-219,Libraries and storage,,,,,,Reviewed as a non-implementation record or independent gate; no primary implementation phase is assigned.,NOT_APPLICABLE,NONE,Libraries and storage,
CAN-LAM-GOV-220,Local AI worker,,I10;I15,,I15,,Not applicable: generated broad template is superseded and cannot own implementation.,NOT_APPLICABLE,NOT_APPLICABLE,Local AI worker,I10
CAN-LAM-GOV-221,Local AI worker,,I10;I15,,I15,,Not applicable: generated broad template is superseded and cannot own implementation.,NOT_APPLICABLE,NOT_APPLICABLE,Local AI worker,I10
CAN-LAM-GOV-222,Local AI worker,,I10;I15,,I15,,Not applicable: generated broad template is superseded and cannot own implementation.,NOT_APPLICABLE,NOT_APPLICABLE,Metadata,I10
CAN-LAM-GOV-223,Local data authority,,I3;I15,,I15,,Not applicable: generated broad template is superseded and cannot own implementation.,NOT_APPLICABLE,NOT_APPLICABLE,Local data authority,I3
CAN-LAM-GOV-224,Sidecars and metadata authority,I3,I3;I15,,I15,CAN-LAM-GOV-224,"Reviewed as Authoritative Data and Transaction Foundation work because the obligation's primary implementation surface is Sidecars and metadata authority; integration verification, removal, and release responsibilities remain separate.",REVIEWED_CORRECTED,NONE,Local data authority,I3
CAN-LAM-GOV-225,Planning and verification governance,,,,I15,,Not applicable: generated broad template is superseded and cannot own implementation.,NOT_APPLICABLE,NOT_APPLICABLE,Planning and verification governance,
CAN-LAM-GOV-226,Planning and verification governance,,,,I15,,Replacement-planning label; constrains consumer coverage.,NOT_APPLICABLE,NONE,Planning and verification governance,
CAN-LAM-GOV-227,Planning and verification governance,,,,I15,,Replacement-planning label; constrains shared-type migration.,NOT_APPLICABLE,NONE,Planning and verification governance,
CAN-LAM-GOV-228,Authentication and users,,I15,I15,I15,,Not applicable: generated broad template is superseded and cannot own implementation.,NOT_APPLICABLE,NOT_APPLICABLE,Authentication and users,
CAN-LAM-GOV-229,Planning and verification governance,,,,I15,,Replacement-planning label; constrains phase-gated removal.,NOT_APPLICABLE,NONE,Planning and verification governance,
CAN-LAM-GOV-230,Planning and verification governance,,,,I15,,Replacement-planning label; constrains caller migration.,NOT_APPLICABLE,NONE,Planning and verification governance,
CAN-LAM-GOV-231,Planning and verification governance,,,,I15,,Replacement-planning label; constrains prerequisite evidence.,NOT_APPLICABLE,NONE,Planning and verification governance,
CAN-LAM-GOV-232,Planning and verification governance,,,,I15,,Replacement-planning label; constrains phase safety.,NOT_APPLICABLE,NONE,Planning and verification governance,
CAN-LAM-GOV-233,Desktop shell,,I2;I15,,I15,,Not applicable: generated broad template is superseded and cannot own implementation.,NOT_APPLICABLE,NOT_APPLICABLE,Desktop shell,I2
CAN-LAM-GOV-234,Planning and verification governance,,,,I15,,Not applicable: generated broad template is superseded and cannot own implementation.,NOT_APPLICABLE,NOT_APPLICABLE,Planning and verification governance,
CAN-LAM-GOV-235,Planning and verification governance,,,,I15,,Not applicable: generated broad template is superseded and cannot own implementation.,NOT_APPLICABLE,NOT_APPLICABLE,Planning and verification governance,
CAN-LAM-GOV-236,Planning and verification governance,,I0;I15,,,,Not applicable: generated broad template is superseded and cannot own implementation.,NOT_APPLICABLE,NOT_APPLICABLE,Planning and verification governance,
CAN-LAM-GOV-237,Asset viewer,I5,I5;I15,,I15,,Label names bundle treat behavior; rewrite adds classification and preservation results.,REVIEWED_CORRECTED,NONE,Asset viewer,I5
CAN-LAM-GOV-238,"Backup, trash, restore and rebuild",I13,I13;I15,,I15,CAN-LAM-GOV-238,"Reviewed as Backup, Trash, Restore, and Rebuild work because the obligation's primary implementation surface is Backup, trash, restore and rebuild; integration verification, removal, and release responsibilities remain separate.",REVIEWED_CORRECTED,NONE,Metadata,I13
CAN-LAM-GOV-239,People and faces,,I8;I15,,I15,,Not applicable: generated broad template is superseded and cannot own implementation.,NOT_APPLICABLE,NOT_APPLICABLE,People and faces,I8
CAN-LAM-GOV-240,Review Centre,I5,I5;I15,,I15,,Label names value preservation on conflict; rewrite adds source retention and decision gate.,REVIEWED_CORRECTED,NONE,Review Centre,I5
CAN-LAM-GOV-241,Review Centre,I5,I5;I15,,I15,,Label names review creation; rewrite adds the required item contents.,REVIEWED_CORRECTED,NONE,Review Centre,I5
CAN-LAM-GOV-242,Review Centre,I5,I5;I15,,I15,,Label names source display; rewrite makes the displayed content explicit.,REVIEWED_CORRECTED,NONE,Review Centre,I5
CAN-LAM-GOV-243,Editing,I11,I11;I15,,I15,CAN-LAM-GOV-243,"Reviewed as Metadata Mutation, Editing, and Privacy work because the obligation's primary implementation surface is Editing; integration verification, removal, and release responsibilities remain separate.",REVIEWED_CONFIRMED,NONE,Editing,I11
CAN-LAM-GOV-244,Review Centre,I5,I5;I15,,I15,,Label names decision recording; rewrite adds persistence of value and provenance.,REVIEWED_CORRECTED,NONE,Review Centre,I5
CAN-LAM-GOV-245,Local data authority,,I5;I15,,I15,,Non-implementation record (GLOSSARY/UI_LABEL/INFORMATIONAL/DUPLICATE) cannot retain an implementation phase.,REVIEWED_CORRECTED,NONE,Local data authority,I3
CAN-LAM-GOV-246,Local data authority,,I7;I15,,I15,,Non-implementation record (GLOSSARY/UI_LABEL/INFORMATIONAL/DUPLICATE) cannot retain an implementation phase.,REVIEWED_CORRECTED,NONE,Local data authority,I3
CAN-LAM-GOV-247,Local data authority,,I9;I15,,I15,,Non-implementation record (GLOSSARY/UI_LABEL/INFORMATIONAL/DUPLICATE) cannot retain an implementation phase.,REVIEWED_CORRECTED,NONE,Local data authority,I3
CAN-LAM-GOV-248,Local data authority,,I8;I15,,I15,,Non-implementation record (GLOSSARY/UI_LABEL/INFORMATIONAL/DUPLICATE) cannot retain an implementation phase.,REVIEWED_CORRECTED,NONE,Local data authority,I3
CAN-LAM-GOV-249,Filesystem transactions and recovery,,I3;I15,,I15,,Non-implementation record (GLOSSARY/UI_LABEL/INFORMATIONAL/DUPLICATE) cannot retain an implementation phase.,REVIEWED_CORRECTED,NONE,Filesystem transactions and recovery,I3
CAN-LAM-GOV-250,Local data authority,,I5;I15,,I15,,Non-implementation record (GLOSSARY/UI_LABEL/INFORMATIONAL/DUPLICATE) cannot retain an implementation phase.,REVIEWED_CORRECTED,NONE,Local data authority,I3
CAN-LAM-GOV-251,Local data authority,,I4;I15,,I15,,Non-implementation record (GLOSSARY/UI_LABEL/INFORMATIONAL/DUPLICATE) cannot retain an implementation phase.,REVIEWED_CORRECTED,NONE,Local data authority,I3
CAN-LAM-GOV-252,Filesystem transactions and recovery,I3,I3;I15,,I15,,Schema-work heading; reclassified as a schema-completeness constraint.,REVIEWED_CORRECTED,NONE,Filesystem transactions and recovery,I3
CAN-LAM-GOV-253,Filesystem transactions and recovery,I3,I3;I15,,I15,,Label names required fields; rewrite adds schema-defined validation and rejection.,REVIEWED_CORRECTED,NONE,Filesystem transactions and recovery,I3
CAN-LAM-GOV-254,Libraries and storage,I3,I3;I15,,I15,,Coordinator and manifest preparation is the prepare-and-stage transaction boundary.,REVIEWED_CORRECTED,NONE,Libraries and storage,I3
CAN-LAM-GOV-255,Filesystem transactions and recovery,I3,I3;I15,,I15,,"Reviewed as Authoritative Data and Transaction Foundation work because the obligation's primary implementation surface is Filesystem transactions and recovery; integration verification, removal, and release responsibilities remain separate.",REVIEWED_CORRECTED,NONE,Libraries and storage,I3
CAN-LAM-GOV-256,Filesystem transactions and recovery,I3,I3;I15,,I15,,"Reviewed as Authoritative Data and Transaction Foundation work because the obligation's primary implementation surface is Filesystem transactions and recovery; integration verification, removal, and release responsibilities remain separate.",REVIEWED_CORRECTED,NONE,Local data authority,I3
CAN-LAM-GOV-257,Filesystem transactions and recovery,I3,I3;I15,,I15,,Transaction-method heading; reclassified as an operation-scope constraint.,REVIEWED_CORRECTED,NONE,Filesystem transactions and recovery,I3
CAN-LAM-GOV-258,External drives and path resilience,I12,I4;I15,,I15,,"Reviewed as External Drives and Filesystem Resilience work because the obligation's primary implementation surface is External drives and path resilience; integration verification, removal, and release responsibilities remain separate.",REVIEWED_CORRECTED,NONE,Libraries and storage,I4
CAN-LAM-GOV-259,Local AI worker,,I10;I15,,I15,,Not applicable: generated broad template is superseded and cannot own implementation.,NOT_APPLICABLE,NOT_APPLICABLE,Local AI worker,I10
CAN-LAM-GOV-260,Planning and verification governance,,,,I15,,Not applicable: generated broad template is superseded and cannot own implementation.,NOT_APPLICABLE,NOT_APPLICABLE,Planning and verification governance,
CAN-LAM-GOV-261,Media ingestion and derivation,I4,I4;I15,,I15,,"Reviewed as Media Discovery and Derived Index work because the obligation's primary implementation surface is Media ingestion and derivation; integration verification, removal, and release responsibilities remain separate.",REVIEWED_CORRECTED,NONE,Libraries and storage,I4
CAN-LAM-GOV-262,Review Centre,I5,I5;I15,,I15,,Label names suggestion sources; rewrite adds source provenance and approval gate.,REVIEWED_CORRECTED,NONE,Review Centre,I5
CAN-LAM-GOV-263,Search and OCR,I10,I10;I15,,I15,,"Reviewed as Local AI, Search, and Duplicates work because the obligation's primary implementation surface is Search and OCR; integration verification, removal, and release responsibilities remain separate.",REVIEWED_CONFIRMED,NONE,Search and OCR,I10
CAN-LAM-GOV-264,Planning and verification governance,I0,I5;I15,,I15,,"Pass 1 corpus inventory is a planning-governance obligation, not product map browsing.",REVIEWED_CORRECTED,NONE,Map and location,I5
CAN-LAM-GOV-265,Planning and verification governance,I0,I5;I15,,I15,,"Pass 2 current-architecture mapping is a planning-governance obligation, not product map browsing.",REVIEWED_CORRECTED,NONE,Map and location,I5
CAN-LAM-GOV-266,Planning and verification governance,I0,I5;I15,,I15,,"Pass 3 feature mapping is a planning-governance obligation, not product map browsing.",REVIEWED_CORRECTED,NONE,Map and location,I5
CAN-LAM-GOV-267,Planning and verification governance,,,,,,Reviewed as a non-implementation record or independent gate; no primary implementation phase is assigned.,NOT_APPLICABLE,NONE,Planning and verification governance,
CAN-LAM-GOV-268,Planning and verification governance,,,,,,Reviewed as a non-implementation record or independent gate; no primary implementation phase is assigned.,NOT_APPLICABLE,NONE,Planning and verification governance,
CAN-LAM-GOV-269,Planning and verification governance,,I0;I15,,,,Not applicable: generated broad template is superseded and cannot own implementation.,NOT_APPLICABLE,NOT_APPLICABLE,Planning and verification governance,
CAN-LAM-GOV-270,Planning and verification governance,I0,I5;I15,,I15,,Label names planning completeness; rewrite adds the double-check gate.,REVIEWED_CORRECTED,NONE,Map and location,I5
CAN-LAM-GOV-271,Planning and verification governance,,I0;I15,,,,Not applicable: generated broad template is superseded and cannot own implementation.,NOT_APPLICABLE,NOT_APPLICABLE,Planning and verification governance,
CAN-LAM-GOV-272,Planning and verification governance,,I0;I15,,,,Not applicable: generated broad template is superseded and cannot own implementation.,NOT_APPLICABLE,NOT_APPLICABLE,Planning and verification governance,
CAN-LAM-GOV-273,Active-plan authority adoption,I0,I0;I15,,,,Replaced a one-word audit category with the evidence needed for a keep decision.,REVIEWED_CORRECTED,NONE,Planning and verification governance,
CAN-LAM-GOV-274,Legacy replacement verification and removal,I15,I0;I15,,,,Replaced a one-word audit category with replacement-before-removal evidence.,REVIEWED_CORRECTED,NONE,Planning and verification governance,
CAN-LAM-GOV-275,Planning and verification governance,,I0;I15,,,,Not applicable: generated broad template is superseded and cannot own implementation.,NOT_APPLICABLE,NOT_APPLICABLE,Planning and verification governance,
CAN-LAM-GOV-276,Planning and verification governance,,I0;I15,,,,Not applicable: generated broad template is superseded and cannot own implementation.,NOT_APPLICABLE,NOT_APPLICABLE,Planning and verification governance,
CAN-LAM-GOV-277,Planning and verification governance,,I0;I15,,,,Not applicable: generated broad template is superseded and cannot own implementation.,NOT_APPLICABLE,NOT_APPLICABLE,Planning and verification governance,
CAN-LAM-GOV-278,Planning and verification governance,,I0;I15,,,,Not applicable: generated broad template is superseded and cannot own implementation.,NOT_APPLICABLE,NOT_APPLICABLE,Planning and verification governance,
CAN-LAM-GOV-279,Planning and verification governance,,I0;I15,,,,Not applicable: generated broad template is superseded and cannot own implementation.,NOT_APPLICABLE,NOT_APPLICABLE,Planning and verification governance,
CAN-LAM-GOV-280,Libraries and storage,,I4;I15,,I15,,Not applicable: generated broad template is superseded and cannot own implementation.,NOT_APPLICABLE,NOT_APPLICABLE,Libraries and storage,I4
CAN-LAM-GOV-281,Jobs and notifications,,,,,,Reviewed as a non-implementation record or independent gate; no primary implementation phase is assigned.,NOT_APPLICABLE,NONE,Jobs and notifications,
CAN-LAM-GOV-282,Planning and verification governance,,I0;I15,,,,Not applicable: generated broad template is superseded and cannot own implementation.,NOT_APPLICABLE,NOT_APPLICABLE,Planning and verification governance,
CAN-LAM-GOV-283,Libraries and storage,,,,,,Reviewed as a non-implementation record or independent gate; no primary implementation phase is assigned.,NOT_APPLICABLE,NONE,Libraries and storage,
CAN-LAM-GOV-284,Planning and verification governance,,,,I15,,Mapping-detail label; reclassified as a completeness constraint.,NOT_APPLICABLE,NONE,Planning and verification governance,
CAN-LAM-GOV-285,Planning and verification governance,,,,I15,,Mapping-detail label; reclassified as a completeness constraint.,NOT_APPLICABLE,NONE,Planning and verification governance,
CAN-LAM-GOV-286,Search and OCR,,,,,,Reviewed as a non-implementation record or independent gate; no primary implementation phase is assigned.,NOT_APPLICABLE,NONE,Search and OCR,
CAN-LAM-GOV-287,Planning and verification governance,,,,I15,,Not applicable: generated broad template is superseded and cannot own implementation.,NOT_APPLICABLE,NOT_APPLICABLE,Planning and verification governance,
CAN-LAM-GOV-288,Planning and verification governance,,I0;I15,,,,Not applicable: generated broad template is superseded and cannot own implementation.,NOT_APPLICABLE,NOT_APPLICABLE,Planning and verification governance,
CAN-LAM-GOV-289,Planning and verification governance,,I0;I15,,,,Not applicable: generated broad template is superseded and cannot own implementation.,NOT_APPLICABLE,NOT_APPLICABLE,Planning and verification governance,
CAN-LAM-GOV-290,Planning and verification governance,,I0;I15,,,,Not applicable: generated broad template is superseded and cannot own implementation.,NOT_APPLICABLE,NOT_APPLICABLE,Planning and verification governance,
CAN-LAM-GOV-291,Planning and verification governance,,I0;I15,,,,Not applicable: generated broad template is superseded and cannot own implementation.,NOT_APPLICABLE,NOT_APPLICABLE,Planning and verification governance,
CAN-LAM-GOV-292,Read-only repository provenance and integrity baseline,I0,I0;I15,,,,Expanded a short historical boundary gate into the current resolved-root integrity contract.,REVIEWED_CORRECTED,NONE,Planning and verification governance,
CAN-LAM-GOV-293,Planning and verification governance,,I0;I15,,,,Not applicable: fragment is retained only as source provenance.,NOT_APPLICABLE,NOT_APPLICABLE,Planning and verification governance,
CAN-LAM-GOV-294,Planning and verification governance,,I0;I15,,,,Not applicable: generated broad template is superseded and cannot own implementation.,NOT_APPLICABLE,NOT_APPLICABLE,Planning and verification governance,
CAN-LAM-GOV-295,Planning and verification governance,,,,I15,,Not applicable: generated broad template is superseded and cannot own implementation.,NOT_APPLICABLE,NOT_APPLICABLE,Planning and verification governance,
CAN-LAM-GOV-296,Planning and verification governance,,,,I15,,Graphify-pass label; reclassified as a completeness constraint.,NOT_APPLICABLE,NONE,Planning and verification governance,
CAN-LAM-GOV-297,Planning and verification governance,,I0;I15,,,,Not applicable: generated broad template is superseded and cannot own implementation.,NOT_APPLICABLE,NOT_APPLICABLE,Planning and verification governance,
CAN-LAM-GOV-298,Planning and verification governance,,,,I15,,Graphify-pass label; reclassified as a completeness constraint.,NOT_APPLICABLE,NONE,Planning and verification governance,
CAN-LAM-GOV-299,Local data authority,,I3;I15,,I15,,Not applicable: generated broad template is superseded and cannot own implementation.,NOT_APPLICABLE,NOT_APPLICABLE,Local data authority,I3
CAN-LAM-GOV-300,Planning and verification governance,,,,I15,,Not applicable: generated broad template is superseded and cannot own implementation.,NOT_APPLICABLE,NOT_APPLICABLE,Planning and verification governance,
CAN-LAM-GOV-301,Planning and verification governance,,I0;I15,,,,Not applicable: generated broad template is superseded and cannot own implementation.,NOT_APPLICABLE,NOT_APPLICABLE,Planning and verification governance,
CAN-LAM-GOV-302,Planning and verification governance,,I0;I15,,,,Not applicable: generated broad template is superseded and cannot own implementation.,NOT_APPLICABLE,NOT_APPLICABLE,Planning and verification governance,
CAN-LAM-GOV-303,Planning and verification governance,,I0;I15,,,,Not applicable: generated broad template is superseded and cannot own implementation.,NOT_APPLICABLE,NOT_APPLICABLE,Planning and verification governance,
CAN-LAM-GROUP-001,People and faces,,,,,,Reviewed as a non-implementation record or independent gate; no primary implementation phase is assigned.,NOT_APPLICABLE,NONE,People and faces,
CAN-LAM-INV-AI-01,Jobs and notifications,,I10;I15,,I15,CAN-LAM-INV-AI-01,Not applicable: generated broad template is superseded and cannot own implementation.,NOT_APPLICABLE,NOT_APPLICABLE,Jobs and notifications,I10
CAN-LAM-INV-AI-02-A,Local AI worker,,I10;I15,,I15,CAN-LAM-INV-AI-02-A,Not applicable: generated broad template is superseded and cannot own implementation.,NOT_APPLICABLE,NOT_APPLICABLE,Local AI worker,I10
CAN-LAM-INV-AI-02-B,Local AI worker,I10,I10;I15,,I15,CAN-LAM-INV-AI-02-B,"Reviewed as Local AI, Search, and Duplicates work because the obligation's primary implementation surface is Local AI worker; integration verification, removal, and release responsibilities remain separate.",REVIEWED_CONFIRMED,NONE,Local AI worker,I10
CAN-LAM-INV-AI-03,Local AI worker,I10,I10;I15,,I15,CAN-LAM-INV-AI-03,"Reviewed as Local AI, Search, and Duplicates work because the obligation's primary implementation surface is Local AI worker; integration verification, removal, and release responsibilities remain separate.",REVIEWED_CONFIRMED,NONE,Local AI worker,I10
CAN-LAM-INV-AI-04,Local AI worker,I10,I10;I15,,I15,CAN-LAM-INV-AI-04,"Reviewed as Local AI, Search, and Duplicates work because the obligation's primary implementation surface is Local AI worker; integration verification, removal, and release responsibilities remain separate.",REVIEWED_CONFIRMED,NONE,Local AI worker,I10
CAN-LAM-INV-ASSET-01,Desktop shell,I2,I2;I15,,I15,CAN-LAM-INV-ASSET-01,"Reviewed as Desktop Shell and Trust Boundary work because the obligation's primary implementation surface is Desktop shell; integration verification, removal, and release responsibilities remain separate.",REVIEWED_CONFIRMED,NONE,Desktop shell,I2
CAN-LAM-INV-ASSET-02,Asset viewer,I5,I5;I15,,I15,CAN-LAM-INV-ASSET-02,"Reviewed as Offline Library Experience work because the obligation's primary implementation surface is Asset viewer; integration verification, removal, and release responsibilities remain separate.",REVIEWED_CONFIRMED,NONE,Asset viewer,I5
CAN-LAM-INV-ASSET-03,Metadata,I3,I3;I15,,I15,CAN-LAM-INV-ASSET-03,"Reviewed as Authoritative Data and Transaction Foundation work because the obligation's primary implementation surface is Metadata; integration verification, removal, and release responsibilities remain separate.",REVIEWED_CONFIRMED,NONE,Metadata,I3
CAN-LAM-INV-ASSET-04,"Backup, trash, restore and rebuild",I13,I13;I15,,I15,CAN-LAM-INV-ASSET-04,"Reviewed as Backup, Trash, Restore, and Rebuild work because the obligation's primary implementation surface is Backup, trash, restore and rebuild; integration verification, removal, and release responsibilities remain separate.",REVIEWED_CORRECTED,NONE,Metadata,I13
CAN-LAM-INV-ASSET-05,Asset identity and records,I3,I4;I15,,I15,CAN-LAM-INV-ASSET-05,"Reviewed as Authoritative Data and Transaction Foundation work because the obligation's primary implementation surface is Asset identity and records; integration verification, removal, and release responsibilities remain separate.",REVIEWED_CORRECTED,NONE,Metadata,I4
CAN-LAM-INV-ASSET-06,"Backup, trash, restore and rebuild",I13,I13;I15,,I15,CAN-LAM-INV-ASSET-06,"Reviewed as Backup, Trash, Restore, and Rebuild work because the obligation's primary implementation surface is Backup, trash, restore and rebuild; integration verification, removal, and release responsibilities remain separate.",REVIEWED_CORRECTED,NONE,Editing,I13
CAN-LAM-INV-ASSET-07,"Backup, trash, restore and rebuild",I13,I2;I15,,I15,CAN-LAM-INV-ASSET-07,"Reviewed as Backup, Trash, Restore, and Rebuild work because the obligation's primary implementation surface is Backup, trash, restore and rebuild; integration verification, removal, and release responsibilities remain separate.",REVIEWED_CORRECTED,NONE,Desktop shell,I2
CAN-LAM-INV-COMP-01,Planning and verification governance,,,,I15,,Not applicable: generated broad template is superseded and cannot own implementation.,NOT_APPLICABLE,NOT_APPLICABLE,Authentication and users,
CAN-LAM-INV-COMP-02,Planning and verification governance,,I4;I15,,I15,CAN-LAM-INV-COMP-02,"Reviewed as an implementation-agent/governance guardrail, not an application runtime feature.",REVIEWED_CORRECTED,NONE,Libraries and storage,I4
CAN-LAM-INV-COMP-03,Planning and verification governance,,I0;I15,,,,Not applicable: generated broad template is superseded and cannot own implementation.,NOT_APPLICABLE,NOT_APPLICABLE,Planning and verification governance,
CAN-LAM-INV-EVENT-01,Libraries and storage,I6,I6;I15,,I15,CAN-LAM-INV-EVENT-01,"Reviewed as Events and Manage Later work because the obligation's primary implementation surface is Libraries and storage; integration verification, removal, and release responsibilities remain separate.",REVIEWED_CONFIRMED,NONE,Libraries and storage,I6
CAN-LAM-INV-EVENT-02,Events and organization,I6,I6;I15,,I15,CAN-LAM-INV-EVENT-02,"Reviewed as Events and Manage Later work because the obligation's primary implementation surface is Events and organization; integration verification, removal, and release responsibilities remain separate.",REVIEWED_CONFIRMED,NONE,Events and organization,I6
CAN-LAM-INV-EVENT-03,Events and organization,I6,I6;I15,,I15,CAN-LAM-INV-EVENT-03,"Reviewed as Events and Manage Later work because the obligation's primary implementation surface is Events and organization; integration verification, removal, and release responsibilities remain separate.",REVIEWED_CONFIRMED,NONE,Events and organization,I6
CAN-LAM-INV-FS-01,Media ingestion and derivation,I4,I4;I15,,I15,CAN-LAM-INV-FS-01,"Reviewed as Media Discovery and Derived Index work because the obligation's primary implementation surface is Media ingestion and derivation; integration verification, removal, and release responsibilities remain separate.",REVIEWED_CORRECTED,NONE,Libraries and storage,I4
CAN-LAM-INV-META-01,Libraries and storage,I4,I4;I15,,I15,CAN-LAM-INV-META-01,"Reviewed as Media Discovery and Derived Index work because the obligation's primary implementation surface is Libraries and storage; integration verification, removal, and release responsibilities remain separate.",REVIEWED_CONFIRMED,NONE,Libraries and storage,I4
CAN-LAM-INV-META-02,People and faces,I8,I8;I15,,I15,CAN-LAM-INV-META-02,"Reviewed as Tags, Relationships, and Attribution work because the obligation's primary implementation surface is People and faces; integration verification, removal, and release responsibilities remain separate.",REVIEWED_CONFIRMED,NONE,People and faces,I8
CAN-LAM-INV-META-03,Local data authority,I3,I3;I15,,I15,CAN-LAM-INV-META-03,"Reviewed as Authoritative Data and Transaction Foundation work because the obligation's primary implementation surface is Local data authority; integration verification, removal, and release responsibilities remain separate.",REVIEWED_CONFIRMED,NONE,Local data authority,I3
CAN-LAM-INV-META-04,Local data authority,I3,I3;I15,,I15,CAN-LAM-INV-META-04,"Reviewed as Authoritative Data and Transaction Foundation work because the obligation's primary implementation surface is Local data authority; integration verification, removal, and release responsibilities remain separate.",REVIEWED_CONFIRMED,NONE,Local data authority,I3
CAN-LAM-INV-PERSON-01,Metadata,I7,I7;I15,,I15,CAN-LAM-INV-PERSON-01,"Reviewed as People, Faces, and Groups work because the obligation's primary implementation surface is Metadata; integration verification, removal, and release responsibilities remain separate.",REVIEWED_CONFIRMED,NONE,Metadata,I7
CAN-LAM-INV-PERSON-02,Relationships and attribution,I8,I8;I15,,I15,CAN-LAM-INV-PERSON-02,"Reviewed as Tags, Relationships, and Attribution work because the obligation's primary implementation surface is Relationships and attribution; integration verification, removal, and release responsibilities remain separate.",REVIEWED_CORRECTED,NONE,People and faces,I8
CAN-LAM-INV-PERSON-03,People and faces,I7,I7;I15,,I15,CAN-LAM-INV-PERSON-03,"Reviewed as People, Faces, and Groups work because the obligation's primary implementation surface is People and faces; integration verification, removal, and release responsibilities remain separate.",REVIEWED_CONFIRMED,NONE,People and faces,I7
CAN-LAM-LEGAL-001,Legal and rebranding,I1,I1;I15,,I15,,Legal-surface label; rewrite adds presence and release blocking.,REVIEWED_CORRECTED,NONE,Legal and rebranding,I1
CAN-LAM-LEGAL-002,Legal and rebranding,I1,I1;I15,,I15,,Legal-surface label; rewrite adds presence and release blocking.,REVIEWED_CORRECTED,NONE,Legal and rebranding,I1
CAN-LAM-LEGAL-003,Legal and rebranding,,I15,I15,I15,,Not applicable: generated broad template is superseded and cannot own implementation.,NOT_APPLICABLE,NOT_APPLICABLE,Legal and rebranding,
CAN-LAM-LEGAL-004,Legal and rebranding,,I15,I15,I15,,Not applicable: generated broad template is superseded and cannot own implementation.,NOT_APPLICABLE,NOT_APPLICABLE,Legal and rebranding,
CAN-LAM-LEGAL-005,Legal and rebranding,,I15,I15,I15,,Not applicable: generated broad template is superseded and cannot own implementation.,NOT_APPLICABLE,NOT_APPLICABLE,Legal and rebranding,
CAN-LAM-LEGAL-006,Planning and verification governance,,I0;I15,,,,Not applicable: generated broad template is superseded and cannot own implementation.,NOT_APPLICABLE,NOT_APPLICABLE,Planning and verification governance,
CAN-LAM-LEGAL-007,Legal and rebranding,,I1;I15,I15,I15,,Not applicable: generated broad template is superseded and cannot own implementation.,NOT_APPLICABLE,NOT_APPLICABLE,Legal and rebranding,I1
CAN-LAM-LEGAL-008,Legal and rebranding,,I1;I15,I15,I15,,Not applicable: generated broad template is superseded and cannot own implementation.,NOT_APPLICABLE,NOT_APPLICABLE,Legal and rebranding,I1
CAN-LAM-LEGAL-009,Planning and verification governance,,,,I15,,Not applicable: generated broad template is superseded and cannot own implementation.,NOT_APPLICABLE,NOT_APPLICABLE,Planning and verification governance,
CAN-LAM-LEGAL-010,Legal and rebranding,I1,I1;I15,,I15,,Phase label; rewrite adds notice preservation.,REVIEWED_CORRECTED,NONE,Legal and rebranding,I1
CAN-LAM-LEGAL-011,Legal and rebranding,,I0;I15,,,,Not applicable: generated broad template is superseded and cannot own implementation.,NOT_APPLICABLE,NOT_APPLICABLE,Legal and rebranding,
CAN-LAM-LEGAL-012,Planning and verification governance,,I0;I15,,,,Not applicable: generated broad template is superseded and cannot own implementation.,NOT_APPLICABLE,NOT_APPLICABLE,Planning and verification governance,
CAN-LAM-LEGAL-013,Legal and rebranding,I1,I1;I15,,I15,,Legal-surface label; rewrite adds completeness and release blocking.,REVIEWED_CORRECTED,NONE,Legal and rebranding,I1
CAN-LAM-LEGAL-014,Legal and rebranding,I1,I1;I15,,I15,,Legal-surface label; rewrite adds the removal prohibition and gate.,REVIEWED_CORRECTED,NONE,Legal and rebranding,I1
CAN-LAM-LEGAL-015,Legal and rebranding,,I0;I15,,,,Not applicable: generated broad template is superseded and cannot own implementation.,NOT_APPLICABLE,NOT_APPLICABLE,Legal and rebranding,
CAN-LAM-LOCAL-001,Media ingestion and derivation,,I4;I15,,I15,,Not applicable: generated broad template is superseded and cannot own implementation.,NOT_APPLICABLE,NOT_APPLICABLE,Libraries and storage,I4
CAN-LAM-META-001,Local data authority,,I0;I15,,,,Not applicable: generated broad template is superseded and cannot own implementation.,NOT_APPLICABLE,NOT_APPLICABLE,Local data authority,
CAN-LAM-META-002,Metadata,I3,I3;I15,,I15,,"Reviewed as Authoritative Data and Transaction Foundation work because the obligation's primary implementation surface is Metadata; integration verification, removal, and release responsibilities remain separate.",REVIEWED_CONFIRMED,NONE,Metadata,I3
CAN-LAM-META-003,Metadata,,I3;I15,,I15,,Not applicable: fragment is retained only as source provenance.,NOT_APPLICABLE,NOT_APPLICABLE,Metadata,I3
CAN-LAM-META-004,Local data authority,,I3;I15,,I15,,Not applicable: generated broad template is superseded and cannot own implementation.,NOT_APPLICABLE,NOT_APPLICABLE,Local data authority,I3
CAN-LAM-META-005,Local data authority,,I3;I15,,I15,,Reviewed as a final-state prohibition; replacement implementation and I15 removal validation are represented separately.,REVIEWED_CORRECTED,NONE,Local data authority,I3
CAN-LAM-META-006,Local data authority,I3,I3;I15,,I15,CAN-LAM-META-006,"Reviewed as Authoritative Data and Transaction Foundation work because the obligation's primary implementation surface is Local data authority; integration verification, removal, and release responsibilities remain separate.",REVIEWED_CONFIRMED,NONE,Local data authority,I3
CAN-LAM-META-007,Filesystem transactions and recovery,,I3;I15,,I15,,Not applicable: generated broad template is superseded and cannot own implementation.,NOT_APPLICABLE,NOT_APPLICABLE,Local data authority,I3
CAN-LAM-META-008,Local data authority,,I8;I15,,I15,,Not applicable: generated broad template is superseded and cannot own implementation.,NOT_APPLICABLE,NOT_APPLICABLE,Metadata,I8
CAN-LAM-META-009,Filesystem transactions and recovery,I3,I3;I15,,I15,,Label names saved map JSON; rewrite adds the persistence and recovery outcomes.,REVIEWED_CORRECTED,NONE,Filesystem transactions and recovery,I3
CAN-LAM-META-010,Local data authority,,I3;I15,,I15,,Not applicable: generated broad template is superseded and cannot own implementation.,NOT_APPLICABLE,NOT_APPLICABLE,Local data authority,I3
CAN-LAM-META-011,"Backup, trash, restore and rebuild",I13,I13;I15,,I15,CAN-LAM-META-011,"Reviewed as Backup, Trash, Restore, and Rebuild work because the obligation's primary implementation surface is Backup, trash, restore and rebuild; integration verification, removal, and release responsibilities remain separate.",REVIEWED_CORRECTED,NONE,Local data authority,I13
CAN-LAM-META-012,Local data authority,I3,I3;I15,,I15,CAN-LAM-META-012,"Reviewed as Authoritative Data and Transaction Foundation work because the obligation's primary implementation surface is Local data authority; integration verification, removal, and release responsibilities remain separate.",REVIEWED_CONFIRMED,NONE,Local data authority,I3
CAN-LAM-META-013,Metadata,I4,I4;I15,,I15,,Label names metadata reading; rewrite adds extraction and preservation results.,REVIEWED_CORRECTED,NONE,Metadata,I4
CAN-LAM-META-014,Metadata,I4,I4;I15,,I15,,Label names metadata editing; rewrite adds authority update and no-media-mutation rules.,REVIEWED_CORRECTED,NONE,Metadata,I4
CAN-LAM-META-015,Metadata,I3,I3;I15,,I15,,Label names JSON sidecars; rewrite adds schema validity and preservation.,REVIEWED_CORRECTED,NONE,Metadata,I3
CAN-LAM-META-016,Metadata,I3,I3;I15,,I15,,Label names XMP sidecars; rewrite adds validity and alignment.,REVIEWED_CORRECTED,NONE,Metadata,I3
CAN-LAM-META-017,Sidecars and metadata authority,,I4;I15,,I15,,Not applicable: fragment is retained only as source provenance.,NOT_APPLICABLE,NOT_APPLICABLE,Metadata,I4
CAN-LAM-META-018,Sidecars and metadata authority,I3,I4;I15,,I15,,Label names folder-map JSON; rewrite adds validity and rebuildability.,REVIEWED_CORRECTED,NONE,Sidecars and metadata authority,I3
CAN-LAM-META-019,Metadata,I11,I11;I15,,I15,,Label names metadata snapshots; rewrite adds versioning and restore results.,REVIEWED_CORRECTED,NONE,Metadata,I11
CAN-LAM-META-020,"Backup, trash, restore and rebuild",,I13;I15,,I15,,Not applicable: generated broad template is superseded and cannot own implementation.,NOT_APPLICABLE,NOT_APPLICABLE,Local data authority,I13
CAN-LAM-META-021,Events and organization,I6,I6;I15,,I15,,Manage-Later label; rewrite adds extraction and preservation.,REVIEWED_CORRECTED,NONE,Events and organization,I6
CAN-LAM-META-022,Asset identity and records,,I5;I15,,I15,,Not applicable: generated broad template is superseded and cannot own implementation.,NOT_APPLICABLE,NOT_APPLICABLE,Asset viewer,I5
CAN-LAM-META-023,Planning and verification governance,I3,I3;I15,,I15,,Asset-bundle label; rewrite adds versioning and anti-guessing.,REVIEWED_CORRECTED,NONE,Planning and verification governance,
CAN-LAM-META-024,Asset identity and records,I3,I13;I15,,I15,CAN-LAM-META-024,"Reviewed as Authoritative Data and Transaction Foundation work because the obligation's primary implementation surface is Asset identity and records; integration verification, removal, and release responsibilities remain separate.",REVIEWED_CORRECTED,NONE,Local data authority,I13
CAN-LAM-META-025,Asset viewer,I5,I5;I15,,I15,,Viewer label; rewrite adds display and no-mutation.,REVIEWED_CORRECTED,NONE,Asset viewer,I5
CAN-LAM-META-026,Sidecars and metadata authority,I4,I4;I15,,I15,,Scanning label; rewrite adds extraction and preservation.,REVIEWED_CORRECTED,NONE,Sidecars and metadata authority,I4
CAN-LAM-META-027,People and faces,,I7;I15,,I15,,Not applicable: generated broad template is superseded and cannot own implementation.,NOT_APPLICABLE,NOT_APPLICABLE,People and faces,I7
CAN-LAM-META-028,Local data authority,,I11;I15,,I15,,Not applicable: generated broad template is superseded and cannot own implementation.,NOT_APPLICABLE,NOT_APPLICABLE,Metadata,I11
CAN-LAM-META-029,Local data authority,I3,I4;I15,,I15,,Authority-matrix entry; reclassified as an authority constraint.,REVIEWED_CORRECTED,NONE,Local data authority,I3
CAN-LAM-META-030,Local data authority,,I3;I15,,I15,,Not applicable: generated broad template is superseded and cannot own implementation.,NOT_APPLICABLE,NOT_APPLICABLE,Local data authority,I3
CAN-LAM-META-031,Local data authority,,I11;I15,,I15,,Not applicable: generated broad template is superseded and cannot own implementation.,NOT_APPLICABLE,NOT_APPLICABLE,Local data authority,I11
CAN-LAM-META-032,Local data authority,I3,I3;I15,,I15,,Authority-matrix entry; reclassified as a rebuildability constraint.,REVIEWED_CORRECTED,NONE,Local data authority,I3
CAN-LAM-META-033,Metadata,I4,I4;I15,,I15,,Label names missing-metadata search; rewrite adds the missing-state result.,REVIEWED_CORRECTED,NONE,Metadata,I4
CAN-LAM-META-034,Metadata,I10,I4;I15,,I15,,"Reviewed as Local AI, Search, and Duplicates work because the obligation's primary implementation surface is Metadata; integration verification, removal, and release responsibilities remain separate.",REVIEWED_CORRECTED,NONE,Metadata,I4
CAN-LAM-META-035,Metadata,I5,I4;I15,,I15,,Album label; rewrite adds persistence and display.,REVIEWED_CORRECTED,NONE,Metadata,I5
CAN-LAM-META-036,Metadata,I4,I4;I15,,I15,,Label names EXIF GPS reading; rewrite adds extraction and preservation results.,REVIEWED_CORRECTED,NONE,Metadata,I4
CAN-LAM-META-037,Map and location,I5,I5;I15,,I15,,Label names JSON normalized location; rewrite adds provenance retention.,REVIEWED_CORRECTED,NONE,Map and location,I5
CAN-LAM-META-038,Map and location,,I5;I15,,I15,,Reviewed as a final-state prohibition; replacement implementation and I15 removal validation are represented separately.,REVIEWED_CORRECTED,NONE,Map and location,I5
CAN-LAM-META-039,Metadata,I10,I4;I15,,I15,,Label names metadata comparison; rewrite adds evidence recording.,REVIEWED_CORRECTED,NONE,Metadata,I10
CAN-LAM-META-040,Media ingestion and derivation,I4,I4;I15,,I15,,Label names JSON/XMP comparison; rewrite adds conflict reporting and preservation.,REVIEWED_CORRECTED,NONE,Media ingestion and derivation,I4
CAN-LAM-META-041,Media ingestion and derivation,I4,I4;I15,,I15,,Label names JSON/embedded comparison; rewrite adds conflict reporting and preservation.,REVIEWED_CORRECTED,NONE,Media ingestion and derivation,I4
CAN-LAM-META-042,Filesystem transactions and recovery,I3,I3;I15,,I15,,Label names missing JSON; rewrite adds degraded state and review.,REVIEWED_CORRECTED,NONE,Filesystem transactions and recovery,I3
CAN-LAM-META-043,Media ingestion and derivation,I4,I4;I15,,I15,,Label names missing XMP; rewrite adds degraded state and review.,REVIEWED_CORRECTED,NONE,Media ingestion and derivation,I4
CAN-LAM-META-044,Editing,I11,I4;I15,,I15,,Privacy-field label; rewrite adds full-strip and preservation results.,REVIEWED_CORRECTED,NONE,Editing,I11
CAN-LAM-META-045,Sidecar read protocol,I3,I4;I15,,I15,,Statement is already record-specific (XMP mirror read/write preserves exact bytes and keeps authority alignment); no legacy template is reproduced.,REVIEWED_CONFIRMED,NONE,Sidecar read protocol,I3
CAN-LAM-META-046,Filesystem transactions and recovery,I3,I3;I15,,I15,,Originals label; rewrite adds rebuildability.,REVIEWED_CORRECTED,NONE,Filesystem transactions and recovery,I3
CAN-LAM-META-047,Local data authority,,I3;I15,,I15,,Not applicable: fragment is retained only as source provenance.,NOT_APPLICABLE,NOT_APPLICABLE,Local data authority,I3
CAN-LAM-META-048,Metadata,I14,I4;I15,,I15,,Desktop-UX label; rewrite adds display and accessibility results.,REVIEWED_CORRECTED,NONE,Metadata,I14
CAN-LAM-META-049,Metadata,I4,I4;I15,,I15,,Architecture label; rewrite names the retained behavior.,REVIEWED_CORRECTED,NONE,Metadata,I4
CAN-LAM-META-050,"Backup, trash, restore and rebuild",I13,I13;I15,,I15,,Performance label; rewrite adds budget and restoration.,REVIEWED_CORRECTED,NONE,"Backup, trash, restore and rebuild",I13
CAN-LAM-META-051,Legal and rebranding,I1,I1;I15,,I15,,Legal-surface label; rewrite adds inventory and release blocking.,REVIEWED_CORRECTED,NONE,Legal and rebranding,I1
CAN-LAM-META-052,Local data authority,,I3;I15,I15,I15,,Not applicable: generated broad template is superseded and cannot own implementation.,NOT_APPLICABLE,NOT_APPLICABLE,Local data authority,I3
CAN-LAM-META-053,Administration,,I15,I15,I15,,Not applicable: generated broad template is superseded and cannot own implementation.,NOT_APPLICABLE,NOT_APPLICABLE,Administration,
CAN-LAM-META-054,Local data authority,,I15,I15,I15,,Not applicable: generated broad template is superseded and cannot own implementation.,NOT_APPLICABLE,NOT_APPLICABLE,Local data authority,
CAN-LAM-META-055,Sharing and mobile backup,,I15,I15,I15,,Not applicable: generated broad template is superseded and cannot own implementation.,NOT_APPLICABLE,NOT_APPLICABLE,Sharing and mobile backup,
CAN-LAM-META-056,Sharing and mobile backup,,I15,I15,I15,,Not applicable: generated broad template is superseded and cannot own implementation.,NOT_APPLICABLE,NOT_APPLICABLE,Sharing and mobile backup,
CAN-LAM-META-057,Metadata,,I15,I15,I15,,Not applicable: generated broad template is superseded and cannot own implementation.,NOT_APPLICABLE,NOT_APPLICABLE,Metadata,
CAN-LAM-META-058,Metadata,,I15,I15,I15,,Not applicable: generated broad template is superseded and cannot own implementation.,NOT_APPLICABLE,NOT_APPLICABLE,Metadata,
CAN-LAM-META-059,Local data authority,,I15,I15,I15,,Not applicable: generated broad template is superseded and cannot own implementation.,NOT_APPLICABLE,NOT_APPLICABLE,Local data authority,
CAN-LAM-META-060,Metadata,,I15,I15,I15,,Not applicable: generated broad template is superseded and cannot own implementation.,NOT_APPLICABLE,NOT_APPLICABLE,Metadata,
CAN-LAM-META-061,Metadata,,I15,I15,I15,,Not applicable: generated broad template is superseded and cannot own implementation.,NOT_APPLICABLE,NOT_APPLICABLE,Metadata,
CAN-LAM-META-062,Metadata,,I15,I15,I15,,Not applicable: generated broad template is superseded and cannot own implementation.,NOT_APPLICABLE,NOT_APPLICABLE,Metadata,
CAN-LAM-META-063,Metadata,,I15,I15,I15,,Not applicable: generated broad template is superseded and cannot own implementation.,NOT_APPLICABLE,NOT_APPLICABLE,Metadata,
CAN-LAM-META-064,Metadata,,I15,I15,I15,,Not applicable: generated broad template is superseded and cannot own implementation.,NOT_APPLICABLE,NOT_APPLICABLE,Metadata,
CAN-LAM-META-065,Desktop shell,,I15,I15,I15,,Not applicable: generated broad template is superseded and cannot own implementation.,NOT_APPLICABLE,NOT_APPLICABLE,Desktop shell,
CAN-LAM-META-066,Metadata,,I4;I15,I15,I15,,Not applicable: generated broad template is superseded and cannot own implementation.,NOT_APPLICABLE,NOT_APPLICABLE,Metadata,I4
CAN-LAM-META-067,Local data authority,,I3;I15,,I15,,Not applicable: generated broad template is superseded and cannot own implementation.,NOT_APPLICABLE,NOT_APPLICABLE,Local data authority,I3
CAN-LAM-META-068,Local data authority,I3,I4;I15,,I15,,Phase label; rewrite adds validity and alignment.,REVIEWED_CORRECTED,NONE,Local data authority,I3
CAN-LAM-META-069,Local data authority,,I3;I15,,I15,,Not applicable: generated broad template is superseded and cannot own implementation.,NOT_APPLICABLE,NOT_APPLICABLE,Local data authority,I3
CAN-LAM-META-070,Editing,I11,I11;I15,,I15,,Phase label; rewrite adds removal and preservation.,REVIEWED_CORRECTED,NONE,Editing,I11
CAN-LAM-META-071,Editing,I11,I11;I15,,I15,,Phase label; rewrite adds stripping and preservation.,REVIEWED_CORRECTED,NONE,Editing,I11
CAN-LAM-META-072,External drives and path resilience,,I12;I15,,I15,,Not applicable: generated broad template is superseded and cannot own implementation.,NOT_APPLICABLE,NOT_APPLICABLE,Libraries and storage,I12
CAN-LAM-META-073,Local data authority,,I0;I15,,,,Not applicable: generated broad template is superseded and cannot own implementation.,NOT_APPLICABLE,NOT_APPLICABLE,Local data authority,
CAN-LAM-META-074,"Backup, trash, restore and rebuild",I13,I13;I15,,I15,,Label names SQLite rebuild; rewrite adds the destructive-rebuild verification.,REVIEWED_CORRECTED,NONE,"Backup, trash, restore and rebuild",I13
CAN-LAM-META-075,Metadata,I11,I11;I15,,I15,,Label names snapshot recoverability; rewrite adds the rollback verification.,REVIEWED_CORRECTED,NONE,Metadata,I11
CAN-LAM-META-076,Sidecars and metadata authority,I3,I4;I15,,I15,,Label names metadata corruption; rewrite adds preservation and repair results.,REVIEWED_CORRECTED,NONE,Sidecars and metadata authority,I3
CAN-LAM-META-077,Sidecars and metadata authority,I3,I4;I15,,I15,,Label names JSON/XMP conflict; rewrite adds value and source preservation.,REVIEWED_CORRECTED,NONE,Sidecars and metadata authority,I3
CAN-LAM-META-078,Metadata,,I0;I15,,,,Not applicable: generated broad template is superseded and cannot own implementation.,NOT_APPLICABLE,NOT_APPLICABLE,Metadata,
CAN-LAM-META-079,Metadata,,I0;I15,,,,Not applicable: generated broad template is superseded and cannot own implementation.,NOT_APPLICABLE,NOT_APPLICABLE,Metadata,
CAN-LAM-META-080,Planning and verification governance,,,,,,"Reviewed as an implementation-agent/governance guardrail, not an application runtime feature.",NOT_APPLICABLE,NONE,Local data authority,
CAN-LAM-PERF-001,Local AI worker,I10,I5;I15,,I15,,Label means detectable GPU memory; rewrite separates the resource metric from the Memories feature and corrects the capability.,REVIEWED_CORRECTED,NONE,Memories,I10
CAN-LAM-PERF-002,Memories,I5,I5;I15,,I15,,Memories-product label; rewrite keeps product meaning and adds reproducibility.,REVIEWED_CORRECTED,NONE,Memories,I5
CAN-LAM-PERF-003,Memories,I5,I5;I15,,I15,,Memories-product label; rewrite keeps the product meaning and adds derivation.,REVIEWED_CORRECTED,NONE,Memories,I5
CAN-LAM-PERF-004,Performance and scale,I14,I5;I15,,I15,,Label means RAM usage in the performance section; rewrite separates the resource metric from the Memories feature and corrects the capability.,REVIEWED_CORRECTED,NONE,Memories,I14
CAN-LAM-PERF-005,Performance and scale,I14,I5;I15,,I15,,Mandatory correction: label means RAM in the performance phase; rewrite separates the resource metric from the Memories feature.,REVIEWED_CORRECTED,NONE,Memories,I14
CAN-LAM-PERF-006,Desktop shell,I14,I2;I15,,I15,,Phase label; rewrite adds equivalence and testability.,REVIEWED_CORRECTED,NONE,Desktop shell,I14
CAN-LAM-PERF-007,Planning and verification governance,,I0;I15,,,,Not applicable: generated broad template is superseded and cannot own implementation.,NOT_APPLICABLE,NOT_APPLICABLE,Planning and verification governance,
CAN-LAM-PERF-008,Performance and scale,I14,I14;I15,,I15,,Final statement records hardware profile for performance reproducibility; capability is Performance and scale.,REVIEWED_CORRECTED,NONE,Local AI worker,I14
CAN-LAM-PERF-009,Planning and verification governance,,I0;I15,,,,Not applicable: generated broad template is superseded and cannot own implementation.,NOT_APPLICABLE,NOT_APPLICABLE,Planning and verification governance,
CAN-LAM-PERF-010,Memories,,I14;I15,,I15,,Not applicable: generated broad template is superseded and cannot own implementation.,NOT_APPLICABLE,NOT_APPLICABLE,Memories,I14
CAN-LAM-PERSON-001,People and faces,,I7;I15,,I15,,Not applicable: generated broad template is superseded and cannot own implementation.,NOT_APPLICABLE,NOT_APPLICABLE,People and faces,I7
CAN-LAM-PERSON-002,Relationships and attribution,I8,I3;I15,,I15,CAN-LAM-PERSON-002,"Reviewed as Tags, Relationships, and Attribution work because the obligation's primary implementation surface is Relationships and attribution; integration verification, removal, and release responsibilities remain separate.",REVIEWED_CORRECTED,NONE,Local data authority,I3
CAN-LAM-PERSON-003,People and faces,,I3;I15,,I15,CAN-LAM-PERSON-003,Not applicable: generated broad template is superseded and cannot own implementation.,NOT_APPLICABLE,NOT_APPLICABLE,Local data authority,I3
CAN-LAM-PERSON-004,Metadata,I8,I8;I15,,I15,,"Reviewed as Tags, Relationships, and Attribution work because the obligation's primary implementation surface is Metadata; integration verification, removal, and release responsibilities remain separate.",REVIEWED_CONFIRMED,NONE,Metadata,I8
CAN-LAM-PERSON-005,Relationships and attribution,,I8;I15,,I15,,Not applicable: generated broad template is superseded and cannot own implementation.,NOT_APPLICABLE,NOT_APPLICABLE,People and faces,I8
CAN-LAM-PERSON-006,Relationships and attribution,,I8;I15,,I15,,Not applicable: generated broad template is superseded and cannot own implementation.,NOT_APPLICABLE,NOT_APPLICABLE,People and faces,I8
CAN-LAM-PERSON-007,People and faces,I7,I7;I15,,I15,,Label names face detection; rewrite adds candidate provenance and no-auto-assignment.,REVIEWED_CORRECTED,NONE,People and faces,I7
CAN-LAM-PERSON-008,People and faces,I7,I7;I15,,I15,,Label names face recognition; rewrite adds candidate provenance and confirmation gate.,REVIEWED_CORRECTED,NONE,People and faces,I7
CAN-LAM-PERSON-009,People and faces,I7,I7;I15,,I15,,Label names face clustering; rewrite adds reviewability and preservation.,REVIEWED_CORRECTED,NONE,People and faces,I7
CAN-LAM-PERSON-010,People and faces,I7,I7;I15,,I15,,Label names groups; rewrite adds record persistence and history preservation.,REVIEWED_CORRECTED,NONE,People and faces,I7
CAN-LAM-PERSON-011,People and faces,I8,I8;I15,,I15,,Label names relationships; rewrite adds persistence and history results.,REVIEWED_CORRECTED,NONE,People and faces,I8
CAN-LAM-PERSON-012,People and faces,I7,I7;I15,,I15,,Label names person pages; rewrite separates navigation from mutation.,REVIEWED_CORRECTED,NONE,People and faces,I7
CAN-LAM-PERSON-013,People and faces,I7,I7;I15,,I15,,Label names group pages; rewrite separates navigation from mutation.,REVIEWED_CORRECTED,NONE,People and faces,I7
CAN-LAM-PERSON-014,People and faces,I8,I8;I15,,I15,,Label names composition views; rewrite adds rule derivation and source display.,REVIEWED_CORRECTED,NONE,People and faces,I8
CAN-LAM-PERSON-015,Mind-map projections,,I9;I15,,I15,,Not applicable: generated broad template is superseded and cannot own implementation.,NOT_APPLICABLE,NOT_APPLICABLE,People and faces,I9
CAN-LAM-PERSON-016,Events and organization,,I8;I15,,I15,,Not applicable: generated broad template is superseded and cannot own implementation.,NOT_APPLICABLE,NOT_APPLICABLE,People and faces,I8
CAN-LAM-PERSON-017,Events and organization,I6,I6;I15,,I15,,Label names the family category; rewrite adds grouping and no-mutation results.,REVIEWED_CORRECTED,NONE,Events and organization,I6
CAN-LAM-PERSON-018,Events and organization,I6,I6;I15,,I15,,Label names the friends category; rewrite adds grouping and no-mutation results.,REVIEWED_CORRECTED,NONE,Events and organization,I6
CAN-LAM-PERSON-019,Events and organization,I6,I6;I15,,I15,,Label names the family-friends category; rewrite adds grouping and no-mutation results.,REVIEWED_CORRECTED,NONE,Events and organization,I6
CAN-LAM-PERSON-020,Events and organization,I6,I7;I15,,I15,,Label names unknown people; rewrite adds the review-candidate result.,REVIEWED_CORRECTED,NONE,Events and organization,I6
CAN-LAM-PERSON-021,Events and organization,I6,I7;I15,,I15,,Label names mixed groups; rewrite adds boundary preservation.,REVIEWED_CORRECTED,NONE,Events and organization,I6
CAN-LAM-PERSON-022,Sidecars and metadata authority,I3,I7;I15,,I15,,Label names person JSON; rewrite adds schema validity and identity preservation.,REVIEWED_CORRECTED,NONE,Sidecars and metadata authority,I3
CAN-LAM-PERSON-023,Sidecars and metadata authority,I3,I4;I15,,I15,,Label names group JSON; rewrite adds schema validity and history preservation.,REVIEWED_CORRECTED,NONE,Sidecars and metadata authority,I3
CAN-LAM-PERSON-024,Sidecars and metadata authority,I3,I8;I15,,I15,,Label names relationship JSON; rewrite adds schema validity.,REVIEWED_CORRECTED,NONE,Sidecars and metadata authority,I3
CAN-LAM-PERSON-025,Sidecars and metadata authority,I3,I8;I15,,I15,,Label names relationship-map JSON; rewrite adds validity and rebuildability.,REVIEWED_CORRECTED,NONE,Sidecars and metadata authority,I3
CAN-LAM-PERSON-026,People and faces,I7,I7;I15,,I15,,Label names face detection; rewrite adds candidate provenance and preservation.,REVIEWED_CORRECTED,NONE,People and faces,I7
CAN-LAM-PERSON-027,People and faces,I7,I7;I15,,I15,,Label names face clustering; rewrite adds reviewability and preservation.,REVIEWED_CORRECTED,NONE,People and faces,I7
CAN-LAM-PERSON-028,People and faces,I7,I7;I15,,I15,,Label names person-match suggestions; rewrite adds provenance and approval gate.,REVIEWED_CORRECTED,NONE,People and faces,I7
CAN-LAM-PERSON-029,Events and organization,I6,I6;I15,,I15,,Manage-Later label; rewrite adds candidate provenance.,REVIEWED_CORRECTED,NONE,Events and organization,I6
CAN-LAM-PERSON-030,Asset viewer,I5,I7;I15,,I15,,Viewer label; rewrite adds review display and no-mutation.,REVIEWED_CORRECTED,NONE,Asset viewer,I5
CAN-LAM-PERSON-031,Events and organization,,I7;I15,,I15,,Non-implementation record (GLOSSARY/UI_LABEL/INFORMATIONAL/DUPLICATE) cannot retain an implementation phase.,REVIEWED_CORRECTED,NONE,Events and organization,I6
CAN-LAM-PERSON-032,Events and organization,,I7;I15,,I15,,Non-implementation record (GLOSSARY/UI_LABEL/INFORMATIONAL/DUPLICATE) cannot retain an implementation phase.,REVIEWED_CORRECTED,NONE,Events and organization,I6
CAN-LAM-PERSON-033,People and faces,I7,I8;I15,,I15,,"Reviewed as People, Faces, and Groups work because the obligation's primary implementation surface is People and faces; integration verification, removal, and release responsibilities remain separate.",REVIEWED_CORRECTED,NONE,People and faces,I8
CAN-LAM-PERSON-034,People and faces,I7,I7;I15,,I15,,Label names a merge action; rewrite adds snapshot and restore outcomes.,REVIEWED_CORRECTED,NONE,People and faces,I7
CAN-LAM-PERSON-035,People and faces,I7,I7;I15,,I15,,Label names a face-removal action; rewrite adds preservation and history outcomes.,REVIEWED_CORRECTED,NONE,People and faces,I7
CAN-LAM-PERSON-036,People and faces,I7,I7;I15,,I15,,Label names an assignment action; rewrite adds provenance and no-media-mutation outcomes.,REVIEWED_CORRECTED,NONE,People and faces,I7
CAN-LAM-PERSON-037,People and faces,I7,I7;I15,,I15,,Label names a negative-label action; rewrite adds persistence and future exclusion.,REVIEWED_CORRECTED,NONE,People and faces,I7
CAN-LAM-PERSON-038,People and faces,I7,I7;I15,,I15,,Label names a region-correction action; rewrite adds revision and scoped re-match.,REVIEWED_CORRECTED,NONE,People and faces,I7
CAN-LAM-PERSON-039,People and faces,I7,I7;I15,,I15,,Label names hide behavior; rewrite adds record preservation and restore outcomes.,REVIEWED_CORRECTED,NONE,People and faces,I7
CAN-LAM-PERSON-040,People and faces,,I7;I15,,I15,,Non-implementation record (GLOSSARY/UI_LABEL/INFORMATIONAL/DUPLICATE) cannot retain an implementation phase.,REVIEWED_CORRECTED,NONE,People and faces,I7
CAN-LAM-PERSON-041,People and faces,,I7;I15,,I15,,Non-implementation record (GLOSSARY/UI_LABEL/INFORMATIONAL/DUPLICATE) cannot retain an implementation phase.,REVIEWED_CORRECTED,NONE,People and faces,I7
CAN-LAM-PERSON-042,Relationships and attribution,,I8;I15,,I15,,Not applicable: generated broad template is superseded and cannot own implementation.,NOT_APPLICABLE,NOT_APPLICABLE,People and faces,I8
CAN-LAM-PERSON-043,People and faces,,I7;I15,,I15,,Non-implementation record (GLOSSARY/UI_LABEL/INFORMATIONAL/DUPLICATE) cannot retain an implementation phase.,REVIEWED_CORRECTED,NONE,People and faces,I7
CAN-LAM-PERSON-044,People and faces,,I8;I15,,I15,,Non-implementation record (GLOSSARY/UI_LABEL/INFORMATIONAL/DUPLICATE) cannot retain an implementation phase.,REVIEWED_CORRECTED,NONE,People and faces,I7
CAN-LAM-PERSON-045,People and faces,,I7;I15,,I15,,Non-implementation record (GLOSSARY/UI_LABEL/INFORMATIONAL/DUPLICATE) cannot retain an implementation phase.,REVIEWED_CORRECTED,NONE,People and faces,I8
CAN-LAM-PERSON-046,People and faces,,I7;I15,,I15,,Non-implementation record (GLOSSARY/UI_LABEL/INFORMATIONAL/DUPLICATE) cannot retain an implementation phase.,REVIEWED_CORRECTED,NONE,People and faces,I8
CAN-LAM-PERSON-047,People and faces,,I7;I15,,I15,,Non-implementation record (GLOSSARY/UI_LABEL/INFORMATIONAL/DUPLICATE) cannot retain an implementation phase.,REVIEWED_CORRECTED,NONE,People and faces,I8
CAN-LAM-PERSON-048,People and faces,,I7;I15,,I15,,Non-implementation record (GLOSSARY/UI_LABEL/INFORMATIONAL/DUPLICATE) cannot retain an implementation phase.,REVIEWED_CORRECTED,NONE,People and faces,I8
CAN-LAM-PERSON-049,People and faces,I7,I8;I15,,I15,,"Reviewed as People, Faces, and Groups work because the obligation's primary implementation surface is People and faces; integration verification, removal, and release responsibilities remain separate.",REVIEWED_CORRECTED,NONE,People and faces,I8
CAN-LAM-PERSON-050,People and faces,,I7;I15,,I15,,Non-implementation record (GLOSSARY/UI_LABEL/INFORMATIONAL/DUPLICATE) cannot retain an implementation phase.,REVIEWED_CORRECTED,NONE,People and faces,I7
CAN-LAM-PERSON-051,People and faces,I7,I7;I15,,I15,,Active and historical group membership conflicts belong to temporal group memberships.,REVIEWED_CORRECTED,NONE,People and faces,I7
CAN-LAM-PERSON-052,People and faces,,I7;I15,,I15,,Not applicable: generated broad template is superseded and cannot own implementation.,NOT_APPLICABLE,NOT_APPLICABLE,People and faces,I7
CAN-LAM-PERSON-053,People and faces,,I7;I15,,I15,,Not applicable: generated broad template is superseded and cannot own implementation.,NOT_APPLICABLE,NOT_APPLICABLE,People and faces,I7
CAN-LAM-PERSON-054,Mind-map projections,,I9;I15,,I15,,Not applicable: generated broad template is superseded and cannot own implementation.,NOT_APPLICABLE,NOT_APPLICABLE,People and faces,I9
CAN-LAM-PERSON-055,People and faces,,I7;I15,,I15,,Non-implementation record (GLOSSARY/UI_LABEL/INFORMATIONAL/DUPLICATE) cannot retain an implementation phase.,REVIEWED_CORRECTED,NONE,People and faces,I7
CAN-LAM-PERSON-056,People and faces,,I8;I15,,I15,,Non-implementation record (GLOSSARY/UI_LABEL/INFORMATIONAL/DUPLICATE) cannot retain an implementation phase.,REVIEWED_CORRECTED,NONE,People and faces,I8
CAN-LAM-PERSON-057,People and faces,,I8;I15,,I15,,Non-implementation record (GLOSSARY/UI_LABEL/INFORMATIONAL/DUPLICATE) cannot retain an implementation phase.,REVIEWED_CORRECTED,NONE,People and faces,I8
CAN-LAM-PERSON-058,People and faces,,I8;I15,,I15,,Reviewed as a final-state prohibition; replacement implementation and I15 removal validation are represented separately.,REVIEWED_CORRECTED,NONE,People and faces,I8
CAN-LAM-PERSON-059,Relationships and attribution,,I8;I15,,I15,,Non-implementation record (GLOSSARY/UI_LABEL/INFORMATIONAL/DUPLICATE) cannot retain an implementation phase.,REVIEWED_CORRECTED,NONE,Relationships and attribution,I8
CAN-LAM-PERSON-060,People and faces,I8,I8;I15,,I15,,"Label names creation; rewrite adds persistence, effective dating, and review exposure.",REVIEWED_CORRECTED,NONE,People and faces,I8
CAN-LAM-PERSON-061,People and faces,I8,I8;I15,,I15,,Label names deletion; rewrite converts deletion into a dated close that preserves history.,REVIEWED_CORRECTED,NONE,People and faces,I8
CAN-LAM-PERSON-062,People and faces,I7,I7;I15,,I15,,Label names membership change; rewrite adds period semantics and preservation.,REVIEWED_CORRECTED,NONE,People and faces,I7
CAN-LAM-PERSON-063,Events and organization,,I7;I15,,I15,,Non-implementation record (GLOSSARY/UI_LABEL/INFORMATIONAL/DUPLICATE) cannot retain an implementation phase.,REVIEWED_CORRECTED,NONE,Events and organization,I6
CAN-LAM-PERSON-064,Tags,,I8;I15,,I15,,Non-implementation record (GLOSSARY/UI_LABEL/INFORMATIONAL/DUPLICATE) cannot retain an implementation phase.,REVIEWED_CORRECTED,NONE,Tags,I8
CAN-LAM-PERSON-065,Tags,,I8;I15,,I15,,Non-implementation record (GLOSSARY/UI_LABEL/INFORMATIONAL/DUPLICATE) cannot retain an implementation phase.,REVIEWED_CORRECTED,NONE,Tags,I8
CAN-LAM-PERSON-066,Tags,,I8;I15,,I15,,Non-implementation record (GLOSSARY/UI_LABEL/INFORMATIONAL/DUPLICATE) cannot retain an implementation phase.,REVIEWED_CORRECTED,NONE,Tags,I8
CAN-LAM-PERSON-067,Tags,,I8;I15,,I15,,Non-implementation record (GLOSSARY/UI_LABEL/INFORMATIONAL/DUPLICATE) cannot retain an implementation phase.,REVIEWED_CORRECTED,NONE,Tags,I8
CAN-LAM-PERSON-068,Tags,I8,I8;I15,,I15,,"Reviewed as Tags, Relationships, and Attribution work because the obligation's primary implementation surface is Tags; integration verification, removal, and release responsibilities remain separate.",REVIEWED_CORRECTED,NONE,People and faces,I8
CAN-LAM-PERSON-069,Relationships and attribution,,I8;I15,,I15,,Not applicable: generated broad template is superseded and cannot own implementation.,NOT_APPLICABLE,NOT_APPLICABLE,People and faces,I8
CAN-LAM-PERSON-070,Relationships and attribution,,I8;I15,,I15,,Not applicable: generated broad template is superseded and cannot own implementation.,NOT_APPLICABLE,NOT_APPLICABLE,People and faces,I8
CAN-LAM-PERSON-071,Relationships and attribution,,I8;I15,,I15,,Not applicable: generated broad template is superseded and cannot own implementation.,NOT_APPLICABLE,NOT_APPLICABLE,People and faces,I8
CAN-LAM-PERSON-072,Relationships and attribution,,I8;I15,,I15,,Not applicable: generated broad template is superseded and cannot own implementation.,NOT_APPLICABLE,NOT_APPLICABLE,People and faces,I8
CAN-LAM-PERSON-073,Relationships and attribution,I8,I8;I15,,I15,,"Reviewed as Tags, Relationships, and Attribution work because the obligation's primary implementation surface is Relationships and attribution; integration verification, removal, and release responsibilities remain separate.",REVIEWED_CORRECTED,NONE,People and faces,I8
CAN-LAM-PERSON-074,Relationships and attribution,,I8;I15,,I15,,Not applicable: generated broad template is superseded and cannot own implementation.,NOT_APPLICABLE,NOT_APPLICABLE,People and faces,I8
CAN-LAM-PERSON-075,Relationships and attribution,,I8;I15,,I15,,Not applicable: generated broad template is superseded and cannot own implementation.,NOT_APPLICABLE,NOT_APPLICABLE,People and faces,I8
CAN-LAM-PERSON-076,Relationships and attribution,,I8;I15,,I15,,Not applicable: generated broad template is superseded and cannot own implementation.,NOT_APPLICABLE,NOT_APPLICABLE,People and faces,I8
CAN-LAM-PERSON-077,Relationships and attribution,I8,I8;I15,,I15,,"Reviewed as Tags, Relationships, and Attribution work because the obligation's primary implementation surface is Relationships and attribution; integration verification, removal, and release responsibilities remain separate.",REVIEWED_CORRECTED,NONE,People and faces,I8
CAN-LAM-PERSON-078,People and faces,I7,I7;I15,,I15,,"Reviewed as People, Faces, and Groups work because the obligation's primary implementation surface is People and faces; integration verification, removal, and release responsibilities remain separate.",REVIEWED_CONFIRMED,NONE,People and faces,I7
CAN-LAM-PERSON-079,Local data authority,,I7;I15,,I15,,Not applicable: generated broad template is superseded and cannot own implementation.,NOT_APPLICABLE,NOT_APPLICABLE,People and faces,I7
CAN-LAM-PERSON-080,Relationships and attribution,,I8;I15,,I15,,Not applicable: generated broad template is superseded and cannot own implementation.,NOT_APPLICABLE,NOT_APPLICABLE,People and faces,I8
CAN-LAM-PERSON-081,People and faces,,I8;I15,,I15,,Not applicable: generated broad template is superseded and cannot own implementation.,NOT_APPLICABLE,NOT_APPLICABLE,People and faces,I8
CAN-LAM-PERSON-082,People and faces,,I7;I15,,I15,,Non-implementation record (GLOSSARY/UI_LABEL/INFORMATIONAL/DUPLICATE) cannot retain an implementation phase.,REVIEWED_CORRECTED,NONE,People and faces,I7
CAN-LAM-PERSON-083,People and faces,,I8;I15,,I15,,Non-implementation record (GLOSSARY/UI_LABEL/INFORMATIONAL/DUPLICATE) cannot retain an implementation phase.,REVIEWED_CORRECTED,NONE,People and faces,I8
CAN-LAM-PERSON-084,People and faces,,I7;I15,,I15,,Non-implementation record (GLOSSARY/UI_LABEL/INFORMATIONAL/DUPLICATE) cannot retain an implementation phase.,REVIEWED_CORRECTED,NONE,People and faces,I7
CAN-LAM-PERSON-085,People and faces,,I7;I15,,I15,,Non-implementation record (GLOSSARY/UI_LABEL/INFORMATIONAL/DUPLICATE) cannot retain an implementation phase.,REVIEWED_CORRECTED,NONE,People and faces,I7
CAN-LAM-PERSON-086,Duplicates,I10,I10;I15,,I15,,Label names burst grouping; rewrite adds reviewability and no-mutation results.,REVIEWED_CORRECTED,NONE,Duplicates,I10
CAN-LAM-PERSON-087,People and faces,I10,I7;I15,,I15,,Label names face embeddings; rewrite adds control and identity preservation.,REVIEWED_CORRECTED,NONE,People and faces,I10
CAN-LAM-PERSON-088,People and faces,I5,I7;I15,,I15,,Memories label; rewrite adds derivation.,REVIEWED_CORRECTED,NONE,People and faces,I5
CAN-LAM-PERSON-089,People and faces,I5,I7;I15,,I15,,Memories label; rewrite adds derivation.,REVIEWED_CORRECTED,NONE,People and faces,I5
CAN-LAM-PERSON-090,People and faces,I5,I7;I15,,I15,,Memories label; rewrite adds exclusion.,REVIEWED_CORRECTED,NONE,People and faces,I5
CAN-LAM-PERSON-091,Duplicates,I10,I10;I15,,I15,,Label names burst groups; rewrite adds reviewability and no-mutation.,REVIEWED_CORRECTED,NONE,Duplicates,I10
CAN-LAM-PERSON-092,People and faces,I5,I7;I15,,I15,,Open-person label; rewrite separates navigation from identity mutation.,REVIEWED_CORRECTED,NONE,People and faces,I5
CAN-LAM-PERSON-093,Metadata,I7,I7;I15,,I15,,Privacy-field label; rewrite adds deletion and rebuild results.,REVIEWED_CORRECTED,NONE,Metadata,I7
CAN-LAM-PERSON-094,People and faces,I7,I7;I15,,I15,,Privacy-field label; rewrite adds deletion and record preservation.,REVIEWED_CORRECTED,NONE,People and faces,I7
CAN-LAM-PERSON-095,People and faces,I8,I8;I15,,I15,,Privacy-field label; rewrite adds deletion and record preservation.,REVIEWED_CORRECTED,NONE,People and faces,I8
CAN-LAM-PERSON-096,People and faces,I7,I7;I15,,I15,,Privacy-scope label; rewrite adds scoped deletion and profile preservation.,REVIEWED_CORRECTED,NONE,People and faces,I7
CAN-LAM-PERSON-097,People and faces,I7,I7;I15,,I15,,Originals label; rewrite adds identity and field preservation.,REVIEWED_CORRECTED,NONE,People and faces,I7
CAN-LAM-PERSON-098,People and faces,I14,I7;I15,,I15,,Desktop-UX label; rewrite adds local rendering and stability.,REVIEWED_CORRECTED,NONE,People and faces,I14
CAN-LAM-PERSON-099,Administration,,I15,I15,I15,,Not applicable: generated broad template is superseded and cannot own implementation.,NOT_APPLICABLE,NOT_APPLICABLE,Administration,
CAN-LAM-PERSON-100,People and faces,I7,I7;I15,,I15,,Architecture label; rewrite names the retained behavior.,REVIEWED_CORRECTED,NONE,People and faces,I7
CAN-LAM-PERSON-101,Libraries and storage,,I4;I15,I15,I15,,Not applicable: generated broad template is superseded and cannot own implementation.,NOT_APPLICABLE,NOT_APPLICABLE,Libraries and storage,I4
CAN-LAM-PERSON-102,Administration,,I15,I15,I15,,Not applicable: generated broad template is superseded and cannot own implementation.,NOT_APPLICABLE,NOT_APPLICABLE,Administration,
CAN-LAM-PERSON-103,People and faces,,I15,I15,I15,,Not applicable: generated broad template is superseded and cannot own implementation.,NOT_APPLICABLE,NOT_APPLICABLE,People and faces,
CAN-LAM-PERSON-104,Sharing and mobile backup,,I15,I15,I15,,Not applicable: generated broad template is superseded and cannot own implementation.,NOT_APPLICABLE,NOT_APPLICABLE,Sharing and mobile backup,
CAN-LAM-PERSON-105,Local AI worker,,I15,I15,I15,,Not applicable: generated broad template is superseded and cannot own implementation.,NOT_APPLICABLE,NOT_APPLICABLE,Local AI worker,
CAN-LAM-PERSON-106,Metadata,,I15,I15,I15,,Not applicable: generated broad template is superseded and cannot own implementation.,NOT_APPLICABLE,NOT_APPLICABLE,Metadata,
CAN-LAM-PERSON-107,Metadata,,I15,I15,I15,,Not applicable: generated broad template is superseded and cannot own implementation.,NOT_APPLICABLE,NOT_APPLICABLE,Metadata,
CAN-LAM-PERSON-108,People and faces,,I15,I15,I15,,Not applicable: generated broad template is superseded and cannot own implementation.,NOT_APPLICABLE,NOT_APPLICABLE,People and faces,
CAN-LAM-PERSON-109,People and faces,,I15,I15,I15,,Not applicable: generated broad template is superseded and cannot own implementation.,NOT_APPLICABLE,NOT_APPLICABLE,People and faces,
CAN-LAM-PERSON-110,People and faces,,I15,I15,I15,,Not applicable: generated broad template is superseded and cannot own implementation.,NOT_APPLICABLE,NOT_APPLICABLE,People and faces,
CAN-LAM-PERSON-111,People and faces,,I15,I15,I15,,Not applicable: generated broad template is superseded and cannot own implementation.,NOT_APPLICABLE,NOT_APPLICABLE,People and faces,
CAN-LAM-PERSON-112,People and faces,,I15,I15,I15,,Not applicable: generated broad template is superseded and cannot own implementation.,NOT_APPLICABLE,NOT_APPLICABLE,People and faces,
CAN-LAM-PERSON-113,People and faces,,I15,I15,I15,,Not applicable: generated broad template is superseded and cannot own implementation.,NOT_APPLICABLE,NOT_APPLICABLE,People and faces,
CAN-LAM-PERSON-114,People and faces,,I15,I15,I15,,Not applicable: generated broad template is superseded and cannot own implementation.,NOT_APPLICABLE,NOT_APPLICABLE,People and faces,
CAN-LAM-PERSON-115,People and faces,,I15,I15,I15,,Not applicable: generated broad template is superseded and cannot own implementation.,NOT_APPLICABLE,NOT_APPLICABLE,People and faces,
CAN-LAM-PERSON-116,People and faces,,I15,I15,I15,,Not applicable: generated broad template is superseded and cannot own implementation.,NOT_APPLICABLE,NOT_APPLICABLE,People and faces,
CAN-LAM-PERSON-117,People and faces,,I15,I15,I15,,Not applicable: generated broad template is superseded and cannot own implementation.,NOT_APPLICABLE,NOT_APPLICABLE,People and faces,
CAN-LAM-PERSON-118,Metadata,,I15,I15,I15,,Not applicable: generated broad template is superseded and cannot own implementation.,NOT_APPLICABLE,NOT_APPLICABLE,Metadata,
CAN-LAM-PERSON-119,People and faces,,I15,I15,I15,,Not applicable: generated broad template is superseded and cannot own implementation.,NOT_APPLICABLE,NOT_APPLICABLE,People and faces,
CAN-LAM-PERSON-120,People and faces,,I15,I15,I15,,Not applicable: generated broad template is superseded and cannot own implementation.,NOT_APPLICABLE,NOT_APPLICABLE,People and faces,
CAN-LAM-PERSON-121,People and faces,I7,I7;I15,,I15,,Phase label; rewrite adds subgroup semantics.,REVIEWED_CORRECTED,NONE,People and faces,I7
CAN-LAM-PERSON-122,People and faces,,I0;I15,,,,Not applicable: generated broad template is superseded and cannot own implementation.,NOT_APPLICABLE,NOT_APPLICABLE,People and faces,
CAN-LAM-PERSON-123,Relationships and attribution,,I8;I15,,I15,,Not applicable: generated broad template is superseded and cannot own implementation.,NOT_APPLICABLE,NOT_APPLICABLE,People and faces,I8
CAN-LAM-PERSON-124,Relationships and attribution,,I8;I15,,I15,,Not applicable: generated broad template is superseded and cannot own implementation.,NOT_APPLICABLE,NOT_APPLICABLE,People and faces,I8
CAN-LAM-PERSON-125,Relationships and attribution,,I8;I15,,I15,,Not applicable: generated broad template is superseded and cannot own implementation.,NOT_APPLICABLE,NOT_APPLICABLE,People and faces,I8
CAN-LAM-PERSON-126,Planning and verification governance,,I0;I15,,,,Not applicable: generated broad template is superseded and cannot own implementation.,NOT_APPLICABLE,NOT_APPLICABLE,Planning and verification governance,
CAN-LAM-PERSON-127,Mind-map projections,,I9;I15,,I15,,Not applicable: generated broad template is superseded and cannot own implementation.,NOT_APPLICABLE,NOT_APPLICABLE,People and faces,I9
CAN-LAM-PERSON-128,People and faces,I7,I7;I15,,I15,,Label names face misclassification; rewrite adds review-item creation and no-mutation.,REVIEWED_CORRECTED,NONE,People and faces,I7
CAN-LAM-PERSON-129,People and faces,,I0;I15,,,,Not applicable: generated broad template is superseded and cannot own implementation.,NOT_APPLICABLE,NOT_APPLICABLE,People and faces,
CAN-LAM-PERSON-130,People and faces,,I0;I15,,,,Not applicable: generated broad template is superseded and cannot own implementation.,NOT_APPLICABLE,NOT_APPLICABLE,People and faces,
CAN-LAM-PERSON-131,People and faces,,I0;I15,,,,Not applicable: generated broad template is superseded and cannot own implementation.,NOT_APPLICABLE,NOT_APPLICABLE,People and faces,
CAN-LAM-REL-001,Relationships and attribution,,I8;I15,,I15,,Not applicable: generated broad template is superseded and cannot own implementation.,NOT_APPLICABLE,NOT_APPLICABLE,People and faces,I8
CAN-LAM-REMOVE-001,Authentication and users,,I15,I15,I15,,Not applicable: generated broad template is superseded and cannot own implementation.,NOT_APPLICABLE,NOT_APPLICABLE,Authentication and users,
CAN-LAM-REMOVE-002,Metadata,,I8;I15,,I15,,Reviewed as a final-state prohibition; replacement implementation and I15 removal validation are represented separately.,REVIEWED_CORRECTED,NONE,Metadata,I8
CAN-LAM-REMOVE-003,People and faces,,I7;I15,,I15,,Not applicable: generated broad template is superseded and cannot own implementation.,NOT_APPLICABLE,NOT_APPLICABLE,People and faces,I7
CAN-LAM-REVIEW-001,Jobs and notifications,,,,,,Reviewed as a non-implementation record or independent gate; no primary implementation phase is assigned.,NOT_APPLICABLE,NONE,Jobs and notifications,
CAN-LAM-SEARCH-001,Search and OCR,I10,I10;I15,,I15,,Label names semantic search; rewrite adds local matching and stale-data reporting.,REVIEWED_CORRECTED,NONE,Search and OCR,I10
CAN-LAM-SEARCH-002,Search and OCR,I10,I10;I15,,I15,,Label names search; rewrite adds local result provenance and stale reporting.,REVIEWED_CORRECTED,NONE,Search and OCR,I10
CAN-LAM-SEARCH-003,Search and OCR,I10,I10;I15,,I15,,Label names search results; rewrite adds provenance display and stale reporting.,REVIEWED_CORRECTED,NONE,Search and OCR,I10
CAN-LAM-SEARCH-004,Search and OCR,I10,I10;I15,,I15,,"Label names embedding production; rewrite adds provenance, rebuildability, and invalidation.",REVIEWED_CORRECTED,NONE,Search and OCR,I10
CAN-LAM-SEARCH-005,People and faces,I7,I7;I15,,I15,,Label states alternate-name search; rewrite adds the observable search result.,REVIEWED_CORRECTED,NONE,People and faces,I7
CAN-LAM-SEARCH-006,Search and OCR,I10,I10;I15,,I15,,Label names semantic search; rewrite adds provenance and stale reporting.,REVIEWED_CORRECTED,NONE,Search and OCR,I10
CAN-LAM-SEARCH-007,Albums and favorites,I5,I5;I15,,I15,,Album label; rewrite adds the filter result.,REVIEWED_CORRECTED,NONE,Albums and favorites,I5
CAN-LAM-SEARCH-008,Gallery and timeline,I5,I5;I15,,I15,,Favorites label; rewrite adds search and smart-view support.,REVIEWED_CORRECTED,NONE,Gallery and timeline,I5
CAN-LAM-SEARCH-009,Map and location,I5,I5;I15,,I15,,Label names location filters; rewrite adds filter results and reporting.,REVIEWED_CORRECTED,NONE,Map and location,I5
CAN-LAM-SEARCH-010,Planning and verification governance,,,,,,Reviewed as a non-implementation record or independent gate; no primary implementation phase is assigned.,NOT_APPLICABLE,NONE,Planning and verification governance,
CAN-LAM-SEARCH-011,Review Centre,I5,I5;I15,,I15,,Filter label; rewrite adds the observable filter result.,REVIEWED_CORRECTED,NONE,Review Centre,I5
CAN-LAM-SEARCH-012,Review Centre,I5,I5;I15,,I15,,Filter label; rewrite adds the observable filter result.,REVIEWED_CORRECTED,NONE,Review Centre,I5
CAN-LAM-SEARCH-013,Search and OCR,I10,I10;I15,,I15,,Architecture label; rewrite names the retained behavior.,REVIEWED_CORRECTED,NONE,Search and OCR,I10
CAN-LAM-SEARCH-014,Planning and verification governance,,,,,,Reviewed as a non-implementation record or independent gate; no primary implementation phase is assigned.,NOT_APPLICABLE,NONE,Planning and verification governance,
CAN-LAM-SEARCH-015,Planning and verification governance,,I0;I15,,,,Not applicable: generated broad template is superseded and cannot own implementation.,NOT_APPLICABLE,NOT_APPLICABLE,Planning and verification governance,
CAN-LAM-SEARCH-016,Administration,,I15,I15,I15,,Not applicable: generated broad template is superseded and cannot own implementation.,NOT_APPLICABLE,NOT_APPLICABLE,Administration,
CAN-LAM-SEARCH-017,Sharing and mobile backup,,I15,I15,I15,,Not applicable: generated broad template is superseded and cannot own implementation.,NOT_APPLICABLE,NOT_APPLICABLE,Sharing and mobile backup,
CAN-LAM-SEARCH-018,Local AI worker,,I15,I15,I15,,Not applicable: generated broad template is superseded and cannot own implementation.,NOT_APPLICABLE,NOT_APPLICABLE,Local AI worker,
CAN-LAM-SEARCH-019,Media ingestion and derivation,,I5;I15,,I15,,Not applicable: generated broad template is superseded and cannot own implementation.,NOT_APPLICABLE,NOT_APPLICABLE,Asset viewer,I5
CAN-LAM-TEST-001,Planning and verification governance,,I0;I15,,,,Not applicable: generated broad template is superseded and cannot own implementation.,NOT_APPLICABLE,NOT_APPLICABLE,Planning and verification governance,
CAN-LAM-TEST-002,Planning and verification governance,,I0;I15,,,,Not applicable: generated broad template is superseded and cannot own implementation.,NOT_APPLICABLE,NOT_APPLICABLE,Planning and verification governance,
CAN-LAM-TEST-003,Planning and verification governance,,I0;I15,,,,Not applicable: generated broad template is superseded and cannot own implementation.,NOT_APPLICABLE,NOT_APPLICABLE,Planning and verification governance,
CAN-LAM-TEST-004,Planning and verification governance,,I0;I15,,,,Not applicable: generated broad template is superseded and cannot own implementation.,NOT_APPLICABLE,NOT_APPLICABLE,Planning and verification governance,
CAN-LAM-TEST-005,Planning and verification governance,,I15,I15,I15,,Not applicable: generated broad template is superseded and cannot own implementation.,NOT_APPLICABLE,NOT_APPLICABLE,Planning and verification governance,
CAN-LAM-TEST-006,Planning and verification governance,,I0;I15,,,,Not applicable: generated broad template is superseded and cannot own implementation.,NOT_APPLICABLE,NOT_APPLICABLE,Planning and verification governance,
CAN-LAM-TEST-007,Planning and verification governance,,I15,I15,I15,,Not applicable: generated broad template is superseded and cannot own implementation.,NOT_APPLICABLE,NOT_APPLICABLE,Planning and verification governance,
CAN-LAM-TEST-008,Planning and verification governance,,I0;I15,,,,Not applicable: generated broad template is superseded and cannot own implementation.,NOT_APPLICABLE,NOT_APPLICABLE,Planning and verification governance,
CAN-LAM-TEST-009,Planning and verification governance,,I0;I15,,,,Not applicable: generated broad template is superseded and cannot own implementation.,NOT_APPLICABLE,NOT_APPLICABLE,Planning and verification governance,
CAN-LAM-TEST-010,Planning and verification governance,,I0;I15,,,,Not applicable: generated broad template is superseded and cannot own implementation.,NOT_APPLICABLE,NOT_APPLICABLE,Planning and verification governance,
CAN-LAM-TEST-011,Planning and verification governance,,I15,I15,I15,,Not applicable: generated broad template is superseded and cannot own implementation.,NOT_APPLICABLE,NOT_APPLICABLE,Planning and verification governance,
CAN-LAM-TEST-012,Planning and verification governance,,I15,I15,I15,,Not applicable: generated broad template is superseded and cannot own implementation.,NOT_APPLICABLE,NOT_APPLICABLE,Planning and verification governance,
CAN-LAM-TEST-013,Planning and verification governance,,I15,I15,I15,,Not applicable: generated broad template is superseded and cannot own implementation.,NOT_APPLICABLE,NOT_APPLICABLE,Planning and verification governance,
CAN-LAM-TEST-014,Desktop shell,,I0;I15,,,,Not applicable: generated broad template is superseded and cannot own implementation.,NOT_APPLICABLE,NOT_APPLICABLE,Desktop shell,
CAN-LAM-TEST-015,Asset viewer,,I0;I15,,,,Not applicable: generated broad template is superseded and cannot own implementation.,NOT_APPLICABLE,NOT_APPLICABLE,Asset viewer,
CAN-LAM-TEST-016,Planning and verification governance,,I0;I15,,,,Not applicable: generated broad template is superseded and cannot own implementation.,NOT_APPLICABLE,NOT_APPLICABLE,Planning and verification governance,
CAN-LAM-TEST-017,Planning and verification governance,,I0;I15,,,,Not applicable: generated broad template is superseded and cannot own implementation.,NOT_APPLICABLE,NOT_APPLICABLE,Planning and verification governance,
CAN-LAM-TEST-018,Planning and verification governance,,I0;I15,,,,Not applicable: generated broad template is superseded and cannot own implementation.,NOT_APPLICABLE,NOT_APPLICABLE,Planning and verification governance,
CAN-LAM-TEST-019,Planning and verification governance,,I0;I15,,,,Not applicable: generated broad template is superseded and cannot own implementation.,NOT_APPLICABLE,NOT_APPLICABLE,Planning and verification governance,
CAN-LAM-TEST-020,Active-plan authority adoption,I0,I0;I15,,,,Replaced a one-word risk field with a risk-to-test traceability gate.,REVIEWED_CORRECTED,NONE,Planning and verification governance,
CAN-LAM-TEST-021,Active-plan authority adoption,I0,I0;I15,,,,Expanded a short completion warning into an observable package transition rule.,REVIEWED_CORRECTED,NONE,Planning and verification governance,
CAN-LAM-TEST-022,Planning and verification governance,,,,I15,,Handoff field label; reclassified as a coverage constraint.,NOT_APPLICABLE,NONE,Planning and verification governance,
CAN-LAM-TEST-023,Planning and verification governance,,I0;I15,,,,Not applicable: generated broad template is superseded and cannot own implementation.,NOT_APPLICABLE,NOT_APPLICABLE,Planning and verification governance,
CAN-LAM-TEST-024,Planning and verification governance,,I0;I15,,,,Not applicable: generated broad template is superseded and cannot own implementation.,NOT_APPLICABLE,NOT_APPLICABLE,Planning and verification governance,
CAN-LAM-TEST-025,Planning and verification governance,,I0;I15,,,,Not applicable: generated broad template is superseded and cannot own implementation.,NOT_APPLICABLE,NOT_APPLICABLE,Planning and verification governance,
CAN-LAM-TEST-026,Planning and verification governance,,I0;I15,,,,Not applicable: generated broad template is superseded and cannot own implementation.,NOT_APPLICABLE,NOT_APPLICABLE,Planning and verification governance,
CAN-LAM-TEST-027,Planning and verification governance,,I0;I15,,,,Not applicable: generated broad template is superseded and cannot own implementation.,NOT_APPLICABLE,NOT_APPLICABLE,Planning and verification governance,
CAN-LAM-TEST-028,Planning and verification governance,,I0;I15,,,,Not applicable: generated broad template is superseded and cannot own implementation.,NOT_APPLICABLE,NOT_APPLICABLE,Planning and verification governance,
CAN-LAM-TEST-029,Planning and verification governance,,I0;I15,,,,Not applicable: generated broad template is superseded and cannot own implementation.,NOT_APPLICABLE,NOT_APPLICABLE,Planning and verification governance,
CAN-LAM-TEST-030,Planning and verification governance,,I0;I15,,,,Not applicable: generated broad template is superseded and cannot own implementation.,NOT_APPLICABLE,NOT_APPLICABLE,Planning and verification governance,
CAN-LAM-TEST-031,Planning and verification governance,,I0;I15,,,,Not applicable: generated broad template is superseded and cannot own implementation.,NOT_APPLICABLE,NOT_APPLICABLE,Planning and verification governance,
CAN-LAM-TEST-032,Planning and verification governance,,I0;I15,,,,Not applicable: generated broad template is superseded and cannot own implementation.,NOT_APPLICABLE,NOT_APPLICABLE,Planning and verification governance,
CAN-LAM-TEST-033,Planning and verification governance,,,,,,Reviewed as a non-implementation record or independent gate; no primary implementation phase is assigned.,NOT_APPLICABLE,NONE,Planning and verification governance,
CAN-LAM-TRANSACTION-001,Filesystem transactions and recovery,I3,I3;I15,,I15,CAN-LAM-TRANSACTION-001,"Reviewed as Authoritative Data and Transaction Foundation work because the obligation's primary implementation surface is Filesystem transactions and recovery; integration verification, removal, and release responsibilities remain separate.",REVIEWED_CORRECTED,NONE,Local data authority,I3
CAN-LAM-TRANSACTION-002,Sidecars and metadata authority,I3,I3;I15,,I15,,Label names operation journals; rewrite adds typed state and commit truthfulness.,REVIEWED_CORRECTED,NONE,Sidecars and metadata authority,I3
CAN-LAM-TRANSACTION-003,Planning and verification governance,,,,,,Reviewed as a non-implementation record or independent gate; no primary implementation phase is assigned.,NOT_APPLICABLE,NONE,Planning and verification governance,
CAN-LAM-TRANSACTION-004,Asset identity and records,,I5;I15,,I15,,Not applicable: generated broad template is superseded and cannot own implementation.,NOT_APPLICABLE,NOT_APPLICABLE,Gallery and timeline,I5
CAN-LAM-TRANSACTION-005,Planning and verification governance,,,,,,Reviewed as a non-implementation record or independent gate; no primary implementation phase is assigned.,NOT_APPLICABLE,NONE,Planning and verification governance,
CAN-LAM-TRANSACTION-006,Authentication and users,,I15,I15,I15,,Not applicable: generated broad template is superseded and cannot own implementation.,NOT_APPLICABLE,NOT_APPLICABLE,Authentication and users,
CAN-LAM-TRANSACTION-007,Planning and verification governance,,,,I15,,Not applicable: generated broad template is superseded and cannot own implementation.,NOT_APPLICABLE,NOT_APPLICABLE,Planning and verification governance,
CAN-LAM-TRANSACTION-008,Planning and verification governance,,I0;I15,,,,Not applicable: generated broad template is superseded and cannot own implementation.,NOT_APPLICABLE,NOT_APPLICABLE,Planning and verification governance,
CAN-LAM-TRANSACTION-009,Planning and verification governance,,I0;I15,,,,Not applicable: generated broad template is superseded and cannot own implementation.,NOT_APPLICABLE,NOT_APPLICABLE,Planning and verification governance,
CAN-LAM-TRANSACTION-010,Planning and verification governance,,,I15,I15,,Not applicable: generated broad template is superseded and cannot own implementation.,NOT_APPLICABLE,NOT_APPLICABLE,Planning and verification governance,
CAN-LAM-TRANSACTION-011,Filesystem transactions and recovery,,I3;I15,,I15,,Not applicable: generated broad template is superseded and cannot own implementation.,NOT_APPLICABLE,NOT_APPLICABLE,Local data authority,I3
CAN-LAM-TRANSACTION-012,External drives and path resilience,I12,I12;I15,,I15,,Phase label; rewrite adds determinism boundary.,REVIEWED_CORRECTED,NONE,External drives and path resilience,I12
CAN-LAM-TRANSACTION-013,"Backup, trash, restore and rebuild",,I13;I15,,I15,,Not applicable: generated broad template is superseded and cannot own implementation.,NOT_APPLICABLE,NOT_APPLICABLE,Sharing and mobile backup,I13
CAN-LAM-TRASH-001,"Backup, trash, restore and rebuild",,I13;I15,,I15,,Not applicable: generated broad template is superseded and cannot own implementation.,NOT_APPLICABLE,NOT_APPLICABLE,Local data authority,I13
CAN-LAM-TRASH-002,"Backup, trash, restore and rebuild",I13,I13;I15,,I15,,Label names trash; rewrite adds reversibility and restore results.,REVIEWED_CORRECTED,NONE,"Backup, trash, restore and rebuild",I13
CAN-LAM-TRASH-003,"Backup, trash, restore and rebuild",I13,I13;I15,,I15,,Label names reversible trash; rewrite adds reversibility and restore results.,REVIEWED_CORRECTED,NONE,"Backup, trash, restore and rebuild",I13
CAN-LAM-TRASH-004,"Backup, trash, restore and rebuild",I13,I5;I15,,I15,,Final statement concerns reversible trash state and belongs to the trash/restore subsystem.,REVIEWED_CORRECTED,NONE,Asset identity and records,I3
CAN-LAM-TRASH-005,Local data authority,,I15,I15,I15,,Not applicable: generated broad template is superseded and cannot own implementation.,NOT_APPLICABLE,NOT_APPLICABLE,Local data authority,
CAN-LAM-TRASH-006,"Backup, trash, restore and rebuild",,I13;I15,,I15,,Not applicable: generated broad template is superseded and cannot own implementation.,NOT_APPLICABLE,NOT_APPLICABLE,Local data authority,I13
CAN-LAM-TRASH-007,Local data authority,,I0;I15,,,,Not applicable: generated broad template is superseded and cannot own implementation.,NOT_APPLICABLE,NOT_APPLICABLE,Local data authority,
CAN-LAM-UI-002,Gallery and timeline,,I5;I15,,I15,,Not applicable: generated broad template is superseded and cannot own implementation.,NOT_APPLICABLE,NOT_APPLICABLE,Gallery and timeline,I5
CAN-MISSION-I0-001,Repository proof and feasibility,I0,I0;I15,,I15,,Reviewed as an I0 safety/baseline obligation from the mission-owned Phase 0 registry.,REVIEWED_CORRECTED,NONE,Desktop shell,I0
CAN-MISSION-I0-002,Repository proof and feasibility,I0,I0;I15,,I15,,Reviewed as an I0 safety/baseline obligation from the mission-owned Phase 0 registry.,REVIEWED_CORRECTED,NONE,Desktop shell,I0
CAN-MISSION-I0-003,Repository proof and feasibility,I0,I0;I15,,I15,,Reviewed as an I0 safety/baseline obligation from the mission-owned Phase 0 registry.,REVIEWED_CORRECTED,NONE,Desktop shell,I0
CAN-MISSION-I0-004,Repository proof and feasibility,I0,I0;I15,,I15,,Reviewed as an I0 safety/baseline obligation from the mission-owned Phase 0 registry.,REVIEWED_CORRECTED,NONE,Desktop shell,I0
CAN-MISSION-I0-005,Repository proof and feasibility,I0,I0;I15,,I15,,Reviewed as an I0 safety/baseline obligation from the mission-owned Phase 0 registry.,REVIEWED_CORRECTED,NONE,Desktop shell,I0
CAN-MISSION-I0-006,Repository proof and feasibility,I0,I0;I15,,I15,,Reviewed as an I0 safety/baseline obligation from the mission-owned Phase 0 registry.,REVIEWED_CORRECTED,NONE,Desktop shell,I0
CAN-MISSION-I0-007,Repository proof and feasibility,I0,I0;I15,,I15,,Reviewed as an I0 safety/baseline obligation from the mission-owned Phase 0 registry.,REVIEWED_CORRECTED,NONE,Desktop shell,I0
CAN-MISSION-I0-008,Repository proof and feasibility,I0,I0;I15,,I15,,Reviewed as an I0 safety/baseline obligation from the mission-owned Phase 0 registry.,REVIEWED_CORRECTED,NONE,Desktop shell,I0
CAN-MISSION-I0-009,Repository proof and feasibility,I0,I0;I15,,I15,,Reviewed as an I0 safety/baseline obligation from the mission-owned Phase 0 registry.,REVIEWED_CORRECTED,NONE,Desktop shell,I0
CAN-MISSION-I0-010,Repository proof and feasibility,I0,I0;I15,,I15,,Reviewed as an I0 safety/baseline obligation from the mission-owned Phase 0 registry.,REVIEWED_CORRECTED,NONE,Desktop shell,I0
CAN-MISSION-I0-011,Repository proof and feasibility,I0,I0;I15,,I15,,Reviewed as an I0 safety/baseline obligation from the mission-owned Phase 0 registry.,REVIEWED_CORRECTED,NONE,Desktop shell,I0
CAN-MISSION-I14-001,Performance and scale,I14,I14;I15,,I15,,"I14 performance validation is performance measurement, not a gallery feature.",REVIEWED_CORRECTED,NONE,Performance and scale,I14
CAN-MISSION-I14-002,Gallery and timeline,I14,I14;I15,,I15,,"Reviewed as Performance, Accessibility, and Desktop UX work because the obligation's primary implementation surface is Gallery and timeline; integration verification, removal, and release responsibilities remain separate.",REVIEWED_CONFIRMED,NONE,Gallery and timeline,I14
CAN-MISSION-I14-003,Jobs and notifications,I14,I14;I15,,I15,,I14 background-job responsiveness validation is a jobs/notifications obligation.,REVIEWED_CORRECTED,NONE,Jobs and notifications,I14
CAN-MISSION-I14-004,Performance and scale,I14,I14;I15,,I15,,I14 cross-platform performance/accessibility evidence is performance measurement.,REVIEWED_CORRECTED,NONE,Performance and scale,I14
CAN-MISSION-I15-001,Packaging and legacy eradication,I15,I15,,I15,,Clean-machine packaging obligation belongs to Packaging and legacy eradication.,REVIEWED_CORRECTED,NONE,Packaging and legacy eradication,I15
CAN-MISSION-I15-002,Packaging and legacy eradication,I15,I15,,I15,,"Reviewed as Packaging, Legacy Eradication, and Release work because the obligation's primary implementation surface is Packaging and legacy eradication; integration verification, removal, and release responsibilities remain separate.",REVIEWED_CORRECTED,NONE,Administration,I15
CAN-MISSION-I15-003,Packaging and legacy eradication,I15,I15,,I15,,Final outbound-traffic verification belongs to Packaging and legacy eradication.,REVIEWED_CORRECTED,NONE,Packaging and legacy eradication,I15
CAN-SECTION-0001,Desktop shell,,I2;I15,I15,I15,,Not applicable: generated broad template is superseded and cannot own implementation.,NOT_APPLICABLE,NOT_APPLICABLE,Desktop shell,I2
CAN-SECTION-0002,Metadata,,I10;I15,I15,I15,,Not applicable: generated broad template is superseded and cannot own implementation.,NOT_APPLICABLE,NOT_APPLICABLE,Metadata,I10
CAN-SECTION-0003,Events and organization,,I6;I15,I15,I15,,Not applicable: generated broad template is superseded and cannot own implementation.,NOT_APPLICABLE,NOT_APPLICABLE,Events and organization,I6
CAN-SECTION-0004,Local AI worker,,I10;I15,I15,I15,,Not applicable: generated broad template is superseded and cannot own implementation.,NOT_APPLICABLE,NOT_APPLICABLE,Local AI worker,I10
CAN-SECTION-0005,Local data authority,,I3;I15,I15,I15,,Not applicable: generated broad template is superseded and cannot own implementation.,NOT_APPLICABLE,NOT_APPLICABLE,Local data authority,I3
CAN-SECTION-0006,Asset viewer,,I10;I15,I15,I15,,Not applicable: generated broad template is superseded and cannot own implementation.,NOT_APPLICABLE,NOT_APPLICABLE,Asset viewer,I10
CAN-SECTION-0007,People and faces,,I7;I15,I15,I15,,Not applicable: generated broad template is superseded and cannot own implementation.,NOT_APPLICABLE,NOT_APPLICABLE,People and faces,I7
CAN-SECTION-0008,Libraries and storage,,I4;I15,I15,I15,,Not applicable: generated broad template is superseded and cannot own implementation.,NOT_APPLICABLE,NOT_APPLICABLE,Libraries and storage,I4
CAN-SECTION-0009,Review Centre,,I10;I15,I15,I15,,Not applicable: generated broad template is superseded and cannot own implementation.,NOT_APPLICABLE,NOT_APPLICABLE,Review Centre,I10
CAN-SECTION-0010,Sharing and mobile backup,,I13;I15,I15,I15,,Not applicable: generated broad template is superseded and cannot own implementation.,NOT_APPLICABLE,NOT_APPLICABLE,Sharing and mobile backup,I13
CAN-SECTION-0011,Authentication and users,,I2;I15,I15,I15,,Not applicable: generated broad template is superseded and cannot own implementation.,NOT_APPLICABLE,NOT_APPLICABLE,Authentication and users,I2
CAN-SECTION-0012,Editing,,I11;I15,I15,I15,,Not applicable: generated broad template is superseded and cannot own implementation.,NOT_APPLICABLE,NOT_APPLICABLE,Editing,I11
CAN-SECTION-0013,Search and OCR,,I10;I15,,I15,,Not applicable: generated broad template is superseded and cannot own implementation.,NOT_APPLICABLE,NOT_APPLICABLE,Search and OCR,I10
CAN-SECTION-0014,Search and OCR,,I10;I15,,I15,,Not applicable: generated broad template is superseded and cannot own implementation.,NOT_APPLICABLE,NOT_APPLICABLE,Search and OCR,I10
CAN-SECTION-0015,Review Centre,,I5;I15,,I15,,Not applicable: generated broad template is superseded and cannot own implementation.,NOT_APPLICABLE,NOT_APPLICABLE,Review Centre,I5
CAN-SECTION-0016,People and faces,,I7;I15,,I15,,Not applicable: generated broad template is superseded and cannot own implementation.,NOT_APPLICABLE,NOT_APPLICABLE,People and faces,I7
CAN-SECTION-0017,Local data authority,,I4;I15,,I15,,Not applicable: generated broad template is superseded and cannot own implementation.,NOT_APPLICABLE,NOT_APPLICABLE,Metadata,I4
CAN-SECTION-0018,Local AI worker,,I10;I15,,I15,,Not applicable: generated broad template is superseded and cannot own implementation.,NOT_APPLICABLE,NOT_APPLICABLE,Local AI worker,I10
CAN-SECTION-0019,Search and OCR,,I10;I15,,I15,,Not applicable: generated broad template is superseded and cannot own implementation.,NOT_APPLICABLE,NOT_APPLICABLE,Search and OCR,I10
CAN-SECTION-0020,Jobs and notifications,,I10;I15,,I15,,Not applicable: generated broad template is superseded and cannot own implementation.,NOT_APPLICABLE,NOT_APPLICABLE,Jobs and notifications,I10
CAN-SECTION-0021,Local AI worker,,I10;I15,,I15,,Not applicable: generated broad template is superseded and cannot own implementation.,NOT_APPLICABLE,NOT_APPLICABLE,Local AI worker,I10
CAN-SECTION-0022,Duplicates,,I10;I15,,I15,,Not applicable: generated broad template is superseded and cannot own implementation.,NOT_APPLICABLE,NOT_APPLICABLE,Duplicates,I10
CAN-SECTION-0023,Metadata,,I7;I15,,I15,,Not applicable: generated broad template is superseded and cannot own implementation.,NOT_APPLICABLE,NOT_APPLICABLE,Metadata,I7
CAN-SECTION-0024,Review Centre,,I5;I15,,I15,,Not applicable: generated broad template is superseded and cannot own implementation.,NOT_APPLICABLE,NOT_APPLICABLE,Review Centre,I5
CAN-SECTION-0025,Search and OCR,,I10;I15,,I15,,Not applicable: generated broad template is superseded and cannot own implementation.,NOT_APPLICABLE,NOT_APPLICABLE,Search and OCR,I10
CAN-SECTION-0026,Local AI worker,,I10;I15,,I15,,Not applicable: generated broad template is superseded and cannot own implementation.,NOT_APPLICABLE,NOT_APPLICABLE,Local AI worker,I10
CAN-SECTION-0027,Legal and rebranding,,I10;I15,,I15,,Not applicable: generated broad template is superseded and cannot own implementation.,NOT_APPLICABLE,NOT_APPLICABLE,Local AI worker,I10
CAN-SECTION-0028,Local AI worker,,I10;I15,,I15,,Not applicable: generated broad template is superseded and cannot own implementation.,NOT_APPLICABLE,NOT_APPLICABLE,Local AI worker,I10
CAN-SECTION-0029,Legal and rebranding,,I10;I15,,I15,,Not applicable: generated broad template is superseded and cannot own implementation.,NOT_APPLICABLE,NOT_APPLICABLE,Local AI worker,I10
CAN-SECTION-0030,Legal and rebranding,,I1;I15,,I15,,Not applicable: generated broad template is superseded and cannot own implementation.,NOT_APPLICABLE,NOT_APPLICABLE,Legal and rebranding,I1
CAN-SECTION-0031,Duplicates,,I10;I15,,I15,,Not applicable: generated broad template is superseded and cannot own implementation.,NOT_APPLICABLE,NOT_APPLICABLE,Duplicates,I10
CAN-SECTION-0032,Tags,,I8;I15,,I15,,Not applicable: generated broad template is superseded and cannot own implementation.,NOT_APPLICABLE,NOT_APPLICABLE,Tags,I8
CAN-SECTION-0033,Mind-map projections,,I5;I15,,I15,,Not applicable: generated broad template is superseded and cannot own implementation.,NOT_APPLICABLE,NOT_APPLICABLE,Map and location,I5
CAN-SECTION-0034,Albums and favorites,,I5;I15,,I15,,Not applicable: generated broad template is superseded and cannot own implementation.,NOT_APPLICABLE,NOT_APPLICABLE,Albums and favorites,I5
CAN-SECTION-0035,Gallery and timeline,,I5;I15,,I15,,Not applicable: generated broad template is superseded and cannot own implementation.,NOT_APPLICABLE,NOT_APPLICABLE,Gallery and timeline,I5
CAN-SECTION-0036,Memories,,I5;I15,,I15,,Not applicable: generated broad template is superseded and cannot own implementation.,NOT_APPLICABLE,NOT_APPLICABLE,Memories,I5
CAN-SECTION-0037,Jobs and notifications,,I10;I15,,I15,,Not applicable: generated broad template is superseded and cannot own implementation.,NOT_APPLICABLE,NOT_APPLICABLE,Jobs and notifications,I10
CAN-SECTION-0038,Map and location,,I5;I15,,I15,,Not applicable: generated broad template is superseded and cannot own implementation.,NOT_APPLICABLE,NOT_APPLICABLE,Map and location,I5
CAN-SECTION-0039,Events and organization,,I6;I15,,I15,,Not applicable: generated broad template is superseded and cannot own implementation.,NOT_APPLICABLE,NOT_APPLICABLE,Map and location,I6
CAN-SECTION-0040,Events and organization,,I6;I15,,I15,,Not applicable: generated broad template is superseded and cannot own implementation.,NOT_APPLICABLE,NOT_APPLICABLE,Events and organization,I6
CAN-SECTION-0041,Sidecars and metadata authority,,I4;I15,,I15,,Not applicable: generated broad template is superseded and cannot own implementation.,NOT_APPLICABLE,NOT_APPLICABLE,Metadata,I4
CAN-SECTION-0042,Tags,,I8;I15,,I15,,Not applicable: generated broad template is superseded and cannot own implementation.,NOT_APPLICABLE,NOT_APPLICABLE,Tags,I8
CAN-SECTION-0043,Duplicates,,I10;I15,,I15,,Not applicable: generated broad template is superseded and cannot own implementation.,NOT_APPLICABLE,NOT_APPLICABLE,Duplicates,I10
CAN-SECTION-0044,Map and location,,I5;I15,,I15,,Not applicable: generated broad template is superseded and cannot own implementation.,NOT_APPLICABLE,NOT_APPLICABLE,Map and location,I5
CAN-SECTION-0045,Events and organization,,I6;I15,,I15,,Not applicable: generated broad template is superseded and cannot own implementation.,NOT_APPLICABLE,NOT_APPLICABLE,Events and organization,I6
CAN-SECTION-0046,Events and organization,,I6;I15,,I15,,Not applicable: generated broad template is superseded and cannot own implementation.,NOT_APPLICABLE,NOT_APPLICABLE,Metadata,I6
CAN-SECTION-0047,Events and organization,,I6;I15,,I15,,Not applicable: generated broad template is superseded and cannot own implementation.,NOT_APPLICABLE,NOT_APPLICABLE,Events and organization,I6
CAN-SECTION-0048,Asset identity and records,,I5;I15,,I15,,Not applicable: generated broad template is superseded and cannot own implementation.,NOT_APPLICABLE,NOT_APPLICABLE,Asset viewer,I5
CAN-SECTION-0049,Gallery and timeline,,I5;I15,,I15,,Not applicable: generated broad template is superseded and cannot own implementation.,NOT_APPLICABLE,NOT_APPLICABLE,Gallery and timeline,I5
CAN-SECTION-0050,Asset viewer,,I5;I15,,I15,,Not applicable: generated broad template is superseded and cannot own implementation.,NOT_APPLICABLE,NOT_APPLICABLE,Asset viewer,I5
CAN-SECTION-0051,Media ingestion and derivation,,I4;I15,,I15,,Not applicable: generated broad template is superseded and cannot own implementation.,NOT_APPLICABLE,NOT_APPLICABLE,Libraries and storage,I4
CAN-SECTION-0052,Media ingestion and derivation,,I10;I15,,I15,,Not applicable: generated broad template is superseded and cannot own implementation.,NOT_APPLICABLE,NOT_APPLICABLE,Duplicates,I10
CAN-SECTION-0053,Sidecars and metadata authority,,I4;I15,,I15,,Not applicable: generated broad template is superseded and cannot own implementation.,NOT_APPLICABLE,NOT_APPLICABLE,Metadata,I4
CAN-SECTION-0054,Events and organization,,I6;I15,,I15,,Not applicable: generated broad template is superseded and cannot own implementation.,NOT_APPLICABLE,NOT_APPLICABLE,Events and organization,I6
CAN-SECTION-0055,Events and organization,,I6;I15,,I15,,Not applicable: generated broad template is superseded and cannot own implementation.,NOT_APPLICABLE,NOT_APPLICABLE,Events and organization,I6
CAN-SECTION-0056,Events and organization,,I6;I15,,I15,,Not applicable: generated broad template is superseded and cannot own implementation.,NOT_APPLICABLE,NOT_APPLICABLE,Map and location,I6
CAN-SECTION-0057,People and faces,,I7;I15,,I15,,Not applicable: generated broad template is superseded and cannot own implementation.,NOT_APPLICABLE,NOT_APPLICABLE,People and faces,I7
CAN-SECTION-0058,People and faces,,I7;I15,,I15,,Not applicable: generated broad template is superseded and cannot own implementation.,NOT_APPLICABLE,NOT_APPLICABLE,People and faces,I7
CAN-SECTION-0059,People and faces,,I7;I15,,I15,,Not applicable: generated broad template is superseded and cannot own implementation.,NOT_APPLICABLE,NOT_APPLICABLE,People and faces,I7
CAN-SECTION-0060,Relationships and attribution,,I8;I15,,I15,,Not applicable: generated broad template is superseded and cannot own implementation.,NOT_APPLICABLE,NOT_APPLICABLE,People and faces,I8
CAN-SECTION-0061,People and faces,,I8;I15,,I15,,Not applicable: generated broad template is superseded and cannot own implementation.,NOT_APPLICABLE,NOT_APPLICABLE,People and faces,I8
CAN-SECTION-0062,Jobs and notifications,,I10;I15,,I15,,Not applicable: generated broad template is superseded and cannot own implementation.,NOT_APPLICABLE,NOT_APPLICABLE,Jobs and notifications,I10
CAN-SECTION-0063,Metadata,,I4;I15,,I15,,Not applicable: generated broad template is superseded and cannot own implementation.,NOT_APPLICABLE,NOT_APPLICABLE,Metadata,I4
CAN-SECTION-0064,Libraries and storage,,I4;I15,,I15,,Not applicable: generated broad template is superseded and cannot own implementation.,NOT_APPLICABLE,NOT_APPLICABLE,Libraries and storage,I4
CAN-SECTION-0065,Events and organization,,I4;I15,,I15,,Not applicable: generated broad template is superseded and cannot own implementation.,NOT_APPLICABLE,NOT_APPLICABLE,Libraries and storage,I4
CAN-SECTION-0066,Events and organization,,I6;I15,,I15,,Not applicable: generated broad template is superseded and cannot own implementation.,NOT_APPLICABLE,NOT_APPLICABLE,Events and organization,I6
CAN-SECTION-0067,Tags,,I8;I15,,I15,,Not applicable: generated broad template is superseded and cannot own implementation.,NOT_APPLICABLE,NOT_APPLICABLE,Tags,I8
CAN-SECTION-0068,Tags,,I8;I15,,I15,,Not applicable: generated broad template is superseded and cannot own implementation.,NOT_APPLICABLE,NOT_APPLICABLE,Tags,I8
CAN-SECTION-0069,Review Centre,,I5;I15,,I15,,Not applicable: generated broad template is superseded and cannot own implementation.,NOT_APPLICABLE,NOT_APPLICABLE,Review Centre,I5
CAN-SECTION-0070,Relationships and attribution,,I8;I15,,I15,,Not applicable: generated broad template is superseded and cannot own implementation.,NOT_APPLICABLE,NOT_APPLICABLE,Metadata,I8
CAN-SECTION-0071,Asset viewer,,I5;I15,,I15,,Not applicable: generated broad template is superseded and cannot own implementation.,NOT_APPLICABLE,NOT_APPLICABLE,Review Centre,I5
CAN-SECTION-0072,Asset viewer,,I4;I15,,I15,,Not applicable: generated broad template is superseded and cannot own implementation.,NOT_APPLICABLE,NOT_APPLICABLE,Metadata,I4
CAN-SECTION-0073,Local AI worker,,I11;I15,,I15,,Not applicable: generated broad template is superseded and cannot own implementation.,NOT_APPLICABLE,NOT_APPLICABLE,Editing,I11
CAN-SECTION-0074,Relationships and attribution,,I4;I15,,I15,,Not applicable: generated broad template is superseded and cannot own implementation.,NOT_APPLICABLE,NOT_APPLICABLE,Metadata,I4
CAN-SECTION-0075,Local AI worker,,I10;I15,,I15,,Not applicable: generated broad template is superseded and cannot own implementation.,NOT_APPLICABLE,NOT_APPLICABLE,Local AI worker,I10
CAN-SECTION-0076,Search and OCR,,I10;I15,,I15,,Not applicable: generated broad template is superseded and cannot own implementation.,NOT_APPLICABLE,NOT_APPLICABLE,Search and OCR,I10
CAN-SECTION-0077,Map and location,,I5;I15,,I15,,Not applicable: generated broad template is superseded and cannot own implementation.,NOT_APPLICABLE,NOT_APPLICABLE,Map and location,I5
CAN-SECTION-0078,Local AI worker,,I10;I15,,I15,,Not applicable: generated broad template is superseded and cannot own implementation.,NOT_APPLICABLE,NOT_APPLICABLE,Local AI worker,I10
CAN-SECTION-0079,Duplicates,,I10;I15,,I15,,Not applicable: generated broad template is superseded and cannot own implementation.,NOT_APPLICABLE,NOT_APPLICABLE,Duplicates,I10
CAN-SECTION-0080,Search and OCR,,I10;I15,,I15,,Not applicable: generated broad template is superseded and cannot own implementation.,NOT_APPLICABLE,NOT_APPLICABLE,Search and OCR,I10
CAN-SECTION-0081,Local AI worker,,I10;I15,,I15,,Not applicable: generated broad template is superseded and cannot own implementation.,NOT_APPLICABLE,NOT_APPLICABLE,Local AI worker,I10
CAN-SECTION-0082,Albums and favorites,,I5;I15,,I15,,Not applicable: generated broad template is superseded and cannot own implementation.,NOT_APPLICABLE,NOT_APPLICABLE,Albums and favorites,I5
CAN-SECTION-0083,Gallery and timeline,,I5;I15,,I15,,Not applicable: generated broad template is superseded and cannot own implementation.,NOT_APPLICABLE,NOT_APPLICABLE,Gallery and timeline,I5
CAN-SECTION-0084,Metadata,,I4;I15,,I15,,Not applicable: generated broad template is superseded and cannot own implementation.,NOT_APPLICABLE,NOT_APPLICABLE,Metadata,I4
CAN-SECTION-0085,Memories,,I5;I15,,I15,,Not applicable: generated broad template is superseded and cannot own implementation.,NOT_APPLICABLE,NOT_APPLICABLE,Memories,I5
CAN-SECTION-0086,Albums and favorites,,I5;I15,,I15,,Not applicable: generated broad template is superseded and cannot own implementation.,NOT_APPLICABLE,NOT_APPLICABLE,Albums and favorites,I5
CAN-SECTION-0087,Map and location,,I5;I15,,I15,,Not applicable: generated broad template is superseded and cannot own implementation.,NOT_APPLICABLE,NOT_APPLICABLE,Map and location,I5
CAN-SECTION-0088,Albums and favorites,,I5;I15,,I15,,Not applicable: generated broad template is superseded and cannot own implementation.,NOT_APPLICABLE,NOT_APPLICABLE,Albums and favorites,I5
CAN-SECTION-0089,Tags,,I8;I15,,I15,,Not applicable: generated broad template is superseded and cannot own implementation.,NOT_APPLICABLE,NOT_APPLICABLE,Tags,I8
CAN-SECTION-0090,Jobs and notifications,,I5;I15,,I15,,Not applicable: generated broad template is superseded and cannot own implementation.,NOT_APPLICABLE,NOT_APPLICABLE,Jobs and notifications,I5
CAN-SECTION-0091,Review Centre,,I5;I15,,I15,,Not applicable: generated broad template is superseded and cannot own implementation.,NOT_APPLICABLE,NOT_APPLICABLE,Review Centre,I5
CAN-SECTION-0092,Filesystem transactions and recovery,,I4;I15,,I15,,Not applicable: generated broad template is superseded and cannot own implementation.,NOT_APPLICABLE,NOT_APPLICABLE,Libraries and storage,I4
CAN-SECTION-0093,Filesystem transactions and recovery,,I10;I15,,I15,,Not applicable: generated broad template is superseded and cannot own implementation.,NOT_APPLICABLE,NOT_APPLICABLE,Duplicates,I10
CAN-SECTION-0094,Filesystem transactions and recovery,,I4;I15,,I15,,Not applicable: generated broad template is superseded and cannot own implementation.,NOT_APPLICABLE,NOT_APPLICABLE,Metadata,I4
CAN-SECTION-0095,Media ingestion and derivation,,I10;I15,,I15,,Not applicable: generated broad template is superseded and cannot own implementation.,NOT_APPLICABLE,NOT_APPLICABLE,Duplicates,I10
CAN-SECTION-0096,Media ingestion and derivation,,I4;I15,,I15,,Not applicable: generated broad template is superseded and cannot own implementation.,NOT_APPLICABLE,NOT_APPLICABLE,Metadata,I4
CAN-SECTION-0097,Editing,,I4;I15,,I15,,Not applicable: generated broad template is superseded and cannot own implementation.,NOT_APPLICABLE,NOT_APPLICABLE,Metadata,I4
CAN-SECTION-0098,Map and location,,I5;I15,,I15,,Not applicable: generated broad template is superseded and cannot own implementation.,NOT_APPLICABLE,NOT_APPLICABLE,Map and location,I5
CAN-SECTION-0099,Settings,,I3;I15,,I15,,Not applicable: generated broad template is superseded and cannot own implementation.,NOT_APPLICABLE,NOT_APPLICABLE,Settings,I3
CAN-SECTION-0100,"Backup, trash, restore and rebuild",,I13;I15,,I15,,Not applicable: generated broad template is superseded and cannot own implementation.,NOT_APPLICABLE,NOT_APPLICABLE,Local data authority,I13
CAN-SECTION-0101,External drives and path resilience,,I4;I15,,I15,,Not applicable: generated broad template is superseded and cannot own implementation.,NOT_APPLICABLE,NOT_APPLICABLE,Libraries and storage,I4
CAN-SECTION-0102,External drives and path resilience,,I4;I15,,I15,,Not applicable: generated broad template is superseded and cannot own implementation.,NOT_APPLICABLE,NOT_APPLICABLE,Metadata,I4
CAN-SECTION-0103,Gallery and timeline,,I5;I15,,I15,,Not applicable: generated broad template is superseded and cannot own implementation.,NOT_APPLICABLE,NOT_APPLICABLE,Gallery and timeline,I5
CAN-SECTION-0104,Asset viewer,,I5;I15,,I15,,Not applicable: generated broad template is superseded and cannot own implementation.,NOT_APPLICABLE,NOT_APPLICABLE,Asset viewer,I5
CAN-SECTION-0105,Jobs and notifications,,I10;I15,,I15,,Not applicable: generated broad template is superseded and cannot own implementation.,NOT_APPLICABLE,NOT_APPLICABLE,Jobs and notifications,I10
CAN-SECTION-0106,Gallery and timeline,,I5;I15,,I15,,Not applicable: generated broad template is superseded and cannot own implementation.,NOT_APPLICABLE,NOT_APPLICABLE,Gallery and timeline,I5
CAN-SECTION-0107,Asset viewer,,I5;I15,,I15,,Not applicable: generated broad template is superseded and cannot own implementation.,NOT_APPLICABLE,NOT_APPLICABLE,Asset viewer,I5
CAN-SECTION-0108,Gallery and timeline,,I5;I15,,I15,,Not applicable: generated broad template is superseded and cannot own implementation.,NOT_APPLICABLE,NOT_APPLICABLE,Gallery and timeline,I5
CAN-SECTION-0109,Mind-map projections,,I5;I15,,I15,,Not applicable: generated broad template is superseded and cannot own implementation.,NOT_APPLICABLE,NOT_APPLICABLE,Map and location,I5
CAN-SECTION-0110,Legal and rebranding,,I1;I15,,I15,,Not applicable: generated broad template is superseded and cannot own implementation.,NOT_APPLICABLE,NOT_APPLICABLE,Legal and rebranding,I1
CAN-SECTION-0111,Mind-map projections,,I5;I15,,I15,,Not applicable: generated broad template is superseded and cannot own implementation.,NOT_APPLICABLE,NOT_APPLICABLE,Map and location,I5
CAN-SECTION-0112,Sidecars and metadata authority,,I4;I15,,I15,,Not applicable: generated broad template is superseded and cannot own implementation.,NOT_APPLICABLE,NOT_APPLICABLE,Metadata,I4
CAN-SECTION-0113,Legal and rebranding,,I1;I15,,I15,,Not applicable: generated broad template is superseded and cannot own implementation.,NOT_APPLICABLE,NOT_APPLICABLE,Legal and rebranding,I1
CAN-SECTION-0114,Libraries and storage,,I4;I15,,I15,,Not applicable: generated broad template is superseded and cannot own implementation.,NOT_APPLICABLE,NOT_APPLICABLE,Libraries and storage,I4
CAN-SECTION-0115,Media ingestion and derivation,,I5;I15,,I15,,Not applicable: generated broad template is superseded and cannot own implementation.,NOT_APPLICABLE,NOT_APPLICABLE,Asset viewer,I5
CAN-SECTION-0116,Relationships and attribution,,I4;I15,,I15,,Not applicable: generated broad template is superseded and cannot own implementation.,NOT_APPLICABLE,NOT_APPLICABLE,Metadata,I4
CAN-SECTION-0117,Events and organization,,I5;I15,,I15,,Not applicable: generated broad template is superseded and cannot own implementation.,NOT_APPLICABLE,NOT_APPLICABLE,Gallery and timeline,I5
CAN-SECTION-0118,Relationships and attribution,,I6;I15,,I15,,Not applicable: generated broad template is superseded and cannot own implementation.,NOT_APPLICABLE,NOT_APPLICABLE,Metadata,I6
CAN-SECTION-0119,Sidecars and metadata authority,,I5;I15,,I15,,Not applicable: generated broad template is superseded and cannot own implementation.,NOT_APPLICABLE,NOT_APPLICABLE,Asset viewer,I5
CAN-SECTION-0120,Asset identity and records,I11,I4;I15,,I15,,"The parent primary phase is I11 and covers metadata snapshots, privacy export, and non-destructive mutation; an I3 identity package contradicted the reviewed phase.",REVIEWED_CORRECTED,NONE,Metadata,I4
CAN-SECTION-0121,Events and organization,,I5;I15,,I15,,Not applicable: generated broad template is superseded and cannot own implementation.,NOT_APPLICABLE,NOT_APPLICABLE,Asset viewer,I5
CAN-SECTION-0122,Events and organization,,I5;I15,,I15,,Not applicable: generated broad template is superseded and cannot own implementation.,NOT_APPLICABLE,NOT_APPLICABLE,Asset viewer,I5
CAN-SECTION-0123,Events and organization,,I5;I15,,I15,,Not applicable: generated broad template is superseded and cannot own implementation.,NOT_APPLICABLE,NOT_APPLICABLE,Asset viewer,I5
CAN-SECTION-0124,Relationships and attribution,,I8;I15,,I15,,Not applicable: generated broad template is superseded and cannot own implementation.,NOT_APPLICABLE,NOT_APPLICABLE,Metadata,I8
CAN-SECTION-0125,Relationships and attribution,,I7;I15,,I15,,Not applicable: generated broad template is superseded and cannot own implementation.,NOT_APPLICABLE,NOT_APPLICABLE,Metadata,I7
CAN-SECTION-0126,Asset viewer,,I5;I15,,I15,,Not applicable: generated broad template is superseded and cannot own implementation.,NOT_APPLICABLE,NOT_APPLICABLE,Asset viewer,I5
CAN-SECTION-0127,Relationships and attribution,,I5;I15,,I15,,Not applicable: generated broad template is superseded and cannot own implementation.,NOT_APPLICABLE,NOT_APPLICABLE,Asset viewer,I5
CAN-SECTION-0128,Local data authority,,I4;I15,,I15,,Not applicable: generated broad template is superseded and cannot own implementation.,NOT_APPLICABLE,NOT_APPLICABLE,Libraries and storage,I4
CAN-SECTION-0129,Local data authority,,I5;I15,,I15,,Not applicable: generated broad template is superseded and cannot own implementation.,NOT_APPLICABLE,NOT_APPLICABLE,Asset viewer,I5
CAN-SECTION-0130,Asset viewer,,I10;I15,,I15,,Not applicable: generated broad template is superseded and cannot own implementation.,NOT_APPLICABLE,NOT_APPLICABLE,Asset viewer,I10
CAN-SECTION-0131,Asset viewer,,I5;I15,,I15,,Not applicable: generated broad template is superseded and cannot own implementation.,NOT_APPLICABLE,NOT_APPLICABLE,Asset viewer,I5
CAN-SECTION-0132,Asset viewer,,I5;I15,,I15,,Not applicable: generated broad template is superseded and cannot own implementation.,NOT_APPLICABLE,NOT_APPLICABLE,Asset viewer,I5
CAN-SECTION-0133,Filesystem transactions and recovery,,I5;I15,,I15,,Not applicable: generated broad template is superseded and cannot own implementation.,NOT_APPLICABLE,NOT_APPLICABLE,Asset viewer,I5
CAN-SECTION-0134,Media ingestion and derivation,,I5;I15,,I15,,Not applicable: generated broad template is superseded and cannot own implementation.,NOT_APPLICABLE,NOT_APPLICABLE,Asset viewer,I5
CAN-SECTION-0135,Asset viewer,,I7;I15,,I15,,Not applicable: generated broad template is superseded and cannot own implementation.,NOT_APPLICABLE,NOT_APPLICABLE,Asset viewer,I7
CAN-SECTION-0136,Asset viewer,,I5;I15,,I15,,Not applicable: generated broad template is superseded and cannot own implementation.,NOT_APPLICABLE,NOT_APPLICABLE,Asset viewer,I5
CAN-SECTION-0137,"Backup, trash, restore and rebuild",,I5;I15,,I15,,Not applicable: generated broad template is superseded and cannot own implementation.,NOT_APPLICABLE,NOT_APPLICABLE,Asset viewer,I5
CAN-SECTION-0138,Asset identity and records,,I4;I15,,I15,,Not applicable: generated broad template is superseded and cannot own implementation.,NOT_APPLICABLE,NOT_APPLICABLE,Metadata,I4
CAN-SECTION-0139,Legal and rebranding,,I5;I15,,I15,,Not applicable: generated broad template is superseded and cannot own implementation.,NOT_APPLICABLE,NOT_APPLICABLE,Asset viewer,I5
CAN-SECTION-0140,"Backup, trash, restore and rebuild",,I11;I15,,I15,,Not applicable: generated broad template is superseded and cannot own implementation.,NOT_APPLICABLE,NOT_APPLICABLE,Editing,I11
CAN-SECTION-0141,Desktop shell,,I2;I15,I15,I15,,Not applicable: generated broad template is superseded and cannot own implementation.,NOT_APPLICABLE,NOT_APPLICABLE,Desktop shell,I2
CAN-SECTION-0142,Local data authority,,I3;I15,I15,I15,,Not applicable: generated broad template is superseded and cannot own implementation.,NOT_APPLICABLE,NOT_APPLICABLE,Local data authority,I3
CAN-SECTION-0143,Jobs and notifications,,I10;I15,I15,I15,,Not applicable: generated broad template is superseded and cannot own implementation.,NOT_APPLICABLE,NOT_APPLICABLE,Jobs and notifications,I10
CAN-SECTION-0144,Local AI worker,,I10;I15,I15,I15,,Not applicable: generated broad template is superseded and cannot own implementation.,NOT_APPLICABLE,NOT_APPLICABLE,Local AI worker,I10
CAN-SECTION-0145,Duplicates,,I10;I15,,I15,,Not applicable: generated broad template is superseded and cannot own implementation.,NOT_APPLICABLE,NOT_APPLICABLE,Duplicates,I10
CAN-SECTION-0146,Duplicates,,I10;I15,,I15,,Not applicable: generated broad template is superseded and cannot own implementation.,NOT_APPLICABLE,NOT_APPLICABLE,Duplicates,I10
CAN-SECTION-0147,Duplicates,,I10;I15,,I15,,Not applicable: generated broad template is superseded and cannot own implementation.,NOT_APPLICABLE,NOT_APPLICABLE,Duplicates,I10
CAN-SECTION-0148,Metadata,,I3;I15,,I15,,Not applicable: generated broad template is superseded and cannot own implementation.,NOT_APPLICABLE,NOT_APPLICABLE,Metadata,I3
CAN-SECTION-0149,Editing,,I11;I15,,I15,,Not applicable: generated broad template is superseded and cannot own implementation.,NOT_APPLICABLE,NOT_APPLICABLE,Editing,I11
CAN-SECTION-0150,Events and organization,,I6;I15,,I15,,Not applicable: generated broad template is superseded and cannot own implementation.,NOT_APPLICABLE,NOT_APPLICABLE,Events and organization,I6
CAN-SECTION-0151,Events and organization,,I6;I15,,I15,,Not applicable: generated broad template is superseded and cannot own implementation.,NOT_APPLICABLE,NOT_APPLICABLE,Events and organization,I6
CAN-SECTION-0152,Libraries and storage,,I4;I15,,I15,,Not applicable: generated broad template is superseded and cannot own implementation.,NOT_APPLICABLE,NOT_APPLICABLE,Libraries and storage,I4
CAN-SECTION-0153,Events and organization,,I6;I15,,I15,,Not applicable: generated broad template is superseded and cannot own implementation.,NOT_APPLICABLE,NOT_APPLICABLE,Events and organization,I6
CAN-SECTION-0154,Libraries and storage,,I6;I15,,I15,,Not applicable: generated broad template is superseded and cannot own implementation.,NOT_APPLICABLE,NOT_APPLICABLE,Libraries and storage,I6
CAN-SECTION-0155,Asset identity and records,,I6;I15,,I15,,Not applicable: generated broad template is superseded and cannot own implementation.,NOT_APPLICABLE,NOT_APPLICABLE,Events and organization,I6
CAN-SECTION-0156,Events and organization,,I6;I15,,I15,,Not applicable: generated broad template is superseded and cannot own implementation.,NOT_APPLICABLE,NOT_APPLICABLE,Map and location,I6
CAN-SECTION-0157,Events and organization,,I6;I15,,I15,,Not applicable: generated broad template is superseded and cannot own implementation.,NOT_APPLICABLE,NOT_APPLICABLE,Libraries and storage,I6
CAN-SECTION-0158,Events and organization,,I8;I15,,I15,,Not applicable: generated broad template is superseded and cannot own implementation.,NOT_APPLICABLE,NOT_APPLICABLE,Tags,I8
CAN-SECTION-0159,Events and organization,,I7;I15,,I15,,Not applicable: generated broad template is superseded and cannot own implementation.,NOT_APPLICABLE,NOT_APPLICABLE,People and faces,I7
CAN-SECTION-0160,Events and organization,,I6;I15,,I15,,Not applicable: generated broad template is superseded and cannot own implementation.,NOT_APPLICABLE,NOT_APPLICABLE,Events and organization,I6
CAN-SECTION-0161,Events and organization,,I6;I15,,I15,,Not applicable: generated broad template is superseded and cannot own implementation.,NOT_APPLICABLE,NOT_APPLICABLE,Events and organization,I6
CAN-SECTION-0162,Events and organization,,I6;I15,,I15,,Not applicable: generated broad template is superseded and cannot own implementation.,NOT_APPLICABLE,NOT_APPLICABLE,Events and organization,I6
CAN-SECTION-0163,Events and organization,,I6;I15,,I15,,Not applicable: generated broad template is superseded and cannot own implementation.,NOT_APPLICABLE,NOT_APPLICABLE,Events and organization,I6
CAN-SECTION-0164,Media ingestion and derivation,,I4;I15,,I15,,Not applicable: generated broad template is superseded and cannot own implementation.,NOT_APPLICABLE,NOT_APPLICABLE,Libraries and storage,I4
CAN-SECTION-0165,"Backup, trash, restore and rebuild",,I13;I15,,I15,,Not applicable: generated broad template is superseded and cannot own implementation.,NOT_APPLICABLE,NOT_APPLICABLE,Tags,I13
CAN-SECTION-0166,Libraries and storage,,I4;I15,,I15,,Not applicable: generated broad template is superseded and cannot own implementation.,NOT_APPLICABLE,NOT_APPLICABLE,Libraries and storage,I4
CAN-SECTION-0167,Events and organization,,I4;I15,,I15,,Not applicable: generated broad template is superseded and cannot own implementation.,NOT_APPLICABLE,NOT_APPLICABLE,Libraries and storage,I4
CAN-SECTION-0168,Events and organization,,I6;I15,,I15,,Not applicable: generated broad template is superseded and cannot own implementation.,NOT_APPLICABLE,NOT_APPLICABLE,Libraries and storage,I6
CAN-SECTION-0169,Libraries and storage,,I4;I15,,I15,,Not applicable: generated broad template is superseded and cannot own implementation.,NOT_APPLICABLE,NOT_APPLICABLE,Libraries and storage,I4
CAN-SECTION-0170,Libraries and storage,,I4;I15,,I15,,Not applicable: generated broad template is superseded and cannot own implementation.,NOT_APPLICABLE,NOT_APPLICABLE,Libraries and storage,I4
CAN-SECTION-0171,Libraries and storage,,I6;I15,,I15,,Not applicable: generated broad template is superseded and cannot own implementation.,NOT_APPLICABLE,NOT_APPLICABLE,Libraries and storage,I6
CAN-SECTION-0172,Local AI worker,,I4;I15,,I15,,Not applicable: generated broad template is superseded and cannot own implementation.,NOT_APPLICABLE,NOT_APPLICABLE,Libraries and storage,I4
CAN-SECTION-0173,Tags,,I8;I15,,I15,,Not applicable: generated broad template is superseded and cannot own implementation.,NOT_APPLICABLE,NOT_APPLICABLE,Tags,I8
CAN-SECTION-0174,Libraries and storage,,I4;I15,,I15,,Not applicable: generated broad template is superseded and cannot own implementation.,NOT_APPLICABLE,NOT_APPLICABLE,Libraries and storage,I4
CAN-SECTION-0175,Events and organization,,I5;I15,,I15,,Not applicable: generated broad template is superseded and cannot own implementation.,NOT_APPLICABLE,NOT_APPLICABLE,Map and location,I5
CAN-SECTION-0176,Libraries and storage,,I4;I15,,I15,,Not applicable: generated broad template is superseded and cannot own implementation.,NOT_APPLICABLE,NOT_APPLICABLE,Libraries and storage,I4
CAN-SECTION-0177,"Backup, trash, restore and rebuild",,I13;I15,,I15,,Not applicable: generated broad template is superseded and cannot own implementation.,NOT_APPLICABLE,NOT_APPLICABLE,Libraries and storage,I13
CAN-SECTION-0178,Libraries and storage,,I4;I15,,I15,,Not applicable: generated broad template is superseded and cannot own implementation.,NOT_APPLICABLE,NOT_APPLICABLE,Libraries and storage,I4
CAN-SECTION-0179,External drives and path resilience,,I4;I15,,I15,,Not applicable: generated broad template is superseded and cannot own implementation.,NOT_APPLICABLE,NOT_APPLICABLE,Libraries and storage,I4
CAN-SECTION-0180,Libraries and storage,,I4;I15,,I15,,Not applicable: generated broad template is superseded and cannot own implementation.,NOT_APPLICABLE,NOT_APPLICABLE,Libraries and storage,I4
CAN-SECTION-0181,Planning and verification governance,,I2;I15,,I15,,Not applicable: generated broad template is superseded and cannot own implementation.,NOT_APPLICABLE,NOT_APPLICABLE,Desktop shell,I2
CAN-SECTION-0182,Filesystem transactions and recovery,,I3;I15,,I15,,Not applicable: generated broad template is superseded and cannot own implementation.,NOT_APPLICABLE,NOT_APPLICABLE,Local data authority,I3
CAN-SECTION-0183,Libraries and storage,,I4;I15,,I15,,Not applicable: generated broad template is superseded and cannot own implementation.,NOT_APPLICABLE,NOT_APPLICABLE,Libraries and storage,I4
CAN-SECTION-0184,Libraries and storage,,I4;I15,,I15,,Not applicable: generated broad template is superseded and cannot own implementation.,NOT_APPLICABLE,NOT_APPLICABLE,Libraries and storage,I4
CAN-SECTION-0185,Asset viewer,,I5;I15,,I15,,Not applicable: generated broad template is superseded and cannot own implementation.,NOT_APPLICABLE,NOT_APPLICABLE,Asset viewer,I5
CAN-SECTION-0186,Review Centre,,I5;I15,,I15,,Not applicable: generated broad template is superseded and cannot own implementation.,NOT_APPLICABLE,NOT_APPLICABLE,Review Centre,I5
CAN-SECTION-0187,Local data authority,,I5;I15,,I15,,Not applicable: generated broad template is superseded and cannot own implementation.,NOT_APPLICABLE,NOT_APPLICABLE,Asset viewer,I5
CAN-SECTION-0188,Local data authority,,I7;I15,,I15,,Not applicable: generated broad template is superseded and cannot own implementation.,NOT_APPLICABLE,NOT_APPLICABLE,People and faces,I7
CAN-SECTION-0189,Local data authority,,I6;I15,,I15,,Not applicable: generated broad template is superseded and cannot own implementation.,NOT_APPLICABLE,NOT_APPLICABLE,Events and organization,I6
CAN-SECTION-0190,Filesystem transactions and recovery,,I3;I15,,I15,,Not applicable: generated broad template is superseded and cannot own implementation.,NOT_APPLICABLE,NOT_APPLICABLE,Local data authority,I3
CAN-SECTION-0191,Local data authority,,I5;I15,,I15,,Not applicable: generated broad template is superseded and cannot own implementation.,NOT_APPLICABLE,NOT_APPLICABLE,Review Centre,I5
CAN-SECTION-0192,Local data authority,,I4;I15,,I15,,Not applicable: generated broad template is superseded and cannot own implementation.,NOT_APPLICABLE,NOT_APPLICABLE,Libraries and storage,I4
CAN-SECTION-0193,Filesystem transactions and recovery,,I3;I15,,I15,,Not applicable: generated broad template is superseded and cannot own implementation.,NOT_APPLICABLE,NOT_APPLICABLE,Libraries and storage,I3
CAN-SECTION-0194,Review Centre,,I5;I15,,I15,,Not applicable: generated broad template is superseded and cannot own implementation.,NOT_APPLICABLE,NOT_APPLICABLE,Review Centre,I5
CAN-SECTION-0195,Map and location,,I5;I15,,I15,,Not applicable: generated broad template is superseded and cannot own implementation.,NOT_APPLICABLE,NOT_APPLICABLE,Map and location,I5
CAN-SECTION-0196,Map and location,,I5;I15,,I15,,Not applicable: generated broad template is superseded and cannot own implementation.,NOT_APPLICABLE,NOT_APPLICABLE,Map and location,I5
CAN-SECTION-0197,Map and location,,I5;I15,,I15,,Not applicable: generated broad template is superseded and cannot own implementation.,NOT_APPLICABLE,NOT_APPLICABLE,Map and location,I5
CAN-SECTION-0198,Filesystem transactions and recovery,,I3;I15,,I15,,Not applicable: generated broad template is superseded and cannot own implementation.,NOT_APPLICABLE,NOT_APPLICABLE,Local data authority,I3
CAN-SECTION-0199,Metadata,,I4;I15,,I15,,Not applicable: generated broad template is superseded and cannot own implementation.,NOT_APPLICABLE,NOT_APPLICABLE,Metadata,I4
CAN-SECTION-0200,Asset identity and records,,I4;I15,,I15,,Not applicable: generated broad template is superseded and cannot own implementation.,NOT_APPLICABLE,NOT_APPLICABLE,Metadata,I4
CAN-SECTION-0201,Metadata,,I4;I15,,I15,,Not applicable: generated broad template is superseded and cannot own implementation.,NOT_APPLICABLE,NOT_APPLICABLE,Metadata,I4
CAN-SECTION-0202,Metadata,,I4;I15,,I15,,Not applicable: generated broad template is superseded and cannot own implementation.,NOT_APPLICABLE,NOT_APPLICABLE,Metadata,I4
CAN-SECTION-0203,Metadata,,I4;I15,,I15,,Not applicable: generated broad template is superseded and cannot own implementation.,NOT_APPLICABLE,NOT_APPLICABLE,Metadata,I4
CAN-SECTION-0204,Filesystem transactions and recovery,,I3;I15,,I15,,Not applicable: generated broad template is superseded and cannot own implementation.,NOT_APPLICABLE,NOT_APPLICABLE,Local data authority,I3
CAN-SECTION-0205,Metadata,,I4;I15,,I15,,Not applicable: generated broad template is superseded and cannot own implementation.,NOT_APPLICABLE,NOT_APPLICABLE,Metadata,I4
CAN-SECTION-0206,Filesystem transactions and recovery,,I3;I15,,I15,,Not applicable: generated broad template is superseded and cannot own implementation.,NOT_APPLICABLE,NOT_APPLICABLE,Local data authority,I3
CAN-SECTION-0207,Metadata,,I4;I15,,I15,,Not applicable: generated broad template is superseded and cannot own implementation.,NOT_APPLICABLE,NOT_APPLICABLE,Metadata,I4
CAN-SECTION-0208,Metadata,,I4;I15,,I15,,Not applicable: generated broad template is superseded and cannot own implementation.,NOT_APPLICABLE,NOT_APPLICABLE,Metadata,I4
CAN-SECTION-0209,"Backup, trash, restore and rebuild",,I3;I15,,I15,,Not applicable: generated broad template is superseded and cannot own implementation.,NOT_APPLICABLE,NOT_APPLICABLE,Local data authority,I3
CAN-SECTION-0210,"Backup, trash, restore and rebuild",,I3;I15,,I15,,Not applicable: generated broad template is superseded and cannot own implementation.,NOT_APPLICABLE,NOT_APPLICABLE,Local data authority,I3
CAN-SECTION-0211,Memories,,I5;I15,,I15,,Not applicable: generated broad template is superseded and cannot own implementation.,NOT_APPLICABLE,NOT_APPLICABLE,Memories,I5
CAN-SECTION-0212,Memories,,I5;I15,,I15,,Not applicable: generated broad template is superseded and cannot own implementation.,NOT_APPLICABLE,NOT_APPLICABLE,Memories,I5
CAN-SECTION-0213,Memories,,I5;I15,,I15,,Not applicable: generated broad template is superseded and cannot own implementation.,NOT_APPLICABLE,NOT_APPLICABLE,Memories,I5
CAN-SECTION-0214,Local AI worker,,I14;I15,,I15,,Not applicable: generated broad template is superseded and cannot own implementation.,NOT_APPLICABLE,NOT_APPLICABLE,Local AI worker,I14
CAN-SECTION-0215,People and faces,,I7;I15,,I15,,Not applicable: generated broad template is superseded and cannot own implementation.,NOT_APPLICABLE,NOT_APPLICABLE,People and faces,I7
CAN-SECTION-0216,People and faces,,I7;I15,,I15,,Not applicable: generated broad template is superseded and cannot own implementation.,NOT_APPLICABLE,NOT_APPLICABLE,People and faces,I7
CAN-SECTION-0217,Events and organization,,I7;I15,,I15,,Not applicable: generated broad template is superseded and cannot own implementation.,NOT_APPLICABLE,NOT_APPLICABLE,People and faces,I7
CAN-SECTION-0218,People and faces,,I7;I15,,I15,,Not applicable: generated broad template is superseded and cannot own implementation.,NOT_APPLICABLE,NOT_APPLICABLE,People and faces,I7
CAN-SECTION-0219,Events and organization,,I7;I15,,I15,,Not applicable: generated broad template is superseded and cannot own implementation.,NOT_APPLICABLE,NOT_APPLICABLE,People and faces,I7
CAN-SECTION-0220,People and faces,,I7;I15,,I15,,Not applicable: generated broad template is superseded and cannot own implementation.,NOT_APPLICABLE,NOT_APPLICABLE,People and faces,I7
CAN-SECTION-0221,People and faces,,I7;I15,,I15,,Not applicable: generated broad template is superseded and cannot own implementation.,NOT_APPLICABLE,NOT_APPLICABLE,People and faces,I7
CAN-SECTION-0222,Events and organization,,I7;I15,,I15,,Not applicable: generated broad template is superseded and cannot own implementation.,NOT_APPLICABLE,NOT_APPLICABLE,People and faces,I7
CAN-SECTION-0223,Tags,,I8;I15,,I15,,Not applicable: generated broad template is superseded and cannot own implementation.,NOT_APPLICABLE,NOT_APPLICABLE,People and faces,I8
CAN-SECTION-0224,People and faces,,I7;I15,,I15,,Not applicable: generated broad template is superseded and cannot own implementation.,NOT_APPLICABLE,NOT_APPLICABLE,People and faces,I7
CAN-SECTION-0225,People and faces,,I7;I15,,I15,,Not applicable: generated broad template is superseded and cannot own implementation.,NOT_APPLICABLE,NOT_APPLICABLE,People and faces,I7
CAN-SECTION-0226,People and faces,,I7;I15,,I15,,Not applicable: generated broad template is superseded and cannot own implementation.,NOT_APPLICABLE,NOT_APPLICABLE,People and faces,I7
CAN-SECTION-0227,People and faces,,I7;I15,,I15,,Not applicable: generated broad template is superseded and cannot own implementation.,NOT_APPLICABLE,NOT_APPLICABLE,People and faces,I7
CAN-SECTION-0228,People and faces,,I7;I15,,I15,,Not applicable: generated broad template is superseded and cannot own implementation.,NOT_APPLICABLE,NOT_APPLICABLE,People and faces,I7
CAN-SECTION-0229,People and faces,,I7;I15,,I15,,Not applicable: generated broad template is superseded and cannot own implementation.,NOT_APPLICABLE,NOT_APPLICABLE,People and faces,I7
CAN-SECTION-0230,People and faces,,I7;I15,,I15,,Not applicable: generated broad template is superseded and cannot own implementation.,NOT_APPLICABLE,NOT_APPLICABLE,People and faces,I7
CAN-SECTION-0231,People and faces,,I7;I15,,I15,,Not applicable: generated broad template is superseded and cannot own implementation.,NOT_APPLICABLE,NOT_APPLICABLE,People and faces,I7
CAN-SECTION-0232,People and faces,,I7;I15,,I15,,Not applicable: generated broad template is superseded and cannot own implementation.,NOT_APPLICABLE,NOT_APPLICABLE,People and faces,I7
CAN-SECTION-0233,Search and OCR,,I10;I15,,I15,,Not applicable: generated broad template is superseded and cannot own implementation.,NOT_APPLICABLE,NOT_APPLICABLE,Search and OCR,I10
CAN-SECTION-0234,Search and OCR,,I10;I15,,I15,,Not applicable: generated broad template is superseded and cannot own implementation.,NOT_APPLICABLE,NOT_APPLICABLE,Search and OCR,I10
CAN-SECTION-0235,"Backup, trash, restore and rebuild",,I3;I15,,I15,,Not applicable: generated broad template is superseded and cannot own implementation.,NOT_APPLICABLE,NOT_APPLICABLE,Local data authority,I3
CAN-SECTION-0236,"Backup, trash, restore and rebuild",,I3;I15,,I15,,Not applicable: generated broad template is superseded and cannot own implementation.,NOT_APPLICABLE,NOT_APPLICABLE,Local data authority,I3
