Item type,Item ID,Review status,Provenance found,Result
requirement,CAN-FAIL-01,REVIEWED_CORRECTED,YES,PASS
requirement,CAN-FAIL-02,REVIEWED_CORRECTED,YES,PASS
requirement,CAN-FAIL-03,REVIEWED_CORRECTED,YES,PASS
requirement,CAN-FAIL-04,REVIEWED_CORRECTED,YES,PASS
requirement,CAN-FAIL-05,REVIEWED_CORRECTED,YES,PASS
requirement,CAN-FAIL-06,REVIEWED_CORRECTED,YES,PASS
requirement,CAN-FAIL-07,REVIEWED_CORRECTED,YES,PASS
requirement,CAN-FAIL-08,REVIEWED_CORRECTED,YES,PASS
requirement,CAN-FAIL-09,REVIEWED_CORRECTED,YES,PASS
requirement,CAN-FAIL-10,REVIEWED_CORRECTED,YES,PASS
requirement,CAN-FAIL-11,REVIEWED_CORRECTED,YES,PASS
requirement,CAN-FAIL-12,REVIEWED_CORRECTED,YES,PASS
requirement,CAN-FAIL-13,REVIEWED_CORRECTED,YES,PASS
requirement,CAN-FAIL-14,REVIEWED_CORRECTED,YES,PASS
requirement,CAN-FAIL-15,REVIEWED_CORRECTED,YES,PASS
requirement,CAN-FAIL-16,REVIEWED_CORRECTED,YES,PASS
requirement,CAN-FAIL-17,REVIEWED_CORRECTED,YES,PASS
requirement,CAN-FAIL-18,REVIEWED_CORRECTED,YES,PASS
requirement,CAN-FAIL-19,REVIEWED_CORRECTED,YES,PASS
requirement,CAN-FAIL-20,REVIEWED_CORRECTED,YES,PASS
requirement,CAN-FAIL-21,REVIEWED_CORRECTED,YES,PASS
requirement,CAN-FAIL-22,REVIEWED_CORRECTED,YES,PASS
requirement,CAN-FAIL-23,REVIEWED_CORRECTED,YES,PASS
requirement,CAN-FAIL-24,REVIEWED_CORRECTED,YES,PASS
requirement,CAN-FAIL-25,REVIEWED_CORRECTED,YES,PASS
requirement,CAN-FAIL-26,REVIEWED_CORRECTED,YES,PASS
requirement,CAN-FAIL-27,REVIEWED_CORRECTED,YES,PASS
requirement,CAN-FAIL-28,REVIEWED_CORRECTED,YES,PASS
requirement,CAN-FAIL-29,REVIEWED_CORRECTED,YES,PASS
requirement,CAN-FAIL-30,REVIEWED_CORRECTED,YES,PASS
requirement,CAN-FAIL-31,REVIEWED_CORRECTED,YES,PASS
requirement,CAN-FAIL-32,REVIEWED_CORRECTED,YES,PASS
requirement,CAN-LAM-AI-001,NOT_APPLICABLE,YES,PASS
requirement,CAN-LAM-AI-002,NOT_APPLICABLE,YES,PASS
requirement,CAN-LAM-AI-003,REVIEWED_CONFIRMED,YES,PASS
requirement,CAN-LAM-AI-004,NOT_APPLICABLE,YES,PASS
requirement,CAN-LAM-AI-005,NOT_APPLICABLE,YES,PASS
requirement,CAN-LAM-AI-006,REVIEWED_CORRECTED,YES,PASS
requirement,CAN-LAM-AI-007,NOT_APPLICABLE,YES,PASS
requirement,CAN-LAM-AI-008,REVIEWED_CONFIRMED,YES,PASS
requirement,CAN-LAM-AI-009,NOT_APPLICABLE,YES,PASS
requirement,CAN-LAM-AI-010,NOT_APPLICABLE,YES,PASS
requirement,CAN-LAM-AI-011,NOT_APPLICABLE,YES,PASS
requirement,CAN-LAM-AI-012,NOT_APPLICABLE,YES,PASS
requirement,CAN-LAM-AI-013,NOT_APPLICABLE,YES,PASS
requirement,CAN-LAM-AI-014,REVIEWED_CONFIRMED,YES,PASS
requirement,CAN-LAM-AI-015,NOT_APPLICABLE,YES,PASS
requirement,CAN-LAM-AI-016,NOT_APPLICABLE,YES,PASS
requirement,CAN-LAM-AI-017,REVIEWED_CORRECTED,YES,PASS
requirement,CAN-LAM-AI-018,REVIEWED_CORRECTED,YES,PASS
requirement,CAN-LAM-AI-019,NOT_APPLICABLE,YES,PASS
requirement,CAN-LAM-AI-020,REVIEWED_CONFIRMED,YES,PASS
requirement,CAN-LAM-AI-021,NOT_APPLICABLE,YES,PASS
requirement,CAN-LAM-AI-022,REVIEWED_CONFIRMED,YES,PASS
requirement,CAN-LAM-AI-023,REVIEWED_CORRECTED,YES,PASS
requirement,CAN-LAM-AI-024,NOT_APPLICABLE,YES,PASS
requirement,CAN-LAM-AI-025,REVIEWED_CONFIRMED,YES,PASS
requirement,CAN-LAM-AI-026,NOT_APPLICABLE,YES,PASS
requirement,CAN-LAM-AI-027,RECLASSIFIED,YES,PASS
requirement,CAN-LAM-AI-028,REVIEWED_CORRECTED,YES,PASS
requirement,CAN-LAM-AI-029,REVIEWED_CORRECTED,YES,PASS
requirement,CAN-LAM-AI-030,REVIEWED_CORRECTED,YES,PASS
requirement,CAN-LAM-AI-031,REVIEWED_CORRECTED,YES,PASS
requirement,CAN-LAM-AI-032,REVIEWED_CORRECTED,YES,PASS
requirement,CAN-LAM-AI-033,REVIEWED_CORRECTED,YES,PASS
requirement,CAN-LAM-AI-034,REVIEWED_CONFIRMED,YES,PASS
requirement,CAN-LAM-AI-035,REVIEWED_CONFIRMED,YES,PASS
requirement,CAN-LAM-AI-036,NOT_APPLICABLE,YES,PASS
requirement,CAN-LAM-AI-037,NOT_APPLICABLE,YES,PASS
requirement,CAN-LAM-AI-038,NOT_APPLICABLE,YES,PASS
requirement,CAN-LAM-AI-039,REVIEWED_CORRECTED,YES,PASS
requirement,CAN-LAM-AI-040,REVIEWED_CONFIRMED,YES,PASS
requirement,CAN-LAM-AI-041,REVIEWED_CONFIRMED,YES,PASS
requirement,CAN-LAM-AI-042,REVIEWED_CORRECTED,YES,PASS
requirement,CAN-LAM-AI-043,REVIEWED_CORRECTED,YES,PASS
requirement,CAN-LAM-AI-044,REVIEWED_CORRECTED,YES,PASS
requirement,CAN-LAM-AI-045,REVIEWED_CONFIRMED,YES,PASS
requirement,CAN-LAM-AI-046,REVIEWED_CORRECTED,YES,PASS
requirement,CAN-LAM-AI-047,NOT_APPLICABLE,YES,PASS
requirement,CAN-LAM-AI-048,REVIEWED_CORRECTED,YES,PASS
requirement,CAN-LAM-AI-049,NOT_APPLICABLE,YES,PASS
requirement,CAN-LAM-AI-050,NOT_APPLICABLE,YES,PASS
requirement,CAN-LAM-AI-051,NOT_APPLICABLE,YES,PASS
requirement,CAN-LAM-AI-052,NOT_APPLICABLE,YES,PASS
requirement,CAN-LAM-AI-053,NOT_APPLICABLE,YES,PASS
requirement,CAN-LAM-AI-054,NOT_APPLICABLE,YES,PASS
requirement,CAN-LAM-AI-055,NOT_APPLICABLE,YES,PASS
requirement,CAN-LAM-AI-056,NOT_APPLICABLE,YES,PASS
requirement,CAN-LAM-AI-057,NOT_APPLICABLE,YES,PASS
requirement,CAN-LAM-AI-058,NOT_APPLICABLE,YES,PASS
requirement,CAN-LAM-AI-059,NOT_APPLICABLE,YES,PASS
requirement,CAN-LAM-AI-060,NOT_APPLICABLE,YES,PASS
requirement,CAN-LAM-AI-061,NOT_APPLICABLE,YES,PASS
requirement,CAN-LAM-AI-062,NOT_APPLICABLE,YES,PASS
requirement,CAN-LAM-AI-063,NOT_APPLICABLE,YES,PASS
requirement,CAN-LAM-AI-064,NOT_APPLICABLE,YES,PASS
requirement,CAN-LAM-AI-065,NOT_APPLICABLE,YES,PASS
requirement,CAN-LAM-AI-066,NOT_APPLICABLE,YES,PASS
requirement,CAN-LAM-AI-067,NOT_APPLICABLE,YES,PASS
requirement,CAN-LAM-AI-068,REVIEWED_CONFIRMED,YES,PASS
requirement,CAN-LAM-AI-069,NOT_APPLICABLE,YES,PASS
requirement,CAN-LAM-AI-070,NOT_APPLICABLE,YES,PASS
requirement,CAN-LAM-AI-071,NOT_APPLICABLE,YES,PASS
requirement,CAN-LAM-AI-072,NOT_APPLICABLE,YES,PASS
requirement,CAN-LAM-AI-073,NOT_APPLICABLE,YES,PASS
requirement,CAN-LAM-AI-074,NOT_APPLICABLE,YES,PASS
requirement,CAN-LAM-AI-075,NOT_APPLICABLE,YES,PASS
requirement,CAN-LAM-AI-076,REVIEWED_CORRECTED,YES,PASS
requirement,CAN-LAM-AI-077,NOT_APPLICABLE,YES,PASS
requirement,CAN-LAM-AI-078,NOT_APPLICABLE,YES,PASS
requirement,CAN-LAM-AI-079,NOT_APPLICABLE,YES,PASS
requirement,CAN-LAM-AI-080,NOT_APPLICABLE,YES,PASS
requirement,CAN-LAM-AI-081,REVIEWED_CORRECTED,YES,PASS
requirement,CAN-LAM-AI-082,REVIEWED_CORRECTED,YES,PASS
requirement,CAN-LAM-AI-083,NOT_APPLICABLE,YES,PASS
requirement,CAN-LAM-AI-084,REVIEWED_CONFIRMED,YES,PASS
requirement,CAN-LAM-AI-085,REVIEWED_CORRECTED,YES,PASS
requirement,CAN-LAM-AI-086,REVIEWED_CORRECTED,YES,PASS
requirement,CAN-LAM-AI-087,REVIEWED_CORRECTED,YES,PASS
requirement,CAN-LAM-AI-088,NOT_APPLICABLE,YES,PASS
requirement,CAN-LAM-AI-089,NOT_APPLICABLE,YES,PASS
requirement,CAN-LAM-ARCH-001,REVIEWED_CORRECTED,YES,PASS
requirement,CAN-LAM-ARCH-002,REVIEWED_CONFIRMED,YES,PASS
requirement,CAN-LAM-ARCH-003,NOT_APPLICABLE,YES,PASS
requirement,CAN-LAM-ARCH-004,NOT_APPLICABLE,YES,PASS
requirement,CAN-LAM-ARCH-005,REVIEWED_CONFIRMED,YES,PASS
requirement,CAN-LAM-ARCH-006,NOT_APPLICABLE,YES,PASS
requirement,CAN-LAM-ARCH-007,REVIEWED_CONFIRMED,YES,PASS
requirement,CAN-LAM-ARCH-008,REVIEWED_CONFIRMED,YES,PASS
requirement,CAN-LAM-ARCH-009,REVIEWED_CONFIRMED,YES,PASS
requirement,CAN-LAM-ARCH-010,REVIEWED_CONFIRMED,YES,PASS
requirement,CAN-LAM-ARCH-011,REVIEWED_CONFIRMED,YES,PASS
requirement,CAN-LAM-ARCH-012,REVIEWED_CONFIRMED,YES,PASS
requirement,CAN-LAM-ARCH-013,REVIEWED_CONFIRMED,YES,PASS
requirement,CAN-LAM-ARCH-014,REVIEWED_CORRECTED,YES,PASS
requirement,CAN-LAM-ARCH-015,REVIEWED_CONFIRMED,YES,PASS
requirement,CAN-LAM-ARCH-016,REVIEWED_CONFIRMED,YES,PASS
requirement,CAN-LAM-ARCH-017,REVIEWED_CONFIRMED,YES,PASS
requirement,CAN-LAM-ARCH-018,REVIEWED_CONFIRMED,YES,PASS
requirement,CAN-LAM-ARCH-019,REVIEWED_CONFIRMED,YES,PASS
requirement,CAN-LAM-ARCH-020,REVIEWED_CORRECTED,YES,PASS
requirement,CAN-LAM-ARCH-021,REVIEWED_CORRECTED,YES,PASS
requirement,CAN-LAM-ARCH-022,NOT_APPLICABLE,YES,PASS
requirement,CAN-LAM-ARCH-023,REVIEWED_CONFIRMED,YES,PASS
requirement,CAN-LAM-ARCH-024,REVIEWED_CORRECTED,YES,PASS
requirement,CAN-LAM-ARCH-025,REVIEWED_CONFIRMED,YES,PASS
requirement,CAN-LAM-ARCH-026,REVIEWED_CORRECTED,YES,PASS
requirement,CAN-LAM-ARCH-027,REVIEWED_CONFIRMED,YES,PASS
requirement,CAN-LAM-ARCH-028,REVIEWED_CORRECTED,YES,PASS
requirement,CAN-LAM-ARCH-029,REVIEWED_CORRECTED,YES,PASS
requirement,CAN-LAM-ARCH-030,REVIEWED_CORRECTED,YES,PASS
requirement,CAN-LAM-ARCH-031,REVIEWED_CONFIRMED,YES,PASS
requirement,CAN-LAM-ARCH-032,REVIEWED_CONFIRMED,YES,PASS
requirement,CAN-LAM-ARCH-033,REVIEWED_CONFIRMED,YES,PASS
requirement,CAN-LAM-ARCH-034,REVIEWED_CORRECTED,YES,PASS
requirement,CAN-LAM-ARCH-035,REVIEWED_CONFIRMED,YES,PASS
requirement,CAN-LAM-ARCH-036,REVIEWED_CORRECTED,YES,PASS
requirement,CAN-LAM-ARCH-037,REVIEWED_CORRECTED,YES,PASS
requirement,CAN-LAM-ARCH-038,REVIEWED_CORRECTED,YES,PASS
requirement,CAN-LAM-ARCH-039,REVIEWED_CORRECTED,YES,PASS
requirement,CAN-LAM-ARCH-040,REVIEWED_CORRECTED,YES,PASS
requirement,CAN-LAM-ARCH-041,REVIEWED_CORRECTED,YES,PASS
requirement,CAN-LAM-ARCH-042,REVIEWED_CORRECTED,YES,PASS
requirement,CAN-LAM-ARCH-043,REVIEWED_CORRECTED,YES,PASS
requirement,CAN-LAM-ARCH-044,REVIEWED_CORRECTED,YES,PASS
requirement,CAN-LAM-ARCH-045,REVIEWED_CORRECTED,YES,PASS
requirement,CAN-LAM-ARCH-046,REVIEWED_CONFIRMED,YES,PASS
requirement,CAN-LAM-ARCH-047,REVIEWED_CONFIRMED,YES,PASS
requirement,CAN-LAM-ARCH-048,REVIEWED_CORRECTED,YES,PASS
requirement,CAN-LAM-ARCH-049,REVIEWED_CORRECTED,YES,PASS
requirement,CAN-LAM-ARCH-050,REVIEWED_CORRECTED,YES,PASS
requirement,CAN-LAM-ARCH-051,REVIEWED_CORRECTED,YES,PASS
requirement,CAN-LAM-ARCH-052,REVIEWED_CORRECTED,YES,PASS
requirement,CAN-LAM-ARCH-053,REVIEWED_CORRECTED,YES,PASS
requirement,CAN-LAM-ARCH-054,REVIEWED_CORRECTED,YES,PASS
requirement,CAN-LAM-ARCH-055,REVIEWED_CORRECTED,YES,PASS
requirement,CAN-LAM-ARCH-056,REVIEWED_CORRECTED,YES,PASS
requirement,CAN-LAM-ARCH-057,REVIEWED_CONFIRMED,YES,PASS
requirement,CAN-LAM-ARCH-058,REVIEWED_CONFIRMED,YES,PASS
requirement,CAN-LAM-ARCH-059,NOT_APPLICABLE,YES,PASS
requirement,CAN-LAM-ARCH-060,REVIEWED_CONFIRMED,YES,PASS
requirement,CAN-LAM-ARCH-061,REVIEWED_CORRECTED,YES,PASS
requirement,CAN-LAM-ARCH-062,REVIEWED_CORRECTED,YES,PASS
requirement,CAN-LAM-ARCH-063,REVIEWED_CORRECTED,YES,PASS
requirement,CAN-LAM-ARCH-064,REVIEWED_CORRECTED,YES,PASS
requirement,CAN-LAM-ARCH-065,REVIEWED_CORRECTED,YES,PASS
requirement,CAN-LAM-ARCH-066,REVIEWED_CORRECTED,YES,PASS
requirement,CAN-LAM-ARCH-067,REVIEWED_CORRECTED,YES,PASS
requirement,CAN-LAM-ARCH-068,NOT_APPLICABLE,YES,PASS
requirement,CAN-LAM-ARCH-069,REVIEWED_CORRECTED,YES,PASS
requirement,CAN-LAM-ARCH-070,REVIEWED_CORRECTED,YES,PASS
requirement,CAN-LAM-ARCH-071,REVIEWED_CORRECTED,YES,PASS
requirement,CAN-LAM-ARCH-072,REVIEWED_CORRECTED,YES,PASS
requirement,CAN-LAM-ARCH-073,REVIEWED_CORRECTED,YES,PASS
requirement,CAN-LAM-ARCH-074,REVIEWED_CORRECTED,YES,PASS
requirement,CAN-LAM-ARCH-075,REVIEWED_CORRECTED,YES,PASS
requirement,CAN-LAM-ARCH-076,REVIEWED_CORRECTED,YES,PASS
requirement,CAN-LAM-ARCH-077,REVIEWED_CORRECTED,YES,PASS
requirement,CAN-LAM-ARCH-078,REVIEWED_CORRECTED,YES,PASS
requirement,CAN-LAM-ARCH-079,REVIEWED_CORRECTED,YES,PASS
requirement,CAN-LAM-ARCH-080,REVIEWED_CORRECTED,YES,PASS
requirement,CAN-LAM-ARCH-081,REVIEWED_CORRECTED,YES,PASS
requirement,CAN-LAM-ARCH-082,REVIEWED_CORRECTED,YES,PASS
requirement,CAN-LAM-ARCH-083,REVIEWED_CORRECTED,YES,PASS
requirement,CAN-LAM-ARCH-084,REVIEWED_CORRECTED,YES,PASS
requirement,CAN-LAM-ARCH-085,REVIEWED_CORRECTED,YES,PASS
requirement,CAN-LAM-ARCH-086,REVIEWED_CORRECTED,YES,PASS
requirement,CAN-LAM-ARCH-087,REVIEWED_CORRECTED,YES,PASS
requirement,CAN-LAM-ARCH-088,REVIEWED_CORRECTED,YES,PASS
requirement,CAN-LAM-ARCH-089,REVIEWED_CORRECTED,YES,PASS
requirement,CAN-LAM-ARCH-090,REVIEWED_CORRECTED,YES,PASS
requirement,CAN-LAM-ARCH-091,REVIEWED_CORRECTED,YES,PASS
requirement,CAN-LAM-ARCH-092,REVIEWED_CORRECTED,YES,PASS
requirement,CAN-LAM-ARCH-093,REVIEWED_CORRECTED,YES,PASS
requirement,CAN-LAM-ARCH-094,REVIEWED_CORRECTED,YES,PASS
requirement,CAN-LAM-ARCH-095,REVIEWED_CORRECTED,YES,PASS
requirement,CAN-LAM-ARCH-096,REVIEWED_CORRECTED,YES,PASS
requirement,CAN-LAM-ARCH-097,REVIEWED_CORRECTED,YES,PASS
requirement,CAN-LAM-ARCH-098,RECLASSIFIED,YES,PASS
requirement,CAN-LAM-ARCH-099,RECLASSIFIED,YES,PASS
requirement,CAN-LAM-ARCH-100,RECLASSIFIED,YES,PASS
requirement,CAN-LAM-ARCH-101,RECLASSIFIED,YES,PASS
requirement,CAN-LAM-ARCH-102,RECLASSIFIED,YES,PASS
requirement,CAN-LAM-ARCH-103,REVIEWED_CORRECTED,YES,PASS
requirement,CAN-LAM-ARCH-104,REVIEWED_CORRECTED,YES,PASS
requirement,CAN-LAM-ARCH-105,REVIEWED_CORRECTED,YES,PASS
requirement,CAN-LAM-ARCH-106,RECLASSIFIED,YES,PASS
requirement,CAN-LAM-ARCH-107,RECLASSIFIED,YES,PASS
requirement,CAN-LAM-ARCH-108,RECLASSIFIED,YES,PASS
requirement,CAN-LAM-ARCH-109,RECLASSIFIED,YES,PASS
requirement,CAN-LAM-ARCH-110,RECLASSIFIED,YES,PASS
requirement,CAN-LAM-ARCH-111,RECLASSIFIED,YES,PASS
requirement,CAN-LAM-ARCH-112,RECLASSIFIED,YES,PASS
requirement,CAN-LAM-ARCH-113,RECLASSIFIED,YES,PASS
requirement,CAN-LAM-ARCH-114,RECLASSIFIED,YES,PASS
requirement,CAN-LAM-ARCH-115,RECLASSIFIED,YES,PASS
requirement,CAN-LAM-ARCH-116,REVIEWED_CORRECTED,YES,PASS
requirement,CAN-LAM-ARCH-117,NOT_APPLICABLE,YES,PASS
requirement,CAN-LAM-ARCH-118,NOT_APPLICABLE,YES,PASS
requirement,CAN-LAM-ARCH-119,RECLASSIFIED,YES,PASS
requirement,CAN-LAM-ARCH-120,REVIEWED_CONFIRMED,YES,PASS
requirement,CAN-LAM-ARCH-121,REVIEWED_CORRECTED,YES,PASS
requirement,CAN-LAM-ARCH-122,REVIEWED_CONFIRMED,YES,PASS
requirement,CAN-LAM-ARCH-123,REVIEWED_CONFIRMED,YES,PASS
requirement,CAN-LAM-ARCH-124,NOT_APPLICABLE,YES,PASS
requirement,CAN-LAM-ARCH-125,RECLASSIFIED,YES,PASS
requirement,CAN-LAM-ARCH-126,RECLASSIFIED,YES,PASS
requirement,CAN-LAM-ARCH-127,RECLASSIFIED,YES,PASS
requirement,CAN-LAM-ARCH-128,RECLASSIFIED,YES,PASS
requirement,CAN-LAM-ARCH-129,RECLASSIFIED,YES,PASS
requirement,CAN-LAM-ARCH-130,RECLASSIFIED,YES,PASS
requirement,CAN-LAM-ARCH-131,RECLASSIFIED,YES,PASS
requirement,CAN-LAM-ARCH-132,RECLASSIFIED,YES,PASS
requirement,CAN-LAM-ARCH-133,RECLASSIFIED,YES,PASS
requirement,CAN-LAM-ARCH-134,REVIEWED_CORRECTED,YES,PASS
requirement,CAN-LAM-ARCH-135,REVIEWED_CORRECTED,YES,PASS
requirement,CAN-LAM-ARCH-136,REVIEWED_CONFIRMED,YES,PASS
requirement,CAN-LAM-ARCH-137,REVIEWED_CONFIRMED,YES,PASS
requirement,CAN-LAM-ARCH-138,REVIEWED_CONFIRMED,YES,PASS
requirement,CAN-LAM-ARCH-139,REVIEWED_CONFIRMED,YES,PASS
requirement,CAN-LAM-ARCH-140,REVIEWED_CONFIRMED,YES,PASS
requirement,CAN-LAM-ARCH-141,REVIEWED_CORRECTED,YES,PASS
requirement,CAN-LAM-ARCH-142,REVIEWED_CONFIRMED,YES,PASS
requirement,CAN-LAM-ARCH-143,REVIEWED_CONFIRMED,YES,PASS
requirement,CAN-LAM-ARCH-144,REVIEWED_CORRECTED,YES,PASS
requirement,CAN-LAM-ARCH-145,REVIEWED_CONFIRMED,YES,PASS
requirement,CAN-LAM-ARCH-146,REVIEWED_CONFIRMED,YES,PASS
requirement,CAN-LAM-ARCH-147,REVIEWED_CORRECTED,YES,PASS
requirement,CAN-LAM-ARCH-148,REVIEWED_CORRECTED,YES,PASS
requirement,CAN-LAM-ARCH-149,REVIEWED_CORRECTED,YES,PASS
requirement,CAN-LAM-ARCH-150,REVIEWED_CORRECTED,YES,PASS
requirement,CAN-LAM-ARCH-151,REVIEWED_CORRECTED,YES,PASS
requirement,CAN-LAM-ARCH-152,RECLASSIFIED,YES,PASS
requirement,CAN-LAM-ARCH-153,RECLASSIFIED,YES,PASS
requirement,CAN-LAM-ARCH-154,RECLASSIFIED,YES,PASS
requirement,CAN-LAM-ARCH-155,RECLASSIFIED,YES,PASS
requirement,CAN-LAM-ARCH-156,RECLASSIFIED,YES,PASS
requirement,CAN-LAM-ARCH-157,RECLASSIFIED,YES,PASS
requirement,CAN-LAM-ARCH-158,RECLASSIFIED,YES,PASS
requirement,CAN-LAM-ARCH-159,RECLASSIFIED,YES,PASS
requirement,CAN-LAM-ARCH-160,RECLASSIFIED,YES,PASS
requirement,CAN-LAM-ARCH-161,RECLASSIFIED,YES,PASS
requirement,CAN-LAM-ARCH-162,RECLASSIFIED,YES,PASS
requirement,CAN-LAM-ARCH-163,RECLASSIFIED,YES,PASS
requirement,CAN-LAM-ARCH-164,REVIEWED_CONFIRMED,YES,PASS
requirement,CAN-LAM-ARCH-165,REVIEWED_CORRECTED,YES,PASS
requirement,CAN-LAM-ARCH-166,NOT_APPLICABLE,YES,PASS
requirement,CAN-LAM-ARCH-167,NOT_APPLICABLE,YES,PASS
requirement,CAN-LAM-ARCH-168,REVIEWED_CORRECTED,YES,PASS
requirement,CAN-LAM-ARCH-169,REVIEWED_CORRECTED,YES,PASS
requirement,CAN-LAM-ARCH-170,REVIEWED_CONFIRMED,YES,PASS
requirement,CAN-LAM-ARCH-171,REVIEWED_CORRECTED,YES,PASS
requirement,CAN-LAM-ARCH-172,REVIEWED_CORRECTED,YES,PASS
requirement,CAN-LAM-ARCH-173,REVIEWED_CORRECTED,YES,PASS
requirement,CAN-LAM-ARCH-174,NOT_APPLICABLE,YES,PASS
requirement,CAN-LAM-ARCH-175,NOT_APPLICABLE,YES,PASS
requirement,CAN-LAM-ARCH-176,NOT_APPLICABLE,YES,PASS
requirement,CAN-LAM-ARCH-177,REVIEWED_CORRECTED,YES,PASS
requirement,CAN-LAM-ARCH-178,RECLASSIFIED,YES,PASS
requirement,CAN-LAM-ARCH-179,REVIEWED_CONFIRMED,YES,PASS
requirement,CAN-LAM-ARCH-180,REVIEWED_CONFIRMED,YES,PASS
requirement,CAN-LAM-ARCH-181,REVIEWED_CONFIRMED,YES,PASS
requirement,CAN-LAM-ARCH-182,NOT_APPLICABLE,YES,PASS
requirement,CAN-LAM-ARCH-183,REVIEWED_CONFIRMED,YES,PASS
requirement,CAN-LAM-ARCH-184,REVIEWED_CONFIRMED,YES,PASS
requirement,CAN-LAM-ARCH-185,REVIEWED_CONFIRMED,YES,PASS
requirement,CAN-LAM-ARCH-186,REVIEWED_CONFIRMED,YES,PASS
requirement,CAN-LAM-ARCH-187,REVIEWED_CONFIRMED,YES,PASS
requirement,CAN-LAM-ARCH-188,REVIEWED_CORRECTED,YES,PASS
requirement,CAN-LAM-ARCH-189,RECLASSIFIED,YES,PASS
requirement,CAN-LAM-ARCH-190,REVIEWED_CONFIRMED,YES,PASS
requirement,CAN-LAM-ARCH-191,REVIEWED_CORRECTED,YES,PASS
requirement,CAN-LAM-ARCH-192,REVIEWED_CORRECTED,YES,PASS
requirement,CAN-LAM-ARCH-193,REVIEWED_CORRECTED,YES,PASS
requirement,CAN-LAM-ARCH-194,REVIEWED_CONFIRMED,YES,PASS
requirement,CAN-LAM-ARCH-195,REVIEWED_CORRECTED,YES,PASS
requirement,CAN-LAM-ARCH-196,REVIEWED_CONFIRMED,YES,PASS
requirement,CAN-LAM-ARCH-197,RECLASSIFIED,YES,PASS
requirement,CAN-LAM-ARCH-198,RECLASSIFIED,YES,PASS
requirement,CAN-LAM-ARCH-199,RECLASSIFIED,YES,PASS
requirement,CAN-LAM-ARCH-200,RECLASSIFIED,YES,PASS
requirement,CAN-LAM-ARCH-201,RECLASSIFIED,YES,PASS
requirement,CAN-LAM-ARCH-202,RECLASSIFIED,YES,PASS
requirement,CAN-LAM-ARCH-203,RECLASSIFIED,YES,PASS
requirement,CAN-LAM-ARCH-204,RECLASSIFIED,YES,PASS
requirement,CAN-LAM-ARCH-205,RECLASSIFIED,YES,PASS
requirement,CAN-LAM-ARCH-206,RECLASSIFIED,YES,PASS
requirement,CAN-LAM-ARCH-207,RECLASSIFIED,YES,PASS
requirement,CAN-LAM-ARCH-208,RECLASSIFIED,YES,PASS
requirement,CAN-LAM-ARCH-209,RECLASSIFIED,YES,PASS
requirement,CAN-LAM-ARCH-210,RECLASSIFIED,YES,PASS
requirement,CAN-LAM-ARCH-211,RECLASSIFIED,YES,PASS
requirement,CAN-LAM-ARCH-212,RECLASSIFIED,YES,PASS
requirement,CAN-LAM-ARCH-213,REVIEWED_CORRECTED,YES,PASS
requirement,CAN-LAM-ARCH-214,RECLASSIFIED,YES,PASS
requirement,CAN-LAM-ARCH-215,REVIEWED_CORRECTED,YES,PASS
requirement,CAN-LAM-ARCH-216,REVIEWED_CORRECTED,YES,PASS
requirement,CAN-LAM-ARCH-217,REVIEWED_CORRECTED,YES,PASS
requirement,CAN-LAM-ARCH-218,REVIEWED_CORRECTED,YES,PASS
requirement,CAN-LAM-ARCH-219,REVIEWED_CORRECTED,YES,PASS
requirement,CAN-LAM-ARCH-220,REVIEWED_CORRECTED,YES,PASS
requirement,CAN-LAM-ARCH-221,REVIEWED_CORRECTED,YES,PASS
requirement,CAN-LAM-ARCH-222,REVIEWED_CORRECTED,YES,PASS
requirement,CAN-LAM-ARCH-223,NOT_APPLICABLE,YES,PASS
requirement,CAN-LAM-ARCH-224,RECLASSIFIED,YES,PASS
requirement,CAN-LAM-ARCH-225,RECLASSIFIED,YES,PASS
requirement,CAN-LAM-ARCH-226,NOT_APPLICABLE,YES,PASS
requirement,CAN-LAM-ARCH-227,NOT_APPLICABLE,YES,PASS
requirement,CAN-LAM-ARCH-228,REVIEWED_CORRECTED,YES,PASS
requirement,CAN-LAM-ARCH-229,REVIEWED_CORRECTED,YES,PASS
requirement,CAN-LAM-ARCH-230,REVIEWED_CORRECTED,YES,PASS
requirement,CAN-LAM-ARCH-231,REVIEWED_CORRECTED,YES,PASS
requirement,CAN-LAM-ARCH-232,REVIEWED_CORRECTED,YES,PASS
requirement,CAN-LAM-ARCH-233,REVIEWED_CORRECTED,YES,PASS
requirement,CAN-LAM-ARCH-234,REVIEWED_CORRECTED,YES,PASS
requirement,CAN-LAM-ARCH-235,REVIEWED_CORRECTED,YES,PASS
requirement,CAN-LAM-ARCH-236,REVIEWED_CORRECTED,YES,PASS
requirement,CAN-LAM-ARCH-237,REVIEWED_CORRECTED,YES,PASS
requirement,CAN-LAM-ARCH-238,REVIEWED_CORRECTED,YES,PASS
requirement,CAN-LAM-ARCH-239,REVIEWED_CORRECTED,YES,PASS
requirement,CAN-LAM-ARCH-240,REVIEWED_CORRECTED,YES,PASS
requirement,CAN-LAM-ARCH-241,REVIEWED_CORRECTED,YES,PASS
requirement,CAN-LAM-ARCH-242,REVIEWED_CORRECTED,YES,PASS
requirement,CAN-LAM-ARCH-243,REVIEWED_CORRECTED,YES,PASS
requirement,CAN-LAM-ARCH-244,REVIEWED_CORRECTED,YES,PASS
requirement,CAN-LAM-ARCH-245,REVIEWED_CORRECTED,YES,PASS
requirement,CAN-LAM-ARCH-246,REVIEWED_CORRECTED,YES,PASS
requirement,CAN-LAM-ARCH-247,REVIEWED_CORRECTED,YES,PASS
requirement,CAN-LAM-ARCH-248,REVIEWED_CORRECTED,YES,PASS
requirement,CAN-LAM-ARCH-249,REVIEWED_CONFIRMED,YES,PASS
requirement,CAN-LAM-ARCH-250,REVIEWED_CORRECTED,YES,PASS
requirement,CAN-LAM-ARCH-251,REVIEWED_CORRECTED,YES,PASS
requirement,CAN-LAM-ARCH-252,REVIEWED_CORRECTED,YES,PASS
requirement,CAN-LAM-ARCH-253,REVIEWED_CORRECTED,YES,PASS
requirement,CAN-LAM-ARCH-254,REVIEWED_CORRECTED,YES,PASS
requirement,CAN-LAM-ARCH-255,REVIEWED_CORRECTED,YES,PASS
requirement,CAN-LAM-ARCH-256,REVIEWED_CORRECTED,YES,PASS
requirement,CAN-LAM-ARCH-257,REVIEWED_CORRECTED,YES,PASS
requirement,CAN-LAM-ARCH-258,REVIEWED_CORRECTED,YES,PASS
requirement,CAN-LAM-ARCH-259,REVIEWED_CORRECTED,YES,PASS
requirement,CAN-LAM-ARCH-260,REVIEWED_CONFIRMED,YES,PASS
requirement,CAN-LAM-ARCH-261,REVIEWED_CONFIRMED,YES,PASS
requirement,CAN-LAM-ARCH-262,REVIEWED_CONFIRMED,YES,PASS
requirement,CAN-LAM-ARCH-263,REVIEWED_CONFIRMED,YES,PASS
requirement,CAN-LAM-ARCH-264,REVIEWED_CONFIRMED,YES,PASS
requirement,CAN-LAM-ARCH-265,REVIEWED_CONFIRMED,YES,PASS
requirement,CAN-LAM-ARCH-266,REVIEWED_CONFIRMED,YES,PASS
requirement,CAN-LAM-ARCH-267,REVIEWED_CORRECTED,YES,PASS
requirement,CAN-LAM-ARCH-268,NOT_APPLICABLE,YES,PASS
requirement,CAN-LAM-ARCH-269,RECLASSIFIED,YES,PASS
requirement,CAN-LAM-ARCH-270,RECLASSIFIED,YES,PASS
requirement,CAN-LAM-ARCH-271,REVIEWED_CORRECTED,YES,PASS
requirement,CAN-LAM-ARCH-272,REVIEWED_CORRECTED,YES,PASS
requirement,CAN-LAM-ARCH-273,REVIEWED_CORRECTED,YES,PASS
requirement,CAN-LAM-ARCH-274,REVIEWED_CORRECTED,YES,PASS
requirement,CAN-LAM-ARCH-275,REVIEWED_CORRECTED,YES,PASS
requirement,CAN-LAM-ARCH-276,REVIEWED_CORRECTED,YES,PASS
requirement,CAN-LAM-ARCH-277,REVIEWED_CORRECTED,YES,PASS
requirement,CAN-LAM-ARCH-278,REVIEWED_CORRECTED,YES,PASS
requirement,CAN-LAM-ARCH-279,REVIEWED_CORRECTED,YES,PASS
requirement,CAN-LAM-ARCH-280,REVIEWED_CORRECTED,YES,PASS
requirement,CAN-LAM-ARCH-281,REVIEWED_CORRECTED,YES,PASS
requirement,CAN-LAM-ARCH-282,REVIEWED_CORRECTED,YES,PASS
requirement,CAN-LAM-ARCH-283,REVIEWED_CORRECTED,YES,PASS
requirement,CAN-LAM-ARCH-284,REVIEWED_CORRECTED,YES,PASS
requirement,CAN-LAM-ARCH-285,REVIEWED_CONFIRMED,YES,PASS
requirement,CAN-LAM-ARCH-286,REVIEWED_CONFIRMED,YES,PASS
requirement,CAN-LAM-ARCH-287,REVIEWED_CONFIRMED,YES,PASS
requirement,CAN-LAM-ARCH-288,REVIEWED_CONFIRMED,YES,PASS
requirement,CAN-LAM-ARCH-289,REVIEWED_CONFIRMED,YES,PASS
requirement,CAN-LAM-ARCH-290,REVIEWED_CONFIRMED,YES,PASS
requirement,CAN-LAM-ARCH-291,REVIEWED_CONFIRMED,YES,PASS
requirement,CAN-LAM-ARCH-292,REVIEWED_CORRECTED,YES,PASS
requirement,CAN-LAM-ARCH-293,REVIEWED_CORRECTED,YES,PASS
requirement,CAN-LAM-ARCH-294,REVIEWED_CORRECTED,YES,PASS
requirement,CAN-LAM-ARCH-295,REVIEWED_CORRECTED,YES,PASS
requirement,CAN-LAM-ARCH-296,REVIEWED_CORRECTED,YES,PASS
requirement,CAN-LAM-ARCH-297,REVIEWED_CORRECTED,YES,PASS
requirement,CAN-LAM-ARCH-298,REVIEWED_CORRECTED,YES,PASS
requirement,CAN-LAM-ARCH-299,REVIEWED_CORRECTED,YES,PASS
requirement,CAN-LAM-ARCH-300,REVIEWED_CORRECTED,YES,PASS
requirement,CAN-LAM-ARCH-301,REVIEWED_CORRECTED,YES,PASS
requirement,CAN-LAM-ARCH-302,REVIEWED_CORRECTED,YES,PASS
requirement,CAN-LAM-ARCH-303,REVIEWED_CONFIRMED,YES,PASS
requirement,CAN-LAM-ARCH-304,REVIEWED_CONFIRMED,YES,PASS
requirement,CAN-LAM-ARCH-305,REVIEWED_CORRECTED,YES,PASS
requirement,CAN-LAM-ARCH-306,REVIEWED_CORRECTED,YES,PASS
requirement,CAN-LAM-ARCH-307,REVIEWED_CORRECTED,YES,PASS
requirement,CAN-LAM-ARCH-308,NOT_APPLICABLE,YES,PASS
requirement,CAN-LAM-ARCH-309,REVIEWED_CORRECTED,YES,PASS
requirement,CAN-LAM-ARCH-310,REVIEWED_CORRECTED,YES,PASS
requirement,CAN-LAM-ARCH-311,REVIEWED_CORRECTED,YES,PASS
requirement,CAN-LAM-ARCH-312,REVIEWED_CORRECTED,YES,PASS
requirement,CAN-LAM-ARCH-313,REVIEWED_CORRECTED,YES,PASS
requirement,CAN-LAM-ARCH-314,REVIEWED_CORRECTED,YES,PASS
requirement,CAN-LAM-ARCH-315,REVIEWED_CORRECTED,YES,PASS
requirement,CAN-LAM-ARCH-316,REVIEWED_CORRECTED,YES,PASS
requirement,CAN-LAM-ARCH-317,REVIEWED_CORRECTED,YES,PASS
requirement,CAN-LAM-ARCH-318,REVIEWED_CORRECTED,YES,PASS
requirement,CAN-LAM-ARCH-319,REVIEWED_CORRECTED,YES,PASS
requirement,CAN-LAM-ARCH-320,REVIEWED_CORRECTED,YES,PASS
requirement,CAN-LAM-ARCH-321,NOT_APPLICABLE,YES,PASS
requirement,CAN-LAM-ARCH-322,NOT_APPLICABLE,YES,PASS
requirement,CAN-LAM-ARCH-323,NOT_APPLICABLE,YES,PASS
requirement,CAN-LAM-ARCH-324,NOT_APPLICABLE,YES,PASS
requirement,CAN-LAM-ARCH-325,REVIEWED_CORRECTED,YES,PASS
requirement,CAN-LAM-ARCH-326,REVIEWED_CORRECTED,YES,PASS
requirement,CAN-LAM-ARCH-327,NOT_APPLICABLE,YES,PASS
requirement,CAN-LAM-ARCH-328,NOT_APPLICABLE,YES,PASS
requirement,CAN-LAM-ARCH-329,NOT_APPLICABLE,YES,PASS
requirement,CAN-LAM-ARCH-330,REVIEWED_CONFIRMED,YES,PASS
requirement,CAN-LAM-ARCH-331,REVIEWED_CONFIRMED,YES,PASS
requirement,CAN-LAM-ARCH-332,REVIEWED_CORRECTED,YES,PASS
requirement,CAN-LAM-ARCH-333,REVIEWED_CORRECTED,YES,PASS
requirement,CAN-LAM-ARCH-334,NOT_APPLICABLE,YES,PASS
requirement,CAN-LAM-ARCH-335,REVIEWED_CORRECTED,YES,PASS
requirement,CAN-LAM-ARCH-336,NOT_APPLICABLE,YES,PASS
requirement,CAN-LAM-ARCH-337,NOT_APPLICABLE,YES,PASS
requirement,CAN-LAM-ARCH-338,REVIEWED_CONFIRMED,YES,PASS
requirement,CAN-LAM-ARCH-339,REVIEWED_CONFIRMED,YES,PASS
requirement,CAN-LAM-ARCH-340,REVIEWED_CONFIRMED,YES,PASS
requirement,CAN-LAM-ARCH-341,REVIEWED_CONFIRMED,YES,PASS
requirement,CAN-LAM-ARCH-342,REVIEWED_CONFIRMED,YES,PASS
requirement,CAN-LAM-ARCH-343,REVIEWED_CONFIRMED,YES,PASS
requirement,CAN-LAM-ARCH-344,REVIEWED_CONFIRMED,YES,PASS
requirement,CAN-LAM-ARCH-345,REVIEWED_CORRECTED,YES,PASS
requirement,CAN-LAM-ARCH-346,REVIEWED_CORRECTED,YES,PASS
requirement,CAN-LAM-ARCH-347,REVIEWED_CONFIRMED,YES,PASS
requirement,CAN-LAM-ARCH-348,NOT_APPLICABLE,YES,PASS
requirement,CAN-LAM-ARCH-349,REVIEWED_CORRECTED,YES,PASS
requirement,CAN-LAM-ARCH-350,REVIEWED_CORRECTED,YES,PASS
requirement,CAN-LAM-ARCH-351,REVIEWED_CORRECTED,YES,PASS
requirement,CAN-LAM-ARCH-352,REVIEWED_CONFIRMED,YES,PASS
requirement,CAN-LAM-ARCH-353,REVIEWED_CONFIRMED,YES,PASS
requirement,CAN-LAM-ARCH-354,REVIEWED_CONFIRMED,YES,PASS
requirement,CAN-LAM-ARCH-355,REVIEWED_CONFIRMED,YES,PASS
requirement,CAN-LAM-ARCH-356,REVIEWED_CONFIRMED,YES,PASS
requirement,CAN-LAM-ARCH-357,REVIEWED_CONFIRMED,YES,PASS
requirement,CAN-LAM-ARCH-358,REVIEWED_CONFIRMED,YES,PASS
requirement,CAN-LAM-ARCH-359,RECLASSIFIED,YES,PASS
requirement,CAN-LAM-ARCH-360,REVIEWED_CONFIRMED,YES,PASS
requirement,CAN-LAM-ARCH-361,REVIEWED_CONFIRMED,YES,PASS
requirement,CAN-LAM-ARCH-362,NOT_APPLICABLE,YES,PASS
requirement,CAN-LAM-ARCH-363,REVIEWED_CONFIRMED,YES,PASS
requirement,CAN-LAM-ARCH-364,REVIEWED_CONFIRMED,YES,PASS
requirement,CAN-LAM-ARCH-365,REVIEWED_CONFIRMED,YES,PASS
requirement,CAN-LAM-ARCH-366,REVIEWED_CONFIRMED,YES,PASS
requirement,CAN-LAM-ARCH-367,REVIEWED_CONFIRMED,YES,PASS
requirement,CAN-LAM-ARCH-368,REVIEWED_CORRECTED,YES,PASS
requirement,CAN-LAM-ARCH-369,NOT_APPLICABLE,YES,PASS
requirement,CAN-LAM-ARCH-370,REVIEWED_CORRECTED,YES,PASS
requirement,CAN-LAM-ARCH-371,NOT_APPLICABLE,YES,PASS
requirement,CAN-LAM-ARCH-372,NOT_APPLICABLE,YES,PASS
requirement,CAN-LAM-ARCH-373,NOT_APPLICABLE,YES,PASS
requirement,CAN-LAM-ARCH-374,REVIEWED_CORRECTED,YES,PASS
requirement,CAN-LAM-ARCH-375,REVIEWED_CORRECTED,YES,PASS
requirement,CAN-LAM-ARCH-376,REVIEWED_CORRECTED,YES,PASS
requirement,CAN-LAM-ARCH-377,NOT_APPLICABLE,YES,PASS
requirement,CAN-LAM-ARCH-378,NOT_APPLICABLE,YES,PASS
requirement,CAN-LAM-ARCH-379,NOT_APPLICABLE,YES,PASS
requirement,CAN-LAM-ARCH-380,REVIEWED_CORRECTED,YES,PASS
requirement,CAN-LAM-ARCH-381,REVIEWED_CORRECTED,YES,PASS
requirement,CAN-LAM-ARCH-382,REVIEWED_CORRECTED,YES,PASS
requirement,CAN-LAM-ARCH-383,REVIEWED_CORRECTED,YES,PASS
requirement,CAN-LAM-ARCH-384,REVIEWED_CORRECTED,YES,PASS
requirement,CAN-LAM-ARCH-385,REVIEWED_CORRECTED,YES,PASS
requirement,CAN-LAM-ARCH-386,REVIEWED_CORRECTED,YES,PASS
requirement,CAN-LAM-ARCH-387,REVIEWED_CORRECTED,YES,PASS
requirement,CAN-LAM-ARCH-388,NOT_APPLICABLE,YES,PASS
requirement,CAN-LAM-ARCH-389,NOT_APPLICABLE,YES,PASS
requirement,CAN-LAM-ARCH-390,REVIEWED_CORRECTED,YES,PASS
requirement,CAN-LAM-ARCH-391,REVIEWED_CORRECTED,YES,PASS
requirement,CAN-LAM-ARCH-392,REVIEWED_CORRECTED,YES,PASS
requirement,CAN-LAM-ARCH-393,REVIEWED_CORRECTED,YES,PASS
requirement,CAN-LAM-ARCH-394,REVIEWED_CORRECTED,YES,PASS
requirement,CAN-LAM-ARCH-395,REVIEWED_CORRECTED,YES,PASS
requirement,CAN-LAM-ARCH-396,REVIEWED_CORRECTED,YES,PASS
requirement,CAN-LAM-ARCH-397,NOT_APPLICABLE,YES,PASS
requirement,CAN-LAM-ARCH-398,REVIEWED_CORRECTED,YES,PASS
requirement,CAN-LAM-ARCH-399,REVIEWED_CORRECTED,YES,PASS
requirement,CAN-LAM-ARCH-400,REVIEWED_CORRECTED,YES,PASS
requirement,CAN-LAM-ARCH-401,REVIEWED_CORRECTED,YES,PASS
requirement,CAN-LAM-ARCH-402,REVIEWED_CORRECTED,YES,PASS
requirement,CAN-LAM-ARCH-403,REVIEWED_CORRECTED,YES,PASS
requirement,CAN-LAM-ARCH-404,REVIEWED_CORRECTED,YES,PASS
requirement,CAN-LAM-ARCH-405,REVIEWED_CORRECTED,YES,PASS
requirement,CAN-LAM-ARCH-406,REVIEWED_CORRECTED,YES,PASS
requirement,CAN-LAM-ARCH-407,REVIEWED_CORRECTED,YES,PASS
requirement,CAN-LAM-ARCH-408,REVIEWED_CORRECTED,YES,PASS
requirement,CAN-LAM-ARCH-409,REVIEWED_CORRECTED,YES,PASS
requirement,CAN-LAM-ARCH-410,NOT_APPLICABLE,YES,PASS
requirement,CAN-LAM-ARCH-411,NOT_APPLICABLE,YES,PASS
requirement,CAN-LAM-ARCH-412,REVIEWED_CORRECTED,YES,PASS
requirement,CAN-LAM-ARCH-413,REVIEWED_CORRECTED,YES,PASS
requirement,CAN-LAM-ARCH-414,NOT_APPLICABLE,YES,PASS
requirement,CAN-LAM-ARCH-415,RECLASSIFIED,YES,PASS
requirement,CAN-LAM-ARCH-416,REVIEWED_CORRECTED,YES,PASS
requirement,CAN-LAM-ARCH-417,REVIEWED_CORRECTED,YES,PASS
requirement,CAN-LAM-ARCH-418,REVIEWED_CORRECTED,YES,PASS
requirement,CAN-LAM-ARCH-419,NOT_APPLICABLE,YES,PASS
requirement,CAN-LAM-ARCH-420,NOT_APPLICABLE,YES,PASS
requirement,CAN-LAM-ARCH-421,NOT_APPLICABLE,YES,PASS
requirement,CAN-LAM-ARCH-422,NOT_APPLICABLE,YES,PASS
requirement,CAN-LAM-ARCH-423,NOT_APPLICABLE,YES,PASS
requirement,CAN-LAM-ARCH-424,REVIEWED_CONFIRMED,YES,PASS
requirement,CAN-LAM-ARCH-425,REVIEWED_CORRECTED,YES,PASS
requirement,CAN-LAM-ARCH-426,REVIEWED_CONFIRMED,YES,PASS
requirement,CAN-LAM-ARCH-427,REVIEWED_CONFIRMED,YES,PASS
requirement,CAN-LAM-ARCH-428,REVIEWED_CONFIRMED,YES,PASS
requirement,CAN-LAM-ARCH-429,REVIEWED_CONFIRMED,YES,PASS
requirement,CAN-LAM-ARCH-430,REVIEWED_CONFIRMED,YES,PASS
requirement,CAN-LAM-ARCH-431,REVIEWED_CONFIRMED,YES,PASS
requirement,CAN-LAM-ARCH-432,REVIEWED_CONFIRMED,YES,PASS
requirement,CAN-LAM-ARCH-433,REVIEWED_CONFIRMED,YES,PASS
requirement,CAN-LAM-ARCH-434,REVIEWED_CORRECTED,YES,PASS
requirement,CAN-LAM-ARCH-435,REVIEWED_CORRECTED,YES,PASS
requirement,CAN-LAM-ARCH-436,REVIEWED_CORRECTED,YES,PASS
requirement,CAN-LAM-ARCH-437,REVIEWED_CORRECTED,YES,PASS
requirement,CAN-LAM-ARCH-438,REVIEWED_CORRECTED,YES,PASS
requirement,CAN-LAM-ARCH-439,REVIEWED_CORRECTED,YES,PASS
requirement,CAN-LAM-ARCH-440,REVIEWED_CORRECTED,YES,PASS
requirement,CAN-LAM-ARCH-441,REVIEWED_CORRECTED,YES,PASS
requirement,CAN-LAM-ARCH-442,REVIEWED_CORRECTED,YES,PASS
requirement,CAN-LAM-ARCH-443,REVIEWED_CORRECTED,YES,PASS
requirement,CAN-LAM-ARCH-444,REVIEWED_CONFIRMED,YES,PASS
requirement,CAN-LAM-ARCH-445,NOT_APPLICABLE,YES,PASS
requirement,CAN-LAM-ARCH-446,REVIEWED_CONFIRMED,YES,PASS
requirement,CAN-LAM-ARCH-447,REVIEWED_CONFIRMED,YES,PASS
requirement,CAN-LAM-ARCH-448,REVIEWED_CONFIRMED,YES,PASS
requirement,CAN-LAM-ARCH-449,REVIEWED_CONFIRMED,YES,PASS
requirement,CAN-LAM-ARCH-450,REVIEWED_CONFIRMED,YES,PASS
requirement,CAN-LAM-ARCH-451,REVIEWED_CONFIRMED,YES,PASS
requirement,CAN-LAM-ARCH-452,REVIEWED_CONFIRMED,YES,PASS
requirement,CAN-LAM-ARCH-453,REVIEWED_CONFIRMED,YES,PASS
requirement,CAN-LAM-ARCH-454,REVIEWED_CONFIRMED,YES,PASS
requirement,CAN-LAM-ARCH-455,RECLASSIFIED,YES,PASS
requirement,CAN-LAM-ARCH-456,RECLASSIFIED,YES,PASS
requirement,CAN-LAM-ARCH-457,RECLASSIFIED,YES,PASS
requirement,CAN-LAM-ARCH-458,NOT_APPLICABLE,YES,PASS
requirement,CAN-LAM-ARCH-459,NOT_APPLICABLE,YES,PASS
requirement,CAN-LAM-ARCH-460,NOT_APPLICABLE,YES,PASS
requirement,CAN-LAM-ARCH-461,NOT_APPLICABLE,YES,PASS
requirement,CAN-LAM-ARCH-462,NOT_APPLICABLE,YES,PASS
requirement,CAN-LAM-ARCH-463,NOT_APPLICABLE,YES,PASS
requirement,CAN-LAM-ARCH-464,NOT_APPLICABLE,YES,PASS
requirement,CAN-LAM-ARCH-465,NOT_APPLICABLE,YES,PASS
requirement,CAN-LAM-ARCH-466,NOT_APPLICABLE,YES,PASS
requirement,CAN-LAM-ARCH-467,NOT_APPLICABLE,YES,PASS
requirement,CAN-LAM-ARCH-468,NOT_APPLICABLE,YES,PASS
requirement,CAN-LAM-ARCH-469,NOT_APPLICABLE,YES,PASS
requirement,CAN-LAM-ARCH-470,NOT_APPLICABLE,YES,PASS
requirement,CAN-LAM-ARCH-471,NOT_APPLICABLE,YES,PASS
requirement,CAN-LAM-ARCH-472,NOT_APPLICABLE,YES,PASS
requirement,CAN-LAM-ARCH-473,NOT_APPLICABLE,YES,PASS
requirement,CAN-LAM-ARCH-474,NOT_APPLICABLE,YES,PASS
requirement,CAN-LAM-ARCH-475,NOT_APPLICABLE,YES,PASS
requirement,CAN-LAM-ARCH-476,NOT_APPLICABLE,YES,PASS
requirement,CAN-LAM-ARCH-477,NOT_APPLICABLE,YES,PASS
requirement,CAN-LAM-ARCH-478,NOT_APPLICABLE,YES,PASS
requirement,CAN-LAM-ARCH-479,NOT_APPLICABLE,YES,PASS
requirement,CAN-LAM-ARCH-480,NOT_APPLICABLE,YES,PASS
requirement,CAN-LAM-ARCH-481,NOT_APPLICABLE,YES,PASS
requirement,CAN-LAM-ARCH-482,NOT_APPLICABLE,YES,PASS
requirement,CAN-LAM-ARCH-483,NOT_APPLICABLE,YES,PASS
requirement,CAN-LAM-ARCH-484,NOT_APPLICABLE,YES,PASS
requirement,CAN-LAM-ARCH-485,NOT_APPLICABLE,YES,PASS
requirement,CAN-LAM-ARCH-486,NOT_APPLICABLE,YES,PASS
requirement,CAN-LAM-ARCH-487,NOT_APPLICABLE,YES,PASS
requirement,CAN-LAM-ARCH-488,NOT_APPLICABLE,YES,PASS
requirement,CAN-LAM-ARCH-489,NOT_APPLICABLE,YES,PASS
requirement,CAN-LAM-ARCH-490,NOT_APPLICABLE,YES,PASS
requirement,CAN-LAM-ARCH-491,NOT_APPLICABLE,YES,PASS
requirement,CAN-LAM-ARCH-492,NOT_APPLICABLE,YES,PASS
requirement,CAN-LAM-ARCH-493,REVIEWED_CONFIRMED,YES,PASS
requirement,CAN-LAM-ARCH-494,NOT_APPLICABLE,YES,PASS
requirement,CAN-LAM-ARCH-495,REVIEWED_CONFIRMED,YES,PASS
requirement,CAN-LAM-ARCH-496,REVIEWED_CONFIRMED,YES,PASS
requirement,CAN-LAM-ARCH-497,REVIEWED_CONFIRMED,YES,PASS
requirement,CAN-LAM-ARCH-498,REVIEWED_CONFIRMED,YES,PASS
requirement,CAN-LAM-ARCH-499,REVIEWED_CONFIRMED,YES,PASS
requirement,CAN-LAM-ARCH-500,REVIEWED_CONFIRMED,YES,PASS
requirement,CAN-LAM-ARCH-501,NOT_APPLICABLE,YES,PASS
requirement,CAN-LAM-ARCH-502,REVIEWED_CONFIRMED,YES,PASS
requirement,CAN-LAM-ARCH-503,REVIEWED_CONFIRMED,YES,PASS
requirement,CAN-LAM-ARCH-504,REVIEWED_CONFIRMED,YES,PASS
requirement,CAN-LAM-ARCH-505,REVIEWED_CONFIRMED,YES,PASS
requirement,CAN-LAM-ARCH-506,REVIEWED_CONFIRMED,YES,PASS
requirement,CAN-LAM-ARCH-507,REVIEWED_CONFIRMED,YES,PASS
requirement,CAN-LAM-ARCH-508,REVIEWED_CONFIRMED,YES,PASS
requirement,CAN-LAM-ARCH-509,REVIEWED_CONFIRMED,YES,PASS
requirement,CAN-LAM-ASSET-001,NOT_APPLICABLE,YES,PASS
requirement,CAN-LAM-ASSET-002,REVIEWED_CONFIRMED,YES,PASS
requirement,CAN-LAM-ASSET-003,NOT_APPLICABLE,YES,PASS
requirement,CAN-LAM-ASSET-004,REVIEWED_CORRECTED,YES,PASS
requirement,CAN-LAM-ASSET-005,NOT_APPLICABLE,YES,PASS
requirement,CAN-LAM-ASSET-006,NOT_APPLICABLE,YES,PASS
requirement,CAN-LAM-ASSET-007,NOT_APPLICABLE,YES,PASS
requirement,CAN-LAM-ASSET-008,NOT_APPLICABLE,YES,PASS
requirement,CAN-LAM-ASSET-009,NOT_APPLICABLE,YES,PASS
requirement,CAN-LAM-ASSET-010,NOT_APPLICABLE,YES,PASS
requirement,CAN-LAM-ASSET-011,REVIEWED_CONFIRMED,YES,PASS
requirement,CAN-LAM-ASSET-012,NOT_APPLICABLE,YES,PASS
requirement,CAN-LAM-ASSET-013,REVIEWED_CONFIRMED,YES,PASS
requirement,CAN-LAM-ASSET-014,NOT_APPLICABLE,YES,PASS
requirement,CAN-LAM-ASSET-015,NOT_APPLICABLE,YES,PASS
requirement,CAN-LAM-ASSET-016,NOT_APPLICABLE,YES,PASS
requirement,CAN-LAM-ASSET-017,NOT_APPLICABLE,YES,PASS
requirement,CAN-LAM-ASSET-018,REVIEWED_CONFIRMED,YES,PASS
requirement,CAN-LAM-ASSET-019,NOT_APPLICABLE,YES,PASS
requirement,CAN-LAM-ASSET-020,NOT_APPLICABLE,YES,PASS
requirement,CAN-LAM-ASSET-021,NOT_APPLICABLE,YES,PASS
requirement,CAN-LAM-ASSET-022,NOT_APPLICABLE,YES,PASS
requirement,CAN-LAM-ASSET-023,NOT_APPLICABLE,YES,PASS
requirement,CAN-LAM-ASSET-024,REVIEWED_CONFIRMED,YES,PASS
requirement,CAN-LAM-ASSET-025,NOT_APPLICABLE,YES,PASS
requirement,CAN-LAM-ASSET-026,REVIEWED_CORRECTED,YES,PASS
requirement,CAN-LAM-ASSET-027,REVIEWED_CORRECTED,YES,PASS
requirement,CAN-LAM-ASSET-028,REVIEWED_CORRECTED,YES,PASS
requirement,CAN-LAM-ASSET-029,REVIEWED_CONFIRMED,YES,PASS
requirement,CAN-LAM-ASSET-030,REVIEWED_CORRECTED,YES,PASS
requirement,CAN-LAM-ASSET-031,RECLASSIFIED,YES,PASS
requirement,CAN-LAM-ASSET-032,REVIEWED_CORRECTED,YES,PASS
requirement,CAN-LAM-ASSET-033,REVIEWED_CONFIRMED,YES,PASS
requirement,CAN-LAM-ASSET-034,NOT_APPLICABLE,YES,PASS
requirement,CAN-LAM-ASSET-035,NOT_APPLICABLE,YES,PASS
requirement,CAN-LAM-ASSET-036,REVIEWED_CORRECTED,YES,PASS
requirement,CAN-LAM-ASSET-037,REVIEWED_CORRECTED,YES,PASS
requirement,CAN-LAM-ASSET-038,REVIEWED_CORRECTED,YES,PASS
requirement,CAN-LAM-ASSET-039,REVIEWED_CORRECTED,YES,PASS
requirement,CAN-LAM-ASSET-040,REVIEWED_CORRECTED,YES,PASS
requirement,CAN-LAM-ASSET-041,NOT_APPLICABLE,YES,PASS
requirement,CAN-LAM-ASSET-042,REVIEWED_CORRECTED,YES,PASS
requirement,CAN-LAM-ASSET-043,REVIEWED_CORRECTED,YES,PASS
requirement,CAN-LAM-ASSET-044,REVIEWED_CONFIRMED,YES,PASS
requirement,CAN-LAM-ASSET-045,REVIEWED_CONFIRMED,YES,PASS
requirement,CAN-LAM-ASSET-046,REVIEWED_CONFIRMED,YES,PASS
requirement,CAN-LAM-ASSET-047,REVIEWED_CORRECTED,YES,PASS
requirement,CAN-LAM-ASSET-048,REVIEWED_CORRECTED,YES,PASS
requirement,CAN-LAM-ASSET-049,REVIEWED_CORRECTED,YES,PASS
requirement,CAN-LAM-ASSET-050,REVIEWED_CORRECTED,YES,PASS
requirement,CAN-LAM-ASSET-051,NOT_APPLICABLE,YES,PASS
requirement,CAN-LAM-ASSET-052,NOT_APPLICABLE,YES,PASS
requirement,CAN-LAM-ASSET-053,NOT_APPLICABLE,YES,PASS
requirement,CAN-LAM-ASSET-054,NOT_APPLICABLE,YES,PASS
requirement,CAN-LAM-ASSET-055,REVIEWED_CORRECTED,YES,PASS
requirement,CAN-LAM-ASSET-056,REVIEWED_CORRECTED,YES,PASS
requirement,CAN-LAM-ASSET-057,REVIEWED_CORRECTED,YES,PASS
requirement,CAN-LAM-ASSET-058,REVIEWED_CORRECTED,YES,PASS
requirement,CAN-LAM-ASSET-059,NOT_APPLICABLE,YES,PASS
requirement,CAN-LAM-ASSET-060,REVIEWED_CORRECTED,YES,PASS
requirement,CAN-LAM-ASSET-061,NOT_APPLICABLE,YES,PASS
requirement,CAN-LAM-ASSET-062,RECLASSIFIED,YES,PASS
requirement,CAN-LAM-ASSET-063,RECLASSIFIED,YES,PASS
requirement,CAN-LAM-ASSET-064,NOT_APPLICABLE,YES,PASS
requirement,CAN-LAM-ASSET-065,REVIEWED_CONFIRMED,YES,PASS
requirement,CAN-LAM-ASSET-066,REVIEWED_CONFIRMED,YES,PASS
requirement,CAN-LAM-ASSET-067,NOT_APPLICABLE,YES,PASS
requirement,CAN-LAM-ASSET-068,REVIEWED_CONFIRMED,YES,PASS
requirement,CAN-LAM-ASSET-069,REVIEWED_CONFIRMED,YES,PASS
requirement,CAN-LAM-ASSET-070,REVIEWED_CORRECTED,YES,PASS
requirement,CAN-LAM-ASSET-071,RECLASSIFIED,YES,PASS
requirement,CAN-LAM-ASSET-072,RECLASSIFIED,YES,PASS
requirement,CAN-LAM-ASSET-073,NOT_APPLICABLE,YES,PASS
requirement,CAN-LAM-ASSET-074,NOT_APPLICABLE,YES,PASS
requirement,CAN-LAM-ASSET-075,REVIEWED_CONFIRMED,YES,PASS
requirement,CAN-LAM-ASSET-076,NOT_APPLICABLE,YES,PASS
requirement,CAN-LAM-ASSET-077,RECLASSIFIED,YES,PASS
requirement,CAN-LAM-ASSET-078,NOT_APPLICABLE,YES,PASS
requirement,CAN-LAM-ASSET-079,REVIEWED_CORRECTED,YES,PASS
requirement,CAN-LAM-ASSET-080,NOT_APPLICABLE,YES,PASS
requirement,CAN-LAM-ASSET-081,REVIEWED_CONFIRMED,YES,PASS
requirement,CAN-LAM-ASSET-082,REVIEWED_CORRECTED,YES,PASS
requirement,CAN-LAM-ASSET-083,REVIEWED_CONFIRMED,YES,PASS
requirement,CAN-LAM-ASSET-084,RECLASSIFIED,YES,PASS
requirement,CAN-LAM-ASSET-085,NOT_APPLICABLE,YES,PASS
requirement,CAN-LAM-ASSET-086,NOT_APPLICABLE,YES,PASS
requirement,CAN-LAM-ASSET-087,NOT_APPLICABLE,YES,PASS
requirement,CAN-LAM-ASSET-088,REVIEWED_CORRECTED,YES,PASS
requirement,CAN-LAM-ASSET-089,NOT_APPLICABLE,YES,PASS
requirement,CAN-LAM-ASSET-090,REVIEWED_CORRECTED,YES,PASS
requirement,CAN-LAM-ASSET-091,REVIEWED_CONFIRMED,YES,PASS
requirement,CAN-LAM-ASSET-092,REVIEWED_CORRECTED,YES,PASS
requirement,CAN-LAM-ASSET-093,NOT_APPLICABLE,YES,PASS
requirement,CAN-LAM-ASSET-094,REVIEWED_CORRECTED,YES,PASS
requirement,CAN-LAM-ASSET-095,NOT_APPLICABLE,YES,PASS
requirement,CAN-LAM-ASSET-096,REVIEWED_CORRECTED,YES,PASS
requirement,CAN-LAM-ASSET-097,NOT_APPLICABLE,YES,PASS
requirement,CAN-LAM-ASSET-098,RECLASSIFIED,YES,PASS
requirement,CAN-LAM-ASSET-099,RECLASSIFIED,YES,PASS
requirement,CAN-LAM-ASSET-100,RECLASSIFIED,YES,PASS
requirement,CAN-LAM-ASSET-101,NOT_APPLICABLE,YES,PASS
requirement,CAN-LAM-ASSET-102,NOT_APPLICABLE,YES,PASS
requirement,CAN-LAM-ASSET-103,NOT_APPLICABLE,YES,PASS
requirement,CAN-LAM-ASSET-104,NOT_APPLICABLE,YES,PASS
requirement,CAN-LAM-ASSET-105,NOT_APPLICABLE,YES,PASS
requirement,CAN-LAM-ASSET-106,RECLASSIFIED,YES,PASS
requirement,CAN-LAM-ASSET-107,RECLASSIFIED,YES,PASS
requirement,CAN-LAM-ASSET-108,RECLASSIFIED,YES,PASS
requirement,CAN-LAM-ASSET-109,RECLASSIFIED,YES,PASS
requirement,CAN-LAM-ASSET-110,NOT_APPLICABLE,YES,PASS
requirement,CAN-LAM-ASSET-111,NOT_APPLICABLE,YES,PASS
requirement,CAN-LAM-ASSET-112,NOT_APPLICABLE,YES,PASS
requirement,CAN-LAM-ASSET-113,RECLASSIFIED,YES,PASS
requirement,CAN-LAM-ASSET-114,RECLASSIFIED,YES,PASS
requirement,CAN-LAM-ASSET-115,RECLASSIFIED,YES,PASS
requirement,CAN-LAM-ASSET-116,RECLASSIFIED,YES,PASS
requirement,CAN-LAM-ASSET-117,REVIEWED_CORRECTED,YES,PASS
requirement,CAN-LAM-ASSET-118,REVIEWED_CORRECTED,YES,PASS
requirement,CAN-LAM-ASSET-119,NOT_APPLICABLE,YES,PASS
requirement,CAN-LAM-ASSET-120,REVIEWED_CORRECTED,YES,PASS
requirement,CAN-LAM-ASSET-121,REVIEWED_CORRECTED,YES,PASS
requirement,CAN-LAM-ASSET-122,NOT_APPLICABLE,YES,PASS
requirement,CAN-LAM-ASSET-123,REVIEWED_CORRECTED,YES,PASS
requirement,CAN-LAM-ASSET-124,REVIEWED_CORRECTED,YES,PASS
requirement,CAN-LAM-ASSET-125,REVIEWED_CORRECTED,YES,PASS
requirement,CAN-LAM-ASSET-126,REVIEWED_CORRECTED,YES,PASS
requirement,CAN-LAM-ASSET-127,REVIEWED_CONFIRMED,YES,PASS
requirement,CAN-LAM-ASSET-128,REVIEWED_CORRECTED,YES,PASS
requirement,CAN-LAM-ASSET-129,REVIEWED_CORRECTED,YES,PASS
requirement,CAN-LAM-ASSET-130,REVIEWED_CORRECTED,YES,PASS
requirement,CAN-LAM-ASSET-131,REVIEWED_CONFIRMED,YES,PASS
requirement,CAN-LAM-ASSET-132,REVIEWED_CONFIRMED,YES,PASS
requirement,CAN-LAM-ASSET-133,REVIEWED_CONFIRMED,YES,PASS
requirement,CAN-LAM-ASSET-134,REVIEWED_CONFIRMED,YES,PASS
requirement,CAN-LAM-ASSET-135,REVIEWED_CONFIRMED,YES,PASS
requirement,CAN-LAM-ASSET-136,NOT_APPLICABLE,YES,PASS
requirement,CAN-LAM-ASSET-137,REVIEWED_CORRECTED,YES,PASS
requirement,CAN-LAM-ASSET-138,REVIEWED_CORRECTED,YES,PASS
requirement,CAN-LAM-ASSET-139,REVIEWED_CONFIRMED,YES,PASS
requirement,CAN-LAM-ASSET-140,REVIEWED_CORRECTED,YES,PASS
requirement,CAN-LAM-ASSET-141,REVIEWED_CORRECTED,YES,PASS
requirement,CAN-LAM-ASSET-142,REVIEWED_CORRECTED,YES,PASS
requirement,CAN-LAM-ASSET-143,NOT_APPLICABLE,YES,PASS
requirement,CAN-LAM-ASSET-144,NOT_APPLICABLE,YES,PASS
requirement,CAN-LAM-ASSET-145,REVIEWED_CONFIRMED,YES,PASS
requirement,CAN-LAM-ASSET-146,RECLASSIFIED,YES,PASS
requirement,CAN-LAM-ASSET-147,REVIEWED_CORRECTED,YES,PASS
requirement,CAN-LAM-ASSET-148,REVIEWED_CORRECTED,YES,PASS
requirement,CAN-LAM-ASSET-149,NOT_APPLICABLE,YES,PASS
requirement,CAN-LAM-ASSET-150,NOT_APPLICABLE,YES,PASS
requirement,CAN-LAM-ASSET-151,NOT_APPLICABLE,YES,PASS
requirement,CAN-LAM-ASSET-152,NOT_APPLICABLE,YES,PASS
requirement,CAN-LAM-ASSET-153,NOT_APPLICABLE,YES,PASS
requirement,CAN-LAM-ASSET-154,NOT_APPLICABLE,YES,PASS
requirement,CAN-LAM-ASSET-155,NOT_APPLICABLE,YES,PASS
requirement,CAN-LAM-ASSET-156,NOT_APPLICABLE,YES,PASS
requirement,CAN-LAM-ASSET-157,NOT_APPLICABLE,YES,PASS
requirement,CAN-LAM-ASSET-158,REVIEWED_CONFIRMED,YES,PASS
requirement,CAN-LAM-ASSET-159,NOT_APPLICABLE,YES,PASS
requirement,CAN-LAM-ASSET-160,NOT_APPLICABLE,YES,PASS
requirement,CAN-LAM-ASSET-161,NOT_APPLICABLE,YES,PASS
requirement,CAN-LAM-ASSET-162,NOT_APPLICABLE,YES,PASS
requirement,CAN-LAM-ASSET-163,NOT_APPLICABLE,YES,PASS
requirement,CAN-LAM-ASSET-164,NOT_APPLICABLE,YES,PASS
requirement,CAN-LAM-ASSET-165,NOT_APPLICABLE,YES,PASS
requirement,CAN-LAM-ASSET-166,NOT_APPLICABLE,YES,PASS
requirement,CAN-LAM-ASSET-167,NOT_APPLICABLE,YES,PASS
requirement,CAN-LAM-ASSET-168,NOT_APPLICABLE,YES,PASS
requirement,CAN-LAM-ASSET-169,NOT_APPLICABLE,YES,PASS
requirement,CAN-LAM-ASSET-170,NOT_APPLICABLE,YES,PASS
requirement,CAN-LAM-ASSET-171,NOT_APPLICABLE,YES,PASS
requirement,CAN-LAM-ASSET-172,NOT_APPLICABLE,YES,PASS
requirement,CAN-LAM-ASSET-173,NOT_APPLICABLE,YES,PASS
requirement,CAN-LAM-ASSET-174,REVIEWED_CONFIRMED,YES,PASS
requirement,CAN-LAM-ASSET-175,NOT_APPLICABLE,YES,PASS
requirement,CAN-LAM-ASSET-176,NOT_APPLICABLE,YES,PASS
requirement,CAN-LAM-ASSET-177,NOT_APPLICABLE,YES,PASS
requirement,CAN-LAM-ASSET-178,NOT_APPLICABLE,YES,PASS
requirement,CAN-LAM-ASSET-179,NOT_APPLICABLE,YES,PASS
requirement,CAN-LAM-ASSET-180,NOT_APPLICABLE,YES,PASS
requirement,CAN-LAM-ASSET-181,NOT_APPLICABLE,YES,PASS
requirement,CAN-LAM-ASSET-182,NOT_APPLICABLE,YES,PASS
requirement,CAN-LAM-ASSET-183,NOT_APPLICABLE,YES,PASS
requirement,CAN-LAM-ASSET-184,NOT_APPLICABLE,YES,PASS
requirement,CAN-LAM-ASSET-185,NOT_APPLICABLE,YES,PASS
requirement,CAN-LAM-ASSET-186,REVIEWED_CORRECTED,YES,PASS
requirement,CAN-LAM-ASSET-187,NOT_APPLICABLE,YES,PASS
requirement,CAN-LAM-ASSET-188,NOT_APPLICABLE,YES,PASS
requirement,CAN-LAM-ASSET-189,REVIEWED_CORRECTED,YES,PASS
requirement,CAN-LAM-ASSET-190,NOT_APPLICABLE,YES,PASS
requirement,CAN-LAM-ASSET-191,REVIEWED_CORRECTED,YES,PASS
requirement,CAN-LAM-ASSET-192,NOT_APPLICABLE,YES,PASS
requirement,CAN-LAM-ASSET-193,NOT_APPLICABLE,YES,PASS
requirement,CAN-LAM-ASSET-194,NOT_APPLICABLE,YES,PASS
requirement,CAN-LAM-ASSET-195,RECLASSIFIED,YES,PASS
requirement,CAN-LAM-ASSET-196,NOT_APPLICABLE,YES,PASS
requirement,CAN-LAM-ASSET-197,REVIEWED_CORRECTED,YES,PASS
requirement,CAN-LAM-ASSET-198,REVIEWED_CORRECTED,YES,PASS
requirement,CAN-LAM-ASSET-199,NOT_APPLICABLE,YES,PASS
requirement,CAN-LAM-ASSET-200,NOT_APPLICABLE,YES,PASS
requirement,CAN-LAM-ASSET-201,NOT_APPLICABLE,YES,PASS
requirement,CAN-LAM-BACKUP-001,NOT_APPLICABLE,YES,PASS
requirement,CAN-LAM-BACKUP-002,REVIEWED_CORRECTED,YES,PASS
requirement,CAN-LAM-BACKUP-003,REVIEWED_CONFIRMED,YES,PASS
requirement,CAN-LAM-BACKUP-004,REVIEWED_CORRECTED,YES,PASS
requirement,CAN-LAM-BACKUP-005,REVIEWED_CORRECTED,YES,PASS
requirement,CAN-LAM-BACKUP-006,NOT_APPLICABLE,YES,PASS
requirement,CAN-LAM-BACKUP-007,RECLASSIFIED,YES,PASS
requirement,CAN-LAM-BACKUP-008,NOT_APPLICABLE,YES,PASS
requirement,CAN-LAM-BACKUP-009,NOT_APPLICABLE,YES,PASS
requirement,CAN-LAM-BACKUP-010,NOT_APPLICABLE,YES,PASS
requirement,CAN-LAM-BACKUP-011,NOT_APPLICABLE,YES,PASS
requirement,CAN-LAM-BACKUP-012,NOT_APPLICABLE,YES,PASS
requirement,CAN-LAM-BACKUP-013,NOT_APPLICABLE,YES,PASS
requirement,CAN-LAM-BACKUP-014,NOT_APPLICABLE,YES,PASS
requirement,CAN-LAM-BACKUP-015,NOT_APPLICABLE,YES,PASS
requirement,CAN-LAM-BACKUP-016,NOT_APPLICABLE,YES,PASS
requirement,CAN-LAM-BACKUP-017,NOT_APPLICABLE,YES,PASS
requirement,CAN-LAM-BACKUP-018,NOT_APPLICABLE,YES,PASS
requirement,CAN-LAM-BACKUP-019,NOT_APPLICABLE,YES,PASS
requirement,CAN-LAM-BACKUP-020,REVIEWED_CORRECTED,YES,PASS
requirement,CAN-LAM-BACKUP-021,REVIEWED_CORRECTED,YES,PASS
requirement,CAN-LAM-BACKUP-022,NOT_APPLICABLE,YES,PASS
requirement,CAN-LAM-BACKUP-023,NOT_APPLICABLE,YES,PASS
requirement,CAN-LAM-BACKUP-024,REVIEWED_CORRECTED,YES,PASS
requirement,CAN-LAM-BACKUP-025,NOT_APPLICABLE,YES,PASS
requirement,CAN-LAM-BACKUP-026,NOT_APPLICABLE,YES,PASS
requirement,CAN-LAM-DELETE-001,NOT_APPLICABLE,YES,PASS
requirement,CAN-LAM-DELETE-002,REVIEWED_CORRECTED,YES,PASS
requirement,CAN-LAM-DELETE-003,REVIEWED_CONFIRMED,YES,PASS
requirement,CAN-LAM-DELETE-004,REVIEWED_CONFIRMED,YES,PASS
requirement,CAN-LAM-DELETE-005,NOT_APPLICABLE,YES,PASS
requirement,CAN-LAM-DELETE-006,NOT_APPLICABLE,YES,PASS
requirement,CAN-LAM-DELETE-007,NOT_APPLICABLE,YES,PASS
requirement,CAN-LAM-DELETE-008,REVIEWED_CONFIRMED,YES,PASS
requirement,CAN-LAM-DELETE-009,NOT_APPLICABLE,YES,PASS
requirement,CAN-LAM-DELETE-010,NOT_APPLICABLE,YES,PASS
requirement,CAN-LAM-DELETE-011,NOT_APPLICABLE,YES,PASS
requirement,CAN-LAM-DELETE-012,NOT_APPLICABLE,YES,PASS
requirement,CAN-LAM-DELETE-013,NOT_APPLICABLE,YES,PASS
requirement,CAN-LAM-DELETE-014,REVIEWED_CONFIRMED,YES,PASS
requirement,CAN-LAM-DELETE-015,REVIEWED_CONFIRMED,YES,PASS
requirement,CAN-LAM-DELETE-016,NOT_APPLICABLE,YES,PASS
requirement,CAN-LAM-DELETE-017,NOT_APPLICABLE,YES,PASS
requirement,CAN-LAM-DELETE-018,NOT_APPLICABLE,YES,PASS
requirement,CAN-LAM-DELETE-019,NOT_APPLICABLE,YES,PASS
requirement,CAN-LAM-DELETE-020,NOT_APPLICABLE,YES,PASS
requirement,CAN-LAM-DELETE-021,REVIEWED_CONFIRMED,YES,PASS
requirement,CAN-LAM-DELETE-022,NOT_APPLICABLE,YES,PASS
requirement,CAN-LAM-DELETE-023,NOT_APPLICABLE,YES,PASS
requirement,CAN-LAM-DELETE-024,NOT_APPLICABLE,YES,PASS
requirement,CAN-LAM-DELETE-025,NOT_APPLICABLE,YES,PASS
requirement,CAN-LAM-DELETE-026,NOT_APPLICABLE,YES,PASS
requirement,CAN-LAM-DELETE-027,NOT_APPLICABLE,YES,PASS
requirement,CAN-LAM-DELETE-028,NOT_APPLICABLE,YES,PASS
requirement,CAN-LAM-DELETE-029,NOT_APPLICABLE,YES,PASS
requirement,CAN-LAM-DELETE-030,NOT_APPLICABLE,YES,PASS
requirement,CAN-LAM-DELETE-031,NOT_APPLICABLE,YES,PASS
requirement,CAN-LAM-DELETE-032,NOT_APPLICABLE,YES,PASS
requirement,CAN-LAM-DELETE-033,NOT_APPLICABLE,YES,PASS
requirement,CAN-LAM-DELETE-034,NOT_APPLICABLE,YES,PASS
requirement,CAN-LAM-DELETE-035,NOT_APPLICABLE,YES,PASS
requirement,CAN-LAM-DELETE-036,NOT_APPLICABLE,YES,PASS
requirement,CAN-LAM-DELETE-037,NOT_APPLICABLE,YES,PASS
requirement,CAN-LAM-DELETE-038,NOT_APPLICABLE,YES,PASS
requirement,CAN-LAM-DELETE-039,NOT_APPLICABLE,YES,PASS
requirement,CAN-LAM-DELETE-040,NOT_APPLICABLE,YES,PASS
requirement,CAN-LAM-DELETE-041,NOT_APPLICABLE,YES,PASS
requirement,CAN-LAM-DELETE-042,NOT_APPLICABLE,YES,PASS
requirement,CAN-LAM-DELETE-043,NOT_APPLICABLE,YES,PASS
requirement,CAN-LAM-DELETE-044,NOT_APPLICABLE,YES,PASS
requirement,CAN-LAM-DELETE-045,NOT_APPLICABLE,YES,PASS
requirement,CAN-LAM-DELETE-046,NOT_APPLICABLE,YES,PASS
requirement,CAN-LAM-DELETE-047,NOT_APPLICABLE,YES,PASS
requirement,CAN-LAM-DELETE-048,NOT_APPLICABLE,YES,PASS
requirement,CAN-LAM-DELETE-049,NOT_APPLICABLE,YES,PASS
requirement,CAN-LAM-DELETE-050,NOT_APPLICABLE,YES,PASS
requirement,CAN-LAM-DELETE-051,NOT_APPLICABLE,YES,PASS
requirement,CAN-LAM-DELETE-052,NOT_APPLICABLE,YES,PASS
requirement,CAN-LAM-DELETE-053,NOT_APPLICABLE,YES,PASS
requirement,CAN-LAM-DELETE-054,NOT_APPLICABLE,YES,PASS
requirement,CAN-LAM-DELETE-055,NOT_APPLICABLE,YES,PASS
requirement,CAN-LAM-DELETE-056,NOT_APPLICABLE,YES,PASS
requirement,CAN-LAM-DELETE-057,NOT_APPLICABLE,YES,PASS
requirement,CAN-LAM-DELETE-058,NOT_APPLICABLE,YES,PASS
requirement,CAN-LAM-DELETE-059,NOT_APPLICABLE,YES,PASS
requirement,CAN-LAM-DELETE-060,NOT_APPLICABLE,YES,PASS
requirement,CAN-LAM-DELETE-061,NOT_APPLICABLE,YES,PASS
requirement,CAN-LAM-DELETE-062,NOT_APPLICABLE,YES,PASS
requirement,CAN-LAM-DELETE-063,NOT_APPLICABLE,YES,PASS
requirement,CAN-LAM-DELETE-064,NOT_APPLICABLE,YES,PASS
requirement,CAN-LAM-DELETE-065,REVIEWED_CORRECTED,YES,PASS
requirement,CAN-LAM-DELETE-066,NOT_APPLICABLE,YES,PASS
requirement,CAN-LAM-DELETE-067,NOT_APPLICABLE,YES,PASS
requirement,CAN-LAM-DELETE-068,NOT_APPLICABLE,YES,PASS
requirement,CAN-LAM-DELETE-069,NOT_APPLICABLE,YES,PASS
requirement,CAN-LAM-DELETE-070,NOT_APPLICABLE,YES,PASS
requirement,CAN-LAM-DELETE-071,NOT_APPLICABLE,YES,PASS
requirement,CAN-LAM-DELETE-072,NOT_APPLICABLE,YES,PASS
requirement,CAN-LAM-DELETE-073,NOT_APPLICABLE,YES,PASS
requirement,CAN-LAM-DELETE-074,NOT_APPLICABLE,YES,PASS
requirement,CAN-LAM-DELETE-075,NOT_APPLICABLE,YES,PASS
requirement,CAN-LAM-DELETE-076,NOT_APPLICABLE,YES,PASS
requirement,CAN-LAM-DELETE-077,NOT_APPLICABLE,YES,PASS
requirement,CAN-LAM-DELETE-078,NOT_APPLICABLE,YES,PASS
requirement,CAN-LAM-DELETE-079,NOT_APPLICABLE,YES,PASS
requirement,CAN-LAM-DELETE-080,NOT_APPLICABLE,YES,PASS
requirement,CAN-LAM-DELETE-081,NOT_APPLICABLE,YES,PASS
requirement,CAN-LAM-DELETE-082,NOT_APPLICABLE,YES,PASS
requirement,CAN-LAM-DELETE-083,NOT_APPLICABLE,YES,PASS
requirement,CAN-LAM-DELETE-084,NOT_APPLICABLE,YES,PASS
requirement,CAN-LAM-DELETE-085,NOT_APPLICABLE,YES,PASS
requirement,CAN-LAM-DELETE-086,NOT_APPLICABLE,YES,PASS
requirement,CAN-LAM-DELETE-087,NOT_APPLICABLE,YES,PASS
requirement,CAN-LAM-DELETE-088,NOT_APPLICABLE,YES,PASS
requirement,CAN-LAM-DELETE-089,NOT_APPLICABLE,YES,PASS
requirement,CAN-LAM-DELETE-090,NOT_APPLICABLE,YES,PASS
requirement,CAN-LAM-DELETE-091,NOT_APPLICABLE,YES,PASS
requirement,CAN-LAM-DELETE-092,NOT_APPLICABLE,YES,PASS
requirement,CAN-LAM-DELETE-093,NOT_APPLICABLE,YES,PASS
requirement,CAN-LAM-DELETE-094,NOT_APPLICABLE,YES,PASS
requirement,CAN-LAM-DELETE-095,NOT_APPLICABLE,YES,PASS
requirement,CAN-LAM-DELETE-096,NOT_APPLICABLE,YES,PASS
requirement,CAN-LAM-DELETE-097,NOT_APPLICABLE,YES,PASS
requirement,CAN-LAM-DELETE-098,NOT_APPLICABLE,YES,PASS
requirement,CAN-LAM-DELETE-099,NOT_APPLICABLE,YES,PASS
requirement,CAN-LAM-DELETE-100,NOT_APPLICABLE,YES,PASS
requirement,CAN-LAM-DELETE-101,NOT_APPLICABLE,YES,PASS
requirement,CAN-LAM-DELETE-102,NOT_APPLICABLE,YES,PASS
requirement,CAN-LAM-DELETE-103,NOT_APPLICABLE,YES,PASS
requirement,CAN-LAM-DELETE-104,NOT_APPLICABLE,YES,PASS
requirement,CAN-LAM-DELETE-105,NOT_APPLICABLE,YES,PASS
requirement,CAN-LAM-DELETE-106,NOT_APPLICABLE,YES,PASS
requirement,CAN-LAM-DELETE-107,REVIEWED_CONFIRMED,YES,PASS
requirement,CAN-LAM-DELETE-108,NOT_APPLICABLE,YES,PASS
requirement,CAN-LAM-DELETE-109,NOT_APPLICABLE,YES,PASS
requirement,CAN-LAM-DELETE-110,NOT_APPLICABLE,YES,PASS
requirement,CAN-LAM-DELETE-111,NOT_APPLICABLE,YES,PASS
requirement,CAN-LAM-DELETE-112,NOT_APPLICABLE,YES,PASS
requirement,CAN-LAM-DELETE-113,NOT_APPLICABLE,YES,PASS
requirement,CAN-LAM-DELETE-114,NOT_APPLICABLE,YES,PASS
requirement,CAN-LAM-DELETE-115,NOT_APPLICABLE,YES,PASS
requirement,CAN-LAM-DELETE-116,NOT_APPLICABLE,YES,PASS
requirement,CAN-LAM-DELETE-117,NOT_APPLICABLE,YES,PASS
requirement,CAN-LAM-DELETE-118,NOT_APPLICABLE,YES,PASS
requirement,CAN-LAM-DELETE-119,NOT_APPLICABLE,YES,PASS
requirement,CAN-LAM-DELETE-120,NOT_APPLICABLE,YES,PASS
requirement,CAN-LAM-DELETE-121,NOT_APPLICABLE,YES,PASS
requirement,CAN-LAM-DELETE-122,NOT_APPLICABLE,YES,PASS
requirement,CAN-LAM-DELETE-123,NOT_APPLICABLE,YES,PASS
requirement,CAN-LAM-DELETE-124,NOT_APPLICABLE,YES,PASS
requirement,CAN-LAM-DELETE-125,NOT_APPLICABLE,YES,PASS
requirement,CAN-LAM-DELETE-126,NOT_APPLICABLE,YES,PASS
requirement,CAN-LAM-DELETE-127,NOT_APPLICABLE,YES,PASS
requirement,CAN-LAM-DELETE-128,NOT_APPLICABLE,YES,PASS
requirement,CAN-LAM-DELETE-129,NOT_APPLICABLE,YES,PASS
requirement,CAN-LAM-DELETE-130,NOT_APPLICABLE,YES,PASS
requirement,CAN-LAM-DELETE-131,NOT_APPLICABLE,YES,PASS
requirement,CAN-LAM-DELETE-132,NOT_APPLICABLE,YES,PASS
requirement,CAN-LAM-DELETE-133,NOT_APPLICABLE,YES,PASS
requirement,CAN-LAM-DELETE-134,NOT_APPLICABLE,YES,PASS
requirement,CAN-LAM-DELETE-135,NOT_APPLICABLE,YES,PASS
requirement,CAN-LAM-DELETE-136,NOT_APPLICABLE,YES,PASS
requirement,CAN-LAM-DELETE-137,NOT_APPLICABLE,YES,PASS
requirement,CAN-LAM-DELETE-138,NOT_APPLICABLE,YES,PASS
requirement,CAN-LAM-DELETE-139,NOT_APPLICABLE,YES,PASS
requirement,CAN-LAM-DELETE-140,NOT_APPLICABLE,YES,PASS
requirement,CAN-LAM-DELETE-141,NOT_APPLICABLE,YES,PASS
requirement,CAN-LAM-DELETE-142,NOT_APPLICABLE,YES,PASS
requirement,CAN-LAM-DELETE-143,NOT_APPLICABLE,YES,PASS
requirement,CAN-LAM-DELETE-144,NOT_APPLICABLE,YES,PASS
requirement,CAN-LAM-DELETE-145,NOT_APPLICABLE,YES,PASS
requirement,CAN-LAM-DELETE-146,NOT_APPLICABLE,YES,PASS
requirement,CAN-LAM-DELETE-147,NOT_APPLICABLE,YES,PASS
requirement,CAN-LAM-DELETE-148,NOT_APPLICABLE,YES,PASS
requirement,CAN-LAM-DELETE-149,NOT_APPLICABLE,YES,PASS
requirement,CAN-LAM-DELETE-150,NOT_APPLICABLE,YES,PASS
requirement,CAN-LAM-DELETE-151,NOT_APPLICABLE,YES,PASS
requirement,CAN-LAM-DELETE-152,NOT_APPLICABLE,YES,PASS
requirement,CAN-LAM-DELETE-153,NOT_APPLICABLE,YES,PASS
requirement,CAN-LAM-DELETE-154,NOT_APPLICABLE,YES,PASS
requirement,CAN-LAM-DELETE-155,NOT_APPLICABLE,YES,PASS
requirement,CAN-LAM-DELETE-156,NOT_APPLICABLE,YES,PASS
requirement,CAN-LAM-DELETE-157,NOT_APPLICABLE,YES,PASS
requirement,CAN-LAM-DELETE-158,NOT_APPLICABLE,YES,PASS
requirement,CAN-LAM-DELETE-159,NOT_APPLICABLE,YES,PASS
requirement,CAN-LAM-DELETE-160,NOT_APPLICABLE,YES,PASS
requirement,CAN-LAM-DELETE-161,NOT_APPLICABLE,YES,PASS
requirement,CAN-LAM-DELETE-162,NOT_APPLICABLE,YES,PASS
requirement,CAN-LAM-DELETE-163,NOT_APPLICABLE,YES,PASS
requirement,CAN-LAM-DELETE-164,NOT_APPLICABLE,YES,PASS
requirement,CAN-LAM-DELETE-165,NOT_APPLICABLE,YES,PASS
requirement,CAN-LAM-DELETE-166,NOT_APPLICABLE,YES,PASS
requirement,CAN-LAM-DELETE-167,NOT_APPLICABLE,YES,PASS
requirement,CAN-LAM-DELETE-168,NOT_APPLICABLE,YES,PASS
requirement,CAN-LAM-DELETE-169,NOT_APPLICABLE,YES,PASS
requirement,CAN-LAM-DELETE-170,NOT_APPLICABLE,YES,PASS
requirement,CAN-LAM-DELETE-171,NOT_APPLICABLE,YES,PASS
requirement,CAN-LAM-DELETE-172,NOT_APPLICABLE,YES,PASS
requirement,CAN-LAM-DELETE-173,NOT_APPLICABLE,YES,PASS
requirement,CAN-LAM-DELETE-174,NOT_APPLICABLE,YES,PASS
requirement,CAN-LAM-DELETE-175,NOT_APPLICABLE,YES,PASS
requirement,CAN-LAM-DELETE-176,NOT_APPLICABLE,YES,PASS
requirement,CAN-LAM-DELETE-177,NOT_APPLICABLE,YES,PASS
requirement,CAN-LAM-DELETE-178,NOT_APPLICABLE,YES,PASS
requirement,CAN-LAM-DELETE-179,NOT_APPLICABLE,YES,PASS
requirement,CAN-LAM-DELETE-180,NOT_APPLICABLE,YES,PASS
requirement,CAN-LAM-DELETE-181,NOT_APPLICABLE,YES,PASS
requirement,CAN-LAM-DELETE-182,NOT_APPLICABLE,YES,PASS
requirement,CAN-LAM-DELETE-183,NOT_APPLICABLE,YES,PASS
requirement,CAN-LAM-DELETE-184,NOT_APPLICABLE,YES,PASS
requirement,CAN-LAM-DELETE-185,NOT_APPLICABLE,YES,PASS
requirement,CAN-LAM-DELETE-186,NOT_APPLICABLE,YES,PASS
requirement,CAN-LAM-DELETE-187,NOT_APPLICABLE,YES,PASS
requirement,CAN-LAM-DELETE-188,NOT_APPLICABLE,YES,PASS
requirement,CAN-LAM-DELETE-189,NOT_APPLICABLE,YES,PASS
requirement,CAN-LAM-DELETE-190,NOT_APPLICABLE,YES,PASS
requirement,CAN-LAM-DELETE-191,NOT_APPLICABLE,YES,PASS
requirement,CAN-LAM-DELETE-192,NOT_APPLICABLE,YES,PASS
requirement,CAN-LAM-DELETE-193,NOT_APPLICABLE,YES,PASS
requirement,CAN-LAM-DELETE-194,NOT_APPLICABLE,YES,PASS
requirement,CAN-LAM-DELETE-195,NOT_APPLICABLE,YES,PASS
requirement,CAN-LAM-DELETE-196,NOT_APPLICABLE,YES,PASS
requirement,CAN-LAM-DELETE-197,NOT_APPLICABLE,YES,PASS
requirement,CAN-LAM-DELETE-198,NOT_APPLICABLE,YES,PASS
requirement,CAN-LAM-DELETE-199,NOT_APPLICABLE,YES,PASS
requirement,CAN-LAM-DELETE-200,NOT_APPLICABLE,YES,PASS
requirement,CAN-LAM-DELETE-201,NOT_APPLICABLE,YES,PASS
requirement,CAN-LAM-DELETE-202,NOT_APPLICABLE,YES,PASS
requirement,CAN-LAM-DELETE-203,NOT_APPLICABLE,YES,PASS
requirement,CAN-LAM-DELETE-204,NOT_APPLICABLE,YES,PASS
requirement,CAN-LAM-DELETE-205,NOT_APPLICABLE,YES,PASS
requirement,CAN-LAM-DELETE-206,NOT_APPLICABLE,YES,PASS
requirement,CAN-LAM-DELETE-207,NOT_APPLICABLE,YES,PASS
requirement,CAN-LAM-DELETE-208,NOT_APPLICABLE,YES,PASS
requirement,CAN-LAM-DELETE-209,NOT_APPLICABLE,YES,PASS
requirement,CAN-LAM-DELETE-210,NOT_APPLICABLE,YES,PASS
requirement,CAN-LAM-DELETE-211,NOT_APPLICABLE,YES,PASS
requirement,CAN-LAM-DELETE-212,NOT_APPLICABLE,YES,PASS
requirement,CAN-LAM-DELETE-213,NOT_APPLICABLE,YES,PASS
requirement,CAN-LAM-DELETE-214,NOT_APPLICABLE,YES,PASS
requirement,CAN-LAM-DELETE-215,NOT_APPLICABLE,YES,PASS
requirement,CAN-LAM-DELETE-216,NOT_APPLICABLE,YES,PASS
requirement,CAN-LAM-DELETE-217,NOT_APPLICABLE,YES,PASS
requirement,CAN-LAM-DELETE-218,NOT_APPLICABLE,YES,PASS
requirement,CAN-LAM-DELETE-219,NOT_APPLICABLE,YES,PASS
requirement,CAN-LAM-DELETE-220,NOT_APPLICABLE,YES,PASS
requirement,CAN-LAM-DELETE-221,NOT_APPLICABLE,YES,PASS
requirement,CAN-LAM-DELETE-222,NOT_APPLICABLE,YES,PASS
requirement,CAN-LAM-DELETE-223,NOT_APPLICABLE,YES,PASS
requirement,CAN-LAM-DELETE-224,NOT_APPLICABLE,YES,PASS
requirement,CAN-LAM-DELETE-225,NOT_APPLICABLE,YES,PASS
requirement,CAN-LAM-DELETE-226,NOT_APPLICABLE,YES,PASS
requirement,CAN-LAM-DELETE-227,NOT_APPLICABLE,YES,PASS
requirement,CAN-LAM-DELETE-228,NOT_APPLICABLE,YES,PASS
requirement,CAN-LAM-DELETE-229,NOT_APPLICABLE,YES,PASS
requirement,CAN-LAM-DELETE-230,NOT_APPLICABLE,YES,PASS
requirement,CAN-LAM-DELETE-231,NOT_APPLICABLE,YES,PASS
requirement,CAN-LAM-DELETE-232,NOT_APPLICABLE,YES,PASS
requirement,CAN-LAM-DELETE-233,NOT_APPLICABLE,YES,PASS
requirement,CAN-LAM-DELETE-234,NOT_APPLICABLE,YES,PASS
requirement,CAN-LAM-DELETE-235,NOT_APPLICABLE,YES,PASS
requirement,CAN-LAM-DELETE-236,NOT_APPLICABLE,YES,PASS
requirement,CAN-LAM-DELETE-237,NOT_APPLICABLE,YES,PASS
requirement,CAN-LAM-DELETE-238,NOT_APPLICABLE,YES,PASS
requirement,CAN-LAM-DELETE-239,NOT_APPLICABLE,YES,PASS
requirement,CAN-LAM-DELETE-240,NOT_APPLICABLE,YES,PASS
requirement,CAN-LAM-DELETE-241,NOT_APPLICABLE,YES,PASS
requirement,CAN-LAM-DELETE-242,NOT_APPLICABLE,YES,PASS
requirement,CAN-LAM-DELETE-243,NOT_APPLICABLE,YES,PASS
requirement,CAN-LAM-DELETE-244,NOT_APPLICABLE,YES,PASS
requirement,CAN-LAM-DELETE-245,NOT_APPLICABLE,YES,PASS
requirement,CAN-LAM-DELETE-246,NOT_APPLICABLE,YES,PASS
requirement,CAN-LAM-DELETE-247,NOT_APPLICABLE,YES,PASS
requirement,CAN-LAM-DELETE-248,NOT_APPLICABLE,YES,PASS
requirement,CAN-LAM-DELETE-249,NOT_APPLICABLE,YES,PASS
requirement,CAN-LAM-DELETE-250,NOT_APPLICABLE,YES,PASS
requirement,CAN-LAM-DELETE-251,NOT_APPLICABLE,YES,PASS
requirement,CAN-LAM-DELETE-252,NOT_APPLICABLE,YES,PASS
requirement,CAN-LAM-DELETE-253,NOT_APPLICABLE,YES,PASS
requirement,CAN-LAM-DELETE-254,NOT_APPLICABLE,YES,PASS
requirement,CAN-LAM-DELETE-255,NOT_APPLICABLE,YES,PASS
requirement,CAN-LAM-DELETE-256,NOT_APPLICABLE,YES,PASS
requirement,CAN-LAM-DELETE-257,NOT_APPLICABLE,YES,PASS
requirement,CAN-LAM-DELETE-258,NOT_APPLICABLE,YES,PASS
requirement,CAN-LAM-DELETE-259,NOT_APPLICABLE,YES,PASS
requirement,CAN-LAM-DELETE-260,NOT_APPLICABLE,YES,PASS
requirement,CAN-LAM-DELETE-261,NOT_APPLICABLE,YES,PASS
requirement,CAN-LAM-DELETE-262,NOT_APPLICABLE,YES,PASS
requirement,CAN-LAM-DELETE-263,NOT_APPLICABLE,YES,PASS
requirement,CAN-LAM-DELETE-264,NOT_APPLICABLE,YES,PASS
requirement,CAN-LAM-DELETE-265,NOT_APPLICABLE,YES,PASS
requirement,CAN-LAM-DELETE-266,NOT_APPLICABLE,YES,PASS
requirement,CAN-LAM-DELETE-267,REVIEWED_CORRECTED,YES,PASS
requirement,CAN-LAM-DELETE-268,NOT_APPLICABLE,YES,PASS
requirement,CAN-LAM-DELETE-269,NOT_APPLICABLE,YES,PASS
requirement,CAN-LAM-DELETE-270,NOT_APPLICABLE,YES,PASS
requirement,CAN-LAM-DELETE-271,NOT_APPLICABLE,YES,PASS
requirement,CAN-LAM-DELETE-272,NOT_APPLICABLE,YES,PASS
requirement,CAN-LAM-DELETE-273,NOT_APPLICABLE,YES,PASS
requirement,CAN-LAM-DELETE-274,NOT_APPLICABLE,YES,PASS
requirement,CAN-LAM-DELETE-275,NOT_APPLICABLE,YES,PASS
requirement,CAN-LAM-DELETE-276,NOT_APPLICABLE,YES,PASS
requirement,CAN-LAM-DELETE-277,NOT_APPLICABLE,YES,PASS
requirement,CAN-LAM-DELETE-278,NOT_APPLICABLE,YES,PASS
requirement,CAN-LAM-DELETE-279,NOT_APPLICABLE,YES,PASS
requirement,CAN-LAM-DELETE-280,NOT_APPLICABLE,YES,PASS
requirement,CAN-LAM-DELETE-281,NOT_APPLICABLE,YES,PASS
requirement,CAN-LAM-DELETE-282,NOT_APPLICABLE,YES,PASS
requirement,CAN-LAM-DELETE-283,NOT_APPLICABLE,YES,PASS
requirement,CAN-LAM-DELETE-284,NOT_APPLICABLE,YES,PASS
requirement,CAN-LAM-DELETE-285,REVIEWED_CORRECTED,YES,PASS
requirement,CAN-LAM-DELETE-286,NOT_APPLICABLE,YES,PASS
requirement,CAN-LAM-DELETE-287,NOT_APPLICABLE,YES,PASS
requirement,CAN-LAM-DELETE-288,NOT_APPLICABLE,YES,PASS
requirement,CAN-LAM-DELETE-289,NOT_APPLICABLE,YES,PASS
requirement,CAN-LAM-DELETE-290,NOT_APPLICABLE,YES,PASS
requirement,CAN-LAM-DELETE-291,NOT_APPLICABLE,YES,PASS
requirement,CAN-LAM-DELETE-292,NOT_APPLICABLE,YES,PASS
requirement,CAN-LAM-DELETE-293,NOT_APPLICABLE,YES,PASS
requirement,CAN-LAM-DELETE-294,NOT_APPLICABLE,YES,PASS
requirement,CAN-LAM-DELETE-295,NOT_APPLICABLE,YES,PASS
requirement,CAN-LAM-DELETE-296,NOT_APPLICABLE,YES,PASS
requirement,CAN-LAM-DELETE-297,NOT_APPLICABLE,YES,PASS
requirement,CAN-LAM-DELETE-298,NOT_APPLICABLE,YES,PASS
requirement,CAN-LAM-DELETE-299,NOT_APPLICABLE,YES,PASS
requirement,CAN-LAM-DELETE-300,NOT_APPLICABLE,YES,PASS
requirement,CAN-LAM-DELETE-301,NOT_APPLICABLE,YES,PASS
requirement,CAN-LAM-DELETE-302,NOT_APPLICABLE,YES,PASS
requirement,CAN-LAM-DELETE-303,NOT_APPLICABLE,YES,PASS
requirement,CAN-LAM-DELETE-304,NOT_APPLICABLE,YES,PASS
requirement,CAN-LAM-DELETE-305,NOT_APPLICABLE,YES,PASS
requirement,CAN-LAM-DELETE-306,NOT_APPLICABLE,YES,PASS
requirement,CAN-LAM-DELETE-307,NOT_APPLICABLE,YES,PASS
requirement,CAN-LAM-DELETE-308,NOT_APPLICABLE,YES,PASS
requirement,CAN-LAM-DELETE-309,NOT_APPLICABLE,YES,PASS
requirement,CAN-LAM-DELETE-310,NOT_APPLICABLE,YES,PASS
requirement,CAN-LAM-DELETE-311,NOT_APPLICABLE,YES,PASS
requirement,CAN-LAM-DELETE-312,NOT_APPLICABLE,YES,PASS
requirement,CAN-LAM-DELETE-313,NOT_APPLICABLE,YES,PASS
requirement,CAN-LAM-DELETE-314,NOT_APPLICABLE,YES,PASS
requirement,CAN-LAM-DELETE-315,NOT_APPLICABLE,YES,PASS
requirement,CAN-LAM-DELETE-316,NOT_APPLICABLE,YES,PASS
requirement,CAN-LAM-DELETE-317,NOT_APPLICABLE,YES,PASS
requirement,CAN-LAM-DELETE-318,NOT_APPLICABLE,YES,PASS
requirement,CAN-LAM-DELETE-319,NOT_APPLICABLE,YES,PASS
requirement,CAN-LAM-DELETE-320,NOT_APPLICABLE,YES,PASS
requirement,CAN-LAM-DELETE-321,NOT_APPLICABLE,YES,PASS
requirement,CAN-LAM-DELETE-322,NOT_APPLICABLE,YES,PASS
requirement,CAN-LAM-DELETE-323,REVIEWED_CONFIRMED,YES,PASS
requirement,CAN-LAM-DELETE-324,REVIEWED_CONFIRMED,YES,PASS
requirement,CAN-LAM-DELETE-325,NOT_APPLICABLE,YES,PASS
requirement,CAN-LAM-DELETE-326,NOT_APPLICABLE,YES,PASS
requirement,CAN-LAM-DELETE-327,NOT_APPLICABLE,YES,PASS
requirement,CAN-LAM-DELETE-328,REVIEWED_CONFIRMED,YES,PASS
requirement,CAN-LAM-DELETE-329,NOT_APPLICABLE,YES,PASS
requirement,CAN-LAM-DELETE-330,NOT_APPLICABLE,YES,PASS
requirement,CAN-LAM-DELETE-331,NOT_APPLICABLE,YES,PASS
requirement,CAN-LAM-DELETE-332,NOT_APPLICABLE,YES,PASS
requirement,CAN-LAM-DELETE-333,NOT_APPLICABLE,YES,PASS
requirement,CAN-LAM-DELETE-334,NOT_APPLICABLE,YES,PASS
requirement,CAN-LAM-DELETE-335,NOT_APPLICABLE,YES,PASS
requirement,CAN-LAM-DELETE-336,NOT_APPLICABLE,YES,PASS
requirement,CAN-LAM-DELETE-337,NOT_APPLICABLE,YES,PASS
requirement,CAN-LAM-DELETE-338,NOT_APPLICABLE,YES,PASS
requirement,CAN-LAM-DELETE-339,NOT_APPLICABLE,YES,PASS
requirement,CAN-LAM-DELETE-340,NOT_APPLICABLE,YES,PASS
requirement,CAN-LAM-DELETE-341,NOT_APPLICABLE,YES,PASS
requirement,CAN-LAM-DELETE-342,NOT_APPLICABLE,YES,PASS
requirement,CAN-LAM-DELETE-343,NOT_APPLICABLE,YES,PASS
requirement,CAN-LAM-DELETE-344,NOT_APPLICABLE,YES,PASS
requirement,CAN-LAM-DELETE-345,NOT_APPLICABLE,YES,PASS
requirement,CAN-LAM-DELETE-346,NOT_APPLICABLE,YES,PASS
requirement,CAN-LAM-DELETE-347,NOT_APPLICABLE,YES,PASS
requirement,CAN-LAM-DELETE-348,NOT_APPLICABLE,YES,PASS
requirement,CAN-LAM-DELETE-349,NOT_APPLICABLE,YES,PASS
requirement,CAN-LAM-DELETE-350,NOT_APPLICABLE,YES,PASS
requirement,CAN-LAM-DELETE-351,NOT_APPLICABLE,YES,PASS
requirement,CAN-LAM-DELETE-352,NOT_APPLICABLE,YES,PASS
requirement,CAN-LAM-DELETE-353,NOT_APPLICABLE,YES,PASS
requirement,CAN-LAM-DELETE-354,NOT_APPLICABLE,YES,PASS
requirement,CAN-LAM-DELETE-355,NOT_APPLICABLE,YES,PASS
requirement,CAN-LAM-DELETE-356,NOT_APPLICABLE,YES,PASS
requirement,CAN-LAM-DELETE-357,NOT_APPLICABLE,YES,PASS
requirement,CAN-LAM-DELETE-358,NOT_APPLICABLE,YES,PASS
requirement,CAN-LAM-DELETE-359,NOT_APPLICABLE,YES,PASS
requirement,CAN-LAM-DELETE-360,NOT_APPLICABLE,YES,PASS
requirement,CAN-LAM-DELETE-361,NOT_APPLICABLE,YES,PASS
requirement,CAN-LAM-DELETE-362,NOT_APPLICABLE,YES,PASS
requirement,CAN-LAM-DELETE-363,NOT_APPLICABLE,YES,PASS
requirement,CAN-LAM-DELETE-364,NOT_APPLICABLE,YES,PASS
requirement,CAN-LAM-DELETE-365,NOT_APPLICABLE,YES,PASS
requirement,CAN-LAM-DELETE-366,NOT_APPLICABLE,YES,PASS
requirement,CAN-LAM-DELETE-367,RECLASSIFIED,YES,PASS
requirement,CAN-LAM-DELETE-368,REVIEWED_CONFIRMED,YES,PASS
requirement,CAN-LAM-DUPLICATE-001,REVIEWED_CORRECTED,YES,PASS
requirement,CAN-LAM-DUPLICATE-002,REVIEWED_CORRECTED,YES,PASS
requirement,CAN-LAM-DUPLICATE-003,NOT_APPLICABLE,YES,PASS
requirement,CAN-LAM-DUPLICATE-004,RECLASSIFIED,YES,PASS
requirement,CAN-LAM-DUPLICATE-005,REVIEWED_CORRECTED,YES,PASS
requirement,CAN-LAM-DUPLICATE-006,REVIEWED_CORRECTED,YES,PASS
requirement,CAN-LAM-DUPLICATE-007,REVIEWED_CORRECTED,YES,PASS
requirement,CAN-LAM-DUPLICATE-008,REVIEWED_CORRECTED,YES,PASS
requirement,CAN-LAM-DUPLICATE-009,REVIEWED_CORRECTED,YES,PASS
requirement,CAN-LAM-DUPLICATE-010,NOT_APPLICABLE,YES,PASS
requirement,CAN-LAM-DUPLICATE-011,NOT_APPLICABLE,YES,PASS
requirement,CAN-LAM-DUPLICATE-012,NOT_APPLICABLE,YES,PASS
requirement,CAN-LAM-EDGE-01,NOT_APPLICABLE,YES,PASS
requirement,CAN-LAM-EDGE-02,NOT_APPLICABLE,YES,PASS
requirement,CAN-LAM-EDGE-03,REVIEWED_CORRECTED,YES,PASS
requirement,CAN-LAM-EDGE-04,REVIEWED_CORRECTED,YES,PASS
requirement,CAN-LAM-EDGE-05,REVIEWED_CORRECTED,YES,PASS
requirement,CAN-LAM-EDGE-06,REVIEWED_CORRECTED,YES,PASS
requirement,CAN-LAM-EDGE-07,REVIEWED_CORRECTED,YES,PASS
requirement,CAN-LAM-EDGE-08,NOT_APPLICABLE,YES,PASS
requirement,CAN-LAM-EDGE-09,REVIEWED_CORRECTED,YES,PASS
requirement,CAN-LAM-EDGE-10,REVIEWED_CORRECTED,YES,PASS
requirement,CAN-LAM-EDGE-11,REVIEWED_CORRECTED,YES,PASS
requirement,CAN-LAM-EDGE-12,REVIEWED_CORRECTED,YES,PASS
requirement,CAN-LAM-EDGE-13,REVIEWED_CORRECTED,YES,PASS
requirement,CAN-LAM-EDGE-14,REVIEWED_CORRECTED,YES,PASS
requirement,CAN-LAM-EDGE-15,REVIEWED_CORRECTED,YES,PASS
requirement,CAN-LAM-EDGE-16,REVIEWED_CORRECTED,YES,PASS
requirement,CAN-LAM-EDGE-17,NOT_APPLICABLE,YES,PASS
requirement,CAN-LAM-EDIT-001,REVIEWED_CORRECTED,YES,PASS
requirement,CAN-LAM-EDIT-002,NOT_APPLICABLE,YES,PASS
requirement,CAN-LAM-EDIT-003,REVIEWED_CORRECTED,YES,PASS
requirement,CAN-LAM-EDIT-004,REVIEWED_CORRECTED,YES,PASS
requirement,CAN-LAM-EDIT-005,REVIEWED_CORRECTED,YES,PASS
requirement,CAN-LAM-EDIT-006,REVIEWED_CORRECTED,YES,PASS
requirement,CAN-LAM-EDIT-007,REVIEWED_CORRECTED,YES,PASS
requirement,CAN-LAM-EDIT-008,NOT_APPLICABLE,YES,PASS
requirement,CAN-LAM-EDIT-009,NOT_APPLICABLE,YES,PASS
requirement,CAN-LAM-EDIT-010,NOT_APPLICABLE,YES,PASS
requirement,CAN-LAM-EDIT-011,NOT_APPLICABLE,YES,PASS
requirement,CAN-LAM-EDIT-012,NOT_APPLICABLE,YES,PASS
requirement,CAN-LAM-EDIT-013,REVIEWED_CORRECTED,YES,PASS
requirement,CAN-LAM-EDIT-014,NOT_APPLICABLE,YES,PASS
requirement,CAN-LAM-EVENT-001,NOT_APPLICABLE,YES,PASS
requirement,CAN-LAM-EVENT-002,REVIEWED_CORRECTED,YES,PASS
requirement,CAN-LAM-EVENT-003,REVIEWED_CORRECTED,YES,PASS
requirement,CAN-LAM-EVENT-004,REVIEWED_CORRECTED,YES,PASS
requirement,CAN-LAM-EVENT-005,REVIEWED_CORRECTED,YES,PASS
requirement,CAN-LAM-EVENT-006,REVIEWED_CONFIRMED,YES,PASS
requirement,CAN-LAM-EVENT-007,REVIEWED_CORRECTED,YES,PASS
requirement,CAN-LAM-EVENT-008,REVIEWED_CORRECTED,YES,PASS
requirement,CAN-LAM-EVENT-009,REVIEWED_CORRECTED,YES,PASS
requirement,CAN-LAM-EVENT-010,NOT_APPLICABLE,YES,PASS
requirement,CAN-LAM-EVENT-011,REVIEWED_CONFIRMED,YES,PASS
requirement,CAN-LAM-EVENT-012,REVIEWED_CORRECTED,YES,PASS
requirement,CAN-LAM-EVENT-013,REVIEWED_CORRECTED,YES,PASS
requirement,CAN-LAM-EVENT-014,REVIEWED_CORRECTED,YES,PASS
requirement,CAN-LAM-EVENT-015,REVIEWED_CORRECTED,YES,PASS
requirement,CAN-LAM-EVENT-016,REVIEWED_CORRECTED,YES,PASS
requirement,CAN-LAM-EVENT-017,REVIEWED_CORRECTED,YES,PASS
requirement,CAN-LAM-EVENT-018,REVIEWED_CORRECTED,YES,PASS
requirement,CAN-LAM-EVENT-019,REVIEWED_CORRECTED,YES,PASS
requirement,CAN-LAM-EVENT-020,REVIEWED_CORRECTED,YES,PASS
requirement,CAN-LAM-EVENT-021,REVIEWED_CORRECTED,YES,PASS
requirement,CAN-LAM-EVENT-022,REVIEWED_CORRECTED,YES,PASS
requirement,CAN-LAM-EVENT-023,REVIEWED_CORRECTED,YES,PASS
requirement,CAN-LAM-EVENT-024,REVIEWED_CORRECTED,YES,PASS
requirement,CAN-LAM-EVENT-025,REVIEWED_CORRECTED,YES,PASS
requirement,CAN-LAM-EVENT-026,REVIEWED_CORRECTED,YES,PASS
requirement,CAN-LAM-EVENT-027,NOT_APPLICABLE,YES,PASS
requirement,CAN-LAM-EVENT-028,REVIEWED_CORRECTED,YES,PASS
requirement,CAN-LAM-EVENT-029,REVIEWED_CORRECTED,YES,PASS
requirement,CAN-LAM-EVENT-030,REVIEWED_CORRECTED,YES,PASS
requirement,CAN-LAM-EVENT-031,REVIEWED_CORRECTED,YES,PASS
requirement,CAN-LAM-EVENT-032,REVIEWED_CORRECTED,YES,PASS
requirement,CAN-LAM-EVENT-033,REVIEWED_CORRECTED,YES,PASS
requirement,CAN-LAM-EVENT-034,REVIEWED_CORRECTED,YES,PASS
requirement,CAN-LAM-EVENT-035,NOT_APPLICABLE,YES,PASS
requirement,CAN-LAM-EVENT-036,NOT_APPLICABLE,YES,PASS
requirement,CAN-LAM-EVENT-037,NOT_APPLICABLE,YES,PASS
requirement,CAN-LAM-EVENT-038,RECLASSIFIED,YES,PASS
requirement,CAN-LAM-EVENT-039,RECLASSIFIED,YES,PASS
requirement,CAN-LAM-EVENT-040,RECLASSIFIED,YES,PASS
requirement,CAN-LAM-EVENT-041,REVIEWED_CONFIRMED,YES,PASS
requirement,CAN-LAM-EVENT-042,RECLASSIFIED,YES,PASS
requirement,CAN-LAM-EVENT-043,NOT_APPLICABLE,YES,PASS
requirement,CAN-LAM-EVENT-044,REVIEWED_CORRECTED,YES,PASS
requirement,CAN-LAM-EVENT-045,REVIEWED_CORRECTED,YES,PASS
requirement,CAN-LAM-EVENT-046,RECLASSIFIED,YES,PASS
requirement,CAN-LAM-EVENT-047,RECLASSIFIED,YES,PASS
requirement,CAN-LAM-EVENT-048,RECLASSIFIED,YES,PASS
requirement,CAN-LAM-EVENT-049,NOT_APPLICABLE,YES,PASS
requirement,CAN-LAM-EVENT-050,RECLASSIFIED,YES,PASS
requirement,CAN-LAM-EVENT-051,RECLASSIFIED,YES,PASS
requirement,CAN-LAM-EVENT-052,REVIEWED_CORRECTED,YES,PASS
requirement,CAN-LAM-EVENT-053,REVIEWED_CORRECTED,YES,PASS
requirement,CAN-LAM-EVENT-054,REVIEWED_CORRECTED,YES,PASS
requirement,CAN-LAM-EVENT-055,REVIEWED_CORRECTED,YES,PASS
requirement,CAN-LAM-EVENT-056,REVIEWED_CORRECTED,YES,PASS
requirement,CAN-LAM-EVENT-057,REVIEWED_CORRECTED,YES,PASS
requirement,CAN-LAM-EVENT-058,REVIEWED_CORRECTED,YES,PASS
requirement,CAN-LAM-EVENT-059,REVIEWED_CORRECTED,YES,PASS
requirement,CAN-LAM-EVENT-060,REVIEWED_CORRECTED,YES,PASS
requirement,CAN-LAM-EVENT-061,REVIEWED_CORRECTED,YES,PASS
requirement,CAN-LAM-EVENT-062,REVIEWED_CORRECTED,YES,PASS
requirement,CAN-LAM-EVENT-063,REVIEWED_CORRECTED,YES,PASS
requirement,CAN-LAM-EVENT-064,NOT_APPLICABLE,YES,PASS
requirement,CAN-LAM-EVENT-065,NOT_APPLICABLE,YES,PASS
requirement,CAN-LAM-EVENT-066,NOT_APPLICABLE,YES,PASS
requirement,CAN-LAM-EVENT-067,NOT_APPLICABLE,YES,PASS
requirement,CAN-LAM-EVENT-068,NOT_APPLICABLE,YES,PASS
requirement,CAN-LAM-EVENT-069,NOT_APPLICABLE,YES,PASS
requirement,CAN-LAM-EVENT-070,NOT_APPLICABLE,YES,PASS
requirement,CAN-LAM-EVENT-071,NOT_APPLICABLE,YES,PASS
requirement,CAN-LAM-EVENT-072,NOT_APPLICABLE,YES,PASS
requirement,CAN-LAM-EVENT-073,NOT_APPLICABLE,YES,PASS
requirement,CAN-LAM-EVENT-074,NOT_APPLICABLE,YES,PASS
requirement,CAN-LAM-EVENT-075,NOT_APPLICABLE,YES,PASS
requirement,CAN-LAM-EVENT-076,NOT_APPLICABLE,YES,PASS
requirement,CAN-LAM-EVENT-077,REVIEWED_CORRECTED,YES,PASS
requirement,CAN-LAM-EVENT-078,REVIEWED_CORRECTED,YES,PASS
requirement,CAN-LAM-EVENT-079,REVIEWED_CORRECTED,YES,PASS
requirement,CAN-LAM-EVENT-080,REVIEWED_CORRECTED,YES,PASS
requirement,CAN-LAM-EVENT-081,NOT_APPLICABLE,YES,PASS
requirement,CAN-LAM-EVENT-082,NOT_APPLICABLE,YES,PASS
requirement,CAN-LAM-EVENT-083,REVIEWED_CORRECTED,YES,PASS
requirement,CAN-LAM-EVENT-084,REVIEWED_CORRECTED,YES,PASS
requirement,CAN-LAM-EVENT-085,REVIEWED_CORRECTED,YES,PASS
requirement,CAN-LAM-EVENT-086,NOT_APPLICABLE,YES,PASS
requirement,CAN-LAM-EVENT-087,NOT_APPLICABLE,YES,PASS
requirement,CAN-LAM-EVENT-088,NOT_APPLICABLE,YES,PASS
requirement,CAN-LAM-EXTERNAL-001,NOT_APPLICABLE,YES,PASS
requirement,CAN-LAM-FACE-001,NOT_APPLICABLE,YES,PASS
requirement,CAN-LAM-FOLDER-001,REVIEWED_CORRECTED,YES,PASS
requirement,CAN-LAM-FOLDER-002,NOT_APPLICABLE,YES,PASS
requirement,CAN-LAM-FOLDER-003,REVIEWED_CORRECTED,YES,PASS
requirement,CAN-LAM-FOLDER-004,REVIEWED_CORRECTED,YES,PASS
requirement,CAN-LAM-FOLDER-005,REVIEWED_CONFIRMED,YES,PASS
requirement,CAN-LAM-FOLDER-006,REVIEWED_CORRECTED,YES,PASS
requirement,CAN-LAM-FOLDER-007,REVIEWED_CORRECTED,YES,PASS
requirement,CAN-LAM-FOLDER-008,REVIEWED_CORRECTED,YES,PASS
requirement,CAN-LAM-FOLDER-009,REVIEWED_CORRECTED,YES,PASS
requirement,CAN-LAM-FOLDER-010,REVIEWED_CORRECTED,YES,PASS
requirement,CAN-LAM-FOLDER-011,REVIEWED_CONFIRMED,YES,PASS
requirement,CAN-LAM-FOLDER-012,REVIEWED_CORRECTED,YES,PASS
requirement,CAN-LAM-FOLDER-013,REVIEWED_CORRECTED,YES,PASS
requirement,CAN-LAM-FOLDER-014,REVIEWED_CORRECTED,YES,PASS
requirement,CAN-LAM-FOLDER-015,REVIEWED_CORRECTED,YES,PASS
requirement,CAN-LAM-FOLDER-016,REVIEWED_CORRECTED,YES,PASS
requirement,CAN-LAM-FOLDER-017,REVIEWED_CORRECTED,YES,PASS
requirement,CAN-LAM-FOLDER-018,REVIEWED_CORRECTED,YES,PASS
requirement,CAN-LAM-FOLDER-019,REVIEWED_CORRECTED,YES,PASS
requirement,CAN-LAM-FOLDER-020,REVIEWED_CORRECTED,YES,PASS
requirement,CAN-LAM-FOLDER-021,RECLASSIFIED,YES,PASS
requirement,CAN-LAM-FOLDER-022,NOT_APPLICABLE,YES,PASS
requirement,CAN-LAM-FOLDER-023,REVIEWED_CORRECTED,YES,PASS
requirement,CAN-LAM-FOLDER-024,REVIEWED_CORRECTED,YES,PASS
requirement,CAN-LAM-FOLDER-025,REVIEWED_CORRECTED,YES,PASS
requirement,CAN-LAM-FOLDER-026,REVIEWED_CORRECTED,YES,PASS
requirement,CAN-LAM-FOLDER-027,REVIEWED_CORRECTED,YES,PASS
requirement,CAN-LAM-FOLDER-028,NOT_APPLICABLE,YES,PASS
requirement,CAN-LAM-FOLDER-029,RECLASSIFIED,YES,PASS
requirement,CAN-LAM-FOLDER-030,RECLASSIFIED,YES,PASS
requirement,CAN-LAM-FOLDER-031,RECLASSIFIED,YES,PASS
requirement,CAN-LAM-FOLDER-032,REVIEWED_CORRECTED,YES,PASS
requirement,CAN-LAM-FOLDER-033,RECLASSIFIED,YES,PASS
requirement,CAN-LAM-FOLDER-034,REVIEWED_CORRECTED,YES,PASS
requirement,CAN-LAM-FOLDER-035,REVIEWED_CORRECTED,YES,PASS
requirement,CAN-LAM-FOLDER-036,REVIEWED_CORRECTED,YES,PASS
requirement,CAN-LAM-FOLDER-037,REVIEWED_CORRECTED,YES,PASS
requirement,CAN-LAM-FOLDER-038,REVIEWED_CORRECTED,YES,PASS
requirement,CAN-LAM-FOLDER-039,REVIEWED_CORRECTED,YES,PASS
requirement,CAN-LAM-FOLDER-040,REVIEWED_CORRECTED,YES,PASS
requirement,CAN-LAM-FOLDER-041,REVIEWED_CORRECTED,YES,PASS
requirement,CAN-LAM-FOLDER-042,REVIEWED_CORRECTED,YES,PASS
requirement,CAN-LAM-FOLDER-043,REVIEWED_CORRECTED,YES,PASS
requirement,CAN-LAM-FOLDER-044,NOT_APPLICABLE,YES,PASS
requirement,CAN-LAM-FOLDER-045,REVIEWED_CORRECTED,YES,PASS
requirement,CAN-LAM-FOLDER-046,REVIEWED_CORRECTED,YES,PASS
requirement,CAN-LAM-FOLDER-047,REVIEWED_CORRECTED,YES,PASS
requirement,CAN-LAM-FOLDER-048,REVIEWED_CORRECTED,YES,PASS
requirement,CAN-LAM-FOLDER-049,REVIEWED_CORRECTED,YES,PASS
requirement,CAN-LAM-FOLDER-050,REVIEWED_CORRECTED,YES,PASS
requirement,CAN-LAM-FOLDER-051,REVIEWED_CORRECTED,YES,PASS
requirement,CAN-LAM-FOLDER-052,REVIEWED_CORRECTED,YES,PASS
requirement,CAN-LAM-FOLDER-053,REVIEWED_CONFIRMED,YES,PASS
requirement,CAN-LAM-FOLDER-054,REVIEWED_CONFIRMED,YES,PASS
requirement,CAN-LAM-FOLDER-055,NOT_APPLICABLE,YES,PASS
requirement,CAN-LAM-FOLDER-056,NOT_APPLICABLE,YES,PASS
requirement,CAN-LAM-FOLDER-057,NOT_APPLICABLE,YES,PASS
requirement,CAN-LAM-FOLDER-058,NOT_APPLICABLE,YES,PASS
requirement,CAN-LAM-FOLDER-059,NOT_APPLICABLE,YES,PASS
requirement,CAN-LAM-FOLDER-060,NOT_APPLICABLE,YES,PASS
requirement,CAN-LAM-FOLDER-061,NOT_APPLICABLE,YES,PASS
requirement,CAN-LAM-FOLDER-062,NOT_APPLICABLE,YES,PASS
requirement,CAN-LAM-FOLDER-063,NOT_APPLICABLE,YES,PASS
requirement,CAN-LAM-FOLDER-064,NOT_APPLICABLE,YES,PASS
requirement,CAN-LAM-FOLDER-065,NOT_APPLICABLE,YES,PASS
requirement,CAN-LAM-FOLDER-066,NOT_APPLICABLE,YES,PASS
requirement,CAN-LAM-FOLDER-067,REVIEWED_CORRECTED,YES,PASS
requirement,CAN-LAM-FOLDER-068,REVIEWED_CORRECTED,YES,PASS
requirement,CAN-LAM-FOLDER-069,REVIEWED_CORRECTED,YES,PASS
requirement,CAN-LAM-FOLDER-070,NOT_APPLICABLE,YES,PASS
requirement,CAN-LAM-FOLDER-071,REVIEWED_CORRECTED,YES,PASS
requirement,CAN-LAM-FOLDER-072,REVIEWED_CORRECTED,YES,PASS
requirement,CAN-LAM-FOLDER-073,REVIEWED_CORRECTED,YES,PASS
requirement,CAN-LAM-FOLDER-074,NOT_APPLICABLE,YES,PASS
requirement,CAN-LAM-FOLDER-075,NOT_APPLICABLE,YES,PASS
requirement,CAN-LAM-FOLDER-076,REVIEWED_CORRECTED,YES,PASS
requirement,CAN-LAM-FOLDER-077,REVIEWED_CORRECTED,YES,PASS
requirement,CAN-LAM-FOLDER-078,REVIEWED_CORRECTED,YES,PASS
requirement,CAN-LAM-FOLDER-079,NOT_APPLICABLE,YES,PASS
requirement,CAN-LAM-FOLDER-080,REVIEWED_CONFIRMED,YES,PASS
requirement,CAN-LAM-FOLDER-081,NOT_APPLICABLE,YES,PASS
requirement,CAN-LAM-GOV-001,NOT_APPLICABLE,YES,PASS
requirement,CAN-LAM-GOV-002,NOT_APPLICABLE,YES,PASS
requirement,CAN-LAM-GOV-003,NOT_APPLICABLE,YES,PASS
requirement,CAN-LAM-GOV-004,NOT_APPLICABLE,YES,PASS
requirement,CAN-LAM-GOV-005,NOT_APPLICABLE,YES,PASS
requirement,CAN-LAM-GOV-006,NOT_APPLICABLE,YES,PASS
requirement,CAN-LAM-GOV-007,NOT_APPLICABLE,YES,PASS
requirement,CAN-LAM-GOV-008,NOT_APPLICABLE,YES,PASS
requirement,CAN-LAM-GOV-009,NOT_APPLICABLE,YES,PASS
requirement,CAN-LAM-GOV-010,NOT_APPLICABLE,YES,PASS
requirement,CAN-LAM-GOV-011,NOT_APPLICABLE,YES,PASS
requirement,CAN-LAM-GOV-012,NOT_APPLICABLE,YES,PASS
requirement,CAN-LAM-GOV-013,NOT_APPLICABLE,YES,PASS
requirement,CAN-LAM-GOV-014,NOT_APPLICABLE,YES,PASS
requirement,CAN-LAM-GOV-015,NOT_APPLICABLE,YES,PASS
requirement,CAN-LAM-GOV-016,NOT_APPLICABLE,YES,PASS
requirement,CAN-LAM-GOV-017,NOT_APPLICABLE,YES,PASS
requirement,CAN-LAM-GOV-018,REVIEWED_CONFIRMED,YES,PASS
requirement,CAN-LAM-GOV-019,REVIEWED_CONFIRMED,YES,PASS
requirement,CAN-LAM-GOV-020,REVIEWED_CONFIRMED,YES,PASS
requirement,CAN-LAM-GOV-021,NOT_APPLICABLE,YES,PASS
requirement,CAN-LAM-GOV-022,NOT_APPLICABLE,YES,PASS
requirement,CAN-LAM-GOV-023,NOT_APPLICABLE,YES,PASS
requirement,CAN-LAM-GOV-024,NOT_APPLICABLE,YES,PASS
requirement,CAN-LAM-GOV-025,NOT_APPLICABLE,YES,PASS
requirement,CAN-LAM-GOV-026,NOT_APPLICABLE,YES,PASS
requirement,CAN-LAM-GOV-027,NOT_APPLICABLE,YES,PASS
requirement,CAN-LAM-GOV-028,NOT_APPLICABLE,YES,PASS
requirement,CAN-LAM-GOV-029,NOT_APPLICABLE,YES,PASS
requirement,CAN-LAM-GOV-030,NOT_APPLICABLE,YES,PASS
requirement,CAN-LAM-GOV-031,NOT_APPLICABLE,YES,PASS
requirement,CAN-LAM-GOV-032,NOT_APPLICABLE,YES,PASS
requirement,CAN-LAM-GOV-033,NOT_APPLICABLE,YES,PASS
requirement,CAN-LAM-GOV-034,NOT_APPLICABLE,YES,PASS
requirement,CAN-LAM-GOV-035,NOT_APPLICABLE,YES,PASS
requirement,CAN-LAM-GOV-036,NOT_APPLICABLE,YES,PASS
requirement,CAN-LAM-GOV-037,NOT_APPLICABLE,YES,PASS
requirement,CAN-LAM-GOV-038,NOT_APPLICABLE,YES,PASS
requirement,CAN-LAM-GOV-039,NOT_APPLICABLE,YES,PASS
requirement,CAN-LAM-GOV-040,NOT_APPLICABLE,YES,PASS
requirement,CAN-LAM-GOV-041,NOT_APPLICABLE,YES,PASS
requirement,CAN-LAM-GOV-042,NOT_APPLICABLE,YES,PASS
requirement,CAN-LAM-GOV-043,NOT_APPLICABLE,YES,PASS
requirement,CAN-LAM-GOV-044,NOT_APPLICABLE,YES,PASS
requirement,CAN-LAM-GOV-045,NOT_APPLICABLE,YES,PASS
requirement,CAN-LAM-GOV-046,NOT_APPLICABLE,YES,PASS
requirement,CAN-LAM-GOV-047,NOT_APPLICABLE,YES,PASS
requirement,CAN-LAM-GOV-048,NOT_APPLICABLE,YES,PASS
requirement,CAN-LAM-GOV-049,NOT_APPLICABLE,YES,PASS
requirement,CAN-LAM-GOV-050,NOT_APPLICABLE,YES,PASS
requirement,CAN-LAM-GOV-051,NOT_APPLICABLE,YES,PASS
requirement,CAN-LAM-GOV-052,REVIEWED_CORRECTED,YES,PASS
requirement,CAN-LAM-GOV-053,NOT_APPLICABLE,YES,PASS
requirement,CAN-LAM-GOV-054,REVIEWED_CORRECTED,YES,PASS
requirement,CAN-LAM-GOV-055,RECLASSIFIED,YES,PASS
requirement,CAN-LAM-GOV-056,NOT_APPLICABLE,YES,PASS
requirement,CAN-LAM-GOV-057,RECLASSIFIED,YES,PASS
requirement,CAN-LAM-GOV-058,RECLASSIFIED,YES,PASS
requirement,CAN-LAM-GOV-059,RECLASSIFIED,YES,PASS
requirement,CAN-LAM-GOV-060,NOT_APPLICABLE,YES,PASS
requirement,CAN-LAM-GOV-061,NOT_APPLICABLE,YES,PASS
requirement,CAN-LAM-GOV-062,REVIEWED_CORRECTED,YES,PASS
requirement,CAN-LAM-GOV-063,RECLASSIFIED,YES,PASS
requirement,CAN-LAM-GOV-064,NOT_APPLICABLE,YES,PASS
requirement,CAN-LAM-GOV-065,REVIEWED_CORRECTED,YES,PASS
requirement,CAN-LAM-GOV-066,NOT_APPLICABLE,YES,PASS
requirement,CAN-LAM-GOV-067,NOT_APPLICABLE,YES,PASS
requirement,CAN-LAM-GOV-068,NOT_APPLICABLE,YES,PASS
requirement,CAN-LAM-GOV-069,REVIEWED_CONFIRMED,YES,PASS
requirement,CAN-LAM-GOV-070,NOT_APPLICABLE,YES,PASS
requirement,CAN-LAM-GOV-071,RECLASSIFIED,YES,PASS
requirement,CAN-LAM-GOV-072,NOT_APPLICABLE,YES,PASS
requirement,CAN-LAM-GOV-073,NOT_APPLICABLE,YES,PASS
requirement,CAN-LAM-GOV-074,NOT_APPLICABLE,YES,PASS
requirement,CAN-LAM-GOV-075,REVIEWED_CORRECTED,YES,PASS
requirement,CAN-LAM-GOV-076,RECLASSIFIED,YES,PASS
requirement,CAN-LAM-GOV-077,NOT_APPLICABLE,YES,PASS
requirement,CAN-LAM-GOV-078,NOT_APPLICABLE,YES,PASS
requirement,CAN-LAM-GOV-079,NOT_APPLICABLE,YES,PASS
requirement,CAN-LAM-GOV-080,NOT_APPLICABLE,YES,PASS
requirement,CAN-LAM-GOV-081,NOT_APPLICABLE,YES,PASS
requirement,CAN-LAM-GOV-082,RECLASSIFIED,YES,PASS
requirement,CAN-LAM-GOV-083,REVIEWED_CONFIRMED,YES,PASS
requirement,CAN-LAM-GOV-084,REVIEWED_CONFIRMED,YES,PASS
requirement,CAN-LAM-GOV-085,NOT_APPLICABLE,YES,PASS
requirement,CAN-LAM-GOV-086,REVIEWED_CONFIRMED,YES,PASS
requirement,CAN-LAM-GOV-087,NOT_APPLICABLE,YES,PASS
requirement,CAN-LAM-GOV-088,RECLASSIFIED,YES,PASS
requirement,CAN-LAM-GOV-089,RECLASSIFIED,YES,PASS
requirement,CAN-LAM-GOV-090,NOT_APPLICABLE,YES,PASS
requirement,CAN-LAM-GOV-091,NOT_APPLICABLE,YES,PASS
requirement,CAN-LAM-GOV-092,NOT_APPLICABLE,YES,PASS
requirement,CAN-LAM-GOV-093,RECLASSIFIED,YES,PASS
requirement,CAN-LAM-GOV-094,REVIEWED_CORRECTED,YES,PASS
requirement,CAN-LAM-GOV-095,NOT_APPLICABLE,YES,PASS
requirement,CAN-LAM-GOV-096,RECLASSIFIED,YES,PASS
requirement,CAN-LAM-GOV-097,RECLASSIFIED,YES,PASS
requirement,CAN-LAM-GOV-098,RECLASSIFIED,YES,PASS
requirement,CAN-LAM-GOV-099,REVIEWED_CORRECTED,YES,PASS
requirement,CAN-LAM-GOV-100,REVIEWED_CORRECTED,YES,PASS
requirement,CAN-LAM-GOV-101,NOT_APPLICABLE,YES,PASS
requirement,CAN-LAM-GOV-102,REVIEWED_CONFIRMED,YES,PASS
requirement,CAN-LAM-GOV-103,NOT_APPLICABLE,YES,PASS
requirement,CAN-LAM-GOV-104,NOT_APPLICABLE,YES,PASS
requirement,CAN-LAM-GOV-105,NOT_APPLICABLE,YES,PASS
requirement,CAN-LAM-GOV-106,NOT_APPLICABLE,YES,PASS
requirement,CAN-LAM-GOV-107,NOT_APPLICABLE,YES,PASS
requirement,CAN-LAM-GOV-108,NOT_APPLICABLE,YES,PASS
requirement,CAN-LAM-GOV-109,NOT_APPLICABLE,YES,PASS
requirement,CAN-LAM-GOV-110,NOT_APPLICABLE,YES,PASS
requirement,CAN-LAM-GOV-111,NOT_APPLICABLE,YES,PASS
requirement,CAN-LAM-GOV-112,NOT_APPLICABLE,YES,PASS
requirement,CAN-LAM-GOV-113,NOT_APPLICABLE,YES,PASS
requirement,CAN-LAM-GOV-114,NOT_APPLICABLE,YES,PASS
requirement,CAN-LAM-GOV-115,REVIEWED_CONFIRMED,YES,PASS
requirement,CAN-LAM-GOV-116,NOT_APPLICABLE,YES,PASS
requirement,CAN-LAM-GOV-117,NOT_APPLICABLE,YES,PASS
requirement,CAN-LAM-GOV-118,REVIEWED_CONFIRMED,YES,PASS
requirement,CAN-LAM-GOV-119,REVIEWED_CONFIRMED,YES,PASS
requirement,CAN-LAM-GOV-120,REVIEWED_CONFIRMED,YES,PASS
requirement,CAN-LAM-GOV-121,REVIEWED_CONFIRMED,YES,PASS
requirement,CAN-LAM-GOV-122,REVIEWED_CONFIRMED,YES,PASS
requirement,CAN-LAM-GOV-123,REVIEWED_CONFIRMED,YES,PASS
requirement,CAN-LAM-GOV-124,NOT_APPLICABLE,YES,PASS
requirement,CAN-LAM-GOV-125,REVIEWED_CONFIRMED,YES,PASS
requirement,CAN-LAM-GOV-126,RECLASSIFIED,YES,PASS
requirement,CAN-LAM-GOV-127,REVIEWED_CONFIRMED,YES,PASS
requirement,CAN-LAM-GOV-128,REVIEWED_CONFIRMED,YES,PASS
requirement,CAN-LAM-GOV-129,REVIEWED_CONFIRMED,YES,PASS
requirement,CAN-LAM-GOV-130,NOT_APPLICABLE,YES,PASS
requirement,CAN-LAM-GOV-131,REVIEWED_CONFIRMED,YES,PASS
requirement,CAN-LAM-GOV-132,RECLASSIFIED,YES,PASS
requirement,CAN-LAM-GOV-133,RECLASSIFIED,YES,PASS
requirement,CAN-LAM-GOV-134,RECLASSIFIED,YES,PASS
requirement,CAN-LAM-GOV-135,RECLASSIFIED,YES,PASS
requirement,CAN-LAM-GOV-136,RECLASSIFIED,YES,PASS
requirement,CAN-LAM-GOV-137,REVIEWED_CONFIRMED,YES,PASS
requirement,CAN-LAM-GOV-138,RECLASSIFIED,YES,PASS
requirement,CAN-LAM-GOV-139,RECLASSIFIED,YES,PASS
requirement,CAN-LAM-GOV-140,RECLASSIFIED,YES,PASS
requirement,CAN-LAM-GOV-141,RECLASSIFIED,YES,PASS
requirement,CAN-LAM-GOV-142,REVIEWED_CONFIRMED,YES,PASS
requirement,CAN-LAM-GOV-143,REVIEWED_CONFIRMED,YES,PASS
requirement,CAN-LAM-GOV-144,REVIEWED_CONFIRMED,YES,PASS
requirement,CAN-LAM-GOV-145,RECLASSIFIED,YES,PASS
requirement,CAN-LAM-GOV-146,RECLASSIFIED,YES,PASS
requirement,CAN-LAM-GOV-147,REVIEWED_CONFIRMED,YES,PASS
requirement,CAN-LAM-GOV-148,REVIEWED_CONFIRMED,YES,PASS
requirement,CAN-LAM-GOV-149,REVIEWED_CONFIRMED,YES,PASS
requirement,CAN-LAM-GOV-150,RECLASSIFIED,YES,PASS
requirement,CAN-LAM-GOV-151,REVIEWED_CONFIRMED,YES,PASS
requirement,CAN-LAM-GOV-152,REVIEWED_CONFIRMED,YES,PASS
requirement,CAN-LAM-GOV-153,REVIEWED_CONFIRMED,YES,PASS
requirement,CAN-LAM-GOV-154,REVIEWED_CONFIRMED,YES,PASS
requirement,CAN-LAM-GOV-155,REVIEWED_CONFIRMED,YES,PASS
requirement,CAN-LAM-GOV-156,RECLASSIFIED,YES,PASS
requirement,CAN-LAM-GOV-157,NOT_APPLICABLE,YES,PASS
requirement,CAN-LAM-GOV-158,NOT_APPLICABLE,YES,PASS
requirement,CAN-LAM-GOV-159,NOT_APPLICABLE,YES,PASS
requirement,CAN-LAM-GOV-160,NOT_APPLICABLE,YES,PASS
requirement,CAN-LAM-GOV-161,NOT_APPLICABLE,YES,PASS
requirement,CAN-LAM-GOV-162,NOT_APPLICABLE,YES,PASS
requirement,CAN-LAM-GOV-163,NOT_APPLICABLE,YES,PASS
requirement,CAN-LAM-GOV-164,NOT_APPLICABLE,YES,PASS
requirement,CAN-LAM-GOV-165,REVIEWED_CONFIRMED,YES,PASS
requirement,CAN-LAM-GOV-166,NOT_APPLICABLE,YES,PASS
requirement,CAN-LAM-GOV-167,NOT_APPLICABLE,YES,PASS
requirement,CAN-LAM-GOV-168,REVIEWED_CONFIRMED,YES,PASS
requirement,CAN-LAM-GOV-169,REVIEWED_CONFIRMED,YES,PASS
requirement,CAN-LAM-GOV-170,REVIEWED_CONFIRMED,YES,PASS
requirement,CAN-LAM-GOV-171,REVIEWED_CONFIRMED,YES,PASS
requirement,CAN-LAM-GOV-172,REVIEWED_CONFIRMED,YES,PASS
requirement,CAN-LAM-GOV-173,REVIEWED_CONFIRMED,YES,PASS
requirement,CAN-LAM-GOV-174,RECLASSIFIED,YES,PASS
requirement,CAN-LAM-GOV-175,REVIEWED_CONFIRMED,YES,PASS
requirement,CAN-LAM-GOV-176,REVIEWED_CONFIRMED,YES,PASS
requirement,CAN-LAM-GOV-177,REVIEWED_CONFIRMED,YES,PASS
requirement,CAN-LAM-GOV-178,REVIEWED_CONFIRMED,YES,PASS
requirement,CAN-LAM-GOV-179,REVIEWED_CORRECTED,YES,PASS
requirement,CAN-LAM-GOV-180,REVIEWED_CORRECTED,YES,PASS
requirement,CAN-LAM-GOV-181,RECLASSIFIED,YES,PASS
requirement,CAN-LAM-GOV-182,REVIEWED_CONFIRMED,YES,PASS
requirement,CAN-LAM-GOV-183,REVIEWED_CONFIRMED,YES,PASS
requirement,CAN-LAM-GOV-184,REVIEWED_CONFIRMED,YES,PASS
requirement,CAN-LAM-GOV-185,RECLASSIFIED,YES,PASS
requirement,CAN-LAM-GOV-186,REVIEWED_CONFIRMED,YES,PASS
requirement,CAN-LAM-GOV-187,RECLASSIFIED,YES,PASS
requirement,CAN-LAM-GOV-188,RECLASSIFIED,YES,PASS
requirement,CAN-LAM-GOV-189,RECLASSIFIED,YES,PASS
requirement,CAN-LAM-GOV-190,RECLASSIFIED,YES,PASS
requirement,CAN-LAM-GOV-191,NOT_APPLICABLE,YES,PASS
requirement,CAN-LAM-GOV-192,RECLASSIFIED,YES,PASS
requirement,CAN-LAM-GOV-193,RECLASSIFIED,YES,PASS
requirement,CAN-LAM-GOV-194,REVIEWED_CONFIRMED,YES,PASS
requirement,CAN-LAM-GOV-195,RECLASSIFIED,YES,PASS
requirement,CAN-LAM-GOV-196,SUPERSEDED,YES,PASS
requirement,CAN-LAM-GOV-197,NOT_APPLICABLE,YES,PASS
requirement,CAN-LAM-GOV-198,NOT_APPLICABLE,YES,PASS
requirement,CAN-LAM-GOV-199,REVIEWED_CONFIRMED,YES,PASS
requirement,CAN-LAM-GOV-200,REVIEWED_CONFIRMED,YES,PASS
requirement,CAN-LAM-GOV-201,NOT_APPLICABLE,YES,PASS
requirement,CAN-LAM-GOV-202,NOT_APPLICABLE,YES,PASS
requirement,CAN-LAM-GOV-203,REVIEWED_CONFIRMED,YES,PASS
requirement,CAN-LAM-GOV-204,REVIEWED_CONFIRMED,YES,PASS
requirement,CAN-LAM-GOV-205,NOT_APPLICABLE,YES,PASS
requirement,CAN-LAM-GOV-206,NOT_APPLICABLE,YES,PASS
requirement,CAN-LAM-GOV-207,NOT_APPLICABLE,YES,PASS
requirement,CAN-LAM-GOV-208,NOT_APPLICABLE,YES,PASS
requirement,CAN-LAM-GOV-209,NOT_APPLICABLE,YES,PASS
requirement,CAN-LAM-GOV-210,NOT_APPLICABLE,YES,PASS
requirement,CAN-LAM-GOV-211,NOT_APPLICABLE,YES,PASS
requirement,CAN-LAM-GOV-212,NOT_APPLICABLE,YES,PASS
requirement,CAN-LAM-GOV-213,RECLASSIFIED,YES,PASS
requirement,CAN-LAM-GOV-214,REVIEWED_CONFIRMED,YES,PASS
requirement,CAN-LAM-GOV-215,REVIEWED_CONFIRMED,YES,PASS
requirement,CAN-LAM-GOV-216,NOT_APPLICABLE,YES,PASS
requirement,CAN-LAM-GOV-217,NOT_APPLICABLE,YES,PASS
requirement,CAN-LAM-GOV-218,REVIEWED_CONFIRMED,YES,PASS
requirement,CAN-LAM-GOV-219,REVIEWED_CONFIRMED,YES,PASS
requirement,CAN-LAM-GOV-220,NOT_APPLICABLE,YES,PASS
requirement,CAN-LAM-GOV-221,NOT_APPLICABLE,YES,PASS
requirement,CAN-LAM-GOV-222,NOT_APPLICABLE,YES,PASS
requirement,CAN-LAM-GOV-223,NOT_APPLICABLE,YES,PASS
requirement,CAN-LAM-GOV-224,REVIEWED_CONFIRMED,YES,PASS
requirement,CAN-LAM-GOV-225,NOT_APPLICABLE,YES,PASS
requirement,CAN-LAM-GOV-226,RECLASSIFIED,YES,PASS
requirement,CAN-LAM-GOV-227,RECLASSIFIED,YES,PASS
requirement,CAN-LAM-GOV-228,NOT_APPLICABLE,YES,PASS
requirement,CAN-LAM-GOV-229,RECLASSIFIED,YES,PASS
requirement,CAN-LAM-GOV-230,RECLASSIFIED,YES,PASS
requirement,CAN-LAM-GOV-231,RECLASSIFIED,YES,PASS
requirement,CAN-LAM-GOV-232,RECLASSIFIED,YES,PASS
requirement,CAN-LAM-GOV-233,NOT_APPLICABLE,YES,PASS
requirement,CAN-LAM-GOV-234,NOT_APPLICABLE,YES,PASS
requirement,CAN-LAM-GOV-235,NOT_APPLICABLE,YES,PASS
requirement,CAN-LAM-GOV-236,NOT_APPLICABLE,YES,PASS
requirement,CAN-LAM-GOV-237,REVIEWED_CORRECTED,YES,PASS
requirement,CAN-LAM-GOV-238,REVIEWED_CORRECTED,YES,PASS
requirement,CAN-LAM-GOV-239,NOT_APPLICABLE,YES,PASS
requirement,CAN-LAM-GOV-240,REVIEWED_CORRECTED,YES,PASS
requirement,CAN-LAM-GOV-241,REVIEWED_CORRECTED,YES,PASS
requirement,CAN-LAM-GOV-242,REVIEWED_CORRECTED,YES,PASS
requirement,CAN-LAM-GOV-243,REVIEWED_CONFIRMED,YES,PASS
requirement,CAN-LAM-GOV-244,REVIEWED_CORRECTED,YES,PASS
requirement,CAN-LAM-GOV-245,RECLASSIFIED,YES,PASS
requirement,CAN-LAM-GOV-246,RECLASSIFIED,YES,PASS
requirement,CAN-LAM-GOV-247,RECLASSIFIED,YES,PASS
requirement,CAN-LAM-GOV-248,RECLASSIFIED,YES,PASS
requirement,CAN-LAM-GOV-249,RECLASSIFIED,YES,PASS
requirement,CAN-LAM-GOV-250,RECLASSIFIED,YES,PASS
requirement,CAN-LAM-GOV-251,RECLASSIFIED,YES,PASS
requirement,CAN-LAM-GOV-252,RECLASSIFIED,YES,PASS
requirement,CAN-LAM-GOV-253,REVIEWED_CORRECTED,YES,PASS
requirement,CAN-LAM-GOV-254,REVIEWED_CORRECTED,YES,PASS
requirement,CAN-LAM-GOV-255,REVIEWED_CONFIRMED,YES,PASS
requirement,CAN-LAM-GOV-256,REVIEWED_CONFIRMED,YES,PASS
requirement,CAN-LAM-GOV-257,RECLASSIFIED,YES,PASS
requirement,CAN-LAM-GOV-258,REVIEWED_CORRECTED,YES,PASS
requirement,CAN-LAM-GOV-259,NOT_APPLICABLE,YES,PASS
requirement,CAN-LAM-GOV-260,NOT_APPLICABLE,YES,PASS
requirement,CAN-LAM-GOV-261,REVIEWED_CORRECTED,YES,PASS
requirement,CAN-LAM-GOV-262,REVIEWED_CORRECTED,YES,PASS
requirement,CAN-LAM-GOV-263,REVIEWED_CONFIRMED,YES,PASS
requirement,CAN-LAM-GOV-264,REVIEWED_CORRECTED,YES,PASS
requirement,CAN-LAM-GOV-265,REVIEWED_CORRECTED,YES,PASS
requirement,CAN-LAM-GOV-266,REVIEWED_CORRECTED,YES,PASS
requirement,CAN-LAM-GOV-267,REVIEWED_CONFIRMED,YES,PASS
requirement,CAN-LAM-GOV-268,REVIEWED_CONFIRMED,YES,PASS
requirement,CAN-LAM-GOV-269,NOT_APPLICABLE,YES,PASS
requirement,CAN-LAM-GOV-270,REVIEWED_CORRECTED,YES,PASS
requirement,CAN-LAM-GOV-271,NOT_APPLICABLE,YES,PASS
requirement,CAN-LAM-GOV-272,NOT_APPLICABLE,YES,PASS
requirement,CAN-LAM-GOV-273,REVIEWED_CORRECTED,YES,PASS
requirement,CAN-LAM-GOV-274,REVIEWED_CORRECTED,YES,PASS
requirement,CAN-LAM-GOV-275,NOT_APPLICABLE,YES,PASS
requirement,CAN-LAM-GOV-276,NOT_APPLICABLE,YES,PASS
requirement,CAN-LAM-GOV-277,NOT_APPLICABLE,YES,PASS
requirement,CAN-LAM-GOV-278,NOT_APPLICABLE,YES,PASS
requirement,CAN-LAM-GOV-279,NOT_APPLICABLE,YES,PASS
requirement,CAN-LAM-GOV-280,NOT_APPLICABLE,YES,PASS
requirement,CAN-LAM-GOV-281,REVIEWED_CONFIRMED,YES,PASS
requirement,CAN-LAM-GOV-282,NOT_APPLICABLE,YES,PASS
requirement,CAN-LAM-GOV-283,REVIEWED_CONFIRMED,YES,PASS
requirement,CAN-LAM-GOV-284,RECLASSIFIED,YES,PASS
requirement,CAN-LAM-GOV-285,RECLASSIFIED,YES,PASS
requirement,CAN-LAM-GOV-286,REVIEWED_CONFIRMED,YES,PASS
requirement,CAN-LAM-GOV-287,NOT_APPLICABLE,YES,PASS
requirement,CAN-LAM-GOV-288,NOT_APPLICABLE,YES,PASS
requirement,CAN-LAM-GOV-289,NOT_APPLICABLE,YES,PASS
requirement,CAN-LAM-GOV-290,NOT_APPLICABLE,YES,PASS
requirement,CAN-LAM-GOV-291,NOT_APPLICABLE,YES,PASS
requirement,CAN-LAM-GOV-292,REVIEWED_CORRECTED,YES,PASS
requirement,CAN-LAM-GOV-293,NOT_APPLICABLE,YES,PASS
requirement,CAN-LAM-GOV-294,NOT_APPLICABLE,YES,PASS
requirement,CAN-LAM-GOV-295,NOT_APPLICABLE,YES,PASS
requirement,CAN-LAM-GOV-296,RECLASSIFIED,YES,PASS
requirement,CAN-LAM-GOV-297,NOT_APPLICABLE,YES,PASS
requirement,CAN-LAM-GOV-298,RECLASSIFIED,YES,PASS
requirement,CAN-LAM-GOV-299,NOT_APPLICABLE,YES,PASS
requirement,CAN-LAM-GOV-300,NOT_APPLICABLE,YES,PASS
requirement,CAN-LAM-GOV-301,NOT_APPLICABLE,YES,PASS
requirement,CAN-LAM-GOV-302,NOT_APPLICABLE,YES,PASS
requirement,CAN-LAM-GOV-303,NOT_APPLICABLE,YES,PASS
requirement,CAN-LAM-GROUP-001,REVIEWED_CONFIRMED,YES,PASS
requirement,CAN-LAM-INV-AI-01,NOT_APPLICABLE,YES,PASS
requirement,CAN-LAM-INV-AI-02-A,NOT_APPLICABLE,YES,PASS
requirement,CAN-LAM-INV-AI-02-B,REVIEWED_CONFIRMED,YES,PASS
requirement,CAN-LAM-INV-AI-03,REVIEWED_CONFIRMED,YES,PASS
requirement,CAN-LAM-INV-AI-04,REVIEWED_CORRECTED,YES,PASS
requirement,CAN-LAM-INV-ASSET-01,REVIEWED_CORRECTED,YES,PASS
requirement,CAN-LAM-INV-ASSET-02,REVIEWED_CORRECTED,YES,PASS
requirement,CAN-LAM-INV-ASSET-03,REVIEWED_CONFIRMED,YES,PASS
requirement,CAN-LAM-INV-ASSET-04,REVIEWED_CONFIRMED,YES,PASS
requirement,CAN-LAM-INV-ASSET-05,REVIEWED_CONFIRMED,YES,PASS
requirement,CAN-LAM-INV-ASSET-06,REVIEWED_CONFIRMED,YES,PASS
requirement,CAN-LAM-INV-ASSET-07,REVIEWED_CONFIRMED,YES,PASS
requirement,CAN-LAM-INV-COMP-01,NOT_APPLICABLE,YES,PASS
requirement,CAN-LAM-INV-COMP-02,REVIEWED_CONFIRMED,YES,PASS
requirement,CAN-LAM-INV-COMP-03,NOT_APPLICABLE,YES,PASS
requirement,CAN-LAM-INV-EVENT-01,REVIEWED_CORRECTED,YES,PASS
requirement,CAN-LAM-INV-EVENT-02,REVIEWED_CONFIRMED,YES,PASS
requirement,CAN-LAM-INV-EVENT-03,REVIEWED_CORRECTED,YES,PASS
requirement,CAN-LAM-INV-FS-01,REVIEWED_CORRECTED,YES,PASS
requirement,CAN-LAM-INV-META-01,REVIEWED_CORRECTED,YES,PASS
requirement,CAN-LAM-INV-META-02,REVIEWED_CONFIRMED,YES,PASS
requirement,CAN-LAM-INV-META-03,REVIEWED_CONFIRMED,YES,PASS
requirement,CAN-LAM-INV-META-04,REVIEWED_CONFIRMED,YES,PASS
requirement,CAN-LAM-INV-PERSON-01,REVIEWED_CORRECTED,YES,PASS
requirement,CAN-LAM-INV-PERSON-02,REVIEWED_CORRECTED,YES,PASS
requirement,CAN-LAM-INV-PERSON-03,REVIEWED_CONFIRMED,YES,PASS
requirement,CAN-LAM-LEGAL-001,REVIEWED_CORRECTED,YES,PASS
requirement,CAN-LAM-LEGAL-002,REVIEWED_CORRECTED,YES,PASS
requirement,CAN-LAM-LEGAL-003,NOT_APPLICABLE,YES,PASS
requirement,CAN-LAM-LEGAL-004,NOT_APPLICABLE,YES,PASS
requirement,CAN-LAM-LEGAL-005,NOT_APPLICABLE,YES,PASS
requirement,CAN-LAM-LEGAL-006,NOT_APPLICABLE,YES,PASS
requirement,CAN-LAM-LEGAL-007,NOT_APPLICABLE,YES,PASS
requirement,CAN-LAM-LEGAL-008,NOT_APPLICABLE,YES,PASS
requirement,CAN-LAM-LEGAL-009,NOT_APPLICABLE,YES,PASS
requirement,CAN-LAM-LEGAL-010,REVIEWED_CORRECTED,YES,PASS
requirement,CAN-LAM-LEGAL-011,NOT_APPLICABLE,YES,PASS
requirement,CAN-LAM-LEGAL-012,NOT_APPLICABLE,YES,PASS
requirement,CAN-LAM-LEGAL-013,REVIEWED_CORRECTED,YES,PASS
requirement,CAN-LAM-LEGAL-014,REVIEWED_CORRECTED,YES,PASS
requirement,CAN-LAM-LEGAL-015,NOT_APPLICABLE,YES,PASS
requirement,CAN-LAM-LOCAL-001,NOT_APPLICABLE,YES,PASS
requirement,CAN-LAM-META-001,NOT_APPLICABLE,YES,PASS
requirement,CAN-LAM-META-002,REVIEWED_CORRECTED,YES,PASS
requirement,CAN-LAM-META-003,NOT_APPLICABLE,YES,PASS
requirement,CAN-LAM-META-004,NOT_APPLICABLE,YES,PASS
requirement,CAN-LAM-META-005,REVIEWED_CONFIRMED,YES,PASS
requirement,CAN-LAM-META-006,REVIEWED_CONFIRMED,YES,PASS
requirement,CAN-LAM-META-007,NOT_APPLICABLE,YES,PASS
requirement,CAN-LAM-META-008,NOT_APPLICABLE,YES,PASS
requirement,CAN-LAM-META-009,REVIEWED_CORRECTED,YES,PASS
requirement,CAN-LAM-META-010,NOT_APPLICABLE,YES,PASS
requirement,CAN-LAM-META-011,REVIEWED_CONFIRMED,YES,PASS
requirement,CAN-LAM-META-012,REVIEWED_CONFIRMED,YES,PASS
requirement,CAN-LAM-META-013,REVIEWED_CORRECTED,YES,PASS
requirement,CAN-LAM-META-014,REVIEWED_CORRECTED,YES,PASS
requirement,CAN-LAM-META-015,REVIEWED_CORRECTED,YES,PASS
requirement,CAN-LAM-META-016,REVIEWED_CORRECTED,YES,PASS
requirement,CAN-LAM-META-017,NOT_APPLICABLE,YES,PASS
requirement,CAN-LAM-META-018,REVIEWED_CORRECTED,YES,PASS
requirement,CAN-LAM-META-019,REVIEWED_CORRECTED,YES,PASS
requirement,CAN-LAM-META-020,NOT_APPLICABLE,YES,PASS
requirement,CAN-LAM-META-021,REVIEWED_CORRECTED,YES,PASS
requirement,CAN-LAM-META-022,NOT_APPLICABLE,YES,PASS
requirement,CAN-LAM-META-023,REVIEWED_CORRECTED,YES,PASS
requirement,CAN-LAM-META-024,REVIEWED_CONFIRMED,YES,PASS
requirement,CAN-LAM-META-025,REVIEWED_CORRECTED,YES,PASS
requirement,CAN-LAM-META-026,REVIEWED_CORRECTED,YES,PASS
requirement,CAN-LAM-META-027,NOT_APPLICABLE,YES,PASS
requirement,CAN-LAM-META-028,NOT_APPLICABLE,YES,PASS
requirement,CAN-LAM-META-029,RECLASSIFIED,YES,PASS
requirement,CAN-LAM-META-030,NOT_APPLICABLE,YES,PASS
requirement,CAN-LAM-META-031,NOT_APPLICABLE,YES,PASS
requirement,CAN-LAM-META-032,RECLASSIFIED,YES,PASS
requirement,CAN-LAM-META-033,REVIEWED_CORRECTED,YES,PASS
requirement,CAN-LAM-META-034,REVIEWED_CONFIRMED,YES,PASS
requirement,CAN-LAM-META-035,REVIEWED_CORRECTED,YES,PASS
requirement,CAN-LAM-META-036,REVIEWED_CORRECTED,YES,PASS
requirement,CAN-LAM-META-037,REVIEWED_CORRECTED,YES,PASS
requirement,CAN-LAM-META-038,REVIEWED_CONFIRMED,YES,PASS
requirement,CAN-LAM-META-039,REVIEWED_CORRECTED,YES,PASS
requirement,CAN-LAM-META-040,REVIEWED_CORRECTED,YES,PASS
requirement,CAN-LAM-META-041,REVIEWED_CORRECTED,YES,PASS
requirement,CAN-LAM-META-042,REVIEWED_CORRECTED,YES,PASS
requirement,CAN-LAM-META-043,REVIEWED_CORRECTED,YES,PASS
requirement,CAN-LAM-META-044,REVIEWED_CORRECTED,YES,PASS
requirement,CAN-LAM-META-045,REVIEWED_CONFIRMED,YES,PASS
requirement,CAN-LAM-META-046,REVIEWED_CORRECTED,YES,PASS
requirement,CAN-LAM-META-047,NOT_APPLICABLE,YES,PASS
requirement,CAN-LAM-META-048,REVIEWED_CORRECTED,YES,PASS
requirement,CAN-LAM-META-049,REVIEWED_CORRECTED,YES,PASS
requirement,CAN-LAM-META-050,REVIEWED_CORRECTED,YES,PASS
requirement,CAN-LAM-META-051,REVIEWED_CORRECTED,YES,PASS
requirement,CAN-LAM-META-052,NOT_APPLICABLE,YES,PASS
requirement,CAN-LAM-META-053,NOT_APPLICABLE,YES,PASS
requirement,CAN-LAM-META-054,NOT_APPLICABLE,YES,PASS
requirement,CAN-LAM-META-055,NOT_APPLICABLE,YES,PASS
requirement,CAN-LAM-META-056,NOT_APPLICABLE,YES,PASS
requirement,CAN-LAM-META-057,NOT_APPLICABLE,YES,PASS
requirement,CAN-LAM-META-058,NOT_APPLICABLE,YES,PASS
requirement,CAN-LAM-META-059,NOT_APPLICABLE,YES,PASS
requirement,CAN-LAM-META-060,NOT_APPLICABLE,YES,PASS
requirement,CAN-LAM-META-061,NOT_APPLICABLE,YES,PASS
requirement,CAN-LAM-META-062,NOT_APPLICABLE,YES,PASS
requirement,CAN-LAM-META-063,NOT_APPLICABLE,YES,PASS
requirement,CAN-LAM-META-064,NOT_APPLICABLE,YES,PASS
requirement,CAN-LAM-META-065,NOT_APPLICABLE,YES,PASS
requirement,CAN-LAM-META-066,NOT_APPLICABLE,YES,PASS
requirement,CAN-LAM-META-067,NOT_APPLICABLE,YES,PASS
requirement,CAN-LAM-META-068,REVIEWED_CORRECTED,YES,PASS
requirement,CAN-LAM-META-069,NOT_APPLICABLE,YES,PASS
requirement,CAN-LAM-META-070,REVIEWED_CORRECTED,YES,PASS
requirement,CAN-LAM-META-071,REVIEWED_CORRECTED,YES,PASS
requirement,CAN-LAM-META-072,NOT_APPLICABLE,YES,PASS
requirement,CAN-LAM-META-073,NOT_APPLICABLE,YES,PASS
requirement,CAN-LAM-META-074,REVIEWED_CORRECTED,YES,PASS
requirement,CAN-LAM-META-075,REVIEWED_CORRECTED,YES,PASS
requirement,CAN-LAM-META-076,REVIEWED_CORRECTED,YES,PASS
requirement,CAN-LAM-META-077,REVIEWED_CORRECTED,YES,PASS
requirement,CAN-LAM-META-078,NOT_APPLICABLE,YES,PASS
requirement,CAN-LAM-META-079,NOT_APPLICABLE,YES,PASS
requirement,CAN-LAM-META-080,REVIEWED_CONFIRMED,YES,PASS
requirement,CAN-LAM-PERF-001,REVIEWED_CORRECTED,YES,PASS
requirement,CAN-LAM-PERF-002,REVIEWED_CORRECTED,YES,PASS
requirement,CAN-LAM-PERF-003,REVIEWED_CORRECTED,YES,PASS
requirement,CAN-LAM-PERF-004,REVIEWED_CORRECTED,YES,PASS
requirement,CAN-LAM-PERF-005,REVIEWED_CORRECTED,YES,PASS
requirement,CAN-LAM-PERF-006,REVIEWED_CORRECTED,YES,PASS
requirement,CAN-LAM-PERF-007,NOT_APPLICABLE,YES,PASS
requirement,CAN-LAM-PERF-008,REVIEWED_CORRECTED,YES,PASS
requirement,CAN-LAM-PERF-009,NOT_APPLICABLE,YES,PASS
requirement,CAN-LAM-PERF-010,NOT_APPLICABLE,YES,PASS
requirement,CAN-LAM-PERSON-001,NOT_APPLICABLE,YES,PASS
requirement,CAN-LAM-PERSON-002,REVIEWED_CONFIRMED,YES,PASS
requirement,CAN-LAM-PERSON-003,NOT_APPLICABLE,YES,PASS
requirement,CAN-LAM-PERSON-004,REVIEWED_CONFIRMED,YES,PASS
requirement,CAN-LAM-PERSON-005,NOT_APPLICABLE,YES,PASS
requirement,CAN-LAM-PERSON-006,NOT_APPLICABLE,YES,PASS
requirement,CAN-LAM-PERSON-007,REVIEWED_CORRECTED,YES,PASS
requirement,CAN-LAM-PERSON-008,REVIEWED_CORRECTED,YES,PASS
requirement,CAN-LAM-PERSON-009,REVIEWED_CORRECTED,YES,PASS
requirement,CAN-LAM-PERSON-010,REVIEWED_CORRECTED,YES,PASS
requirement,CAN-LAM-PERSON-011,REVIEWED_CORRECTED,YES,PASS
requirement,CAN-LAM-PERSON-012,REVIEWED_CORRECTED,YES,PASS
requirement,CAN-LAM-PERSON-013,REVIEWED_CORRECTED,YES,PASS
requirement,CAN-LAM-PERSON-014,REVIEWED_CORRECTED,YES,PASS
requirement,CAN-LAM-PERSON-015,NOT_APPLICABLE,YES,PASS
requirement,CAN-LAM-PERSON-016,NOT_APPLICABLE,YES,PASS
requirement,CAN-LAM-PERSON-017,REVIEWED_CORRECTED,YES,PASS
requirement,CAN-LAM-PERSON-018,REVIEWED_CORRECTED,YES,PASS
requirement,CAN-LAM-PERSON-019,REVIEWED_CORRECTED,YES,PASS
requirement,CAN-LAM-PERSON-020,REVIEWED_CORRECTED,YES,PASS
requirement,CAN-LAM-PERSON-021,REVIEWED_CORRECTED,YES,PASS
requirement,CAN-LAM-PERSON-022,REVIEWED_CORRECTED,YES,PASS
requirement,CAN-LAM-PERSON-023,REVIEWED_CORRECTED,YES,PASS
requirement,CAN-LAM-PERSON-024,REVIEWED_CORRECTED,YES,PASS
requirement,CAN-LAM-PERSON-025,REVIEWED_CORRECTED,YES,PASS
requirement,CAN-LAM-PERSON-026,REVIEWED_CORRECTED,YES,PASS
requirement,CAN-LAM-PERSON-027,REVIEWED_CORRECTED,YES,PASS
requirement,CAN-LAM-PERSON-028,REVIEWED_CORRECTED,YES,PASS
requirement,CAN-LAM-PERSON-029,REVIEWED_CORRECTED,YES,PASS
requirement,CAN-LAM-PERSON-030,REVIEWED_CORRECTED,YES,PASS
requirement,CAN-LAM-PERSON-031,RECLASSIFIED,YES,PASS
requirement,CAN-LAM-PERSON-032,RECLASSIFIED,YES,PASS
requirement,CAN-LAM-PERSON-033,REVIEWED_CONFIRMED,YES,PASS
requirement,CAN-LAM-PERSON-034,REVIEWED_CORRECTED,YES,PASS
requirement,CAN-LAM-PERSON-035,REVIEWED_CORRECTED,YES,PASS
requirement,CAN-LAM-PERSON-036,REVIEWED_CORRECTED,YES,PASS
requirement,CAN-LAM-PERSON-037,REVIEWED_CORRECTED,YES,PASS
requirement,CAN-LAM-PERSON-038,REVIEWED_CORRECTED,YES,PASS
requirement,CAN-LAM-PERSON-039,REVIEWED_CORRECTED,YES,PASS
requirement,CAN-LAM-PERSON-040,RECLASSIFIED,YES,PASS
requirement,CAN-LAM-PERSON-041,RECLASSIFIED,YES,PASS
requirement,CAN-LAM-PERSON-042,NOT_APPLICABLE,YES,PASS
requirement,CAN-LAM-PERSON-043,RECLASSIFIED,YES,PASS
requirement,CAN-LAM-PERSON-044,RECLASSIFIED,YES,PASS
requirement,CAN-LAM-PERSON-045,RECLASSIFIED,YES,PASS
requirement,CAN-LAM-PERSON-046,RECLASSIFIED,YES,PASS
requirement,CAN-LAM-PERSON-047,RECLASSIFIED,YES,PASS
requirement,CAN-LAM-PERSON-048,RECLASSIFIED,YES,PASS
requirement,CAN-LAM-PERSON-049,REVIEWED_CONFIRMED,YES,PASS
requirement,CAN-LAM-PERSON-050,RECLASSIFIED,YES,PASS
requirement,CAN-LAM-PERSON-051,REVIEWED_CORRECTED,YES,PASS
requirement,CAN-LAM-PERSON-052,NOT_APPLICABLE,YES,PASS
requirement,CAN-LAM-PERSON-053,NOT_APPLICABLE,YES,PASS
requirement,CAN-LAM-PERSON-054,NOT_APPLICABLE,YES,PASS
requirement,CAN-LAM-PERSON-055,RECLASSIFIED,YES,PASS
requirement,CAN-LAM-PERSON-056,RECLASSIFIED,YES,PASS
requirement,CAN-LAM-PERSON-057,RECLASSIFIED,YES,PASS
requirement,CAN-LAM-PERSON-058,REVIEWED_CONFIRMED,YES,PASS
requirement,CAN-LAM-PERSON-059,RECLASSIFIED,YES,PASS
requirement,CAN-LAM-PERSON-060,REVIEWED_CORRECTED,YES,PASS
requirement,CAN-LAM-PERSON-061,REVIEWED_CORRECTED,YES,PASS
requirement,CAN-LAM-PERSON-062,REVIEWED_CORRECTED,YES,PASS
requirement,CAN-LAM-PERSON-063,RECLASSIFIED,YES,PASS
requirement,CAN-LAM-PERSON-064,RECLASSIFIED,YES,PASS
requirement,CAN-LAM-PERSON-065,RECLASSIFIED,YES,PASS
requirement,CAN-LAM-PERSON-066,RECLASSIFIED,YES,PASS
requirement,CAN-LAM-PERSON-067,RECLASSIFIED,YES,PASS
requirement,CAN-LAM-PERSON-068,REVIEWED_CONFIRMED,YES,PASS
requirement,CAN-LAM-PERSON-069,NOT_APPLICABLE,YES,PASS
requirement,CAN-LAM-PERSON-070,NOT_APPLICABLE,YES,PASS
requirement,CAN-LAM-PERSON-071,NOT_APPLICABLE,YES,PASS
requirement,CAN-LAM-PERSON-072,NOT_APPLICABLE,YES,PASS
requirement,CAN-LAM-PERSON-073,REVIEWED_CONFIRMED,YES,PASS
requirement,CAN-LAM-PERSON-074,NOT_APPLICABLE,YES,PASS
requirement,CAN-LAM-PERSON-075,NOT_APPLICABLE,YES,PASS
requirement,CAN-LAM-PERSON-076,NOT_APPLICABLE,YES,PASS
requirement,CAN-LAM-PERSON-077,REVIEWED_CONFIRMED,YES,PASS
requirement,CAN-LAM-PERSON-078,REVIEWED_CORRECTED,YES,PASS
requirement,CAN-LAM-PERSON-079,NOT_APPLICABLE,YES,PASS
requirement,CAN-LAM-PERSON-080,NOT_APPLICABLE,YES,PASS
requirement,CAN-LAM-PERSON-081,NOT_APPLICABLE,YES,PASS
requirement,CAN-LAM-PERSON-082,RECLASSIFIED,YES,PASS
requirement,CAN-LAM-PERSON-083,RECLASSIFIED,YES,PASS
requirement,CAN-LAM-PERSON-084,RECLASSIFIED,YES,PASS
requirement,CAN-LAM-PERSON-085,RECLASSIFIED,YES,PASS
requirement,CAN-LAM-PERSON-086,REVIEWED_CORRECTED,YES,PASS
requirement,CAN-LAM-PERSON-087,REVIEWED_CORRECTED,YES,PASS
requirement,CAN-LAM-PERSON-088,REVIEWED_CORRECTED,YES,PASS
requirement,CAN-LAM-PERSON-089,REVIEWED_CORRECTED,YES,PASS
requirement,CAN-LAM-PERSON-090,REVIEWED_CORRECTED,YES,PASS
requirement,CAN-LAM-PERSON-091,REVIEWED_CORRECTED,YES,PASS
requirement,CAN-LAM-PERSON-092,REVIEWED_CORRECTED,YES,PASS
requirement,CAN-LAM-PERSON-093,REVIEWED_CORRECTED,YES,PASS
requirement,CAN-LAM-PERSON-094,REVIEWED_CORRECTED,YES,PASS
requirement,CAN-LAM-PERSON-095,REVIEWED_CORRECTED,YES,PASS
requirement,CAN-LAM-PERSON-096,REVIEWED_CORRECTED,YES,PASS
requirement,CAN-LAM-PERSON-097,REVIEWED_CORRECTED,YES,PASS
requirement,CAN-LAM-PERSON-098,REVIEWED_CORRECTED,YES,PASS
requirement,CAN-LAM-PERSON-099,NOT_APPLICABLE,YES,PASS
requirement,CAN-LAM-PERSON-100,REVIEWED_CORRECTED,YES,PASS
requirement,CAN-LAM-PERSON-101,NOT_APPLICABLE,YES,PASS
requirement,CAN-LAM-PERSON-102,NOT_APPLICABLE,YES,PASS
requirement,CAN-LAM-PERSON-103,NOT_APPLICABLE,YES,PASS
requirement,CAN-LAM-PERSON-104,NOT_APPLICABLE,YES,PASS
requirement,CAN-LAM-PERSON-105,NOT_APPLICABLE,YES,PASS
requirement,CAN-LAM-PERSON-106,NOT_APPLICABLE,YES,PASS
requirement,CAN-LAM-PERSON-107,NOT_APPLICABLE,YES,PASS
requirement,CAN-LAM-PERSON-108,NOT_APPLICABLE,YES,PASS
requirement,CAN-LAM-PERSON-109,NOT_APPLICABLE,YES,PASS
requirement,CAN-LAM-PERSON-110,NOT_APPLICABLE,YES,PASS
requirement,CAN-LAM-PERSON-111,NOT_APPLICABLE,YES,PASS
requirement,CAN-LAM-PERSON-112,NOT_APPLICABLE,YES,PASS
requirement,CAN-LAM-PERSON-113,NOT_APPLICABLE,YES,PASS
requirement,CAN-LAM-PERSON-114,NOT_APPLICABLE,YES,PASS
requirement,CAN-LAM-PERSON-115,NOT_APPLICABLE,YES,PASS
requirement,CAN-LAM-PERSON-116,NOT_APPLICABLE,YES,PASS
requirement,CAN-LAM-PERSON-117,NOT_APPLICABLE,YES,PASS
requirement,CAN-LAM-PERSON-118,NOT_APPLICABLE,YES,PASS
requirement,CAN-LAM-PERSON-119,NOT_APPLICABLE,YES,PASS
requirement,CAN-LAM-PERSON-120,NOT_APPLICABLE,YES,PASS
requirement,CAN-LAM-PERSON-121,REVIEWED_CORRECTED,YES,PASS
requirement,CAN-LAM-PERSON-122,NOT_APPLICABLE,YES,PASS
requirement,CAN-LAM-PERSON-123,NOT_APPLICABLE,YES,PASS
requirement,CAN-LAM-PERSON-124,NOT_APPLICABLE,YES,PASS
requirement,CAN-LAM-PERSON-125,NOT_APPLICABLE,YES,PASS
requirement,CAN-LAM-PERSON-126,NOT_APPLICABLE,YES,PASS
requirement,CAN-LAM-PERSON-127,NOT_APPLICABLE,YES,PASS
requirement,CAN-LAM-PERSON-128,REVIEWED_CORRECTED,YES,PASS
requirement,CAN-LAM-PERSON-129,NOT_APPLICABLE,YES,PASS
requirement,CAN-LAM-PERSON-130,NOT_APPLICABLE,YES,PASS
requirement,CAN-LAM-PERSON-131,NOT_APPLICABLE,YES,PASS
requirement,CAN-LAM-REL-001,NOT_APPLICABLE,YES,PASS
requirement,CAN-LAM-REMOVE-001,NOT_APPLICABLE,YES,PASS
requirement,CAN-LAM-REMOVE-002,REVIEWED_CONFIRMED,YES,PASS
requirement,CAN-LAM-REMOVE-003,NOT_APPLICABLE,YES,PASS
requirement,CAN-LAM-REVIEW-001,REVIEWED_CONFIRMED,YES,PASS
requirement,CAN-LAM-SEARCH-001,REVIEWED_CORRECTED,YES,PASS
requirement,CAN-LAM-SEARCH-002,REVIEWED_CORRECTED,YES,PASS
requirement,CAN-LAM-SEARCH-003,REVIEWED_CORRECTED,YES,PASS
requirement,CAN-LAM-SEARCH-004,REVIEWED_CORRECTED,YES,PASS
requirement,CAN-LAM-SEARCH-005,REVIEWED_CORRECTED,YES,PASS
requirement,CAN-LAM-SEARCH-006,REVIEWED_CORRECTED,YES,PASS
requirement,CAN-LAM-SEARCH-007,REVIEWED_CORRECTED,YES,PASS
requirement,CAN-LAM-SEARCH-008,REVIEWED_CORRECTED,YES,PASS
requirement,CAN-LAM-SEARCH-009,REVIEWED_CORRECTED,YES,PASS
requirement,CAN-LAM-SEARCH-010,REVIEWED_CONFIRMED,YES,PASS
requirement,CAN-LAM-SEARCH-011,REVIEWED_CORRECTED,YES,PASS
requirement,CAN-LAM-SEARCH-012,REVIEWED_CORRECTED,YES,PASS
requirement,CAN-LAM-SEARCH-013,REVIEWED_CORRECTED,YES,PASS
requirement,CAN-LAM-SEARCH-014,REVIEWED_CONFIRMED,YES,PASS
requirement,CAN-LAM-SEARCH-015,NOT_APPLICABLE,YES,PASS
requirement,CAN-LAM-SEARCH-016,NOT_APPLICABLE,YES,PASS
requirement,CAN-LAM-SEARCH-017,NOT_APPLICABLE,YES,PASS
requirement,CAN-LAM-SEARCH-018,NOT_APPLICABLE,YES,PASS
requirement,CAN-LAM-SEARCH-019,NOT_APPLICABLE,YES,PASS
requirement,CAN-LAM-TEST-001,NOT_APPLICABLE,YES,PASS
requirement,CAN-LAM-TEST-002,NOT_APPLICABLE,YES,PASS
requirement,CAN-LAM-TEST-003,NOT_APPLICABLE,YES,PASS
requirement,CAN-LAM-TEST-004,NOT_APPLICABLE,YES,PASS
requirement,CAN-LAM-TEST-005,NOT_APPLICABLE,YES,PASS
requirement,CAN-LAM-TEST-006,NOT_APPLICABLE,YES,PASS
requirement,CAN-LAM-TEST-007,NOT_APPLICABLE,YES,PASS
requirement,CAN-LAM-TEST-008,NOT_APPLICABLE,YES,PASS
requirement,CAN-LAM-TEST-009,NOT_APPLICABLE,YES,PASS
requirement,CAN-LAM-TEST-010,NOT_APPLICABLE,YES,PASS
requirement,CAN-LAM-TEST-011,NOT_APPLICABLE,YES,PASS
requirement,CAN-LAM-TEST-012,NOT_APPLICABLE,YES,PASS
requirement,CAN-LAM-TEST-013,NOT_APPLICABLE,YES,PASS
requirement,CAN-LAM-TEST-014,NOT_APPLICABLE,YES,PASS
requirement,CAN-LAM-TEST-015,NOT_APPLICABLE,YES,PASS
requirement,CAN-LAM-TEST-016,NOT_APPLICABLE,YES,PASS
requirement,CAN-LAM-TEST-017,NOT_APPLICABLE,YES,PASS
requirement,CAN-LAM-TEST-018,NOT_APPLICABLE,YES,PASS
requirement,CAN-LAM-TEST-019,NOT_APPLICABLE,YES,PASS
requirement,CAN-LAM-TEST-020,REVIEWED_CORRECTED,YES,PASS
requirement,CAN-LAM-TEST-021,REVIEWED_CORRECTED,YES,PASS
requirement,CAN-LAM-TEST-022,RECLASSIFIED,YES,PASS
requirement,CAN-LAM-TEST-023,NOT_APPLICABLE,YES,PASS
requirement,CAN-LAM-TEST-024,NOT_APPLICABLE,YES,PASS
requirement,CAN-LAM-TEST-025,NOT_APPLICABLE,YES,PASS
requirement,CAN-LAM-TEST-026,NOT_APPLICABLE,YES,PASS
requirement,CAN-LAM-TEST-027,NOT_APPLICABLE,YES,PASS
requirement,CAN-LAM-TEST-028,NOT_APPLICABLE,YES,PASS
requirement,CAN-LAM-TEST-029,NOT_APPLICABLE,YES,PASS
requirement,CAN-LAM-TEST-030,NOT_APPLICABLE,YES,PASS
requirement,CAN-LAM-TEST-031,NOT_APPLICABLE,YES,PASS
requirement,CAN-LAM-TEST-032,NOT_APPLICABLE,YES,PASS
requirement,CAN-LAM-TEST-033,REVIEWED_CONFIRMED,YES,PASS
requirement,CAN-LAM-TRANSACTION-001,REVIEWED_CONFIRMED,YES,PASS
requirement,CAN-LAM-TRANSACTION-002,REVIEWED_CORRECTED,YES,PASS
requirement,CAN-LAM-TRANSACTION-003,REVIEWED_CONFIRMED,YES,PASS
requirement,CAN-LAM-TRANSACTION-004,NOT_APPLICABLE,YES,PASS
requirement,CAN-LAM-TRANSACTION-005,REVIEWED_CONFIRMED,YES,PASS
requirement,CAN-LAM-TRANSACTION-006,NOT_APPLICABLE,YES,PASS
requirement,CAN-LAM-TRANSACTION-007,NOT_APPLICABLE,YES,PASS
requirement,CAN-LAM-TRANSACTION-008,NOT_APPLICABLE,YES,PASS
requirement,CAN-LAM-TRANSACTION-009,NOT_APPLICABLE,YES,PASS
requirement,CAN-LAM-TRANSACTION-010,NOT_APPLICABLE,YES,PASS
requirement,CAN-LAM-TRANSACTION-011,NOT_APPLICABLE,YES,PASS
requirement,CAN-LAM-TRANSACTION-012,REVIEWED_CORRECTED,YES,PASS
requirement,CAN-LAM-TRANSACTION-013,NOT_APPLICABLE,YES,PASS
requirement,CAN-LAM-TRASH-001,NOT_APPLICABLE,YES,PASS
requirement,CAN-LAM-TRASH-002,REVIEWED_CORRECTED,YES,PASS
requirement,CAN-LAM-TRASH-003,REVIEWED_CORRECTED,YES,PASS
requirement,CAN-LAM-TRASH-004,REVIEWED_CORRECTED,YES,PASS
requirement,CAN-LAM-TRASH-005,NOT_APPLICABLE,YES,PASS
requirement,CAN-LAM-TRASH-006,NOT_APPLICABLE,YES,PASS
requirement,CAN-LAM-TRASH-007,NOT_APPLICABLE,YES,PASS
requirement,CAN-LAM-UI-002,NOT_APPLICABLE,YES,PASS
requirement,CAN-MISSION-I0-001,REVIEWED_CORRECTED,YES,PASS
requirement,CAN-MISSION-I0-002,REVIEWED_CORRECTED,YES,PASS
requirement,CAN-MISSION-I0-003,REVIEWED_CORRECTED,YES,PASS
requirement,CAN-MISSION-I0-004,REVIEWED_CONFIRMED,YES,PASS
requirement,CAN-MISSION-I0-005,REVIEWED_CORRECTED,YES,PASS
requirement,CAN-MISSION-I0-006,REVIEWED_CORRECTED,YES,PASS
requirement,CAN-MISSION-I0-007,REVIEWED_CONFIRMED,YES,PASS
requirement,CAN-MISSION-I0-008,REVIEWED_CORRECTED,YES,PASS
requirement,CAN-MISSION-I0-009,REVIEWED_CORRECTED,YES,PASS
requirement,CAN-MISSION-I0-010,REVIEWED_CONFIRMED,YES,PASS
requirement,CAN-MISSION-I0-011,REVIEWED_CORRECTED,YES,PASS
requirement,CAN-MISSION-I14-001,REVIEWED_CORRECTED,YES,PASS
requirement,CAN-MISSION-I14-002,REVIEWED_CORRECTED,YES,PASS
requirement,CAN-MISSION-I14-003,REVIEWED_CORRECTED,YES,PASS
requirement,CAN-MISSION-I14-004,REVIEWED_CONFIRMED,YES,PASS
requirement,CAN-MISSION-I15-001,REVIEWED_CONFIRMED,YES,PASS
requirement,CAN-MISSION-I15-002,REVIEWED_CORRECTED,YES,PASS
requirement,CAN-MISSION-I15-003,REVIEWED_CONFIRMED,YES,PASS
requirement,CAN-SECTION-0001,NOT_APPLICABLE,YES,PASS
requirement,CAN-SECTION-0002,NOT_APPLICABLE,YES,PASS
requirement,CAN-SECTION-0003,NOT_APPLICABLE,YES,PASS
requirement,CAN-SECTION-0004,NOT_APPLICABLE,YES,PASS
requirement,CAN-SECTION-0005,NOT_APPLICABLE,YES,PASS
requirement,CAN-SECTION-0006,NOT_APPLICABLE,YES,PASS
requirement,CAN-SECTION-0007,NOT_APPLICABLE,YES,PASS
requirement,CAN-SECTION-0008,NOT_APPLICABLE,YES,PASS
requirement,CAN-SECTION-0009,NOT_APPLICABLE,YES,PASS
requirement,CAN-SECTION-0010,NOT_APPLICABLE,YES,PASS
requirement,CAN-SECTION-0011,NOT_APPLICABLE,YES,PASS
requirement,CAN-SECTION-0012,NOT_APPLICABLE,YES,PASS
requirement,CAN-SECTION-0013,NOT_APPLICABLE,YES,PASS
requirement,CAN-SECTION-0014,NOT_APPLICABLE,YES,PASS
requirement,CAN-SECTION-0015,NOT_APPLICABLE,YES,PASS
requirement,CAN-SECTION-0016,NOT_APPLICABLE,YES,PASS
requirement,CAN-SECTION-0017,NOT_APPLICABLE,YES,PASS
requirement,CAN-SECTION-0018,NOT_APPLICABLE,YES,PASS
requirement,CAN-SECTION-0019,NOT_APPLICABLE,YES,PASS
requirement,CAN-SECTION-0020,NOT_APPLICABLE,YES,PASS
requirement,CAN-SECTION-0021,NOT_APPLICABLE,YES,PASS
requirement,CAN-SECTION-0022,NOT_APPLICABLE,YES,PASS
requirement,CAN-SECTION-0023,NOT_APPLICABLE,YES,PASS
requirement,CAN-SECTION-0024,NOT_APPLICABLE,YES,PASS
requirement,CAN-SECTION-0025,NOT_APPLICABLE,YES,PASS
requirement,CAN-SECTION-0026,NOT_APPLICABLE,YES,PASS
requirement,CAN-SECTION-0027,NOT_APPLICABLE,YES,PASS
requirement,CAN-SECTION-0028,NOT_APPLICABLE,YES,PASS
requirement,CAN-SECTION-0029,NOT_APPLICABLE,YES,PASS
requirement,CAN-SECTION-0030,NOT_APPLICABLE,YES,PASS
requirement,CAN-SECTION-0031,NOT_APPLICABLE,YES,PASS
requirement,CAN-SECTION-0032,NOT_APPLICABLE,YES,PASS
requirement,CAN-SECTION-0033,NOT_APPLICABLE,YES,PASS
requirement,CAN-SECTION-0034,NOT_APPLICABLE,YES,PASS
requirement,CAN-SECTION-0035,NOT_APPLICABLE,YES,PASS
requirement,CAN-SECTION-0036,NOT_APPLICABLE,YES,PASS
requirement,CAN-SECTION-0037,NOT_APPLICABLE,YES,PASS
requirement,CAN-SECTION-0038,NOT_APPLICABLE,YES,PASS
requirement,CAN-SECTION-0039,NOT_APPLICABLE,YES,PASS
requirement,CAN-SECTION-0040,NOT_APPLICABLE,YES,PASS
requirement,CAN-SECTION-0041,NOT_APPLICABLE,YES,PASS
requirement,CAN-SECTION-0042,NOT_APPLICABLE,YES,PASS
requirement,CAN-SECTION-0043,NOT_APPLICABLE,YES,PASS
requirement,CAN-SECTION-0044,NOT_APPLICABLE,YES,PASS
requirement,CAN-SECTION-0045,NOT_APPLICABLE,YES,PASS
requirement,CAN-SECTION-0046,NOT_APPLICABLE,YES,PASS
requirement,CAN-SECTION-0047,NOT_APPLICABLE,YES,PASS
requirement,CAN-SECTION-0048,NOT_APPLICABLE,YES,PASS
requirement,CAN-SECTION-0049,NOT_APPLICABLE,YES,PASS
requirement,CAN-SECTION-0050,NOT_APPLICABLE,YES,PASS
requirement,CAN-SECTION-0051,NOT_APPLICABLE,YES,PASS
requirement,CAN-SECTION-0052,NOT_APPLICABLE,YES,PASS
requirement,CAN-SECTION-0053,NOT_APPLICABLE,YES,PASS
requirement,CAN-SECTION-0054,NOT_APPLICABLE,YES,PASS
requirement,CAN-SECTION-0055,NOT_APPLICABLE,YES,PASS
requirement,CAN-SECTION-0056,NOT_APPLICABLE,YES,PASS
requirement,CAN-SECTION-0057,NOT_APPLICABLE,YES,PASS
requirement,CAN-SECTION-0058,NOT_APPLICABLE,YES,PASS
requirement,CAN-SECTION-0059,NOT_APPLICABLE,YES,PASS
requirement,CAN-SECTION-0060,NOT_APPLICABLE,YES,PASS
requirement,CAN-SECTION-0061,NOT_APPLICABLE,YES,PASS
requirement,CAN-SECTION-0062,NOT_APPLICABLE,YES,PASS
requirement,CAN-SECTION-0063,NOT_APPLICABLE,YES,PASS
requirement,CAN-SECTION-0064,NOT_APPLICABLE,YES,PASS
requirement,CAN-SECTION-0065,NOT_APPLICABLE,YES,PASS
requirement,CAN-SECTION-0066,NOT_APPLICABLE,YES,PASS
requirement,CAN-SECTION-0067,NOT_APPLICABLE,YES,PASS
requirement,CAN-SECTION-0068,NOT_APPLICABLE,YES,PASS
requirement,CAN-SECTION-0069,NOT_APPLICABLE,YES,PASS
requirement,CAN-SECTION-0070,NOT_APPLICABLE,YES,PASS
requirement,CAN-SECTION-0071,NOT_APPLICABLE,YES,PASS
requirement,CAN-SECTION-0072,NOT_APPLICABLE,YES,PASS
requirement,CAN-SECTION-0073,NOT_APPLICABLE,YES,PASS
requirement,CAN-SECTION-0074,NOT_APPLICABLE,YES,PASS
requirement,CAN-SECTION-0075,NOT_APPLICABLE,YES,PASS
requirement,CAN-SECTION-0076,NOT_APPLICABLE,YES,PASS
requirement,CAN-SECTION-0077,NOT_APPLICABLE,YES,PASS
requirement,CAN-SECTION-0078,NOT_APPLICABLE,YES,PASS
requirement,CAN-SECTION-0079,NOT_APPLICABLE,YES,PASS
requirement,CAN-SECTION-0080,NOT_APPLICABLE,YES,PASS
requirement,CAN-SECTION-0081,NOT_APPLICABLE,YES,PASS
requirement,CAN-SECTION-0082,NOT_APPLICABLE,YES,PASS
requirement,CAN-SECTION-0083,NOT_APPLICABLE,YES,PASS
requirement,CAN-SECTION-0084,NOT_APPLICABLE,YES,PASS
requirement,CAN-SECTION-0085,NOT_APPLICABLE,YES,PASS
requirement,CAN-SECTION-0086,NOT_APPLICABLE,YES,PASS
requirement,CAN-SECTION-0087,NOT_APPLICABLE,YES,PASS
requirement,CAN-SECTION-0088,NOT_APPLICABLE,YES,PASS
requirement,CAN-SECTION-0089,NOT_APPLICABLE,YES,PASS
requirement,CAN-SECTION-0090,NOT_APPLICABLE,YES,PASS
requirement,CAN-SECTION-0091,NOT_APPLICABLE,YES,PASS
requirement,CAN-SECTION-0092,NOT_APPLICABLE,YES,PASS
requirement,CAN-SECTION-0093,NOT_APPLICABLE,YES,PASS
requirement,CAN-SECTION-0094,NOT_APPLICABLE,YES,PASS
requirement,CAN-SECTION-0095,NOT_APPLICABLE,YES,PASS
requirement,CAN-SECTION-0096,NOT_APPLICABLE,YES,PASS
requirement,CAN-SECTION-0097,NOT_APPLICABLE,YES,PASS
requirement,CAN-SECTION-0098,NOT_APPLICABLE,YES,PASS
requirement,CAN-SECTION-0099,NOT_APPLICABLE,YES,PASS
requirement,CAN-SECTION-0100,NOT_APPLICABLE,YES,PASS
requirement,CAN-SECTION-0101,NOT_APPLICABLE,YES,PASS
requirement,CAN-SECTION-0102,NOT_APPLICABLE,YES,PASS
requirement,CAN-SECTION-0103,NOT_APPLICABLE,YES,PASS
requirement,CAN-SECTION-0104,NOT_APPLICABLE,YES,PASS
requirement,CAN-SECTION-0105,NOT_APPLICABLE,YES,PASS
requirement,CAN-SECTION-0106,NOT_APPLICABLE,YES,PASS
requirement,CAN-SECTION-0107,NOT_APPLICABLE,YES,PASS
requirement,CAN-SECTION-0108,NOT_APPLICABLE,YES,PASS
requirement,CAN-SECTION-0109,NOT_APPLICABLE,YES,PASS
requirement,CAN-SECTION-0110,NOT_APPLICABLE,YES,PASS
requirement,CAN-SECTION-0111,NOT_APPLICABLE,YES,PASS
requirement,CAN-SECTION-0112,NOT_APPLICABLE,YES,PASS
requirement,CAN-SECTION-0113,NOT_APPLICABLE,YES,PASS
requirement,CAN-SECTION-0114,NOT_APPLICABLE,YES,PASS
requirement,CAN-SECTION-0115,NOT_APPLICABLE,YES,PASS
requirement,CAN-SECTION-0116,NOT_APPLICABLE,YES,PASS
requirement,CAN-SECTION-0117,NOT_APPLICABLE,YES,PASS
requirement,CAN-SECTION-0118,NOT_APPLICABLE,YES,PASS
requirement,CAN-SECTION-0119,NOT_APPLICABLE,YES,PASS
requirement,CAN-SECTION-0120,REVIEWED_CORRECTED,YES,PASS
requirement,CAN-SECTION-0121,NOT_APPLICABLE,YES,PASS
requirement,CAN-SECTION-0122,NOT_APPLICABLE,YES,PASS
requirement,CAN-SECTION-0123,NOT_APPLICABLE,YES,PASS
requirement,CAN-SECTION-0124,NOT_APPLICABLE,YES,PASS
requirement,CAN-SECTION-0125,NOT_APPLICABLE,YES,PASS
requirement,CAN-SECTION-0126,NOT_APPLICABLE,YES,PASS
requirement,CAN-SECTION-0127,NOT_APPLICABLE,YES,PASS
requirement,CAN-SECTION-0128,NOT_APPLICABLE,YES,PASS
requirement,CAN-SECTION-0129,NOT_APPLICABLE,YES,PASS
requirement,CAN-SECTION-0130,NOT_APPLICABLE,YES,PASS
requirement,CAN-SECTION-0131,NOT_APPLICABLE,YES,PASS
requirement,CAN-SECTION-0132,NOT_APPLICABLE,YES,PASS
requirement,CAN-SECTION-0133,NOT_APPLICABLE,YES,PASS
requirement,CAN-SECTION-0134,NOT_APPLICABLE,YES,PASS
requirement,CAN-SECTION-0135,NOT_APPLICABLE,YES,PASS
requirement,CAN-SECTION-0136,NOT_APPLICABLE,YES,PASS
requirement,CAN-SECTION-0137,NOT_APPLICABLE,YES,PASS
requirement,CAN-SECTION-0138,NOT_APPLICABLE,YES,PASS
requirement,CAN-SECTION-0139,NOT_APPLICABLE,YES,PASS
requirement,CAN-SECTION-0140,NOT_APPLICABLE,YES,PASS
requirement,CAN-SECTION-0141,NOT_APPLICABLE,YES,PASS
requirement,CAN-SECTION-0142,NOT_APPLICABLE,YES,PASS
requirement,CAN-SECTION-0143,NOT_APPLICABLE,YES,PASS
requirement,CAN-SECTION-0144,NOT_APPLICABLE,YES,PASS
requirement,CAN-SECTION-0145,NOT_APPLICABLE,YES,PASS
requirement,CAN-SECTION-0146,NOT_APPLICABLE,YES,PASS
requirement,CAN-SECTION-0147,NOT_APPLICABLE,YES,PASS
requirement,CAN-SECTION-0148,NOT_APPLICABLE,YES,PASS
requirement,CAN-SECTION-0149,NOT_APPLICABLE,YES,PASS
requirement,CAN-SECTION-0150,NOT_APPLICABLE,YES,PASS
requirement,CAN-SECTION-0151,NOT_APPLICABLE,YES,PASS
requirement,CAN-SECTION-0152,NOT_APPLICABLE,YES,PASS
requirement,CAN-SECTION-0153,NOT_APPLICABLE,YES,PASS
requirement,CAN-SECTION-0154,NOT_APPLICABLE,YES,PASS
requirement,CAN-SECTION-0155,NOT_APPLICABLE,YES,PASS
requirement,CAN-SECTION-0156,NOT_APPLICABLE,YES,PASS
requirement,CAN-SECTION-0157,NOT_APPLICABLE,YES,PASS
requirement,CAN-SECTION-0158,NOT_APPLICABLE,YES,PASS
requirement,CAN-SECTION-0159,NOT_APPLICABLE,YES,PASS
requirement,CAN-SECTION-0160,NOT_APPLICABLE,YES,PASS
requirement,CAN-SECTION-0161,NOT_APPLICABLE,YES,PASS
requirement,CAN-SECTION-0162,NOT_APPLICABLE,YES,PASS
requirement,CAN-SECTION-0163,NOT_APPLICABLE,YES,PASS
requirement,CAN-SECTION-0164,NOT_APPLICABLE,YES,PASS
requirement,CAN-SECTION-0165,NOT_APPLICABLE,YES,PASS
requirement,CAN-SECTION-0166,NOT_APPLICABLE,YES,PASS
requirement,CAN-SECTION-0167,NOT_APPLICABLE,YES,PASS
requirement,CAN-SECTION-0168,NOT_APPLICABLE,YES,PASS
requirement,CAN-SECTION-0169,NOT_APPLICABLE,YES,PASS
requirement,CAN-SECTION-0170,NOT_APPLICABLE,YES,PASS
requirement,CAN-SECTION-0171,NOT_APPLICABLE,YES,PASS
requirement,CAN-SECTION-0172,NOT_APPLICABLE,YES,PASS
requirement,CAN-SECTION-0173,NOT_APPLICABLE,YES,PASS
requirement,CAN-SECTION-0174,NOT_APPLICABLE,YES,PASS
requirement,CAN-SECTION-0175,NOT_APPLICABLE,YES,PASS
requirement,CAN-SECTION-0176,NOT_APPLICABLE,YES,PASS
requirement,CAN-SECTION-0177,NOT_APPLICABLE,YES,PASS
requirement,CAN-SECTION-0178,NOT_APPLICABLE,YES,PASS
requirement,CAN-SECTION-0179,NOT_APPLICABLE,YES,PASS
requirement,CAN-SECTION-0180,NOT_APPLICABLE,YES,PASS
requirement,CAN-SECTION-0181,NOT_APPLICABLE,YES,PASS
requirement,CAN-SECTION-0182,NOT_APPLICABLE,YES,PASS
requirement,CAN-SECTION-0183,NOT_APPLICABLE,YES,PASS
requirement,CAN-SECTION-0184,NOT_APPLICABLE,YES,PASS
requirement,CAN-SECTION-0185,NOT_APPLICABLE,YES,PASS
requirement,CAN-SECTION-0186,NOT_APPLICABLE,YES,PASS
requirement,CAN-SECTION-0187,NOT_APPLICABLE,YES,PASS
requirement,CAN-SECTION-0188,NOT_APPLICABLE,YES,PASS
requirement,CAN-SECTION-0189,NOT_APPLICABLE,YES,PASS
requirement,CAN-SECTION-0190,NOT_APPLICABLE,YES,PASS
requirement,CAN-SECTION-0191,NOT_APPLICABLE,YES,PASS
requirement,CAN-SECTION-0192,NOT_APPLICABLE,YES,PASS
requirement,CAN-SECTION-0193,NOT_APPLICABLE,YES,PASS
requirement,CAN-SECTION-0194,NOT_APPLICABLE,YES,PASS
requirement,CAN-SECTION-0195,NOT_APPLICABLE,YES,PASS
requirement,CAN-SECTION-0196,NOT_APPLICABLE,YES,PASS
requirement,CAN-SECTION-0197,NOT_APPLICABLE,YES,PASS
requirement,CAN-SECTION-0198,NOT_APPLICABLE,YES,PASS
requirement,CAN-SECTION-0199,NOT_APPLICABLE,YES,PASS
requirement,CAN-SECTION-0200,NOT_APPLICABLE,YES,PASS
requirement,CAN-SECTION-0201,NOT_APPLICABLE,YES,PASS
requirement,CAN-SECTION-0202,NOT_APPLICABLE,YES,PASS
requirement,CAN-SECTION-0203,NOT_APPLICABLE,YES,PASS
requirement,CAN-SECTION-0204,NOT_APPLICABLE,YES,PASS
requirement,CAN-SECTION-0205,NOT_APPLICABLE,YES,PASS
requirement,CAN-SECTION-0206,NOT_APPLICABLE,YES,PASS
requirement,CAN-SECTION-0207,NOT_APPLICABLE,YES,PASS
requirement,CAN-SECTION-0208,NOT_APPLICABLE,YES,PASS
requirement,CAN-SECTION-0209,NOT_APPLICABLE,YES,PASS
requirement,CAN-SECTION-0210,NOT_APPLICABLE,YES,PASS
requirement,CAN-SECTION-0211,NOT_APPLICABLE,YES,PASS
requirement,CAN-SECTION-0212,NOT_APPLICABLE,YES,PASS
requirement,CAN-SECTION-0213,NOT_APPLICABLE,YES,PASS
requirement,CAN-SECTION-0214,NOT_APPLICABLE,YES,PASS
requirement,CAN-SECTION-0215,NOT_APPLICABLE,YES,PASS
requirement,CAN-SECTION-0216,NOT_APPLICABLE,YES,PASS
requirement,CAN-SECTION-0217,NOT_APPLICABLE,YES,PASS
requirement,CAN-SECTION-0218,NOT_APPLICABLE,YES,PASS
requirement,CAN-SECTION-0219,NOT_APPLICABLE,YES,PASS
requirement,CAN-SECTION-0220,NOT_APPLICABLE,YES,PASS
requirement,CAN-SECTION-0221,NOT_APPLICABLE,YES,PASS
requirement,CAN-SECTION-0222,NOT_APPLICABLE,YES,PASS
requirement,CAN-SECTION-0223,NOT_APPLICABLE,YES,PASS
requirement,CAN-SECTION-0224,NOT_APPLICABLE,YES,PASS
requirement,CAN-SECTION-0225,NOT_APPLICABLE,YES,PASS
requirement,CAN-SECTION-0226,NOT_APPLICABLE,YES,PASS
requirement,CAN-SECTION-0227,NOT_APPLICABLE,YES,PASS
requirement,CAN-SECTION-0228,NOT_APPLICABLE,YES,PASS
requirement,CAN-SECTION-0229,NOT_APPLICABLE,YES,PASS
requirement,CAN-SECTION-0230,NOT_APPLICABLE,YES,PASS
requirement,CAN-SECTION-0231,NOT_APPLICABLE,YES,PASS
requirement,CAN-SECTION-0232,NOT_APPLICABLE,YES,PASS
requirement,CAN-SECTION-0233,NOT_APPLICABLE,YES,PASS
requirement,CAN-SECTION-0234,NOT_APPLICABLE,YES,PASS
requirement,CAN-SECTION-0235,NOT_APPLICABLE,YES,PASS
requirement,CAN-SECTION-0236,NOT_APPLICABLE,YES,PASS
requirement,CAN-FAIL-01,REVIEWED_CORRECTED,YES,PASS
requirement,CAN-FAIL-02,REVIEWED_CORRECTED,YES,PASS
requirement,CAN-FAIL-03,REVIEWED_CORRECTED,YES,PASS
requirement,CAN-FAIL-04,REVIEWED_CORRECTED,YES,PASS
requirement,CAN-FAIL-05,REVIEWED_CORRECTED,YES,PASS
requirement,CAN-FAIL-06,REVIEWED_CORRECTED,YES,PASS
requirement,CAN-FAIL-07,REVIEWED_CORRECTED,YES,PASS
requirement,CAN-FAIL-08,REVIEWED_CORRECTED,YES,PASS
requirement,CAN-FAIL-09,REVIEWED_CORRECTED,YES,PASS
requirement,CAN-FAIL-10,REVIEWED_CORRECTED,YES,PASS
requirement,CAN-FAIL-11,REVIEWED_CORRECTED,YES,PASS
requirement,CAN-FAIL-12,REVIEWED_CORRECTED,YES,PASS
requirement,CAN-FAIL-13,REVIEWED_CORRECTED,YES,PASS
requirement,CAN-FAIL-14,REVIEWED_CORRECTED,YES,PASS
requirement,CAN-FAIL-15,REVIEWED_CORRECTED,YES,PASS
requirement,CAN-FAIL-16,REVIEWED_CORRECTED,YES,PASS
requirement,CAN-FAIL-17,REVIEWED_CORRECTED,YES,PASS
requirement,CAN-FAIL-18,REVIEWED_CORRECTED,YES,PASS
requirement,CAN-FAIL-19,REVIEWED_CORRECTED,YES,PASS
requirement,CAN-FAIL-20,REVIEWED_CORRECTED,YES,PASS
requirement,CAN-FAIL-21,REVIEWED_CORRECTED,YES,PASS
requirement,CAN-FAIL-22,REVIEWED_CORRECTED,YES,PASS
requirement,CAN-FAIL-23,REVIEWED_CORRECTED,YES,PASS
requirement,CAN-FAIL-24,REVIEWED_CORRECTED,YES,PASS
requirement,CAN-FAIL-25,REVIEWED_CORRECTED,YES,PASS
requirement,CAN-FAIL-26,REVIEWED_CORRECTED,YES,PASS
requirement,CAN-FAIL-27,REVIEWED_CORRECTED,YES,PASS
requirement,CAN-FAIL-28,REVIEWED_CORRECTED,YES,PASS
requirement,CAN-FAIL-29,REVIEWED_CORRECTED,YES,PASS
requirement,CAN-FAIL-30,REVIEWED_CORRECTED,YES,PASS
requirement,CAN-FAIL-31,REVIEWED_CORRECTED,YES,PASS
requirement,CAN-FAIL-32,REVIEWED_CORRECTED,YES,PASS
requirement,CAN-LAM-AI-001,NOT_APPLICABLE,YES,PASS
requirement,CAN-LAM-AI-002,NOT_APPLICABLE,YES,PASS
requirement,CAN-LAM-AI-003,NOT_APPLICABLE,YES,PASS
requirement,CAN-LAM-AI-004,NOT_APPLICABLE,YES,PASS
requirement,CAN-LAM-AI-005,NOT_APPLICABLE,YES,PASS
requirement,CAN-LAM-AI-006,REVIEWED_CORRECTED,YES,PASS
requirement,CAN-LAM-AI-007,NOT_APPLICABLE,YES,PASS
requirement,CAN-LAM-AI-008,REVIEWED_CORRECTED,YES,PASS
requirement,CAN-LAM-AI-009,NOT_APPLICABLE,YES,PASS
requirement,CAN-LAM-AI-010,NOT_APPLICABLE,YES,PASS
requirement,CAN-LAM-AI-011,NOT_APPLICABLE,YES,PASS
requirement,CAN-LAM-AI-012,NOT_APPLICABLE,YES,PASS
requirement,CAN-LAM-AI-013,NOT_APPLICABLE,YES,PASS
requirement,CAN-LAM-AI-014,REVIEWED_CONFIRMED,YES,PASS
requirement,CAN-LAM-AI-015,NOT_APPLICABLE,YES,PASS
requirement,CAN-LAM-AI-016,NOT_APPLICABLE,YES,PASS
requirement,CAN-LAM-AI-017,REVIEWED_CORRECTED,YES,PASS
requirement,CAN-LAM-AI-018,REVIEWED_CORRECTED,YES,PASS
requirement,CAN-LAM-AI-019,NOT_APPLICABLE,YES,PASS
requirement,CAN-LAM-AI-020,REVIEWED_CORRECTED,YES,PASS
requirement,CAN-LAM-AI-021,NOT_APPLICABLE,YES,PASS
requirement,CAN-LAM-AI-022,REVIEWED_CORRECTED,YES,PASS
requirement,CAN-LAM-AI-023,REVIEWED_CORRECTED,YES,PASS
requirement,CAN-LAM-AI-024,NOT_APPLICABLE,YES,PASS
requirement,CAN-LAM-AI-025,REVIEWED_CORRECTED,YES,PASS
requirement,CAN-LAM-AI-026,NOT_APPLICABLE,YES,PASS
requirement,CAN-LAM-AI-027,REVIEWED_CORRECTED,YES,PASS
requirement,CAN-LAM-AI-028,REVIEWED_CORRECTED,YES,PASS
requirement,CAN-LAM-AI-029,REVIEWED_CORRECTED,YES,PASS
requirement,CAN-LAM-AI-030,REVIEWED_CORRECTED,YES,PASS
requirement,CAN-LAM-AI-031,REVIEWED_CORRECTED,YES,PASS
requirement,CAN-LAM-AI-032,REVIEWED_CORRECTED,YES,PASS
requirement,CAN-LAM-AI-033,REVIEWED_CORRECTED,YES,PASS
requirement,CAN-LAM-AI-034,NOT_APPLICABLE,YES,PASS
requirement,CAN-LAM-AI-035,REVIEWED_CONFIRMED,YES,PASS
requirement,CAN-LAM-AI-036,NOT_APPLICABLE,YES,PASS
requirement,CAN-LAM-AI-037,NOT_APPLICABLE,YES,PASS
requirement,CAN-LAM-AI-038,NOT_APPLICABLE,YES,PASS
requirement,CAN-LAM-AI-039,REVIEWED_CORRECTED,YES,PASS
requirement,CAN-LAM-AI-040,REVIEWED_CORRECTED,YES,PASS
requirement,CAN-LAM-AI-041,REVIEWED_CORRECTED,YES,PASS
requirement,CAN-LAM-AI-042,REVIEWED_CORRECTED,YES,PASS
requirement,CAN-LAM-AI-043,REVIEWED_CORRECTED,YES,PASS
requirement,CAN-LAM-AI-044,REVIEWED_CORRECTED,YES,PASS
requirement,CAN-LAM-AI-045,REVIEWED_CORRECTED,YES,PASS
requirement,CAN-LAM-AI-046,REVIEWED_CORRECTED,YES,PASS
requirement,CAN-LAM-AI-047,NOT_APPLICABLE,YES,PASS
requirement,CAN-LAM-AI-048,REVIEWED_CORRECTED,YES,PASS
requirement,CAN-LAM-AI-049,NOT_APPLICABLE,YES,PASS
requirement,CAN-LAM-AI-050,NOT_APPLICABLE,YES,PASS
requirement,CAN-LAM-AI-051,NOT_APPLICABLE,YES,PASS
requirement,CAN-LAM-AI-052,NOT_APPLICABLE,YES,PASS
requirement,CAN-LAM-AI-053,NOT_APPLICABLE,YES,PASS
requirement,CAN-LAM-AI-054,NOT_APPLICABLE,YES,PASS
requirement,CAN-LAM-AI-055,NOT_APPLICABLE,YES,PASS
requirement,CAN-LAM-AI-056,NOT_APPLICABLE,YES,PASS
requirement,CAN-LAM-AI-057,NOT_APPLICABLE,YES,PASS
requirement,CAN-LAM-AI-058,NOT_APPLICABLE,YES,PASS
requirement,CAN-LAM-AI-059,NOT_APPLICABLE,YES,PASS
requirement,CAN-LAM-AI-060,NOT_APPLICABLE,YES,PASS
requirement,CAN-LAM-AI-061,NOT_APPLICABLE,YES,PASS
requirement,CAN-LAM-AI-062,NOT_APPLICABLE,YES,PASS
requirement,CAN-LAM-AI-063,NOT_APPLICABLE,YES,PASS
requirement,CAN-LAM-AI-064,NOT_APPLICABLE,YES,PASS
requirement,CAN-LAM-AI-065,NOT_APPLICABLE,YES,PASS
requirement,CAN-LAM-AI-066,NOT_APPLICABLE,YES,PASS
requirement,CAN-LAM-AI-067,NOT_APPLICABLE,YES,PASS
requirement,CAN-LAM-AI-068,REVIEWED_CONFIRMED,YES,PASS
requirement,CAN-LAM-AI-069,NOT_APPLICABLE,YES,PASS
requirement,CAN-LAM-AI-070,NOT_APPLICABLE,YES,PASS
requirement,CAN-LAM-AI-071,NOT_APPLICABLE,YES,PASS
requirement,CAN-LAM-AI-072,NOT_APPLICABLE,YES,PASS
requirement,CAN-LAM-AI-073,NOT_APPLICABLE,YES,PASS
requirement,CAN-LAM-AI-074,NOT_APPLICABLE,YES,PASS
requirement,CAN-LAM-AI-075,NOT_APPLICABLE,YES,PASS
requirement,CAN-LAM-AI-076,REVIEWED_CORRECTED,YES,PASS
requirement,CAN-LAM-AI-077,NOT_APPLICABLE,YES,PASS
requirement,CAN-LAM-AI-078,NOT_APPLICABLE,YES,PASS
requirement,CAN-LAM-AI-079,NOT_APPLICABLE,YES,PASS
requirement,CAN-LAM-AI-080,NOT_APPLICABLE,YES,PASS
requirement,CAN-LAM-AI-081,REVIEWED_CORRECTED,YES,PASS
requirement,CAN-LAM-AI-082,REVIEWED_CORRECTED,YES,PASS
requirement,CAN-LAM-AI-083,NOT_APPLICABLE,YES,PASS
requirement,CAN-LAM-AI-084,REVIEWED_CORRECTED,YES,PASS
requirement,CAN-LAM-AI-085,REVIEWED_CORRECTED,YES,PASS
requirement,CAN-LAM-AI-086,REVIEWED_CORRECTED,YES,PASS
requirement,CAN-LAM-AI-087,REVIEWED_CORRECTED,YES,PASS
requirement,CAN-LAM-AI-088,NOT_APPLICABLE,YES,PASS
requirement,CAN-LAM-AI-089,NOT_APPLICABLE,YES,PASS
requirement,CAN-LAM-ARCH-001,REVIEWED_CORRECTED,YES,PASS
requirement,CAN-LAM-ARCH-002,NOT_APPLICABLE,YES,PASS
requirement,CAN-LAM-ARCH-003,NOT_APPLICABLE,YES,PASS
requirement,CAN-LAM-ARCH-004,NOT_APPLICABLE,YES,PASS
requirement,CAN-LAM-ARCH-005,NOT_APPLICABLE,YES,PASS
requirement,CAN-LAM-ARCH-006,NOT_APPLICABLE,YES,PASS
requirement,CAN-LAM-ARCH-007,NOT_APPLICABLE,YES,PASS
requirement,CAN-LAM-ARCH-008,NOT_APPLICABLE,YES,PASS
requirement,CAN-LAM-ARCH-009,NOT_APPLICABLE,YES,PASS
requirement,CAN-LAM-ARCH-010,NOT_APPLICABLE,YES,PASS
requirement,CAN-LAM-ARCH-011,NOT_APPLICABLE,YES,PASS
requirement,CAN-LAM-ARCH-012,NOT_APPLICABLE,YES,PASS
requirement,CAN-LAM-ARCH-013,NOT_APPLICABLE,YES,PASS
requirement,CAN-LAM-ARCH-014,REVIEWED_CONFIRMED,YES,PASS
requirement,CAN-LAM-ARCH-015,REVIEWED_CONFIRMED,YES,PASS
requirement,CAN-LAM-ARCH-016,NOT_APPLICABLE,YES,PASS
requirement,CAN-LAM-ARCH-017,NOT_APPLICABLE,YES,PASS
requirement,CAN-LAM-ARCH-018,NOT_APPLICABLE,YES,PASS
requirement,CAN-LAM-ARCH-019,NOT_APPLICABLE,YES,PASS
requirement,CAN-LAM-ARCH-020,REVIEWED_CORRECTED,YES,PASS
requirement,CAN-LAM-ARCH-021,REVIEWED_CORRECTED,YES,PASS
requirement,CAN-LAM-ARCH-022,NOT_APPLICABLE,YES,PASS
requirement,CAN-LAM-ARCH-023,NOT_APPLICABLE,YES,PASS
requirement,CAN-LAM-ARCH-024,REVIEWED_CORRECTED,YES,PASS
requirement,CAN-LAM-ARCH-025,REVIEWED_CONFIRMED,YES,PASS
requirement,CAN-LAM-ARCH-026,REVIEWED_CORRECTED,YES,PASS
requirement,CAN-LAM-ARCH-027,REVIEWED_CONFIRMED,YES,PASS
requirement,CAN-LAM-ARCH-028,REVIEWED_CORRECTED,YES,PASS
requirement,CAN-LAM-ARCH-029,REVIEWED_CORRECTED,YES,PASS
requirement,CAN-LAM-ARCH-030,REVIEWED_CORRECTED,YES,PASS
requirement,CAN-LAM-ARCH-031,NOT_APPLICABLE,YES,PASS
requirement,CAN-LAM-ARCH-032,NOT_APPLICABLE,YES,PASS
requirement,CAN-LAM-ARCH-033,NOT_APPLICABLE,YES,PASS
requirement,CAN-LAM-ARCH-034,REVIEWED_CORRECTED,YES,PASS
requirement,CAN-LAM-ARCH-035,NOT_APPLICABLE,YES,PASS
requirement,CAN-LAM-ARCH-036,REVIEWED_CORRECTED,YES,PASS
requirement,CAN-LAM-ARCH-037,REVIEWED_CORRECTED,YES,PASS
requirement,CAN-LAM-ARCH-038,REVIEWED_CORRECTED,YES,PASS
requirement,CAN-LAM-ARCH-039,REVIEWED_CORRECTED,YES,PASS
requirement,CAN-LAM-ARCH-040,REVIEWED_CORRECTED,YES,PASS
requirement,CAN-LAM-ARCH-041,REVIEWED_CORRECTED,YES,PASS
requirement,CAN-LAM-ARCH-042,REVIEWED_CORRECTED,YES,PASS
requirement,CAN-LAM-ARCH-043,REVIEWED_CORRECTED,YES,PASS
requirement,CAN-LAM-ARCH-044,REVIEWED_CORRECTED,YES,PASS
requirement,CAN-LAM-ARCH-045,REVIEWED_CORRECTED,YES,PASS
requirement,CAN-LAM-ARCH-046,NOT_APPLICABLE,YES,PASS
requirement,CAN-LAM-ARCH-047,NOT_APPLICABLE,YES,PASS
requirement,CAN-LAM-ARCH-048,REVIEWED_CORRECTED,YES,PASS
requirement,CAN-LAM-ARCH-049,REVIEWED_CORRECTED,YES,PASS
requirement,CAN-LAM-ARCH-050,REVIEWED_CORRECTED,YES,PASS
requirement,CAN-LAM-ARCH-051,REVIEWED_CORRECTED,YES,PASS
requirement,CAN-LAM-ARCH-052,REVIEWED_CORRECTED,YES,PASS
requirement,CAN-LAM-ARCH-053,REVIEWED_CORRECTED,YES,PASS
requirement,CAN-LAM-ARCH-054,REVIEWED_CORRECTED,YES,PASS
requirement,CAN-LAM-ARCH-055,REVIEWED_CORRECTED,YES,PASS
requirement,CAN-LAM-ARCH-056,REVIEWED_CORRECTED,YES,PASS
requirement,CAN-LAM-ARCH-057,REVIEWED_CONFIRMED,YES,PASS
requirement,CAN-LAM-ARCH-058,REVIEWED_CONFIRMED,YES,PASS
requirement,CAN-LAM-ARCH-059,NOT_APPLICABLE,YES,PASS
requirement,CAN-LAM-ARCH-060,NOT_APPLICABLE,YES,PASS
requirement,CAN-LAM-ARCH-061,REVIEWED_CORRECTED,YES,PASS
requirement,CAN-LAM-ARCH-062,REVIEWED_CORRECTED,YES,PASS
requirement,CAN-LAM-ARCH-063,REVIEWED_CORRECTED,YES,PASS
requirement,CAN-LAM-ARCH-064,REVIEWED_CORRECTED,YES,PASS
requirement,CAN-LAM-ARCH-065,REVIEWED_CORRECTED,YES,PASS
requirement,CAN-LAM-ARCH-066,REVIEWED_CORRECTED,YES,PASS
requirement,CAN-LAM-ARCH-067,REVIEWED_CORRECTED,YES,PASS
requirement,CAN-LAM-ARCH-068,NOT_APPLICABLE,YES,PASS
requirement,CAN-LAM-ARCH-069,REVIEWED_CORRECTED,YES,PASS
requirement,CAN-LAM-ARCH-070,REVIEWED_CORRECTED,YES,PASS
requirement,CAN-LAM-ARCH-071,REVIEWED_CORRECTED,YES,PASS
requirement,CAN-LAM-ARCH-072,REVIEWED_CORRECTED,YES,PASS
requirement,CAN-LAM-ARCH-073,REVIEWED_CORRECTED,YES,PASS
requirement,CAN-LAM-ARCH-074,REVIEWED_CORRECTED,YES,PASS
requirement,CAN-LAM-ARCH-075,REVIEWED_CORRECTED,YES,PASS
requirement,CAN-LAM-ARCH-076,REVIEWED_CORRECTED,YES,PASS
requirement,CAN-LAM-ARCH-077,REVIEWED_CORRECTED,YES,PASS
requirement,CAN-LAM-ARCH-078,REVIEWED_CORRECTED,YES,PASS
requirement,CAN-LAM-ARCH-079,REVIEWED_CORRECTED,YES,PASS
requirement,CAN-LAM-ARCH-080,REVIEWED_CORRECTED,YES,PASS
requirement,CAN-LAM-ARCH-081,REVIEWED_CORRECTED,YES,PASS
requirement,CAN-LAM-ARCH-082,REVIEWED_CORRECTED,YES,PASS
requirement,CAN-LAM-ARCH-083,REVIEWED_CORRECTED,YES,PASS
requirement,CAN-LAM-ARCH-084,REVIEWED_CORRECTED,YES,PASS
requirement,CAN-LAM-ARCH-085,REVIEWED_CORRECTED,YES,PASS
requirement,CAN-LAM-ARCH-086,REVIEWED_CORRECTED,YES,PASS
requirement,CAN-LAM-ARCH-087,REVIEWED_CORRECTED,YES,PASS
requirement,CAN-LAM-ARCH-088,REVIEWED_CORRECTED,YES,PASS
requirement,CAN-LAM-ARCH-089,REVIEWED_CORRECTED,YES,PASS
requirement,CAN-LAM-ARCH-090,REVIEWED_CORRECTED,YES,PASS
requirement,CAN-LAM-ARCH-091,REVIEWED_CORRECTED,YES,PASS
requirement,CAN-LAM-ARCH-092,REVIEWED_CORRECTED,YES,PASS
requirement,CAN-LAM-ARCH-093,REVIEWED_CORRECTED,YES,PASS
requirement,CAN-LAM-ARCH-094,REVIEWED_CORRECTED,YES,PASS
requirement,CAN-LAM-ARCH-095,REVIEWED_CORRECTED,YES,PASS
requirement,CAN-LAM-ARCH-096,REVIEWED_CORRECTED,YES,PASS
requirement,CAN-LAM-ARCH-097,REVIEWED_CORRECTED,YES,PASS
requirement,CAN-LAM-ARCH-098,REVIEWED_CORRECTED,YES,PASS
requirement,CAN-LAM-ARCH-099,REVIEWED_CORRECTED,YES,PASS
requirement,CAN-LAM-ARCH-100,REVIEWED_CORRECTED,YES,PASS
requirement,CAN-LAM-ARCH-101,REVIEWED_CORRECTED,YES,PASS
requirement,CAN-LAM-ARCH-102,REVIEWED_CORRECTED,YES,PASS
requirement,CAN-LAM-ARCH-103,REVIEWED_CORRECTED,YES,PASS
requirement,CAN-LAM-ARCH-104,REVIEWED_CORRECTED,YES,PASS
requirement,CAN-LAM-ARCH-105,REVIEWED_CORRECTED,YES,PASS
requirement,CAN-LAM-ARCH-106,REVIEWED_CORRECTED,YES,PASS
requirement,CAN-LAM-ARCH-107,REVIEWED_CORRECTED,YES,PASS
requirement,CAN-LAM-ARCH-108,REVIEWED_CORRECTED,YES,PASS
requirement,CAN-LAM-ARCH-109,REVIEWED_CORRECTED,YES,PASS
requirement,CAN-LAM-ARCH-110,REVIEWED_CORRECTED,YES,PASS
requirement,CAN-LAM-ARCH-111,REVIEWED_CORRECTED,YES,PASS
requirement,CAN-LAM-ARCH-112,REVIEWED_CORRECTED,YES,PASS
requirement,CAN-LAM-ARCH-113,REVIEWED_CORRECTED,YES,PASS
requirement,CAN-LAM-ARCH-114,REVIEWED_CORRECTED,YES,PASS
requirement,CAN-LAM-ARCH-115,REVIEWED_CORRECTED,YES,PASS
requirement,CAN-LAM-ARCH-116,REVIEWED_CORRECTED,YES,PASS
requirement,CAN-LAM-ARCH-117,NOT_APPLICABLE,YES,PASS
requirement,CAN-LAM-ARCH-118,NOT_APPLICABLE,YES,PASS
requirement,CAN-LAM-ARCH-119,REVIEWED_CORRECTED,YES,PASS
requirement,CAN-LAM-ARCH-120,REVIEWED_CORRECTED,YES,PASS
requirement,CAN-LAM-ARCH-121,REVIEWED_CORRECTED,YES,PASS
requirement,CAN-LAM-ARCH-122,NOT_APPLICABLE,YES,PASS
requirement,CAN-LAM-ARCH-123,NOT_APPLICABLE,YES,PASS
requirement,CAN-LAM-ARCH-124,NOT_APPLICABLE,YES,PASS
requirement,CAN-LAM-ARCH-125,REVIEWED_CORRECTED,YES,PASS
requirement,CAN-LAM-ARCH-126,REVIEWED_CORRECTED,YES,PASS
requirement,CAN-LAM-ARCH-127,REVIEWED_CORRECTED,YES,PASS
requirement,CAN-LAM-ARCH-128,REVIEWED_CORRECTED,YES,PASS
requirement,CAN-LAM-ARCH-129,REVIEWED_CORRECTED,YES,PASS
requirement,CAN-LAM-ARCH-130,REVIEWED_CORRECTED,YES,PASS
requirement,CAN-LAM-ARCH-131,REVIEWED_CORRECTED,YES,PASS
requirement,CAN-LAM-ARCH-132,REVIEWED_CORRECTED,YES,PASS
requirement,CAN-LAM-ARCH-133,REVIEWED_CORRECTED,YES,PASS
requirement,CAN-LAM-ARCH-134,REVIEWED_CORRECTED,YES,PASS
requirement,CAN-LAM-ARCH-135,REVIEWED_CORRECTED,YES,PASS
requirement,CAN-LAM-ARCH-136,NOT_APPLICABLE,YES,PASS
requirement,CAN-LAM-ARCH-137,NOT_APPLICABLE,YES,PASS
requirement,CAN-LAM-ARCH-138,NOT_APPLICABLE,YES,PASS
requirement,CAN-LAM-ARCH-139,NOT_APPLICABLE,YES,PASS
requirement,CAN-LAM-ARCH-140,NOT_APPLICABLE,YES,PASS
requirement,CAN-LAM-ARCH-141,REVIEWED_CORRECTED,YES,PASS
requirement,CAN-LAM-ARCH-142,NOT_APPLICABLE,YES,PASS
requirement,CAN-LAM-ARCH-143,NOT_APPLICABLE,YES,PASS
requirement,CAN-LAM-ARCH-144,REVIEWED_CORRECTED,YES,PASS
requirement,CAN-LAM-ARCH-145,NOT_APPLICABLE,YES,PASS
requirement,CAN-LAM-ARCH-146,NOT_APPLICABLE,YES,PASS
requirement,CAN-LAM-ARCH-147,REVIEWED_CORRECTED,YES,PASS
requirement,CAN-LAM-ARCH-148,REVIEWED_CORRECTED,YES,PASS
requirement,CAN-LAM-ARCH-149,REVIEWED_CORRECTED,YES,PASS
requirement,CAN-LAM-ARCH-150,REVIEWED_CORRECTED,YES,PASS
requirement,CAN-LAM-ARCH-151,REVIEWED_CORRECTED,YES,PASS
requirement,CAN-LAM-ARCH-152,REVIEWED_CORRECTED,YES,PASS
requirement,CAN-LAM-ARCH-153,REVIEWED_CORRECTED,YES,PASS
requirement,CAN-LAM-ARCH-154,REVIEWED_CORRECTED,YES,PASS
requirement,CAN-LAM-ARCH-155,REVIEWED_CORRECTED,YES,PASS
requirement,CAN-LAM-ARCH-156,REVIEWED_CORRECTED,YES,PASS
requirement,CAN-LAM-ARCH-157,REVIEWED_CORRECTED,YES,PASS
requirement,CAN-LAM-ARCH-158,REVIEWED_CORRECTED,YES,PASS
requirement,CAN-LAM-ARCH-159,REVIEWED_CORRECTED,YES,PASS
requirement,CAN-LAM-ARCH-160,REVIEWED_CORRECTED,YES,PASS
requirement,CAN-LAM-ARCH-161,REVIEWED_CORRECTED,YES,PASS
requirement,CAN-LAM-ARCH-162,REVIEWED_CORRECTED,YES,PASS
requirement,CAN-LAM-ARCH-163,REVIEWED_CORRECTED,YES,PASS
requirement,CAN-LAM-ARCH-164,REVIEWED_CONFIRMED,YES,PASS
requirement,CAN-LAM-ARCH-165,REVIEWED_CORRECTED,YES,PASS
requirement,CAN-LAM-ARCH-166,NOT_APPLICABLE,YES,PASS
requirement,CAN-LAM-ARCH-167,NOT_APPLICABLE,YES,PASS
requirement,CAN-LAM-ARCH-168,REVIEWED_CORRECTED,YES,PASS
requirement,CAN-LAM-ARCH-169,REVIEWED_CORRECTED,YES,PASS
requirement,CAN-LAM-ARCH-170,REVIEWED_CONFIRMED,YES,PASS
requirement,CAN-LAM-ARCH-171,REVIEWED_CORRECTED,YES,PASS
requirement,CAN-LAM-ARCH-172,REVIEWED_CORRECTED,YES,PASS
requirement,CAN-LAM-ARCH-173,REVIEWED_CORRECTED,YES,PASS
requirement,CAN-LAM-ARCH-174,NOT_APPLICABLE,YES,PASS
requirement,CAN-LAM-ARCH-175,NOT_APPLICABLE,YES,PASS
requirement,CAN-LAM-ARCH-176,NOT_APPLICABLE,YES,PASS
requirement,CAN-LAM-ARCH-177,REVIEWED_CORRECTED,YES,PASS
requirement,CAN-LAM-ARCH-178,NOT_APPLICABLE,YES,PASS
requirement,CAN-LAM-ARCH-179,NOT_APPLICABLE,YES,PASS
requirement,CAN-LAM-ARCH-180,NOT_APPLICABLE,YES,PASS
requirement,CAN-LAM-ARCH-181,NOT_APPLICABLE,YES,PASS
requirement,CAN-LAM-ARCH-182,NOT_APPLICABLE,YES,PASS
requirement,CAN-LAM-ARCH-183,NOT_APPLICABLE,YES,PASS
requirement,CAN-LAM-ARCH-184,REVIEWED_CORRECTED,YES,PASS
requirement,CAN-LAM-ARCH-185,NOT_APPLICABLE,YES,PASS
requirement,CAN-LAM-ARCH-186,NOT_APPLICABLE,YES,PASS
requirement,CAN-LAM-ARCH-187,NOT_APPLICABLE,YES,PASS
requirement,CAN-LAM-ARCH-188,REVIEWED_CORRECTED,YES,PASS
requirement,CAN-LAM-ARCH-189,NOT_APPLICABLE,YES,PASS
requirement,CAN-LAM-ARCH-190,NOT_APPLICABLE,YES,PASS
requirement,CAN-LAM-ARCH-191,REVIEWED_CORRECTED,YES,PASS
requirement,CAN-LAM-ARCH-192,REVIEWED_CORRECTED,YES,PASS
requirement,CAN-LAM-ARCH-193,REVIEWED_CORRECTED,YES,PASS
requirement,CAN-LAM-ARCH-194,NOT_APPLICABLE,YES,PASS
requirement,CAN-LAM-ARCH-195,REVIEWED_CORRECTED,YES,PASS
requirement,CAN-LAM-ARCH-196,NOT_APPLICABLE,YES,PASS
requirement,CAN-LAM-ARCH-197,REVIEWED_CORRECTED,YES,PASS
requirement,CAN-LAM-ARCH-198,REVIEWED_CORRECTED,YES,PASS
requirement,CAN-LAM-ARCH-199,REVIEWED_CORRECTED,YES,PASS
requirement,CAN-LAM-ARCH-200,REVIEWED_CORRECTED,YES,PASS
requirement,CAN-LAM-ARCH-201,REVIEWED_CORRECTED,YES,PASS
requirement,CAN-LAM-ARCH-202,REVIEWED_CORRECTED,YES,PASS
requirement,CAN-LAM-ARCH-203,REVIEWED_CORRECTED,YES,PASS
requirement,CAN-LAM-ARCH-204,REVIEWED_CORRECTED,YES,PASS
requirement,CAN-LAM-ARCH-205,REVIEWED_CORRECTED,YES,PASS
requirement,CAN-LAM-ARCH-206,REVIEWED_CORRECTED,YES,PASS
requirement,CAN-LAM-ARCH-207,REVIEWED_CORRECTED,YES,PASS
requirement,CAN-LAM-ARCH-208,REVIEWED_CORRECTED,YES,PASS
requirement,CAN-LAM-ARCH-209,REVIEWED_CORRECTED,YES,PASS
requirement,CAN-LAM-ARCH-210,REVIEWED_CORRECTED,YES,PASS
requirement,CAN-LAM-ARCH-211,REVIEWED_CORRECTED,YES,PASS
requirement,CAN-LAM-ARCH-212,REVIEWED_CORRECTED,YES,PASS
requirement,CAN-LAM-ARCH-213,REVIEWED_CORRECTED,YES,PASS
requirement,CAN-LAM-ARCH-214,REVIEWED_CORRECTED,YES,PASS
requirement,CAN-LAM-ARCH-215,REVIEWED_CORRECTED,YES,PASS
requirement,CAN-LAM-ARCH-216,REVIEWED_CORRECTED,YES,PASS
requirement,CAN-LAM-ARCH-217,REVIEWED_CORRECTED,YES,PASS
requirement,CAN-LAM-ARCH-218,REVIEWED_CORRECTED,YES,PASS
requirement,CAN-LAM-ARCH-219,REVIEWED_CORRECTED,YES,PASS
requirement,CAN-LAM-ARCH-220,REVIEWED_CORRECTED,YES,PASS
requirement,CAN-LAM-ARCH-221,REVIEWED_CORRECTED,YES,PASS
requirement,CAN-LAM-ARCH-222,REVIEWED_CORRECTED,YES,PASS
requirement,CAN-LAM-ARCH-223,NOT_APPLICABLE,YES,PASS
requirement,CAN-LAM-ARCH-224,REVIEWED_CORRECTED,YES,PASS
requirement,CAN-LAM-ARCH-225,REVIEWED_CORRECTED,YES,PASS
requirement,CAN-LAM-ARCH-226,NOT_APPLICABLE,YES,PASS
requirement,CAN-LAM-ARCH-227,NOT_APPLICABLE,YES,PASS
requirement,CAN-LAM-ARCH-228,REVIEWED_CORRECTED,YES,PASS
requirement,CAN-LAM-ARCH-229,REVIEWED_CORRECTED,YES,PASS
requirement,CAN-LAM-ARCH-230,REVIEWED_CORRECTED,YES,PASS
requirement,CAN-LAM-ARCH-231,REVIEWED_CORRECTED,YES,PASS
requirement,CAN-LAM-ARCH-232,REVIEWED_CORRECTED,YES,PASS
requirement,CAN-LAM-ARCH-233,REVIEWED_CORRECTED,YES,PASS
requirement,CAN-LAM-ARCH-234,REVIEWED_CORRECTED,YES,PASS
requirement,CAN-LAM-ARCH-235,REVIEWED_CORRECTED,YES,PASS
requirement,CAN-LAM-ARCH-236,REVIEWED_CORRECTED,YES,PASS
requirement,CAN-LAM-ARCH-237,REVIEWED_CORRECTED,YES,PASS
requirement,CAN-LAM-ARCH-238,REVIEWED_CORRECTED,YES,PASS
requirement,CAN-LAM-ARCH-239,REVIEWED_CORRECTED,YES,PASS
requirement,CAN-LAM-ARCH-240,REVIEWED_CORRECTED,YES,PASS
requirement,CAN-LAM-ARCH-241,REVIEWED_CORRECTED,YES,PASS
requirement,CAN-LAM-ARCH-242,REVIEWED_CORRECTED,YES,PASS
requirement,CAN-LAM-ARCH-243,REVIEWED_CORRECTED,YES,PASS
requirement,CAN-LAM-ARCH-244,REVIEWED_CORRECTED,YES,PASS
requirement,CAN-LAM-ARCH-245,REVIEWED_CORRECTED,YES,PASS
requirement,CAN-LAM-ARCH-246,REVIEWED_CORRECTED,YES,PASS
requirement,CAN-LAM-ARCH-247,REVIEWED_CORRECTED,YES,PASS
requirement,CAN-LAM-ARCH-248,REVIEWED_CORRECTED,YES,PASS
requirement,CAN-LAM-ARCH-249,REVIEWED_CONFIRMED,YES,PASS
requirement,CAN-LAM-ARCH-250,REVIEWED_CONFIRMED,YES,PASS
requirement,CAN-LAM-ARCH-251,REVIEWED_CORRECTED,YES,PASS
requirement,CAN-LAM-ARCH-252,REVIEWED_CORRECTED,YES,PASS
requirement,CAN-LAM-ARCH-253,REVIEWED_CORRECTED,YES,PASS
requirement,CAN-LAM-ARCH-254,REVIEWED_CORRECTED,YES,PASS
requirement,CAN-LAM-ARCH-255,REVIEWED_CORRECTED,YES,PASS
requirement,CAN-LAM-ARCH-256,REVIEWED_CORRECTED,YES,PASS
requirement,CAN-LAM-ARCH-257,REVIEWED_CORRECTED,YES,PASS
requirement,CAN-LAM-ARCH-258,REVIEWED_CORRECTED,YES,PASS
requirement,CAN-LAM-ARCH-259,REVIEWED_CORRECTED,YES,PASS
requirement,CAN-LAM-ARCH-260,NOT_APPLICABLE,YES,PASS
requirement,CAN-LAM-ARCH-261,NOT_APPLICABLE,YES,PASS
requirement,CAN-LAM-ARCH-262,NOT_APPLICABLE,YES,PASS
requirement,CAN-LAM-ARCH-263,NOT_APPLICABLE,YES,PASS
requirement,CAN-LAM-ARCH-264,NOT_APPLICABLE,YES,PASS
requirement,CAN-LAM-ARCH-265,NOT_APPLICABLE,YES,PASS
requirement,CAN-LAM-ARCH-266,NOT_APPLICABLE,YES,PASS
requirement,CAN-LAM-ARCH-267,REVIEWED_CORRECTED,YES,PASS
requirement,CAN-LAM-ARCH-268,NOT_APPLICABLE,YES,PASS
requirement,CAN-LAM-ARCH-269,REVIEWED_CORRECTED,YES,PASS
requirement,CAN-LAM-ARCH-270,REVIEWED_CORRECTED,YES,PASS
requirement,CAN-LAM-ARCH-271,REVIEWED_CORRECTED,YES,PASS
requirement,CAN-LAM-ARCH-272,REVIEWED_CORRECTED,YES,PASS
requirement,CAN-LAM-ARCH-273,REVIEWED_CORRECTED,YES,PASS
requirement,CAN-LAM-ARCH-274,REVIEWED_CORRECTED,YES,PASS
requirement,CAN-LAM-ARCH-275,REVIEWED_CORRECTED,YES,PASS
requirement,CAN-LAM-ARCH-276,REVIEWED_CORRECTED,YES,PASS
requirement,CAN-LAM-ARCH-277,REVIEWED_CORRECTED,YES,PASS
requirement,CAN-LAM-ARCH-278,REVIEWED_CORRECTED,YES,PASS
requirement,CAN-LAM-ARCH-279,REVIEWED_CORRECTED,YES,PASS
requirement,CAN-LAM-ARCH-280,REVIEWED_CORRECTED,YES,PASS
requirement,CAN-LAM-ARCH-281,REVIEWED_CORRECTED,YES,PASS
requirement,CAN-LAM-ARCH-282,REVIEWED_CORRECTED,YES,PASS
requirement,CAN-LAM-ARCH-283,REVIEWED_CORRECTED,YES,PASS
requirement,CAN-LAM-ARCH-284,REVIEWED_CORRECTED,YES,PASS
requirement,CAN-LAM-ARCH-285,NOT_APPLICABLE,YES,PASS
requirement,CAN-LAM-ARCH-286,NOT_APPLICABLE,YES,PASS
requirement,CAN-LAM-ARCH-287,NOT_APPLICABLE,YES,PASS
requirement,CAN-LAM-ARCH-288,NOT_APPLICABLE,YES,PASS
requirement,CAN-LAM-ARCH-289,NOT_APPLICABLE,YES,PASS
requirement,CAN-LAM-ARCH-290,NOT_APPLICABLE,YES,PASS
requirement,CAN-LAM-ARCH-291,REVIEWED_CONFIRMED,YES,PASS
requirement,CAN-LAM-ARCH-292,REVIEWED_CORRECTED,YES,PASS
requirement,CAN-LAM-ARCH-293,REVIEWED_CORRECTED,YES,PASS
requirement,CAN-LAM-ARCH-294,REVIEWED_CORRECTED,YES,PASS
requirement,CAN-LAM-ARCH-295,REVIEWED_CORRECTED,YES,PASS
requirement,CAN-LAM-ARCH-296,REVIEWED_CORRECTED,YES,PASS
requirement,CAN-LAM-ARCH-297,REVIEWED_CORRECTED,YES,PASS
requirement,CAN-LAM-ARCH-298,REVIEWED_CORRECTED,YES,PASS
requirement,CAN-LAM-ARCH-299,REVIEWED_CORRECTED,YES,PASS
requirement,CAN-LAM-ARCH-300,REVIEWED_CORRECTED,YES,PASS
requirement,CAN-LAM-ARCH-301,REVIEWED_CORRECTED,YES,PASS
requirement,CAN-LAM-ARCH-302,REVIEWED_CORRECTED,YES,PASS
requirement,CAN-LAM-ARCH-303,NOT_APPLICABLE,YES,PASS
requirement,CAN-LAM-ARCH-304,NOT_APPLICABLE,YES,PASS
requirement,CAN-LAM-ARCH-305,REVIEWED_CORRECTED,YES,PASS
requirement,CAN-LAM-ARCH-306,REVIEWED_CORRECTED,YES,PASS
requirement,CAN-LAM-ARCH-307,REVIEWED_CORRECTED,YES,PASS
requirement,CAN-LAM-ARCH-308,NOT_APPLICABLE,YES,PASS
requirement,CAN-LAM-ARCH-309,REVIEWED_CORRECTED,YES,PASS
requirement,CAN-LAM-ARCH-310,REVIEWED_CORRECTED,YES,PASS
requirement,CAN-LAM-ARCH-311,REVIEWED_CORRECTED,YES,PASS
requirement,CAN-LAM-ARCH-312,REVIEWED_CORRECTED,YES,PASS
requirement,CAN-LAM-ARCH-313,REVIEWED_CORRECTED,YES,PASS
requirement,CAN-LAM-ARCH-314,REVIEWED_CORRECTED,YES,PASS
requirement,CAN-LAM-ARCH-315,REVIEWED_CORRECTED,YES,PASS
requirement,CAN-LAM-ARCH-316,REVIEWED_CORRECTED,YES,PASS
requirement,CAN-LAM-ARCH-317,REVIEWED_CORRECTED,YES,PASS
requirement,CAN-LAM-ARCH-318,REVIEWED_CORRECTED,YES,PASS
requirement,CAN-LAM-ARCH-319,REVIEWED_CORRECTED,YES,PASS
requirement,CAN-LAM-ARCH-320,REVIEWED_CORRECTED,YES,PASS
requirement,CAN-LAM-ARCH-321,NOT_APPLICABLE,YES,PASS
requirement,CAN-LAM-ARCH-322,NOT_APPLICABLE,YES,PASS
requirement,CAN-LAM-ARCH-323,NOT_APPLICABLE,YES,PASS
requirement,CAN-LAM-ARCH-324,NOT_APPLICABLE,YES,PASS
requirement,CAN-LAM-ARCH-325,REVIEWED_CORRECTED,YES,PASS
requirement,CAN-LAM-ARCH-326,REVIEWED_CORRECTED,YES,PASS
requirement,CAN-LAM-ARCH-327,NOT_APPLICABLE,YES,PASS
requirement,CAN-LAM-ARCH-328,NOT_APPLICABLE,YES,PASS
requirement,CAN-LAM-ARCH-329,NOT_APPLICABLE,YES,PASS
requirement,CAN-LAM-ARCH-330,NOT_APPLICABLE,YES,PASS
requirement,CAN-LAM-ARCH-331,NOT_APPLICABLE,YES,PASS
requirement,CAN-LAM-ARCH-332,REVIEWED_CORRECTED,YES,PASS
requirement,CAN-LAM-ARCH-333,REVIEWED_CORRECTED,YES,PASS
requirement,CAN-LAM-ARCH-334,NOT_APPLICABLE,YES,PASS
requirement,CAN-LAM-ARCH-335,REVIEWED_CORRECTED,YES,PASS
requirement,CAN-LAM-ARCH-336,NOT_APPLICABLE,YES,PASS
requirement,CAN-LAM-ARCH-337,NOT_APPLICABLE,YES,PASS
requirement,CAN-LAM-ARCH-338,NOT_APPLICABLE,YES,PASS
requirement,CAN-LAM-ARCH-339,NOT_APPLICABLE,YES,PASS
requirement,CAN-LAM-ARCH-340,NOT_APPLICABLE,YES,PASS
requirement,CAN-LAM-ARCH-341,NOT_APPLICABLE,YES,PASS
requirement,CAN-LAM-ARCH-342,NOT_APPLICABLE,YES,PASS
requirement,CAN-LAM-ARCH-343,NOT_APPLICABLE,YES,PASS
requirement,CAN-LAM-ARCH-344,NOT_APPLICABLE,YES,PASS
requirement,CAN-LAM-ARCH-345,REVIEWED_CORRECTED,YES,PASS
requirement,CAN-LAM-ARCH-346,REVIEWED_CORRECTED,YES,PASS
requirement,CAN-LAM-ARCH-347,NOT_APPLICABLE,YES,PASS
requirement,CAN-LAM-ARCH-348,NOT_APPLICABLE,YES,PASS
requirement,CAN-LAM-ARCH-349,REVIEWED_CORRECTED,YES,PASS
requirement,CAN-LAM-ARCH-350,REVIEWED_CORRECTED,YES,PASS
requirement,CAN-LAM-ARCH-351,REVIEWED_CORRECTED,YES,PASS
requirement,CAN-LAM-ARCH-352,NOT_APPLICABLE,YES,PASS
requirement,CAN-LAM-ARCH-353,NOT_APPLICABLE,YES,PASS
requirement,CAN-LAM-ARCH-354,NOT_APPLICABLE,YES,PASS
requirement,CAN-LAM-ARCH-355,NOT_APPLICABLE,YES,PASS
requirement,CAN-LAM-ARCH-356,NOT_APPLICABLE,YES,PASS
requirement,CAN-LAM-ARCH-357,NOT_APPLICABLE,YES,PASS
requirement,CAN-LAM-ARCH-358,NOT_APPLICABLE,YES,PASS
requirement,CAN-LAM-ARCH-359,NOT_APPLICABLE,YES,PASS
requirement,CAN-LAM-ARCH-360,NOT_APPLICABLE,YES,PASS
requirement,CAN-LAM-ARCH-361,NOT_APPLICABLE,YES,PASS
requirement,CAN-LAM-ARCH-362,NOT_APPLICABLE,YES,PASS
requirement,CAN-LAM-ARCH-363,NOT_APPLICABLE,YES,PASS
requirement,CAN-LAM-ARCH-364,NOT_APPLICABLE,YES,PASS
requirement,CAN-LAM-ARCH-365,NOT_APPLICABLE,YES,PASS
requirement,CAN-LAM-ARCH-366,NOT_APPLICABLE,YES,PASS
requirement,CAN-LAM-ARCH-367,NOT_APPLICABLE,YES,PASS
requirement,CAN-LAM-ARCH-368,REVIEWED_CORRECTED,YES,PASS
requirement,CAN-LAM-ARCH-369,NOT_APPLICABLE,YES,PASS
requirement,CAN-LAM-ARCH-370,REVIEWED_CORRECTED,YES,PASS
requirement,CAN-LAM-ARCH-371,NOT_APPLICABLE,YES,PASS
requirement,CAN-LAM-ARCH-372,NOT_APPLICABLE,YES,PASS
requirement,CAN-LAM-ARCH-373,NOT_APPLICABLE,YES,PASS
requirement,CAN-LAM-ARCH-374,REVIEWED_CORRECTED,YES,PASS
requirement,CAN-LAM-ARCH-375,REVIEWED_CORRECTED,YES,PASS
requirement,CAN-LAM-ARCH-376,REVIEWED_CORRECTED,YES,PASS
requirement,CAN-LAM-ARCH-377,NOT_APPLICABLE,YES,PASS
requirement,CAN-LAM-ARCH-378,NOT_APPLICABLE,YES,PASS
requirement,CAN-LAM-ARCH-379,NOT_APPLICABLE,YES,PASS
requirement,CAN-LAM-ARCH-380,REVIEWED_CORRECTED,YES,PASS
requirement,CAN-LAM-ARCH-381,REVIEWED_CORRECTED,YES,PASS
requirement,CAN-LAM-ARCH-382,REVIEWED_CORRECTED,YES,PASS
requirement,CAN-LAM-ARCH-383,REVIEWED_CORRECTED,YES,PASS
requirement,CAN-LAM-ARCH-384,REVIEWED_CORRECTED,YES,PASS
requirement,CAN-LAM-ARCH-385,REVIEWED_CORRECTED,YES,PASS
requirement,CAN-LAM-ARCH-386,REVIEWED_CORRECTED,YES,PASS
requirement,CAN-LAM-ARCH-387,REVIEWED_CORRECTED,YES,PASS
requirement,CAN-LAM-ARCH-388,NOT_APPLICABLE,YES,PASS
requirement,CAN-LAM-ARCH-389,NOT_APPLICABLE,YES,PASS
requirement,CAN-LAM-ARCH-390,REVIEWED_CORRECTED,YES,PASS
requirement,CAN-LAM-ARCH-391,REVIEWED_CORRECTED,YES,PASS
requirement,CAN-LAM-ARCH-392,REVIEWED_CORRECTED,YES,PASS
requirement,CAN-LAM-ARCH-393,REVIEWED_CORRECTED,YES,PASS
requirement,CAN-LAM-ARCH-394,REVIEWED_CORRECTED,YES,PASS
requirement,CAN-LAM-ARCH-395,REVIEWED_CORRECTED,YES,PASS
requirement,CAN-LAM-ARCH-396,REVIEWED_CORRECTED,YES,PASS
requirement,CAN-LAM-ARCH-397,NOT_APPLICABLE,YES,PASS
requirement,CAN-LAM-ARCH-398,REVIEWED_CORRECTED,YES,PASS
requirement,CAN-LAM-ARCH-399,REVIEWED_CORRECTED,YES,PASS
requirement,CAN-LAM-ARCH-400,REVIEWED_CORRECTED,YES,PASS
requirement,CAN-LAM-ARCH-401,REVIEWED_CORRECTED,YES,PASS
requirement,CAN-LAM-ARCH-402,REVIEWED_CORRECTED,YES,PASS
requirement,CAN-LAM-ARCH-403,REVIEWED_CORRECTED,YES,PASS
requirement,CAN-LAM-ARCH-404,REVIEWED_CORRECTED,YES,PASS
requirement,CAN-LAM-ARCH-405,REVIEWED_CORRECTED,YES,PASS
requirement,CAN-LAM-ARCH-406,REVIEWED_CORRECTED,YES,PASS
requirement,CAN-LAM-ARCH-407,REVIEWED_CORRECTED,YES,PASS
requirement,CAN-LAM-ARCH-408,REVIEWED_CORRECTED,YES,PASS
requirement,CAN-LAM-ARCH-409,REVIEWED_CORRECTED,YES,PASS
requirement,CAN-LAM-ARCH-410,NOT_APPLICABLE,YES,PASS
requirement,CAN-LAM-ARCH-411,NOT_APPLICABLE,YES,PASS
requirement,CAN-LAM-ARCH-412,NOT_APPLICABLE,YES,PASS
requirement,CAN-LAM-ARCH-413,NOT_APPLICABLE,YES,PASS
requirement,CAN-LAM-ARCH-414,NOT_APPLICABLE,YES,PASS
requirement,CAN-LAM-ARCH-415,NOT_APPLICABLE,YES,PASS
requirement,CAN-LAM-ARCH-416,REVIEWED_CORRECTED,YES,PASS
requirement,CAN-LAM-ARCH-417,REVIEWED_CORRECTED,YES,PASS
requirement,CAN-LAM-ARCH-418,REVIEWED_CORRECTED,YES,PASS
requirement,CAN-LAM-ARCH-419,NOT_APPLICABLE,YES,PASS
requirement,CAN-LAM-ARCH-420,NOT_APPLICABLE,YES,PASS
requirement,CAN-LAM-ARCH-421,NOT_APPLICABLE,YES,PASS
requirement,CAN-LAM-ARCH-422,NOT_APPLICABLE,YES,PASS
requirement,CAN-LAM-ARCH-423,NOT_APPLICABLE,YES,PASS
requirement,CAN-LAM-ARCH-424,NOT_APPLICABLE,YES,PASS
requirement,CAN-LAM-ARCH-425,REVIEWED_CORRECTED,YES,PASS
requirement,CAN-LAM-ARCH-426,NOT_APPLICABLE,YES,PASS
requirement,CAN-LAM-ARCH-427,NOT_APPLICABLE,YES,PASS
requirement,CAN-LAM-ARCH-428,NOT_APPLICABLE,YES,PASS
requirement,CAN-LAM-ARCH-429,NOT_APPLICABLE,YES,PASS
requirement,CAN-LAM-ARCH-430,NOT_APPLICABLE,YES,PASS
requirement,CAN-LAM-ARCH-431,NOT_APPLICABLE,YES,PASS
requirement,CAN-LAM-ARCH-432,NOT_APPLICABLE,YES,PASS
requirement,CAN-LAM-ARCH-433,NOT_APPLICABLE,YES,PASS
requirement,CAN-LAM-ARCH-434,REVIEWED_CORRECTED,YES,PASS
requirement,CAN-LAM-ARCH-435,REVIEWED_CORRECTED,YES,PASS
requirement,CAN-LAM-ARCH-436,REVIEWED_CORRECTED,YES,PASS
requirement,CAN-LAM-ARCH-437,REVIEWED_CORRECTED,YES,PASS
requirement,CAN-LAM-ARCH-438,REVIEWED_CORRECTED,YES,PASS
requirement,CAN-LAM-ARCH-439,REVIEWED_CORRECTED,YES,PASS
requirement,CAN-LAM-ARCH-440,REVIEWED_CORRECTED,YES,PASS
requirement,CAN-LAM-ARCH-441,REVIEWED_CORRECTED,YES,PASS
requirement,CAN-LAM-ARCH-442,REVIEWED_CORRECTED,YES,PASS
requirement,CAN-LAM-ARCH-443,REVIEWED_CORRECTED,YES,PASS
requirement,CAN-LAM-ARCH-444,REVIEWED_CONFIRMED,YES,PASS
requirement,CAN-LAM-ARCH-445,NOT_APPLICABLE,YES,PASS
requirement,CAN-LAM-ARCH-446,NOT_APPLICABLE,YES,PASS
requirement,CAN-LAM-ARCH-447,NOT_APPLICABLE,YES,PASS
requirement,CAN-LAM-ARCH-448,NOT_APPLICABLE,YES,PASS
requirement,CAN-LAM-ARCH-449,NOT_APPLICABLE,YES,PASS
requirement,CAN-LAM-ARCH-450,NOT_APPLICABLE,YES,PASS
requirement,CAN-LAM-ARCH-451,NOT_APPLICABLE,YES,PASS
requirement,CAN-LAM-ARCH-452,NOT_APPLICABLE,YES,PASS
requirement,CAN-LAM-ARCH-453,NOT_APPLICABLE,YES,PASS
requirement,CAN-LAM-ARCH-454,NOT_APPLICABLE,YES,PASS
requirement,CAN-LAM-ARCH-455,NOT_APPLICABLE,YES,PASS
requirement,CAN-LAM-ARCH-456,NOT_APPLICABLE,YES,PASS
requirement,CAN-LAM-ARCH-457,NOT_APPLICABLE,YES,PASS
requirement,CAN-LAM-ARCH-458,NOT_APPLICABLE,YES,PASS
requirement,CAN-LAM-ARCH-459,NOT_APPLICABLE,YES,PASS
requirement,CAN-LAM-ARCH-460,NOT_APPLICABLE,YES,PASS
requirement,CAN-LAM-ARCH-461,NOT_APPLICABLE,YES,PASS
requirement,CAN-LAM-ARCH-462,NOT_APPLICABLE,YES,PASS
requirement,CAN-LAM-ARCH-463,NOT_APPLICABLE,YES,PASS
requirement,CAN-LAM-ARCH-464,NOT_APPLICABLE,YES,PASS
requirement,CAN-LAM-ARCH-465,NOT_APPLICABLE,YES,PASS
requirement,CAN-LAM-ARCH-466,NOT_APPLICABLE,YES,PASS
requirement,CAN-LAM-ARCH-467,NOT_APPLICABLE,YES,PASS
requirement,CAN-LAM-ARCH-468,NOT_APPLICABLE,YES,PASS
requirement,CAN-LAM-ARCH-469,NOT_APPLICABLE,YES,PASS
requirement,CAN-LAM-ARCH-470,NOT_APPLICABLE,YES,PASS
requirement,CAN-LAM-ARCH-471,NOT_APPLICABLE,YES,PASS
requirement,CAN-LAM-ARCH-472,NOT_APPLICABLE,YES,PASS
requirement,CAN-LAM-ARCH-473,NOT_APPLICABLE,YES,PASS
requirement,CAN-LAM-ARCH-474,NOT_APPLICABLE,YES,PASS
requirement,CAN-LAM-ARCH-475,NOT_APPLICABLE,YES,PASS
requirement,CAN-LAM-ARCH-476,NOT_APPLICABLE,YES,PASS
requirement,CAN-LAM-ARCH-477,NOT_APPLICABLE,YES,PASS
requirement,CAN-LAM-ARCH-478,NOT_APPLICABLE,YES,PASS
requirement,CAN-LAM-ARCH-479,NOT_APPLICABLE,YES,PASS
requirement,CAN-LAM-ARCH-480,NOT_APPLICABLE,YES,PASS
requirement,CAN-LAM-ARCH-481,NOT_APPLICABLE,YES,PASS
requirement,CAN-LAM-ARCH-482,NOT_APPLICABLE,YES,PASS
requirement,CAN-LAM-ARCH-483,NOT_APPLICABLE,YES,PASS
requirement,CAN-LAM-ARCH-484,NOT_APPLICABLE,YES,PASS
requirement,CAN-LAM-ARCH-485,NOT_APPLICABLE,YES,PASS
requirement,CAN-LAM-ARCH-486,NOT_APPLICABLE,YES,PASS
requirement,CAN-LAM-ARCH-487,NOT_APPLICABLE,YES,PASS
requirement,CAN-LAM-ARCH-488,NOT_APPLICABLE,YES,PASS
requirement,CAN-LAM-ARCH-489,NOT_APPLICABLE,YES,PASS
requirement,CAN-LAM-ARCH-490,NOT_APPLICABLE,YES,PASS
requirement,CAN-LAM-ARCH-491,NOT_APPLICABLE,YES,PASS
requirement,CAN-LAM-ARCH-492,NOT_APPLICABLE,YES,PASS
requirement,CAN-LAM-ARCH-493,NOT_APPLICABLE,YES,PASS
requirement,CAN-LAM-ARCH-494,NOT_APPLICABLE,YES,PASS
requirement,CAN-LAM-ARCH-495,NOT_APPLICABLE,YES,PASS
requirement,CAN-LAM-ARCH-496,NOT_APPLICABLE,YES,PASS
requirement,CAN-LAM-ARCH-497,NOT_APPLICABLE,YES,PASS
requirement,CAN-LAM-ARCH-498,NOT_APPLICABLE,YES,PASS
requirement,CAN-LAM-ARCH-499,NOT_APPLICABLE,YES,PASS
requirement,CAN-LAM-ARCH-500,NOT_APPLICABLE,YES,PASS
requirement,CAN-LAM-ARCH-501,NOT_APPLICABLE,YES,PASS
requirement,CAN-LAM-ARCH-502,NOT_APPLICABLE,YES,PASS
requirement,CAN-LAM-ARCH-503,NOT_APPLICABLE,YES,PASS
requirement,CAN-LAM-ARCH-504,NOT_APPLICABLE,YES,PASS
requirement,CAN-LAM-ARCH-505,NOT_APPLICABLE,YES,PASS
requirement,CAN-LAM-ARCH-506,NOT_APPLICABLE,YES,PASS
requirement,CAN-LAM-ARCH-507,NOT_APPLICABLE,YES,PASS
requirement,CAN-LAM-ARCH-508,NOT_APPLICABLE,YES,PASS
requirement,CAN-LAM-ARCH-509,NOT_APPLICABLE,YES,PASS
requirement,CAN-LAM-ASSET-001,NOT_APPLICABLE,YES,PASS
requirement,CAN-LAM-ASSET-002,REVIEWED_CORRECTED,YES,PASS
requirement,CAN-LAM-ASSET-003,NOT_APPLICABLE,YES,PASS
requirement,CAN-LAM-ASSET-004,REVIEWED_CORRECTED,YES,PASS
requirement,CAN-LAM-ASSET-005,NOT_APPLICABLE,YES,PASS
requirement,CAN-LAM-ASSET-006,NOT_APPLICABLE,YES,PASS
requirement,CAN-LAM-ASSET-007,NOT_APPLICABLE,YES,PASS
requirement,CAN-LAM-ASSET-008,NOT_APPLICABLE,YES,PASS
requirement,CAN-LAM-ASSET-009,NOT_APPLICABLE,YES,PASS
requirement,CAN-LAM-ASSET-010,NOT_APPLICABLE,YES,PASS
requirement,CAN-LAM-ASSET-011,REVIEWED_CORRECTED,YES,PASS
requirement,CAN-LAM-ASSET-012,NOT_APPLICABLE,YES,PASS
requirement,CAN-LAM-ASSET-013,REVIEWED_CORRECTED,YES,PASS
requirement,CAN-LAM-ASSET-014,NOT_APPLICABLE,YES,PASS
requirement,CAN-LAM-ASSET-015,NOT_APPLICABLE,YES,PASS
requirement,CAN-LAM-ASSET-016,NOT_APPLICABLE,YES,PASS
requirement,CAN-LAM-ASSET-017,NOT_APPLICABLE,YES,PASS
requirement,CAN-LAM-ASSET-018,REVIEWED_CORRECTED,YES,PASS
requirement,CAN-LAM-ASSET-019,NOT_APPLICABLE,YES,PASS
requirement,CAN-LAM-ASSET-020,NOT_APPLICABLE,YES,PASS
requirement,CAN-LAM-ASSET-021,NOT_APPLICABLE,YES,PASS
requirement,CAN-LAM-ASSET-022,NOT_APPLICABLE,YES,PASS
requirement,CAN-LAM-ASSET-023,NOT_APPLICABLE,YES,PASS
requirement,CAN-LAM-ASSET-024,REVIEWED_CONFIRMED,YES,PASS
requirement,CAN-LAM-ASSET-025,NOT_APPLICABLE,YES,PASS
requirement,CAN-LAM-ASSET-026,REVIEWED_CORRECTED,YES,PASS
requirement,CAN-LAM-ASSET-027,REVIEWED_CORRECTED,YES,PASS
requirement,CAN-LAM-ASSET-028,REVIEWED_CORRECTED,YES,PASS
requirement,CAN-LAM-ASSET-029,NOT_APPLICABLE,YES,PASS
requirement,CAN-LAM-ASSET-030,REVIEWED_CORRECTED,YES,PASS
requirement,CAN-LAM-ASSET-031,REVIEWED_CORRECTED,YES,PASS
requirement,CAN-LAM-ASSET-032,REVIEWED_CORRECTED,YES,PASS
requirement,CAN-LAM-ASSET-033,REVIEWED_CORRECTED,YES,PASS
requirement,CAN-LAM-ASSET-034,NOT_APPLICABLE,YES,PASS
requirement,CAN-LAM-ASSET-035,NOT_APPLICABLE,YES,PASS
requirement,CAN-LAM-ASSET-036,REVIEWED_CORRECTED,YES,PASS
requirement,CAN-LAM-ASSET-037,REVIEWED_CORRECTED,YES,PASS
requirement,CAN-LAM-ASSET-038,REVIEWED_CORRECTED,YES,PASS
requirement,CAN-LAM-ASSET-039,REVIEWED_CORRECTED,YES,PASS
requirement,CAN-LAM-ASSET-040,REVIEWED_CORRECTED,YES,PASS
requirement,CAN-LAM-ASSET-041,NOT_APPLICABLE,YES,PASS
requirement,CAN-LAM-ASSET-042,REVIEWED_CORRECTED,YES,PASS
requirement,CAN-LAM-ASSET-043,REVIEWED_CORRECTED,YES,PASS
requirement,CAN-LAM-ASSET-044,REVIEWED_CORRECTED,YES,PASS
requirement,CAN-LAM-ASSET-045,REVIEWED_CONFIRMED,YES,PASS
requirement,CAN-LAM-ASSET-046,NOT_APPLICABLE,YES,PASS
requirement,CAN-LAM-ASSET-047,REVIEWED_CORRECTED,YES,PASS
requirement,CAN-LAM-ASSET-048,REVIEWED_CONFIRMED,YES,PASS
requirement,CAN-LAM-ASSET-049,REVIEWED_CORRECTED,YES,PASS
requirement,CAN-LAM-ASSET-050,REVIEWED_CORRECTED,YES,PASS
requirement,CAN-LAM-ASSET-051,NOT_APPLICABLE,YES,PASS
requirement,CAN-LAM-ASSET-052,NOT_APPLICABLE,YES,PASS
requirement,CAN-LAM-ASSET-053,NOT_APPLICABLE,YES,PASS
requirement,CAN-LAM-ASSET-054,NOT_APPLICABLE,YES,PASS
requirement,CAN-LAM-ASSET-055,REVIEWED_CORRECTED,YES,PASS
requirement,CAN-LAM-ASSET-056,REVIEWED_CORRECTED,YES,PASS
requirement,CAN-LAM-ASSET-057,REVIEWED_CORRECTED,YES,PASS
requirement,CAN-LAM-ASSET-058,REVIEWED_CORRECTED,YES,PASS
requirement,CAN-LAM-ASSET-059,NOT_APPLICABLE,YES,PASS
requirement,CAN-LAM-ASSET-060,REVIEWED_CORRECTED,YES,PASS
requirement,CAN-LAM-ASSET-061,NOT_APPLICABLE,YES,PASS
requirement,CAN-LAM-ASSET-062,REVIEWED_CORRECTED,YES,PASS
requirement,CAN-LAM-ASSET-063,REVIEWED_CORRECTED,YES,PASS
requirement,CAN-LAM-ASSET-064,NOT_APPLICABLE,YES,PASS
requirement,CAN-LAM-ASSET-065,NOT_APPLICABLE,YES,PASS
requirement,CAN-LAM-ASSET-066,REVIEWED_CORRECTED,YES,PASS
requirement,CAN-LAM-ASSET-067,NOT_APPLICABLE,YES,PASS
requirement,CAN-LAM-ASSET-068,NOT_APPLICABLE,YES,PASS
requirement,CAN-LAM-ASSET-069,REVIEWED_CORRECTED,YES,PASS
requirement,CAN-LAM-ASSET-070,REVIEWED_CORRECTED,YES,PASS
requirement,CAN-LAM-ASSET-071,REVIEWED_CORRECTED,YES,PASS
requirement,CAN-LAM-ASSET-072,REVIEWED_CORRECTED,YES,PASS
requirement,CAN-LAM-ASSET-073,NOT_APPLICABLE,YES,PASS
requirement,CAN-LAM-ASSET-074,NOT_APPLICABLE,YES,PASS
requirement,CAN-LAM-ASSET-075,REVIEWED_CORRECTED,YES,PASS
requirement,CAN-LAM-ASSET-076,NOT_APPLICABLE,YES,PASS
requirement,CAN-LAM-ASSET-077,REVIEWED_CORRECTED,YES,PASS
requirement,CAN-LAM-ASSET-078,NOT_APPLICABLE,YES,PASS
requirement,CAN-LAM-ASSET-079,REVIEWED_CORRECTED,YES,PASS
requirement,CAN-LAM-ASSET-080,NOT_APPLICABLE,YES,PASS
requirement,CAN-LAM-ASSET-081,REVIEWED_CORRECTED,YES,PASS
requirement,CAN-LAM-ASSET-082,REVIEWED_CORRECTED,YES,PASS
requirement,CAN-LAM-ASSET-083,REVIEWED_CORRECTED,YES,PASS
requirement,CAN-LAM-ASSET-084,REVIEWED_CORRECTED,YES,PASS
requirement,CAN-LAM-ASSET-085,NOT_APPLICABLE,YES,PASS
requirement,CAN-LAM-ASSET-086,NOT_APPLICABLE,YES,PASS
requirement,CAN-LAM-ASSET-087,NOT_APPLICABLE,YES,PASS
requirement,CAN-LAM-ASSET-088,REVIEWED_CORRECTED,YES,PASS
requirement,CAN-LAM-ASSET-089,NOT_APPLICABLE,YES,PASS
requirement,CAN-LAM-ASSET-090,REVIEWED_CORRECTED,YES,PASS
requirement,CAN-LAM-ASSET-091,REVIEWED_CORRECTED,YES,PASS
requirement,CAN-LAM-ASSET-092,REVIEWED_CORRECTED,YES,PASS
requirement,CAN-LAM-ASSET-093,NOT_APPLICABLE,YES,PASS
requirement,CAN-LAM-ASSET-094,REVIEWED_CORRECTED,YES,PASS
requirement,CAN-LAM-ASSET-095,NOT_APPLICABLE,YES,PASS
requirement,CAN-LAM-ASSET-096,REVIEWED_CORRECTED,YES,PASS
requirement,CAN-LAM-ASSET-097,NOT_APPLICABLE,YES,PASS
requirement,CAN-LAM-ASSET-098,REVIEWED_CORRECTED,YES,PASS
requirement,CAN-LAM-ASSET-099,REVIEWED_CORRECTED,YES,PASS
requirement,CAN-LAM-ASSET-100,REVIEWED_CORRECTED,YES,PASS
requirement,CAN-LAM-ASSET-101,NOT_APPLICABLE,YES,PASS
requirement,CAN-LAM-ASSET-102,NOT_APPLICABLE,YES,PASS
requirement,CAN-LAM-ASSET-103,NOT_APPLICABLE,YES,PASS
requirement,CAN-LAM-ASSET-104,NOT_APPLICABLE,YES,PASS
requirement,CAN-LAM-ASSET-105,NOT_APPLICABLE,YES,PASS
requirement,CAN-LAM-ASSET-106,REVIEWED_CORRECTED,YES,PASS
requirement,CAN-LAM-ASSET-107,REVIEWED_CORRECTED,YES,PASS
requirement,CAN-LAM-ASSET-108,REVIEWED_CORRECTED,YES,PASS
requirement,CAN-LAM-ASSET-109,REVIEWED_CORRECTED,YES,PASS
requirement,CAN-LAM-ASSET-110,NOT_APPLICABLE,YES,PASS
requirement,CAN-LAM-ASSET-111,NOT_APPLICABLE,YES,PASS
requirement,CAN-LAM-ASSET-112,NOT_APPLICABLE,YES,PASS
requirement,CAN-LAM-ASSET-113,REVIEWED_CORRECTED,YES,PASS
requirement,CAN-LAM-ASSET-114,REVIEWED_CORRECTED,YES,PASS
requirement,CAN-LAM-ASSET-115,REVIEWED_CORRECTED,YES,PASS
requirement,CAN-LAM-ASSET-116,REVIEWED_CORRECTED,YES,PASS
requirement,CAN-LAM-ASSET-117,REVIEWED_CORRECTED,YES,PASS
requirement,CAN-LAM-ASSET-118,REVIEWED_CORRECTED,YES,PASS
requirement,CAN-LAM-ASSET-119,NOT_APPLICABLE,YES,PASS
requirement,CAN-LAM-ASSET-120,REVIEWED_CORRECTED,YES,PASS
requirement,CAN-LAM-ASSET-121,REVIEWED_CORRECTED,YES,PASS
requirement,CAN-LAM-ASSET-122,NOT_APPLICABLE,YES,PASS
requirement,CAN-LAM-ASSET-123,REVIEWED_CORRECTED,YES,PASS
requirement,CAN-LAM-ASSET-124,REVIEWED_CORRECTED,YES,PASS
requirement,CAN-LAM-ASSET-125,REVIEWED_CORRECTED,YES,PASS
requirement,CAN-LAM-ASSET-126,REVIEWED_CORRECTED,YES,PASS
requirement,CAN-LAM-ASSET-127,NOT_APPLICABLE,YES,PASS
requirement,CAN-LAM-ASSET-128,REVIEWED_CORRECTED,YES,PASS
requirement,CAN-LAM-ASSET-129,REVIEWED_CORRECTED,YES,PASS
requirement,CAN-LAM-ASSET-130,REVIEWED_CORRECTED,YES,PASS
requirement,CAN-LAM-ASSET-131,NOT_APPLICABLE,YES,PASS
requirement,CAN-LAM-ASSET-132,NOT_APPLICABLE,YES,PASS
requirement,CAN-LAM-ASSET-133,NOT_APPLICABLE,YES,PASS
requirement,CAN-LAM-ASSET-134,REVIEWED_CONFIRMED,YES,PASS
requirement,CAN-LAM-ASSET-135,REVIEWED_CORRECTED,YES,PASS
requirement,CAN-LAM-ASSET-136,NOT_APPLICABLE,YES,PASS
requirement,CAN-LAM-ASSET-137,REVIEWED_CORRECTED,YES,PASS
requirement,CAN-LAM-ASSET-138,REVIEWED_CORRECTED,YES,PASS
requirement,CAN-LAM-ASSET-139,REVIEWED_CORRECTED,YES,PASS
requirement,CAN-LAM-ASSET-140,REVIEWED_CORRECTED,YES,PASS
requirement,CAN-LAM-ASSET-141,REVIEWED_CORRECTED,YES,PASS
requirement,CAN-LAM-ASSET-142,REVIEWED_CORRECTED,YES,PASS
requirement,CAN-LAM-ASSET-143,NOT_APPLICABLE,YES,PASS
requirement,CAN-LAM-ASSET-144,NOT_APPLICABLE,YES,PASS
requirement,CAN-LAM-ASSET-145,NOT_APPLICABLE,YES,PASS
requirement,CAN-LAM-ASSET-146,NOT_APPLICABLE,YES,PASS
requirement,CAN-LAM-ASSET-147,REVIEWED_CORRECTED,YES,PASS
requirement,CAN-LAM-ASSET-148,REVIEWED_CORRECTED,YES,PASS
requirement,CAN-LAM-ASSET-149,NOT_APPLICABLE,YES,PASS
requirement,CAN-LAM-ASSET-150,NOT_APPLICABLE,YES,PASS
requirement,CAN-LAM-ASSET-151,NOT_APPLICABLE,YES,PASS
requirement,CAN-LAM-ASSET-152,NOT_APPLICABLE,YES,PASS
requirement,CAN-LAM-ASSET-153,NOT_APPLICABLE,YES,PASS
requirement,CAN-LAM-ASSET-154,NOT_APPLICABLE,YES,PASS
requirement,CAN-LAM-ASSET-155,NOT_APPLICABLE,YES,PASS
requirement,CAN-LAM-ASSET-156,NOT_APPLICABLE,YES,PASS
requirement,CAN-LAM-ASSET-157,NOT_APPLICABLE,YES,PASS
requirement,CAN-LAM-ASSET-158,REVIEWED_CONFIRMED,YES,PASS
requirement,CAN-LAM-ASSET-159,NOT_APPLICABLE,YES,PASS
requirement,CAN-LAM-ASSET-160,NOT_APPLICABLE,YES,PASS
requirement,CAN-LAM-ASSET-161,NOT_APPLICABLE,YES,PASS
requirement,CAN-LAM-ASSET-162,NOT_APPLICABLE,YES,PASS
requirement,CAN-LAM-ASSET-163,NOT_APPLICABLE,YES,PASS
requirement,CAN-LAM-ASSET-164,NOT_APPLICABLE,YES,PASS
requirement,CAN-LAM-ASSET-165,NOT_APPLICABLE,YES,PASS
requirement,CAN-LAM-ASSET-166,NOT_APPLICABLE,YES,PASS
requirement,CAN-LAM-ASSET-167,NOT_APPLICABLE,YES,PASS
requirement,CAN-LAM-ASSET-168,NOT_APPLICABLE,YES,PASS
requirement,CAN-LAM-ASSET-169,NOT_APPLICABLE,YES,PASS
requirement,CAN-LAM-ASSET-170,NOT_APPLICABLE,YES,PASS
requirement,CAN-LAM-ASSET-171,NOT_APPLICABLE,YES,PASS
requirement,CAN-LAM-ASSET-172,NOT_APPLICABLE,YES,PASS
requirement,CAN-LAM-ASSET-173,NOT_APPLICABLE,YES,PASS
requirement,CAN-LAM-ASSET-174,REVIEWED_CONFIRMED,YES,PASS
requirement,CAN-LAM-ASSET-175,NOT_APPLICABLE,YES,PASS
requirement,CAN-LAM-ASSET-176,NOT_APPLICABLE,YES,PASS
requirement,CAN-LAM-ASSET-177,NOT_APPLICABLE,YES,PASS
requirement,CAN-LAM-ASSET-178,NOT_APPLICABLE,YES,PASS
requirement,CAN-LAM-ASSET-179,NOT_APPLICABLE,YES,PASS
requirement,CAN-LAM-ASSET-180,NOT_APPLICABLE,YES,PASS
requirement,CAN-LAM-ASSET-181,NOT_APPLICABLE,YES,PASS
requirement,CAN-LAM-ASSET-182,NOT_APPLICABLE,YES,PASS
requirement,CAN-LAM-ASSET-183,NOT_APPLICABLE,YES,PASS
requirement,CAN-LAM-ASSET-184,NOT_APPLICABLE,YES,PASS
requirement,CAN-LAM-ASSET-185,NOT_APPLICABLE,YES,PASS
requirement,CAN-LAM-ASSET-186,REVIEWED_CORRECTED,YES,PASS
requirement,CAN-LAM-ASSET-187,NOT_APPLICABLE,YES,PASS
requirement,CAN-LAM-ASSET-188,NOT_APPLICABLE,YES,PASS
requirement,CAN-LAM-ASSET-189,REVIEWED_CORRECTED,YES,PASS
requirement,CAN-LAM-ASSET-190,NOT_APPLICABLE,YES,PASS
requirement,CAN-LAM-ASSET-191,REVIEWED_CORRECTED,YES,PASS
requirement,CAN-LAM-ASSET-192,NOT_APPLICABLE,YES,PASS
requirement,CAN-LAM-ASSET-193,NOT_APPLICABLE,YES,PASS
requirement,CAN-LAM-ASSET-194,NOT_APPLICABLE,YES,PASS
requirement,CAN-LAM-ASSET-195,NOT_APPLICABLE,YES,PASS
requirement,CAN-LAM-ASSET-196,NOT_APPLICABLE,YES,PASS
requirement,CAN-LAM-ASSET-197,REVIEWED_CORRECTED,YES,PASS
requirement,CAN-LAM-ASSET-198,REVIEWED_CORRECTED,YES,PASS
requirement,CAN-LAM-ASSET-199,NOT_APPLICABLE,YES,PASS
requirement,CAN-LAM-ASSET-200,NOT_APPLICABLE,YES,PASS
requirement,CAN-LAM-ASSET-201,NOT_APPLICABLE,YES,PASS
requirement,CAN-LAM-BACKUP-001,NOT_APPLICABLE,YES,PASS
requirement,CAN-LAM-BACKUP-002,REVIEWED_CORRECTED,YES,PASS
requirement,CAN-LAM-BACKUP-003,NOT_APPLICABLE,YES,PASS
requirement,CAN-LAM-BACKUP-004,REVIEWED_CORRECTED,YES,PASS
requirement,CAN-LAM-BACKUP-005,REVIEWED_CORRECTED,YES,PASS
requirement,CAN-LAM-BACKUP-006,NOT_APPLICABLE,YES,PASS
requirement,CAN-LAM-BACKUP-007,REVIEWED_CORRECTED,YES,PASS
requirement,CAN-LAM-BACKUP-008,NOT_APPLICABLE,YES,PASS
requirement,CAN-LAM-BACKUP-009,NOT_APPLICABLE,YES,PASS
requirement,CAN-LAM-BACKUP-010,NOT_APPLICABLE,YES,PASS
requirement,CAN-LAM-BACKUP-011,NOT_APPLICABLE,YES,PASS
requirement,CAN-LAM-BACKUP-012,NOT_APPLICABLE,YES,PASS
requirement,CAN-LAM-BACKUP-013,NOT_APPLICABLE,YES,PASS
requirement,CAN-LAM-BACKUP-014,NOT_APPLICABLE,YES,PASS
requirement,CAN-LAM-BACKUP-015,NOT_APPLICABLE,YES,PASS
requirement,CAN-LAM-BACKUP-016,NOT_APPLICABLE,YES,PASS
requirement,CAN-LAM-BACKUP-017,NOT_APPLICABLE,YES,PASS
requirement,CAN-LAM-BACKUP-018,NOT_APPLICABLE,YES,PASS
requirement,CAN-LAM-BACKUP-019,NOT_APPLICABLE,YES,PASS
requirement,CAN-LAM-BACKUP-020,REVIEWED_CORRECTED,YES,PASS
requirement,CAN-LAM-BACKUP-021,REVIEWED_CORRECTED,YES,PASS
requirement,CAN-LAM-BACKUP-022,NOT_APPLICABLE,YES,PASS
requirement,CAN-LAM-BACKUP-023,NOT_APPLICABLE,YES,PASS
requirement,CAN-LAM-BACKUP-024,REVIEWED_CORRECTED,YES,PASS
requirement,CAN-LAM-BACKUP-025,NOT_APPLICABLE,YES,PASS
requirement,CAN-LAM-BACKUP-026,NOT_APPLICABLE,YES,PASS
requirement,CAN-LAM-DELETE-001,NOT_APPLICABLE,YES,PASS
requirement,CAN-LAM-DELETE-002,REVIEWED_CORRECTED,YES,PASS
requirement,CAN-LAM-DELETE-003,NOT_APPLICABLE,YES,PASS
requirement,CAN-LAM-DELETE-004,NOT_APPLICABLE,YES,PASS
requirement,CAN-LAM-DELETE-005,NOT_APPLICABLE,YES,PASS
requirement,CAN-LAM-DELETE-006,NOT_APPLICABLE,YES,PASS
requirement,CAN-LAM-DELETE-007,NOT_APPLICABLE,YES,PASS
requirement,CAN-LAM-DELETE-008,NOT_APPLICABLE,YES,PASS
requirement,CAN-LAM-DELETE-009,NOT_APPLICABLE,YES,PASS
requirement,CAN-LAM-DELETE-010,NOT_APPLICABLE,YES,PASS
requirement,CAN-LAM-DELETE-011,NOT_APPLICABLE,YES,PASS
requirement,CAN-LAM-DELETE-012,NOT_APPLICABLE,YES,PASS
requirement,CAN-LAM-DELETE-013,NOT_APPLICABLE,YES,PASS
requirement,CAN-LAM-DELETE-014,NOT_APPLICABLE,YES,PASS
requirement,CAN-LAM-DELETE-015,NOT_APPLICABLE,YES,PASS
requirement,CAN-LAM-DELETE-016,NOT_APPLICABLE,YES,PASS
requirement,CAN-LAM-DELETE-017,NOT_APPLICABLE,YES,PASS
requirement,CAN-LAM-DELETE-018,NOT_APPLICABLE,YES,PASS
requirement,CAN-LAM-DELETE-019,NOT_APPLICABLE,YES,PASS
requirement,CAN-LAM-DELETE-020,NOT_APPLICABLE,YES,PASS
requirement,CAN-LAM-DELETE-021,NOT_APPLICABLE,YES,PASS
requirement,CAN-LAM-DELETE-022,NOT_APPLICABLE,YES,PASS
requirement,CAN-LAM-DELETE-023,NOT_APPLICABLE,YES,PASS
requirement,CAN-LAM-DELETE-024,NOT_APPLICABLE,YES,PASS
requirement,CAN-LAM-DELETE-025,NOT_APPLICABLE,YES,PASS
requirement,CAN-LAM-DELETE-026,NOT_APPLICABLE,YES,PASS
requirement,CAN-LAM-DELETE-027,NOT_APPLICABLE,YES,PASS
requirement,CAN-LAM-DELETE-028,NOT_APPLICABLE,YES,PASS
requirement,CAN-LAM-DELETE-029,NOT_APPLICABLE,YES,PASS
requirement,CAN-LAM-DELETE-030,NOT_APPLICABLE,YES,PASS
requirement,CAN-LAM-DELETE-031,NOT_APPLICABLE,YES,PASS
requirement,CAN-LAM-DELETE-032,NOT_APPLICABLE,YES,PASS
requirement,CAN-LAM-DELETE-033,NOT_APPLICABLE,YES,PASS
requirement,CAN-LAM-DELETE-034,NOT_APPLICABLE,YES,PASS
requirement,CAN-LAM-DELETE-035,NOT_APPLICABLE,YES,PASS
requirement,CAN-LAM-DELETE-036,NOT_APPLICABLE,YES,PASS
requirement,CAN-LAM-DELETE-037,NOT_APPLICABLE,YES,PASS
requirement,CAN-LAM-DELETE-038,NOT_APPLICABLE,YES,PASS
requirement,CAN-LAM-DELETE-039,NOT_APPLICABLE,YES,PASS
requirement,CAN-LAM-DELETE-040,NOT_APPLICABLE,YES,PASS
requirement,CAN-LAM-DELETE-041,NOT_APPLICABLE,YES,PASS
requirement,CAN-LAM-DELETE-042,NOT_APPLICABLE,YES,PASS
requirement,CAN-LAM-DELETE-043,NOT_APPLICABLE,YES,PASS
requirement,CAN-LAM-DELETE-044,NOT_APPLICABLE,YES,PASS
requirement,CAN-LAM-DELETE-045,NOT_APPLICABLE,YES,PASS
requirement,CAN-LAM-DELETE-046,NOT_APPLICABLE,YES,PASS
requirement,CAN-LAM-DELETE-047,NOT_APPLICABLE,YES,PASS
requirement,CAN-LAM-DELETE-048,NOT_APPLICABLE,YES,PASS
requirement,CAN-LAM-DELETE-049,NOT_APPLICABLE,YES,PASS
requirement,CAN-LAM-DELETE-050,NOT_APPLICABLE,YES,PASS
requirement,CAN-LAM-DELETE-051,NOT_APPLICABLE,YES,PASS
requirement,CAN-LAM-DELETE-052,NOT_APPLICABLE,YES,PASS
requirement,CAN-LAM-DELETE-053,NOT_APPLICABLE,YES,PASS
requirement,CAN-LAM-DELETE-054,NOT_APPLICABLE,YES,PASS
requirement,CAN-LAM-DELETE-055,NOT_APPLICABLE,YES,PASS
requirement,CAN-LAM-DELETE-056,NOT_APPLICABLE,YES,PASS
requirement,CAN-LAM-DELETE-057,NOT_APPLICABLE,YES,PASS
requirement,CAN-LAM-DELETE-058,NOT_APPLICABLE,YES,PASS
requirement,CAN-LAM-DELETE-059,NOT_APPLICABLE,YES,PASS
requirement,CAN-LAM-DELETE-060,NOT_APPLICABLE,YES,PASS
requirement,CAN-LAM-DELETE-061,NOT_APPLICABLE,YES,PASS
requirement,CAN-LAM-DELETE-062,NOT_APPLICABLE,YES,PASS
requirement,CAN-LAM-DELETE-063,NOT_APPLICABLE,YES,PASS
requirement,CAN-LAM-DELETE-064,NOT_APPLICABLE,YES,PASS
requirement,CAN-LAM-DELETE-065,REVIEWED_CONFIRMED,YES,PASS
requirement,CAN-LAM-DELETE-066,NOT_APPLICABLE,YES,PASS
requirement,CAN-LAM-DELETE-067,NOT_APPLICABLE,YES,PASS
requirement,CAN-LAM-DELETE-068,NOT_APPLICABLE,YES,PASS
requirement,CAN-LAM-DELETE-069,NOT_APPLICABLE,YES,PASS
requirement,CAN-LAM-DELETE-070,NOT_APPLICABLE,YES,PASS
requirement,CAN-LAM-DELETE-071,NOT_APPLICABLE,YES,PASS
requirement,CAN-LAM-DELETE-072,NOT_APPLICABLE,YES,PASS
requirement,CAN-LAM-DELETE-073,NOT_APPLICABLE,YES,PASS
requirement,CAN-LAM-DELETE-074,NOT_APPLICABLE,YES,PASS
requirement,CAN-LAM-DELETE-075,NOT_APPLICABLE,YES,PASS
requirement,CAN-LAM-DELETE-076,NOT_APPLICABLE,YES,PASS
requirement,CAN-LAM-DELETE-077,NOT_APPLICABLE,YES,PASS
requirement,CAN-LAM-DELETE-078,NOT_APPLICABLE,YES,PASS
requirement,CAN-LAM-DELETE-079,NOT_APPLICABLE,YES,PASS
requirement,CAN-LAM-DELETE-080,NOT_APPLICABLE,YES,PASS
requirement,CAN-LAM-DELETE-081,NOT_APPLICABLE,YES,PASS
requirement,CAN-LAM-DELETE-082,NOT_APPLICABLE,YES,PASS
requirement,CAN-LAM-DELETE-083,NOT_APPLICABLE,YES,PASS
requirement,CAN-LAM-DELETE-084,NOT_APPLICABLE,YES,PASS
requirement,CAN-LAM-DELETE-085,NOT_APPLICABLE,YES,PASS
requirement,CAN-LAM-DELETE-086,NOT_APPLICABLE,YES,PASS
requirement,CAN-LAM-DELETE-087,NOT_APPLICABLE,YES,PASS
requirement,CAN-LAM-DELETE-088,NOT_APPLICABLE,YES,PASS
requirement,CAN-LAM-DELETE-089,NOT_APPLICABLE,YES,PASS
requirement,CAN-LAM-DELETE-090,NOT_APPLICABLE,YES,PASS
requirement,CAN-LAM-DELETE-091,NOT_APPLICABLE,YES,PASS
requirement,CAN-LAM-DELETE-092,NOT_APPLICABLE,YES,PASS
requirement,CAN-LAM-DELETE-093,NOT_APPLICABLE,YES,PASS
requirement,CAN-LAM-DELETE-094,NOT_APPLICABLE,YES,PASS
requirement,CAN-LAM-DELETE-095,NOT_APPLICABLE,YES,PASS
requirement,CAN-LAM-DELETE-096,NOT_APPLICABLE,YES,PASS
requirement,CAN-LAM-DELETE-097,NOT_APPLICABLE,YES,PASS
requirement,CAN-LAM-DELETE-098,NOT_APPLICABLE,YES,PASS
requirement,CAN-LAM-DELETE-099,NOT_APPLICABLE,YES,PASS
requirement,CAN-LAM-DELETE-100,NOT_APPLICABLE,YES,PASS
requirement,CAN-LAM-DELETE-101,NOT_APPLICABLE,YES,PASS
requirement,CAN-LAM-DELETE-102,NOT_APPLICABLE,YES,PASS
requirement,CAN-LAM-DELETE-103,NOT_APPLICABLE,YES,PASS
requirement,CAN-LAM-DELETE-104,NOT_APPLICABLE,YES,PASS
requirement,CAN-LAM-DELETE-105,NOT_APPLICABLE,YES,PASS
requirement,CAN-LAM-DELETE-106,NOT_APPLICABLE,YES,PASS
requirement,CAN-LAM-DELETE-107,REVIEWED_CONFIRMED,YES,PASS
requirement,CAN-LAM-DELETE-108,NOT_APPLICABLE,YES,PASS
requirement,CAN-LAM-DELETE-109,NOT_APPLICABLE,YES,PASS
requirement,CAN-LAM-DELETE-110,NOT_APPLICABLE,YES,PASS
requirement,CAN-LAM-DELETE-111,NOT_APPLICABLE,YES,PASS
requirement,CAN-LAM-DELETE-112,NOT_APPLICABLE,YES,PASS
requirement,CAN-LAM-DELETE-113,NOT_APPLICABLE,YES,PASS
requirement,CAN-LAM-DELETE-114,NOT_APPLICABLE,YES,PASS
requirement,CAN-LAM-DELETE-115,NOT_APPLICABLE,YES,PASS
requirement,CAN-LAM-DELETE-116,NOT_APPLICABLE,YES,PASS
requirement,CAN-LAM-DELETE-117,NOT_APPLICABLE,YES,PASS
requirement,CAN-LAM-DELETE-118,NOT_APPLICABLE,YES,PASS
requirement,CAN-LAM-DELETE-119,NOT_APPLICABLE,YES,PASS
requirement,CAN-LAM-DELETE-120,NOT_APPLICABLE,YES,PASS
requirement,CAN-LAM-DELETE-121,NOT_APPLICABLE,YES,PASS
requirement,CAN-LAM-DELETE-122,NOT_APPLICABLE,YES,PASS
requirement,CAN-LAM-DELETE-123,NOT_APPLICABLE,YES,PASS
requirement,CAN-LAM-DELETE-124,NOT_APPLICABLE,YES,PASS
requirement,CAN-LAM-DELETE-125,NOT_APPLICABLE,YES,PASS
requirement,CAN-LAM-DELETE-126,NOT_APPLICABLE,YES,PASS
requirement,CAN-LAM-DELETE-127,NOT_APPLICABLE,YES,PASS
requirement,CAN-LAM-DELETE-128,NOT_APPLICABLE,YES,PASS
requirement,CAN-LAM-DELETE-129,NOT_APPLICABLE,YES,PASS
requirement,CAN-LAM-DELETE-130,NOT_APPLICABLE,YES,PASS
requirement,CAN-LAM-DELETE-131,NOT_APPLICABLE,YES,PASS
requirement,CAN-LAM-DELETE-132,NOT_APPLICABLE,YES,PASS
requirement,CAN-LAM-DELETE-133,NOT_APPLICABLE,YES,PASS
requirement,CAN-LAM-DELETE-134,NOT_APPLICABLE,YES,PASS
requirement,CAN-LAM-DELETE-135,NOT_APPLICABLE,YES,PASS
requirement,CAN-LAM-DELETE-136,NOT_APPLICABLE,YES,PASS
requirement,CAN-LAM-DELETE-137,NOT_APPLICABLE,YES,PASS
requirement,CAN-LAM-DELETE-138,NOT_APPLICABLE,YES,PASS
requirement,CAN-LAM-DELETE-139,NOT_APPLICABLE,YES,PASS
requirement,CAN-LAM-DELETE-140,NOT_APPLICABLE,YES,PASS
requirement,CAN-LAM-DELETE-141,NOT_APPLICABLE,YES,PASS
requirement,CAN-LAM-DELETE-142,NOT_APPLICABLE,YES,PASS
requirement,CAN-LAM-DELETE-143,NOT_APPLICABLE,YES,PASS
requirement,CAN-LAM-DELETE-144,NOT_APPLICABLE,YES,PASS
requirement,CAN-LAM-DELETE-145,NOT_APPLICABLE,YES,PASS
requirement,CAN-LAM-DELETE-146,NOT_APPLICABLE,YES,PASS
requirement,CAN-LAM-DELETE-147,NOT_APPLICABLE,YES,PASS
requirement,CAN-LAM-DELETE-148,NOT_APPLICABLE,YES,PASS
requirement,CAN-LAM-DELETE-149,NOT_APPLICABLE,YES,PASS
requirement,CAN-LAM-DELETE-150,NOT_APPLICABLE,YES,PASS
requirement,CAN-LAM-DELETE-151,NOT_APPLICABLE,YES,PASS
requirement,CAN-LAM-DELETE-152,NOT_APPLICABLE,YES,PASS
requirement,CAN-LAM-DELETE-153,NOT_APPLICABLE,YES,PASS
requirement,CAN-LAM-DELETE-154,NOT_APPLICABLE,YES,PASS
requirement,CAN-LAM-DELETE-155,NOT_APPLICABLE,YES,PASS
requirement,CAN-LAM-DELETE-156,NOT_APPLICABLE,YES,PASS
requirement,CAN-LAM-DELETE-157,NOT_APPLICABLE,YES,PASS
requirement,CAN-LAM-DELETE-158,NOT_APPLICABLE,YES,PASS
requirement,CAN-LAM-DELETE-159,NOT_APPLICABLE,YES,PASS
requirement,CAN-LAM-DELETE-160,NOT_APPLICABLE,YES,PASS
requirement,CAN-LAM-DELETE-161,NOT_APPLICABLE,YES,PASS
requirement,CAN-LAM-DELETE-162,NOT_APPLICABLE,YES,PASS
requirement,CAN-LAM-DELETE-163,NOT_APPLICABLE,YES,PASS
requirement,CAN-LAM-DELETE-164,NOT_APPLICABLE,YES,PASS
requirement,CAN-LAM-DELETE-165,NOT_APPLICABLE,YES,PASS
requirement,CAN-LAM-DELETE-166,NOT_APPLICABLE,YES,PASS
requirement,CAN-LAM-DELETE-167,NOT_APPLICABLE,YES,PASS
requirement,CAN-LAM-DELETE-168,NOT_APPLICABLE,YES,PASS
requirement,CAN-LAM-DELETE-169,NOT_APPLICABLE,YES,PASS
requirement,CAN-LAM-DELETE-170,NOT_APPLICABLE,YES,PASS
requirement,CAN-LAM-DELETE-171,NOT_APPLICABLE,YES,PASS
requirement,CAN-LAM-DELETE-172,NOT_APPLICABLE,YES,PASS
requirement,CAN-LAM-DELETE-173,NOT_APPLICABLE,YES,PASS
requirement,CAN-LAM-DELETE-174,NOT_APPLICABLE,YES,PASS
requirement,CAN-LAM-DELETE-175,NOT_APPLICABLE,YES,PASS
requirement,CAN-LAM-DELETE-176,NOT_APPLICABLE,YES,PASS
requirement,CAN-LAM-DELETE-177,NOT_APPLICABLE,YES,PASS
requirement,CAN-LAM-DELETE-178,NOT_APPLICABLE,YES,PASS
requirement,CAN-LAM-DELETE-179,NOT_APPLICABLE,YES,PASS
requirement,CAN-LAM-DELETE-180,NOT_APPLICABLE,YES,PASS
requirement,CAN-LAM-DELETE-181,NOT_APPLICABLE,YES,PASS
requirement,CAN-LAM-DELETE-182,NOT_APPLICABLE,YES,PASS
requirement,CAN-LAM-DELETE-183,NOT_APPLICABLE,YES,PASS
requirement,CAN-LAM-DELETE-184,NOT_APPLICABLE,YES,PASS
requirement,CAN-LAM-DELETE-185,NOT_APPLICABLE,YES,PASS
requirement,CAN-LAM-DELETE-186,NOT_APPLICABLE,YES,PASS
requirement,CAN-LAM-DELETE-187,NOT_APPLICABLE,YES,PASS
requirement,CAN-LAM-DELETE-188,NOT_APPLICABLE,YES,PASS
requirement,CAN-LAM-DELETE-189,NOT_APPLICABLE,YES,PASS
requirement,CAN-LAM-DELETE-190,NOT_APPLICABLE,YES,PASS
requirement,CAN-LAM-DELETE-191,NOT_APPLICABLE,YES,PASS
requirement,CAN-LAM-DELETE-192,NOT_APPLICABLE,YES,PASS
requirement,CAN-LAM-DELETE-193,NOT_APPLICABLE,YES,PASS
requirement,CAN-LAM-DELETE-194,NOT_APPLICABLE,YES,PASS
requirement,CAN-LAM-DELETE-195,NOT_APPLICABLE,YES,PASS
requirement,CAN-LAM-DELETE-196,NOT_APPLICABLE,YES,PASS
requirement,CAN-LAM-DELETE-197,NOT_APPLICABLE,YES,PASS
requirement,CAN-LAM-DELETE-198,NOT_APPLICABLE,YES,PASS
requirement,CAN-LAM-DELETE-199,NOT_APPLICABLE,YES,PASS
requirement,CAN-LAM-DELETE-200,NOT_APPLICABLE,YES,PASS
requirement,CAN-LAM-DELETE-201,NOT_APPLICABLE,YES,PASS
requirement,CAN-LAM-DELETE-202,NOT_APPLICABLE,YES,PASS
requirement,CAN-LAM-DELETE-203,NOT_APPLICABLE,YES,PASS
requirement,CAN-LAM-DELETE-204,NOT_APPLICABLE,YES,PASS
requirement,CAN-LAM-DELETE-205,NOT_APPLICABLE,YES,PASS
requirement,CAN-LAM-DELETE-206,NOT_APPLICABLE,YES,PASS
requirement,CAN-LAM-DELETE-207,NOT_APPLICABLE,YES,PASS
requirement,CAN-LAM-DELETE-208,NOT_APPLICABLE,YES,PASS
requirement,CAN-LAM-DELETE-209,NOT_APPLICABLE,YES,PASS
requirement,CAN-LAM-DELETE-210,NOT_APPLICABLE,YES,PASS
requirement,CAN-LAM-DELETE-211,NOT_APPLICABLE,YES,PASS
requirement,CAN-LAM-DELETE-212,NOT_APPLICABLE,YES,PASS
requirement,CAN-LAM-DELETE-213,NOT_APPLICABLE,YES,PASS
requirement,CAN-LAM-DELETE-214,NOT_APPLICABLE,YES,PASS
requirement,CAN-LAM-DELETE-215,NOT_APPLICABLE,YES,PASS
requirement,CAN-LAM-DELETE-216,NOT_APPLICABLE,YES,PASS
requirement,CAN-LAM-DELETE-217,NOT_APPLICABLE,YES,PASS
requirement,CAN-LAM-DELETE-218,NOT_APPLICABLE,YES,PASS
requirement,CAN-LAM-DELETE-219,NOT_APPLICABLE,YES,PASS
requirement,CAN-LAM-DELETE-220,NOT_APPLICABLE,YES,PASS
requirement,CAN-LAM-DELETE-221,NOT_APPLICABLE,YES,PASS
requirement,CAN-LAM-DELETE-222,NOT_APPLICABLE,YES,PASS
requirement,CAN-LAM-DELETE-223,NOT_APPLICABLE,YES,PASS
requirement,CAN-LAM-DELETE-224,NOT_APPLICABLE,YES,PASS
requirement,CAN-LAM-DELETE-225,NOT_APPLICABLE,YES,PASS
requirement,CAN-LAM-DELETE-226,NOT_APPLICABLE,YES,PASS
requirement,CAN-LAM-DELETE-227,NOT_APPLICABLE,YES,PASS
requirement,CAN-LAM-DELETE-228,NOT_APPLICABLE,YES,PASS
requirement,CAN-LAM-DELETE-229,NOT_APPLICABLE,YES,PASS
requirement,CAN-LAM-DELETE-230,NOT_APPLICABLE,YES,PASS
requirement,CAN-LAM-DELETE-231,NOT_APPLICABLE,YES,PASS
requirement,CAN-LAM-DELETE-232,NOT_APPLICABLE,YES,PASS
requirement,CAN-LAM-DELETE-233,NOT_APPLICABLE,YES,PASS
requirement,CAN-LAM-DELETE-234,NOT_APPLICABLE,YES,PASS
requirement,CAN-LAM-DELETE-235,NOT_APPLICABLE,YES,PASS
requirement,CAN-LAM-DELETE-236,NOT_APPLICABLE,YES,PASS
requirement,CAN-LAM-DELETE-237,NOT_APPLICABLE,YES,PASS
requirement,CAN-LAM-DELETE-238,NOT_APPLICABLE,YES,PASS
requirement,CAN-LAM-DELETE-239,NOT_APPLICABLE,YES,PASS
requirement,CAN-LAM-DELETE-240,NOT_APPLICABLE,YES,PASS
requirement,CAN-LAM-DELETE-241,NOT_APPLICABLE,YES,PASS
requirement,CAN-LAM-DELETE-242,NOT_APPLICABLE,YES,PASS
requirement,CAN-LAM-DELETE-243,NOT_APPLICABLE,YES,PASS
requirement,CAN-LAM-DELETE-244,NOT_APPLICABLE,YES,PASS
requirement,CAN-LAM-DELETE-245,NOT_APPLICABLE,YES,PASS
requirement,CAN-LAM-DELETE-246,NOT_APPLICABLE,YES,PASS
requirement,CAN-LAM-DELETE-247,NOT_APPLICABLE,YES,PASS
requirement,CAN-LAM-DELETE-248,NOT_APPLICABLE,YES,PASS
requirement,CAN-LAM-DELETE-249,NOT_APPLICABLE,YES,PASS
requirement,CAN-LAM-DELETE-250,NOT_APPLICABLE,YES,PASS
requirement,CAN-LAM-DELETE-251,NOT_APPLICABLE,YES,PASS
requirement,CAN-LAM-DELETE-252,NOT_APPLICABLE,YES,PASS
requirement,CAN-LAM-DELETE-253,NOT_APPLICABLE,YES,PASS
requirement,CAN-LAM-DELETE-254,NOT_APPLICABLE,YES,PASS
requirement,CAN-LAM-DELETE-255,NOT_APPLICABLE,YES,PASS
requirement,CAN-LAM-DELETE-256,NOT_APPLICABLE,YES,PASS
requirement,CAN-LAM-DELETE-257,NOT_APPLICABLE,YES,PASS
requirement,CAN-LAM-DELETE-258,NOT_APPLICABLE,YES,PASS
requirement,CAN-LAM-DELETE-259,NOT_APPLICABLE,YES,PASS
requirement,CAN-LAM-DELETE-260,NOT_APPLICABLE,YES,PASS
requirement,CAN-LAM-DELETE-261,NOT_APPLICABLE,YES,PASS
requirement,CAN-LAM-DELETE-262,NOT_APPLICABLE,YES,PASS
requirement,CAN-LAM-DELETE-263,NOT_APPLICABLE,YES,PASS
requirement,CAN-LAM-DELETE-264,NOT_APPLICABLE,YES,PASS
requirement,CAN-LAM-DELETE-265,NOT_APPLICABLE,YES,PASS
requirement,CAN-LAM-DELETE-266,NOT_APPLICABLE,YES,PASS
requirement,CAN-LAM-DELETE-267,REVIEWED_CORRECTED,YES,PASS
requirement,CAN-LAM-DELETE-268,NOT_APPLICABLE,YES,PASS
requirement,CAN-LAM-DELETE-269,NOT_APPLICABLE,YES,PASS
requirement,CAN-LAM-DELETE-270,NOT_APPLICABLE,YES,PASS
requirement,CAN-LAM-DELETE-271,NOT_APPLICABLE,YES,PASS
requirement,CAN-LAM-DELETE-272,NOT_APPLICABLE,YES,PASS
requirement,CAN-LAM-DELETE-273,NOT_APPLICABLE,YES,PASS
requirement,CAN-LAM-DELETE-274,NOT_APPLICABLE,YES,PASS
requirement,CAN-LAM-DELETE-275,NOT_APPLICABLE,YES,PASS
requirement,CAN-LAM-DELETE-276,NOT_APPLICABLE,YES,PASS
requirement,CAN-LAM-DELETE-277,NOT_APPLICABLE,YES,PASS
requirement,CAN-LAM-DELETE-278,NOT_APPLICABLE,YES,PASS
requirement,CAN-LAM-DELETE-279,NOT_APPLICABLE,YES,PASS
requirement,CAN-LAM-DELETE-280,NOT_APPLICABLE,YES,PASS
requirement,CAN-LAM-DELETE-281,NOT_APPLICABLE,YES,PASS
requirement,CAN-LAM-DELETE-282,NOT_APPLICABLE,YES,PASS
requirement,CAN-LAM-DELETE-283,NOT_APPLICABLE,YES,PASS
requirement,CAN-LAM-DELETE-284,NOT_APPLICABLE,YES,PASS
requirement,CAN-LAM-DELETE-285,REVIEWED_CORRECTED,YES,PASS
requirement,CAN-LAM-DELETE-286,NOT_APPLICABLE,YES,PASS
requirement,CAN-LAM-DELETE-287,NOT_APPLICABLE,YES,PASS
requirement,CAN-LAM-DELETE-288,NOT_APPLICABLE,YES,PASS
requirement,CAN-LAM-DELETE-289,NOT_APPLICABLE,YES,PASS
requirement,CAN-LAM-DELETE-290,NOT_APPLICABLE,YES,PASS
requirement,CAN-LAM-DELETE-291,NOT_APPLICABLE,YES,PASS
requirement,CAN-LAM-DELETE-292,NOT_APPLICABLE,YES,PASS
requirement,CAN-LAM-DELETE-293,NOT_APPLICABLE,YES,PASS
requirement,CAN-LAM-DELETE-294,NOT_APPLICABLE,YES,PASS
requirement,CAN-LAM-DELETE-295,NOT_APPLICABLE,YES,PASS
requirement,CAN-LAM-DELETE-296,NOT_APPLICABLE,YES,PASS
requirement,CAN-LAM-DELETE-297,NOT_APPLICABLE,YES,PASS
requirement,CAN-LAM-DELETE-298,NOT_APPLICABLE,YES,PASS
requirement,CAN-LAM-DELETE-299,NOT_APPLICABLE,YES,PASS
requirement,CAN-LAM-DELETE-300,NOT_APPLICABLE,YES,PASS
requirement,CAN-LAM-DELETE-301,NOT_APPLICABLE,YES,PASS
requirement,CAN-LAM-DELETE-302,NOT_APPLICABLE,YES,PASS
requirement,CAN-LAM-DELETE-303,NOT_APPLICABLE,YES,PASS
requirement,CAN-LAM-DELETE-304,NOT_APPLICABLE,YES,PASS
requirement,CAN-LAM-DELETE-305,NOT_APPLICABLE,YES,PASS
requirement,CAN-LAM-DELETE-306,NOT_APPLICABLE,YES,PASS
requirement,CAN-LAM-DELETE-307,NOT_APPLICABLE,YES,PASS
requirement,CAN-LAM-DELETE-308,NOT_APPLICABLE,YES,PASS
requirement,CAN-LAM-DELETE-309,NOT_APPLICABLE,YES,PASS
requirement,CAN-LAM-DELETE-310,NOT_APPLICABLE,YES,PASS
requirement,CAN-LAM-DELETE-311,NOT_APPLICABLE,YES,PASS
requirement,CAN-LAM-DELETE-312,NOT_APPLICABLE,YES,PASS
requirement,CAN-LAM-DELETE-313,NOT_APPLICABLE,YES,PASS
requirement,CAN-LAM-DELETE-314,NOT_APPLICABLE,YES,PASS
requirement,CAN-LAM-DELETE-315,NOT_APPLICABLE,YES,PASS
requirement,CAN-LAM-DELETE-316,NOT_APPLICABLE,YES,PASS
requirement,CAN-LAM-DELETE-317,NOT_APPLICABLE,YES,PASS
requirement,CAN-LAM-DELETE-318,NOT_APPLICABLE,YES,PASS
requirement,CAN-LAM-DELETE-319,NOT_APPLICABLE,YES,PASS
requirement,CAN-LAM-DELETE-320,NOT_APPLICABLE,YES,PASS
requirement,CAN-LAM-DELETE-321,NOT_APPLICABLE,YES,PASS
requirement,CAN-LAM-DELETE-322,NOT_APPLICABLE,YES,PASS
requirement,CAN-LAM-DELETE-323,NOT_APPLICABLE,YES,PASS
requirement,CAN-LAM-DELETE-324,NOT_APPLICABLE,YES,PASS
requirement,CAN-LAM-DELETE-325,NOT_APPLICABLE,YES,PASS
requirement,CAN-LAM-DELETE-326,NOT_APPLICABLE,YES,PASS
requirement,CAN-LAM-DELETE-327,NOT_APPLICABLE,YES,PASS
requirement,CAN-LAM-DELETE-328,NOT_APPLICABLE,YES,PASS
requirement,CAN-LAM-DELETE-329,NOT_APPLICABLE,YES,PASS
requirement,CAN-LAM-DELETE-330,NOT_APPLICABLE,YES,PASS
requirement,CAN-LAM-DELETE-331,NOT_APPLICABLE,YES,PASS
requirement,CAN-LAM-DELETE-332,NOT_APPLICABLE,YES,PASS
requirement,CAN-LAM-DELETE-333,NOT_APPLICABLE,YES,PASS
requirement,CAN-LAM-DELETE-334,NOT_APPLICABLE,YES,PASS
requirement,CAN-LAM-DELETE-335,NOT_APPLICABLE,YES,PASS
requirement,CAN-LAM-DELETE-336,NOT_APPLICABLE,YES,PASS
requirement,CAN-LAM-DELETE-337,NOT_APPLICABLE,YES,PASS
requirement,CAN-LAM-DELETE-338,NOT_APPLICABLE,YES,PASS
requirement,CAN-LAM-DELETE-339,NOT_APPLICABLE,YES,PASS
requirement,CAN-LAM-DELETE-340,NOT_APPLICABLE,YES,PASS
requirement,CAN-LAM-DELETE-341,NOT_APPLICABLE,YES,PASS
requirement,CAN-LAM-DELETE-342,NOT_APPLICABLE,YES,PASS
requirement,CAN-LAM-DELETE-343,NOT_APPLICABLE,YES,PASS
requirement,CAN-LAM-DELETE-344,NOT_APPLICABLE,YES,PASS
requirement,CAN-LAM-DELETE-345,NOT_APPLICABLE,YES,PASS
requirement,CAN-LAM-DELETE-346,NOT_APPLICABLE,YES,PASS
requirement,CAN-LAM-DELETE-347,NOT_APPLICABLE,YES,PASS
requirement,CAN-LAM-DELETE-348,NOT_APPLICABLE,YES,PASS
requirement,CAN-LAM-DELETE-349,NOT_APPLICABLE,YES,PASS
requirement,CAN-LAM-DELETE-350,NOT_APPLICABLE,YES,PASS
requirement,CAN-LAM-DELETE-351,NOT_APPLICABLE,YES,PASS
requirement,CAN-LAM-DELETE-352,NOT_APPLICABLE,YES,PASS
requirement,CAN-LAM-DELETE-353,NOT_APPLICABLE,YES,PASS
requirement,CAN-LAM-DELETE-354,NOT_APPLICABLE,YES,PASS
requirement,CAN-LAM-DELETE-355,NOT_APPLICABLE,YES,PASS
requirement,CAN-LAM-DELETE-356,NOT_APPLICABLE,YES,PASS
requirement,CAN-LAM-DELETE-357,NOT_APPLICABLE,YES,PASS
requirement,CAN-LAM-DELETE-358,NOT_APPLICABLE,YES,PASS
requirement,CAN-LAM-DELETE-359,NOT_APPLICABLE,YES,PASS
requirement,CAN-LAM-DELETE-360,NOT_APPLICABLE,YES,PASS
requirement,CAN-LAM-DELETE-361,NOT_APPLICABLE,YES,PASS
requirement,CAN-LAM-DELETE-362,NOT_APPLICABLE,YES,PASS
requirement,CAN-LAM-DELETE-363,NOT_APPLICABLE,YES,PASS
requirement,CAN-LAM-DELETE-364,NOT_APPLICABLE,YES,PASS
requirement,CAN-LAM-DELETE-365,NOT_APPLICABLE,YES,PASS
requirement,CAN-LAM-DELETE-366,NOT_APPLICABLE,YES,PASS
requirement,CAN-LAM-DELETE-367,NOT_APPLICABLE,YES,PASS
requirement,CAN-LAM-DELETE-368,NOT_APPLICABLE,YES,PASS
requirement,CAN-LAM-DUPLICATE-001,REVIEWED_CORRECTED,YES,PASS
requirement,CAN-LAM-DUPLICATE-002,REVIEWED_CORRECTED,YES,PASS
requirement,CAN-LAM-DUPLICATE-003,NOT_APPLICABLE,YES,PASS
requirement,CAN-LAM-DUPLICATE-004,REVIEWED_CORRECTED,YES,PASS
requirement,CAN-LAM-DUPLICATE-005,REVIEWED_CORRECTED,YES,PASS
requirement,CAN-LAM-DUPLICATE-006,REVIEWED_CORRECTED,YES,PASS
requirement,CAN-LAM-DUPLICATE-007,REVIEWED_CORRECTED,YES,PASS
requirement,CAN-LAM-DUPLICATE-008,REVIEWED_CORRECTED,YES,PASS
requirement,CAN-LAM-DUPLICATE-009,REVIEWED_CORRECTED,YES,PASS
requirement,CAN-LAM-DUPLICATE-010,NOT_APPLICABLE,YES,PASS
requirement,CAN-LAM-DUPLICATE-011,NOT_APPLICABLE,YES,PASS
requirement,CAN-LAM-DUPLICATE-012,NOT_APPLICABLE,YES,PASS
requirement,CAN-LAM-EDGE-01,NOT_APPLICABLE,YES,PASS
requirement,CAN-LAM-EDGE-02,NOT_APPLICABLE,YES,PASS
requirement,CAN-LAM-EDGE-03,REVIEWED_CORRECTED,YES,PASS
requirement,CAN-LAM-EDGE-04,REVIEWED_CORRECTED,YES,PASS
requirement,CAN-LAM-EDGE-05,REVIEWED_CORRECTED,YES,PASS
requirement,CAN-LAM-EDGE-06,REVIEWED_CORRECTED,YES,PASS
requirement,CAN-LAM-EDGE-07,REVIEWED_CORRECTED,YES,PASS
requirement,CAN-LAM-EDGE-08,NOT_APPLICABLE,YES,PASS
requirement,CAN-LAM-EDGE-09,REVIEWED_CORRECTED,YES,PASS
requirement,CAN-LAM-EDGE-10,REVIEWED_CORRECTED,YES,PASS
requirement,CAN-LAM-EDGE-11,REVIEWED_CORRECTED,YES,PASS
requirement,CAN-LAM-EDGE-12,REVIEWED_CORRECTED,YES,PASS
requirement,CAN-LAM-EDGE-13,REVIEWED_CORRECTED,YES,PASS
requirement,CAN-LAM-EDGE-14,REVIEWED_CORRECTED,YES,PASS
requirement,CAN-LAM-EDGE-15,REVIEWED_CORRECTED,YES,PASS
requirement,CAN-LAM-EDGE-16,REVIEWED_CORRECTED,YES,PASS
requirement,CAN-LAM-EDGE-17,NOT_APPLICABLE,YES,PASS
requirement,CAN-LAM-EDIT-001,REVIEWED_CORRECTED,YES,PASS
requirement,CAN-LAM-EDIT-002,NOT_APPLICABLE,YES,PASS
requirement,CAN-LAM-EDIT-003,REVIEWED_CORRECTED,YES,PASS
requirement,CAN-LAM-EDIT-004,REVIEWED_CORRECTED,YES,PASS
requirement,CAN-LAM-EDIT-005,REVIEWED_CORRECTED,YES,PASS
requirement,CAN-LAM-EDIT-006,REVIEWED_CORRECTED,YES,PASS
requirement,CAN-LAM-EDIT-007,REVIEWED_CORRECTED,YES,PASS
requirement,CAN-LAM-EDIT-008,NOT_APPLICABLE,YES,PASS
requirement,CAN-LAM-EDIT-009,NOT_APPLICABLE,YES,PASS
requirement,CAN-LAM-EDIT-010,NOT_APPLICABLE,YES,PASS
requirement,CAN-LAM-EDIT-011,NOT_APPLICABLE,YES,PASS
requirement,CAN-LAM-EDIT-012,NOT_APPLICABLE,YES,PASS
requirement,CAN-LAM-EDIT-013,REVIEWED_CORRECTED,YES,PASS
requirement,CAN-LAM-EDIT-014,NOT_APPLICABLE,YES,PASS
requirement,CAN-LAM-EVENT-001,NOT_APPLICABLE,YES,PASS
requirement,CAN-LAM-EVENT-002,REVIEWED_CORRECTED,YES,PASS
requirement,CAN-LAM-EVENT-003,REVIEWED_CORRECTED,YES,PASS
requirement,CAN-LAM-EVENT-004,REVIEWED_CORRECTED,YES,PASS
requirement,CAN-LAM-EVENT-005,REVIEWED_CORRECTED,YES,PASS
requirement,CAN-LAM-EVENT-006,REVIEWED_CORRECTED,YES,PASS
requirement,CAN-LAM-EVENT-007,REVIEWED_CORRECTED,YES,PASS
requirement,CAN-LAM-EVENT-008,REVIEWED_CORRECTED,YES,PASS
requirement,CAN-LAM-EVENT-009,REVIEWED_CORRECTED,YES,PASS
requirement,CAN-LAM-EVENT-010,NOT_APPLICABLE,YES,PASS
requirement,CAN-LAM-EVENT-011,REVIEWED_CORRECTED,YES,PASS
requirement,CAN-LAM-EVENT-012,REVIEWED_CORRECTED,YES,PASS
requirement,CAN-LAM-EVENT-013,REVIEWED_CORRECTED,YES,PASS
requirement,CAN-LAM-EVENT-014,REVIEWED_CORRECTED,YES,PASS
requirement,CAN-LAM-EVENT-015,REVIEWED_CORRECTED,YES,PASS
requirement,CAN-LAM-EVENT-016,REVIEWED_CORRECTED,YES,PASS
requirement,CAN-LAM-EVENT-017,REVIEWED_CORRECTED,YES,PASS
requirement,CAN-LAM-EVENT-018,REVIEWED_CORRECTED,YES,PASS
requirement,CAN-LAM-EVENT-019,REVIEWED_CORRECTED,YES,PASS
requirement,CAN-LAM-EVENT-020,REVIEWED_CORRECTED,YES,PASS
requirement,CAN-LAM-EVENT-021,REVIEWED_CORRECTED,YES,PASS
requirement,CAN-LAM-EVENT-022,REVIEWED_CORRECTED,YES,PASS
requirement,CAN-LAM-EVENT-023,REVIEWED_CORRECTED,YES,PASS
requirement,CAN-LAM-EVENT-024,REVIEWED_CORRECTED,YES,PASS
requirement,CAN-LAM-EVENT-025,REVIEWED_CORRECTED,YES,PASS
requirement,CAN-LAM-EVENT-026,REVIEWED_CORRECTED,YES,PASS
requirement,CAN-LAM-EVENT-027,NOT_APPLICABLE,YES,PASS
requirement,CAN-LAM-EVENT-028,REVIEWED_CORRECTED,YES,PASS
requirement,CAN-LAM-EVENT-029,REVIEWED_CORRECTED,YES,PASS
requirement,CAN-LAM-EVENT-030,REVIEWED_CORRECTED,YES,PASS
requirement,CAN-LAM-EVENT-031,REVIEWED_CORRECTED,YES,PASS
requirement,CAN-LAM-EVENT-032,REVIEWED_CORRECTED,YES,PASS
requirement,CAN-LAM-EVENT-033,REVIEWED_CORRECTED,YES,PASS
requirement,CAN-LAM-EVENT-034,REVIEWED_CORRECTED,YES,PASS
requirement,CAN-LAM-EVENT-035,NOT_APPLICABLE,YES,PASS
requirement,CAN-LAM-EVENT-036,NOT_APPLICABLE,YES,PASS
requirement,CAN-LAM-EVENT-037,NOT_APPLICABLE,YES,PASS
requirement,CAN-LAM-EVENT-038,REVIEWED_CORRECTED,YES,PASS
requirement,CAN-LAM-EVENT-039,REVIEWED_CORRECTED,YES,PASS
requirement,CAN-LAM-EVENT-040,REVIEWED_CORRECTED,YES,PASS
requirement,CAN-LAM-EVENT-041,REVIEWED_CONFIRMED,YES,PASS
requirement,CAN-LAM-EVENT-042,REVIEWED_CORRECTED,YES,PASS
requirement,CAN-LAM-EVENT-043,NOT_APPLICABLE,YES,PASS
requirement,CAN-LAM-EVENT-044,REVIEWED_CORRECTED,YES,PASS
requirement,CAN-LAM-EVENT-045,REVIEWED_CORRECTED,YES,PASS
requirement,CAN-LAM-EVENT-046,REVIEWED_CORRECTED,YES,PASS
requirement,CAN-LAM-EVENT-047,REVIEWED_CORRECTED,YES,PASS
requirement,CAN-LAM-EVENT-048,REVIEWED_CORRECTED,YES,PASS
requirement,CAN-LAM-EVENT-049,NOT_APPLICABLE,YES,PASS
requirement,CAN-LAM-EVENT-050,REVIEWED_CORRECTED,YES,PASS
requirement,CAN-LAM-EVENT-051,REVIEWED_CORRECTED,YES,PASS
requirement,CAN-LAM-EVENT-052,REVIEWED_CORRECTED,YES,PASS
requirement,CAN-LAM-EVENT-053,REVIEWED_CORRECTED,YES,PASS
requirement,CAN-LAM-EVENT-054,REVIEWED_CORRECTED,YES,PASS
requirement,CAN-LAM-EVENT-055,REVIEWED_CORRECTED,YES,PASS
requirement,CAN-LAM-EVENT-056,REVIEWED_CORRECTED,YES,PASS
requirement,CAN-LAM-EVENT-057,REVIEWED_CORRECTED,YES,PASS
requirement,CAN-LAM-EVENT-058,REVIEWED_CORRECTED,YES,PASS
requirement,CAN-LAM-EVENT-059,REVIEWED_CORRECTED,YES,PASS
requirement,CAN-LAM-EVENT-060,REVIEWED_CORRECTED,YES,PASS
requirement,CAN-LAM-EVENT-061,REVIEWED_CORRECTED,YES,PASS
requirement,CAN-LAM-EVENT-062,REVIEWED_CORRECTED,YES,PASS
requirement,CAN-LAM-EVENT-063,REVIEWED_CORRECTED,YES,PASS
requirement,CAN-LAM-EVENT-064,NOT_APPLICABLE,YES,PASS
requirement,CAN-LAM-EVENT-065,NOT_APPLICABLE,YES,PASS
requirement,CAN-LAM-EVENT-066,NOT_APPLICABLE,YES,PASS
requirement,CAN-LAM-EVENT-067,NOT_APPLICABLE,YES,PASS
requirement,CAN-LAM-EVENT-068,NOT_APPLICABLE,YES,PASS
requirement,CAN-LAM-EVENT-069,NOT_APPLICABLE,YES,PASS
requirement,CAN-LAM-EVENT-070,NOT_APPLICABLE,YES,PASS
requirement,CAN-LAM-EVENT-071,NOT_APPLICABLE,YES,PASS
requirement,CAN-LAM-EVENT-072,NOT_APPLICABLE,YES,PASS
requirement,CAN-LAM-EVENT-073,NOT_APPLICABLE,YES,PASS
requirement,CAN-LAM-EVENT-074,NOT_APPLICABLE,YES,PASS
requirement,CAN-LAM-EVENT-075,NOT_APPLICABLE,YES,PASS
requirement,CAN-LAM-EVENT-076,NOT_APPLICABLE,YES,PASS
requirement,CAN-LAM-EVENT-077,REVIEWED_CORRECTED,YES,PASS
requirement,CAN-LAM-EVENT-078,REVIEWED_CORRECTED,YES,PASS
requirement,CAN-LAM-EVENT-079,REVIEWED_CORRECTED,YES,PASS
requirement,CAN-LAM-EVENT-080,REVIEWED_CORRECTED,YES,PASS
requirement,CAN-LAM-EVENT-081,NOT_APPLICABLE,YES,PASS
requirement,CAN-LAM-EVENT-082,NOT_APPLICABLE,YES,PASS
requirement,CAN-LAM-EVENT-083,REVIEWED_CORRECTED,YES,PASS
requirement,CAN-LAM-EVENT-084,REVIEWED_CORRECTED,YES,PASS
requirement,CAN-LAM-EVENT-085,REVIEWED_CORRECTED,YES,PASS
requirement,CAN-LAM-EVENT-086,NOT_APPLICABLE,YES,PASS
requirement,CAN-LAM-EVENT-087,NOT_APPLICABLE,YES,PASS
requirement,CAN-LAM-EVENT-088,NOT_APPLICABLE,YES,PASS
requirement,CAN-LAM-EXTERNAL-001,NOT_APPLICABLE,YES,PASS
requirement,CAN-LAM-FACE-001,NOT_APPLICABLE,YES,PASS
requirement,CAN-LAM-FOLDER-001,REVIEWED_CONFIRMED,YES,PASS
requirement,CAN-LAM-FOLDER-002,NOT_APPLICABLE,YES,PASS
requirement,CAN-LAM-FOLDER-003,REVIEWED_CORRECTED,YES,PASS
requirement,CAN-LAM-FOLDER-004,REVIEWED_CORRECTED,YES,PASS
requirement,CAN-LAM-FOLDER-005,REVIEWED_CORRECTED,YES,PASS
requirement,CAN-LAM-FOLDER-006,REVIEWED_CORRECTED,YES,PASS
requirement,CAN-LAM-FOLDER-007,REVIEWED_CORRECTED,YES,PASS
requirement,CAN-LAM-FOLDER-008,REVIEWED_CORRECTED,YES,PASS
requirement,CAN-LAM-FOLDER-009,REVIEWED_CORRECTED,YES,PASS
requirement,CAN-LAM-FOLDER-010,REVIEWED_CORRECTED,YES,PASS
requirement,CAN-LAM-FOLDER-011,REVIEWED_CORRECTED,YES,PASS
requirement,CAN-LAM-FOLDER-012,REVIEWED_CORRECTED,YES,PASS
requirement,CAN-LAM-FOLDER-013,REVIEWED_CORRECTED,YES,PASS
requirement,CAN-LAM-FOLDER-014,REVIEWED_CORRECTED,YES,PASS
requirement,CAN-LAM-FOLDER-015,REVIEWED_CORRECTED,YES,PASS
requirement,CAN-LAM-FOLDER-016,REVIEWED_CORRECTED,YES,PASS
requirement,CAN-LAM-FOLDER-017,REVIEWED_CORRECTED,YES,PASS
requirement,CAN-LAM-FOLDER-018,REVIEWED_CORRECTED,YES,PASS
requirement,CAN-LAM-FOLDER-019,REVIEWED_CORRECTED,YES,PASS
requirement,CAN-LAM-FOLDER-020,REVIEWED_CORRECTED,YES,PASS
requirement,CAN-LAM-FOLDER-021,REVIEWED_CORRECTED,YES,PASS
requirement,CAN-LAM-FOLDER-022,NOT_APPLICABLE,YES,PASS
requirement,CAN-LAM-FOLDER-023,REVIEWED_CORRECTED,YES,PASS
requirement,CAN-LAM-FOLDER-024,REVIEWED_CORRECTED,YES,PASS
requirement,CAN-LAM-FOLDER-025,REVIEWED_CORRECTED,YES,PASS
requirement,CAN-LAM-FOLDER-026,REVIEWED_CORRECTED,YES,PASS
requirement,CAN-LAM-FOLDER-027,REVIEWED_CORRECTED,YES,PASS
requirement,CAN-LAM-FOLDER-028,NOT_APPLICABLE,YES,PASS
requirement,CAN-LAM-FOLDER-029,REVIEWED_CORRECTED,YES,PASS
requirement,CAN-LAM-FOLDER-030,REVIEWED_CORRECTED,YES,PASS
requirement,CAN-LAM-FOLDER-031,REVIEWED_CORRECTED,YES,PASS
requirement,CAN-LAM-FOLDER-032,REVIEWED_CORRECTED,YES,PASS
requirement,CAN-LAM-FOLDER-033,REVIEWED_CORRECTED,YES,PASS
requirement,CAN-LAM-FOLDER-034,REVIEWED_CORRECTED,YES,PASS
requirement,CAN-LAM-FOLDER-035,REVIEWED_CORRECTED,YES,PASS
requirement,CAN-LAM-FOLDER-036,REVIEWED_CORRECTED,YES,PASS
requirement,CAN-LAM-FOLDER-037,REVIEWED_CORRECTED,YES,PASS
requirement,CAN-LAM-FOLDER-038,REVIEWED_CORRECTED,YES,PASS
requirement,CAN-LAM-FOLDER-039,REVIEWED_CORRECTED,YES,PASS
requirement,CAN-LAM-FOLDER-040,REVIEWED_CORRECTED,YES,PASS
requirement,CAN-LAM-FOLDER-041,REVIEWED_CORRECTED,YES,PASS
requirement,CAN-LAM-FOLDER-042,REVIEWED_CORRECTED,YES,PASS
requirement,CAN-LAM-FOLDER-043,REVIEWED_CORRECTED,YES,PASS
requirement,CAN-LAM-FOLDER-044,NOT_APPLICABLE,YES,PASS
requirement,CAN-LAM-FOLDER-045,REVIEWED_CORRECTED,YES,PASS
requirement,CAN-LAM-FOLDER-046,REVIEWED_CORRECTED,YES,PASS
requirement,CAN-LAM-FOLDER-047,REVIEWED_CORRECTED,YES,PASS
requirement,CAN-LAM-FOLDER-048,REVIEWED_CORRECTED,YES,PASS
requirement,CAN-LAM-FOLDER-049,REVIEWED_CORRECTED,YES,PASS
requirement,CAN-LAM-FOLDER-050,REVIEWED_CORRECTED,YES,PASS
requirement,CAN-LAM-FOLDER-051,REVIEWED_CORRECTED,YES,PASS
requirement,CAN-LAM-FOLDER-052,REVIEWED_CORRECTED,YES,PASS
requirement,CAN-LAM-FOLDER-053,NOT_APPLICABLE,YES,PASS
requirement,CAN-LAM-FOLDER-054,NOT_APPLICABLE,YES,PASS
requirement,CAN-LAM-FOLDER-055,NOT_APPLICABLE,YES,PASS
requirement,CAN-LAM-FOLDER-056,NOT_APPLICABLE,YES,PASS
requirement,CAN-LAM-FOLDER-057,NOT_APPLICABLE,YES,PASS
requirement,CAN-LAM-FOLDER-058,NOT_APPLICABLE,YES,PASS
requirement,CAN-LAM-FOLDER-059,NOT_APPLICABLE,YES,PASS
requirement,CAN-LAM-FOLDER-060,NOT_APPLICABLE,YES,PASS
requirement,CAN-LAM-FOLDER-061,NOT_APPLICABLE,YES,PASS
requirement,CAN-LAM-FOLDER-062,NOT_APPLICABLE,YES,PASS
requirement,CAN-LAM-FOLDER-063,NOT_APPLICABLE,YES,PASS
requirement,CAN-LAM-FOLDER-064,NOT_APPLICABLE,YES,PASS
requirement,CAN-LAM-FOLDER-065,NOT_APPLICABLE,YES,PASS
requirement,CAN-LAM-FOLDER-066,NOT_APPLICABLE,YES,PASS
requirement,CAN-LAM-FOLDER-067,REVIEWED_CORRECTED,YES,PASS
requirement,CAN-LAM-FOLDER-068,REVIEWED_CORRECTED,YES,PASS
requirement,CAN-LAM-FOLDER-069,REVIEWED_CORRECTED,YES,PASS
requirement,CAN-LAM-FOLDER-070,NOT_APPLICABLE,YES,PASS
requirement,CAN-LAM-FOLDER-071,REVIEWED_CORRECTED,YES,PASS
requirement,CAN-LAM-FOLDER-072,REVIEWED_CORRECTED,YES,PASS
requirement,CAN-LAM-FOLDER-073,REVIEWED_CORRECTED,YES,PASS
requirement,CAN-LAM-FOLDER-074,NOT_APPLICABLE,YES,PASS
requirement,CAN-LAM-FOLDER-075,NOT_APPLICABLE,YES,PASS
requirement,CAN-LAM-FOLDER-076,REVIEWED_CORRECTED,YES,PASS
requirement,CAN-LAM-FOLDER-077,REVIEWED_CORRECTED,YES,PASS
requirement,CAN-LAM-FOLDER-078,REVIEWED_CORRECTED,YES,PASS
requirement,CAN-LAM-FOLDER-079,NOT_APPLICABLE,YES,PASS
requirement,CAN-LAM-FOLDER-080,NOT_APPLICABLE,YES,PASS
requirement,CAN-LAM-FOLDER-081,NOT_APPLICABLE,YES,PASS
requirement,CAN-LAM-GOV-001,NOT_APPLICABLE,YES,PASS
requirement,CAN-LAM-GOV-002,NOT_APPLICABLE,YES,PASS
requirement,CAN-LAM-GOV-003,NOT_APPLICABLE,YES,PASS
requirement,CAN-LAM-GOV-004,NOT_APPLICABLE,YES,PASS
requirement,CAN-LAM-GOV-005,NOT_APPLICABLE,YES,PASS
requirement,CAN-LAM-GOV-006,NOT_APPLICABLE,YES,PASS
requirement,CAN-LAM-GOV-007,NOT_APPLICABLE,YES,PASS
requirement,CAN-LAM-GOV-008,NOT_APPLICABLE,YES,PASS
requirement,CAN-LAM-GOV-009,NOT_APPLICABLE,YES,PASS
requirement,CAN-LAM-GOV-010,NOT_APPLICABLE,YES,PASS
requirement,CAN-LAM-GOV-011,NOT_APPLICABLE,YES,PASS
requirement,CAN-LAM-GOV-012,NOT_APPLICABLE,YES,PASS
requirement,CAN-LAM-GOV-013,NOT_APPLICABLE,YES,PASS
requirement,CAN-LAM-GOV-014,NOT_APPLICABLE,YES,PASS
requirement,CAN-LAM-GOV-015,NOT_APPLICABLE,YES,PASS
requirement,CAN-LAM-GOV-016,NOT_APPLICABLE,YES,PASS
requirement,CAN-LAM-GOV-017,NOT_APPLICABLE,YES,PASS
requirement,CAN-LAM-GOV-018,REVIEWED_CONFIRMED,YES,PASS
requirement,CAN-LAM-GOV-019,NOT_APPLICABLE,YES,PASS
requirement,CAN-LAM-GOV-020,NOT_APPLICABLE,YES,PASS
requirement,CAN-LAM-GOV-021,NOT_APPLICABLE,YES,PASS
requirement,CAN-LAM-GOV-022,NOT_APPLICABLE,YES,PASS
requirement,CAN-LAM-GOV-023,NOT_APPLICABLE,YES,PASS
requirement,CAN-LAM-GOV-024,NOT_APPLICABLE,YES,PASS
requirement,CAN-LAM-GOV-025,NOT_APPLICABLE,YES,PASS
requirement,CAN-LAM-GOV-026,NOT_APPLICABLE,YES,PASS
requirement,CAN-LAM-GOV-027,NOT_APPLICABLE,YES,PASS
requirement,CAN-LAM-GOV-028,NOT_APPLICABLE,YES,PASS
requirement,CAN-LAM-GOV-029,NOT_APPLICABLE,YES,PASS
requirement,CAN-LAM-GOV-030,NOT_APPLICABLE,YES,PASS
requirement,CAN-LAM-GOV-031,NOT_APPLICABLE,YES,PASS
requirement,CAN-LAM-GOV-032,NOT_APPLICABLE,YES,PASS
requirement,CAN-LAM-GOV-033,NOT_APPLICABLE,YES,PASS
requirement,CAN-LAM-GOV-034,NOT_APPLICABLE,YES,PASS
requirement,CAN-LAM-GOV-035,NOT_APPLICABLE,YES,PASS
requirement,CAN-LAM-GOV-036,NOT_APPLICABLE,YES,PASS
requirement,CAN-LAM-GOV-037,NOT_APPLICABLE,YES,PASS
requirement,CAN-LAM-GOV-038,NOT_APPLICABLE,YES,PASS
requirement,CAN-LAM-GOV-039,NOT_APPLICABLE,YES,PASS
requirement,CAN-LAM-GOV-040,NOT_APPLICABLE,YES,PASS
requirement,CAN-LAM-GOV-041,NOT_APPLICABLE,YES,PASS
requirement,CAN-LAM-GOV-042,NOT_APPLICABLE,YES,PASS
requirement,CAN-LAM-GOV-043,NOT_APPLICABLE,YES,PASS
requirement,CAN-LAM-GOV-044,NOT_APPLICABLE,YES,PASS
requirement,CAN-LAM-GOV-045,NOT_APPLICABLE,YES,PASS
requirement,CAN-LAM-GOV-046,NOT_APPLICABLE,YES,PASS
requirement,CAN-LAM-GOV-047,NOT_APPLICABLE,YES,PASS
requirement,CAN-LAM-GOV-048,NOT_APPLICABLE,YES,PASS
requirement,CAN-LAM-GOV-049,NOT_APPLICABLE,YES,PASS
requirement,CAN-LAM-GOV-050,NOT_APPLICABLE,YES,PASS
requirement,CAN-LAM-GOV-051,NOT_APPLICABLE,YES,PASS
requirement,CAN-LAM-GOV-052,REVIEWED_CORRECTED,YES,PASS
requirement,CAN-LAM-GOV-053,NOT_APPLICABLE,YES,PASS
requirement,CAN-LAM-GOV-054,REVIEWED_CORRECTED,YES,PASS
requirement,CAN-LAM-GOV-055,NOT_APPLICABLE,YES,PASS
requirement,CAN-LAM-GOV-056,NOT_APPLICABLE,YES,PASS
requirement,CAN-LAM-GOV-057,NOT_APPLICABLE,YES,PASS
requirement,CAN-LAM-GOV-058,NOT_APPLICABLE,YES,PASS
requirement,CAN-LAM-GOV-059,NOT_APPLICABLE,YES,PASS
requirement,CAN-LAM-GOV-060,NOT_APPLICABLE,YES,PASS
requirement,CAN-LAM-GOV-061,NOT_APPLICABLE,YES,PASS
requirement,CAN-LAM-GOV-062,REVIEWED_CORRECTED,YES,PASS
requirement,CAN-LAM-GOV-063,NOT_APPLICABLE,YES,PASS
requirement,CAN-LAM-GOV-064,NOT_APPLICABLE,YES,PASS
requirement,CAN-LAM-GOV-065,REVIEWED_CORRECTED,YES,PASS
requirement,CAN-LAM-GOV-066,NOT_APPLICABLE,YES,PASS
requirement,CAN-LAM-GOV-067,NOT_APPLICABLE,YES,PASS
requirement,CAN-LAM-GOV-068,NOT_APPLICABLE,YES,PASS
requirement,CAN-LAM-GOV-069,REVIEWED_CORRECTED,YES,PASS
requirement,CAN-LAM-GOV-070,NOT_APPLICABLE,YES,PASS
requirement,CAN-LAM-GOV-071,REVIEWED_CORRECTED,YES,PASS
requirement,CAN-LAM-GOV-072,NOT_APPLICABLE,YES,PASS
requirement,CAN-LAM-GOV-073,NOT_APPLICABLE,YES,PASS
requirement,CAN-LAM-GOV-074,NOT_APPLICABLE,YES,PASS
requirement,CAN-LAM-GOV-075,REVIEWED_CORRECTED,YES,PASS
requirement,CAN-LAM-GOV-076,REVIEWED_CORRECTED,YES,PASS
requirement,CAN-LAM-GOV-077,NOT_APPLICABLE,YES,PASS
requirement,CAN-LAM-GOV-078,NOT_APPLICABLE,YES,PASS
requirement,CAN-LAM-GOV-079,NOT_APPLICABLE,YES,PASS
requirement,CAN-LAM-GOV-080,NOT_APPLICABLE,YES,PASS
requirement,CAN-LAM-GOV-081,NOT_APPLICABLE,YES,PASS
requirement,CAN-LAM-GOV-082,NOT_APPLICABLE,YES,PASS
requirement,CAN-LAM-GOV-083,NOT_APPLICABLE,YES,PASS
requirement,CAN-LAM-GOV-084,NOT_APPLICABLE,YES,PASS
requirement,CAN-LAM-GOV-085,NOT_APPLICABLE,YES,PASS
requirement,CAN-LAM-GOV-086,NOT_APPLICABLE,YES,PASS
requirement,CAN-LAM-GOV-087,NOT_APPLICABLE,YES,PASS
requirement,CAN-LAM-GOV-088,NOT_APPLICABLE,YES,PASS
requirement,CAN-LAM-GOV-089,NOT_APPLICABLE,YES,PASS
requirement,CAN-LAM-GOV-090,NOT_APPLICABLE,YES,PASS
requirement,CAN-LAM-GOV-091,NOT_APPLICABLE,YES,PASS
requirement,CAN-LAM-GOV-092,NOT_APPLICABLE,YES,PASS
requirement,CAN-LAM-GOV-093,NOT_APPLICABLE,YES,PASS
requirement,CAN-LAM-GOV-094,NOT_APPLICABLE,YES,PASS
requirement,CAN-LAM-GOV-095,NOT_APPLICABLE,YES,PASS
requirement,CAN-LAM-GOV-096,NOT_APPLICABLE,YES,PASS
requirement,CAN-LAM-GOV-097,NOT_APPLICABLE,YES,PASS
requirement,CAN-LAM-GOV-098,NOT_APPLICABLE,YES,PASS
requirement,CAN-LAM-GOV-099,NOT_APPLICABLE,YES,PASS
requirement,CAN-LAM-GOV-100,NOT_APPLICABLE,YES,PASS
requirement,CAN-LAM-GOV-101,NOT_APPLICABLE,YES,PASS
requirement,CAN-LAM-GOV-102,NOT_APPLICABLE,YES,PASS
requirement,CAN-LAM-GOV-103,NOT_APPLICABLE,YES,PASS
requirement,CAN-LAM-GOV-104,NOT_APPLICABLE,YES,PASS
requirement,CAN-LAM-GOV-105,NOT_APPLICABLE,YES,PASS
requirement,CAN-LAM-GOV-106,NOT_APPLICABLE,YES,PASS
requirement,CAN-LAM-GOV-107,NOT_APPLICABLE,YES,PASS
requirement,CAN-LAM-GOV-108,NOT_APPLICABLE,YES,PASS
requirement,CAN-LAM-GOV-109,NOT_APPLICABLE,YES,PASS
requirement,CAN-LAM-GOV-110,NOT_APPLICABLE,YES,PASS
requirement,CAN-LAM-GOV-111,NOT_APPLICABLE,YES,PASS
requirement,CAN-LAM-GOV-112,NOT_APPLICABLE,YES,PASS
requirement,CAN-LAM-GOV-113,NOT_APPLICABLE,YES,PASS
requirement,CAN-LAM-GOV-114,NOT_APPLICABLE,YES,PASS
requirement,CAN-LAM-GOV-115,NOT_APPLICABLE,YES,PASS
requirement,CAN-LAM-GOV-116,NOT_APPLICABLE,YES,PASS
requirement,CAN-LAM-GOV-117,NOT_APPLICABLE,YES,PASS
requirement,CAN-LAM-GOV-118,NOT_APPLICABLE,YES,PASS
requirement,CAN-LAM-GOV-119,NOT_APPLICABLE,YES,PASS
requirement,CAN-LAM-GOV-120,NOT_APPLICABLE,YES,PASS
requirement,CAN-LAM-GOV-121,NOT_APPLICABLE,YES,PASS
requirement,CAN-LAM-GOV-122,NOT_APPLICABLE,YES,PASS
requirement,CAN-LAM-GOV-123,NOT_APPLICABLE,YES,PASS
requirement,CAN-LAM-GOV-124,NOT_APPLICABLE,YES,PASS
requirement,CAN-LAM-GOV-125,NOT_APPLICABLE,YES,PASS
requirement,CAN-LAM-GOV-126,REVIEWED_CORRECTED,YES,PASS
requirement,CAN-LAM-GOV-127,NOT_APPLICABLE,YES,PASS
requirement,CAN-LAM-GOV-128,NOT_APPLICABLE,YES,PASS
requirement,CAN-LAM-GOV-129,NOT_APPLICABLE,YES,PASS
requirement,CAN-LAM-GOV-130,NOT_APPLICABLE,YES,PASS
requirement,CAN-LAM-GOV-131,NOT_APPLICABLE,YES,PASS
requirement,CAN-LAM-GOV-132,NOT_APPLICABLE,YES,PASS
requirement,CAN-LAM-GOV-133,NOT_APPLICABLE,YES,PASS
requirement,CAN-LAM-GOV-134,NOT_APPLICABLE,YES,PASS
requirement,CAN-LAM-GOV-135,NOT_APPLICABLE,YES,PASS
requirement,CAN-LAM-GOV-136,NOT_APPLICABLE,YES,PASS
requirement,CAN-LAM-GOV-137,NOT_APPLICABLE,YES,PASS
requirement,CAN-LAM-GOV-138,NOT_APPLICABLE,YES,PASS
requirement,CAN-LAM-GOV-139,NOT_APPLICABLE,YES,PASS
requirement,CAN-LAM-GOV-140,NOT_APPLICABLE,YES,PASS
requirement,CAN-LAM-GOV-141,NOT_APPLICABLE,YES,PASS
requirement,CAN-LAM-GOV-142,NOT_APPLICABLE,YES,PASS
requirement,CAN-LAM-GOV-143,NOT_APPLICABLE,YES,PASS
requirement,CAN-LAM-GOV-144,NOT_APPLICABLE,YES,PASS
requirement,CAN-LAM-GOV-145,NOT_APPLICABLE,YES,PASS
requirement,CAN-LAM-GOV-146,NOT_APPLICABLE,YES,PASS
requirement,CAN-LAM-GOV-147,NOT_APPLICABLE,YES,PASS
requirement,CAN-LAM-GOV-148,NOT_APPLICABLE,YES,PASS
requirement,CAN-LAM-GOV-149,NOT_APPLICABLE,YES,PASS
requirement,CAN-LAM-GOV-150,NOT_APPLICABLE,YES,PASS
requirement,CAN-LAM-GOV-151,NOT_APPLICABLE,YES,PASS
requirement,CAN-LAM-GOV-152,NOT_APPLICABLE,YES,PASS
requirement,CAN-LAM-GOV-153,NOT_APPLICABLE,YES,PASS
requirement,CAN-LAM-GOV-154,NOT_APPLICABLE,YES,PASS
requirement,CAN-LAM-GOV-155,NOT_APPLICABLE,YES,PASS
requirement,CAN-LAM-GOV-156,NOT_APPLICABLE,YES,PASS
requirement,CAN-LAM-GOV-157,NOT_APPLICABLE,YES,PASS
requirement,CAN-LAM-GOV-158,NOT_APPLICABLE,YES,PASS
requirement,CAN-LAM-GOV-159,NOT_APPLICABLE,YES,PASS
requirement,CAN-LAM-GOV-160,NOT_APPLICABLE,YES,PASS
requirement,CAN-LAM-GOV-161,NOT_APPLICABLE,YES,PASS
requirement,CAN-LAM-GOV-162,NOT_APPLICABLE,YES,PASS
requirement,CAN-LAM-GOV-163,NOT_APPLICABLE,YES,PASS
requirement,CAN-LAM-GOV-164,NOT_APPLICABLE,YES,PASS
requirement,CAN-LAM-GOV-165,REVIEWED_CORRECTED,YES,PASS
requirement,CAN-LAM-GOV-166,NOT_APPLICABLE,YES,PASS
requirement,CAN-LAM-GOV-167,NOT_APPLICABLE,YES,PASS
requirement,CAN-LAM-GOV-168,NOT_APPLICABLE,YES,PASS
requirement,CAN-LAM-GOV-169,NOT_APPLICABLE,YES,PASS
requirement,CAN-LAM-GOV-170,NOT_APPLICABLE,YES,PASS
requirement,CAN-LAM-GOV-171,NOT_APPLICABLE,YES,PASS
requirement,CAN-LAM-GOV-172,NOT_APPLICABLE,YES,PASS
requirement,CAN-LAM-GOV-173,NOT_APPLICABLE,YES,PASS
requirement,CAN-LAM-GOV-174,REVIEWED_CORRECTED,YES,PASS
requirement,CAN-LAM-GOV-175,NOT_APPLICABLE,YES,PASS
requirement,CAN-LAM-GOV-176,NOT_APPLICABLE,YES,PASS
requirement,CAN-LAM-GOV-177,NOT_APPLICABLE,YES,PASS
requirement,CAN-LAM-GOV-178,NOT_APPLICABLE,YES,PASS
requirement,CAN-LAM-GOV-179,REVIEWED_CORRECTED,YES,PASS
requirement,CAN-LAM-GOV-180,REVIEWED_CORRECTED,YES,PASS
requirement,CAN-LAM-GOV-181,NOT_APPLICABLE,YES,PASS
requirement,CAN-LAM-GOV-182,NOT_APPLICABLE,YES,PASS
requirement,CAN-LAM-GOV-183,NOT_APPLICABLE,YES,PASS
requirement,CAN-LAM-GOV-184,NOT_APPLICABLE,YES,PASS
requirement,CAN-LAM-GOV-185,NOT_APPLICABLE,YES,PASS
requirement,CAN-LAM-GOV-186,NOT_APPLICABLE,YES,PASS
requirement,CAN-LAM-GOV-187,NOT_APPLICABLE,YES,PASS
requirement,CAN-LAM-GOV-188,NOT_APPLICABLE,YES,PASS
requirement,CAN-LAM-GOV-189,NOT_APPLICABLE,YES,PASS
requirement,CAN-LAM-GOV-190,NOT_APPLICABLE,YES,PASS
requirement,CAN-LAM-GOV-191,NOT_APPLICABLE,YES,PASS
requirement,CAN-LAM-GOV-192,NOT_APPLICABLE,YES,PASS
requirement,CAN-LAM-GOV-193,NOT_APPLICABLE,YES,PASS
requirement,CAN-LAM-GOV-194,NOT_APPLICABLE,YES,PASS
requirement,CAN-LAM-GOV-195,NOT_APPLICABLE,YES,PASS
requirement,CAN-LAM-GOV-196,NOT_APPLICABLE,YES,PASS
requirement,CAN-LAM-GOV-197,NOT_APPLICABLE,YES,PASS
requirement,CAN-LAM-GOV-198,NOT_APPLICABLE,YES,PASS
requirement,CAN-LAM-GOV-199,NOT_APPLICABLE,YES,PASS
requirement,CAN-LAM-GOV-200,NOT_APPLICABLE,YES,PASS
requirement,CAN-LAM-GOV-201,NOT_APPLICABLE,YES,PASS
requirement,CAN-LAM-GOV-202,NOT_APPLICABLE,YES,PASS
requirement,CAN-LAM-GOV-203,NOT_APPLICABLE,YES,PASS
requirement,CAN-LAM-GOV-204,NOT_APPLICABLE,YES,PASS
requirement,CAN-LAM-GOV-205,NOT_APPLICABLE,YES,PASS
requirement,CAN-LAM-GOV-206,NOT_APPLICABLE,YES,PASS
requirement,CAN-LAM-GOV-207,NOT_APPLICABLE,YES,PASS
requirement,CAN-LAM-GOV-208,NOT_APPLICABLE,YES,PASS
requirement,CAN-LAM-GOV-209,NOT_APPLICABLE,YES,PASS
requirement,CAN-LAM-GOV-210,NOT_APPLICABLE,YES,PASS
requirement,CAN-LAM-GOV-211,NOT_APPLICABLE,YES,PASS
requirement,CAN-LAM-GOV-212,NOT_APPLICABLE,YES,PASS
requirement,CAN-LAM-GOV-213,NOT_APPLICABLE,YES,PASS
requirement,CAN-LAM-GOV-214,NOT_APPLICABLE,YES,PASS
requirement,CAN-LAM-GOV-215,REVIEWED_CORRECTED,YES,PASS
requirement,CAN-LAM-GOV-216,NOT_APPLICABLE,YES,PASS
requirement,CAN-LAM-GOV-217,NOT_APPLICABLE,YES,PASS
requirement,CAN-LAM-GOV-218,REVIEWED_CONFIRMED,YES,PASS
requirement,CAN-LAM-GOV-219,NOT_APPLICABLE,YES,PASS
requirement,CAN-LAM-GOV-220,NOT_APPLICABLE,YES,PASS
requirement,CAN-LAM-GOV-221,NOT_APPLICABLE,YES,PASS
requirement,CAN-LAM-GOV-222,NOT_APPLICABLE,YES,PASS
requirement,CAN-LAM-GOV-223,NOT_APPLICABLE,YES,PASS
requirement,CAN-LAM-GOV-224,REVIEWED_CORRECTED,YES,PASS
requirement,CAN-LAM-GOV-225,NOT_APPLICABLE,YES,PASS
requirement,CAN-LAM-GOV-226,NOT_APPLICABLE,YES,PASS
requirement,CAN-LAM-GOV-227,NOT_APPLICABLE,YES,PASS
requirement,CAN-LAM-GOV-228,NOT_APPLICABLE,YES,PASS
requirement,CAN-LAM-GOV-229,NOT_APPLICABLE,YES,PASS
requirement,CAN-LAM-GOV-230,NOT_APPLICABLE,YES,PASS
requirement,CAN-LAM-GOV-231,NOT_APPLICABLE,YES,PASS
requirement,CAN-LAM-GOV-232,NOT_APPLICABLE,YES,PASS
requirement,CAN-LAM-GOV-233,NOT_APPLICABLE,YES,PASS
requirement,CAN-LAM-GOV-234,NOT_APPLICABLE,YES,PASS
requirement,CAN-LAM-GOV-235,NOT_APPLICABLE,YES,PASS
requirement,CAN-LAM-GOV-236,NOT_APPLICABLE,YES,PASS
requirement,CAN-LAM-GOV-237,REVIEWED_CORRECTED,YES,PASS
requirement,CAN-LAM-GOV-238,REVIEWED_CORRECTED,YES,PASS
requirement,CAN-LAM-GOV-239,NOT_APPLICABLE,YES,PASS
requirement,CAN-LAM-GOV-240,REVIEWED_CORRECTED,YES,PASS
requirement,CAN-LAM-GOV-241,REVIEWED_CORRECTED,YES,PASS
requirement,CAN-LAM-GOV-242,REVIEWED_CORRECTED,YES,PASS
requirement,CAN-LAM-GOV-243,REVIEWED_CONFIRMED,YES,PASS
requirement,CAN-LAM-GOV-244,REVIEWED_CORRECTED,YES,PASS
requirement,CAN-LAM-GOV-245,REVIEWED_CORRECTED,YES,PASS
requirement,CAN-LAM-GOV-246,REVIEWED_CORRECTED,YES,PASS
requirement,CAN-LAM-GOV-247,REVIEWED_CORRECTED,YES,PASS
requirement,CAN-LAM-GOV-248,REVIEWED_CORRECTED,YES,PASS
requirement,CAN-LAM-GOV-249,REVIEWED_CORRECTED,YES,PASS
requirement,CAN-LAM-GOV-250,REVIEWED_CORRECTED,YES,PASS
requirement,CAN-LAM-GOV-251,REVIEWED_CORRECTED,YES,PASS
requirement,CAN-LAM-GOV-252,REVIEWED_CORRECTED,YES,PASS
requirement,CAN-LAM-GOV-253,REVIEWED_CORRECTED,YES,PASS
requirement,CAN-LAM-GOV-254,REVIEWED_CORRECTED,YES,PASS
requirement,CAN-LAM-GOV-255,REVIEWED_CORRECTED,YES,PASS
requirement,CAN-LAM-GOV-256,REVIEWED_CORRECTED,YES,PASS
requirement,CAN-LAM-GOV-257,REVIEWED_CORRECTED,YES,PASS
requirement,CAN-LAM-GOV-258,REVIEWED_CORRECTED,YES,PASS
requirement,CAN-LAM-GOV-259,NOT_APPLICABLE,YES,PASS
requirement,CAN-LAM-GOV-260,NOT_APPLICABLE,YES,PASS
requirement,CAN-LAM-GOV-261,REVIEWED_CORRECTED,YES,PASS
requirement,CAN-LAM-GOV-262,REVIEWED_CORRECTED,YES,PASS
requirement,CAN-LAM-GOV-263,REVIEWED_CONFIRMED,YES,PASS
requirement,CAN-LAM-GOV-264,REVIEWED_CORRECTED,YES,PASS
requirement,CAN-LAM-GOV-265,REVIEWED_CORRECTED,YES,PASS
requirement,CAN-LAM-GOV-266,REVIEWED_CORRECTED,YES,PASS
requirement,CAN-LAM-GOV-267,NOT_APPLICABLE,YES,PASS
requirement,CAN-LAM-GOV-268,NOT_APPLICABLE,YES,PASS
requirement,CAN-LAM-GOV-269,NOT_APPLICABLE,YES,PASS
requirement,CAN-LAM-GOV-270,REVIEWED_CORRECTED,YES,PASS
requirement,CAN-LAM-GOV-271,NOT_APPLICABLE,YES,PASS
requirement,CAN-LAM-GOV-272,NOT_APPLICABLE,YES,PASS
requirement,CAN-LAM-GOV-273,REVIEWED_CORRECTED,YES,PASS
requirement,CAN-LAM-GOV-274,REVIEWED_CORRECTED,YES,PASS
requirement,CAN-LAM-GOV-275,NOT_APPLICABLE,YES,PASS
requirement,CAN-LAM-GOV-276,NOT_APPLICABLE,YES,PASS
requirement,CAN-LAM-GOV-277,NOT_APPLICABLE,YES,PASS
requirement,CAN-LAM-GOV-278,NOT_APPLICABLE,YES,PASS
requirement,CAN-LAM-GOV-279,NOT_APPLICABLE,YES,PASS
requirement,CAN-LAM-GOV-280,NOT_APPLICABLE,YES,PASS
requirement,CAN-LAM-GOV-281,NOT_APPLICABLE,YES,PASS
requirement,CAN-LAM-GOV-282,NOT_APPLICABLE,YES,PASS
requirement,CAN-LAM-GOV-283,NOT_APPLICABLE,YES,PASS
requirement,CAN-LAM-GOV-284,NOT_APPLICABLE,YES,PASS
requirement,CAN-LAM-GOV-285,NOT_APPLICABLE,YES,PASS
requirement,CAN-LAM-GOV-286,NOT_APPLICABLE,YES,PASS
requirement,CAN-LAM-GOV-287,NOT_APPLICABLE,YES,PASS
requirement,CAN-LAM-GOV-288,NOT_APPLICABLE,YES,PASS
requirement,CAN-LAM-GOV-289,NOT_APPLICABLE,YES,PASS
requirement,CAN-LAM-GOV-290,NOT_APPLICABLE,YES,PASS
requirement,CAN-LAM-GOV-291,NOT_APPLICABLE,YES,PASS
requirement,CAN-LAM-GOV-292,REVIEWED_CORRECTED,YES,PASS
requirement,CAN-LAM-GOV-293,NOT_APPLICABLE,YES,PASS
requirement,CAN-LAM-GOV-294,NOT_APPLICABLE,YES,PASS
requirement,CAN-LAM-GOV-295,NOT_APPLICABLE,YES,PASS
requirement,CAN-LAM-GOV-296,NOT_APPLICABLE,YES,PASS
requirement,CAN-LAM-GOV-297,NOT_APPLICABLE,YES,PASS
requirement,CAN-LAM-GOV-298,NOT_APPLICABLE,YES,PASS
requirement,CAN-LAM-GOV-299,NOT_APPLICABLE,YES,PASS
requirement,CAN-LAM-GOV-300,NOT_APPLICABLE,YES,PASS
requirement,CAN-LAM-GOV-301,NOT_APPLICABLE,YES,PASS
requirement,CAN-LAM-GOV-302,NOT_APPLICABLE,YES,PASS
requirement,CAN-LAM-GOV-303,NOT_APPLICABLE,YES,PASS
requirement,CAN-LAM-GROUP-001,NOT_APPLICABLE,YES,PASS
requirement,CAN-LAM-INV-AI-01,NOT_APPLICABLE,YES,PASS
requirement,CAN-LAM-INV-AI-02-A,NOT_APPLICABLE,YES,PASS
requirement,CAN-LAM-INV-AI-02-B,REVIEWED_CONFIRMED,YES,PASS
requirement,CAN-LAM-INV-AI-03,REVIEWED_CONFIRMED,YES,PASS
requirement,CAN-LAM-INV-AI-04,REVIEWED_CONFIRMED,YES,PASS
requirement,CAN-LAM-INV-ASSET-01,REVIEWED_CONFIRMED,YES,PASS
requirement,CAN-LAM-INV-ASSET-02,REVIEWED_CONFIRMED,YES,PASS
requirement,CAN-LAM-INV-ASSET-03,REVIEWED_CONFIRMED,YES,PASS
requirement,CAN-LAM-INV-ASSET-04,REVIEWED_CORRECTED,YES,PASS
requirement,CAN-LAM-INV-ASSET-05,REVIEWED_CORRECTED,YES,PASS
requirement,CAN-LAM-INV-ASSET-06,REVIEWED_CORRECTED,YES,PASS
requirement,CAN-LAM-INV-ASSET-07,REVIEWED_CORRECTED,YES,PASS
requirement,CAN-LAM-INV-COMP-01,NOT_APPLICABLE,YES,PASS
requirement,CAN-LAM-INV-COMP-02,REVIEWED_CORRECTED,YES,PASS
requirement,CAN-LAM-INV-COMP-03,NOT_APPLICABLE,YES,PASS
requirement,CAN-LAM-INV-EVENT-01,REVIEWED_CONFIRMED,YES,PASS
requirement,CAN-LAM-INV-EVENT-02,REVIEWED_CONFIRMED,YES,PASS
requirement,CAN-LAM-INV-EVENT-03,REVIEWED_CONFIRMED,YES,PASS
requirement,CAN-LAM-INV-FS-01,REVIEWED_CORRECTED,YES,PASS
requirement,CAN-LAM-INV-META-01,REVIEWED_CONFIRMED,YES,PASS
requirement,CAN-LAM-INV-META-02,REVIEWED_CONFIRMED,YES,PASS
requirement,CAN-LAM-INV-META-03,REVIEWED_CONFIRMED,YES,PASS
requirement,CAN-LAM-INV-META-04,REVIEWED_CONFIRMED,YES,PASS
requirement,CAN-LAM-INV-PERSON-01,REVIEWED_CONFIRMED,YES,PASS
requirement,CAN-LAM-INV-PERSON-02,REVIEWED_CORRECTED,YES,PASS
requirement,CAN-LAM-INV-PERSON-03,REVIEWED_CONFIRMED,YES,PASS
requirement,CAN-LAM-LEGAL-001,REVIEWED_CORRECTED,YES,PASS
requirement,CAN-LAM-LEGAL-002,REVIEWED_CORRECTED,YES,PASS
requirement,CAN-LAM-LEGAL-003,NOT_APPLICABLE,YES,PASS
requirement,CAN-LAM-LEGAL-004,NOT_APPLICABLE,YES,PASS
requirement,CAN-LAM-LEGAL-005,NOT_APPLICABLE,YES,PASS
requirement,CAN-LAM-LEGAL-006,NOT_APPLICABLE,YES,PASS
requirement,CAN-LAM-LEGAL-007,NOT_APPLICABLE,YES,PASS
requirement,CAN-LAM-LEGAL-008,NOT_APPLICABLE,YES,PASS
requirement,CAN-LAM-LEGAL-009,NOT_APPLICABLE,YES,PASS
requirement,CAN-LAM-LEGAL-010,REVIEWED_CORRECTED,YES,PASS
requirement,CAN-LAM-LEGAL-011,NOT_APPLICABLE,YES,PASS
requirement,CAN-LAM-LEGAL-012,NOT_APPLICABLE,YES,PASS
requirement,CAN-LAM-LEGAL-013,REVIEWED_CORRECTED,YES,PASS
requirement,CAN-LAM-LEGAL-014,REVIEWED_CORRECTED,YES,PASS
requirement,CAN-LAM-LEGAL-015,NOT_APPLICABLE,YES,PASS
requirement,CAN-LAM-LOCAL-001,NOT_APPLICABLE,YES,PASS
requirement,CAN-LAM-META-001,NOT_APPLICABLE,YES,PASS
requirement,CAN-LAM-META-002,REVIEWED_CONFIRMED,YES,PASS
requirement,CAN-LAM-META-003,NOT_APPLICABLE,YES,PASS
requirement,CAN-LAM-META-004,NOT_APPLICABLE,YES,PASS
requirement,CAN-LAM-META-005,REVIEWED_CORRECTED,YES,PASS
requirement,CAN-LAM-META-006,REVIEWED_CONFIRMED,YES,PASS
requirement,CAN-LAM-META-007,NOT_APPLICABLE,YES,PASS
requirement,CAN-LAM-META-008,NOT_APPLICABLE,YES,PASS
requirement,CAN-LAM-META-009,REVIEWED_CORRECTED,YES,PASS
requirement,CAN-LAM-META-010,NOT_APPLICABLE,YES,PASS
requirement,CAN-LAM-META-011,REVIEWED_CORRECTED,YES,PASS
requirement,CAN-LAM-META-012,REVIEWED_CONFIRMED,YES,PASS
requirement,CAN-LAM-META-013,REVIEWED_CORRECTED,YES,PASS
requirement,CAN-LAM-META-014,REVIEWED_CORRECTED,YES,PASS
requirement,CAN-LAM-META-015,REVIEWED_CORRECTED,YES,PASS
requirement,CAN-LAM-META-016,REVIEWED_CORRECTED,YES,PASS
requirement,CAN-LAM-META-017,NOT_APPLICABLE,YES,PASS
requirement,CAN-LAM-META-018,REVIEWED_CORRECTED,YES,PASS
requirement,CAN-LAM-META-019,REVIEWED_CORRECTED,YES,PASS
requirement,CAN-LAM-META-020,NOT_APPLICABLE,YES,PASS
requirement,CAN-LAM-META-021,REVIEWED_CORRECTED,YES,PASS
requirement,CAN-LAM-META-022,NOT_APPLICABLE,YES,PASS
requirement,CAN-LAM-META-023,REVIEWED_CORRECTED,YES,PASS
requirement,CAN-LAM-META-024,REVIEWED_CORRECTED,YES,PASS
requirement,CAN-LAM-META-025,REVIEWED_CORRECTED,YES,PASS
requirement,CAN-LAM-META-026,REVIEWED_CORRECTED,YES,PASS
requirement,CAN-LAM-META-027,NOT_APPLICABLE,YES,PASS
requirement,CAN-LAM-META-028,NOT_APPLICABLE,YES,PASS
requirement,CAN-LAM-META-029,REVIEWED_CORRECTED,YES,PASS
requirement,CAN-LAM-META-030,NOT_APPLICABLE,YES,PASS
requirement,CAN-LAM-META-031,NOT_APPLICABLE,YES,PASS
requirement,CAN-LAM-META-032,REVIEWED_CORRECTED,YES,PASS
requirement,CAN-LAM-META-033,REVIEWED_CORRECTED,YES,PASS
requirement,CAN-LAM-META-034,REVIEWED_CORRECTED,YES,PASS
requirement,CAN-LAM-META-035,REVIEWED_CORRECTED,YES,PASS
requirement,CAN-LAM-META-036,REVIEWED_CORRECTED,YES,PASS
requirement,CAN-LAM-META-037,REVIEWED_CORRECTED,YES,PASS
requirement,CAN-LAM-META-038,REVIEWED_CORRECTED,YES,PASS
requirement,CAN-LAM-META-039,REVIEWED_CORRECTED,YES,PASS
requirement,CAN-LAM-META-040,REVIEWED_CORRECTED,YES,PASS
requirement,CAN-LAM-META-041,REVIEWED_CORRECTED,YES,PASS
requirement,CAN-LAM-META-042,REVIEWED_CORRECTED,YES,PASS
requirement,CAN-LAM-META-043,REVIEWED_CORRECTED,YES,PASS
requirement,CAN-LAM-META-044,REVIEWED_CORRECTED,YES,PASS
requirement,CAN-LAM-META-045,REVIEWED_CONFIRMED,YES,PASS
requirement,CAN-LAM-META-046,REVIEWED_CORRECTED,YES,PASS
requirement,CAN-LAM-META-047,NOT_APPLICABLE,YES,PASS
requirement,CAN-LAM-META-048,REVIEWED_CORRECTED,YES,PASS
requirement,CAN-LAM-META-049,REVIEWED_CORRECTED,YES,PASS
requirement,CAN-LAM-META-050,REVIEWED_CORRECTED,YES,PASS
requirement,CAN-LAM-META-051,REVIEWED_CORRECTED,YES,PASS
requirement,CAN-LAM-META-052,NOT_APPLICABLE,YES,PASS
requirement,CAN-LAM-META-053,NOT_APPLICABLE,YES,PASS
requirement,CAN-LAM-META-054,NOT_APPLICABLE,YES,PASS
requirement,CAN-LAM-META-055,NOT_APPLICABLE,YES,PASS
requirement,CAN-LAM-META-056,NOT_APPLICABLE,YES,PASS
requirement,CAN-LAM-META-057,NOT_APPLICABLE,YES,PASS
requirement,CAN-LAM-META-058,NOT_APPLICABLE,YES,PASS
requirement,CAN-LAM-META-059,NOT_APPLICABLE,YES,PASS
requirement,CAN-LAM-META-060,NOT_APPLICABLE,YES,PASS
requirement,CAN-LAM-META-061,NOT_APPLICABLE,YES,PASS
requirement,CAN-LAM-META-062,NOT_APPLICABLE,YES,PASS
requirement,CAN-LAM-META-063,NOT_APPLICABLE,YES,PASS
requirement,CAN-LAM-META-064,NOT_APPLICABLE,YES,PASS
requirement,CAN-LAM-META-065,NOT_APPLICABLE,YES,PASS
requirement,CAN-LAM-META-066,NOT_APPLICABLE,YES,PASS
requirement,CAN-LAM-META-067,NOT_APPLICABLE,YES,PASS
requirement,CAN-LAM-META-068,REVIEWED_CORRECTED,YES,PASS
requirement,CAN-LAM-META-069,NOT_APPLICABLE,YES,PASS
requirement,CAN-LAM-META-070,REVIEWED_CORRECTED,YES,PASS
requirement,CAN-LAM-META-071,REVIEWED_CORRECTED,YES,PASS
requirement,CAN-LAM-META-072,NOT_APPLICABLE,YES,PASS
requirement,CAN-LAM-META-073,NOT_APPLICABLE,YES,PASS
requirement,CAN-LAM-META-074,REVIEWED_CORRECTED,YES,PASS
requirement,CAN-LAM-META-075,REVIEWED_CORRECTED,YES,PASS
requirement,CAN-LAM-META-076,REVIEWED_CORRECTED,YES,PASS
requirement,CAN-LAM-META-077,REVIEWED_CORRECTED,YES,PASS
requirement,CAN-LAM-META-078,NOT_APPLICABLE,YES,PASS
requirement,CAN-LAM-META-079,NOT_APPLICABLE,YES,PASS
requirement,CAN-LAM-META-080,NOT_APPLICABLE,YES,PASS
requirement,CAN-LAM-PERF-001,REVIEWED_CORRECTED,YES,PASS
requirement,CAN-LAM-PERF-002,REVIEWED_CORRECTED,YES,PASS
requirement,CAN-LAM-PERF-003,REVIEWED_CORRECTED,YES,PASS
requirement,CAN-LAM-PERF-004,REVIEWED_CORRECTED,YES,PASS
requirement,CAN-LAM-PERF-005,REVIEWED_CORRECTED,YES,PASS
requirement,CAN-LAM-PERF-006,REVIEWED_CORRECTED,YES,PASS
requirement,CAN-LAM-PERF-007,NOT_APPLICABLE,YES,PASS
requirement,CAN-LAM-PERF-008,REVIEWED_CORRECTED,YES,PASS
requirement,CAN-LAM-PERF-009,NOT_APPLICABLE,YES,PASS
requirement,CAN-LAM-PERF-010,NOT_APPLICABLE,YES,PASS
requirement,CAN-LAM-PERSON-001,NOT_APPLICABLE,YES,PASS
requirement,CAN-LAM-PERSON-002,REVIEWED_CORRECTED,YES,PASS
requirement,CAN-LAM-PERSON-003,NOT_APPLICABLE,YES,PASS
requirement,CAN-LAM-PERSON-004,REVIEWED_CONFIRMED,YES,PASS
requirement,CAN-LAM-PERSON-005,NOT_APPLICABLE,YES,PASS
requirement,CAN-LAM-PERSON-006,NOT_APPLICABLE,YES,PASS
requirement,CAN-LAM-PERSON-007,REVIEWED_CORRECTED,YES,PASS
requirement,CAN-LAM-PERSON-008,REVIEWED_CORRECTED,YES,PASS
requirement,CAN-LAM-PERSON-009,REVIEWED_CORRECTED,YES,PASS
requirement,CAN-LAM-PERSON-010,REVIEWED_CORRECTED,YES,PASS
requirement,CAN-LAM-PERSON-011,REVIEWED_CORRECTED,YES,PASS
requirement,CAN-LAM-PERSON-012,REVIEWED_CORRECTED,YES,PASS
requirement,CAN-LAM-PERSON-013,REVIEWED_CORRECTED,YES,PASS
requirement,CAN-LAM-PERSON-014,REVIEWED_CORRECTED,YES,PASS
requirement,CAN-LAM-PERSON-015,NOT_APPLICABLE,YES,PASS
requirement,CAN-LAM-PERSON-016,NOT_APPLICABLE,YES,PASS
requirement,CAN-LAM-PERSON-017,REVIEWED_CORRECTED,YES,PASS
requirement,CAN-LAM-PERSON-018,REVIEWED_CORRECTED,YES,PASS
requirement,CAN-LAM-PERSON-019,REVIEWED_CORRECTED,YES,PASS
requirement,CAN-LAM-PERSON-020,REVIEWED_CORRECTED,YES,PASS
requirement,CAN-LAM-PERSON-021,REVIEWED_CORRECTED,YES,PASS
requirement,CAN-LAM-PERSON-022,REVIEWED_CORRECTED,YES,PASS
requirement,CAN-LAM-PERSON-023,REVIEWED_CORRECTED,YES,PASS
requirement,CAN-LAM-PERSON-024,REVIEWED_CORRECTED,YES,PASS
requirement,CAN-LAM-PERSON-025,REVIEWED_CORRECTED,YES,PASS
requirement,CAN-LAM-PERSON-026,REVIEWED_CORRECTED,YES,PASS
requirement,CAN-LAM-PERSON-027,REVIEWED_CORRECTED,YES,PASS
requirement,CAN-LAM-PERSON-028,REVIEWED_CORRECTED,YES,PASS
requirement,CAN-LAM-PERSON-029,REVIEWED_CORRECTED,YES,PASS
requirement,CAN-LAM-PERSON-030,REVIEWED_CORRECTED,YES,PASS
requirement,CAN-LAM-PERSON-031,REVIEWED_CORRECTED,YES,PASS
requirement,CAN-LAM-PERSON-032,REVIEWED_CORRECTED,YES,PASS
requirement,CAN-LAM-PERSON-033,REVIEWED_CORRECTED,YES,PASS
requirement,CAN-LAM-PERSON-034,REVIEWED_CORRECTED,YES,PASS
requirement,CAN-LAM-PERSON-035,REVIEWED_CORRECTED,YES,PASS
requirement,CAN-LAM-PERSON-036,REVIEWED_CORRECTED,YES,PASS
requirement,CAN-LAM-PERSON-037,REVIEWED_CORRECTED,YES,PASS
requirement,CAN-LAM-PERSON-038,REVIEWED_CORRECTED,YES,PASS
requirement,CAN-LAM-PERSON-039,REVIEWED_CORRECTED,YES,PASS
requirement,CAN-LAM-PERSON-040,REVIEWED_CORRECTED,YES,PASS
requirement,CAN-LAM-PERSON-041,REVIEWED_CORRECTED,YES,PASS
requirement,CAN-LAM-PERSON-042,NOT_APPLICABLE,YES,PASS
requirement,CAN-LAM-PERSON-043,REVIEWED_CORRECTED,YES,PASS
requirement,CAN-LAM-PERSON-044,REVIEWED_CORRECTED,YES,PASS
requirement,CAN-LAM-PERSON-045,REVIEWED_CORRECTED,YES,PASS
requirement,CAN-LAM-PERSON-046,REVIEWED_CORRECTED,YES,PASS
requirement,CAN-LAM-PERSON-047,REVIEWED_CORRECTED,YES,PASS
requirement,CAN-LAM-PERSON-048,REVIEWED_CORRECTED,YES,PASS
requirement,CAN-LAM-PERSON-049,REVIEWED_CORRECTED,YES,PASS
requirement,CAN-LAM-PERSON-050,REVIEWED_CORRECTED,YES,PASS
requirement,CAN-LAM-PERSON-051,REVIEWED_CORRECTED,YES,PASS
requirement,CAN-LAM-PERSON-052,NOT_APPLICABLE,YES,PASS
requirement,CAN-LAM-PERSON-053,NOT_APPLICABLE,YES,PASS
requirement,CAN-LAM-PERSON-054,NOT_APPLICABLE,YES,PASS
requirement,CAN-LAM-PERSON-055,REVIEWED_CORRECTED,YES,PASS
requirement,CAN-LAM-PERSON-056,REVIEWED_CORRECTED,YES,PASS
requirement,CAN-LAM-PERSON-057,REVIEWED_CORRECTED,YES,PASS
requirement,CAN-LAM-PERSON-058,REVIEWED_CORRECTED,YES,PASS
requirement,CAN-LAM-PERSON-059,REVIEWED_CORRECTED,YES,PASS
requirement,CAN-LAM-PERSON-060,REVIEWED_CORRECTED,YES,PASS
requirement,CAN-LAM-PERSON-061,REVIEWED_CORRECTED,YES,PASS
requirement,CAN-LAM-PERSON-062,REVIEWED_CORRECTED,YES,PASS
requirement,CAN-LAM-PERSON-063,REVIEWED_CORRECTED,YES,PASS
requirement,CAN-LAM-PERSON-064,REVIEWED_CORRECTED,YES,PASS
requirement,CAN-LAM-PERSON-065,REVIEWED_CORRECTED,YES,PASS
requirement,CAN-LAM-PERSON-066,REVIEWED_CORRECTED,YES,PASS
requirement,CAN-LAM-PERSON-067,REVIEWED_CORRECTED,YES,PASS
requirement,CAN-LAM-PERSON-068,REVIEWED_CORRECTED,YES,PASS
requirement,CAN-LAM-PERSON-069,NOT_APPLICABLE,YES,PASS
requirement,CAN-LAM-PERSON-070,NOT_APPLICABLE,YES,PASS
requirement,CAN-LAM-PERSON-071,NOT_APPLICABLE,YES,PASS
requirement,CAN-LAM-PERSON-072,NOT_APPLICABLE,YES,PASS
requirement,CAN-LAM-PERSON-073,REVIEWED_CORRECTED,YES,PASS
requirement,CAN-LAM-PERSON-074,NOT_APPLICABLE,YES,PASS
requirement,CAN-LAM-PERSON-075,NOT_APPLICABLE,YES,PASS
requirement,CAN-LAM-PERSON-076,NOT_APPLICABLE,YES,PASS
requirement,CAN-LAM-PERSON-077,REVIEWED_CORRECTED,YES,PASS
requirement,CAN-LAM-PERSON-078,REVIEWED_CONFIRMED,YES,PASS
requirement,CAN-LAM-PERSON-079,NOT_APPLICABLE,YES,PASS
requirement,CAN-LAM-PERSON-080,NOT_APPLICABLE,YES,PASS
requirement,CAN-LAM-PERSON-081,NOT_APPLICABLE,YES,PASS
requirement,CAN-LAM-PERSON-082,REVIEWED_CORRECTED,YES,PASS
requirement,CAN-LAM-PERSON-083,REVIEWED_CORRECTED,YES,PASS
requirement,CAN-LAM-PERSON-084,REVIEWED_CORRECTED,YES,PASS
requirement,CAN-LAM-PERSON-085,REVIEWED_CORRECTED,YES,PASS
requirement,CAN-LAM-PERSON-086,REVIEWED_CORRECTED,YES,PASS
requirement,CAN-LAM-PERSON-087,REVIEWED_CORRECTED,YES,PASS
requirement,CAN-LAM-PERSON-088,REVIEWED_CORRECTED,YES,PASS
requirement,CAN-LAM-PERSON-089,REVIEWED_CORRECTED,YES,PASS
requirement,CAN-LAM-PERSON-090,REVIEWED_CORRECTED,YES,PASS
requirement,CAN-LAM-PERSON-091,REVIEWED_CORRECTED,YES,PASS
requirement,CAN-LAM-PERSON-092,REVIEWED_CORRECTED,YES,PASS
requirement,CAN-LAM-PERSON-093,REVIEWED_CORRECTED,YES,PASS
requirement,CAN-LAM-PERSON-094,REVIEWED_CORRECTED,YES,PASS
requirement,CAN-LAM-PERSON-095,REVIEWED_CORRECTED,YES,PASS
requirement,CAN-LAM-PERSON-096,REVIEWED_CORRECTED,YES,PASS
requirement,CAN-LAM-PERSON-097,REVIEWED_CORRECTED,YES,PASS
requirement,CAN-LAM-PERSON-098,REVIEWED_CORRECTED,YES,PASS
requirement,CAN-LAM-PERSON-099,NOT_APPLICABLE,YES,PASS
requirement,CAN-LAM-PERSON-100,REVIEWED_CORRECTED,YES,PASS
requirement,CAN-LAM-PERSON-101,NOT_APPLICABLE,YES,PASS
requirement,CAN-LAM-PERSON-102,NOT_APPLICABLE,YES,PASS
requirement,CAN-LAM-PERSON-103,NOT_APPLICABLE,YES,PASS
requirement,CAN-LAM-PERSON-104,NOT_APPLICABLE,YES,PASS
requirement,CAN-LAM-PERSON-105,NOT_APPLICABLE,YES,PASS
requirement,CAN-LAM-PERSON-106,NOT_APPLICABLE,YES,PASS
requirement,CAN-LAM-PERSON-107,NOT_APPLICABLE,YES,PASS
requirement,CAN-LAM-PERSON-108,NOT_APPLICABLE,YES,PASS
requirement,CAN-LAM-PERSON-109,NOT_APPLICABLE,YES,PASS
requirement,CAN-LAM-PERSON-110,NOT_APPLICABLE,YES,PASS
requirement,CAN-LAM-PERSON-111,NOT_APPLICABLE,YES,PASS
requirement,CAN-LAM-PERSON-112,NOT_APPLICABLE,YES,PASS
requirement,CAN-LAM-PERSON-113,NOT_APPLICABLE,YES,PASS
requirement,CAN-LAM-PERSON-114,NOT_APPLICABLE,YES,PASS
requirement,CAN-LAM-PERSON-115,NOT_APPLICABLE,YES,PASS
requirement,CAN-LAM-PERSON-116,NOT_APPLICABLE,YES,PASS
requirement,CAN-LAM-PERSON-117,NOT_APPLICABLE,YES,PASS
requirement,CAN-LAM-PERSON-118,NOT_APPLICABLE,YES,PASS
requirement,CAN-LAM-PERSON-119,NOT_APPLICABLE,YES,PASS
requirement,CAN-LAM-PERSON-120,NOT_APPLICABLE,YES,PASS
requirement,CAN-LAM-PERSON-121,REVIEWED_CORRECTED,YES,PASS
requirement,CAN-LAM-PERSON-122,NOT_APPLICABLE,YES,PASS
requirement,CAN-LAM-PERSON-123,NOT_APPLICABLE,YES,PASS
requirement,CAN-LAM-PERSON-124,NOT_APPLICABLE,YES,PASS
requirement,CAN-LAM-PERSON-125,NOT_APPLICABLE,YES,PASS
requirement,CAN-LAM-PERSON-126,NOT_APPLICABLE,YES,PASS
requirement,CAN-LAM-PERSON-127,NOT_APPLICABLE,YES,PASS
requirement,CAN-LAM-PERSON-128,REVIEWED_CORRECTED,YES,PASS
requirement,CAN-LAM-PERSON-129,NOT_APPLICABLE,YES,PASS
requirement,CAN-LAM-PERSON-130,NOT_APPLICABLE,YES,PASS
requirement,CAN-LAM-PERSON-131,NOT_APPLICABLE,YES,PASS
requirement,CAN-LAM-REL-001,NOT_APPLICABLE,YES,PASS
requirement,CAN-LAM-REMOVE-001,NOT_APPLICABLE,YES,PASS
requirement,CAN-LAM-REMOVE-002,REVIEWED_CORRECTED,YES,PASS
requirement,CAN-LAM-REMOVE-003,NOT_APPLICABLE,YES,PASS
requirement,CAN-LAM-REVIEW-001,NOT_APPLICABLE,YES,PASS
requirement,CAN-LAM-SEARCH-001,REVIEWED_CORRECTED,YES,PASS
requirement,CAN-LAM-SEARCH-002,REVIEWED_CORRECTED,YES,PASS
requirement,CAN-LAM-SEARCH-003,REVIEWED_CORRECTED,YES,PASS
requirement,CAN-LAM-SEARCH-004,REVIEWED_CORRECTED,YES,PASS
requirement,CAN-LAM-SEARCH-005,REVIEWED_CORRECTED,YES,PASS
requirement,CAN-LAM-SEARCH-006,REVIEWED_CORRECTED,YES,PASS
requirement,CAN-LAM-SEARCH-007,REVIEWED_CORRECTED,YES,PASS
requirement,CAN-LAM-SEARCH-008,REVIEWED_CORRECTED,YES,PASS
requirement,CAN-LAM-SEARCH-009,REVIEWED_CORRECTED,YES,PASS
requirement,CAN-LAM-SEARCH-010,NOT_APPLICABLE,YES,PASS
requirement,CAN-LAM-SEARCH-011,REVIEWED_CORRECTED,YES,PASS
requirement,CAN-LAM-SEARCH-012,REVIEWED_CORRECTED,YES,PASS
requirement,CAN-LAM-SEARCH-013,REVIEWED_CORRECTED,YES,PASS
requirement,CAN-LAM-SEARCH-014,NOT_APPLICABLE,YES,PASS
requirement,CAN-LAM-SEARCH-015,NOT_APPLICABLE,YES,PASS
requirement,CAN-LAM-SEARCH-016,NOT_APPLICABLE,YES,PASS
requirement,CAN-LAM-SEARCH-017,NOT_APPLICABLE,YES,PASS
requirement,CAN-LAM-SEARCH-018,NOT_APPLICABLE,YES,PASS
requirement,CAN-LAM-SEARCH-019,NOT_APPLICABLE,YES,PASS
requirement,CAN-LAM-TEST-001,NOT_APPLICABLE,YES,PASS
requirement,CAN-LAM-TEST-002,NOT_APPLICABLE,YES,PASS
requirement,CAN-LAM-TEST-003,NOT_APPLICABLE,YES,PASS
requirement,CAN-LAM-TEST-004,NOT_APPLICABLE,YES,PASS
requirement,CAN-LAM-TEST-005,NOT_APPLICABLE,YES,PASS
requirement,CAN-LAM-TEST-006,NOT_APPLICABLE,YES,PASS
requirement,CAN-LAM-TEST-007,NOT_APPLICABLE,YES,PASS
requirement,CAN-LAM-TEST-008,NOT_APPLICABLE,YES,PASS
requirement,CAN-LAM-TEST-009,NOT_APPLICABLE,YES,PASS
requirement,CAN-LAM-TEST-010,NOT_APPLICABLE,YES,PASS
requirement,CAN-LAM-TEST-011,NOT_APPLICABLE,YES,PASS
requirement,CAN-LAM-TEST-012,NOT_APPLICABLE,YES,PASS
requirement,CAN-LAM-TEST-013,NOT_APPLICABLE,YES,PASS
requirement,CAN-LAM-TEST-014,NOT_APPLICABLE,YES,PASS
requirement,CAN-LAM-TEST-015,NOT_APPLICABLE,YES,PASS
requirement,CAN-LAM-TEST-016,NOT_APPLICABLE,YES,PASS
requirement,CAN-LAM-TEST-017,NOT_APPLICABLE,YES,PASS
requirement,CAN-LAM-TEST-018,NOT_APPLICABLE,YES,PASS
requirement,CAN-LAM-TEST-019,NOT_APPLICABLE,YES,PASS
requirement,CAN-LAM-TEST-020,REVIEWED_CORRECTED,YES,PASS
requirement,CAN-LAM-TEST-021,REVIEWED_CORRECTED,YES,PASS
requirement,CAN-LAM-TEST-022,NOT_APPLICABLE,YES,PASS
requirement,CAN-LAM-TEST-023,NOT_APPLICABLE,YES,PASS
requirement,CAN-LAM-TEST-024,NOT_APPLICABLE,YES,PASS
requirement,CAN-LAM-TEST-025,NOT_APPLICABLE,YES,PASS
requirement,CAN-LAM-TEST-026,NOT_APPLICABLE,YES,PASS
requirement,CAN-LAM-TEST-027,NOT_APPLICABLE,YES,PASS
requirement,CAN-LAM-TEST-028,NOT_APPLICABLE,YES,PASS
requirement,CAN-LAM-TEST-029,NOT_APPLICABLE,YES,PASS
requirement,CAN-LAM-TEST-030,NOT_APPLICABLE,YES,PASS
requirement,CAN-LAM-TEST-031,NOT_APPLICABLE,YES,PASS
requirement,CAN-LAM-TEST-032,NOT_APPLICABLE,YES,PASS
requirement,CAN-LAM-TEST-033,NOT_APPLICABLE,YES,PASS
requirement,CAN-LAM-TRANSACTION-001,REVIEWED_CORRECTED,YES,PASS
requirement,CAN-LAM-TRANSACTION-002,REVIEWED_CORRECTED,YES,PASS
requirement,CAN-LAM-TRANSACTION-003,NOT_APPLICABLE,YES,PASS
requirement,CAN-LAM-TRANSACTION-004,NOT_APPLICABLE,YES,PASS
requirement,CAN-LAM-TRANSACTION-005,NOT_APPLICABLE,YES,PASS
requirement,CAN-LAM-TRANSACTION-006,NOT_APPLICABLE,YES,PASS
requirement,CAN-LAM-TRANSACTION-007,NOT_APPLICABLE,YES,PASS
requirement,CAN-LAM-TRANSACTION-008,NOT_APPLICABLE,YES,PASS
requirement,CAN-LAM-TRANSACTION-009,NOT_APPLICABLE,YES,PASS
requirement,CAN-LAM-TRANSACTION-010,NOT_APPLICABLE,YES,PASS
requirement,CAN-LAM-TRANSACTION-011,NOT_APPLICABLE,YES,PASS
requirement,CAN-LAM-TRANSACTION-012,REVIEWED_CORRECTED,YES,PASS
requirement,CAN-LAM-TRANSACTION-013,NOT_APPLICABLE,YES,PASS
requirement,CAN-LAM-TRASH-001,NOT_APPLICABLE,YES,PASS
requirement,CAN-LAM-TRASH-002,REVIEWED_CORRECTED,YES,PASS
requirement,CAN-LAM-TRASH-003,REVIEWED_CORRECTED,YES,PASS
requirement,CAN-LAM-TRASH-004,REVIEWED_CORRECTED,YES,PASS
requirement,CAN-LAM-TRASH-005,NOT_APPLICABLE,YES,PASS
requirement,CAN-LAM-TRASH-006,NOT_APPLICABLE,YES,PASS
requirement,CAN-LAM-TRASH-007,NOT_APPLICABLE,YES,PASS
requirement,CAN-LAM-UI-002,NOT_APPLICABLE,YES,PASS
requirement,CAN-MISSION-I0-001,REVIEWED_CORRECTED,YES,PASS
requirement,CAN-MISSION-I0-002,REVIEWED_CORRECTED,YES,PASS
requirement,CAN-MISSION-I0-003,REVIEWED_CORRECTED,YES,PASS
requirement,CAN-MISSION-I0-004,REVIEWED_CORRECTED,YES,PASS
requirement,CAN-MISSION-I0-005,REVIEWED_CORRECTED,YES,PASS
requirement,CAN-MISSION-I0-006,REVIEWED_CORRECTED,YES,PASS
requirement,CAN-MISSION-I0-007,REVIEWED_CORRECTED,YES,PASS
requirement,CAN-MISSION-I0-008,REVIEWED_CORRECTED,YES,PASS
requirement,CAN-MISSION-I0-009,REVIEWED_CORRECTED,YES,PASS
requirement,CAN-MISSION-I0-010,REVIEWED_CORRECTED,YES,PASS
requirement,CAN-MISSION-I0-011,REVIEWED_CORRECTED,YES,PASS
requirement,CAN-MISSION-I14-001,REVIEWED_CORRECTED,YES,PASS
requirement,CAN-MISSION-I14-002,REVIEWED_CONFIRMED,YES,PASS
requirement,CAN-MISSION-I14-003,REVIEWED_CORRECTED,YES,PASS
requirement,CAN-MISSION-I14-004,REVIEWED_CORRECTED,YES,PASS
requirement,CAN-MISSION-I15-001,REVIEWED_CORRECTED,YES,PASS
requirement,CAN-MISSION-I15-002,REVIEWED_CORRECTED,YES,PASS
requirement,CAN-MISSION-I15-003,REVIEWED_CORRECTED,YES,PASS
requirement,CAN-SECTION-0001,NOT_APPLICABLE,YES,PASS
requirement,CAN-SECTION-0002,NOT_APPLICABLE,YES,PASS
requirement,CAN-SECTION-0003,NOT_APPLICABLE,YES,PASS
requirement,CAN-SECTION-0004,NOT_APPLICABLE,YES,PASS
requirement,CAN-SECTION-0005,NOT_APPLICABLE,YES,PASS
requirement,CAN-SECTION-0006,NOT_APPLICABLE,YES,PASS
requirement,CAN-SECTION-0007,NOT_APPLICABLE,YES,PASS
requirement,CAN-SECTION-0008,NOT_APPLICABLE,YES,PASS
requirement,CAN-SECTION-0009,NOT_APPLICABLE,YES,PASS
requirement,CAN-SECTION-0010,NOT_APPLICABLE,YES,PASS
requirement,CAN-SECTION-0011,NOT_APPLICABLE,YES,PASS
requirement,CAN-SECTION-0012,NOT_APPLICABLE,YES,PASS
requirement,CAN-SECTION-0013,NOT_APPLICABLE,YES,PASS
requirement,CAN-SECTION-0014,NOT_APPLICABLE,YES,PASS
requirement,CAN-SECTION-0015,NOT_APPLICABLE,YES,PASS
requirement,CAN-SECTION-0016,NOT_APPLICABLE,YES,PASS
requirement,CAN-SECTION-0017,NOT_APPLICABLE,YES,PASS
requirement,CAN-SECTION-0018,NOT_APPLICABLE,YES,PASS
requirement,CAN-SECTION-0019,NOT_APPLICABLE,YES,PASS
requirement,CAN-SECTION-0020,NOT_APPLICABLE,YES,PASS
requirement,CAN-SECTION-0021,NOT_APPLICABLE,YES,PASS
requirement,CAN-SECTION-0022,NOT_APPLICABLE,YES,PASS
requirement,CAN-SECTION-0023,NOT_APPLICABLE,YES,PASS
requirement,CAN-SECTION-0024,NOT_APPLICABLE,YES,PASS
requirement,CAN-SECTION-0025,NOT_APPLICABLE,YES,PASS
requirement,CAN-SECTION-0026,NOT_APPLICABLE,YES,PASS
requirement,CAN-SECTION-0027,NOT_APPLICABLE,YES,PASS
requirement,CAN-SECTION-0028,NOT_APPLICABLE,YES,PASS
requirement,CAN-SECTION-0029,NOT_APPLICABLE,YES,PASS
requirement,CAN-SECTION-0030,NOT_APPLICABLE,YES,PASS
requirement,CAN-SECTION-0031,NOT_APPLICABLE,YES,PASS
requirement,CAN-SECTION-0032,NOT_APPLICABLE,YES,PASS
requirement,CAN-SECTION-0033,NOT_APPLICABLE,YES,PASS
requirement,CAN-SECTION-0034,NOT_APPLICABLE,YES,PASS
requirement,CAN-SECTION-0035,NOT_APPLICABLE,YES,PASS
requirement,CAN-SECTION-0036,NOT_APPLICABLE,YES,PASS
requirement,CAN-SECTION-0037,NOT_APPLICABLE,YES,PASS
requirement,CAN-SECTION-0038,NOT_APPLICABLE,YES,PASS
requirement,CAN-SECTION-0039,NOT_APPLICABLE,YES,PASS
requirement,CAN-SECTION-0040,NOT_APPLICABLE,YES,PASS
requirement,CAN-SECTION-0041,NOT_APPLICABLE,YES,PASS
requirement,CAN-SECTION-0042,NOT_APPLICABLE,YES,PASS
requirement,CAN-SECTION-0043,NOT_APPLICABLE,YES,PASS
requirement,CAN-SECTION-0044,NOT_APPLICABLE,YES,PASS
requirement,CAN-SECTION-0045,NOT_APPLICABLE,YES,PASS
requirement,CAN-SECTION-0046,NOT_APPLICABLE,YES,PASS
requirement,CAN-SECTION-0047,NOT_APPLICABLE,YES,PASS
requirement,CAN-SECTION-0048,NOT_APPLICABLE,YES,PASS
requirement,CAN-SECTION-0049,NOT_APPLICABLE,YES,PASS
requirement,CAN-SECTION-0050,NOT_APPLICABLE,YES,PASS
requirement,CAN-SECTION-0051,NOT_APPLICABLE,YES,PASS
requirement,CAN-SECTION-0052,NOT_APPLICABLE,YES,PASS
requirement,CAN-SECTION-0053,NOT_APPLICABLE,YES,PASS
requirement,CAN-SECTION-0054,NOT_APPLICABLE,YES,PASS
requirement,CAN-SECTION-0055,NOT_APPLICABLE,YES,PASS
requirement,CAN-SECTION-0056,NOT_APPLICABLE,YES,PASS
requirement,CAN-SECTION-0057,NOT_APPLICABLE,YES,PASS
requirement,CAN-SECTION-0058,NOT_APPLICABLE,YES,PASS
requirement,CAN-SECTION-0059,NOT_APPLICABLE,YES,PASS
requirement,CAN-SECTION-0060,NOT_APPLICABLE,YES,PASS
requirement,CAN-SECTION-0061,NOT_APPLICABLE,YES,PASS
requirement,CAN-SECTION-0062,NOT_APPLICABLE,YES,PASS
requirement,CAN-SECTION-0063,NOT_APPLICABLE,YES,PASS
requirement,CAN-SECTION-0064,NOT_APPLICABLE,YES,PASS
requirement,CAN-SECTION-0065,NOT_APPLICABLE,YES,PASS
requirement,CAN-SECTION-0066,NOT_APPLICABLE,YES,PASS
requirement,CAN-SECTION-0067,NOT_APPLICABLE,YES,PASS
requirement,CAN-SECTION-0068,NOT_APPLICABLE,YES,PASS
requirement,CAN-SECTION-0069,NOT_APPLICABLE,YES,PASS
requirement,CAN-SECTION-0070,NOT_APPLICABLE,YES,PASS
requirement,CAN-SECTION-0071,NOT_APPLICABLE,YES,PASS
requirement,CAN-SECTION-0072,NOT_APPLICABLE,YES,PASS
requirement,CAN-SECTION-0073,NOT_APPLICABLE,YES,PASS
requirement,CAN-SECTION-0074,NOT_APPLICABLE,YES,PASS
requirement,CAN-SECTION-0075,NOT_APPLICABLE,YES,PASS
requirement,CAN-SECTION-0076,NOT_APPLICABLE,YES,PASS
requirement,CAN-SECTION-0077,NOT_APPLICABLE,YES,PASS
requirement,CAN-SECTION-0078,NOT_APPLICABLE,YES,PASS
requirement,CAN-SECTION-0079,NOT_APPLICABLE,YES,PASS
requirement,CAN-SECTION-0080,NOT_APPLICABLE,YES,PASS
requirement,CAN-SECTION-0081,NOT_APPLICABLE,YES,PASS
requirement,CAN-SECTION-0082,NOT_APPLICABLE,YES,PASS
requirement,CAN-SECTION-0083,NOT_APPLICABLE,YES,PASS
requirement,CAN-SECTION-0084,NOT_APPLICABLE,YES,PASS
requirement,CAN-SECTION-0085,NOT_APPLICABLE,YES,PASS
requirement,CAN-SECTION-0086,NOT_APPLICABLE,YES,PASS
requirement,CAN-SECTION-0087,NOT_APPLICABLE,YES,PASS
requirement,CAN-SECTION-0088,NOT_APPLICABLE,YES,PASS
requirement,CAN-SECTION-0089,NOT_APPLICABLE,YES,PASS
requirement,CAN-SECTION-0090,NOT_APPLICABLE,YES,PASS
requirement,CAN-SECTION-0091,NOT_APPLICABLE,YES,PASS
requirement,CAN-SECTION-0092,NOT_APPLICABLE,YES,PASS
requirement,CAN-SECTION-0093,NOT_APPLICABLE,YES,PASS
requirement,CAN-SECTION-0094,NOT_APPLICABLE,YES,PASS
requirement,CAN-SECTION-0095,NOT_APPLICABLE,YES,PASS
requirement,CAN-SECTION-0096,NOT_APPLICABLE,YES,PASS
requirement,CAN-SECTION-0097,NOT_APPLICABLE,YES,PASS
requirement,CAN-SECTION-0098,NOT_APPLICABLE,YES,PASS
requirement,CAN-SECTION-0099,NOT_APPLICABLE,YES,PASS
requirement,CAN-SECTION-0100,NOT_APPLICABLE,YES,PASS
requirement,CAN-SECTION-0101,NOT_APPLICABLE,YES,PASS
requirement,CAN-SECTION-0102,NOT_APPLICABLE,YES,PASS
requirement,CAN-SECTION-0103,NOT_APPLICABLE,YES,PASS
requirement,CAN-SECTION-0104,NOT_APPLICABLE,YES,PASS
requirement,CAN-SECTION-0105,NOT_APPLICABLE,YES,PASS
requirement,CAN-SECTION-0106,NOT_APPLICABLE,YES,PASS
requirement,CAN-SECTION-0107,NOT_APPLICABLE,YES,PASS
requirement,CAN-SECTION-0108,NOT_APPLICABLE,YES,PASS
requirement,CAN-SECTION-0109,NOT_APPLICABLE,YES,PASS
requirement,CAN-SECTION-0110,NOT_APPLICABLE,YES,PASS
requirement,CAN-SECTION-0111,NOT_APPLICABLE,YES,PASS
requirement,CAN-SECTION-0112,NOT_APPLICABLE,YES,PASS
requirement,CAN-SECTION-0113,NOT_APPLICABLE,YES,PASS
requirement,CAN-SECTION-0114,NOT_APPLICABLE,YES,PASS
requirement,CAN-SECTION-0115,NOT_APPLICABLE,YES,PASS
requirement,CAN-SECTION-0116,NOT_APPLICABLE,YES,PASS
requirement,CAN-SECTION-0117,NOT_APPLICABLE,YES,PASS
requirement,CAN-SECTION-0118,NOT_APPLICABLE,YES,PASS
requirement,CAN-SECTION-0119,NOT_APPLICABLE,YES,PASS
requirement,CAN-SECTION-0120,REVIEWED_CORRECTED,YES,PASS
requirement,CAN-SECTION-0121,NOT_APPLICABLE,YES,PASS
requirement,CAN-SECTION-0122,NOT_APPLICABLE,YES,PASS
requirement,CAN-SECTION-0123,NOT_APPLICABLE,YES,PASS
requirement,CAN-SECTION-0124,NOT_APPLICABLE,YES,PASS
requirement,CAN-SECTION-0125,NOT_APPLICABLE,YES,PASS
requirement,CAN-SECTION-0126,NOT_APPLICABLE,YES,PASS
requirement,CAN-SECTION-0127,NOT_APPLICABLE,YES,PASS
requirement,CAN-SECTION-0128,NOT_APPLICABLE,YES,PASS
requirement,CAN-SECTION-0129,NOT_APPLICABLE,YES,PASS
requirement,CAN-SECTION-0130,NOT_APPLICABLE,YES,PASS
requirement,CAN-SECTION-0131,NOT_APPLICABLE,YES,PASS
requirement,CAN-SECTION-0132,NOT_APPLICABLE,YES,PASS
requirement,CAN-SECTION-0133,NOT_APPLICABLE,YES,PASS
requirement,CAN-SECTION-0134,NOT_APPLICABLE,YES,PASS
requirement,CAN-SECTION-0135,NOT_APPLICABLE,YES,PASS
requirement,CAN-SECTION-0136,NOT_APPLICABLE,YES,PASS
requirement,CAN-SECTION-0137,NOT_APPLICABLE,YES,PASS
requirement,CAN-SECTION-0138,NOT_APPLICABLE,YES,PASS
requirement,CAN-SECTION-0139,NOT_APPLICABLE,YES,PASS
requirement,CAN-SECTION-0140,NOT_APPLICABLE,YES,PASS
requirement,CAN-SECTION-0141,NOT_APPLICABLE,YES,PASS
requirement,CAN-SECTION-0142,NOT_APPLICABLE,YES,PASS
requirement,CAN-SECTION-0143,NOT_APPLICABLE,YES,PASS
requirement,CAN-SECTION-0144,NOT_APPLICABLE,YES,PASS
requirement,CAN-SECTION-0145,NOT_APPLICABLE,YES,PASS
requirement,CAN-SECTION-0146,NOT_APPLICABLE,YES,PASS
requirement,CAN-SECTION-0147,NOT_APPLICABLE,YES,PASS
requirement,CAN-SECTION-0148,NOT_APPLICABLE,YES,PASS
requirement,CAN-SECTION-0149,NOT_APPLICABLE,YES,PASS
requirement,CAN-SECTION-0150,NOT_APPLICABLE,YES,PASS
requirement,CAN-SECTION-0151,NOT_APPLICABLE,YES,PASS
requirement,CAN-SECTION-0152,NOT_APPLICABLE,YES,PASS
requirement,CAN-SECTION-0153,NOT_APPLICABLE,YES,PASS
requirement,CAN-SECTION-0154,NOT_APPLICABLE,YES,PASS
requirement,CAN-SECTION-0155,NOT_APPLICABLE,YES,PASS
requirement,CAN-SECTION-0156,NOT_APPLICABLE,YES,PASS
requirement,CAN-SECTION-0157,NOT_APPLICABLE,YES,PASS
requirement,CAN-SECTION-0158,NOT_APPLICABLE,YES,PASS
requirement,CAN-SECTION-0159,NOT_APPLICABLE,YES,PASS
requirement,CAN-SECTION-0160,NOT_APPLICABLE,YES,PASS
requirement,CAN-SECTION-0161,NOT_APPLICABLE,YES,PASS
requirement,CAN-SECTION-0162,NOT_APPLICABLE,YES,PASS
requirement,CAN-SECTION-0163,NOT_APPLICABLE,YES,PASS
requirement,CAN-SECTION-0164,NOT_APPLICABLE,YES,PASS
requirement,CAN-SECTION-0165,NOT_APPLICABLE,YES,PASS
requirement,CAN-SECTION-0166,NOT_APPLICABLE,YES,PASS
requirement,CAN-SECTION-0167,NOT_APPLICABLE,YES,PASS
requirement,CAN-SECTION-0168,NOT_APPLICABLE,YES,PASS
requirement,CAN-SECTION-0169,NOT_APPLICABLE,YES,PASS
requirement,CAN-SECTION-0170,NOT_APPLICABLE,YES,PASS
requirement,CAN-SECTION-0171,NOT_APPLICABLE,YES,PASS
requirement,CAN-SECTION-0172,NOT_APPLICABLE,YES,PASS
requirement,CAN-SECTION-0173,NOT_APPLICABLE,YES,PASS
requirement,CAN-SECTION-0174,NOT_APPLICABLE,YES,PASS
requirement,CAN-SECTION-0175,NOT_APPLICABLE,YES,PASS
requirement,CAN-SECTION-0176,NOT_APPLICABLE,YES,PASS
requirement,CAN-SECTION-0177,NOT_APPLICABLE,YES,PASS
requirement,CAN-SECTION-0178,NOT_APPLICABLE,YES,PASS
requirement,CAN-SECTION-0179,NOT_APPLICABLE,YES,PASS
requirement,CAN-SECTION-0180,NOT_APPLICABLE,YES,PASS
requirement,CAN-SECTION-0181,NOT_APPLICABLE,YES,PASS
requirement,CAN-SECTION-0182,NOT_APPLICABLE,YES,PASS
requirement,CAN-SECTION-0183,NOT_APPLICABLE,YES,PASS
requirement,CAN-SECTION-0184,NOT_APPLICABLE,YES,PASS
requirement,CAN-SECTION-0185,NOT_APPLICABLE,YES,PASS
requirement,CAN-SECTION-0186,NOT_APPLICABLE,YES,PASS
requirement,CAN-SECTION-0187,NOT_APPLICABLE,YES,PASS
requirement,CAN-SECTION-0188,NOT_APPLICABLE,YES,PASS
requirement,CAN-SECTION-0189,NOT_APPLICABLE,YES,PASS
requirement,CAN-SECTION-0190,NOT_APPLICABLE,YES,PASS
requirement,CAN-SECTION-0191,NOT_APPLICABLE,YES,PASS
requirement,CAN-SECTION-0192,NOT_APPLICABLE,YES,PASS
requirement,CAN-SECTION-0193,NOT_APPLICABLE,YES,PASS
requirement,CAN-SECTION-0194,NOT_APPLICABLE,YES,PASS
requirement,CAN-SECTION-0195,NOT_APPLICABLE,YES,PASS
requirement,CAN-SECTION-0196,NOT_APPLICABLE,YES,PASS
requirement,CAN-SECTION-0197,NOT_APPLICABLE,YES,PASS
requirement,CAN-SECTION-0198,NOT_APPLICABLE,YES,PASS
requirement,CAN-SECTION-0199,NOT_APPLICABLE,YES,PASS
requirement,CAN-SECTION-0200,NOT_APPLICABLE,YES,PASS
requirement,CAN-SECTION-0201,NOT_APPLICABLE,YES,PASS
requirement,CAN-SECTION-0202,NOT_APPLICABLE,YES,PASS
requirement,CAN-SECTION-0203,NOT_APPLICABLE,YES,PASS
requirement,CAN-SECTION-0204,NOT_APPLICABLE,YES,PASS
requirement,CAN-SECTION-0205,NOT_APPLICABLE,YES,PASS
requirement,CAN-SECTION-0206,NOT_APPLICABLE,YES,PASS
requirement,CAN-SECTION-0207,NOT_APPLICABLE,YES,PASS
requirement,CAN-SECTION-0208,NOT_APPLICABLE,YES,PASS
requirement,CAN-SECTION-0209,NOT_APPLICABLE,YES,PASS
requirement,CAN-SECTION-0210,NOT_APPLICABLE,YES,PASS
requirement,CAN-SECTION-0211,NOT_APPLICABLE,YES,PASS
requirement,CAN-SECTION-0212,NOT_APPLICABLE,YES,PASS
requirement,CAN-SECTION-0213,NOT_APPLICABLE,YES,PASS
requirement,CAN-SECTION-0214,NOT_APPLICABLE,YES,PASS
requirement,CAN-SECTION-0215,NOT_APPLICABLE,YES,PASS
requirement,CAN-SECTION-0216,NOT_APPLICABLE,YES,PASS
requirement,CAN-SECTION-0217,NOT_APPLICABLE,YES,PASS
requirement,CAN-SECTION-0218,NOT_APPLICABLE,YES,PASS
requirement,CAN-SECTION-0219,NOT_APPLICABLE,YES,PASS
requirement,CAN-SECTION-0220,NOT_APPLICABLE,YES,PASS
requirement,CAN-SECTION-0221,NOT_APPLICABLE,YES,PASS
requirement,CAN-SECTION-0222,NOT_APPLICABLE,YES,PASS
requirement,CAN-SECTION-0223,NOT_APPLICABLE,YES,PASS
requirement,CAN-SECTION-0224,NOT_APPLICABLE,YES,PASS
requirement,CAN-SECTION-0225,NOT_APPLICABLE,YES,PASS
requirement,CAN-SECTION-0226,NOT_APPLICABLE,YES,PASS
requirement,CAN-SECTION-0227,NOT_APPLICABLE,YES,PASS
requirement,CAN-SECTION-0228,NOT_APPLICABLE,YES,PASS
requirement,CAN-SECTION-0229,NOT_APPLICABLE,YES,PASS
requirement,CAN-SECTION-0230,NOT_APPLICABLE,YES,PASS
requirement,CAN-SECTION-0231,NOT_APPLICABLE,YES,PASS
requirement,CAN-SECTION-0232,NOT_APPLICABLE,YES,PASS
requirement,CAN-SECTION-0233,NOT_APPLICABLE,YES,PASS
requirement,CAN-SECTION-0234,NOT_APPLICABLE,YES,PASS
requirement,CAN-SECTION-0235,NOT_APPLICABLE,YES,PASS
requirement,CAN-SECTION-0236,NOT_APPLICABLE,YES,PASS
membership,CAN-FAIL-01,REVIEWED,YES,PASS
membership,CAN-FAIL-02,REVIEWED,YES,PASS
membership,CAN-FAIL-03,REVIEWED,YES,PASS
membership,CAN-FAIL-04,REVIEWED,YES,PASS
membership,CAN-FAIL-05,REVIEWED,YES,PASS
membership,CAN-FAIL-06,REVIEWED,YES,PASS
membership,CAN-FAIL-07,REVIEWED,YES,PASS
membership,CAN-FAIL-08,REVIEWED,YES,PASS
membership,CAN-FAIL-09,REVIEWED,YES,PASS
membership,CAN-FAIL-10,REVIEWED,YES,PASS
membership,CAN-FAIL-11,REVIEWED,YES,PASS
membership,CAN-FAIL-12,REVIEWED,YES,PASS
membership,CAN-FAIL-13,REVIEWED,YES,PASS
membership,CAN-FAIL-14,REVIEWED,YES,PASS
membership,CAN-FAIL-15,REVIEWED,YES,PASS
membership,CAN-FAIL-16,REVIEWED,YES,PASS
membership,CAN-FAIL-17,REVIEWED,YES,PASS
membership,CAN-FAIL-18,REVIEWED,YES,PASS
membership,CAN-FAIL-19,REVIEWED,YES,PASS
membership,CAN-FAIL-20,REVIEWED,YES,PASS
membership,CAN-FAIL-21,REVIEWED,YES,PASS
membership,CAN-FAIL-22,REVIEWED,YES,PASS
membership,CAN-FAIL-23,REVIEWED,YES,PASS
membership,CAN-FAIL-24,REVIEWED,YES,PASS
membership,CAN-FAIL-25,REVIEWED,YES,PASS
membership,CAN-FAIL-26,REVIEWED,YES,PASS
membership,CAN-FAIL-27,REVIEWED,YES,PASS
membership,CAN-FAIL-28,REVIEWED,YES,PASS
membership,CAN-FAIL-29,REVIEWED,YES,PASS
membership,CAN-FAIL-30,REVIEWED,YES,PASS
membership,CAN-FAIL-31,REVIEWED,YES,PASS
membership,CAN-FAIL-32,REVIEWED,YES,PASS
membership,CAN-LAM-AI-006,REVIEWED,YES,PASS
membership,CAN-LAM-AI-014,REVIEWED,YES,PASS
membership,CAN-LAM-AI-017,REVIEWED,YES,PASS
membership,CAN-LAM-AI-018,REVIEWED,YES,PASS
membership,CAN-LAM-AI-020,REVIEWED,YES,PASS
membership,CAN-LAM-AI-022,REVIEWED,YES,PASS
membership,CAN-LAM-AI-023,REVIEWED,YES,PASS
membership,CAN-LAM-AI-027,REVIEWED,YES,PASS
membership,CAN-LAM-AI-028,REVIEWED,YES,PASS
membership,CAN-LAM-AI-029,REVIEWED,YES,PASS
membership,CAN-LAM-AI-030,REVIEWED,YES,PASS
membership,CAN-LAM-AI-031,REVIEWED,YES,PASS
membership,CAN-LAM-AI-032,REVIEWED,YES,PASS
membership,CAN-LAM-AI-033,REVIEWED,YES,PASS
membership,CAN-LAM-AI-035,REVIEWED,YES,PASS
membership,CAN-LAM-AI-039,REVIEWED,YES,PASS
membership,CAN-LAM-AI-042,REVIEWED,YES,PASS
membership,CAN-LAM-AI-043,REVIEWED,YES,PASS
membership,CAN-LAM-AI-044,REVIEWED,YES,PASS
membership,CAN-LAM-AI-045,REVIEWED,YES,PASS
membership,CAN-LAM-AI-046,REVIEWED,YES,PASS
membership,CAN-LAM-AI-048,REVIEWED,YES,PASS
membership,CAN-LAM-AI-076,REVIEWED,YES,PASS
membership,CAN-LAM-AI-081,REVIEWED,YES,PASS
membership,CAN-LAM-AI-082,REVIEWED,YES,PASS
membership,CAN-LAM-AI-085,REVIEWED,YES,PASS
membership,CAN-LAM-AI-086,REVIEWED,YES,PASS
membership,CAN-LAM-AI-087,REVIEWED,YES,PASS
membership,CAN-LAM-ARCH-001,REVIEWED,YES,PASS
membership,CAN-LAM-ARCH-014,REVIEWED,YES,PASS
membership,CAN-LAM-ARCH-020,REVIEWED,YES,PASS
membership,CAN-LAM-ARCH-021,REVIEWED,YES,PASS
membership,CAN-LAM-ARCH-024,REVIEWED,YES,PASS
membership,CAN-LAM-ARCH-025,REVIEWED,YES,PASS
membership,CAN-LAM-ARCH-026,REVIEWED,YES,PASS
membership,CAN-LAM-ARCH-027,REVIEWED,YES,PASS
membership,CAN-LAM-ARCH-028,REVIEWED,YES,PASS
membership,CAN-LAM-ARCH-029,REVIEWED,YES,PASS
membership,CAN-LAM-ARCH-030,REVIEWED,YES,PASS
membership,CAN-LAM-ARCH-034,REVIEWED,YES,PASS
membership,CAN-LAM-ARCH-036,REVIEWED,YES,PASS
membership,CAN-LAM-ARCH-037,REVIEWED,YES,PASS
membership,CAN-LAM-ARCH-038,REVIEWED,YES,PASS
membership,CAN-LAM-ARCH-039,REVIEWED,YES,PASS
membership,CAN-LAM-ARCH-040,REVIEWED,YES,PASS
membership,CAN-LAM-ARCH-041,REVIEWED,YES,PASS
membership,CAN-LAM-ARCH-042,REVIEWED,YES,PASS
membership,CAN-LAM-ARCH-043,REVIEWED,YES,PASS
membership,CAN-LAM-ARCH-044,REVIEWED,YES,PASS
membership,CAN-LAM-ARCH-045,REVIEWED,YES,PASS
membership,CAN-LAM-ARCH-048,REVIEWED,YES,PASS
membership,CAN-LAM-ARCH-049,REVIEWED,YES,PASS
membership,CAN-LAM-ARCH-050,REVIEWED,YES,PASS
membership,CAN-LAM-ARCH-051,REVIEWED,YES,PASS
membership,CAN-LAM-ARCH-052,REVIEWED,YES,PASS
membership,CAN-LAM-ARCH-053,REVIEWED,YES,PASS
membership,CAN-LAM-ARCH-054,REVIEWED,YES,PASS
membership,CAN-LAM-ARCH-055,REVIEWED,YES,PASS
membership,CAN-LAM-ARCH-056,REVIEWED,YES,PASS
membership,CAN-LAM-ARCH-057,REVIEWED,YES,PASS
membership,CAN-LAM-ARCH-058,REVIEWED,YES,PASS
membership,CAN-LAM-ARCH-061,REVIEWED,YES,PASS
membership,CAN-LAM-ARCH-062,REVIEWED,YES,PASS
membership,CAN-LAM-ARCH-063,REVIEWED,YES,PASS
membership,CAN-LAM-ARCH-064,REVIEWED,YES,PASS
membership,CAN-LAM-ARCH-065,REVIEWED,YES,PASS
membership,CAN-LAM-ARCH-066,REVIEWED,YES,PASS
membership,CAN-LAM-ARCH-067,REVIEWED,YES,PASS
membership,CAN-LAM-ARCH-069,REVIEWED,YES,PASS
membership,CAN-LAM-ARCH-070,REVIEWED,YES,PASS
membership,CAN-LAM-ARCH-071,REVIEWED,YES,PASS
membership,CAN-LAM-ARCH-072,REVIEWED,YES,PASS
membership,CAN-LAM-ARCH-073,REVIEWED,YES,PASS
membership,CAN-LAM-ARCH-074,REVIEWED,YES,PASS
membership,CAN-LAM-ARCH-075,REVIEWED,YES,PASS
membership,CAN-LAM-ARCH-076,REVIEWED,YES,PASS
membership,CAN-LAM-ARCH-077,REVIEWED,YES,PASS
membership,CAN-LAM-ARCH-078,REVIEWED,YES,PASS
membership,CAN-LAM-ARCH-079,REVIEWED,YES,PASS
membership,CAN-LAM-ARCH-080,REVIEWED,YES,PASS
membership,CAN-LAM-ARCH-081,REVIEWED,YES,PASS
membership,CAN-LAM-ARCH-082,REVIEWED,YES,PASS
membership,CAN-LAM-ARCH-083,REVIEWED,YES,PASS
membership,CAN-LAM-ARCH-084,REVIEWED,YES,PASS
membership,CAN-LAM-ARCH-085,REVIEWED,YES,PASS
membership,CAN-LAM-ARCH-086,REVIEWED,YES,PASS
membership,CAN-LAM-ARCH-087,REVIEWED,YES,PASS
membership,CAN-LAM-ARCH-088,REVIEWED,YES,PASS
membership,CAN-LAM-ARCH-089,REVIEWED,YES,PASS
membership,CAN-LAM-ARCH-090,REVIEWED,YES,PASS
membership,CAN-LAM-ARCH-091,REVIEWED,YES,PASS
membership,CAN-LAM-ARCH-092,REVIEWED,YES,PASS
membership,CAN-LAM-ARCH-093,REVIEWED,YES,PASS
membership,CAN-LAM-ARCH-094,REVIEWED,YES,PASS
membership,CAN-LAM-ARCH-095,REVIEWED,YES,PASS
membership,CAN-LAM-ARCH-096,REVIEWED,YES,PASS
membership,CAN-LAM-ARCH-097,REVIEWED,YES,PASS
membership,CAN-LAM-ARCH-103,REVIEWED,YES,PASS
membership,CAN-LAM-ARCH-104,REVIEWED,YES,PASS
membership,CAN-LAM-ARCH-105,REVIEWED,YES,PASS
membership,CAN-LAM-ARCH-116,REVIEWED,YES,PASS
membership,CAN-LAM-ARCH-120,REVIEWED,YES,PASS
membership,CAN-LAM-ARCH-121,REVIEWED,YES,PASS
membership,CAN-LAM-ARCH-134,REVIEWED,YES,PASS
membership,CAN-LAM-ARCH-135,REVIEWED,YES,PASS
membership,CAN-LAM-ARCH-141,REVIEWED,YES,PASS
membership,CAN-LAM-ARCH-144,REVIEWED,YES,PASS
membership,CAN-LAM-ARCH-147,REVIEWED,YES,PASS
membership,CAN-LAM-ARCH-148,REVIEWED,YES,PASS
membership,CAN-LAM-ARCH-149,REVIEWED,YES,PASS
membership,CAN-LAM-ARCH-150,REVIEWED,YES,PASS
membership,CAN-LAM-ARCH-151,REVIEWED,YES,PASS
membership,CAN-LAM-ARCH-164,REVIEWED,YES,PASS
membership,CAN-LAM-ARCH-165,REVIEWED,YES,PASS
membership,CAN-LAM-ARCH-168,REVIEWED,YES,PASS
membership,CAN-LAM-ARCH-169,REVIEWED,YES,PASS
membership,CAN-LAM-ARCH-170,REVIEWED,YES,PASS
membership,CAN-LAM-ARCH-171,REVIEWED,YES,PASS
membership,CAN-LAM-ARCH-172,REVIEWED,YES,PASS
membership,CAN-LAM-ARCH-173,REVIEWED,YES,PASS
membership,CAN-LAM-ARCH-177,REVIEWED,YES,PASS
membership,CAN-LAM-ARCH-184,REVIEWED,YES,PASS
membership,CAN-LAM-ARCH-188,REVIEWED,YES,PASS
membership,CAN-LAM-ARCH-191,REVIEWED,YES,PASS
membership,CAN-LAM-ARCH-192,REVIEWED,YES,PASS
membership,CAN-LAM-ARCH-193,REVIEWED,YES,PASS
membership,CAN-LAM-ARCH-195,REVIEWED,YES,PASS
membership,CAN-LAM-ARCH-213,REVIEWED,YES,PASS
membership,CAN-LAM-ARCH-215,REVIEWED,YES,PASS
membership,CAN-LAM-ARCH-216,REVIEWED,YES,PASS
membership,CAN-LAM-ARCH-217,REVIEWED,YES,PASS
membership,CAN-LAM-ARCH-218,REVIEWED,YES,PASS
membership,CAN-LAM-ARCH-219,REVIEWED,YES,PASS
membership,CAN-LAM-ARCH-220,REVIEWED,YES,PASS
membership,CAN-LAM-ARCH-221,REVIEWED,YES,PASS
membership,CAN-LAM-ARCH-222,REVIEWED,YES,PASS
membership,CAN-LAM-ARCH-228,REVIEWED,YES,PASS
membership,CAN-LAM-ARCH-229,REVIEWED,YES,PASS
membership,CAN-LAM-ARCH-230,REVIEWED,YES,PASS
membership,CAN-LAM-ARCH-231,REVIEWED,YES,PASS
membership,CAN-LAM-ARCH-232,REVIEWED,YES,PASS
membership,CAN-LAM-ARCH-233,REVIEWED,YES,PASS
membership,CAN-LAM-ARCH-234,REVIEWED,YES,PASS
membership,CAN-LAM-ARCH-235,REVIEWED,YES,PASS
membership,CAN-LAM-ARCH-236,REVIEWED,YES,PASS
membership,CAN-LAM-ARCH-237,REVIEWED,YES,PASS
membership,CAN-LAM-ARCH-238,REVIEWED,YES,PASS
membership,CAN-LAM-ARCH-239,REVIEWED,YES,PASS
membership,CAN-LAM-ARCH-240,REVIEWED,YES,PASS
membership,CAN-LAM-ARCH-241,REVIEWED,YES,PASS
membership,CAN-LAM-ARCH-242,REVIEWED,YES,PASS
membership,CAN-LAM-ARCH-243,REVIEWED,YES,PASS
membership,CAN-LAM-ARCH-244,REVIEWED,YES,PASS
membership,CAN-LAM-ARCH-245,REVIEWED,YES,PASS
membership,CAN-LAM-ARCH-246,REVIEWED,YES,PASS
membership,CAN-LAM-ARCH-247,REVIEWED,YES,PASS
membership,CAN-LAM-ARCH-248,REVIEWED,YES,PASS
membership,CAN-LAM-ARCH-249,REVIEWED,YES,PASS
membership,CAN-LAM-ARCH-250,REVIEWED,YES,PASS
membership,CAN-LAM-ARCH-251,REVIEWED,YES,PASS
membership,CAN-LAM-ARCH-252,REVIEWED,YES,PASS
membership,CAN-LAM-ARCH-253,REVIEWED,YES,PASS
membership,CAN-LAM-ARCH-254,REVIEWED,YES,PASS
membership,CAN-LAM-ARCH-255,REVIEWED,YES,PASS
membership,CAN-LAM-ARCH-256,REVIEWED,YES,PASS
membership,CAN-LAM-ARCH-257,REVIEWED,YES,PASS
membership,CAN-LAM-ARCH-258,REVIEWED,YES,PASS
membership,CAN-LAM-ARCH-259,REVIEWED,YES,PASS
membership,CAN-LAM-ARCH-267,REVIEWED,YES,PASS
membership,CAN-LAM-ARCH-271,REVIEWED,YES,PASS
membership,CAN-LAM-ARCH-272,REVIEWED,YES,PASS
membership,CAN-LAM-ARCH-273,REVIEWED,YES,PASS
membership,CAN-LAM-ARCH-274,REVIEWED,YES,PASS
membership,CAN-LAM-ARCH-275,REVIEWED,YES,PASS
membership,CAN-LAM-ARCH-276,REVIEWED,YES,PASS
membership,CAN-LAM-ARCH-277,REVIEWED,YES,PASS
membership,CAN-LAM-ARCH-278,REVIEWED,YES,PASS
membership,CAN-LAM-ARCH-279,REVIEWED,YES,PASS
membership,CAN-LAM-ARCH-280,REVIEWED,YES,PASS
membership,CAN-LAM-ARCH-281,REVIEWED,YES,PASS
membership,CAN-LAM-ARCH-282,REVIEWED,YES,PASS
membership,CAN-LAM-ARCH-283,REVIEWED,YES,PASS
membership,CAN-LAM-ARCH-284,REVIEWED,YES,PASS
membership,CAN-LAM-ARCH-291,REVIEWED,YES,PASS
membership,CAN-LAM-ARCH-292,REVIEWED,YES,PASS
membership,CAN-LAM-ARCH-293,REVIEWED,YES,PASS
membership,CAN-LAM-ARCH-294,REVIEWED,YES,PASS
membership,CAN-LAM-ARCH-295,REVIEWED,YES,PASS
membership,CAN-LAM-ARCH-296,REVIEWED,YES,PASS
membership,CAN-LAM-ARCH-297,REVIEWED,YES,PASS
membership,CAN-LAM-ARCH-298,REVIEWED,YES,PASS
membership,CAN-LAM-ARCH-299,REVIEWED,YES,PASS
membership,CAN-LAM-ARCH-300,REVIEWED,YES,PASS
membership,CAN-LAM-ARCH-301,REVIEWED,YES,PASS
membership,CAN-LAM-ARCH-302,REVIEWED,YES,PASS
membership,CAN-LAM-ARCH-305,REVIEWED,YES,PASS
membership,CAN-LAM-ARCH-306,REVIEWED,YES,PASS
membership,CAN-LAM-ARCH-307,REVIEWED,YES,PASS
membership,CAN-LAM-ARCH-309,REVIEWED,YES,PASS
membership,CAN-LAM-ARCH-310,REVIEWED,YES,PASS
membership,CAN-LAM-ARCH-311,REVIEWED,YES,PASS
membership,CAN-LAM-ARCH-312,REVIEWED,YES,PASS
membership,CAN-LAM-ARCH-313,REVIEWED,YES,PASS
membership,CAN-LAM-ARCH-314,REVIEWED,YES,PASS
membership,CAN-LAM-ARCH-315,REVIEWED,YES,PASS
membership,CAN-LAM-ARCH-316,REVIEWED,YES,PASS
membership,CAN-LAM-ARCH-317,REVIEWED,YES,PASS
membership,CAN-LAM-ARCH-318,REVIEWED,YES,PASS
membership,CAN-LAM-ARCH-319,REVIEWED,YES,PASS
membership,CAN-LAM-ARCH-320,REVIEWED,YES,PASS
membership,CAN-LAM-ARCH-325,REVIEWED,YES,PASS
membership,CAN-LAM-ARCH-326,REVIEWED,YES,PASS
membership,CAN-LAM-ARCH-332,REVIEWED,YES,PASS
membership,CAN-LAM-ARCH-333,REVIEWED,YES,PASS
membership,CAN-LAM-ARCH-335,REVIEWED,YES,PASS
membership,CAN-LAM-ARCH-345,REVIEWED,YES,PASS
membership,CAN-LAM-ARCH-346,REVIEWED,YES,PASS
membership,CAN-LAM-ARCH-349,REVIEWED,YES,PASS
membership,CAN-LAM-ARCH-350,REVIEWED,YES,PASS
membership,CAN-LAM-ARCH-351,REVIEWED,YES,PASS
membership,CAN-LAM-ARCH-368,REVIEWED,YES,PASS
membership,CAN-LAM-ARCH-370,REVIEWED,YES,PASS
membership,CAN-LAM-ARCH-374,REVIEWED,YES,PASS
membership,CAN-LAM-ARCH-375,REVIEWED,YES,PASS
membership,CAN-LAM-ARCH-376,REVIEWED,YES,PASS
membership,CAN-LAM-ARCH-380,REVIEWED,YES,PASS
membership,CAN-LAM-ARCH-381,REVIEWED,YES,PASS
membership,CAN-LAM-ARCH-382,REVIEWED,YES,PASS
membership,CAN-LAM-ARCH-383,REVIEWED,YES,PASS
membership,CAN-LAM-ARCH-384,REVIEWED,YES,PASS
membership,CAN-LAM-ARCH-385,REVIEWED,YES,PASS
membership,CAN-LAM-ARCH-386,REVIEWED,YES,PASS
membership,CAN-LAM-ARCH-387,REVIEWED,YES,PASS
membership,CAN-LAM-ARCH-390,REVIEWED,YES,PASS
membership,CAN-LAM-ARCH-391,REVIEWED,YES,PASS
membership,CAN-LAM-ARCH-392,REVIEWED,YES,PASS
membership,CAN-LAM-ARCH-393,REVIEWED,YES,PASS
membership,CAN-LAM-ARCH-394,REVIEWED,YES,PASS
membership,CAN-LAM-ARCH-395,REVIEWED,YES,PASS
membership,CAN-LAM-ARCH-396,REVIEWED,YES,PASS
membership,CAN-LAM-ARCH-398,REVIEWED,YES,PASS
membership,CAN-LAM-ARCH-399,REVIEWED,YES,PASS
membership,CAN-LAM-ARCH-400,REVIEWED,YES,PASS
membership,CAN-LAM-ARCH-401,REVIEWED,YES,PASS
membership,CAN-LAM-ARCH-402,REVIEWED,YES,PASS
membership,CAN-LAM-ARCH-403,REVIEWED,YES,PASS
membership,CAN-LAM-ARCH-404,REVIEWED,YES,PASS
membership,CAN-LAM-ARCH-405,REVIEWED,YES,PASS
membership,CAN-LAM-ARCH-406,REVIEWED,YES,PASS
membership,CAN-LAM-ARCH-407,REVIEWED,YES,PASS
membership,CAN-LAM-ARCH-408,REVIEWED,YES,PASS
membership,CAN-LAM-ARCH-409,REVIEWED,YES,PASS
membership,CAN-LAM-ARCH-416,REVIEWED,YES,PASS
membership,CAN-LAM-ARCH-417,REVIEWED,YES,PASS
membership,CAN-LAM-ARCH-418,REVIEWED,YES,PASS
membership,CAN-LAM-ARCH-425,REVIEWED,YES,PASS
membership,CAN-LAM-ARCH-434,REVIEWED,YES,PASS
membership,CAN-LAM-ARCH-435,REVIEWED,YES,PASS
membership,CAN-LAM-ARCH-436,REVIEWED,YES,PASS
membership,CAN-LAM-ARCH-437,REVIEWED,YES,PASS
membership,CAN-LAM-ARCH-438,REVIEWED,YES,PASS
membership,CAN-LAM-ARCH-439,REVIEWED,YES,PASS
membership,CAN-LAM-ARCH-440,REVIEWED,YES,PASS
membership,CAN-LAM-ARCH-441,REVIEWED,YES,PASS
membership,CAN-LAM-ARCH-442,REVIEWED,YES,PASS
membership,CAN-LAM-ARCH-443,REVIEWED,YES,PASS
membership,CAN-LAM-ARCH-444,REVIEWED,YES,PASS
membership,CAN-LAM-ASSET-002,REVIEWED,YES,PASS
membership,CAN-LAM-ASSET-004,REVIEWED,YES,PASS
membership,CAN-LAM-ASSET-013,REVIEWED,YES,PASS
membership,CAN-LAM-ASSET-018,REVIEWED,YES,PASS
membership,CAN-LAM-ASSET-024,REVIEWED,YES,PASS
membership,CAN-LAM-ASSET-026,REVIEWED,YES,PASS
membership,CAN-LAM-ASSET-027,REVIEWED,YES,PASS
membership,CAN-LAM-ASSET-028,REVIEWED,YES,PASS
membership,CAN-LAM-ASSET-030,REVIEWED,YES,PASS
membership,CAN-LAM-ASSET-032,REVIEWED,YES,PASS
membership,CAN-LAM-ASSET-036,REVIEWED,YES,PASS
membership,CAN-LAM-ASSET-037,REVIEWED,YES,PASS
membership,CAN-LAM-ASSET-038,REVIEWED,YES,PASS
membership,CAN-LAM-ASSET-039,REVIEWED,YES,PASS
membership,CAN-LAM-ASSET-040,REVIEWED,YES,PASS
membership,CAN-LAM-ASSET-042,REVIEWED,YES,PASS
membership,CAN-LAM-ASSET-043,REVIEWED,YES,PASS
membership,CAN-LAM-ASSET-044,REVIEWED,YES,PASS
membership,CAN-LAM-ASSET-045,REVIEWED,YES,PASS
membership,CAN-LAM-ASSET-047,REVIEWED,YES,PASS
membership,CAN-LAM-ASSET-048,REVIEWED,YES,PASS
membership,CAN-LAM-ASSET-049,REVIEWED,YES,PASS
membership,CAN-LAM-ASSET-050,REVIEWED,YES,PASS
membership,CAN-LAM-ASSET-055,REVIEWED,YES,PASS
membership,CAN-LAM-ASSET-056,REVIEWED,YES,PASS
membership,CAN-LAM-ASSET-057,REVIEWED,YES,PASS
membership,CAN-LAM-ASSET-058,REVIEWED,YES,PASS
membership,CAN-LAM-ASSET-060,REVIEWED,YES,PASS
membership,CAN-LAM-ASSET-066,REVIEWED,YES,PASS
membership,CAN-LAM-ASSET-069,REVIEWED,YES,PASS
membership,CAN-LAM-ASSET-070,REVIEWED,YES,PASS
membership,CAN-LAM-ASSET-075,REVIEWED,YES,PASS
membership,CAN-LAM-ASSET-079,REVIEWED,YES,PASS
membership,CAN-LAM-ASSET-082,REVIEWED,YES,PASS
membership,CAN-LAM-ASSET-083,REVIEWED,YES,PASS
membership,CAN-LAM-ASSET-088,REVIEWED,YES,PASS
membership,CAN-LAM-ASSET-090,REVIEWED,YES,PASS
membership,CAN-LAM-ASSET-091,REVIEWED,YES,PASS
membership,CAN-LAM-ASSET-092,REVIEWED,YES,PASS
membership,CAN-LAM-ASSET-094,REVIEWED,YES,PASS
membership,CAN-LAM-ASSET-096,REVIEWED,YES,PASS
membership,CAN-LAM-ASSET-098,REVIEWED,YES,PASS
membership,CAN-LAM-ASSET-099,REVIEWED,YES,PASS
membership,CAN-LAM-ASSET-100,REVIEWED,YES,PASS
membership,CAN-LAM-ASSET-106,REVIEWED,YES,PASS
membership,CAN-LAM-ASSET-107,REVIEWED,YES,PASS
membership,CAN-LAM-ASSET-108,REVIEWED,YES,PASS
membership,CAN-LAM-ASSET-109,REVIEWED,YES,PASS
membership,CAN-LAM-ASSET-113,REVIEWED,YES,PASS
membership,CAN-LAM-ASSET-117,REVIEWED,YES,PASS
membership,CAN-LAM-ASSET-118,REVIEWED,YES,PASS
membership,CAN-LAM-ASSET-120,REVIEWED,YES,PASS
membership,CAN-LAM-ASSET-121,REVIEWED,YES,PASS
membership,CAN-LAM-ASSET-123,REVIEWED,YES,PASS
membership,CAN-LAM-ASSET-124,REVIEWED,YES,PASS
membership,CAN-LAM-ASSET-125,REVIEWED,YES,PASS
membership,CAN-LAM-ASSET-126,REVIEWED,YES,PASS
membership,CAN-LAM-ASSET-128,REVIEWED,YES,PASS
membership,CAN-LAM-ASSET-129,REVIEWED,YES,PASS
membership,CAN-LAM-ASSET-130,REVIEWED,YES,PASS
membership,CAN-LAM-ASSET-134,REVIEWED,YES,PASS
membership,CAN-LAM-ASSET-137,REVIEWED,YES,PASS
membership,CAN-LAM-ASSET-138,REVIEWED,YES,PASS
membership,CAN-LAM-ASSET-139,REVIEWED,YES,PASS
membership,CAN-LAM-ASSET-140,REVIEWED,YES,PASS
membership,CAN-LAM-ASSET-141,REVIEWED,YES,PASS
membership,CAN-LAM-ASSET-142,REVIEWED,YES,PASS
membership,CAN-LAM-ASSET-147,REVIEWED,YES,PASS
membership,CAN-LAM-ASSET-148,REVIEWED,YES,PASS
membership,CAN-LAM-ASSET-186,REVIEWED,YES,PASS
membership,CAN-LAM-ASSET-189,REVIEWED,YES,PASS
membership,CAN-LAM-ASSET-191,REVIEWED,YES,PASS
membership,CAN-LAM-ASSET-197,REVIEWED,YES,PASS
membership,CAN-LAM-ASSET-198,REVIEWED,YES,PASS
membership,CAN-LAM-BACKUP-002,REVIEWED,YES,PASS
membership,CAN-LAM-BACKUP-004,REVIEWED,YES,PASS
membership,CAN-LAM-BACKUP-005,REVIEWED,YES,PASS
membership,CAN-LAM-BACKUP-007,REVIEWED,YES,PASS
membership,CAN-LAM-BACKUP-020,REVIEWED,YES,PASS
membership,CAN-LAM-BACKUP-021,REVIEWED,YES,PASS
membership,CAN-LAM-BACKUP-024,REVIEWED,YES,PASS
membership,CAN-LAM-DELETE-002,REVIEWED,YES,PASS
membership,CAN-LAM-DELETE-267,REVIEWED,YES,PASS
membership,CAN-LAM-DELETE-285,REVIEWED,YES,PASS
membership,CAN-LAM-DUPLICATE-001,REVIEWED,YES,PASS
membership,CAN-LAM-DUPLICATE-002,REVIEWED,YES,PASS
membership,CAN-LAM-DUPLICATE-005,REVIEWED,YES,PASS
membership,CAN-LAM-DUPLICATE-006,REVIEWED,YES,PASS
membership,CAN-LAM-DUPLICATE-007,REVIEWED,YES,PASS
membership,CAN-LAM-DUPLICATE-008,REVIEWED,YES,PASS
membership,CAN-LAM-DUPLICATE-009,REVIEWED,YES,PASS
membership,CAN-LAM-EDGE-03,REVIEWED,YES,PASS
membership,CAN-LAM-EDGE-04,REVIEWED,YES,PASS
membership,CAN-LAM-EDGE-05,REVIEWED,YES,PASS
membership,CAN-LAM-EDGE-06,REVIEWED,YES,PASS
membership,CAN-LAM-EDGE-07,REVIEWED,YES,PASS
membership,CAN-LAM-EDGE-09,REVIEWED,YES,PASS
membership,CAN-LAM-EDGE-10,REVIEWED,YES,PASS
membership,CAN-LAM-EDGE-11,REVIEWED,YES,PASS
membership,CAN-LAM-EDGE-12,REVIEWED,YES,PASS
membership,CAN-LAM-EDGE-13,REVIEWED,YES,PASS
membership,CAN-LAM-EDGE-14,REVIEWED,YES,PASS
membership,CAN-LAM-EDGE-15,REVIEWED,YES,PASS
membership,CAN-LAM-EDGE-16,REVIEWED,YES,PASS
membership,CAN-LAM-EDIT-001,REVIEWED,YES,PASS
membership,CAN-LAM-EDIT-003,REVIEWED,YES,PASS
membership,CAN-LAM-EDIT-004,REVIEWED,YES,PASS
membership,CAN-LAM-EDIT-005,REVIEWED,YES,PASS
membership,CAN-LAM-EDIT-006,REVIEWED,YES,PASS
membership,CAN-LAM-EDIT-007,REVIEWED,YES,PASS
membership,CAN-LAM-EDIT-013,REVIEWED,YES,PASS
membership,CAN-LAM-EVENT-002,REVIEWED,YES,PASS
membership,CAN-LAM-EVENT-003,REVIEWED,YES,PASS
membership,CAN-LAM-EVENT-004,REVIEWED,YES,PASS
membership,CAN-LAM-EVENT-005,REVIEWED,YES,PASS
membership,CAN-LAM-EVENT-007,REVIEWED,YES,PASS
membership,CAN-LAM-EVENT-008,REVIEWED,YES,PASS
membership,CAN-LAM-EVENT-009,REVIEWED,YES,PASS
membership,CAN-LAM-EVENT-011,REVIEWED,YES,PASS
membership,CAN-LAM-EVENT-012,REVIEWED,YES,PASS
membership,CAN-LAM-EVENT-013,REVIEWED,YES,PASS
membership,CAN-LAM-EVENT-014,REVIEWED,YES,PASS
membership,CAN-LAM-EVENT-015,REVIEWED,YES,PASS
membership,CAN-LAM-EVENT-016,REVIEWED,YES,PASS
membership,CAN-LAM-EVENT-017,REVIEWED,YES,PASS
membership,CAN-LAM-EVENT-018,REVIEWED,YES,PASS
membership,CAN-LAM-EVENT-019,REVIEWED,YES,PASS
membership,CAN-LAM-EVENT-020,REVIEWED,YES,PASS
membership,CAN-LAM-EVENT-021,REVIEWED,YES,PASS
membership,CAN-LAM-EVENT-022,REVIEWED,YES,PASS
membership,CAN-LAM-EVENT-023,REVIEWED,YES,PASS
membership,CAN-LAM-EVENT-024,REVIEWED,YES,PASS
membership,CAN-LAM-EVENT-025,REVIEWED,YES,PASS
membership,CAN-LAM-EVENT-026,REVIEWED,YES,PASS
membership,CAN-LAM-EVENT-028,REVIEWED,YES,PASS
membership,CAN-LAM-EVENT-029,REVIEWED,YES,PASS
membership,CAN-LAM-EVENT-030,REVIEWED,YES,PASS
membership,CAN-LAM-EVENT-031,REVIEWED,YES,PASS
membership,CAN-LAM-EVENT-032,REVIEWED,YES,PASS
membership,CAN-LAM-EVENT-033,REVIEWED,YES,PASS
membership,CAN-LAM-EVENT-034,REVIEWED,YES,PASS
membership,CAN-LAM-EVENT-041,REVIEWED,YES,PASS
membership,CAN-LAM-EVENT-044,REVIEWED,YES,PASS
membership,CAN-LAM-EVENT-045,REVIEWED,YES,PASS
membership,CAN-LAM-EVENT-052,REVIEWED,YES,PASS
membership,CAN-LAM-EVENT-053,REVIEWED,YES,PASS
membership,CAN-LAM-EVENT-054,REVIEWED,YES,PASS
membership,CAN-LAM-EVENT-055,REVIEWED,YES,PASS
membership,CAN-LAM-EVENT-056,REVIEWED,YES,PASS
membership,CAN-LAM-EVENT-057,REVIEWED,YES,PASS
membership,CAN-LAM-EVENT-058,REVIEWED,YES,PASS
membership,CAN-LAM-EVENT-059,REVIEWED,YES,PASS
membership,CAN-LAM-EVENT-060,REVIEWED,YES,PASS
membership,CAN-LAM-EVENT-061,REVIEWED,YES,PASS
membership,CAN-LAM-EVENT-062,REVIEWED,YES,PASS
membership,CAN-LAM-EVENT-063,REVIEWED,YES,PASS
membership,CAN-LAM-EVENT-077,REVIEWED,YES,PASS
membership,CAN-LAM-EVENT-078,REVIEWED,YES,PASS
membership,CAN-LAM-EVENT-079,REVIEWED,YES,PASS
membership,CAN-LAM-EVENT-080,REVIEWED,YES,PASS
membership,CAN-LAM-EVENT-083,REVIEWED,YES,PASS
membership,CAN-LAM-EVENT-084,REVIEWED,YES,PASS
membership,CAN-LAM-EVENT-085,REVIEWED,YES,PASS
membership,CAN-LAM-FOLDER-001,REVIEWED,YES,PASS
membership,CAN-LAM-FOLDER-003,REVIEWED,YES,PASS
membership,CAN-LAM-FOLDER-004,REVIEWED,YES,PASS
membership,CAN-LAM-FOLDER-006,REVIEWED,YES,PASS
membership,CAN-LAM-FOLDER-007,REVIEWED,YES,PASS
membership,CAN-LAM-FOLDER-008,REVIEWED,YES,PASS
membership,CAN-LAM-FOLDER-009,REVIEWED,YES,PASS
membership,CAN-LAM-FOLDER-010,REVIEWED,YES,PASS
membership,CAN-LAM-FOLDER-011,REVIEWED,YES,PASS
membership,CAN-LAM-FOLDER-012,REVIEWED,YES,PASS
membership,CAN-LAM-FOLDER-013,REVIEWED,YES,PASS
membership,CAN-LAM-FOLDER-014,REVIEWED,YES,PASS
membership,CAN-LAM-FOLDER-015,REVIEWED,YES,PASS
membership,CAN-LAM-FOLDER-016,REVIEWED,YES,PASS
membership,CAN-LAM-FOLDER-017,REVIEWED,YES,PASS
membership,CAN-LAM-FOLDER-018,REVIEWED,YES,PASS
membership,CAN-LAM-FOLDER-019,REVIEWED,YES,PASS
membership,CAN-LAM-FOLDER-020,REVIEWED,YES,PASS
membership,CAN-LAM-FOLDER-023,REVIEWED,YES,PASS
membership,CAN-LAM-FOLDER-024,REVIEWED,YES,PASS
membership,CAN-LAM-FOLDER-025,REVIEWED,YES,PASS
membership,CAN-LAM-FOLDER-026,REVIEWED,YES,PASS
membership,CAN-LAM-FOLDER-027,REVIEWED,YES,PASS
membership,CAN-LAM-FOLDER-032,REVIEWED,YES,PASS
membership,CAN-LAM-FOLDER-034,REVIEWED,YES,PASS
membership,CAN-LAM-FOLDER-035,REVIEWED,YES,PASS
membership,CAN-LAM-FOLDER-036,REVIEWED,YES,PASS
membership,CAN-LAM-FOLDER-037,REVIEWED,YES,PASS
membership,CAN-LAM-FOLDER-038,REVIEWED,YES,PASS
membership,CAN-LAM-FOLDER-039,REVIEWED,YES,PASS
membership,CAN-LAM-FOLDER-040,REVIEWED,YES,PASS
membership,CAN-LAM-FOLDER-041,REVIEWED,YES,PASS
membership,CAN-LAM-FOLDER-042,REVIEWED,YES,PASS
membership,CAN-LAM-FOLDER-043,REVIEWED,YES,PASS
membership,CAN-LAM-FOLDER-045,REVIEWED,YES,PASS
membership,CAN-LAM-FOLDER-046,REVIEWED,YES,PASS
membership,CAN-LAM-FOLDER-047,REVIEWED,YES,PASS
membership,CAN-LAM-FOLDER-048,REVIEWED,YES,PASS
membership,CAN-LAM-FOLDER-049,REVIEWED,YES,PASS
membership,CAN-LAM-FOLDER-050,REVIEWED,YES,PASS
membership,CAN-LAM-FOLDER-051,REVIEWED,YES,PASS
membership,CAN-LAM-FOLDER-052,REVIEWED,YES,PASS
membership,CAN-LAM-FOLDER-067,REVIEWED,YES,PASS
membership,CAN-LAM-FOLDER-068,REVIEWED,YES,PASS
membership,CAN-LAM-FOLDER-069,REVIEWED,YES,PASS
membership,CAN-LAM-FOLDER-071,REVIEWED,YES,PASS
membership,CAN-LAM-FOLDER-072,REVIEWED,YES,PASS
membership,CAN-LAM-FOLDER-073,REVIEWED,YES,PASS
membership,CAN-LAM-FOLDER-076,REVIEWED,YES,PASS
membership,CAN-LAM-FOLDER-077,REVIEWED,YES,PASS
membership,CAN-LAM-FOLDER-078,REVIEWED,YES,PASS
membership,CAN-LAM-GOV-018,REVIEWED,YES,PASS
membership,CAN-LAM-GOV-052,REVIEWED,YES,PASS
membership,CAN-LAM-GOV-054,REVIEWED,YES,PASS
membership,CAN-LAM-GOV-062,REVIEWED,YES,PASS
membership,CAN-LAM-GOV-065,REVIEWED,YES,PASS
membership,CAN-LAM-GOV-069,REVIEWED,YES,PASS
membership,CAN-LAM-GOV-071,REVIEWED,YES,PASS
membership,CAN-LAM-GOV-075,REVIEWED,YES,PASS
membership,CAN-LAM-GOV-076,REVIEWED,YES,PASS
membership,CAN-LAM-GOV-126,REVIEWED,YES,PASS
membership,CAN-LAM-GOV-165,REVIEWED,YES,PASS
membership,CAN-LAM-GOV-174,REVIEWED,YES,PASS
membership,CAN-LAM-GOV-179,REVIEWED,YES,PASS
membership,CAN-LAM-GOV-180,REVIEWED,YES,PASS
membership,CAN-LAM-GOV-218,REVIEWED,YES,PASS
membership,CAN-LAM-GOV-224,REVIEWED,YES,PASS
membership,CAN-LAM-GOV-237,REVIEWED,YES,PASS
membership,CAN-LAM-GOV-238,REVIEWED,YES,PASS
membership,CAN-LAM-GOV-240,REVIEWED,YES,PASS
membership,CAN-LAM-GOV-241,REVIEWED,YES,PASS
membership,CAN-LAM-GOV-242,REVIEWED,YES,PASS
membership,CAN-LAM-GOV-243,REVIEWED,YES,PASS
membership,CAN-LAM-GOV-244,REVIEWED,YES,PASS
membership,CAN-LAM-GOV-252,REVIEWED,YES,PASS
membership,CAN-LAM-GOV-253,REVIEWED,YES,PASS
membership,CAN-LAM-GOV-254,REVIEWED,YES,PASS
membership,CAN-LAM-GOV-255,REVIEWED,YES,PASS
membership,CAN-LAM-GOV-256,REVIEWED,YES,PASS
membership,CAN-LAM-GOV-257,REVIEWED,YES,PASS
membership,CAN-LAM-GOV-258,REVIEWED,YES,PASS
membership,CAN-LAM-GOV-261,REVIEWED,YES,PASS
membership,CAN-LAM-GOV-262,REVIEWED,YES,PASS
membership,CAN-LAM-GOV-263,REVIEWED,YES,PASS
membership,CAN-LAM-GOV-264,REVIEWED,YES,PASS
membership,CAN-LAM-GOV-265,REVIEWED,YES,PASS
membership,CAN-LAM-GOV-266,REVIEWED,YES,PASS
membership,CAN-LAM-GOV-270,REVIEWED,YES,PASS
membership,CAN-LAM-GOV-273,REVIEWED,YES,PASS
membership,CAN-LAM-GOV-274,REVIEWED,YES,PASS
membership,CAN-LAM-GOV-292,REVIEWED,YES,PASS
membership,CAN-LAM-INV-AI-02-B,REVIEWED,YES,PASS
membership,CAN-LAM-INV-AI-03,REVIEWED,YES,PASS
membership,CAN-LAM-INV-AI-04,REVIEWED,YES,PASS
membership,CAN-LAM-INV-ASSET-01,REVIEWED,YES,PASS
membership,CAN-LAM-INV-ASSET-02,REVIEWED,YES,PASS
membership,CAN-LAM-INV-ASSET-03,REVIEWED,YES,PASS
membership,CAN-LAM-INV-ASSET-04,REVIEWED,YES,PASS
membership,CAN-LAM-INV-ASSET-05,REVIEWED,YES,PASS
membership,CAN-LAM-INV-ASSET-06,REVIEWED,YES,PASS
membership,CAN-LAM-INV-ASSET-07,REVIEWED,YES,PASS
membership,CAN-LAM-INV-EVENT-01,REVIEWED,YES,PASS
membership,CAN-LAM-INV-EVENT-02,REVIEWED,YES,PASS
membership,CAN-LAM-INV-EVENT-03,REVIEWED,YES,PASS
membership,CAN-LAM-INV-FS-01,REVIEWED,YES,PASS
membership,CAN-LAM-INV-META-01,REVIEWED,YES,PASS
membership,CAN-LAM-INV-META-02,REVIEWED,YES,PASS
membership,CAN-LAM-INV-META-03,REVIEWED,YES,PASS
membership,CAN-LAM-INV-META-04,REVIEWED,YES,PASS
membership,CAN-LAM-INV-PERSON-01,REVIEWED,YES,PASS
membership,CAN-LAM-INV-PERSON-02,REVIEWED,YES,PASS
membership,CAN-LAM-INV-PERSON-03,REVIEWED,YES,PASS
membership,CAN-LAM-LEGAL-001,REVIEWED,YES,PASS
membership,CAN-LAM-LEGAL-002,REVIEWED,YES,PASS
membership,CAN-LAM-LEGAL-010,REVIEWED,YES,PASS
membership,CAN-LAM-LEGAL-013,REVIEWED,YES,PASS
membership,CAN-LAM-LEGAL-014,REVIEWED,YES,PASS
membership,CAN-LAM-META-002,REVIEWED,YES,PASS
membership,CAN-LAM-META-006,REVIEWED,YES,PASS
membership,CAN-LAM-META-009,REVIEWED,YES,PASS
membership,CAN-LAM-META-011,REVIEWED,YES,PASS
membership,CAN-LAM-META-012,REVIEWED,YES,PASS
membership,CAN-LAM-META-013,REVIEWED,YES,PASS
membership,CAN-LAM-META-014,REVIEWED,YES,PASS
membership,CAN-LAM-META-015,REVIEWED,YES,PASS
membership,CAN-LAM-META-016,REVIEWED,YES,PASS
membership,CAN-LAM-META-018,REVIEWED,YES,PASS
membership,CAN-LAM-META-019,REVIEWED,YES,PASS
membership,CAN-LAM-META-021,REVIEWED,YES,PASS
membership,CAN-LAM-META-023,REVIEWED,YES,PASS
membership,CAN-LAM-META-024,REVIEWED,YES,PASS
membership,CAN-LAM-META-025,REVIEWED,YES,PASS
membership,CAN-LAM-META-026,REVIEWED,YES,PASS
membership,CAN-LAM-META-029,REVIEWED,YES,PASS
membership,CAN-LAM-META-032,REVIEWED,YES,PASS
membership,CAN-LAM-META-033,REVIEWED,YES,PASS
membership,CAN-LAM-META-034,REVIEWED,YES,PASS
membership,CAN-LAM-META-035,REVIEWED,YES,PASS
membership,CAN-LAM-META-036,REVIEWED,YES,PASS
membership,CAN-LAM-META-037,REVIEWED,YES,PASS
membership,CAN-LAM-META-039,REVIEWED,YES,PASS
membership,CAN-LAM-META-040,REVIEWED,YES,PASS
membership,CAN-LAM-META-041,REVIEWED,YES,PASS
membership,CAN-LAM-META-042,REVIEWED,YES,PASS
membership,CAN-LAM-META-043,REVIEWED,YES,PASS
membership,CAN-LAM-META-044,REVIEWED,YES,PASS
membership,CAN-LAM-META-045,REVIEWED,YES,PASS
membership,CAN-LAM-META-046,REVIEWED,YES,PASS
membership,CAN-LAM-META-048,REVIEWED,YES,PASS
membership,CAN-LAM-META-049,REVIEWED,YES,PASS
membership,CAN-LAM-META-050,REVIEWED,YES,PASS
membership,CAN-LAM-META-051,REVIEWED,YES,PASS
membership,CAN-LAM-META-068,REVIEWED,YES,PASS
membership,CAN-LAM-META-070,REVIEWED,YES,PASS
membership,CAN-LAM-META-071,REVIEWED,YES,PASS
membership,CAN-LAM-META-074,REVIEWED,YES,PASS
membership,CAN-LAM-META-075,REVIEWED,YES,PASS
membership,CAN-LAM-META-076,REVIEWED,YES,PASS
membership,CAN-LAM-META-077,REVIEWED,YES,PASS
membership,CAN-LAM-PERF-001,REVIEWED,YES,PASS
membership,CAN-LAM-PERF-002,REVIEWED,YES,PASS
membership,CAN-LAM-PERF-003,REVIEWED,YES,PASS
membership,CAN-LAM-PERF-004,REVIEWED,YES,PASS
membership,CAN-LAM-PERF-005,REVIEWED,YES,PASS
membership,CAN-LAM-PERF-006,REVIEWED,YES,PASS
membership,CAN-LAM-PERF-008,REVIEWED,YES,PASS
membership,CAN-LAM-PERSON-002,REVIEWED,YES,PASS
membership,CAN-LAM-PERSON-004,REVIEWED,YES,PASS
membership,CAN-LAM-PERSON-007,REVIEWED,YES,PASS
membership,CAN-LAM-PERSON-008,REVIEWED,YES,PASS
membership,CAN-LAM-PERSON-009,REVIEWED,YES,PASS
membership,CAN-LAM-PERSON-010,REVIEWED,YES,PASS
membership,CAN-LAM-PERSON-011,REVIEWED,YES,PASS
membership,CAN-LAM-PERSON-012,REVIEWED,YES,PASS
membership,CAN-LAM-PERSON-013,REVIEWED,YES,PASS
membership,CAN-LAM-PERSON-014,REVIEWED,YES,PASS
membership,CAN-LAM-PERSON-017,REVIEWED,YES,PASS
membership,CAN-LAM-PERSON-018,REVIEWED,YES,PASS
membership,CAN-LAM-PERSON-019,REVIEWED,YES,PASS
membership,CAN-LAM-PERSON-020,REVIEWED,YES,PASS
membership,CAN-LAM-PERSON-021,REVIEWED,YES,PASS
membership,CAN-LAM-PERSON-022,REVIEWED,YES,PASS
membership,CAN-LAM-PERSON-023,REVIEWED,YES,PASS
membership,CAN-LAM-PERSON-024,REVIEWED,YES,PASS
membership,CAN-LAM-PERSON-025,REVIEWED,YES,PASS
membership,CAN-LAM-PERSON-026,REVIEWED,YES,PASS
membership,CAN-LAM-PERSON-027,REVIEWED,YES,PASS
membership,CAN-LAM-PERSON-028,REVIEWED,YES,PASS
membership,CAN-LAM-PERSON-029,REVIEWED,YES,PASS
membership,CAN-LAM-PERSON-030,REVIEWED,YES,PASS
membership,CAN-LAM-PERSON-033,REVIEWED,YES,PASS
membership,CAN-LAM-PERSON-034,REVIEWED,YES,PASS
membership,CAN-LAM-PERSON-035,REVIEWED,YES,PASS
membership,CAN-LAM-PERSON-036,REVIEWED,YES,PASS
membership,CAN-LAM-PERSON-037,REVIEWED,YES,PASS
membership,CAN-LAM-PERSON-038,REVIEWED,YES,PASS
membership,CAN-LAM-PERSON-039,REVIEWED,YES,PASS
membership,CAN-LAM-PERSON-049,REVIEWED,YES,PASS
membership,CAN-LAM-PERSON-051,REVIEWED,YES,PASS
membership,CAN-LAM-PERSON-060,REVIEWED,YES,PASS
membership,CAN-LAM-PERSON-061,REVIEWED,YES,PASS
membership,CAN-LAM-PERSON-062,REVIEWED,YES,PASS
membership,CAN-LAM-PERSON-068,REVIEWED,YES,PASS
membership,CAN-LAM-PERSON-073,REVIEWED,YES,PASS
membership,CAN-LAM-PERSON-077,REVIEWED,YES,PASS
membership,CAN-LAM-PERSON-078,REVIEWED,YES,PASS
membership,CAN-LAM-PERSON-086,REVIEWED,YES,PASS
membership,CAN-LAM-PERSON-087,REVIEWED,YES,PASS
membership,CAN-LAM-PERSON-088,REVIEWED,YES,PASS
membership,CAN-LAM-PERSON-089,REVIEWED,YES,PASS
membership,CAN-LAM-PERSON-090,REVIEWED,YES,PASS
membership,CAN-LAM-PERSON-091,REVIEWED,YES,PASS
membership,CAN-LAM-PERSON-092,REVIEWED,YES,PASS
membership,CAN-LAM-PERSON-093,REVIEWED,YES,PASS
membership,CAN-LAM-PERSON-094,REVIEWED,YES,PASS
membership,CAN-LAM-PERSON-095,REVIEWED,YES,PASS
membership,CAN-LAM-PERSON-096,REVIEWED,YES,PASS
membership,CAN-LAM-PERSON-097,REVIEWED,YES,PASS
membership,CAN-LAM-PERSON-098,REVIEWED,YES,PASS
membership,CAN-LAM-PERSON-100,REVIEWED,YES,PASS
membership,CAN-LAM-PERSON-121,REVIEWED,YES,PASS
membership,CAN-LAM-PERSON-128,REVIEWED,YES,PASS
membership,CAN-LAM-SEARCH-001,REVIEWED,YES,PASS
membership,CAN-LAM-SEARCH-002,REVIEWED,YES,PASS
membership,CAN-LAM-SEARCH-003,REVIEWED,YES,PASS
membership,CAN-LAM-SEARCH-004,REVIEWED,YES,PASS
membership,CAN-LAM-SEARCH-005,REVIEWED,YES,PASS
membership,CAN-LAM-SEARCH-006,REVIEWED,YES,PASS
membership,CAN-LAM-SEARCH-007,REVIEWED,YES,PASS
membership,CAN-LAM-SEARCH-008,REVIEWED,YES,PASS
membership,CAN-LAM-SEARCH-009,REVIEWED,YES,PASS
membership,CAN-LAM-SEARCH-011,REVIEWED,YES,PASS
membership,CAN-LAM-SEARCH-012,REVIEWED,YES,PASS
membership,CAN-LAM-SEARCH-013,REVIEWED,YES,PASS
membership,CAN-LAM-TEST-020,REVIEWED,YES,PASS
membership,CAN-LAM-TEST-021,REVIEWED,YES,PASS
membership,CAN-LAM-TRANSACTION-001,REVIEWED,YES,PASS
membership,CAN-LAM-TRANSACTION-002,REVIEWED,YES,PASS
membership,CAN-LAM-TRANSACTION-012,REVIEWED,YES,PASS
membership,CAN-LAM-TRASH-002,REVIEWED,YES,PASS
membership,CAN-LAM-TRASH-003,REVIEWED,YES,PASS
membership,CAN-LAM-TRASH-004,REVIEWED,YES,PASS
membership,CAN-MISSION-I0-001,REVIEWED,YES,PASS
membership,CAN-MISSION-I0-002,REVIEWED,YES,PASS
membership,CAN-MISSION-I0-003,REVIEWED,YES,PASS
membership,CAN-MISSION-I0-004,REVIEWED,YES,PASS
membership,CAN-MISSION-I0-005,REVIEWED,YES,PASS
membership,CAN-MISSION-I0-006,REVIEWED,YES,PASS
membership,CAN-MISSION-I0-007,REVIEWED,YES,PASS
membership,CAN-MISSION-I0-008,REVIEWED,YES,PASS
membership,CAN-MISSION-I0-009,REVIEWED,YES,PASS
membership,CAN-MISSION-I0-010,REVIEWED,YES,PASS
membership,CAN-MISSION-I0-011,REVIEWED,YES,PASS
membership,CAN-MISSION-I14-001,REVIEWED,YES,PASS
membership,CAN-MISSION-I14-002,REVIEWED,YES,PASS
membership,CAN-MISSION-I14-003,REVIEWED,YES,PASS
membership,CAN-MISSION-I14-004,REVIEWED,YES,PASS
membership,CAN-MISSION-I15-001,REVIEWED,YES,PASS
membership,CAN-MISSION-I15-002,REVIEWED,YES,PASS
membership,CAN-MISSION-I15-003,REVIEWED,YES,PASS
membership,CAN-SECTION-0120,REVIEWED,YES,PASS
package,WP-I0-001,REVIEWED,YES,PASS
package,WP-I0-002,REVIEWED,YES,PASS
package,WP-I0-003,REVIEWED,YES,PASS
package,WP-I0-004,REVIEWED,YES,PASS
package,WP-I0-005,REVIEWED,YES,PASS
package,WP-I0-006,REVIEWED,YES,PASS
package,WP-I0-007,REVIEWED,YES,PASS
package,WP-I0-008,REVIEWED,YES,PASS
package,WP-I0-009,REVIEWED,YES,PASS
package,WP-I0-010,REVIEWED,YES,PASS
package,WP-I0-011,REVIEWED,YES,PASS
package,WP-I1-001,REVIEWED,YES,PASS
package,WP-I1-002,REVIEWED,YES,PASS
package,WP-I1-003,REVIEWED,YES,PASS
package,WP-I1-004,REVIEWED,YES,PASS
package,WP-I1-005,REVIEWED,YES,PASS
package,WP-I10-001,REVIEWED,YES,PASS
package,WP-I10-002,REVIEWED,YES,PASS
package,WP-I10-003,REVIEWED,YES,PASS
package,WP-I10-004,REVIEWED,YES,PASS
package,WP-I10-005,REVIEWED,YES,PASS
package,WP-I10-006,REVIEWED,YES,PASS
package,WP-I10-007,REVIEWED,YES,PASS
package,WP-I10-008,REVIEWED,YES,PASS
package,WP-I10-009,REVIEWED,YES,PASS
package,WP-I10-010,REVIEWED,YES,PASS
package,WP-I10-011,REVIEWED,YES,PASS
package,WP-I10-012,REVIEWED,YES,PASS
package,WP-I10-013,REVIEWED,YES,PASS
package,WP-I11-001,REVIEWED,YES,PASS
package,WP-I11-002,REVIEWED,YES,PASS
package,WP-I11-003,REVIEWED,YES,PASS
package,WP-I11-004,REVIEWED,YES,PASS
package,WP-I11-006,REVIEWED,YES,PASS
package,WP-I11-009,REVIEWED,YES,PASS
package,WP-I11-010,REVIEWED,YES,PASS
package,WP-I11-011,REVIEWED,YES,PASS
package,WP-I11-012,REVIEWED,YES,PASS
package,WP-I12-001,REVIEWED,YES,PASS
package,WP-I12-004,REVIEWED,YES,PASS
package,WP-I12-005,REVIEWED,YES,PASS
package,WP-I12-006,REVIEWED,YES,PASS
package,WP-I12-007,REVIEWED,YES,PASS
package,WP-I12-008,REVIEWED,YES,PASS
package,WP-I12-009,REVIEWED,YES,PASS
package,WP-I13-001,REVIEWED,YES,PASS
package,WP-I13-002,REVIEWED,YES,PASS
package,WP-I13-003,REVIEWED,YES,PASS
package,WP-I13-005,REVIEWED,YES,PASS
package,WP-I13-006,REVIEWED,YES,PASS
package,WP-I13-008,REVIEWED,YES,PASS
package,WP-I13-009,REVIEWED,YES,PASS
package,WP-I13-010,REVIEWED,YES,PASS
package,WP-I13-011,REVIEWED,YES,PASS
package,WP-I14-001,REVIEWED,YES,PASS
package,WP-I14-003,REVIEWED,YES,PASS
package,WP-I14-004,REVIEWED,YES,PASS
package,WP-I14-005,REVIEWED,YES,PASS
package,WP-I14-009,REVIEWED,YES,PASS
package,WP-I14-010,REVIEWED,YES,PASS
package,WP-I14-011,REVIEWED,YES,PASS
package,WP-I14-012,REVIEWED,YES,PASS
package,WP-I14-013,REVIEWED,YES,PASS
package,WP-I14-014,REVIEWED,YES,PASS
package,WP-I15-001,REVIEWED,YES,PASS
package,WP-I15-005,REVIEWED,YES,PASS
package,WP-I15-006,REVIEWED,YES,PASS
package,WP-I15-007,REVIEWED,YES,PASS
package,WP-I15-008,REVIEWED,YES,PASS
package,WP-I15-014,REVIEWED,YES,PASS
package,WP-I15-015,REVIEWED,YES,PASS
package,WP-I2-001,REVIEWED,YES,PASS
package,WP-I2-002,REVIEWED,YES,PASS
package,WP-I2-003,REVIEWED,YES,PASS
package,WP-I2-004,REVIEWED,YES,PASS
package,WP-I2-005,REVIEWED,YES,PASS
package,WP-I2-007,REVIEWED,YES,PASS
package,WP-I2-008,REVIEWED,YES,PASS
package,WP-I2-011,REVIEWED,YES,PASS
package,WP-I2-013,REVIEWED,YES,PASS
package,WP-I3-001,REVIEWED,YES,PASS
package,WP-I3-002,REVIEWED,YES,PASS
package,WP-I3-003,REVIEWED,YES,PASS
package,WP-I3-004,REVIEWED,YES,PASS
package,WP-I3-005,REVIEWED,YES,PASS
package,WP-I3-006,REVIEWED,YES,PASS
package,WP-I3-007,REVIEWED,YES,PASS
package,WP-I3-008,REVIEWED,YES,PASS
package,WP-I3-009,REVIEWED,YES,PASS
package,WP-I3-010,REVIEWED,YES,PASS
package,WP-I3-011,REVIEWED,YES,PASS
package,WP-I3-012,REVIEWED,YES,PASS
package,WP-I3-014,REVIEWED,YES,PASS
package,WP-I3-015,REVIEWED,YES,PASS
package,WP-I3-016,REVIEWED,YES,PASS
package,WP-I4-001,REVIEWED,YES,PASS
package,WP-I4-002,REVIEWED,YES,PASS
package,WP-I4-003,REVIEWED,YES,PASS
package,WP-I4-004,REVIEWED,YES,PASS
package,WP-I4-005,REVIEWED,YES,PASS
package,WP-I4-006,REVIEWED,YES,PASS
package,WP-I4-007,REVIEWED,YES,PASS
package,WP-I4-008,REVIEWED,YES,PASS
package,WP-I4-009,REVIEWED,YES,PASS
package,WP-I4-010,REVIEWED,YES,PASS
package,WP-I4-011,REVIEWED,YES,PASS
package,WP-I4-012,REVIEWED,YES,PASS
package,WP-I5-001,REVIEWED,YES,PASS
package,WP-I5-002,REVIEWED,YES,PASS
package,WP-I5-003,REVIEWED,YES,PASS
package,WP-I5-004,REVIEWED,YES,PASS
package,WP-I5-005,REVIEWED,YES,PASS
package,WP-I5-006,REVIEWED,YES,PASS
package,WP-I5-007,REVIEWED,YES,PASS
package,WP-I5-008,REVIEWED,YES,PASS
package,WP-I5-010,REVIEWED,YES,PASS
package,WP-I5-011,REVIEWED,YES,PASS
package,WP-I5-012,REVIEWED,YES,PASS
package,WP-I5-013,REVIEWED,YES,PASS
package,WP-I5-014,REVIEWED,YES,PASS
package,WP-I5-015,REVIEWED,YES,PASS
package,WP-I5-016,REVIEWED,YES,PASS
package,WP-I5-017,REVIEWED,YES,PASS
package,WP-I6-001,REVIEWED,YES,PASS
package,WP-I6-002,REVIEWED,YES,PASS
package,WP-I6-003,REVIEWED,YES,PASS
package,WP-I6-004,REVIEWED,YES,PASS
package,WP-I6-005,REVIEWED,YES,PASS
package,WP-I6-006,REVIEWED,YES,PASS
package,WP-I6-007,REVIEWED,YES,PASS
package,WP-I6-008,REVIEWED,YES,PASS
package,WP-I6-009,REVIEWED,YES,PASS
package,WP-I6-010,REVIEWED,YES,PASS
package,WP-I7-001,REVIEWED,YES,PASS
package,WP-I7-002,REVIEWED,YES,PASS
package,WP-I7-003,REVIEWED,YES,PASS
package,WP-I7-004,REVIEWED,YES,PASS
package,WP-I7-005,REVIEWED,YES,PASS
package,WP-I7-007,REVIEWED,YES,PASS
package,WP-I7-008,REVIEWED,YES,PASS
package,WP-I7-009,REVIEWED,YES,PASS
package,WP-I7-010,REVIEWED,YES,PASS
package,WP-I7-011,REVIEWED,YES,PASS
package,WP-I8-001,REVIEWED,YES,PASS
package,WP-I8-002,REVIEWED,YES,PASS
package,WP-I8-004,REVIEWED,YES,PASS
package,WP-I8-005,REVIEWED,YES,PASS
package,WP-I8-006,REVIEWED,YES,PASS
package,WP-I8-007,REVIEWED,YES,PASS
package,WP-I8-009,REVIEWED,YES,PASS
package,WP-I8-010,REVIEWED,YES,PASS
package,WP-I9-001,REVIEWED,YES,PASS
package,WP-I9-004,REVIEWED,YES,PASS
package,WP-I9-006,REVIEWED,YES,PASS
package,WP-I9-007,REVIEWED,YES,PASS
dependency,WP-I0-002<-WP-I0-001,REVIEWED_CORRECTED,YES,PASS
dependency,WP-I0-003<-WP-I0-001,REVIEWED_CORRECTED,YES,PASS
dependency,WP-I0-004<-WP-I0-001,REVIEWED_CORRECTED,YES,PASS
dependency,WP-I0-005<-WP-I0-004,REVIEWED_CORRECTED,YES,PASS
dependency,WP-I0-006<-WP-I0-001,REVIEWED_CORRECTED,YES,PASS
dependency,WP-I0-007<-WP-I0-004,REVIEWED_CORRECTED,YES,PASS
dependency,WP-I0-007<-WP-I0-005,REVIEWED_CORRECTED,YES,PASS
dependency,WP-I0-008<-WP-I0-001,REVIEWED_CORRECTED,YES,PASS
dependency,WP-I0-009<-WP-I0-001,REVIEWED_CORRECTED,YES,PASS
dependency,WP-I0-010<-WP-I0-001,REVIEWED_CORRECTED,YES,PASS
dependency,WP-I0-011<-WP-I0-001,REVIEWED_CORRECTED,YES,PASS
dependency,WP-I1-001<-WP-I0-001,REVIEWED_CORRECTED,YES,PASS
dependency,WP-I1-002<-WP-I1-001,REVIEWED_CORRECTED,YES,PASS
dependency,WP-I1-003<-WP-I1-001,REVIEWED_CORRECTED,YES,PASS
dependency,WP-I1-004<-WP-I1-001,REVIEWED_CORRECTED,YES,PASS
dependency,WP-I1-005<-WP-I1-001,REVIEWED_CORRECTED,YES,PASS
dependency,WP-I10-001<-WP-I2-007,REVIEWED_CORRECTED,YES,PASS
dependency,WP-I10-002<-WP-I10-001,REVIEWED_CORRECTED,YES,PASS
dependency,WP-I10-003<-WP-I0-005,REVIEWED_CORRECTED,YES,PASS
dependency,WP-I10-004<-WP-I10-003,REVIEWED_CORRECTED,YES,PASS
dependency,WP-I10-005<-WP-I10-003,REVIEWED_CORRECTED,YES,PASS
dependency,WP-I10-006<-WP-I10-001,REVIEWED_CORRECTED,YES,PASS
dependency,WP-I10-007<-WP-I10-001,REVIEWED_CORRECTED,YES,PASS
dependency,WP-I10-008<-WP-I10-007,REVIEWED_CORRECTED,YES,PASS
dependency,WP-I10-009<-WP-I10-003,REVIEWED_CORRECTED,YES,PASS
dependency,WP-I10-010<-WP-I10-001,REVIEWED_CORRECTED,YES,PASS
dependency,WP-I10-010<-WP-I10-003,REVIEWED_CORRECTED,YES,PASS
dependency,WP-I10-011<-WP-I3-002,REVIEWED_CORRECTED,YES,PASS
dependency,WP-I10-012<-WP-I10-003,REVIEWED_CORRECTED,YES,PASS
dependency,WP-I10-013<-WP-I5-010,REVIEWED_CORRECTED,YES,PASS
dependency,WP-I11-001<-WP-I3-006,REVIEWED_CORRECTED,YES,PASS
dependency,WP-I11-001<-WP-I3-011,REVIEWED_CORRECTED,YES,PASS
dependency,WP-I11-002<-WP-I11-001,REVIEWED_CORRECTED,YES,PASS
dependency,WP-I11-003<-WP-I11-001,REVIEWED_CORRECTED,YES,PASS
dependency,WP-I11-004<-WP-I3-001,REVIEWED_CORRECTED,YES,PASS
dependency,WP-I11-006<-WP-I11-004,REVIEWED_CORRECTED,YES,PASS
dependency,WP-I11-006<-WP-I3-012,REVIEWED_CORRECTED,YES,PASS
dependency,WP-I11-009<-WP-I11-003,REVIEWED_CORRECTED,YES,PASS
dependency,WP-I11-010<-WP-I3-006,REVIEWED_CORRECTED,YES,PASS
dependency,WP-I11-011<-WP-I3-015,REVIEWED_CORRECTED,YES,PASS
dependency,WP-I11-012<-WP-I3-014,REVIEWED_CORRECTED,YES,PASS
dependency,WP-I12-001<-WP-I3-003,REVIEWED_CORRECTED,YES,PASS
dependency,WP-I12-004<-WP-I12-001,REVIEWED_CORRECTED,YES,PASS
dependency,WP-I12-004<-WP-I4-010,REVIEWED_CORRECTED,YES,PASS
dependency,WP-I12-005<-WP-I12-004,REVIEWED_CORRECTED,YES,PASS
dependency,WP-I12-006<-WP-I12-001,REVIEWED_CORRECTED,YES,PASS
dependency,WP-I12-007<-WP-I3-014,REVIEWED_CORRECTED,YES,PASS
dependency,WP-I12-008<-WP-I3-004,REVIEWED_CORRECTED,YES,PASS
dependency,WP-I12-009<-WP-I12-007,REVIEWED_CORRECTED,YES,PASS
dependency,WP-I13-001<-WP-I3-001,REVIEWED_CORRECTED,YES,PASS
dependency,WP-I13-002<-WP-I13-001,REVIEWED_CORRECTED,YES,PASS
dependency,WP-I13-002<-WP-I3-012,REVIEWED_CORRECTED,YES,PASS
dependency,WP-I13-003<-WP-I13-002,REVIEWED_CORRECTED,YES,PASS
dependency,WP-I13-005<-WP-I13-003,REVIEWED_CORRECTED,YES,PASS
dependency,WP-I13-005<-WP-I3-011,REVIEWED_CORRECTED,YES,PASS
dependency,WP-I13-006<-WP-I3-010,REVIEWED_CORRECTED,YES,PASS
dependency,WP-I13-006<-WP-I3-011,REVIEWED_CORRECTED,YES,PASS
dependency,WP-I13-006<-WP-I3-012,REVIEWED_CORRECTED,YES,PASS
dependency,WP-I13-008<-WP-I3-014,REVIEWED_CORRECTED,YES,PASS
dependency,WP-I13-009<-WP-I3-009,REVIEWED_CORRECTED,YES,PASS
dependency,WP-I13-010<-WP-I10-003,REVIEWED_CORRECTED,YES,PASS
dependency,WP-I13-010<-WP-I10-007,REVIEWED_CORRECTED,YES,PASS
dependency,WP-I13-010<-WP-I13-009,REVIEWED_CORRECTED,YES,PASS
dependency,WP-I13-011<-WP-I3-009,REVIEWED_CORRECTED,YES,PASS
dependency,WP-I14-001<-WP-I0-007,REVIEWED_CORRECTED,YES,PASS
dependency,WP-I14-003<-WP-I14-001,REVIEWED_CORRECTED,YES,PASS
dependency,WP-I14-003<-WP-I5-001,REVIEWED_CORRECTED,YES,PASS
dependency,WP-I14-004<-WP-I10-006,REVIEWED_CORRECTED,YES,PASS
dependency,WP-I14-004<-WP-I14-001,REVIEWED_CORRECTED,YES,PASS
dependency,WP-I14-005<-WP-I2-002,REVIEWED_CORRECTED,YES,PASS
dependency,WP-I14-009<-WP-I10-008,REVIEWED_CORRECTED,YES,PASS
dependency,WP-I14-010<-WP-I10-005,REVIEWED_CORRECTED,YES,PASS
dependency,WP-I14-011<-WP-I14-001,REVIEWED_CORRECTED,YES,PASS
dependency,WP-I14-011<-WP-I4-009,REVIEWED_CORRECTED,YES,PASS
dependency,WP-I14-012<-WP-I10-008,REVIEWED_CORRECTED,YES,PASS
dependency,WP-I14-012<-WP-I14-001,REVIEWED_CORRECTED,YES,PASS
dependency,WP-I14-013<-WP-I14-001,REVIEWED_CORRECTED,YES,PASS
dependency,WP-I14-013<-WP-I2-001,REVIEWED_CORRECTED,YES,PASS
dependency,WP-I14-013<-WP-I9-001,REVIEWED_CORRECTED,YES,PASS
dependency,WP-I14-014<-WP-I14-001,REVIEWED_CORRECTED,YES,PASS
dependency,WP-I14-014<-WP-I15-001,REVIEWED_CORRECTED,YES,PASS
dependency,WP-I15-001<-WP-I15-006,REVIEWED_CORRECTED,YES,PASS
dependency,WP-I15-001<-WP-I2-013,REVIEWED_CORRECTED,YES,PASS
dependency,WP-I15-005<-WP-I15-001,REVIEWED_CORRECTED,YES,PASS
dependency,WP-I15-006<-WP-I0-005,REVIEWED_CORRECTED,YES,PASS
dependency,WP-I15-007<-WP-I15-001,REVIEWED_CORRECTED,YES,PASS
dependency,WP-I15-007<-WP-I15-006,REVIEWED_CORRECTED,YES,PASS
dependency,WP-I15-008<-WP-I15-001,REVIEWED_CORRECTED,YES,PASS
dependency,WP-I15-008<-WP-I5-012,REVIEWED_CORRECTED,YES,PASS
dependency,WP-I15-008<-WP-I6-010,REVIEWED_CORRECTED,YES,PASS
dependency,WP-I15-008<-WP-I7-011,REVIEWED_CORRECTED,YES,PASS
dependency,WP-I15-014<-WP-I0-010,REVIEWED_CORRECTED,YES,PASS
dependency,WP-I15-014<-WP-I7-010,REVIEWED_CORRECTED,YES,PASS
dependency,WP-I15-015<-WP-I15-008,REVIEWED_CORRECTED,YES,PASS
dependency,WP-I15-015<-WP-I15-014,REVIEWED_CORRECTED,YES,PASS
dependency,WP-I2-001<-WP-I0-005,REVIEWED_CORRECTED,YES,PASS
dependency,WP-I2-002<-WP-I0-004,REVIEWED_CORRECTED,YES,PASS
dependency,WP-I2-003<-WP-I2-001,REVIEWED_CORRECTED,YES,PASS
dependency,WP-I2-003<-WP-I2-002,REVIEWED_CORRECTED,YES,PASS
dependency,WP-I2-004<-WP-I2-001,REVIEWED_CORRECTED,YES,PASS
dependency,WP-I2-005<-WP-I2-007,REVIEWED_CORRECTED,YES,PASS
dependency,WP-I2-007<-WP-I2-001,REVIEWED_CORRECTED,YES,PASS
dependency,WP-I2-008<-WP-I2-007,REVIEWED_CORRECTED,YES,PASS
dependency,WP-I2-011<-WP-I2-007,REVIEWED_CORRECTED,YES,PASS
dependency,WP-I2-013<-WP-I2-003,REVIEWED_CORRECTED,YES,PASS
dependency,WP-I3-001<-WP-I2-007,REVIEWED_CORRECTED,YES,PASS
dependency,WP-I3-002<-WP-I3-001,REVIEWED_CORRECTED,YES,PASS
dependency,WP-I3-003<-WP-I2-004,REVIEWED_CORRECTED,YES,PASS
dependency,WP-I3-004<-WP-I3-003,REVIEWED_CORRECTED,YES,PASS
dependency,WP-I3-005<-WP-I3-001,REVIEWED_CORRECTED,YES,PASS
dependency,WP-I3-006<-WP-I3-005,REVIEWED_CORRECTED,YES,PASS
dependency,WP-I3-007<-WP-I3-001,REVIEWED_CORRECTED,YES,PASS
dependency,WP-I3-008<-WP-I3-001,REVIEWED_CORRECTED,YES,PASS
dependency,WP-I3-009<-WP-I3-008,REVIEWED_CORRECTED,YES,PASS
dependency,WP-I3-010<-WP-I3-003,REVIEWED_CORRECTED,YES,PASS
dependency,WP-I3-011<-WP-I3-002,REVIEWED_CORRECTED,YES,PASS
dependency,WP-I3-011<-WP-I3-003,REVIEWED_CORRECTED,YES,PASS
dependency,WP-I3-012<-WP-I3-004,REVIEWED_CORRECTED,YES,PASS
dependency,WP-I3-012<-WP-I3-011,REVIEWED_CORRECTED,YES,PASS
dependency,WP-I3-014<-WP-I3-010,REVIEWED_CORRECTED,YES,PASS
dependency,WP-I3-015<-WP-I3-001,REVIEWED_CORRECTED,YES,PASS
dependency,WP-I3-016<-WP-I3-003,REVIEWED_CORRECTED,YES,PASS
dependency,WP-I4-001<-WP-I3-002,REVIEWED_CORRECTED,YES,PASS
dependency,WP-I4-001<-WP-I3-003,REVIEWED_CORRECTED,YES,PASS
dependency,WP-I4-001<-WP-I3-008,REVIEWED_CORRECTED,YES,PASS
dependency,WP-I4-002<-WP-I4-001,REVIEWED_CORRECTED,YES,PASS
dependency,WP-I4-003<-WP-I4-001,REVIEWED_CORRECTED,YES,PASS
dependency,WP-I4-004<-WP-I4-003,REVIEWED_CORRECTED,YES,PASS
dependency,WP-I4-005<-WP-I4-003,REVIEWED_CORRECTED,YES,PASS
dependency,WP-I4-006<-WP-I3-002,REVIEWED_CORRECTED,YES,PASS
dependency,WP-I4-006<-WP-I4-003,REVIEWED_CORRECTED,YES,PASS
dependency,WP-I4-007<-WP-I4-001,REVIEWED_CORRECTED,YES,PASS
dependency,WP-I4-008<-WP-I3-005,REVIEWED_CORRECTED,YES,PASS
dependency,WP-I4-008<-WP-I4-003,REVIEWED_CORRECTED,YES,PASS
dependency,WP-I4-009<-WP-I3-002,REVIEWED_CORRECTED,YES,PASS
dependency,WP-I4-009<-WP-I4-003,REVIEWED_CORRECTED,YES,PASS
dependency,WP-I4-010<-WP-I3-008,REVIEWED_CORRECTED,YES,PASS
dependency,WP-I4-011<-WP-I4-002,REVIEWED_CORRECTED,YES,PASS
dependency,WP-I4-012<-WP-I4-010,REVIEWED_CORRECTED,YES,PASS
dependency,WP-I5-001<-WP-I4-009,REVIEWED_CORRECTED,YES,PASS
dependency,WP-I5-001<-WP-I4-010,REVIEWED_CORRECTED,YES,PASS
dependency,WP-I5-002<-WP-I4-010,REVIEWED_CORRECTED,YES,PASS
dependency,WP-I5-003<-WP-I4-004,REVIEWED_CORRECTED,YES,PASS
dependency,WP-I5-004<-WP-I4-005,REVIEWED_CORRECTED,YES,PASS
dependency,WP-I5-005<-WP-I5-001,REVIEWED_CORRECTED,YES,PASS
dependency,WP-I5-006<-WP-I3-001,REVIEWED_CORRECTED,YES,PASS
dependency,WP-I5-007<-WP-I4-010,REVIEWED_CORRECTED,YES,PASS
dependency,WP-I5-008<-WP-I4-008,REVIEWED_CORRECTED,YES,PASS
dependency,WP-I5-010<-WP-I2-007,REVIEWED_CORRECTED,YES,PASS
dependency,WP-I5-011<-WP-I4-012,REVIEWED_CORRECTED,YES,PASS
dependency,WP-I5-012<-WP-I5-001,REVIEWED_CORRECTED,YES,PASS
dependency,WP-I5-012<-WP-I5-010,REVIEWED_CORRECTED,YES,PASS
dependency,WP-I5-013<-WP-I3-002,REVIEWED_CORRECTED,YES,PASS
dependency,WP-I5-013<-WP-I5-010,REVIEWED_CORRECTED,YES,PASS
dependency,WP-I5-013<-WP-I6-002,REVIEWED_CORRECTED,YES,PASS
dependency,WP-I5-013<-WP-I7-004,REVIEWED_CORRECTED,YES,PASS
dependency,WP-I5-014<-WP-I5-010,REVIEWED_CORRECTED,YES,PASS
dependency,WP-I5-015<-WP-I3-003,REVIEWED_CORRECTED,YES,PASS
dependency,WP-I5-015<-WP-I4-010,REVIEWED_CORRECTED,YES,PASS
dependency,WP-I5-016<-WP-I3-002,REVIEWED_CORRECTED,YES,PASS
dependency,WP-I5-016<-WP-I3-005,REVIEWED_CORRECTED,YES,PASS
dependency,WP-I5-017<-WP-I11-001,REVIEWED_CORRECTED,YES,PASS
dependency,WP-I5-017<-WP-I3-006,REVIEWED_CORRECTED,YES,PASS
dependency,WP-I6-001<-WP-I4-001,REVIEWED_CORRECTED,YES,PASS
dependency,WP-I6-002<-WP-I3-001,REVIEWED_CORRECTED,YES,PASS
dependency,WP-I6-003<-WP-I6-002,REVIEWED_CORRECTED,YES,PASS
dependency,WP-I6-004<-WP-I4-010,REVIEWED_CORRECTED,YES,PASS
dependency,WP-I6-004<-WP-I6-002,REVIEWED_CORRECTED,YES,PASS
dependency,WP-I6-005<-WP-I6-002,REVIEWED_CORRECTED,YES,PASS
dependency,WP-I6-006<-WP-I6-002,REVIEWED_CORRECTED,YES,PASS
dependency,WP-I6-007<-WP-I6-002,REVIEWED_CORRECTED,YES,PASS
dependency,WP-I6-008<-WP-I6-002,REVIEWED_CORRECTED,YES,PASS
dependency,WP-I6-009<-WP-I3-011,REVIEWED_CORRECTED,YES,PASS
dependency,WP-I6-009<-WP-I6-002,REVIEWED_CORRECTED,YES,PASS
dependency,WP-I6-010<-WP-I6-002,REVIEWED_CORRECTED,YES,PASS
dependency,WP-I7-001<-WP-I10-001,REVIEWED_CORRECTED,YES,PASS
dependency,WP-I7-001<-WP-I10-003,REVIEWED_CORRECTED,YES,PASS
dependency,WP-I7-002<-WP-I3-002,REVIEWED_CORRECTED,YES,PASS
dependency,WP-I7-002<-WP-I5-010,REVIEWED_CORRECTED,YES,PASS
dependency,WP-I7-003<-WP-I7-002,REVIEWED_CORRECTED,YES,PASS
dependency,WP-I7-004<-WP-I7-002,REVIEWED_CORRECTED,YES,PASS
dependency,WP-I7-005<-WP-I7-004,REVIEWED_CORRECTED,YES,PASS
dependency,WP-I7-007<-WP-I7-004,REVIEWED_CORRECTED,YES,PASS
dependency,WP-I7-008<-WP-I7-007,REVIEWED_CORRECTED,YES,PASS
dependency,WP-I7-009<-WP-I7-002,REVIEWED_CORRECTED,YES,PASS
dependency,WP-I7-010<-WP-I10-001,REVIEWED_CORRECTED,YES,PASS
dependency,WP-I7-010<-WP-I7-004,REVIEWED_CORRECTED,YES,PASS
dependency,WP-I7-011<-WP-I7-004,REVIEWED_CORRECTED,YES,PASS
dependency,WP-I8-001<-WP-I3-001,REVIEWED_CORRECTED,YES,PASS
dependency,WP-I8-002<-WP-I8-001,REVIEWED_CORRECTED,YES,PASS
dependency,WP-I8-004<-WP-I7-004,REVIEWED_CORRECTED,YES,PASS
dependency,WP-I8-005<-WP-I8-004,REVIEWED_CORRECTED,YES,PASS
dependency,WP-I8-006<-WP-I8-005,REVIEWED_CORRECTED,YES,PASS
dependency,WP-I8-007<-WP-I7-004,REVIEWED_CORRECTED,YES,PASS
dependency,WP-I8-009<-WP-I5-010,REVIEWED_CORRECTED,YES,PASS
dependency,WP-I8-010<-WP-I8-004,REVIEWED_CORRECTED,YES,PASS
dependency,WP-I9-001<-WP-I8-004,REVIEWED_CORRECTED,YES,PASS
dependency,WP-I9-004<-WP-I9-001,REVIEWED_CORRECTED,YES,PASS
dependency,WP-I9-006<-WP-I3-001,REVIEWED_CORRECTED,YES,PASS
dependency,WP-I9-007<-WP-I3-011,REVIEWED_CORRECTED,YES,PASS
component,Tauri,REVIEWED_CORRECTED,YES,PASS
component,Rust toolchain,REVIEWED_CORRECTED,YES,PASS
component,Node/package-manager toolchain,REVIEWED_CORRECTED,YES,PASS
component,Svelte/SvelteKit,REVIEWED_CORRECTED,YES,PASS
component,SQLite Rust library,REVIEWED_CORRECTED,YES,PASS
component,FFmpeg,REVIEWED_CORRECTED,YES,PASS
component,ExifTool or replacement,REVIEWED_CORRECTED,YES,PASS
component,HEIF decoder,REVIEWED_CORRECTED,YES,PASS
component,RAW decoder,REVIEWED_CORRECTED,YES,PASS
component,Image thumbnail library,REVIEWED_CORRECTED,YES,PASS
component,ONNX Runtime,REVIEWED_CORRECTED,YES,PASS
component,Python runtime or alternative AI host,REVIEWED_CORRECTED,YES,PASS
component,OCR model/runtime,REVIEWED_CORRECTED,YES,PASS
component,Embedding model/runtime,REVIEWED_CORRECTED,YES,PASS
component,Face model/runtime,REVIEWED_CORRECTED,YES,PASS
component,Platform WebView dependencies,REVIEWED_CORRECTED,YES,PASS
component,Installer/signing tools,REVIEWED_CORRECTED,YES,PASS
schema,records/ai_candidate.schema.json,REVIEWED,YES,PASS
schema,records/ai_task.schema.json,REVIEWED,YES,PASS
schema,records/album.schema.json,REVIEWED,YES,PASS
schema,records/asset.schema.json,REVIEWED,YES,PASS
schema,records/backup_manifest.schema.json,REVIEWED,YES,PASS
schema,records/derivative_manifest.schema.json,REVIEWED,YES,PASS
schema,records/drive_registry.schema.json,REVIEWED,YES,PASS
schema,records/edit_recipe.schema.json,REVIEWED,YES,PASS
schema,records/event.schema.json,REVIEWED,YES,PASS
schema,records/export_manifest.schema.json,REVIEWED,YES,PASS
schema,records/face_observation.schema.json,REVIEWED,YES,PASS
schema,records/file_operation_plan.schema.json,REVIEWED,YES,PASS
schema,records/group.schema.json,REVIEWED,YES,PASS
schema,records/group_membership.schema.json,REVIEWED,YES,PASS
schema,records/mind_map_projection.schema.json,REVIEWED,YES,PASS
schema,records/model_registry.schema.json,REVIEWED,YES,PASS
schema,records/operation_journal.schema.json,REVIEWED,YES,PASS
schema,records/person.schema.json,REVIEWED,YES,PASS
schema,records/preview_index_entry.schema.json,REVIEWED,YES,PASS
schema,records/privacy_export_recipe.schema.json,REVIEWED,YES,PASS
schema,records/relationship.schema.json,REVIEWED,YES,PASS
schema,records/relationship_history.schema.json,REVIEWED,YES,PASS
schema,records/restore_manifest.schema.json,REVIEWED,YES,PASS
schema,records/review_item.schema.json,REVIEWED,YES,PASS
schema,records/root_registry.schema.json,REVIEWED,YES,PASS
schema,records/saved_view.schema.json,REVIEWED,YES,PASS
schema,records/search_index_entry.schema.json,REVIEWED,YES,PASS
schema,records/settings.schema.json,REVIEWED,YES,PASS
schema,records/tag.schema.json,REVIEWED,YES,PASS
schema,records/trash_record.schema.json,REVIEWED,YES,PASS
command,app.bootstrap,REVIEWED_CONFIRMED,YES,PASS
command,app.status,REVIEWED_CONFIRMED,YES,PASS
command,app.diagnostics_export,REVIEWED_CONFIRMED,YES,PASS
command,app.settings_get,REVIEWED_CONFIRMED,YES,PASS
command,app.settings_update,REVIEWED_CONFIRMED,YES,PASS
command,roots.list,REVIEWED_CONFIRMED,YES,PASS
command,roots.choose,REVIEWED_CONFIRMED,YES,PASS
command,roots.add,REVIEWED_CONFIRMED,YES,PASS
command,roots.remove,REVIEWED_CONFIRMED,YES,PASS
command,roots.validate,REVIEWED_CONFIRMED,YES,PASS
command,roots.reconnect,REVIEWED_CONFIRMED,YES,PASS
command,roots.set_access_mode,REVIEWED_CONFIRMED,YES,PASS
command,roots.rescan,REVIEWED_CONFIRMED,YES,PASS
command,assets.page,REVIEWED_CONFIRMED,YES,PASS
command,assets.get,REVIEWED_CONFIRMED,YES,PASS
command,assets.locate,REVIEWED_CONFIRMED,YES,PASS
command,assets.open,REVIEWED_CONFIRMED,YES,PASS
command,assets.selection_summary,REVIEWED_CONFIRMED,YES,PASS
command,assets.thumbnail_request,REVIEWED_CORRECTED,YES,PASS
command,assets.hash_verify,REVIEWED_CORRECTED,YES,PASS
command,scan.plan,REVIEWED_CORRECTED,YES,PASS
command,scan.start,REVIEWED_CONFIRMED,YES,PASS
command,scan.pause,REVIEWED_CONFIRMED,YES,PASS
command,scan.resume,REVIEWED_CONFIRMED,YES,PASS
command,scan.cancel,REVIEWED_CONFIRMED,YES,PASS
command,scan.status,REVIEWED_CONFIRMED,YES,PASS
command,scan.watcher_reconcile,REVIEWED_CORRECTED,YES,PASS
command,events.create,REVIEWED_CONFIRMED,YES,PASS
command,events.update,REVIEWED_CONFIRMED,YES,PASS
command,events.plan_merge,REVIEWED_CORRECTED,YES,PASS
command,events.plan_link,REVIEWED_CONFIRMED,YES,PASS
command,events.plan_split,REVIEWED_CORRECTED,YES,PASS
command,events.plan_normalize,REVIEWED_CONFIRMED,YES,PASS
command,events.commit_plan,REVIEWED_CORRECTED,YES,PASS
command,people.clusters_page,REVIEWED_CONFIRMED,YES,PASS
command,people.person_get,REVIEWED_CONFIRMED,YES,PASS
command,people.person_create,REVIEWED_CONFIRMED,YES,PASS
command,people.person_update,REVIEWED_CONFIRMED,YES,PASS
command,people.merge,REVIEWED_CORRECTED,YES,PASS
command,people.split,REVIEWED_CORRECTED,YES,PASS
command,people.hide,REVIEWED_CONFIRMED,YES,PASS
command,people.face_correct,REVIEWED_CORRECTED,YES,PASS
command,people.group_create,REVIEWED_CONFIRMED,YES,PASS
command,people.group_update,REVIEWED_CONFIRMED,YES,PASS
command,people.membership_update,REVIEWED_CONFIRMED,YES,PASS
command,relationships.list,REVIEWED_CONFIRMED,YES,PASS
command,relationships.create,REVIEWED_CONFIRMED,YES,PASS
command,relationships.update,REVIEWED_CONFIRMED,YES,PASS
command,relationships.end,REVIEWED_CONFIRMED,YES,PASS
command,relationships.history,REVIEWED_CORRECTED,YES,PASS
command,relationships.projection_preview,REVIEWED_CONFIRMED,YES,PASS
command,tags.namespaces,REVIEWED_CONFIRMED,YES,PASS
command,tags.candidates,REVIEWED_CONFIRMED,YES,PASS
command,tags.approve,REVIEWED_CONFIRMED,YES,PASS
command,tags.reject,REVIEWED_CONFIRMED,YES,PASS
command,tags.suppress,REVIEWED_CONFIRMED,YES,PASS
command,tags.bulk_assign,REVIEWED_CORRECTED,YES,PASS
command,maps.global_load,REVIEWED_CONFIRMED,YES,PASS
command,maps.scoped_load,REVIEWED_CONFIRMED,YES,PASS
command,maps.draft_create,REVIEWED_CONFIRMED,YES,PASS
command,maps.draft_save,REVIEWED_CONFIRMED,YES,PASS
command,maps.simulate,REVIEWED_CONFIRMED,YES,PASS
command,maps.materialize,REVIEWED_CONFIRMED,YES,PASS
command,maps.recover,REVIEWED_CONFIRMED,YES,PASS
command,search.structured,REVIEWED_CORRECTED,YES,PASS
command,search.text,REVIEWED_CORRECTED,YES,PASS
command,search.ocr,REVIEWED_CORRECTED,YES,PASS
command,search.semantic,REVIEWED_CONFIRMED,YES,PASS
command,search.cancel,REVIEWED_CONFIRMED,YES,PASS
command,review.list,REVIEWED_CONFIRMED,YES,PASS
command,review.get,REVIEWED_CONFIRMED,YES,PASS
command,review.approve,REVIEWED_CONFIRMED,YES,PASS
command,review.reject,REVIEWED_CONFIRMED,YES,PASS
command,review.defer,REVIEWED_CONFIRMED,YES,PASS
command,review.suppress,REVIEWED_CONFIRMED,YES,PASS
command,review.reopen,REVIEWED_CONFIRMED,YES,PASS
command,review.bulk_decide,REVIEWED_CORRECTED,YES,PASS
command,ai.hardware_assess,REVIEWED_CONFIRMED,YES,PASS
command,ai.models,REVIEWED_CONFIRMED,YES,PASS
command,ai.plan,REVIEWED_CORRECTED,YES,PASS
command,ai.start,REVIEWED_CONFIRMED,YES,PASS
command,ai.pause,REVIEWED_CONFIRMED,YES,PASS
command,ai.resume,REVIEWED_CONFIRMED,YES,PASS
command,ai.cancel,REVIEWED_CONFIRMED,YES,PASS
command,ai.retry,REVIEWED_CONFIRMED,YES,PASS
command,ai.invalidate,REVIEWED_CORRECTED,YES,PASS
command,metadata.inspect,REVIEWED_CONFIRMED,YES,PASS
command,metadata.propose_update,REVIEWED_CONFIRMED,YES,PASS
command,metadata.apply_update,REVIEWED_CONFIRMED,YES,PASS
command,metadata.privacy_export,REVIEWED_CONFIRMED,YES,PASS
command,metadata.snapshot,REVIEWED_CORRECTED,YES,PASS
command,metadata.restore,REVIEWED_CORRECTED,YES,PASS
command,editing.recipe_get,REVIEWED_CONFIRMED,YES,PASS
command,editing.recipe_update,REVIEWED_CONFIRMED,YES,PASS
command,editing.render_preview,REVIEWED_CORRECTED,YES,PASS
command,editing.export_plan,REVIEWED_CONFIRMED,YES,PASS
command,editing.export_commit,REVIEWED_CONFIRMED,YES,PASS
command,editing.reset,REVIEWED_CONFIRMED,YES,PASS
command,maintenance.backup_plan,REVIEWED_CONFIRMED,YES,PASS
command,maintenance.backup_run,REVIEWED_CONFIRMED,YES,PASS
command,maintenance.backup_verify,REVIEWED_CORRECTED,YES,PASS
command,maintenance.trash_plan,REVIEWED_CONFIRMED,YES,PASS
command,maintenance.trash_commit,REVIEWED_CONFIRMED,YES,PASS
command,maintenance.restore_plan,REVIEWED_CORRECTED,YES,PASS
command,maintenance.restore_commit,REVIEWED_CONFIRMED,YES,PASS
command,maintenance.permanent_delete_plan,REVIEWED_CORRECTED,YES,PASS
command,maintenance.permanent_delete_commit,REVIEWED_CONFIRMED,YES,PASS
command,maintenance.rebuild_plan,REVIEWED_CORRECTED,YES,PASS
command,maintenance.rebuild_run,REVIEWED_CONFIRMED,YES,PASS
command,maintenance.status,REVIEWED_CONFIRMED,YES,PASS
command,operations.simulate,REVIEWED_CONFIRMED,YES,PASS
command,operations.get,REVIEWED_CONFIRMED,YES,PASS
command,operations.list,REVIEWED_CONFIRMED,YES,PASS
command,operations.recover,REVIEWED_CORRECTED,YES,PASS
command,operations.rollback,REVIEWED_CONFIRMED,YES,PASS
command,operations.diagnostics_export,REVIEWED_CONFIRMED,YES,PASS
