canonical_id,work_package_id,membership_rationale,capability_compatibility,requirement_phase,package_phase,review_status,evidence
CAN-FAIL-01,WP-I4-003,WP-I4-003 is the architectural owner because its objective — Implement and verify the bounded media format classification surface. — is the surface that must execute the obligation 'Lamha ingestion must classify every approved media class and must either index supported v'; prerequisite packages WP-I4-001 supply the underlying schema/identity/journal it needs.,Media format classification,I4,I4,REVIEWED,Pass 2 explicit membership review; rationale quoted from the corrected requirement statement.
CAN-FAIL-02,WP-I0-011,"WP-I0-011 is the architectural owner because its objective — Enforce planning authority: canonical requirement IDs, evidence gates, completion-tracker revisions, no-stub completion, and double-check/bottom-up audit obliga — is the surface that must execute the obligation 'Completed production paths must contain no stub success, todo macro, empty success return,'; prerequisite packages WP-I0-001 supply the underlying schema/identity/journal it needs.",Active-plan authority adoption,I0,I0,REVIEWED,Pass 2 explicit membership review; rationale quoted from the corrected requirement statement.
CAN-FAIL-03,WP-I2-011,WP-I2-011 is the architectural owner because its objective — Implement and verify the bounded typed frontend command bridge surface. — is the surface that must execute the obligation 'A completed target screen must obtain mutable or persisted state through its reviewed type'; prerequisite packages WP-I2-007 supply the underlying schema/identity/journal it needs.,Typed frontend command bridge,I2,I2,REVIEWED,Pass 2 explicit membership review; rationale quoted from the corrected requirement statement.
CAN-FAIL-04,WP-I3-006,"WP-I3-006 is the architectural owner because its objective — Write co-located asset JSON and XMP mirrors through a schema-valid sidecar write protocol, preserve exact bytes on validation failure, and keep authoritative kn — is the surface that must execute the obligation 'For every writable managed asset whose approved metadata is XMP-compatible, Lamha must wri'; prerequisite packages WP-I3-005 supply the underlying schema/identity/journal it needs.",Sidecar write protocol,I3,I3,REVIEWED,Pass 2 explicit membership review; rationale quoted from the corrected requirement statement.
CAN-FAIL-05,WP-I6-009,"WP-I6-009 is the architectural owner because its objective — Implement and verify the bounded event filesystem materialization plan surface. — is the surface that must execute the obligation 'Event materialization must create only approved physical placement classes; people, group,'; prerequisite packages WP-I3-011, WP-I6-002 supply the underlying schema/identity/journal it needs.",Event filesystem materialization plan,I6,I6,REVIEWED,Pass 2 explicit membership review; rationale quoted from the corrected requirement statement.
CAN-FAIL-06,WP-I7-003,"WP-I7-003 is the architectural owner because its objective — Implement and verify the bounded face clustering and curation surface. — is the surface that must execute the obligation 'Face-cluster analysis may create typed merge candidates, but Lamha must not persist a clus'; prerequisite packages WP-I7-002 supply the underlying schema/identity/journal it needs.",Face clustering and curation,I7,I7,REVIEWED,Pass 2 explicit membership review; rationale quoted from the corrected requirement statement.
CAN-FAIL-07,WP-I10-002,WP-I10-002 is the architectural owner because its objective — Implement and verify the bounded private local worker transport surface. — is the surface that must execute the obligation 'The AI worker must communicate only through the reviewed private local transport owned by '; prerequisite packages WP-I10-001 supply the underlying schema/identity/journal it needs.,Private local worker transport,I10,I10,REVIEWED,Pass 2 explicit membership review; rationale quoted from the corrected requirement statement.
CAN-FAIL-08,WP-I3-002,WP-I3-002 is the architectural owner because its objective — Implement and verify the bounded stable asset identity surface. — is the surface that must execute the obligation 'At ingestion Lamha must persist the original filename once in the authoritative asset reco'; prerequisite packages WP-I3-001 supply the underlying schema/identity/journal it needs.,Stable asset identity,I3,I3,REVIEWED,Pass 2 explicit membership review; rationale quoted from the corrected requirement statement.
CAN-FAIL-09,WP-I15-015,"WP-I15-015 is the architectural owner because its objective — Remove legacy runtime, server, database, queue, container, generated-client, and obsolete workflow paths only after retained callers have verified replacements. — is the surface that must execute the obligation 'Lamha must not remove a legacy subsystem until every retained caller has migrated, replace'; prerequisite packages WP-I15-008, WP-I15-014 supply the underlying schema/identity/journal it needs.",Legacy replacement verification and removal,I15,I15,REVIEWED,Pass 2 explicit membership review; rationale quoted from the corrected requirement statement.
CAN-FAIL-10,WP-I3-009,WP-I3-009 is the architectural owner because its objective — Implement and verify the bounded derived-index rebuild contract surface. — is the surface that must execute the obligation 'Lamha must persist approved user knowledge in its declared authoritative records and must '; prerequisite packages WP-I3-008 supply the underlying schema/identity/journal it needs.,Derived-index rebuild contract,I3,I3,REVIEWED,Pass 2 explicit membership review; rationale quoted from the corrected requirement statement.
CAN-FAIL-11,WP-I6-009,"WP-I6-009 is the architectural owner because its objective — Implement and verify the bounded event filesystem materialization plan surface. — is the surface that must execute the obligation 'Automated event organization and duplicate workflows must index linked-folder assets in pl'; prerequisite packages WP-I3-011, WP-I6-002 supply the underlying schema/identity/journal it needs.",Event filesystem materialization plan,I6,I6,REVIEWED,Pass 2 explicit membership review; rationale quoted from the corrected requirement statement.
CAN-FAIL-12,WP-I8-007,WP-I8-007 is the architectural owner because its objective — Implement and verify the bounded photographer camera-owner importer attribution surface. — is the surface that must execute the obligation 'Lamha must store camera owner and photographer as distinct attribution fields and must nev'; prerequisite packages WP-I7-004 supply the underlying schema/identity/journal it needs.,Photographer camera-owner importer attribution,I8,I8,REVIEWED,Pass 2 explicit membership review; rationale quoted from the corrected requirement statement.
CAN-FAIL-13,WP-I6-002,"WP-I6-002 is the architectural owner because its objective — Persist reviewed event types, parent/child membership, attendees, groups, tags, descriptions, covers, locations, schema validation, JSON/XMP alignment, and AI-d — is the surface that must execute the obligation 'Event attendee membership and asset-visible-person membership must remain separate authori'; prerequisite packages WP-I3-001 supply the underlying schema/identity/journal it needs.",Event authoritative records,I6,I6,REVIEWED,Pass 2 explicit membership review; rationale quoted from the corrected requirement statement.
CAN-FAIL-14,WP-I7-008,"WP-I7-008 is the architectural owner because its objective — Persist complete group membership models with active/former/inactive effective-dated intervals, historical immutability, and overlap validation. — is the surface that must execute the obligation 'Ending a group membership must close its active temporal interval at the approved effectiv'; prerequisite packages WP-I7-007 supply the underlying schema/identity/journal it needs.",Temporal group memberships,I7,I7,REVIEWED,Pass 2 explicit membership review; rationale quoted from the corrected requirement statement.
CAN-FAIL-15,WP-I7-007,WP-I7-007 is the architectural owner because its objective — Implement and verify the bounded group identity model surface. — is the surface that must execute the obligation 'Lamha must preserve stable parent-group relationships and must reject any update that woul'; prerequisite packages WP-I7-004 supply the underlying schema/identity/journal it needs.,Group identity model,I7,I7,REVIEWED,Pass 2 explicit membership review; rationale quoted from the corrected requirement statement.
CAN-FAIL-16,WP-I12-005,"WP-I12-005 is the architectural owner because its objective — Implement and verify the bounded pending sidecar overlays surface. — is the surface that must execute the obligation 'When a root is read-only, Lamha must record the proposed change as a versioned pending ove'; prerequisite packages WP-I12-004 supply the underlying schema/identity/journal it needs.",Pending sidecar overlays,I12,I12,REVIEWED,Pass 2 explicit membership review; rationale quoted from the corrected requirement statement.
CAN-FAIL-17,WP-I6-008,"WP-I6-008 is the architectural owner because its objective — Implement and verify the bounded date and location boundaries surface. — is the surface that must execute the obligation 'Midnight and time-gap heuristics may create an event-split proposal, but Lamha must preser'; prerequisite packages WP-I6-002 supply the underlying schema/identity/journal it needs.",Date and location boundaries,I6,I6,REVIEWED,Pass 2 explicit membership review; rationale quoted from the corrected requirement statement.
CAN-FAIL-18,WP-I10-013,WP-I10-013 is the architectural owner because its objective — Implement and verify the bounded ai review suppression and invalidation surface. — is the surface that must execute the obligation 'Lamha must suppress an equivalent rejected candidate across routine reruns and score drift'; prerequisite packages WP-I5-010 supply the underlying schema/identity/journal it needs.,AI review suppression and invalidation,I10,I10,REVIEWED,Pass 2 explicit membership review; rationale quoted from the corrected requirement statement.
CAN-FAIL-19,WP-I0-011,"WP-I0-011 is the architectural owner because its objective — Enforce planning authority: canonical requirement IDs, evidence gates, completion-tracker revisions, no-stub completion, and double-check/bottom-up audit obliga — is the surface that must execute the obligation 'A requirement may be marked complete only when every applicable gate has recorded command '; prerequisite packages WP-I0-001 supply the underlying schema/identity/journal it needs.",Active-plan authority adoption,I0,I0,REVIEWED,Pass 2 explicit membership review; rationale quoted from the corrected requirement statement.
CAN-FAIL-20,WP-I3-014,"WP-I3-014 is the architectural owner because its objective — Implement and verify the bounded crash recovery engine surface. — is the surface that must execute the obligation 'Before a multi-file mutation, Lamha must durably prepare a transaction manifest, stage and'; prerequisite packages WP-I3-010 supply the underlying schema/identity/journal it needs.",Crash recovery engine,I3,I3,REVIEWED,Pass 2 explicit membership review; rationale quoted from the corrected requirement statement.
CAN-FAIL-21,WP-I12-008,WP-I12-008 is the architectural owner because its objective — Implement and verify the bounded cross-platform path adapters surface. — is the surface that must execute the obligation 'Filesystem code must use OS-native path APIs and authorized root identities; it must not e'; prerequisite packages WP-I3-004 supply the underlying schema/identity/journal it needs.,Cross-platform path adapters,I12,I12,REVIEWED,Pass 2 explicit membership review; rationale quoted from the corrected requirement statement.
CAN-FAIL-22,WP-I15-014,"WP-I15-014 is the architectural owner because its objective — Verify final packages make no hidden or mandatory outbound network connection and operate locally without required cloud/remote services. — is the surface that must execute the obligation 'The final Lamha desktop runtime must operate locally without required cloud, remote synchr'; prerequisite packages WP-I0-010, WP-I7-010 supply the underlying schema/identity/journal it needs.",Final outbound-traffic verification,I15,I15,REVIEWED,Pass 2 explicit membership review; rationale quoted from the corrected requirement statement.
CAN-FAIL-23,WP-I0-011,"WP-I0-011 is the architectural owner because its objective — Enforce planning authority: canonical requirement IDs, evidence gates, completion-tracker revisions, no-stub completion, and double-check/bottom-up audit obliga — is the surface that must execute the obligation 'An implementation package must either complete its authorized work and evidence or record '; prerequisite packages WP-I0-001 supply the underlying schema/identity/journal it needs.",Active-plan authority adoption,I0,I0,REVIEWED,Pass 2 explicit membership review; rationale quoted from the corrected requirement statement.
CAN-FAIL-24,WP-I0-011,"WP-I0-011 is the architectural owner because its objective — Enforce planning authority: canonical requirement IDs, evidence gates, completion-tracker revisions, no-stub completion, and double-check/bottom-up audit obliga — is the surface that must execute the obligation 'When required evidence is ambiguous, the implementation agent must preserve the known fact'; prerequisite packages WP-I0-001 supply the underlying schema/identity/journal it needs.",Active-plan authority adoption,I0,I0,REVIEWED,Pass 2 explicit membership review; rationale quoted from the corrected requirement statement.
CAN-FAIL-25,WP-I8-006,WP-I8-006 is the architectural owner because its objective — Implement and verify the bounded relationship projections and views surface. — is the surface that must execute the obligation 'Lamha must preserve multiple simultaneous and historical relationship edges with independe'; prerequisite packages WP-I8-005 supply the underlying schema/identity/journal it needs.,Relationship projections and views,I8,I8,REVIEWED,Pass 2 explicit membership review; rationale quoted from the corrected requirement statement.
CAN-FAIL-26,WP-I11-004,"WP-I11-004 is the architectural owner because its objective — Persist revisioned crop/rotate/color edit recipes and metadata mirrors, preview changes, preserve original media bytes, and only materialize edited copies throu — is the surface that must execute the obligation 'Crop, rotation, and color edits must update a versioned edit recipe and compatible metadat'; prerequisite packages WP-I3-001 supply the underlying schema/identity/journal it needs.",Non-destructive edit recipes,I11,I11,REVIEWED,Pass 2 explicit membership review; rationale quoted from the corrected requirement statement.
CAN-FAIL-27,WP-I0-011,"WP-I0-011 is the architectural owner because its objective — Enforce planning authority: canonical requirement IDs, evidence gates, completion-tracker revisions, no-stub completion, and double-check/bottom-up audit obliga — is the surface that must execute the obligation 'Lamha planning and generated semantic evidence must remain inside Graphify, application di'; prerequisite packages WP-I0-001 supply the underlying schema/identity/journal it needs.",Active-plan authority adoption,I0,I0,REVIEWED,Pass 2 explicit membership review; rationale quoted from the corrected requirement statement.
CAN-FAIL-28,WP-I11-001,"WP-I11-001 is the architectural owner because its objective — Implement and verify the bounded authority-aware metadata editor surface. — is the surface that must execute the obligation 'When authoritative records, embedded metadata, XMP mirrors, or pending overlays disagree, '; prerequisite packages WP-I3-006, WP-I3-011 supply the underlying schema/identity/journal it needs.",Authority-aware metadata editor,I11,I11,REVIEWED,Pass 2 explicit membership review; rationale quoted from the corrected requirement statement.
CAN-FAIL-29,WP-I10-007,"WP-I10-007 is the architectural owner because its objective — Implement and verify the bounded ai task queue persistence surface. — is the surface that must execute the obligation 'Lamha must persist AI state per task with task type, state, model identity and version, mo'; prerequisite packages WP-I10-001 supply the underlying schema/identity/journal it needs.",AI task queue persistence,I10,I10,REVIEWED,Pass 2 explicit membership review; rationale quoted from the corrected requirement statement.
CAN-FAIL-30,WP-I9-007,"WP-I9-007 is the architectural owner because its objective — Preview mind-map nodes, edges, and filesystem effects, require explicit approval, and commit materialization only through a validated filesystem plan. — is the surface that must execute the obligation 'Unsaved and saved Mind Map drafts must not mutate media folders; physical materialization '; prerequisite packages WP-I3-011 supply the underlying schema/identity/journal it needs.",Simulation and materialization,I9,I9,REVIEWED,Pass 2 explicit membership review; rationale quoted from the corrected requirement statement.
CAN-FAIL-31,WP-I13-006,"WP-I13-006 is the architectural owner because its objective — Move complete asset bundles into a reversible trash state through reviewed plans, preserve event/tag references and original paths, and require explicit confirm — is the surface that must execute the obligation 'Moving a bundle to Trash must preserve the complete bundle in the reviewed root-scoped or '; prerequisite packages WP-I3-010, WP-I3-011, WP-I3-012 supply the underlying schema/identity/journal it needs.",Trash and permanent-delete operations,I13,I13,REVIEWED,Pass 2 explicit membership review; rationale quoted from the corrected requirement statement.
CAN-FAIL-32,WP-I0-011,"WP-I0-011 is the architectural owner because its objective — Enforce planning authority: canonical requirement IDs, evidence gates, completion-tracker revisions, no-stub completion, and double-check/bottom-up audit obliga — is the surface that must execute the obligation 'After a package and phase satisfy every applicable gate and record their evidence, executi'; prerequisite packages WP-I0-001 supply the underlying schema/identity/journal it needs.",Active-plan authority adoption,I0,I0,REVIEWED,Pass 2 explicit membership review; rationale quoted from the corrected requirement statement.
CAN-LAM-AI-006,WP-I3-009,"WP-I3-009 is the architectural owner because its objective — Implement and verify the bounded derived-index rebuild contract surface. — is the surface that must execute the obligation 'The SQLite AI projection must remain rebuildable from versioned AI task, candidate, decisi'; prerequisite packages WP-I3-008 supply the underlying schema/identity/journal it needs.",Sidecars and metadata authority,I3,I3,REVIEWED,Pass 2 explicit membership review; rationale quoted from the corrected requirement statement.
CAN-LAM-AI-014,WP-I10-009,"WP-I10-009 is the architectural owner because its objective — Implement and verify the bounded local ocr surface. — is the surface that must execute the obligation 'When Lamha indexes OCR text, it must store the recognized text with asset identity, source'; prerequisite packages WP-I10-003 supply the underlying schema/identity/journal it needs.",Local OCR,I10,I10,REVIEWED,Pass 2 explicit membership review; rationale quoted from the corrected requirement statement.
CAN-LAM-AI-017,WP-I10-009,"WP-I10-009 is the architectural owner because its objective — Implement and verify the bounded local ocr surface. — is the surface that must execute the obligation 'When OCR text detection runs, Lamha must store recognized text with asset identity, source'; prerequisite packages WP-I10-003 supply the underlying schema/identity/journal it needs.",Search and OCR,I10,I10,REVIEWED,Pass 2 explicit membership review; rationale quoted from the corrected requirement statement.
CAN-LAM-AI-018,WP-I10-011,"WP-I10-011 is the architectural owner because its objective — Detect exact and similar duplicates, compare resolution/format/size/album/tag/event/metadata evidence, produce reviewable candidates, support burst grouping, si — is the surface that must execute the obligation 'When duplicate candidates are found, Lamha must create reviewable candidates with evidence'; prerequisite packages WP-I3-002 supply the underlying schema/identity/journal it needs.",Duplicates,I10,I10,REVIEWED,Pass 2 explicit membership review; rationale quoted from the corrected requirement statement.
CAN-LAM-AI-020,WP-I4-011,"WP-I4-011 is the architectural owner because its objective — Implement and verify the bounded filesystem reconciliation surface. — is the surface that must execute the obligation 'Scanning Manage Later is non-mutating by default. No rename, move, folder normalization, o'; prerequisite packages WP-I4-002 supply the underlying schema/identity/journal it needs.",Media ingestion and derivation,I4,I4,REVIEWED,Pass 2 explicit membership review; rationale quoted from the corrected requirement statement.
CAN-LAM-AI-022,WP-I7-001,"WP-I7-001 is the architectural owner because its objective — Run face detection locally, produce reviewable face regions with model/source provenance, support targeted reprocessing, correction scoping, and misclassificati — is the surface that must execute the obligation 'Correcting a face must update only affected assets and derived metadata unless the underly'; prerequisite packages WP-I10-001, WP-I10-003 supply the underlying schema/identity/journal it needs.",People and faces,I7,I7,REVIEWED,Pass 2 explicit membership review; rationale quoted from the corrected requirement statement.
CAN-LAM-AI-023,WP-I7-008,"WP-I7-008 is the architectural owner because its objective — Persist complete group membership models with active/former/inactive effective-dated intervals, historical immutability, and overlap validation. — is the surface that must execute the obligation 'Lamha must keep a complete group model that records active, former, and inactive members w'; prerequisite packages WP-I7-007 supply the underlying schema/identity/journal it needs.",People and faces,I7,I7,REVIEWED,Pass 2 explicit membership review; rationale quoted from the corrected requirement statement.
CAN-LAM-AI-027,WP-I3-009,WP-I3-009 is the architectural owner because its objective — Implement and verify the bounded derived-index rebuild contract surface. — is the surface that must execute the obligation 'AI embeddings and the local cache/index are rebuildable projections; they must be rebuilda'; prerequisite packages WP-I3-008 supply the underlying schema/identity/journal it needs.,Local data authority,I3,I3,REVIEWED,Pass 2 explicit membership review; rationale quoted from the corrected requirement statement.
CAN-LAM-AI-028,WP-I10-002,"WP-I10-002 is the architectural owner because its objective — Implement and verify the bounded private local worker transport surface. — is the surface that must execute the obligation 'When AI status is inspected, Lamha must report the worker state, model identity and versio'; prerequisite packages WP-I10-001 supply the underlying schema/identity/journal it needs.",Local AI worker,I10,I10,REVIEWED,Pass 2 explicit membership review; rationale quoted from the corrected requirement statement.
CAN-LAM-AI-029,WP-I10-010,"WP-I10-010 is the architectural owner because its objective — Implement and verify the bounded embeddings and semantic search surface. — is the surface that must execute the obligation 'When a query includes AI state, Lamha must return the matching local assets with source an'; prerequisite packages WP-I10-001, WP-I10-003 supply the underlying schema/identity/journal it needs.",Search and OCR,I10,I10,REVIEWED,Pass 2 explicit membership review; rationale quoted from the corrected requirement statement.
CAN-LAM-AI-030,WP-I10-009,"WP-I10-009 is the architectural owner because its objective — Implement and verify the bounded local ocr surface. — is the surface that must execute the obligation 'When a query filters by OCR text, Lamha must return matching local assets whose OCR record'; prerequisite packages WP-I10-003 supply the underlying schema/identity/journal it needs.",Search and OCR,I10,I10,REVIEWED,Pass 2 explicit membership review; rationale quoted from the corrected requirement statement.
CAN-LAM-AI-031,WP-I10-006,"WP-I10-006 is the architectural owner because its objective — Implement and verify the bounded local ai scheduler surface. — is the surface that must execute the obligation 'When AI review queues change, Lamha must expose a typed queue state with progress and reco'; prerequisite packages WP-I10-001 supply the underlying schema/identity/journal it needs.",Jobs and notifications,I10,I10,REVIEWED,Pass 2 explicit membership review; rationale quoted from the corrected requirement statement.
CAN-LAM-AI-032,WP-I10-003,"WP-I10-003 is the architectural owner because its objective — Implement and verify the bounded model and component registry surface. — is the surface that must execute the obligation 'When an AI task is recorded, Lamha must store the model identity with the task record and '; prerequisite packages WP-I0-005 supply the underlying schema/identity/journal it needs.",Local AI worker,I10,I10,REVIEWED,Pass 2 explicit membership review; rationale quoted from the corrected requirement statement.
CAN-LAM-AI-033,WP-I10-004,"WP-I10-004 is the architectural owner because its objective — Implement and verify the bounded model checksums and compatibility surface. — is the surface that must execute the obligation 'When an AI task is recorded, Lamha must store the model version with the task record and m'; prerequisite packages WP-I10-003 supply the underlying schema/identity/journal it needs.",Local AI worker,I10,I10,REVIEWED,Pass 2 explicit membership review; rationale quoted from the corrected requirement statement.
CAN-LAM-AI-035,WP-I10-009,"WP-I10-009 is the architectural owner because its objective — Implement and verify the bounded local ocr surface. — is the surface that must execute the obligation 'AI Derived Data: Hashes, embeddings, OCR indexes, face embeddings, and similarity vectors '; prerequisite packages WP-I10-003 supply the underlying schema/identity/journal it needs.",Search and OCR,I10,I10,REVIEWED,Pass 2 explicit membership review; rationale quoted from the corrected requirement statement.
CAN-LAM-AI-039,WP-I10-011,"WP-I10-011 is the architectural owner because its objective — Detect exact and similar duplicates, compare resolution/format/size/album/tag/event/metadata evidence, produce reviewable candidates, support burst grouping, si — is the surface that must execute the obligation 'When similar-photo candidates are produced, Lamha must create reviewable candidates with e'; prerequisite packages WP-I3-002 supply the underlying schema/identity/journal it needs.",Duplicates,I10,I10,REVIEWED,Pass 2 explicit membership review; rationale quoted from the corrected requirement statement.
CAN-LAM-AI-042,WP-I8-001,"WP-I8-001 is the architectural owner because its objective — Implement and verify the bounded tag records and namespaces surface. — is the surface that must execute the obligation 'When face and AI privacy controls run, Lamha must let the user delete AI tags from the der'; prerequisite packages WP-I3-001 supply the underlying schema/identity/journal it needs.",Metadata,I8,I8,REVIEWED,Pass 2 explicit membership review; rationale quoted from the corrected requirement statement.
CAN-LAM-AI-043,WP-I5-010,"WP-I5-010 is the architectural owner because its objective — Commit and persist review-state transitions (approve, reject, suppress, defer, mark intentional, record decision, apply to selection) with provenance and revisi — is the surface that must execute the obligation 'Suppression rules must persist the reviewed rule and exclude matching future proposals fro'; prerequisite packages WP-I2-007 supply the underlying schema/identity/journal it needs.",Review Centre,I5,I5,REVIEWED,Pass 2 explicit membership review; rationale quoted from the corrected requirement statement.
CAN-LAM-AI-044,WP-I10-009,WP-I10-009 is the architectural owner because its objective — Implement and verify the bounded local ocr surface. — is the surface that must execute the obligation 'OCR indexes must be rebuildable from versioned OCR records and search must report stale or'; prerequisite packages WP-I10-003 supply the underlying schema/identity/journal it needs.,Search and OCR,I10,I10,REVIEWED,Pass 2 explicit membership review; rationale quoted from the corrected requirement statement.
CAN-LAM-AI-045,WP-I3-002,WP-I3-002 is the architectural owner because its objective — Implement and verify the bounded stable asset identity surface. — is the surface that must execute the obligation 'Only a stable asset UUID carried by a trustworthy sidecar or a verified full-file hash may'; prerequisite packages WP-I3-001 supply the underlying schema/identity/journal it needs.,Asset identity and records,I3,I3,REVIEWED,Pass 2 explicit membership review; rationale quoted from the corrected requirement statement.
CAN-LAM-AI-046,WP-I10-002,"WP-I10-002 is the architectural owner because its objective — Implement and verify the bounded private local worker transport surface. — is the surface that must execute the obligation 'Where proven local AI logic can be adapted, Lamha must reuse the reviewed local implementa'; prerequisite packages WP-I10-001 supply the underlying schema/identity/journal it needs.",Local AI worker,I10,I10,REVIEWED,Pass 2 explicit membership review; rationale quoted from the corrected requirement statement.
CAN-LAM-AI-048,WP-I1-005,"WP-I1-005 is the architectural owner because its objective — Inventory and persist licence, attribution, redistribution, model-provenance, and required legal-file obligations; block release until every required notice is  — is the surface that must execute the obligation 'AI model licences must be inventoried with attribution, redistribution review, and model p'; prerequisite packages WP-I1-001 supply the underlying schema/identity/journal it needs.",Legal and rebranding,I1,I1,REVIEWED,Pass 2 explicit membership review; rationale quoted from the corrected requirement statement.
CAN-LAM-AI-076,WP-I8-002,"WP-I8-002 is the architectural owner because its objective — Persist namespaced/revisioned tag candidates and approved assignments, generate content-tag suggestions with provenance, enforce review-first activation, and pe — is the surface that must execute the obligation 'Suppression must persist the reviewed suppression and exclude matching future proposals fr'; prerequisite packages WP-I8-001 supply the underlying schema/identity/journal it needs.",Relationships and attribution,I8,I8,REVIEWED,Pass 2 explicit membership review; rationale quoted from the corrected requirement statement.
CAN-LAM-AI-081,WP-I13-010,"WP-I13-010 is the architectural owner because its objective — Implement and verify the bounded ai cache rebuild surface. — is the surface that must execute the obligation 'AI cache rebuild must regenerate the rebuildable AI projections from versioned records wit'; prerequisite packages WP-I10-003, WP-I10-007, WP-I13-009 supply the underlying schema/identity/journal it needs.","Backup, trash, restore and rebuild",I13,I13,REVIEWED,Pass 2 explicit membership review; rationale quoted from the corrected requirement statement.
CAN-LAM-AI-082,WP-I15-008,"WP-I15-008 is the architectural owner because its objective — Implement and verify the bounded integrated retained-feature parity surface. — is the surface that must execute the obligation 'Bundled AI components must have pinned versions, licence and provenance records, and packa'; prerequisite packages WP-I15-001, WP-I5-012, WP-I6-010, WP-I7-011 supply the underlying schema/identity/journal it needs.",Packaging and legacy eradication,I15,I15,REVIEWED,Pass 2 explicit membership review; rationale quoted from the corrected requirement statement.
CAN-LAM-AI-085,WP-I10-006,"WP-I10-006 is the architectural owner because its objective — Implement and verify the bounded local ai scheduler surface. — is the surface that must execute the obligation 'When AI resource use is measured, Lamha must record CPU, RAM, GPU memory, and disk usage f'; prerequisite packages WP-I10-001 supply the underlying schema/identity/journal it needs.",Local AI worker,I10,I10,REVIEWED,Pass 2 explicit membership review; rationale quoted from the corrected requirement statement.
CAN-LAM-AI-086,WP-I1-005,"WP-I1-005 is the architectural owner because its objective — Inventory and persist licence, attribution, redistribution, model-provenance, and required legal-file obligations; block release until every required notice is  — is the surface that must execute the obligation 'When third-party models are considered for bundling, Lamha must record licence, attributio'; prerequisite packages WP-I1-001 supply the underlying schema/identity/journal it needs.",Legal and rebranding,I1,I1,REVIEWED,Pass 2 explicit membership review; rationale quoted from the corrected requirement statement.
CAN-LAM-AI-087,WP-I1-005,"WP-I1-005 is the architectural owner because its objective — Inventory and persist licence, attribution, redistribution, model-provenance, and required legal-file obligations; block release until every required notice is  — is the surface that must execute the obligation 'When models are considered for bundling, Lamha must maintain a model inventory with licenc'; prerequisite packages WP-I1-001 supply the underlying schema/identity/journal it needs.",Legal and rebranding,I1,I1,REVIEWED,Pass 2 explicit membership review; rationale quoted from the corrected requirement statement.
CAN-LAM-ARCH-001,WP-I1-001,WP-I1-001 is the architectural owner because its objective — Implement and verify the bounded brand and identity inventory surface. — is the surface that must execute the obligation 'The application must use the reviewed name Lamha consistently on every user-visible surfac'; prerequisite packages WP-I0-001 supply the underlying schema/identity/journal it needs.,Legal and rebranding,I1,I1,REVIEWED,Pass 2 explicit membership review; rationale quoted from the corrected requirement statement.
CAN-LAM-ARCH-014,WP-I2-013,"WP-I2-013 is the architectural owner because its objective — Implement and verify the bounded desktop shell smoke proof surface. — is the surface that must execute the obligation 'Lamha must expose library, search, review, map, editing, and maintenance workflows through'; prerequisite packages WP-I2-003 supply the underlying schema/identity/journal it needs.",Desktop shell,I2,I2,REVIEWED,Pass 2 explicit membership review; rationale quoted from the corrected requirement statement.
CAN-LAM-ARCH-020,WP-I12-005,"WP-I12-005 is the architectural owner because its objective — Implement and verify the bounded pending sidecar overlays surface. — is the surface that must execute the obligation 'A pending sidecar overlay must persist until it is applied or explicitly rejected, remain '; prerequisite packages WP-I12-004 supply the underlying schema/identity/journal it needs.",Review Centre,I12,I12,REVIEWED,Pass 2 explicit membership review; rationale quoted from the corrected requirement statement.
CAN-LAM-ARCH-021,WP-I3-001,WP-I3-001 is the architectural owner because its objective — Implement and verify the bounded authoritative record envelope surface. — is the surface that must execute the obligation 'A filesystem transaction must preserve the original value of every managed file or record '; prerequisite packages WP-I2-007 supply the underlying schema/identity/journal it needs.,Filesystem transactions and recovery,I3,I3,REVIEWED,Pass 2 explicit membership review; rationale quoted from the corrected requirement statement.
CAN-LAM-ARCH-024,WP-I10-011,"WP-I10-011 is the architectural owner because its objective — Detect exact and similar duplicates, compare resolution/format/size/album/tag/event/metadata evidence, produce reviewable candidates, support burst grouping, si — is the surface that must execute the obligation 'When similar-image detection runs locally, Lamha must produce reviewable duplicate candida'; prerequisite packages WP-I3-002 supply the underlying schema/identity/journal it needs.",Duplicates,I10,I10,REVIEWED,Pass 2 explicit membership review; rationale quoted from the corrected requirement statement.
CAN-LAM-ARCH-025,WP-I8-002,"WP-I8-002 is the architectural owner because its objective — Persist namespaced/revisioned tag candidates and approved assignments, generate content-tag suggestions with provenance, enforce review-first activation, and pe — is the surface that must execute the obligation 'When a local workflow proposes or changes a tag, Lamha must persist a namespaced, revision'; prerequisite packages WP-I8-001 supply the underlying schema/identity/journal it needs.",Tag candidates and review,I8,I8,REVIEWED,Pass 2 explicit membership review; rationale quoted from the corrected requirement statement.
CAN-LAM-ARCH-026,WP-I9-001,"WP-I9-001 is the architectural owner because its objective — Implement and verify the bounded canonical knowledge-graph projection surface. — is the surface that must execute the obligation 'When a mind-map projection is requested, Lamha must derive the map from canonical event an'; prerequisite packages WP-I8-004 supply the underlying schema/identity/journal it needs.",Mind-map projections,I9,I9,REVIEWED,Pass 2 explicit membership review; rationale quoted from the corrected requirement statement.
CAN-LAM-ARCH-027,WP-I5-006,"WP-I5-006 is the architectural owner because its objective — Implement and verify the bounded albums and favorites surface. — is the surface that must execute the obligation 'When a user changes album membership or favorite state, Lamha must persist the affected as'; prerequisite packages WP-I3-001 supply the underlying schema/identity/journal it needs.",Albums and favorites,I5,I5,REVIEWED,Pass 2 explicit membership review; rationale quoted from the corrected requirement statement.
CAN-LAM-ARCH-028,WP-I5-006,"WP-I5-006 is the architectural owner because its objective — Implement and verify the bounded albums and favorites surface. — is the surface that must execute the obligation 'When the user opens or filters favorites, Lamha must show the favorited assets from local '; prerequisite packages WP-I3-001 supply the underlying schema/identity/journal it needs.",Gallery and timeline,I5,I5,REVIEWED,Pass 2 explicit membership review; rationale quoted from the corrected requirement statement.
CAN-LAM-ARCH-029,WP-I5-007,"WP-I5-007 is the architectural owner because its objective — Implement and verify the bounded memories experience surface. — is the surface that must execute the obligation 'When the Memories feature is shown, Lamha must derive each memory from local canonical ass'; prerequisite packages WP-I4-010 supply the underlying schema/identity/journal it needs.",Memories,I5,I5,REVIEWED,Pass 2 explicit membership review; rationale quoted from the corrected requirement statement.
CAN-LAM-ARCH-030,WP-I10-006,"WP-I10-006 is the architectural owner because its objective — Implement and verify the bounded local ai scheduler surface. — is the surface that must execute the obligation 'When AI review queues change, Lamha must expose a typed operation or notification state wi'; prerequisite packages WP-I10-001 supply the underlying schema/identity/journal it needs.",Jobs and notifications,I10,I10,REVIEWED,Pass 2 explicit membership review; rationale quoted from the corrected requirement statement.
CAN-LAM-ARCH-034,WP-I5-008,"WP-I5-008 is the architectural owner because its objective — Render maps, venues, offline coordinates, asset timelines by location, location filters, and review links from canonical location records; keep optional map til — is the surface that must execute the obligation 'When map results are requested, Lamha must derive them from canonical location records and'; prerequisite packages WP-I4-008 supply the underlying schema/identity/journal it needs.",Map and location,I5,I5,REVIEWED,Pass 2 explicit membership review; rationale quoted from the corrected requirement statement.
CAN-LAM-ARCH-036,WP-I6-008,"WP-I6-008 is the architectural owner because its objective — Implement and verify the bounded date and location boundaries surface. — is the surface that must execute the obligation 'When event organization spans several locations, Lamha must keep the event unified and rec'; prerequisite packages WP-I6-002 supply the underlying schema/identity/journal it needs.",Events and organization,I6,I6,REVIEWED,Pass 2 explicit membership review; rationale quoted from the corrected requirement statement.
CAN-LAM-ARCH-037,WP-I6-009,"WP-I6-009 is the architectural owner because its objective — Implement and verify the bounded event filesystem materialization plan surface. — is the surface that must execute the obligation 'When event organization spans several days of activity, Lamha must keep the event unified '; prerequisite packages WP-I3-011, WP-I6-002 supply the underlying schema/identity/journal it needs.",Events and organization,I6,I6,REVIEWED,Pass 2 explicit membership review; rationale quoted from the corrected requirement statement.
CAN-LAM-ARCH-038,WP-I3-001,"WP-I3-001 is the architectural owner because its objective — Implement and verify the bounded authoritative record envelope surface. — is the surface that must execute the obligation 'When tag records are written, Lamha must persist schema-valid tag records with namespaces '; prerequisite packages WP-I2-007 supply the underlying schema/identity/journal it needs.",Sidecars and metadata authority,I3,I3,REVIEWED,Pass 2 explicit membership review; rationale quoted from the corrected requirement statement.
CAN-LAM-ARCH-039,WP-I8-002,"WP-I8-002 is the architectural owner because its objective — Persist namespaced/revisioned tag candidates and approved assignments, generate content-tag suggestions with provenance, enforce review-first activation, and pe — is the surface that must execute the obligation 'When content-tag suggestions are generated, Lamha must produce reviewable candidates with '; prerequisite packages WP-I8-001 supply the underlying schema/identity/journal it needs.",Tags,I8,I8,REVIEWED,Pass 2 explicit membership review; rationale quoted from the corrected requirement statement.
CAN-LAM-ARCH-040,WP-I10-011,"WP-I10-011 is the architectural owner because its objective — Detect exact and similar duplicates, compare resolution/format/size/album/tag/event/metadata evidence, produce reviewable candidates, support burst grouping, si — is the surface that must execute the obligation 'When similar-image search runs, Lamha must produce reviewable candidates with evidence and'; prerequisite packages WP-I3-002 supply the underlying schema/identity/journal it needs.",Duplicates,I10,I10,REVIEWED,Pass 2 explicit membership review; rationale quoted from the corrected requirement statement.
CAN-LAM-ARCH-041,WP-I5-008,"WP-I5-008 is the architectural owner because its objective — Render maps, venues, offline coordinates, asset timelines by location, location filters, and review links from canonical location records; keep optional map til — is the surface that must execute the obligation 'When location suggestions are generated, Lamha must propose reviewable location candidates'; prerequisite packages WP-I4-008 supply the underlying schema/identity/journal it needs.",Map and location,I5,I5,REVIEWED,Pass 2 explicit membership review; rationale quoted from the corrected requirement statement.
CAN-LAM-ARCH-042,WP-I11-001,"WP-I11-001 is the architectural owner because its objective — Implement and verify the bounded authority-aware metadata editor surface. — is the surface that must execute the obligation 'Before any rename is committed, Lamha must show a preview of the new name and its effects '; prerequisite packages WP-I3-006, WP-I3-011 supply the underlying schema/identity/journal it needs.",Editing,I11,I11,REVIEWED,Pass 2 explicit membership review; rationale quoted from the corrected requirement statement.
CAN-LAM-ARCH-043,WP-I11-001,"WP-I11-001 is the architectural owner because its objective — Implement and verify the bounded authority-aware metadata editor surface. — is the surface that must execute the obligation 'Before any move is committed, Lamha must show a preview of the destination path and effect'; prerequisite packages WP-I3-006, WP-I3-011 supply the underlying schema/identity/journal it needs.",Editing,I11,I11,REVIEWED,Pass 2 explicit membership review; rationale quoted from the corrected requirement statement.
CAN-LAM-ARCH-044,WP-I6-005,"WP-I6-005 is the architectural owner because its objective — Implement and verify the bounded event merge plan surface. — is the surface that must execute the obligation 'Before an event merge is committed, Lamha must show a preview of the merged event and its '; prerequisite packages WP-I6-002 supply the underlying schema/identity/journal it needs.",Events and organization,I6,I6,REVIEWED,Pass 2 explicit membership review; rationale quoted from the corrected requirement statement.
CAN-LAM-ARCH-045,WP-I6-006,"WP-I6-006 is the architectural owner because its objective — Implement and verify the bounded event split and link plans surface. — is the surface that must execute the obligation 'Before an event split is committed, Lamha must show a preview of the resulting events and '; prerequisite packages WP-I6-002 supply the underlying schema/identity/journal it needs.",Events and organization,I6,I6,REVIEWED,Pass 2 explicit membership review; rationale quoted from the corrected requirement statement.
CAN-LAM-ARCH-048,WP-I6-001,"WP-I6-001 is the architectural owner because its objective — Implement and verify the bounded manage later non-mutating scan surface. — is the surface that must execute the obligation 'Before sidecars are created in Manage Later, Lamha must preview the sidecars to generate a'; prerequisite packages WP-I4-001 supply the underlying schema/identity/journal it needs.",Events and organization,I6,I6,REVIEWED,Pass 2 explicit membership review; rationale quoted from the corrected requirement statement.
CAN-LAM-ARCH-049,WP-I6-001,"WP-I6-001 is the architectural owner because its objective — Implement and verify the bounded manage later non-mutating scan surface. — is the surface that must execute the obligation 'When tag suggestions are reviewed in Manage Later, Lamha must present each suggestion with'; prerequisite packages WP-I4-001 supply the underlying schema/identity/journal it needs.",Events and organization,I6,I6,REVIEWED,Pass 2 explicit membership review; rationale quoted from the corrected requirement statement.
CAN-LAM-ARCH-050,WP-I6-010,WP-I6-010 is the architectural owner because its objective — Implement and verify the bounded event and manage later ui surface. — is the surface that must execute the obligation 'Manage Later must support multi-select so the user can apply one reviewed action to exactl'; prerequisite packages WP-I6-002 supply the underlying schema/identity/journal it needs.,Events and organization,I6,I6,REVIEWED,Pass 2 explicit membership review; rationale quoted from the corrected requirement statement.
CAN-LAM-ARCH-051,WP-I6-007,WP-I6-007 is the architectural owner because its objective — Implement and verify the bounded event naming and normalization surface. — is the surface that must execute the obligation 'Bulk rename in Manage Later must preview every proposed name and commit only after approva'; prerequisite packages WP-I6-002 supply the underlying schema/identity/journal it needs.,Events and organization,I6,I6,REVIEWED,Pass 2 explicit membership review; rationale quoted from the corrected requirement statement.
CAN-LAM-ARCH-052,WP-I6-001,WP-I6-001 is the architectural owner because its objective — Implement and verify the bounded manage later non-mutating scan surface. — is the surface that must execute the obligation 'Bulk move in Manage Later must preview every destination and commit only after approval wh'; prerequisite packages WP-I4-001 supply the underlying schema/identity/journal it needs.,Events and organization,I6,I6,REVIEWED,Pass 2 explicit membership review; rationale quoted from the corrected requirement statement.
CAN-LAM-ARCH-053,WP-I6-005,WP-I6-005 is the architectural owner because its objective — Implement and verify the bounded event merge plan surface. — is the surface that must execute the obligation 'Merge and split planning in Manage Later must preview the resulting events and membership '; prerequisite packages WP-I6-002 supply the underlying schema/identity/journal it needs.,Events and organization,I6,I6,REVIEWED,Pass 2 explicit membership review; rationale quoted from the corrected requirement statement.
CAN-LAM-ARCH-054,WP-I6-008,WP-I6-008 is the architectural owner because its objective — Implement and verify the bounded date and location boundaries surface. — is the surface that must execute the obligation 'Unknown-date handling in Manage Later must keep assets under the Unknown Date layout and m'; prerequisite packages WP-I6-002 supply the underlying schema/identity/journal it needs.,Events and organization,I6,I6,REVIEWED,Pass 2 explicit membership review; rationale quoted from the corrected requirement statement.
CAN-LAM-ARCH-055,WP-I6-001,WP-I6-001 is the architectural owner because its objective — Implement and verify the bounded manage later non-mutating scan surface. — is the surface that must execute the obligation 'Missing-sidecar review in Manage Later must list the missing sidecars with the affected as'; prerequisite packages WP-I4-001 supply the underlying schema/identity/journal it needs.,Events and organization,I6,I6,REVIEWED,Pass 2 explicit membership review; rationale quoted from the corrected requirement statement.
CAN-LAM-ARCH-056,WP-I6-001,WP-I6-001 is the architectural owner because its objective — Implement and verify the bounded manage later non-mutating scan surface. — is the surface that must execute the obligation 'Inconsistency warnings in Manage Later must show the conflicting values and sources and ch'; prerequisite packages WP-I4-001 supply the underlying schema/identity/journal it needs.,Events and organization,I6,I6,REVIEWED,Pass 2 explicit membership review; rationale quoted from the corrected requirement statement.
CAN-LAM-ARCH-057,WP-I3-011,"WP-I3-011 is the architectural owner because its objective — Implement and verify the bounded file-operation plan contract surface. — is the surface that must execute the obligation 'When Lamha renames a managed asset, it must update the authorized current path through a j'; prerequisite packages WP-I3-002, WP-I3-003 supply the underlying schema/identity/journal it needs.",File-operation plan contract,I3,I3,REVIEWED,Pass 2 explicit membership review; rationale quoted from the corrected requirement statement.
CAN-LAM-ARCH-058,WP-I3-011,"WP-I3-011 is the architectural owner because its objective — Implement and verify the bounded file-operation plan contract surface. — is the surface that must execute the obligation 'When Lamha moves a managed asset, it must execute a validated journaled plan that preserve'; prerequisite packages WP-I3-002, WP-I3-003 supply the underlying schema/identity/journal it needs.",File-operation plan contract,I3,I3,REVIEWED,Pass 2 explicit membership review; rationale quoted from the corrected requirement statement.
CAN-LAM-ARCH-061,WP-I5-002,"WP-I5-002 is the architectural owner because its objective — Navigate the timeline by date from local records, render event/folder browsing, mark missing-media and offline-drive states, and preserve prior position on load — is the surface that must execute the obligation 'Smooth date scrolling must move the timeline by date from local records and preserve the p'; prerequisite packages WP-I4-010 supply the underlying schema/identity/journal it needs.",Gallery and timeline,I5,I5,REVIEWED,Pass 2 explicit membership review; rationale quoted from the corrected requirement statement.
CAN-LAM-ARCH-062,WP-I5-002,"WP-I5-002 is the architectural owner because its objective — Navigate the timeline by date from local records, render event/folder browsing, mark missing-media and offline-drive states, and preserve prior position on load — is the surface that must execute the obligation 'Date jump controls must move the timeline to the selected date from local records and rema'; prerequisite packages WP-I4-010 supply the underlying schema/identity/journal it needs.",Gallery and timeline,I5,I5,REVIEWED,Pass 2 explicit membership review; rationale quoted from the corrected requirement statement.
CAN-LAM-ARCH-063,WP-I5-001,"WP-I5-001 is the architectural owner because its objective — Render the gallery grid from local records with adjustable density, fast thumbnail cache loading within budget, and keyboard-operable retained components. — is the surface that must execute the obligation 'Adjustable grid size must change the gallery grid density from local data and retain the u'; prerequisite packages WP-I4-009, WP-I4-010 supply the underlying schema/identity/journal it needs.",Gallery and timeline,I5,I5,REVIEWED,Pass 2 explicit membership review; rationale quoted from the corrected requirement statement.
CAN-LAM-ARCH-064,WP-I5-001,"WP-I5-001 is the architectural owner because its objective — Render the gallery grid from local records with adjustable density, fast thumbnail cache loading within budget, and keyboard-operable retained components. — is the surface that must execute the obligation 'Fast thumbnail loading must render thumbnails from the local cache within the reviewed bud'; prerequisite packages WP-I4-009, WP-I4-010 supply the underlying schema/identity/journal it needs.",Gallery and timeline,I5,I5,REVIEWED,Pass 2 explicit membership review; rationale quoted from the corrected requirement statement.
CAN-LAM-ARCH-065,WP-I5-005,WP-I5-005 is the architectural owner because its objective — Implement and verify the bounded selection and keyboard navigation surface. — is the surface that must execute the obligation 'Multi-selection must let the user select multiple assets and apply an action to exactly th'; prerequisite packages WP-I5-001 supply the underlying schema/identity/journal it needs.,Gallery and timeline,I5,I5,REVIEWED,Pass 2 explicit membership review; rationale quoted from the corrected requirement statement.
CAN-LAM-ARCH-066,WP-I5-005,WP-I5-005 is the architectural owner because its objective — Implement and verify the bounded selection and keyboard navigation surface. — is the surface that must execute the obligation 'Keyboard navigation must reach every gallery action and move focus predictably without a p'; prerequisite packages WP-I5-001 supply the underlying schema/identity/journal it needs.,Gallery and timeline,I5,I5,REVIEWED,Pass 2 explicit membership review; rationale quoted from the corrected requirement statement.
CAN-LAM-ARCH-067,WP-I5-013,"WP-I5-013 is the architectural owner because its objective — Load and display review items, assets, events, people, and provenance without mutating authoritative state; opening an item never changes its state. — is the surface that must execute the obligation 'Review indicators must show the reviewed state of each asset in the gallery without alteri'; prerequisite packages WP-I3-002, WP-I5-010, WP-I6-002, WP-I7-004 supply the underlying schema/identity/journal it needs.",Gallery and timeline,I5,I5,REVIEWED,Pass 2 explicit membership review; rationale quoted from the corrected requirement statement.
CAN-LAM-ARCH-069,WP-I5-004,WP-I5-004 is the architectural owner because its objective — Implement and verify the bounded video viewer surface. — is the surface that must execute the obligation 'The viewer must support play and pause for videos from the local source and report typed e'; prerequisite packages WP-I4-005 supply the underlying schema/identity/journal it needs.,Asset viewer,I5,I5,REVIEWED,Pass 2 explicit membership review; rationale quoted from the corrected requirement statement.
CAN-LAM-ARCH-070,WP-I5-004,WP-I5-004 is the architectural owner because its objective — Implement and verify the bounded video viewer surface. — is the surface that must execute the obligation 'Timeline scrubbing must seek the video from the local source and keep the frame display cu'; prerequisite packages WP-I4-005 supply the underlying schema/identity/journal it needs.,Asset viewer,I5,I5,REVIEWED,Pass 2 explicit membership review; rationale quoted from the corrected requirement statement.
CAN-LAM-ARCH-071,WP-I5-005,WP-I5-005 is the architectural owner because its objective — Implement and verify the bounded selection and keyboard navigation surface. — is the surface that must execute the obligation 'Previous and next navigation must move between assets from local records and remain keyboa'; prerequisite packages WP-I5-001 supply the underlying schema/identity/journal it needs.,Asset viewer,I5,I5,REVIEWED,Pass 2 explicit membership review; rationale quoted from the corrected requirement statement.
CAN-LAM-ARCH-072,WP-I5-003,WP-I5-003 is the architectural owner because its objective — Implement and verify the bounded image viewer surface. — is the surface that must execute the obligation 'Zoom must scale the displayed asset and must never modify the original file.'; prerequisite packages WP-I4-004 supply the underlying schema/identity/journal it needs.,Asset viewer,I5,I5,REVIEWED,Pass 2 explicit membership review; rationale quoted from the corrected requirement statement.
CAN-LAM-ARCH-073,WP-I5-003,WP-I5-003 is the architectural owner because its objective — Implement and verify the bounded image viewer surface. — is the surface that must execute the obligation 'Pan must move the visible region of the displayed asset and must never modify the original'; prerequisite packages WP-I4-004 supply the underlying schema/identity/journal it needs.,Asset viewer,I5,I5,REVIEWED,Pass 2 explicit membership review; rationale quoted from the corrected requirement statement.
CAN-LAM-ARCH-074,WP-I5-003,WP-I5-003 is the architectural owner because its objective — Implement and verify the bounded image viewer surface. — is the surface that must execute the obligation 'Rotation must rotate the displayed asset and must never modify the original file.'; prerequisite packages WP-I4-004 supply the underlying schema/identity/journal it needs.,Asset viewer,I5,I5,REVIEWED,Pass 2 explicit membership review; rationale quoted from the corrected requirement statement.
CAN-LAM-ARCH-075,WP-I5-003,WP-I5-003 is the architectural owner because its objective — Implement and verify the bounded image viewer surface. — is the surface that must execute the obligation 'Orientation correction must apply the reviewed orientation to the display and must never m'; prerequisite packages WP-I4-004 supply the underlying schema/identity/journal it needs.,Asset viewer,I5,I5,REVIEWED,Pass 2 explicit membership review; rationale quoted from the corrected requirement statement.
CAN-LAM-ARCH-076,WP-I5-004,WP-I5-004 is the architectural owner because its objective — Implement and verify the bounded video viewer surface. — is the surface that must execute the obligation 'GIF playback must animate the local file and return a typed error when the format is unsup'; prerequisite packages WP-I4-005 supply the underlying schema/identity/journal it needs.,Asset viewer,I5,I5,REVIEWED,Pass 2 explicit membership review; rationale quoted from the corrected requirement statement.
CAN-LAM-ARCH-077,WP-I5-003,WP-I5-003 is the architectural owner because its objective — Implement and verify the bounded image viewer surface. — is the surface that must execute the obligation 'The viewer must support panorama display from the local source and return a typed error wh'; prerequisite packages WP-I4-004 supply the underlying schema/identity/journal it needs.,Asset viewer,I5,I5,REVIEWED,Pass 2 explicit membership review; rationale quoted from the corrected requirement statement.
CAN-LAM-ARCH-078,WP-I5-003,WP-I5-003 is the architectural owner because its objective — Implement and verify the bounded image viewer surface. — is the surface that must execute the obligation 'RAW previews must render where the reviewed decoder supports the format and return a typed'; prerequisite packages WP-I4-004 supply the underlying schema/identity/journal it needs.,Asset viewer,I5,I5,REVIEWED,Pass 2 explicit membership review; rationale quoted from the corrected requirement statement.
CAN-LAM-ARCH-079,WP-I5-006,WP-I5-006 is the architectural owner because its objective — Implement and verify the bounded albums and favorites surface. — is the surface that must execute the obligation 'The favorite toggle must persist the reviewed favorite state and reflect it in the UI and '; prerequisite packages WP-I3-001 supply the underlying schema/identity/journal it needs.,Asset viewer,I5,I5,REVIEWED,Pass 2 explicit membership review; rationale quoted from the corrected requirement statement.
CAN-LAM-ARCH-080,WP-I5-006,WP-I5-006 is the architectural owner because its objective — Implement and verify the bounded albums and favorites surface. — is the surface that must execute the obligation 'Album membership editing must persist the reviewed membership without moving or duplicatin'; prerequisite packages WP-I3-001 supply the underlying schema/identity/journal it needs.,Asset viewer,I5,I5,REVIEWED,Pass 2 explicit membership review; rationale quoted from the corrected requirement statement.
CAN-LAM-ARCH-081,WP-I5-008,"WP-I5-008 is the architectural owner because its objective — Render maps, venues, offline coordinates, asset timelines by location, location filters, and review links from canonical location records; keep optional map til — is the surface that must execute the obligation 'Open in map must navigate to the asset's reviewed location on the map without changing the'; prerequisite packages WP-I4-008 supply the underlying schema/identity/journal it needs.",Asset viewer,I5,I5,REVIEWED,Pass 2 explicit membership review; rationale quoted from the corrected requirement statement.
CAN-LAM-ARCH-082,WP-I9-004,WP-I9-004 is the architectural owner because its objective — Implement and verify the bounded event mind map surface. — is the surface that must execute the obligation 'Open in mind map must navigate to the asset's reviewed node in the mind map without changi'; prerequisite packages WP-I9-001 supply the underlying schema/identity/journal it needs.,Mind-map projections,I9,I9,REVIEWED,Pass 2 explicit membership review; rationale quoted from the corrected requirement statement.
CAN-LAM-ARCH-083,WP-I4-001,"WP-I4-001 is the architectural owner because its objective — Implement and verify the bounded initial recursive scanner surface. — is the surface that must execute the obligation 'Recursive scanning must traverse the Library Root tree, index supported media with stable '; prerequisite packages WP-I3-002, WP-I3-003, WP-I3-008 supply the underlying schema/identity/journal it needs.",Media ingestion and derivation,I4,I4,REVIEWED,Pass 2 explicit membership review; rationale quoted from the corrected requirement statement.
CAN-LAM-ARCH-084,WP-I4-002,WP-I4-002 is the architectural owner because its objective — Implement and verify the bounded incremental scan and watcher reconciliation surface. — is the surface that must execute the obligation 'Incremental rescanning must process only changed or new paths and report the scanned scope'; prerequisite packages WP-I4-001 supply the underlying schema/identity/journal it needs.,Media ingestion and derivation,I4,I4,REVIEWED,Pass 2 explicit membership review; rationale quoted from the corrected requirement statement.
CAN-LAM-ARCH-085,WP-I4-002,WP-I4-002 is the architectural owner because its objective — Implement and verify the bounded incremental scan and watcher reconciliation surface. — is the surface that must execute the obligation 'File watching must detect changes within the authorized root and reconcile the index witho'; prerequisite packages WP-I4-001 supply the underlying schema/identity/journal it needs.,Media ingestion and derivation,I4,I4,REVIEWED,Pass 2 explicit membership review; rationale quoted from the corrected requirement statement.
CAN-LAM-ARCH-086,WP-I4-002,WP-I4-002 is the architectural owner because its objective — Implement and verify the bounded incremental scan and watcher reconciliation surface. — is the surface that must execute the obligation 'External change detection must reconcile the index with the current filesystem on the next'; prerequisite packages WP-I4-001 supply the underlying schema/identity/journal it needs.,Media ingestion and derivation,I4,I4,REVIEWED,Pass 2 explicit membership review; rationale quoted from the corrected requirement statement.
CAN-LAM-ARCH-087,WP-I4-009,"WP-I4-009 is the architectural owner because its objective — Implement and verify the bounded thumbnail and preview generation surface. — is the surface that must execute the obligation 'Thumbnail generation must create previews from local media without modifying the originals'; prerequisite packages WP-I3-002, WP-I4-003 supply the underlying schema/identity/journal it needs.",Media ingestion and derivation,I4,I4,REVIEWED,Pass 2 explicit membership review; rationale quoted from the corrected requirement statement.
CAN-LAM-ARCH-088,WP-I4-007,WP-I4-007 is the architectural owner because its objective — Implement and verify the bounded content hashing and verification surface. — is the surface that must execute the obligation 'Hash calculation must compute the full hash of each indexed file and store it with the ass'; prerequisite packages WP-I4-001 supply the underlying schema/identity/journal it needs.,Media ingestion and derivation,I4,I4,REVIEWED,Pass 2 explicit membership review; rationale quoted from the corrected requirement statement.
CAN-LAM-ARCH-089,WP-I4-001,"WP-I4-001 is the architectural owner because its objective — Implement and verify the bounded initial recursive scanner surface. — is the surface that must execute the obligation 'Sidecar discovery must find valid sidecars for each asset and link them without changing t'; prerequisite packages WP-I3-002, WP-I3-003, WP-I3-008 supply the underlying schema/identity/journal it needs.",Sidecars and metadata authority,I4,I4,REVIEWED,Pass 2 explicit membership review; rationale quoted from the corrected requirement statement.
CAN-LAM-ARCH-090,WP-I4-001,"WP-I4-001 is the architectural owner because its objective — Implement and verify the bounded initial recursive scanner surface. — is the surface that must execute the obligation 'Sidecar creation must write the reviewed schema-valid sidecar set through the transaction '; prerequisite packages WP-I3-002, WP-I3-003, WP-I3-008 supply the underlying schema/identity/journal it needs.",Media ingestion and derivation,I4,I4,REVIEWED,Pass 2 explicit membership review; rationale quoted from the corrected requirement statement.
CAN-LAM-ARCH-091,WP-I4-001,"WP-I4-001 is the architectural owner because its objective — Implement and verify the bounded initial recursive scanner surface. — is the surface that must execute the obligation 'Sidecar health checks must report validity, missing fields, and degraded records without m'; prerequisite packages WP-I3-002, WP-I3-003, WP-I3-008 supply the underlying schema/identity/journal it needs.",Sidecars and metadata authority,I4,I4,REVIEWED,Pass 2 explicit membership review; rationale quoted from the corrected requirement statement.
CAN-LAM-ARCH-092,WP-I4-001,"WP-I4-001 is the architectural owner because its objective — Implement and verify the bounded initial recursive scanner surface. — is the surface that must execute the obligation 'Lamha must support read-only library roots by scanning and displaying them while keeping p'; prerequisite packages WP-I3-002, WP-I3-003, WP-I3-008 supply the underlying schema/identity/journal it needs.",Media ingestion and derivation,I4,I4,REVIEWED,Pass 2 explicit membership review; rationale quoted from the corrected requirement statement.
CAN-LAM-ARCH-093,WP-I4-001,"WP-I4-001 is the architectural owner because its objective — Implement and verify the bounded initial recursive scanner surface. — is the surface that must execute the obligation 'When a configured Library Root is missing, Lamha must mark the root missing, keep its inde'; prerequisite packages WP-I3-002, WP-I3-003, WP-I3-008 supply the underlying schema/identity/journal it needs.",Media ingestion and derivation,I4,I4,REVIEWED,Pass 2 explicit membership review; rationale quoted from the corrected requirement statement.
CAN-LAM-ARCH-094,WP-I12-004,"WP-I12-004 is the architectural owner because its objective — Implement and verify the bounded detached read-only experience surface. — is the surface that must execute the obligation 'When a root reconnects, Lamha must reconcile it by durable identity and restore records an'; prerequisite packages WP-I12-001, WP-I4-010 supply the underlying schema/identity/journal it needs.",External drives and path resilience,I12,I12,REVIEWED,Pass 2 explicit membership review; rationale quoted from the corrected requirement statement.
CAN-LAM-ARCH-095,WP-I6-002,"WP-I6-002 is the architectural owner because its objective — Persist reviewed event types, parent/child membership, attendees, groups, tags, descriptions, covers, locations, schema validation, JSON/XMP alignment, and AI-d — is the surface that must execute the obligation 'Lamha must keep support for the reviewed event types (trips, casual hangouts, one-day and '; prerequisite packages WP-I3-001 supply the underlying schema/identity/journal it needs.",Events and organization,I6,I6,REVIEWED,Pass 2 explicit membership review; rationale quoted from the corrected requirement statement.
CAN-LAM-ARCH-096,WP-I6-002,"WP-I6-002 is the architectural owner because its objective — Persist reviewed event types, parent/child membership, attendees, groups, tags, descriptions, covers, locations, schema validation, JSON/XMP alignment, and AI-d — is the surface that must execute the obligation 'Trips must be supported as parent events that may contain optional child events.'; prerequisite packages WP-I3-001 supply the underlying schema/identity/journal it needs.",Events and organization,I6,I6,REVIEWED,Pass 2 explicit membership review; rationale quoted from the corrected requirement statement.
CAN-LAM-ARCH-097,WP-I6-002,"WP-I6-002 is the architectural owner because its objective — Persist reviewed event types, parent/child membership, attendees, groups, tags, descriptions, covers, locations, schema validation, JSON/XMP alignment, and AI-d — is the surface that must execute the obligation 'Casual hangouts must be supported as a lightweight event type with the reviewed naming and'; prerequisite packages WP-I3-001 supply the underlying schema/identity/journal it needs.",Events and organization,I6,I6,REVIEWED,Pass 2 explicit membership review; rationale quoted from the corrected requirement statement.
CAN-LAM-ARCH-103,WP-I7-003,"WP-I7-003 is the architectural owner because its objective — Implement and verify the bounded face clustering and curation surface. — is the surface that must execute the obligation 'When a mixed face cluster is split, Lamha must assign each face to exactly one person or a'; prerequisite packages WP-I7-002 supply the underlying schema/identity/journal it needs.",People and faces,I7,I7,REVIEWED,Pass 2 explicit membership review; rationale quoted from the corrected requirement statement.
CAN-LAM-ARCH-104,WP-I7-009,"WP-I7-009 is the architectural owner because its objective — Implement and verify the bounded scoped face corrections surface. — is the surface that must execute the obligation 'When nearby uncertain face matches change, Lamha must re-run local matching for the affect'; prerequisite packages WP-I7-002 supply the underlying schema/identity/journal it needs.",People and faces,I7,I7,REVIEWED,Pass 2 explicit membership review; rationale quoted from the corrected requirement statement.
CAN-LAM-ARCH-105,WP-I7-001,"WP-I7-001 is the architectural owner because its objective — Run face detection locally, produce reviewable face regions with model/source provenance, support targeted reprocessing, correction scoping, and misclassificati — is the surface that must execute the obligation 'When a targeted reprocessing job runs for a selected person or asset, Lamha must process o'; prerequisite packages WP-I10-001, WP-I10-003 supply the underlying schema/identity/journal it needs.",People and faces,I7,I7,REVIEWED,Pass 2 explicit membership review; rationale quoted from the corrected requirement statement.
CAN-LAM-ARCH-116,WP-I7-008,"WP-I7-008 is the architectural owner because its objective — Persist complete group membership models with active/former/inactive effective-dated intervals, historical immutability, and overlap validation. — is the surface that must execute the obligation 'Group membership changes must append or close effective-dated periods and must never overw'; prerequisite packages WP-I7-007 supply the underlying schema/identity/journal it needs.",People and faces,I7,I7,REVIEWED,Pass 2 explicit membership review; rationale quoted from the corrected requirement statement.
CAN-LAM-ARCH-120,WP-I7-007,WP-I7-007 is the architectural owner because its objective — Implement and verify the bounded group identity model surface. — is the surface that must execute the obligation 'An optional compact display name may be used for tags and small map nodes.'; prerequisite packages WP-I7-004 supply the underlying schema/identity/journal it needs.,People and faces,I7,I7,REVIEWED,Pass 2 explicit membership review; rationale quoted from the corrected requirement statement.
CAN-LAM-ARCH-121,WP-I7-005,"WP-I7-005 is the architectural owner because its objective — Implement and verify the bounded person aliases and naming surface. — is the surface that must execute the obligation 'When a person's canonical name changes, the previous name must be retained as a searchable'; prerequisite packages WP-I7-004 supply the underlying schema/identity/journal it needs.",People and faces,I7,I7,REVIEWED,Pass 2 explicit membership review; rationale quoted from the corrected requirement statement.
CAN-LAM-ARCH-134,WP-I8-009,"WP-I8-009 is the architectural owner because its objective — Implement and verify the bounded relationship review and conflicts surface. — is the surface that must execute the obligation 'When a reviewer selects a proposed relationship or membership change, Lamha must highlight'; prerequisite packages WP-I5-010 supply the underlying schema/identity/journal it needs.",People and faces,I8,I8,REVIEWED,Pass 2 explicit membership review; rationale quoted from the corrected requirement statement.
CAN-LAM-ARCH-135,WP-I8-009,"WP-I8-009 is the architectural owner because its objective — Implement and verify the bounded relationship review and conflicts surface. — is the surface that must execute the obligation 'When a reviewer performs final explicit confirmation, Lamha must commit the approved trans'; prerequisite packages WP-I5-010 supply the underlying schema/identity/journal it needs.",People and faces,I8,I8,REVIEWED,Pass 2 explicit membership review; rationale quoted from the corrected requirement statement.
CAN-LAM-ARCH-141,WP-I10-008,"WP-I10-008 is the architectural owner because its objective — Implement and verify the bounded ai progress cancellation and retry surface. — is the surface that must execute the obligation 'When a long-running local workflow saves progress, Lamha must persist a typed operation st'; prerequisite packages WP-I10-007 supply the underlying schema/identity/journal it needs.",Jobs and notifications,I10,I10,REVIEWED,Pass 2 explicit membership review; rationale quoted from the corrected requirement statement.
CAN-LAM-ARCH-144,WP-I3-001,"WP-I3-001 is the architectural owner because its objective — Implement and verify the bounded authoritative record envelope surface. — is the surface that must execute the obligation 'When a managed asset mutation requires sidecars, Lamha must create the exact reviewed side'; prerequisite packages WP-I2-007 supply the underlying schema/identity/journal it needs.",Metadata,I3,I3,REVIEWED,Pass 2 explicit membership review; rationale quoted from the corrected requirement statement.
CAN-LAM-ARCH-147,WP-I4-010,"WP-I4-010 is the architectural owner because its objective — Implement and verify the bounded asset and path index surface. — is the surface that must execute the obligation 'When initializing a Library Root, Lamha must provision the required managed storage direct'; prerequisite packages WP-I3-008 supply the underlying schema/identity/journal it needs.",Libraries and storage,I4,I4,REVIEWED,Pass 2 explicit membership review; rationale quoted from the corrected requirement statement.
CAN-LAM-ARCH-148,WP-I4-010,"WP-I4-010 is the architectural owner because its objective — Implement and verify the bounded asset and path index surface. — is the surface that must execute the obligation 'When an existing folder is dragged into the library and the user chooses Keep linked, Lamh'; prerequisite packages WP-I3-008 supply the underlying schema/identity/journal it needs.",Libraries and storage,I4,I4,REVIEWED,Pass 2 explicit membership review; rationale quoted from the corrected requirement statement.
CAN-LAM-ARCH-149,WP-I4-010,"WP-I4-010 is the architectural owner because its objective — Implement and verify the bounded asset and path index surface. — is the surface that must execute the obligation 'When an existing folder is dragged into the library and Normalize name is chosen, Lamha mu'; prerequisite packages WP-I3-008 supply the underlying schema/identity/journal it needs.",Libraries and storage,I4,I4,REVIEWED,Pass 2 explicit membership review; rationale quoted from the corrected requirement statement.
CAN-LAM-ARCH-150,WP-I4-001,"WP-I4-001 is the architectural owner because its objective — Implement and verify the bounded initial recursive scanner surface. — is the surface that must execute the obligation 'When an existing folder is dragged into the library and Move into the library is chosen, L'; prerequisite packages WP-I3-002, WP-I3-003, WP-I3-008 supply the underlying schema/identity/journal it needs.",Libraries and storage,I4,I4,REVIEWED,Pass 2 explicit membership review; rationale quoted from the corrected requirement statement.
CAN-LAM-ARCH-151,WP-I4-010,"WP-I4-010 is the architectural owner because its objective — Implement and verify the bounded asset and path index surface. — is the surface that must execute the obligation 'When an existing folder is dragged into the library and Merge is chosen, Lamha must previe'; prerequisite packages WP-I3-008 supply the underlying schema/identity/journal it needs.",Libraries and storage,I4,I4,REVIEWED,Pass 2 explicit membership review; rationale quoted from the corrected requirement statement.
CAN-LAM-ARCH-164,WP-I8-001,WP-I8-001 is the architectural owner because its objective — Implement and verify the bounded tag records and namespaces surface. — is the surface that must execute the obligation 'Derived/inherited labels must expose their source and must be regenerated when their autho'; prerequisite packages WP-I3-001 supply the underlying schema/identity/journal it needs.,Tags,I8,I8,REVIEWED,Pass 2 explicit membership review; rationale quoted from the corrected requirement statement.
CAN-LAM-ARCH-165,WP-I8-002,"WP-I8-002 is the architectural owner because its objective — Persist namespaced/revisioned tag candidates and approved assignments, generate content-tag suggestions with provenance, enforce review-first activation, and pe — is the surface that must execute the obligation 'When reviewable tag suggestions are generated, Lamha must base them on the reviewed sugges'; prerequisite packages WP-I8-001 supply the underlying schema/identity/journal it needs.",Tags,I8,I8,REVIEWED,Pass 2 explicit membership review; rationale quoted from the corrected requirement statement.
CAN-LAM-ARCH-168,WP-I5-010,"WP-I5-010 is the architectural owner because its objective — Commit and persist review-state transitions (approve, reject, suppress, defer, mark intentional, record decision, apply to selection) with provenance and revisi — is the surface that must execute the obligation 'When a reviewer approves a proposal individually, Lamha must commit only that proposal and'; prerequisite packages WP-I2-007 supply the underlying schema/identity/journal it needs.",Review Centre,I5,I5,REVIEWED,Pass 2 explicit membership review; rationale quoted from the corrected requirement statement.
CAN-LAM-ARCH-169,WP-I5-010,"WP-I5-010 is the architectural owner because its objective — Commit and persist review-state transitions (approve, reject, suppress, defer, mark intentional, record decision, apply to selection) with provenance and revisi — is the surface that must execute the obligation 'When a reviewer approves proposals in bulk, Lamha must commit exactly the selected set and'; prerequisite packages WP-I2-007 supply the underlying schema/identity/journal it needs.",Review Centre,I5,I5,REVIEWED,Pass 2 explicit membership review; rationale quoted from the corrected requirement statement.
CAN-LAM-ARCH-170,WP-I5-010,"WP-I5-010 is the architectural owner because its objective — Commit and persist review-state transitions (approve, reject, suppress, defer, mark intentional, record decision, apply to selection) with provenance and revisi — is the surface that must execute the obligation 'When a reviewer rejects a proposal, Lamha must persist the rejected transition, provenance'; prerequisite packages WP-I2-007 supply the underlying schema/identity/journal it needs.",Review Centre foundation,I5,I5,REVIEWED,Pass 2 explicit membership review; rationale quoted from the corrected requirement statement.
CAN-LAM-ARCH-171,WP-I5-010,"WP-I5-010 is the architectural owner because its objective — Commit and persist review-state transitions (approve, reject, suppress, defer, mark intentional, record decision, apply to selection) with provenance and revisi — is the surface that must execute the obligation 'When a reviewer suppresses proposals by rule, Lamha must persist the suppression rule with'; prerequisite packages WP-I2-007 supply the underlying schema/identity/journal it needs.",Review Centre,I5,I5,REVIEWED,Pass 2 explicit membership review; rationale quoted from the corrected requirement statement.
CAN-LAM-ARCH-172,WP-I5-010,"WP-I5-010 is the architectural owner because its objective — Commit and persist review-state transitions (approve, reject, suppress, defer, mark intentional, record decision, apply to selection) with provenance and revisi — is the surface that must execute the obligation 'When a reviewer defers a proposal and later reopens it, Lamha must persist the deferred st'; prerequisite packages WP-I2-007 supply the underlying schema/identity/journal it needs.",Review Centre,I5,I5,REVIEWED,Pass 2 explicit membership review; rationale quoted from the corrected requirement statement.
CAN-LAM-ARCH-173,WP-I5-013,"WP-I5-013 is the architectural owner because its objective — Load and display review items, assets, events, people, and provenance without mutating authoritative state; opening an item never changes its state. — is the surface that must execute the obligation 'When a reviewer reviews provenance, Lamha must display the full source, evidence, and revi'; prerequisite packages WP-I3-002, WP-I5-010, WP-I6-002, WP-I7-004 supply the underlying schema/identity/journal it needs.",Review Centre,I5,I5,REVIEWED,Pass 2 explicit membership review; rationale quoted from the corrected requirement statement.
CAN-LAM-ARCH-177,WP-I8-007,"WP-I8-007 is the architectural owner because its objective — Implement and verify the bounded photographer camera-owner importer attribution surface. — is the surface that must execute the obligation 'When screenshots are ingested, Lamha must classify them with a system-capture media type a'; prerequisite packages WP-I7-004 supply the underlying schema/identity/journal it needs.",Relationships and attribution,I8,I8,REVIEWED,Pass 2 explicit membership review; rationale quoted from the corrected requirement statement.
CAN-LAM-ARCH-184,WP-I3-015,WP-I3-015 is the architectural owner because its objective — Implement and verify the bounded revision and concurrency preconditions surface. — is the surface that must execute the obligation 'Conflicting values must be shown in Review rather than silently overwritten.'; prerequisite packages WP-I3-001 supply the underlying schema/identity/journal it needs.,Local data authority,I3,I3,REVIEWED,Pass 2 explicit membership review; rationale quoted from the corrected requirement statement.
CAN-LAM-ARCH-188,WP-I5-013,"WP-I5-013 is the architectural owner because its objective — Load and display review items, assets, events, people, and provenance without mutating authoritative state; opening an item never changes its state. — is the surface that must execute the obligation 'When conflict warnings are displayed, Lamha must show the conflicting values and sources a'; prerequisite packages WP-I3-002, WP-I5-010, WP-I6-002, WP-I7-004 supply the underlying schema/identity/journal it needs.",Asset viewer,I5,I5,REVIEWED,Pass 2 explicit membership review; rationale quoted from the corrected requirement statement.
CAN-LAM-ARCH-191,WP-I5-013,"WP-I5-013 is the architectural owner because its objective — Load and display review items, assets, events, people, and provenance without mutating authoritative state; opening an item never changes its state. — is the surface that must execute the obligation 'When review links are opened, Lamha must navigate to the referenced Review items and displ'; prerequisite packages WP-I3-002, WP-I5-010, WP-I6-002, WP-I7-004 supply the underlying schema/identity/journal it needs.",Asset viewer,I5,I5,REVIEWED,Pass 2 explicit membership review; rationale quoted from the corrected requirement statement.
CAN-LAM-ARCH-192,WP-I5-016,"WP-I5-016 is the architectural owner because its objective — Load and display asset, person, event, sidecar, and duplicate detail views from local records without mutating the loaded records. — is the surface that must execute the obligation 'When sidecars are opened, Lamha must load and display the sidecar content read-only and mu'; prerequisite packages WP-I3-002, WP-I3-005 supply the underlying schema/identity/journal it needs.",Asset viewer,I5,I5,REVIEWED,Pass 2 explicit membership review; rationale quoted from the corrected requirement statement.
CAN-LAM-ARCH-193,WP-I11-006,"WP-I11-006 is the architectural owner because its objective — Create new output copies for raw-data export and edited-copy export with provenance/derivative manifests while leaving original media and source records unchang — is the surface that must execute the obligation 'When raw data is copied or exported, Lamha must produce a copy of the local source data wi'; prerequisite packages WP-I3-012 supply the underlying schema/identity/journal it needs.",Editing,I11,I11,REVIEWED,Pass 2 explicit membership review; rationale quoted from the corrected requirement statement.
CAN-LAM-ARCH-195,WP-I5-016,"WP-I5-016 is the architectural owner because its objective — Load and display asset, person, event, sidecar, and duplicate detail views from local records without mutating the loaded records. — is the surface that must execute the obligation 'When sidecar health is inspected, Lamha must report schema validity, missing fields, and d'; prerequisite packages WP-I3-002, WP-I3-005 supply the underlying schema/identity/journal it needs.",Asset viewer,I5,I5,REVIEWED,Pass 2 explicit membership review; rationale quoted from the corrected requirement statement.
CAN-LAM-ARCH-213,WP-I10-008,"WP-I10-008 is the architectural owner because its objective — Implement and verify the bounded ai progress cancellation and retry surface. — is the surface that must execute the obligation 'When object or content suggestions are generated by the local worker, Lamha must produce r'; prerequisite packages WP-I10-007 supply the underlying schema/identity/journal it needs.",Local AI worker,I10,I10,REVIEWED,Pass 2 explicit membership review; rationale quoted from the corrected requirement statement.
CAN-LAM-ARCH-215,WP-I10-012,"WP-I10-012 is the architectural owner because its objective — Implement and verify the bounded location proposals surface. — is the surface that must execute the obligation 'When location suggestions are generated by the local worker, Lamha must produce reviewable'; prerequisite packages WP-I10-003 supply the underlying schema/identity/journal it needs.",Map and location,I10,I10,REVIEWED,Pass 2 explicit membership review; rationale quoted from the corrected requirement statement.
CAN-LAM-ARCH-216,WP-I10-005,"WP-I10-005 is the architectural owner because its objective — Detect and record CPU, core count, RAM, GPU/GPU memory, OS, disk, acceleration, library counts, and benchmark results from local OS data for AI hardware assessm — is the surface that must execute the obligation 'When hardware assessment runs, Lamha must report the detected CPU from local OS data and r'; prerequisite packages WP-I10-003 supply the underlying schema/identity/journal it needs.",Local AI worker,I10,I10,REVIEWED,Pass 2 explicit membership review; rationale quoted from the corrected requirement statement.
CAN-LAM-ARCH-217,WP-I10-005,"WP-I10-005 is the architectural owner because its objective — Detect and record CPU, core count, RAM, GPU/GPU memory, OS, disk, acceleration, library counts, and benchmark results from local OS data for AI hardware assessm — is the surface that must execute the obligation 'When hardware assessment runs, Lamha must report the detected core count from local OS dat'; prerequisite packages WP-I10-003 supply the underlying schema/identity/journal it needs.",Local AI worker,I10,I10,REVIEWED,Pass 2 explicit membership review; rationale quoted from the corrected requirement statement.
CAN-LAM-ARCH-218,WP-I10-005,"WP-I10-005 is the architectural owner because its objective — Detect and record CPU, core count, RAM, GPU/GPU memory, OS, disk, acceleration, library counts, and benchmark results from local OS data for AI hardware assessm — is the surface that must execute the obligation 'When hardware assessment runs, Lamha must report the detected RAM from local OS data and r'; prerequisite packages WP-I10-003 supply the underlying schema/identity/journal it needs.",Local AI worker,I10,I10,REVIEWED,Pass 2 explicit membership review; rationale quoted from the corrected requirement statement.
CAN-LAM-ARCH-219,WP-I10-005,"WP-I10-005 is the architectural owner because its objective — Detect and record CPU, core count, RAM, GPU/GPU memory, OS, disk, acceleration, library counts, and benchmark results from local OS data for AI hardware assessm — is the surface that must execute the obligation 'When hardware assessment runs, Lamha must report the detected GPU and its available memory'; prerequisite packages WP-I10-003 supply the underlying schema/identity/journal it needs.",Local AI worker,I10,I10,REVIEWED,Pass 2 explicit membership review; rationale quoted from the corrected requirement statement.
CAN-LAM-ARCH-220,WP-I10-005,"WP-I10-005 is the architectural owner because its objective — Detect and record CPU, core count, RAM, GPU/GPU memory, OS, disk, acceleration, library counts, and benchmark results from local OS data for AI hardware assessm — is the surface that must execute the obligation 'When hardware assessment runs, Lamha must report the detected operating system from local '; prerequisite packages WP-I10-003 supply the underlying schema/identity/journal it needs.",Local AI worker,I10,I10,REVIEWED,Pass 2 explicit membership review; rationale quoted from the corrected requirement statement.
CAN-LAM-ARCH-221,WP-I10-005,"WP-I10-005 is the architectural owner because its objective — Detect and record CPU, core count, RAM, GPU/GPU memory, OS, disk, acceleration, library counts, and benchmark results from local OS data for AI hardware assessm — is the surface that must execute the obligation 'When hardware assessment runs, Lamha must report the detected disk space from local OS dat'; prerequisite packages WP-I10-003 supply the underlying schema/identity/journal it needs.",Local AI worker,I10,I10,REVIEWED,Pass 2 explicit membership review; rationale quoted from the corrected requirement statement.
CAN-LAM-ARCH-222,WP-I10-005,"WP-I10-005 is the architectural owner because its objective — Detect and record CPU, core count, RAM, GPU/GPU memory, OS, disk, acceleration, library counts, and benchmark results from local OS data for AI hardware assessm — is the surface that must execute the obligation 'When hardware assessment runs, Lamha must report which acceleration providers are supporte'; prerequisite packages WP-I10-003 supply the underlying schema/identity/journal it needs.",Local AI worker,I10,I10,REVIEWED,Pass 2 explicit membership review; rationale quoted from the corrected requirement statement.
CAN-LAM-ARCH-228,WP-I10-010,"WP-I10-010 is the architectural owner because its objective — Implement and verify the bounded embeddings and semantic search surface. — is the surface that must execute the obligation 'When AI data control runs, Lamha must let the user export or delete semantic embeddings an'; prerequisite packages WP-I10-001, WP-I10-003 supply the underlying schema/identity/journal it needs.",Search and OCR,I10,I10,REVIEWED,Pass 2 explicit membership review; rationale quoted from the corrected requirement statement.
CAN-LAM-ARCH-229,WP-I10-007,"WP-I10-007 is the architectural owner because its objective — Implement and verify the bounded ai task queue persistence surface. — is the surface that must execute the obligation 'When AI data control runs, Lamha must let the user export or delete object suggestions and'; prerequisite packages WP-I10-001 supply the underlying schema/identity/journal it needs.",Local AI worker,I10,I10,REVIEWED,Pass 2 explicit membership review; rationale quoted from the corrected requirement statement.
CAN-LAM-ARCH-230,WP-I10-004,"WP-I10-004 is the architectural owner because its objective — Implement and verify the bounded model checksums and compatibility surface. — is the surface that must execute the obligation 'When AI data control runs, Lamha must let the user export or delete all AI-derived data an'; prerequisite packages WP-I10-003 supply the underlying schema/identity/journal it needs.",Local AI worker,I10,I10,REVIEWED,Pass 2 explicit membership review; rationale quoted from the corrected requirement statement.
CAN-LAM-ARCH-231,WP-I5-006,WP-I5-006 is the architectural owner because its objective — Implement and verify the bounded albums and favorites surface. — is the surface that must execute the obligation 'Local albums must persist reviewed membership without duplicating media files.'; prerequisite packages WP-I3-001 supply the underlying schema/identity/journal it needs.,Albums and favorites,I5,I5,REVIEWED,Pass 2 explicit membership review; rationale quoted from the corrected requirement statement.
CAN-LAM-ARCH-232,WP-I5-006,WP-I5-006 is the architectural owner because its objective — Implement and verify the bounded albums and favorites surface. — is the surface that must execute the obligation 'Album covers must store the reviewed cover reference and display it in album views.'; prerequisite packages WP-I3-001 supply the underlying schema/identity/journal it needs.,Albums and favorites,I5,I5,REVIEWED,Pass 2 explicit membership review; rationale quoted from the corrected requirement statement.
CAN-LAM-ARCH-233,WP-I5-006,WP-I5-006 is the architectural owner because its objective — Implement and verify the bounded albums and favorites surface. — is the surface that must execute the obligation 'Album sorting must persist the reviewed sort rule and apply it to album views.'; prerequisite packages WP-I3-001 supply the underlying schema/identity/journal it needs.,Albums and favorites,I5,I5,REVIEWED,Pass 2 explicit membership review; rationale quoted from the corrected requirement statement.
CAN-LAM-ARCH-234,WP-I5-006,WP-I5-006 is the architectural owner because its objective — Implement and verify the bounded albums and favorites surface. — is the surface that must execute the obligation 'Albums must never cause physical duplication of media files; membership references the sam'; prerequisite packages WP-I3-001 supply the underlying schema/identity/journal it needs.,Albums and favorites,I5,I5,REVIEWED,Pass 2 explicit membership review; rationale quoted from the corrected requirement statement.
CAN-LAM-ARCH-235,WP-I5-006,WP-I5-006 is the architectural owner because its objective — Implement and verify the bounded albums and favorites surface. — is the surface that must execute the obligation 'Favorite and unfavorite actions must persist the reviewed state and reflect it in the gall'; prerequisite packages WP-I3-001 supply the underlying schema/identity/journal it needs.,Gallery and timeline,I5,I5,REVIEWED,Pass 2 explicit membership review; rationale quoted from the corrected requirement statement.
CAN-LAM-ARCH-236,WP-I5-006,WP-I5-006 is the architectural owner because its objective — Implement and verify the bounded albums and favorites surface. — is the surface that must execute the obligation 'The dedicated Favorites view must show exactly the favorited assets from local data and re'; prerequisite packages WP-I3-001 supply the underlying schema/identity/journal it needs.,Gallery and timeline,I5,I5,REVIEWED,Pass 2 explicit membership review; rationale quoted from the corrected requirement statement.
CAN-LAM-ARCH-237,WP-I5-006,WP-I5-006 is the architectural owner because its objective — Implement and verify the bounded albums and favorites surface. — is the surface that must execute the obligation 'Favorite state must be stored locally in the reviewed sidecar and must not depend on a ser'; prerequisite packages WP-I3-001 supply the underlying schema/identity/journal it needs.,Metadata,I5,I5,REVIEWED,Pass 2 explicit membership review; rationale quoted from the corrected requirement statement.
CAN-LAM-ARCH-238,WP-I5-007,WP-I5-007 is the architectural owner because its objective — Implement and verify the bounded memories experience surface. — is the surface that must execute the obligation 'On this day memories must derive assets from local canonical records by date and omit unav'; prerequisite packages WP-I4-010 supply the underlying schema/identity/journal it needs.,Memories,I5,I5,REVIEWED,Pass 2 explicit membership review; rationale quoted from the corrected requirement statement.
CAN-LAM-ARCH-239,WP-I5-007,WP-I5-007 is the architectural owner because its objective — Implement and verify the bounded memories experience surface. — is the surface that must execute the obligation 'Same-month-in-previous-years memories must derive assets from local canonical records by m'; prerequisite packages WP-I4-010 supply the underlying schema/identity/journal it needs.,Memories,I5,I5,REVIEWED,Pass 2 explicit membership review; rationale quoted from the corrected requirement statement.
CAN-LAM-ARCH-240,WP-I5-007,WP-I5-007 is the architectural owner because its objective — Implement and verify the bounded memories experience surface. — is the surface that must execute the obligation 'Location memories must derive assets from reviewed location records and omit unavailable a'; prerequisite packages WP-I4-010 supply the underlying schema/identity/journal it needs.,Memories,I5,I5,REVIEWED,Pass 2 explicit membership review; rationale quoted from the corrected requirement statement.
CAN-LAM-ARCH-241,WP-I5-007,WP-I5-007 is the architectural owner because its objective — Implement and verify the bounded memories experience surface. — is the surface that must execute the obligation 'Album memories must derive assets from reviewed album membership and omit unavailable asse'; prerequisite packages WP-I4-010 supply the underlying schema/identity/journal it needs.,Albums and favorites,I5,I5,REVIEWED,Pass 2 explicit membership review; rationale quoted from the corrected requirement statement.
CAN-LAM-ARCH-242,WP-I5-007,WP-I5-007 is the architectural owner because its objective — Implement and verify the bounded memories experience surface. — is the surface that must execute the obligation 'Screenshot exclusions must exclude reviewed screenshot-class assets from memories.'; prerequisite packages WP-I4-010 supply the underlying schema/identity/journal it needs.,Memories,I5,I5,REVIEWED,Pass 2 explicit membership review; rationale quoted from the corrected requirement statement.
CAN-LAM-ARCH-243,WP-I5-007,"WP-I5-007 is the architectural owner because its objective — Implement and verify the bounded memories experience surface. — is the surface that must execute the obligation 'When memories are generated, Lamha must produce every memory entirely from local canonical'; prerequisite packages WP-I4-010 supply the underlying schema/identity/journal it needs.",Memories,I5,I5,REVIEWED,Pass 2 explicit membership review; rationale quoted from the corrected requirement statement.
CAN-LAM-ARCH-244,WP-I5-008,"WP-I5-008 is the architectural owner because its objective — Render maps, venues, offline coordinates, asset timelines by location, location filters, and review links from canonical location records; keep optional map til — is the surface that must execute the obligation 'When a venue is shown on the map, Lamha must derive the venue location from canonical loca'; prerequisite packages WP-I4-008 supply the underlying schema/identity/journal it needs.",Map and location,I5,I5,REVIEWED,Pass 2 explicit membership review; rationale quoted from the corrected requirement statement.
CAN-LAM-ARCH-245,WP-I5-008,"WP-I5-008 is the architectural owner because its objective — Render maps, venues, offline coordinates, asset timelines by location, location filters, and review links from canonical location records; keep optional map til — is the surface that must execute the obligation 'When map browsing runs, Lamha must render assets from local location records, keep navigat'; prerequisite packages WP-I4-008 supply the underlying schema/identity/journal it needs.",Map and location,I5,I5,REVIEWED,Pass 2 explicit membership review; rationale quoted from the corrected requirement statement.
CAN-LAM-ARCH-246,WP-I5-008,"WP-I5-008 is the architectural owner because its objective — Render maps, venues, offline coordinates, asset timelines by location, location filters, and review links from canonical location records; keep optional map til — is the surface that must execute the obligation 'When a location conflict is reviewed, Lamha must show the conflicting values and sources a'; prerequisite packages WP-I4-008 supply the underlying schema/identity/journal it needs.",Map and location,I5,I5,REVIEWED,Pass 2 explicit membership review; rationale quoted from the corrected requirement statement.
CAN-LAM-ARCH-247,WP-I5-008,"WP-I5-008 is the architectural owner because its objective — Render maps, venues, offline coordinates, asset timelines by location, location filters, and review links from canonical location records; keep optional map til — is the surface that must execute the obligation 'When the user disables the map, Lamha must stop map rendering and keep location records an'; prerequisite packages WP-I4-008 supply the underlying schema/identity/journal it needs.",Map and location,I5,I5,REVIEWED,Pass 2 explicit membership review; rationale quoted from the corrected requirement statement.
CAN-LAM-ARCH-248,WP-I5-008,"WP-I5-008 is the architectural owner because its objective — Render maps, venues, offline coordinates, asset timelines by location, location filters, and review links from canonical location records; keep optional map til — is the surface that must execute the obligation 'When coordinates are displayed offline, Lamha must show the reviewed coordinates from loca'; prerequisite packages WP-I4-008 supply the underlying schema/identity/journal it needs.",Map and location,I5,I5,REVIEWED,Pass 2 explicit membership review; rationale quoted from the corrected requirement statement.
CAN-LAM-ARCH-249,WP-I5-008,"WP-I5-008 is the architectural owner because its objective — Render maps, venues, offline coordinates, asset timelines by location, location filters, and review links from canonical location records; keep optional map til — is the surface that must execute the obligation 'Online map tiles may remain optional and disabled by default.'; prerequisite packages WP-I4-008 supply the underlying schema/identity/journal it needs.",Map and location,I5,I5,REVIEWED,Pass 2 explicit membership review; rationale quoted from the corrected requirement statement.
CAN-LAM-ARCH-250,WP-I5-008,"WP-I5-008 is the architectural owner because its objective — Render maps, venues, offline coordinates, asset timelines by location, location filters, and review links from canonical location records; keep optional map til — is the surface that must execute the obligation 'When an optional external AI adapter is disabled, Lamha must make no provider request; ena'; prerequisite packages WP-I4-008 supply the underlying schema/identity/journal it needs.",Map and location,I5,I5,REVIEWED,Pass 2 explicit membership review; rationale quoted from the corrected requirement statement.
CAN-LAM-ARCH-251,WP-I10-011,"WP-I10-011 is the architectural owner because its objective — Detect exact and similar duplicates, compare resolution/format/size/album/tag/event/metadata evidence, produce reviewable candidates, support burst grouping, si — is the surface that must execute the obligation 'When duplicate analysis compares resolution, Lamha must record the reviewed resolution com'; prerequisite packages WP-I3-002 supply the underlying schema/identity/journal it needs.",Duplicates,I10,I10,REVIEWED,Pass 2 explicit membership review; rationale quoted from the corrected requirement statement.
CAN-LAM-ARCH-252,WP-I10-011,"WP-I10-011 is the architectural owner because its objective — Detect exact and similar duplicates, compare resolution/format/size/album/tag/event/metadata evidence, produce reviewable candidates, support burst grouping, si — is the surface that must execute the obligation 'When duplicate analysis compares format, Lamha must record the reviewed format comparison '; prerequisite packages WP-I3-002 supply the underlying schema/identity/journal it needs.",Duplicates,I10,I10,REVIEWED,Pass 2 explicit membership review; rationale quoted from the corrected requirement statement.
CAN-LAM-ARCH-253,WP-I10-011,"WP-I10-011 is the architectural owner because its objective — Detect exact and similar duplicates, compare resolution/format/size/album/tag/event/metadata evidence, produce reviewable candidates, support burst grouping, si — is the surface that must execute the obligation 'When duplicate analysis compares size, Lamha must record the reviewed size comparison evid'; prerequisite packages WP-I3-002 supply the underlying schema/identity/journal it needs.",Duplicates,I10,I10,REVIEWED,Pass 2 explicit membership review; rationale quoted from the corrected requirement statement.
CAN-LAM-ARCH-254,WP-I10-011,"WP-I10-011 is the architectural owner because its objective — Detect exact and similar duplicates, compare resolution/format/size/album/tag/event/metadata evidence, produce reviewable candidates, support burst grouping, si — is the surface that must execute the obligation 'When duplicate analysis compares album membership, Lamha must record the reviewed album co'; prerequisite packages WP-I3-002 supply the underlying schema/identity/journal it needs.",Albums and favorites,I10,I10,REVIEWED,Pass 2 explicit membership review; rationale quoted from the corrected requirement statement.
CAN-LAM-ARCH-255,WP-I10-011,"WP-I10-011 is the architectural owner because its objective — Detect exact and similar duplicates, compare resolution/format/size/album/tag/event/metadata evidence, produce reviewable candidates, support burst grouping, si — is the surface that must execute the obligation 'When duplicate analysis compares tags, Lamha must record the reviewed tag comparison evide'; prerequisite packages WP-I3-002 supply the underlying schema/identity/journal it needs.",Tags,I10,I10,REVIEWED,Pass 2 explicit membership review; rationale quoted from the corrected requirement statement.
CAN-LAM-ARCH-256,WP-I10-011,"WP-I10-011 is the architectural owner because its objective — Detect exact and similar duplicates, compare resolution/format/size/album/tag/event/metadata evidence, produce reviewable candidates, support burst grouping, si — is the surface that must execute the obligation 'When a side-by-side preview is requested for duplicate candidates, Lamha must display the '; prerequisite packages WP-I3-002 supply the underlying schema/identity/journal it needs.",Duplicates,I10,I10,REVIEWED,Pass 2 explicit membership review; rationale quoted from the corrected requirement statement.
CAN-LAM-ARCH-257,WP-I10-011,"WP-I10-011 is the architectural owner because its objective — Detect exact and similar duplicates, compare resolution/format/size/album/tag/event/metadata evidence, produce reviewable candidates, support burst grouping, si — is the surface that must execute the obligation 'When a user selects the retained file in a duplicate pair, Lamha must record the selection'; prerequisite packages WP-I3-002 supply the underlying schema/identity/journal it needs.",Duplicates,I10,I10,REVIEWED,Pass 2 explicit membership review; rationale quoted from the corrected requirement statement.
CAN-LAM-ARCH-258,WP-I10-011,"WP-I10-011 is the architectural owner because its objective — Detect exact and similar duplicates, compare resolution/format/size/album/tag/event/metadata evidence, produce reviewable candidates, support burst grouping, si — is the surface that must execute the obligation 'Duplicate management must never delete files automatically; deletion requires an explicitl'; prerequisite packages WP-I3-002 supply the underlying schema/identity/journal it needs.",Duplicates,I10,I10,REVIEWED,Pass 2 explicit membership review; rationale quoted from the corrected requirement statement.
CAN-LAM-ARCH-259,WP-I10-011,"WP-I10-011 is the architectural owner because its objective — Detect exact and similar duplicates, compare resolution/format/size/album/tag/event/metadata evidence, produce reviewable candidates, support burst grouping, si — is the surface that must execute the obligation 'Duplicate management must never merge files automatically; merging requires an explicitly '; prerequisite packages WP-I3-002 supply the underlying schema/identity/journal it needs.",Duplicates,I10,I10,REVIEWED,Pass 2 explicit membership review; rationale quoted from the corrected requirement statement.
CAN-LAM-ARCH-267,WP-I11-004,"WP-I11-004 is the architectural owner because its objective — Persist revisioned crop/rotate/color edit recipes and metadata mirrors, preview changes, preserve original media bytes, and only materialize edited copies throu — is the surface that must execute the obligation 'Non-destructive editing must always preserve the original media file; edits are stored as '; prerequisite packages WP-I3-001 supply the underlying schema/identity/journal it needs.",Editing,I11,I11,REVIEWED,Pass 2 explicit membership review; rationale quoted from the corrected requirement statement.
CAN-LAM-ARCH-271,WP-I5-014,"WP-I5-014 is the architectural owner because its objective — Filter review queues by confidence and source and advance through items one by one or by skipping without changing item state. — is the surface that must execute the obligation 'When a reviewer reviews items one by one, Lamha must present one item at a time and record'; prerequisite packages WP-I5-010 supply the underlying schema/identity/journal it needs.",Review Centre,I5,I5,REVIEWED,Pass 2 explicit membership review; rationale quoted from the corrected requirement statement.
CAN-LAM-ARCH-272,WP-I5-010,"WP-I5-010 is the architectural owner because its objective — Commit and persist review-state transitions (approve, reject, suppress, defer, mark intentional, record decision, apply to selection) with provenance and revisi — is the surface that must execute the obligation 'When a reviewer approves an item, Lamha must commit the approved transition with provenanc'; prerequisite packages WP-I2-007 supply the underlying schema/identity/journal it needs.",Review Centre,I5,I5,REVIEWED,Pass 2 explicit membership review; rationale quoted from the corrected requirement statement.
CAN-LAM-ARCH-273,WP-I5-010,"WP-I5-010 is the architectural owner because its objective — Commit and persist review-state transitions (approve, reject, suppress, defer, mark intentional, record decision, apply to selection) with provenance and revisi — is the surface that must execute the obligation 'When a reviewer suppresses an item, Lamha must persist the suppression and exclude the ite'; prerequisite packages WP-I2-007 supply the underlying schema/identity/journal it needs.",Review Centre,I5,I5,REVIEWED,Pass 2 explicit membership review; rationale quoted from the corrected requirement statement.
CAN-LAM-ARCH-274,WP-I5-010,"WP-I5-010 is the architectural owner because its objective — Commit and persist review-state transitions (approve, reject, suppress, defer, mark intentional, record decision, apply to selection) with provenance and revisi — is the surface that must execute the obligation 'When a reviewer defers an item, Lamha must persist the deferred state and restore the item'; prerequisite packages WP-I2-007 supply the underlying schema/identity/journal it needs.",Review Centre,I5,I5,REVIEWED,Pass 2 explicit membership review; rationale quoted from the corrected requirement statement.
CAN-LAM-ARCH-275,WP-I5-014,"WP-I5-014 is the architectural owner because its objective — Filter review queues by confidence and source and advance through items one by one or by skipping without changing item state. — is the surface that must execute the obligation 'When a reviewer skips an item, Lamha must move to the next item without changing the skipp'; prerequisite packages WP-I5-010 supply the underlying schema/identity/journal it needs.",Review Centre,I5,I5,REVIEWED,Pass 2 explicit membership review; rationale quoted from the corrected requirement statement.
CAN-LAM-ARCH-276,WP-I5-010,"WP-I5-010 is the architectural owner because its objective — Commit and persist review-state transitions (approve, reject, suppress, defer, mark intentional, record decision, apply to selection) with provenance and revisi — is the surface that must execute the obligation 'When a reviewer marks an item intentional, Lamha must persist the intentional marker with '; prerequisite packages WP-I2-007 supply the underlying schema/identity/journal it needs.",Review Centre,I5,I5,REVIEWED,Pass 2 explicit membership review; rationale quoted from the corrected requirement statement.
CAN-LAM-ARCH-277,WP-I5-010,"WP-I5-010 is the architectural owner because its objective — Commit and persist review-state transitions (approve, reject, suppress, defer, mark intentional, record decision, apply to selection) with provenance and revisi — is the surface that must execute the obligation 'When a reviewer applies a decision to a selection, Lamha must commit the decision to exact'; prerequisite packages WP-I2-007 supply the underlying schema/identity/journal it needs.",Review Centre,I5,I5,REVIEWED,Pass 2 explicit membership review; rationale quoted from the corrected requirement statement.
CAN-LAM-ARCH-278,WP-I5-013,"WP-I5-013 is the architectural owner because its objective — Load and display review items, assets, events, people, and provenance without mutating authoritative state; opening an item never changes its state. — is the surface that must execute the obligation 'When a reviewer asks for the suggestion reason, Lamha must display the model, source, and '; prerequisite packages WP-I3-002, WP-I5-010, WP-I6-002, WP-I7-004 supply the underlying schema/identity/journal it needs.",Review Centre,I5,I5,REVIEWED,Pass 2 explicit membership review; rationale quoted from the corrected requirement statement.
CAN-LAM-ARCH-279,WP-I3-011,"WP-I3-011 is the architectural owner because its objective — Implement and verify the bounded file-operation plan contract surface. — is the surface that must execute the obligation 'When a file or folder operation would collide, Lamha must detect the collision, preview th'; prerequisite packages WP-I3-002, WP-I3-003 supply the underlying schema/identity/journal it needs.",Filesystem transactions and recovery,I3,I3,REVIEWED,Pass 2 explicit membership review; rationale quoted from the corrected requirement statement.
CAN-LAM-ARCH-280,WP-I3-011,"WP-I3-011 is the architectural owner because its objective — Implement and verify the bounded file-operation plan contract surface. — is the surface that must execute the obligation 'Before any file or folder mutation commits, Lamha must show a preview of the planned chang'; prerequisite packages WP-I3-002, WP-I3-003 supply the underlying schema/identity/journal it needs.",Filesystem transactions and recovery,I3,I3,REVIEWED,Pass 2 explicit membership review; rationale quoted from the corrected requirement statement.
CAN-LAM-ARCH-281,WP-I3-011,"WP-I3-011 is the architectural owner because its objective — Implement and verify the bounded file-operation plan contract surface. — is the surface that must execute the obligation 'When a move or rename commits, Lamha must verify source and destination hashes and leave a'; prerequisite packages WP-I3-002, WP-I3-003 supply the underlying schema/identity/journal it needs.",Filesystem transactions and recovery,I3,I3,REVIEWED,Pass 2 explicit membership review; rationale quoted from the corrected requirement statement.
CAN-LAM-ARCH-282,WP-I3-014,"WP-I3-014 is the architectural owner because its objective — Implement and verify the bounded crash recovery engine surface. — is the surface that must execute the obligation 'When a sidecar is repaired, Lamha must preserve the original bytes until a validated repla'; prerequisite packages WP-I3-010 supply the underlying schema/identity/journal it needs.",Filesystem transactions and recovery,I3,I3,REVIEWED,Pass 2 explicit membership review; rationale quoted from the corrected requirement statement.
CAN-LAM-ARCH-283,WP-I4-007,"WP-I4-007 is the architectural owner because its objective — Implement and verify the bounded content hashing and verification surface. — is the surface that must execute the obligation 'When consistency detection compares the recorded hash with the current hash, Lamha must re'; prerequisite packages WP-I4-001 supply the underlying schema/identity/journal it needs.",Media ingestion and derivation,I4,I4,REVIEWED,Pass 2 explicit membership review; rationale quoted from the corrected requirement statement.
CAN-LAM-ARCH-284,WP-I4-006,"WP-I4-006 is the architectural owner because its objective — Implement and verify the bounded companion-media detection surface. — is the surface that must execute the obligation 'When an orphan sidecar is found, Lamha must create a review item with the sidecar and susp'; prerequisite packages WP-I3-002, WP-I4-003 supply the underlying schema/identity/journal it needs.",Media ingestion and derivation,I4,I4,REVIEWED,Pass 2 explicit membership review; rationale quoted from the corrected requirement statement.
CAN-LAM-ARCH-291,WP-I11-003,"WP-I11-003 is the architectural owner because its objective — Implement and verify the bounded metadata privacy removal surface. — is the surface that must execute the obligation 'When privacy removal targets GPS metadata, Lamha must create a reviewed mutation/export pl'; prerequisite packages WP-I11-001 supply the underlying schema/identity/journal it needs.",Metadata privacy removal,I11,I11,REVIEWED,Pass 2 explicit membership review; rationale quoted from the corrected requirement statement.
CAN-LAM-ARCH-292,WP-I11-003,"WP-I11-003 is the architectural owner because its objective — Implement and verify the bounded metadata privacy removal surface. — is the surface that must execute the obligation 'When embedded-metadata removal targets device serial data, Lamha must remove it from the e'; prerequisite packages WP-I11-001 supply the underlying schema/identity/journal it needs.",Editing,I11,I11,REVIEWED,Pass 2 explicit membership review; rationale quoted from the corrected requirement statement.
CAN-LAM-ARCH-293,WP-I11-003,"WP-I11-003 is the architectural owner because its objective — Implement and verify the bounded metadata privacy removal surface. — is the surface that must execute the obligation 'When embedded-metadata removal targets identifying camera fields, Lamha must remove them f'; prerequisite packages WP-I11-001 supply the underlying schema/identity/journal it needs.",Editing,I11,I11,REVIEWED,Pass 2 explicit membership review; rationale quoted from the corrected requirement statement.
CAN-LAM-ARCH-294,WP-I11-003,"WP-I11-003 is the architectural owner because its objective — Implement and verify the bounded metadata privacy removal surface. — is the surface that must execute the obligation 'When embedded-metadata removal targets author or creator fields, Lamha must remove them fr'; prerequisite packages WP-I11-001 supply the underlying schema/identity/journal it needs.",Editing,I11,I11,REVIEWED,Pass 2 explicit membership review; rationale quoted from the corrected requirement statement.
CAN-LAM-ARCH-295,WP-I11-003,"WP-I11-003 is the architectural owner because its objective — Implement and verify the bounded metadata privacy removal surface. — is the surface that must execute the obligation 'When embedded-metadata removal targets comments, Lamha must remove them from the exported '; prerequisite packages WP-I11-001 supply the underlying schema/identity/journal it needs.",Editing,I11,I11,REVIEWED,Pass 2 explicit membership review; rationale quoted from the corrected requirement statement.
CAN-LAM-ARCH-296,WP-I11-003,"WP-I11-003 is the architectural owner because its objective — Implement and verify the bounded metadata privacy removal surface. — is the surface that must execute the obligation 'When embedded-metadata removal targets descriptions, Lamha must remove them from the expor'; prerequisite packages WP-I11-001 supply the underlying schema/identity/journal it needs.",Editing,I11,I11,REVIEWED,Pass 2 explicit membership review; rationale quoted from the corrected requirement statement.
CAN-LAM-ARCH-297,WP-I11-003,"WP-I11-003 is the architectural owner because its objective — Implement and verify the bounded metadata privacy removal surface. — is the surface that must execute the obligation 'When embedded-metadata removal targets custom field selections, Lamha must remove exactly '; prerequisite packages WP-I11-001 supply the underlying schema/identity/journal it needs.",Editing,I11,I11,REVIEWED,Pass 2 explicit membership review; rationale quoted from the corrected requirement statement.
CAN-LAM-ARCH-298,WP-I7-010,"WP-I7-010 is the architectural owner because its objective — Implement and verify the bounded people and face privacy surface. — is the surface that must execute the obligation 'When face and AI privacy controls run, Lamha must let the user delete embeddings from the '; prerequisite packages WP-I10-001, WP-I7-004 supply the underlying schema/identity/journal it needs.",Metadata,I7,I7,REVIEWED,Pass 2 explicit membership review; rationale quoted from the corrected requirement statement.
CAN-LAM-ARCH-299,WP-I7-010,"WP-I7-010 is the architectural owner because its objective — Implement and verify the bounded people and face privacy surface. — is the surface that must execute the obligation 'When the user requests entire-library AI data deletion, Lamha must delete all AI-derived p'; prerequisite packages WP-I10-001, WP-I7-004 supply the underlying schema/identity/journal it needs.",Metadata,I7,I7,REVIEWED,Pass 2 explicit membership review; rationale quoted from the corrected requirement statement.
CAN-LAM-ARCH-300,WP-I5-008,"WP-I5-008 is the architectural owner because its objective — Render maps, venues, offline coordinates, asset timelines by location, location filters, and review links from canonical location records; keep optional map til — is the surface that must execute the obligation 'Maps must render from canonical location records and show source and confidence where appl'; prerequisite packages WP-I4-008 supply the underlying schema/identity/journal it needs.",Map and location,I5,I5,REVIEWED,Pass 2 explicit membership review; rationale quoted from the corrected requirement statement.
CAN-LAM-ARCH-301,WP-I3-016,WP-I3-016 is the architectural owner because its objective — Implement and verify the bounded settings root and drive registries surface. — is the surface that must execute the obligation 'Settings changes must validate and persist the local setting with a new revision and retai'; prerequisite packages WP-I3-003 supply the underlying schema/identity/journal it needs.,Settings,I3,I3,REVIEWED,Pass 2 explicit membership review; rationale quoted from the corrected requirement statement.
CAN-LAM-ARCH-302,WP-I5-010,"WP-I5-010 is the architectural owner because its objective — Commit and persist review-state transitions (approve, reject, suppress, defer, mark intentional, record decision, apply to selection) with provenance and revisi — is the surface that must execute the obligation 'When a reviewer records a decision on a Review item, Lamha must persist the chosen value w'; prerequisite packages WP-I2-007 supply the underlying schema/identity/journal it needs.",Review Centre,I5,I5,REVIEWED,Pass 2 explicit membership review; rationale quoted from the corrected requirement statement.
CAN-LAM-ARCH-305,WP-I13-006,"WP-I13-006 is the architectural owner because its objective — Move complete asset bundles into a reversible trash state through reviewed plans, preserve event/tag references and original paths, and require explicit confirm — is the surface that must execute the obligation 'When a trash operation would collide with an existing path, Lamha must warn before committ'; prerequisite packages WP-I3-010, WP-I3-011, WP-I3-012 supply the underlying schema/identity/journal it needs.","Backup, trash, restore and rebuild",I13,I13,REVIEWED,Pass 2 explicit membership review; rationale quoted from the corrected requirement statement.
CAN-LAM-ARCH-306,WP-I13-006,"WP-I13-006 is the architectural owner because its objective — Move complete asset bundles into a reversible trash state through reviewed plans, preserve event/tag references and original paths, and require explicit confirm — is the surface that must execute the obligation 'Every trash operation must record a typed operation record with source path, target path, '; prerequisite packages WP-I3-010, WP-I3-011, WP-I3-012 supply the underlying schema/identity/journal it needs.","Backup, trash, restore and rebuild",I13,I13,REVIEWED,Pass 2 explicit membership review; rationale quoted from the corrected requirement statement.
CAN-LAM-ARCH-307,WP-I13-006,"WP-I13-006 is the architectural owner because its objective — Move complete asset bundles into a reversible trash state through reviewed plans, preserve event/tag references and original paths, and require explicit confirm — is the surface that must execute the obligation 'Trash must not purge automatically by default; purging requires an explicit user action an'; prerequisite packages WP-I3-010, WP-I3-011, WP-I3-012 supply the underlying schema/identity/journal it needs.","Backup, trash, restore and rebuild",I13,I13,REVIEWED,Pass 2 explicit membership review; rationale quoted from the corrected requirement statement.
CAN-LAM-ARCH-309,WP-I12-006,"WP-I12-006 is the architectural owner because its objective — Implement and verify the bounded root and asset relinking surface. — is the surface that must execute the obligation 'When an external rename is detected, Lamha must reconcile the derived path index using exa'; prerequisite packages WP-I12-001 supply the underlying schema/identity/journal it needs.",External drives and path resilience,I12,I12,REVIEWED,Pass 2 explicit membership review; rationale quoted from the corrected requirement statement.
CAN-LAM-ARCH-310,WP-I12-006,"WP-I12-006 is the architectural owner because its objective — Implement and verify the bounded root and asset relinking surface. — is the surface that must execute the obligation 'When an external move is detected, Lamha must update the path index on exact identity or f'; prerequisite packages WP-I12-001 supply the underlying schema/identity/journal it needs.",External drives and path resilience,I12,I12,REVIEWED,Pass 2 explicit membership review; rationale quoted from the corrected requirement statement.
CAN-LAM-ARCH-311,WP-I12-001,"WP-I12-001 is the architectural owner because its objective — Record durable external-drive identity, detached state, pending overlays, sidecar changes/missing state, and reconnection consistency. — is the surface that must execute the obligation 'When a sidecar changes externally, Lamha must validate the new content and reconcile the d'; prerequisite packages WP-I3-003 supply the underlying schema/identity/journal it needs.",External drives and path resilience,I12,I12,REVIEWED,Pass 2 explicit membership review; rationale quoted from the corrected requirement statement.
CAN-LAM-ARCH-312,WP-I12-001,"WP-I12-001 is the architectural owner because its objective — Record durable external-drive identity, detached state, pending overlays, sidecar changes/missing state, and reconnection consistency. — is the surface that must execute the obligation 'When a sidecar is missing externally, Lamha must mark the record degraded and open Review '; prerequisite packages WP-I3-003 supply the underlying schema/identity/journal it needs.",External drives and path resilience,I12,I12,REVIEWED,Pass 2 explicit membership review; rationale quoted from the corrected requirement statement.
CAN-LAM-ARCH-313,WP-I12-006,"WP-I12-006 is the architectural owner because its objective — Implement and verify the bounded root and asset relinking surface. — is the surface that must execute the obligation 'When reconciling external changes, a full hash match is sufficient evidence to relink an a'; prerequisite packages WP-I12-001 supply the underlying schema/identity/journal it needs.",External drives and path resilience,I12,I12,REVIEWED,Pass 2 explicit membership review; rationale quoted from the corrected requirement statement.
CAN-LAM-ARCH-314,WP-I12-009,"WP-I12-009 is the architectural owner because its objective — Restore interrupted cross-drive transactions and sidecar state from journaled manifests/backups using deterministic recovery or Review, without guessing. — is the surface that must execute the obligation 'A partial hash match alone must never auto-relink an asset; ambiguous partial matches must'; prerequisite packages WP-I12-007 supply the underlying schema/identity/journal it needs.",External drives and path resilience,I12,I12,REVIEWED,Pass 2 explicit membership review; rationale quoted from the corrected requirement statement.
CAN-LAM-ARCH-315,WP-I12-006,WP-I12-006 is the architectural owner because its objective — Implement and verify the bounded root and asset relinking surface. — is the surface that must execute the obligation 'Capture date alone must not be used to relink externally changed assets; matching requires'; prerequisite packages WP-I12-001 supply the underlying schema/identity/journal it needs.,External drives and path resilience,I12,I12,REVIEWED,Pass 2 explicit membership review; rationale quoted from the corrected requirement statement.
CAN-LAM-ARCH-316,WP-I12-006,WP-I12-006 is the architectural owner because its objective — Implement and verify the bounded root and asset relinking surface. — is the surface that must execute the obligation 'File size alone must not be used to relink externally changed assets; matching requires id'; prerequisite packages WP-I12-001 supply the underlying schema/identity/journal it needs.,External drives and path resilience,I12,I12,REVIEWED,Pass 2 explicit membership review; rationale quoted from the corrected requirement statement.
CAN-LAM-ARCH-317,WP-I12-001,"WP-I12-001 is the architectural owner because its objective — Record durable external-drive identity, detached state, pending overlays, sidecar changes/missing state, and reconnection consistency. — is the surface that must execute the obligation 'Sidecar references must be reconciled only when the referenced asset identity is confirmed'; prerequisite packages WP-I3-003 supply the underlying schema/identity/journal it needs.",External drives and path resilience,I12,I12,REVIEWED,Pass 2 explicit membership review; rationale quoted from the corrected requirement statement.
CAN-LAM-ARCH-318,WP-I14-003,"WP-I14-003 is the architectural owner because its objective — Implement and verify the bounded gallery and viewer performance surface. — is the surface that must execute the obligation 'The desktop gallery must provide a familiar grid layout that renders from local data, rema'; prerequisite packages WP-I14-001, WP-I5-001 supply the underlying schema/identity/journal it needs.",Gallery and timeline,I14,I14,REVIEWED,Pass 2 explicit membership review; rationale quoted from the corrected requirement statement.
CAN-LAM-ARCH-319,WP-I14-003,"WP-I14-003 is the architectural owner because its objective — Implement and verify the bounded gallery and viewer performance surface. — is the surface that must execute the obligation 'The viewer must provide a clean full-screen mode that hides chrome, shows the asset from t'; prerequisite packages WP-I14-001, WP-I5-001 supply the underlying schema/identity/journal it needs.",Asset viewer,I14,I14,REVIEWED,Pass 2 explicit membership review; rationale quoted from the corrected requirement statement.
CAN-LAM-ARCH-320,WP-I14-003,"WP-I14-003 is the architectural owner because its objective — Implement and verify the bounded gallery and viewer performance surface. — is the surface that must execute the obligation 'Timeline navigation must move through dates from local records, stay keyboard-operable, an'; prerequisite packages WP-I14-001, WP-I5-001 supply the underlying schema/identity/journal it needs.",Gallery and timeline,I14,I14,REVIEWED,Pass 2 explicit membership review; rationale quoted from the corrected requirement statement.
CAN-LAM-ARCH-325,WP-I14-009,"WP-I14-009 is the architectural owner because its objective — Implement and verify the bounded background-job controls surface. — is the surface that must execute the obligation 'While the UI loads data, Lamha must show loading progress and must not report completion b'; prerequisite packages WP-I10-008 supply the underlying schema/identity/journal it needs.",Jobs and notifications,I14,I14,REVIEWED,Pass 2 explicit membership review; rationale quoted from the corrected requirement statement.
CAN-LAM-ARCH-326,WP-I14-009,WP-I14-009 is the architectural owner because its objective — Implement and verify the bounded background-job controls surface. — is the surface that must execute the obligation 'Background jobs must expose typed progress and recovery state and must not report success '; prerequisite packages WP-I10-008 supply the underlying schema/identity/journal it needs.,Jobs and notifications,I14,I14,REVIEWED,Pass 2 explicit membership review; rationale quoted from the corrected requirement statement.
CAN-LAM-ARCH-332,WP-I5-001,"WP-I5-001 is the architectural owner because its objective — Render the gallery grid from local records with adjustable density, fast thumbnail cache loading within budget, and keyboard-operable retained components. — is the surface that must execute the obligation 'The target local architecture must retain the useful gallery components that render from l'; prerequisite packages WP-I4-009, WP-I4-010 supply the underlying schema/identity/journal it needs.",Gallery and timeline,I5,I5,REVIEWED,Pass 2 explicit membership review; rationale quoted from the corrected requirement statement.
CAN-LAM-ARCH-333,WP-I5-012,"WP-I5-012 is the architectural owner because its objective — Implement and verify the bounded offline library parity proof surface. — is the surface that must execute the obligation 'The target local architecture must retain the useful viewer components that load assets fr'; prerequisite packages WP-I5-001, WP-I5-010 supply the underlying schema/identity/journal it needs.",Asset viewer,I5,I5,REVIEWED,Pass 2 explicit membership review; rationale quoted from the corrected requirement statement.
CAN-LAM-ARCH-335,WP-I2-007,WP-I2-007 is the architectural owner because its objective — Implement and verify the bounded ipc envelope and versioning surface. — is the surface that must execute the obligation 'Every UI-to-core call must use the reviewed typed Tauri IPC command and render returned lo'; prerequisite packages WP-I2-001 supply the underlying schema/identity/journal it needs.,Desktop shell,I2,I2,REVIEWED,Pass 2 explicit membership review; rationale quoted from the corrected requirement statement.
CAN-LAM-ARCH-345,WP-I14-003,"WP-I14-003 is the architectural owner because its objective — Implement and verify the bounded gallery and viewer performance surface. — is the surface that must execute the obligation 'Timeline scroll must remain responsive within the reviewed performance budget and preserve'; prerequisite packages WP-I14-001, WP-I5-001 supply the underlying schema/identity/journal it needs.",Gallery and timeline,I14,I14,REVIEWED,Pass 2 explicit membership review; rationale quoted from the corrected requirement statement.
CAN-LAM-ARCH-346,WP-I9-001,WP-I9-001 is the architectural owner because its objective — Implement and verify the bounded canonical knowledge-graph projection surface. — is the surface that must execute the obligation 'Mind-map loading must derive the map from canonical records within the reviewed performanc'; prerequisite packages WP-I8-004 supply the underlying schema/identity/journal it needs.,Mind-map projections,I9,I9,REVIEWED,Pass 2 explicit membership review; rationale quoted from the corrected requirement statement.
CAN-LAM-ARCH-349,WP-I1-005,"WP-I1-005 is the architectural owner because its objective — Inventory and persist licence, attribution, redistribution, model-provenance, and required legal-file obligations; block release until every required notice is  — is the surface that must execute the obligation 'The release bundle must include the required AGPL notices and the release gate must fail w'; prerequisite packages WP-I1-001 supply the underlying schema/identity/journal it needs.",Legal and rebranding,I1,I1,REVIEWED,Pass 2 explicit membership review; rationale quoted from the corrected requirement statement.
CAN-LAM-ARCH-350,WP-I1-005,"WP-I1-005 is the architectural owner because its objective — Inventory and persist licence, attribution, redistribution, model-provenance, and required legal-file obligations; block release until every required notice is  — is the surface that must execute the obligation 'Third-party licences must be inventoried with attribution and redistribution review and th'; prerequisite packages WP-I1-001 supply the underlying schema/identity/journal it needs.",Legal and rebranding,I1,I1,REVIEWED,Pass 2 explicit membership review; rationale quoted from the corrected requirement statement.
CAN-LAM-ARCH-351,WP-I1-005,"WP-I1-005 is the architectural owner because its objective — Inventory and persist licence, attribution, redistribution, model-provenance, and required legal-file obligations; block release until every required notice is  — is the surface that must execute the obligation 'Codec licences must be inventoried with redistribution review and the release gate must fa'; prerequisite packages WP-I1-001 supply the underlying schema/identity/journal it needs.",Legal and rebranding,I1,I1,REVIEWED,Pass 2 explicit membership review; rationale quoted from the corrected requirement statement.
CAN-LAM-ARCH-368,WP-I1-001,"WP-I1-001 is the architectural owner because its objective — Implement and verify the bounded brand and identity inventory surface. — is the surface that must execute the obligation 'Phase 2 must introduce the reviewed Lamha internal identity (name, identifiers, and brandi'; prerequisite packages WP-I0-001 supply the underlying schema/identity/journal it needs.",Legal and rebranding,I1,I1,REVIEWED,Pass 2 explicit membership review; rationale quoted from the corrected requirement statement.
CAN-LAM-ARCH-370,WP-I2-001,"WP-I2-001 is the architectural owner because its objective — Establish the Tauri 2 process, typed IPC boundary, permission model, and repository-derived command set before other shell features. — is the surface that must execute the obligation 'The desktop shell must establish the reviewed Tauri 2 process, typed IPC boundary, and per'; prerequisite packages WP-I0-005 supply the underlying schema/identity/journal it needs.",Desktop shell,I2,I2,REVIEWED,Pass 2 explicit membership review; rationale quoted from the corrected requirement statement.
CAN-LAM-ARCH-374,WP-I4-001,"WP-I4-001 is the architectural owner because its objective — Implement and verify the bounded initial recursive scanner surface. — is the surface that must execute the obligation 'The scanner must index media within authorized roots, preserve source bytes, and report ty'; prerequisite packages WP-I3-002, WP-I3-003, WP-I3-008 supply the underlying schema/identity/journal it needs.",Media ingestion and derivation,I4,I4,REVIEWED,Pass 2 explicit membership review; rationale quoted from the corrected requirement statement.
CAN-LAM-ARCH-375,WP-I4-002,WP-I4-002 is the architectural owner because its objective — Implement and verify the bounded incremental scan and watcher reconciliation surface. — is the surface that must execute the obligation 'The watcher must detect changes within authorized roots and reconcile the index without mo'; prerequisite packages WP-I4-001 supply the underlying schema/identity/journal it needs.,Media ingestion and derivation,I4,I4,REVIEWED,Pass 2 explicit membership review; rationale quoted from the corrected requirement statement.
CAN-LAM-ARCH-376,WP-I5-002,"WP-I5-002 is the architectural owner because its objective — Navigate the timeline by date from local records, render event/folder browsing, mark missing-media and offline-drive states, and preserve prior position on load — is the surface that must execute the obligation 'The timeline must render from local records, stay keyboard-operable, and preserve the prio'; prerequisite packages WP-I4-010 supply the underlying schema/identity/journal it needs.",Gallery and timeline,I5,I5,REVIEWED,Pass 2 explicit membership review; rationale quoted from the corrected requirement statement.
CAN-LAM-ARCH-380,WP-I6-006,WP-I6-006 is the architectural owner because its objective — Implement and verify the bounded event split and link plans surface. — is the surface that must execute the obligation 'Link must record a reviewed event or folder link without moving contents.'; prerequisite packages WP-I6-002 supply the underlying schema/identity/journal it needs.,Events and organization,I6,I6,REVIEWED,Pass 2 explicit membership review; rationale quoted from the corrected requirement statement.
CAN-LAM-ARCH-381,WP-I6-006,WP-I6-006 is the architectural owner because its objective — Implement and verify the bounded event split and link plans surface. — is the surface that must execute the obligation 'Split must preview the resulting events or folders and commit only after approval while pr'; prerequisite packages WP-I6-002 supply the underlying schema/identity/journal it needs.,Events and organization,I6,I6,REVIEWED,Pass 2 explicit membership review; rationale quoted from the corrected requirement statement.
CAN-LAM-ARCH-382,WP-I7-003,WP-I7-003 is the architectural owner because its objective — Implement and verify the bounded face clustering and curation surface. — is the surface that must execute the obligation 'Face clusters must be reviewable and merges or splits must persist provenance and allow un'; prerequisite packages WP-I7-002 supply the underlying schema/identity/journal it needs.,People and faces,I7,I7,REVIEWED,Pass 2 explicit membership review; rationale quoted from the corrected requirement statement.
CAN-LAM-ARCH-383,WP-I7-007,WP-I7-007 is the architectural owner because its objective — Implement and verify the bounded group identity model surface. — is the surface that must execute the obligation 'Person and group naming must preserve the stable ID and retain old names as searchable ali'; prerequisite packages WP-I7-004 supply the underlying schema/identity/journal it needs.,People and faces,I7,I7,REVIEWED,Pass 2 explicit membership review; rationale quoted from the corrected requirement statement.
CAN-LAM-ARCH-384,WP-I7-007,WP-I7-007 is the architectural owner because its objective — Implement and verify the bounded group identity model surface. — is the surface that must execute the obligation 'Hide must remove a person or group from default lists without deleting the profile or link'; prerequisite packages WP-I7-004 supply the underlying schema/identity/journal it needs.,People and faces,I7,I7,REVIEWED,Pass 2 explicit membership review; rationale quoted from the corrected requirement statement.
CAN-LAM-ARCH-385,WP-I7-008,"WP-I7-008 is the architectural owner because its objective — Persist complete group membership models with active/former/inactive effective-dated intervals, historical immutability, and overlap validation. — is the surface that must execute the obligation 'When a person's or group's membership changes, Lamha must append or close the effective-da'; prerequisite packages WP-I7-007 supply the underlying schema/identity/journal it needs.",People and faces,I7,I7,REVIEWED,Pass 2 explicit membership review; rationale quoted from the corrected requirement statement.
CAN-LAM-ARCH-386,WP-I8-001,WP-I8-001 is the architectural owner because its objective — Implement and verify the bounded tag records and namespaces surface. — is the surface that must execute the obligation 'Tag namespaces must persist the reviewed namespace with each tag and validation must rejec'; prerequisite packages WP-I3-001 supply the underlying schema/identity/journal it needs.,Relationships and attribution,I8,I8,REVIEWED,Pass 2 explicit membership review; rationale quoted from the corrected requirement statement.
CAN-LAM-ARCH-387,WP-I8-002,"WP-I8-002 is the architectural owner because its objective — Persist namespaced/revisioned tag candidates and approved assignments, generate content-tag suggestions with provenance, enforce review-first activation, and pe — is the surface that must execute the obligation 'Tag activation must be review-first and AI-suggested tags must remain unapplied until appr'; prerequisite packages WP-I8-001 supply the underlying schema/identity/journal it needs.",Relationships and attribution,I8,I8,REVIEWED,Pass 2 explicit membership review; rationale quoted from the corrected requirement statement.
CAN-LAM-ARCH-390,WP-I8-007,WP-I8-007 is the architectural owner because its objective — Implement and verify the bounded photographer camera-owner importer attribution surface. — is the surface that must execute the obligation 'Importer attribution must be stored independently and never inferred from photographer or '; prerequisite packages WP-I7-004 supply the underlying schema/identity/journal it needs.,Relationships and attribution,I8,I8,REVIEWED,Pass 2 explicit membership review; rationale quoted from the corrected requirement statement.
CAN-LAM-ARCH-391,WP-I8-010,WP-I8-010 is the architectural owner because its objective — Implement and verify the bounded relationship provenance and explanations surface. — is the surface that must execute the obligation 'Attribution changes must record provenance and revision and never silently change another '; prerequisite packages WP-I8-004 supply the underlying schema/identity/journal it needs.,Relationships and attribution,I8,I8,REVIEWED,Pass 2 explicit membership review; rationale quoted from the corrected requirement statement.
CAN-LAM-ARCH-392,WP-I9-006,WP-I9-006 is the architectural owner because its objective — Persist mind-map drafts through the transaction journal and restore the last valid draft on failure. — is the surface that must execute the obligation 'Mind-map drafts must be saved safely and restored from the last valid state on failure.'; prerequisite packages WP-I3-001 supply the underlying schema/identity/journal it needs.,Mind-map projections,I9,I9,REVIEWED,Pass 2 explicit membership review; rationale quoted from the corrected requirement statement.
CAN-LAM-ARCH-393,WP-I9-007,"WP-I9-007 is the architectural owner because its objective — Preview mind-map nodes, edges, and filesystem effects, require explicit approval, and commit materialization only through a validated filesystem plan. — is the surface that must execute the obligation 'Mind-map materialization must preview nodes, edges, and filesystem effects and commit only'; prerequisite packages WP-I3-011 supply the underlying schema/identity/journal it needs.",Mind-map projections,I9,I9,REVIEWED,Pass 2 explicit membership review; rationale quoted from the corrected requirement statement.
CAN-LAM-ARCH-394,WP-I10-003,"WP-I10-003 is the architectural owner because its objective — Implement and verify the bounded model and component registry surface. — is the surface that must execute the obligation 'Content suggestions from the local worker must carry model, source, and configuration prov'; prerequisite packages WP-I0-005 supply the underlying schema/identity/journal it needs.",Local AI worker,I10,I10,REVIEWED,Pass 2 explicit membership review; rationale quoted from the corrected requirement statement.
CAN-LAM-ARCH-395,WP-I10-005,"WP-I10-005 is the architectural owner because its objective — Detect and record CPU, core count, RAM, GPU/GPU memory, OS, disk, acceleration, library counts, and benchmark results from local OS data for AI hardware assessm — is the surface that must execute the obligation 'The hardware benchmark must measure the local worker's CPU, RAM, GPU memory, and latency o'; prerequisite packages WP-I10-003 supply the underlying schema/identity/journal it needs.",Local AI worker,I10,I10,REVIEWED,Pass 2 explicit membership review; rationale quoted from the corrected requirement statement.
CAN-LAM-ARCH-396,WP-I10-005,"WP-I10-005 is the architectural owner because its objective — Detect and record CPU, core count, RAM, GPU/GPU memory, OS, disk, acceleration, library counts, and benchmark results from local OS data for AI hardware assessm — is the surface that must execute the obligation 'The local worker must select CPU, GPU, or hybrid execution from the reviewed hardware asse'; prerequisite packages WP-I10-003 supply the underlying schema/identity/journal it needs.",Local AI worker,I10,I10,REVIEWED,Pass 2 explicit membership review; rationale quoted from the corrected requirement statement.
CAN-LAM-ARCH-398,WP-I11-010,WP-I11-010 is the architectural owner because its objective — Implement and verify the bounded metadata snapshots and restore surface. — is the surface that must execute the obligation 'Metadata mutation snapshots must be versioned and must restore the exact prior values on r'; prerequisite packages WP-I3-006 supply the underlying schema/identity/journal it needs.,Editing,I11,I11,REVIEWED,Pass 2 explicit membership review; rationale quoted from the corrected requirement statement.
CAN-LAM-ARCH-399,WP-I11-002,WP-I11-002 is the architectural owner because its objective — Implement and verify the bounded batch metadata plans surface. — is the surface that must execute the obligation 'Batch metadata operations must preview the full change set and commit only after approval '; prerequisite packages WP-I11-001 supply the underlying schema/identity/journal it needs.,Editing,I11,I11,REVIEWED,Pass 2 explicit membership review; rationale quoted from the corrected requirement statement.
CAN-LAM-ARCH-400,WP-I12-004,"WP-I12-004 is the architectural owner because its objective — Implement and verify the bounded detached read-only experience surface. — is the surface that must execute the obligation 'Reconnection must reconcile the external drive by durable identity and restore records and'; prerequisite packages WP-I12-001, WP-I4-010 supply the underlying schema/identity/journal it needs.",External drives and path resilience,I12,I12,REVIEWED,Pass 2 explicit membership review; rationale quoted from the corrected requirement statement.
CAN-LAM-ARCH-401,WP-I12-006,WP-I12-006 is the architectural owner because its objective — Implement and verify the bounded root and asset relinking surface. — is the surface that must execute the obligation 'External moves must update the path index on identity or full-hash evidence and must never'; prerequisite packages WP-I12-001 supply the underlying schema/identity/journal it needs.,External drives and path resilience,I12,I12,REVIEWED,Pass 2 explicit membership review; rationale quoted from the corrected requirement statement.
CAN-LAM-ARCH-402,WP-I12-006,WP-I12-006 is the architectural owner because its objective — Implement and verify the bounded root and asset relinking surface. — is the surface that must execute the obligation 'External renames must update the path index on identity or full-hash evidence and must nev'; prerequisite packages WP-I12-001 supply the underlying schema/identity/journal it needs.,External drives and path resilience,I12,I12,REVIEWED,Pass 2 explicit membership review; rationale quoted from the corrected requirement statement.
CAN-LAM-ARCH-403,WP-I12-009,"WP-I12-009 is the architectural owner because its objective — Restore interrupted cross-drive transactions and sidecar state from journaled manifests/backups using deterministic recovery or Review, without guessing. — is the surface that must execute the obligation 'Sidecar recovery must restore the last validated sidecar state from journaled backups with'; prerequisite packages WP-I12-007 supply the underlying schema/identity/journal it needs.",External drives and path resilience,I12,I12,REVIEWED,Pass 2 explicit membership review; rationale quoted from the corrected requirement statement.
CAN-LAM-ARCH-404,WP-I12-004,"WP-I12-004 is the architectural owner because its objective — Implement and verify the bounded detached read-only experience surface. — is the surface that must execute the obligation 'Detached Index Mode must keep indexed records and pending overlays available for a disconn'; prerequisite packages WP-I12-001, WP-I4-010 supply the underlying schema/identity/journal it needs.",External drives and path resilience,I12,I12,REVIEWED,Pass 2 explicit membership review; rationale quoted from the corrected requirement statement.
CAN-LAM-ARCH-405,WP-I13-003,WP-I13-003 is the architectural owner because its objective — Implement and verify the bounded backup verification surface. — is the surface that must execute the obligation 'Sidecar verification must validate every sidecar against its schema and report degraded re'; prerequisite packages WP-I13-002 supply the underlying schema/identity/journal it needs.,"Backup, trash, restore and rebuild",I13,I13,REVIEWED,Pass 2 explicit membership review; rationale quoted from the corrected requirement statement.
CAN-LAM-ARCH-406,WP-I14-005,"WP-I14-005 is the architectural owner because its objective — Define and measure performance budgets (scan, index, search, thumbnail, and UI responsiveness at declared asset counts) and RAM memory budgets, blocking release — is the surface that must execute the obligation 'Large-library optimization must define and measure performance budgets (scan, index, searc'; prerequisite packages WP-I2-002 supply the underlying schema/identity/journal it needs.",Performance and scale,I14,I14,REVIEWED,Pass 2 explicit membership review; rationale quoted from the corrected requirement statement.
CAN-LAM-ARCH-407,WP-I14-011,"WP-I14-011 is the architectural owner because its objective — Prioritize visible thumbnail generation and complete preview production within the reviewed budget without blocking the UI. — is the surface that must execute the obligation 'Thumbnail scheduling must prioritize visible thumbnails and complete generation within the'; prerequisite packages WP-I14-001, WP-I4-009 supply the underlying schema/identity/journal it needs.",Desktop shell,I14,I14,REVIEWED,Pass 2 explicit membership review; rationale quoted from the corrected requirement statement.
CAN-LAM-ARCH-408,WP-I14-003,"WP-I14-003 is the architectural owner because its objective — Implement and verify the bounded gallery and viewer performance surface. — is the surface that must execute the obligation 'Graph virtualization must render only the visible nodes and edges within the reviewed budg'; prerequisite packages WP-I14-001, WP-I5-001 supply the underlying schema/identity/journal it needs.",Desktop shell,I14,I14,REVIEWED,Pass 2 explicit membership review; rationale quoted from the corrected requirement statement.
CAN-LAM-ARCH-409,WP-I14-012,"WP-I14-012 is the architectural owner because its objective — Expose typed progress and recovery state for background jobs and measure responsiveness and cancellation latency on declared hardware. — is the surface that must execute the obligation 'Background-job UX must expose typed progress and recovery state and must never report succ'; prerequisite packages WP-I10-008, WP-I14-001 supply the underlying schema/identity/journal it needs.",Jobs and notifications,I14,I14,REVIEWED,Pass 2 explicit membership review; rationale quoted from the corrected requirement statement.
CAN-LAM-ARCH-416,WP-I4-001,"WP-I4-001 is the architectural owner because its objective — Implement and verify the bounded initial recursive scanner surface. — is the surface that must execute the obligation 'Before the initial scanner package exits, Lamha must scan a fixture root containing suppor'; prerequisite packages WP-I3-002, WP-I3-003, WP-I3-008 supply the underlying schema/identity/journal it needs.",Initial recursive scanner,I4,I4,REVIEWED,Pass 2 explicit membership review; rationale quoted from the corrected requirement statement.
CAN-LAM-ARCH-417,WP-I9-006,"WP-I9-006 is the architectural owner because its objective — Persist mind-map drafts through the transaction journal and restore the last valid draft on failure. — is the surface that must execute the obligation 'When a mind-map draft is saved, Lamha must persist the draft JSON through the transaction '; prerequisite packages WP-I3-001 supply the underlying schema/identity/journal it needs.",Mind-map projections,I9,I9,REVIEWED,Pass 2 explicit membership review; rationale quoted from the corrected requirement statement.
CAN-LAM-ARCH-418,WP-I9-007,"WP-I9-007 is the architectural owner because its objective — Preview mind-map nodes, edges, and filesystem effects, require explicit approval, and commit materialization only through a validated filesystem plan. — is the surface that must execute the obligation 'When a mind-map is materialized, Lamha must preview the resulting nodes, edges, and filesy'; prerequisite packages WP-I3-011 supply the underlying schema/identity/journal it needs.",Mind-map projections,I9,I9,REVIEWED,Pass 2 explicit membership review; rationale quoted from the corrected requirement statement.
CAN-LAM-ARCH-425,WP-I3-006,"WP-I3-006 is the architectural owner because its objective — Write co-located asset JSON and XMP mirrors through a schema-valid sidecar write protocol, preserve exact bytes on validation failure, and keep authoritative kn — is the surface that must execute the obligation 'Sidecar separation must keep authoritative user knowledge in versioned files separate from'; prerequisite packages WP-I3-005 supply the underlying schema/identity/journal it needs.",Metadata,I3,I3,REVIEWED,Pass 2 explicit membership review; rationale quoted from the corrected requirement statement.
CAN-LAM-ARCH-434,WP-I1-001,WP-I1-001 is the architectural owner because its objective — Implement and verify the bounded brand and identity inventory surface. — is the surface that must execute the obligation 'The packaged application must use the reviewed Lamha name consistently on every user-visib'; prerequisite packages WP-I0-001 supply the underlying schema/identity/journal it needs.,Legal and rebranding,I1,I1,REVIEWED,Pass 2 explicit membership review; rationale quoted from the corrected requirement statement.
CAN-LAM-ARCH-435,WP-I1-004,WP-I1-004 is the architectural owner because its objective — Implement and verify the bounded brand asset replacement surface. — is the surface that must execute the obligation 'The packaged application must include the reviewed logo assets and display them consistent'; prerequisite packages WP-I1-001 supply the underlying schema/identity/journal it needs.,Legal and rebranding,I1,I1,REVIEWED,Pass 2 explicit membership review; rationale quoted from the corrected requirement statement.
CAN-LAM-ARCH-436,WP-I1-004,"WP-I1-004 is the architectural owner because its objective — Implement and verify the bounded brand asset replacement surface. — is the surface that must execute the obligation 'The packaged application must include the reviewed icon set and use it across shell, insta'; prerequisite packages WP-I1-001 supply the underlying schema/identity/journal it needs.",Legal and rebranding,I1,I1,REVIEWED,Pass 2 explicit membership review; rationale quoted from the corrected requirement statement.
CAN-LAM-ARCH-437,WP-I1-003,WP-I1-003 is the architectural owner because its objective — Implement and verify the bounded package and bundle identity surface. — is the surface that must execute the obligation 'Package identifiers must use the reviewed Lamha identifiers and the release gate must fail'; prerequisite packages WP-I1-001 supply the underlying schema/identity/journal it needs.,Legal and rebranding,I1,I1,REVIEWED,Pass 2 explicit membership review; rationale quoted from the corrected requirement statement.
CAN-LAM-ARCH-438,WP-I1-003,WP-I1-003 is the architectural owner because its objective — Implement and verify the bounded package and bundle identity surface. — is the surface that must execute the obligation 'Executable names must use the reviewed Lamha names and the release gate must fail if any b'; prerequisite packages WP-I1-001 supply the underlying schema/identity/journal it needs.,Legal and rebranding,I1,I1,REVIEWED,Pass 2 explicit membership review; rationale quoted from the corrected requirement statement.
CAN-LAM-ARCH-439,WP-I1-001,WP-I1-001 is the architectural owner because its objective — Implement and verify the bounded brand and identity inventory surface. — is the surface that must execute the obligation 'Application-data directory names must use the reviewed Lamha names and the release gate mu'; prerequisite packages WP-I0-001 supply the underlying schema/identity/journal it needs.,Legal and rebranding,I1,I1,REVIEWED,Pass 2 explicit membership review; rationale quoted from the corrected requirement statement.
CAN-LAM-ARCH-440,WP-I1-002,"WP-I1-002 is the architectural owner because its objective — Implement and verify the bounded visible ui rebrand surface. — is the surface that must execute the obligation 'The About screen must display the reviewed application name, version, and attribution and '; prerequisite packages WP-I1-001 supply the underlying schema/identity/journal it needs.",Legal and rebranding,I1,I1,REVIEWED,Pass 2 explicit membership review; rationale quoted from the corrected requirement statement.
CAN-LAM-ARCH-441,WP-I1-005,"WP-I1-005 is the architectural owner because its objective — Inventory and persist licence, attribution, redistribution, model-provenance, and required legal-file obligations; block release until every required notice is  — is the surface that must execute the obligation 'The release bundle must include the reviewed licence files and the release gate must fail '; prerequisite packages WP-I1-001 supply the underlying schema/identity/journal it needs.",Legal and rebranding,I1,I1,REVIEWED,Pass 2 explicit membership review; rationale quoted from the corrected requirement statement.
CAN-LAM-ARCH-442,WP-I1-001,WP-I1-001 is the architectural owner because its objective — Implement and verify the bounded brand and identity inventory surface. — is the surface that must execute the obligation 'Bundled binaries must carry the reviewed attribution and licence notices and the release g'; prerequisite packages WP-I0-001 supply the underlying schema/identity/journal it needs.,Legal and rebranding,I1,I1,REVIEWED,Pass 2 explicit membership review; rationale quoted from the corrected requirement statement.
CAN-LAM-ARCH-443,WP-I1-001,WP-I1-001 is the architectural owner because its objective — Implement and verify the bounded brand and identity inventory surface. — is the surface that must execute the obligation 'Fonts referenced by the project must carry reviewed licence and attribution records and th'; prerequisite packages WP-I0-001 supply the underlying schema/identity/journal it needs.,Legal and rebranding,I1,I1,REVIEWED,Pass 2 explicit membership review; rationale quoted from the corrected requirement statement.
CAN-LAM-ARCH-444,WP-I0-011,"WP-I0-011 is the architectural owner because its objective — Enforce planning authority: canonical requirement IDs, evidence gates, completion-tracker revisions, no-stub completion, and double-check/bottom-up audit obliga — is the surface that must execute the obligation 'When any requirement or package status changes, the completion tracker must preserve prior'; prerequisite packages WP-I0-001 supply the underlying schema/identity/journal it needs.",Active-plan authority adoption,I0,I0,REVIEWED,Pass 2 explicit membership review; rationale quoted from the corrected requirement statement.
CAN-LAM-ASSET-002,WP-I13-011,WP-I13-011 is the architectural owner because its objective — Implement and verify the bounded backup restore rebuild disaster drill surface. — is the surface that must execute the obligation 'Indivisible Bundle (LAM-ASSET-002): The canonical steady-state storage unit consisting of '; prerequisite packages WP-I3-009 supply the underlying schema/identity/journal it needs.,"Backup, trash, restore and rebuild",I13,I13,REVIEWED,Pass 2 explicit membership review; rationale quoted from the corrected requirement statement.
CAN-LAM-ASSET-004,WP-I4-003,"WP-I4-003 is the architectural owner because its objective — Implement and verify the bounded media format classification surface. — is the surface that must execute the obligation 'During ingestion, Lamha must classify each approved image, RAW, and video container, prese'; prerequisite packages WP-I4-001 supply the underlying schema/identity/journal it needs.",Media ingestion and derivation,I4,I4,REVIEWED,Pass 2 explicit membership review; rationale quoted from the corrected requirement statement.
CAN-LAM-ASSET-013,WP-I8-007,WP-I8-007 is the architectural owner because its objective — Implement and verify the bounded photographer camera-owner importer attribution surface. — is the surface that must execute the obligation 'Camera owner; Asset JSON; Compatible XMP owner field; SQLite index; Distinct from Photogra'; prerequisite packages WP-I7-004 supply the underlying schema/identity/journal it needs.,Relationships and attribution,I8,I8,REVIEWED,Pass 2 explicit membership review; rationale quoted from the corrected requirement statement.
CAN-LAM-ASSET-018,WP-I3-008,WP-I3-008 is the architectural owner because its objective — Implement and verify the bounded sqlite migration framework surface. — is the surface that must execute the obligation 'Favorite state; Asset JSON; Compatible XMP rating field; SQLite favorite index; Asset favo'; prerequisite packages WP-I3-001 supply the underlying schema/identity/journal it needs.,Local data authority,I3,I3,REVIEWED,Pass 2 explicit membership review; rationale quoted from the corrected requirement statement.
CAN-LAM-ASSET-024,WP-I3-008,"WP-I3-008 is the architectural owner because its objective — Implement and verify the bounded sqlite migration framework surface. — is the surface that must execute the obligation 'Album definition; Album JSON; Asset UUID membership references; SQLite index; Album title,'; prerequisite packages WP-I3-001 supply the underlying schema/identity/journal it needs.",Local data authority,I3,I3,REVIEWED,Pass 2 explicit membership review; rationale quoted from the corrected requirement statement.
CAN-LAM-ASSET-026,WP-I8-005,WP-I8-005 is the architectural owner because its objective — Implement and verify the bounded multi-edge relationship history surface. — is the surface that must execute the obligation 'Updating a current relationship edge must append or close an effective-dated revision whil'; prerequisite packages WP-I8-004 supply the underlying schema/identity/journal it needs.,Asset viewer,I8,I8,REVIEWED,Pass 2 explicit membership review; rationale quoted from the corrected requirement statement.
CAN-LAM-ASSET-027,WP-I4-001,"WP-I4-001 is the architectural owner because its objective — Implement and verify the bounded initial recursive scanner surface. — is the surface that must execute the obligation 'When the user selects media-library roots, Lamha must record the selection as explicit roo'; prerequisite packages WP-I3-002, WP-I3-003, WP-I3-008 supply the underlying schema/identity/journal it needs.",Libraries and storage,I4,I4,REVIEWED,Pass 2 explicit membership review; rationale quoted from the corrected requirement statement.
CAN-LAM-ASSET-028,WP-I4-005,"WP-I4-005 is the architectural owner because its objective — Implement and verify the bounded video probing and playback assets surface. — is the surface that must execute the obligation 'When scanning photos and videos runs, Lamha must index each supported media class with sta'; prerequisite packages WP-I4-003 supply the underlying schema/identity/journal it needs.",Media ingestion and derivation,I4,I4,REVIEWED,Pass 2 explicit membership review; rationale quoted from the corrected requirement statement.
CAN-LAM-ASSET-030,WP-I5-004,"WP-I5-004 is the architectural owner because its objective — Implement and verify the bounded video viewer surface. — is the surface that must execute the obligation 'When the user plays a video, Lamha must play the local source file with supported codecs a'; prerequisite packages WP-I4-005 supply the underlying schema/identity/journal it needs.",Asset viewer,I5,I5,REVIEWED,Pass 2 explicit membership review; rationale quoted from the corrected requirement statement.
CAN-LAM-ASSET-032,WP-I5-011,"WP-I5-011 is the architectural owner because its objective — Implement and verify the bounded saved views and filters surface. — is the surface that must execute the obligation 'Every view of an asset (gallery, viewer, relationship, and folder views) must reference th'; prerequisite packages WP-I4-012 supply the underlying schema/identity/journal it needs.",Asset viewer,I5,I5,REVIEWED,Pass 2 explicit membership review; rationale quoted from the corrected requirement statement.
CAN-LAM-ASSET-036,WP-I6-010,"WP-I6-010 is the architectural owner because its objective — Implement and verify the bounded event and manage later ui surface. — is the surface that must execute the obligation 'When the user views photos with no people, Lamha must show exactly the assets with no revi'; prerequisite packages WP-I6-002 supply the underlying schema/identity/journal it needs.",Events and organization,I6,I6,REVIEWED,Pass 2 explicit membership review; rationale quoted from the corrected requirement statement.
CAN-LAM-ASSET-037,WP-I8-007,"WP-I8-007 is the architectural owner because its objective — Implement and verify the bounded photographer camera-owner importer attribution surface. — is the surface that must execute the obligation 'When an event includes several photographers, Lamha must retain each asset's reviewed phot'; prerequisite packages WP-I7-004 supply the underlying schema/identity/journal it needs.",Relationships and attribution,I8,I8,REVIEWED,Pass 2 explicit membership review; rationale quoted from the corrected requirement statement.
CAN-LAM-ASSET-038,WP-I6-008,"WP-I6-008 is the architectural owner because its objective — Implement and verify the bounded date and location boundaries surface. — is the surface that must execute the obligation 'When media captured after midnight belongs to an event, Lamha must keep it in the same eve'; prerequisite packages WP-I6-002 supply the underlying schema/identity/journal it needs.",Events and organization,I6,I6,REVIEWED,Pass 2 explicit membership review; rationale quoted from the corrected requirement statement.
CAN-LAM-ASSET-039,WP-I3-001,"WP-I3-001 is the architectural owner because its objective — Implement and verify the bounded authoritative record envelope surface. — is the surface that must execute the obligation 'When per-asset JSON is used, Lamha must read and write the schema-valid authoritative JSON'; prerequisite packages WP-I2-007 supply the underlying schema/identity/journal it needs.",Sidecars and metadata authority,I3,I3,REVIEWED,Pass 2 explicit membership review; rationale quoted from the corrected requirement statement.
CAN-LAM-ASSET-040,WP-I3-009,"WP-I3-009 is the architectural owner because its objective — Implement and verify the bounded derived-index rebuild contract surface. — is the surface that must execute the obligation 'When per-asset XMP is used, Lamha must read and write the reviewed XMP fields and keep the'; prerequisite packages WP-I3-008 supply the underlying schema/identity/journal it needs.",Sidecars and metadata authority,I3,I3,REVIEWED,Pass 2 explicit membership review; rationale quoted from the corrected requirement statement.
CAN-LAM-ASSET-042,WP-I3-002,"WP-I3-002 is the architectural owner because its objective — Implement and verify the bounded stable asset identity surface. — is the surface that must execute the obligation 'When a managed asset is renamed or moved, Lamha must preserve the original filename in the'; prerequisite packages WP-I3-001 supply the underlying schema/identity/journal it needs.",Asset identity and records,I3,I3,REVIEWED,Pass 2 explicit membership review; rationale quoted from the corrected requirement statement.
CAN-LAM-ASSET-043,WP-I13-011,"WP-I13-011 is the architectural owner because its objective — Implement and verify the bounded backup restore rebuild disaster drill surface. — is the surface that must execute the obligation 'When Lamha initializes a writable Primary Library Root, it must create the approved year a'; prerequisite packages WP-I3-009 supply the underlying schema/identity/journal it needs.","Backup, trash, restore and rebuild",I13,I13,REVIEWED,Pass 2 explicit membership review; rationale quoted from the corrected requirement statement.
CAN-LAM-ASSET-044,WP-I3-009,"WP-I3-009 is the architectural owner because its objective — Implement and verify the bounded derived-index rebuild contract surface. — is the surface that must execute the obligation 'The OS application-data tree is not a second media library. The embedded SQLite index, thu'; prerequisite packages WP-I3-008 supply the underlying schema/identity/journal it needs.",Filesystem transactions and recovery,I3,I3,REVIEWED,Pass 2 explicit membership review; rationale quoted from the corrected requirement statement.
CAN-LAM-ASSET-045,WP-I8-006,"WP-I8-006 is the architectural owner because its objective — Implement and verify the bounded relationship projections and views surface. — is the surface that must execute the obligation 'People, groups, relationships, tags, albums, favorites, memories, and smart views never cr'; prerequisite packages WP-I8-005 supply the underlying schema/identity/journal it needs.",People and faces,I8,I8,REVIEWED,Pass 2 explicit membership review; rationale quoted from the corrected requirement statement.
CAN-LAM-ASSET-047,WP-I6-008,"WP-I6-008 is the architectural owner because its objective — Implement and verify the bounded date and location boundaries surface. — is the surface that must execute the obligation 'When an event has no approved date, Lamha must keep it under the typed Unknown Date layout'; prerequisite packages WP-I6-002 supply the underlying schema/identity/journal it needs.",Metadata,I6,I6,REVIEWED,Pass 2 explicit membership review; rationale quoted from the corrected requirement statement.
CAN-LAM-ASSET-048,WP-I6-001,"WP-I6-001 is the architectural owner because its objective — Implement and verify the bounded manage later non-mutating scan surface. — is the surface that must execute the obligation 'When newly discovered assets enter Manage Later, Lamha must display proposed event, folder'; prerequisite packages WP-I4-001 supply the underlying schema/identity/journal it needs.",Events and organization,I6,I6,REVIEWED,Pass 2 explicit membership review; rationale quoted from the corrected requirement statement.
CAN-LAM-ASSET-049,WP-I6-001,WP-I6-001 is the architectural owner because its objective — Implement and verify the bounded manage later non-mutating scan surface. — is the surface that must execute the obligation 'Loose photo intake must add unassigned photos to Manage Later with reviewed metadata and n'; prerequisite packages WP-I4-001 supply the underlying schema/identity/journal it needs.,Events and organization,I6,I6,REVIEWED,Pass 2 explicit membership review; rationale quoted from the corrected requirement statement.
CAN-LAM-ASSET-050,WP-I6-001,WP-I6-001 is the architectural owner because its objective — Implement and verify the bounded manage later non-mutating scan surface. — is the surface that must execute the obligation 'Loose video intake must add unassigned videos to Manage Later with reviewed metadata and n'; prerequisite packages WP-I4-001 supply the underlying schema/identity/journal it needs.,Events and organization,I6,I6,REVIEWED,Pass 2 explicit membership review; rationale quoted from the corrected requirement statement.
CAN-LAM-ASSET-055,WP-I5-004,WP-I5-004 is the architectural owner because its objective — Implement and verify the bounded video viewer surface. — is the surface that must execute the obligation 'The chronological timeline must order photos and videos by reviewed capture time from loca'; prerequisite packages WP-I4-005 supply the underlying schema/identity/journal it needs.,Gallery and timeline,I5,I5,REVIEWED,Pass 2 explicit membership review; rationale quoted from the corrected requirement statement.
CAN-LAM-ASSET-056,WP-I5-002,"WP-I5-002 is the architectural owner because its objective — Navigate the timeline by date from local records, render event/folder browsing, mark missing-media and offline-drive states, and preserve prior position on load — is the surface that must execute the obligation 'Missing-media indicators must mark assets whose source file is missing and must not substi'; prerequisite packages WP-I4-010 supply the underlying schema/identity/journal it needs.",Gallery and timeline,I5,I5,REVIEWED,Pass 2 explicit membership review; rationale quoted from the corrected requirement statement.
CAN-LAM-ASSET-057,WP-I5-003,WP-I5-003 is the architectural owner because its objective — Implement and verify the bounded image viewer surface. — is the surface that must execute the obligation 'Full-screen photo viewing must display the local photo without chrome and return to the pr'; prerequisite packages WP-I4-004 supply the underlying schema/identity/journal it needs.,Asset viewer,I5,I5,REVIEWED,Pass 2 explicit membership review; rationale quoted from the corrected requirement statement.
CAN-LAM-ASSET-058,WP-I5-004,WP-I5-004 is the architectural owner because its objective — Implement and verify the bounded video viewer surface. — is the surface that must execute the obligation 'Video playback must play the local source with supported codecs and return a typed error w'; prerequisite packages WP-I4-005 supply the underlying schema/identity/journal it needs.,Asset viewer,I5,I5,REVIEWED,Pass 2 explicit membership review; rationale quoted from the corrected requirement statement.
CAN-LAM-ASSET-060,WP-I8-007,WP-I8-007 is the architectural owner because its objective — Implement and verify the bounded photographer camera-owner importer attribution surface. — is the surface that must execute the obligation 'Photographer assignment must persist the reviewed attribution without changing camera-owne'; prerequisite packages WP-I7-004 supply the underlying schema/identity/journal it needs.,Relationships and attribution,I8,I8,REVIEWED,Pass 2 explicit membership review; rationale quoted from the corrected requirement statement.
CAN-LAM-ASSET-066,WP-I8-007,WP-I8-007 is the architectural owner because its objective — Implement and verify the bounded photographer camera-owner importer attribution surface. — is the surface that must execute the obligation 'An external photographer without a detected face may exist as a photographer record but do'; prerequisite packages WP-I7-004 supply the underlying schema/identity/journal it needs.,Relationships and attribution,I8,I8,REVIEWED,Pass 2 explicit membership review; rationale quoted from the corrected requirement statement.
CAN-LAM-ASSET-069,WP-I9-004,"WP-I9-004 is the architectural owner because its objective — Implement and verify the bounded event mind map surface. — is the surface that must execute the obligation 'Every in-scope user media, Event, Manage Later, and Linked Folder may be represented by a '; prerequisite packages WP-I9-001 supply the underlying schema/identity/journal it needs.",Mind-map projections,I9,I9,REVIEWED,Pass 2 explicit membership review; rationale quoted from the corrected requirement statement.
CAN-LAM-ASSET-070,WP-I6-009,"WP-I6-009 is the architectural owner because its objective — Implement and verify the bounded event filesystem materialization plan surface. — is the surface that must execute the obligation 'When an approved operation plan lists assets to move, Lamha must move exactly the listed a'; prerequisite packages WP-I3-011, WP-I6-002 supply the underlying schema/identity/journal it needs.",Events and organization,I6,I6,REVIEWED,Pass 2 explicit membership review; rationale quoted from the corrected requirement statement.
CAN-LAM-ASSET-075,WP-I8-001,WP-I8-001 is the architectural owner because its objective — Implement and verify the bounded tag records and namespaces surface. — is the surface that must execute the obligation 'Photographer and camera-owner labels are derived from their distinct authoritative asset f'; prerequisite packages WP-I3-001 supply the underlying schema/identity/journal it needs.,Relationships and attribution,I8,I8,REVIEWED,Pass 2 explicit membership review; rationale quoted from the corrected requirement statement.
CAN-LAM-ASSET-079,WP-I5-010,"WP-I5-010 is the architectural owner because its objective — Commit and persist review-state transitions (approve, reject, suppress, defer, mark intentional, record decision, apply to selection) with provenance and revisi — is the surface that must execute the obligation 'When a reviewer suppresses a proposal per asset, Lamha must persist the per-asset suppress'; prerequisite packages WP-I2-007 supply the underlying schema/identity/journal it needs.",Asset viewer,I5,I5,REVIEWED,Pass 2 explicit membership review; rationale quoted from the corrected requirement statement.
CAN-LAM-ASSET-082,WP-I8-006,"WP-I8-006 is the architectural owner because its objective — Implement and verify the bounded relationship projections and views surface. — is the surface that must execute the obligation 'When the relationship-composition smart view renders an asset, Lamha must derive the visib'; prerequisite packages WP-I8-005 supply the underlying schema/identity/journal it needs.",Relationships and attribution,I8,I8,REVIEWED,Pass 2 explicit membership review; rationale quoted from the corrected requirement statement.
CAN-LAM-ASSET-083,WP-I8-006,WP-I8-006 is the architectural owner because its objective — Implement and verify the bounded relationship projections and views surface. — is the surface that must execute the obligation 'A Family Only photo may remain inside a Family + Friends event.'; prerequisite packages WP-I8-005 supply the underlying schema/identity/journal it needs.,Relationships and attribution,I8,I8,REVIEWED,Pass 2 explicit membership review; rationale quoted from the corrected requirement statement.
CAN-LAM-ASSET-088,WP-I8-007,"WP-I8-007 is the architectural owner because its objective — Implement and verify the bounded photographer camera-owner importer attribution surface. — is the surface that must execute the obligation 'Lamha must store camera owner, photographer, and visible-person attribution as independent'; prerequisite packages WP-I7-004 supply the underlying schema/identity/journal it needs.",Relationships and attribution,I8,I8,REVIEWED,Pass 2 explicit membership review; rationale quoted from the corrected requirement statement.
CAN-LAM-ASSET-090,WP-I8-007,"WP-I8-007 is the architectural owner because its objective — Implement and verify the bounded photographer camera-owner importer attribution surface. — is the surface that must execute the obligation 'Lamha may create a photographer proposal from reviewed evidence, but it must keep the auth'; prerequisite packages WP-I7-004 supply the underlying schema/identity/journal it needs.",Metadata,I8,I8,REVIEWED,Pass 2 explicit membership review; rationale quoted from the corrected requirement statement.
CAN-LAM-ASSET-091,WP-I8-007,WP-I8-007 is the architectural owner because its objective — Implement and verify the bounded photographer camera-owner importer attribution surface. — is the surface that must execute the obligation 'Scanned media may store original photographer and scanner/operator separately.'; prerequisite packages WP-I7-004 supply the underlying schema/identity/journal it needs.,Relationships and attribution,I8,I8,REVIEWED,Pass 2 explicit membership review; rationale quoted from the corrected requirement statement.
CAN-LAM-ASSET-092,WP-I8-007,"WP-I8-007 is the architectural owner because its objective — Implement and verify the bounded photographer camera-owner importer attribution surface. — is the surface that must execute the obligation 'When generated media is ingested, Lamha must store generator and source metadata with the '; prerequisite packages WP-I7-004 supply the underlying schema/identity/journal it needs.",Relationships and attribution,I8,I8,REVIEWED,Pass 2 explicit membership review; rationale quoted from the corrected requirement statement.
CAN-LAM-ASSET-094,WP-I3-002,"WP-I3-002 is the architectural owner because its objective — Implement and verify the bounded stable asset identity surface. — is the surface that must execute the obligation 'When a managed asset is renamed or moved, Lamha must preserve the original filename in the'; prerequisite packages WP-I3-001 supply the underlying schema/identity/journal it needs.",Asset identity and records,I3,I3,REVIEWED,Pass 2 explicit membership review; rationale quoted from the corrected requirement statement.
CAN-LAM-ASSET-096,WP-I8-007,WP-I8-007 is the architectural owner because its objective — Implement and verify the bounded photographer camera-owner importer attribution surface. — is the surface that must execute the obligation 'The system must store photographer attribution separately from camera ownership and must n'; prerequisite packages WP-I7-004 supply the underlying schema/identity/journal it needs.,Relationships and attribution,I8,I8,REVIEWED,Pass 2 explicit membership review; rationale quoted from the corrected requirement statement.
CAN-LAM-ASSET-098,WP-I3-001,WP-I3-001 is the architectural owner because its objective — Implement and verify the bounded authoritative record envelope surface. — is the surface that must execute the obligation 'Filename is authoritative in the filesystem and projected into Asset JSON; reconciliation '; prerequisite packages WP-I2-007 supply the underlying schema/identity/journal it needs.,Local data authority,I3,I3,REVIEWED,Pass 2 explicit membership review; rationale quoted from the corrected requirement statement.
CAN-LAM-ASSET-099,WP-I3-001,WP-I3-001 is the architectural owner because its objective — Implement and verify the bounded authoritative record envelope surface. — is the surface that must execute the obligation 'Physical path is authoritative in the filesystem and projected into Asset JSON; reconcilia'; prerequisite packages WP-I2-007 supply the underlying schema/identity/journal it needs.,Local data authority,I3,I3,REVIEWED,Pass 2 explicit membership review; rationale quoted from the corrected requirement statement.
CAN-LAM-ASSET-100,WP-I3-002,WP-I3-002 is the architectural owner because its objective — Implement and verify the bounded stable asset identity surface. — is the surface that must execute the obligation 'Original filename is authoritative in Asset JSON and recorded in operation history; moves '; prerequisite packages WP-I3-001 supply the underlying schema/identity/journal it needs.,Asset identity and records,I3,I3,REVIEWED,Pass 2 explicit membership review; rationale quoted from the corrected requirement statement.
CAN-LAM-ASSET-106,WP-I8-007,WP-I8-007 is the architectural owner because its objective — Implement and verify the bounded photographer camera-owner importer attribution surface. — is the surface that must execute the obligation 'Photographer is authoritative in Asset JSON and projected to XMP creator; edits must updat'; prerequisite packages WP-I7-004 supply the underlying schema/identity/journal it needs.,Relationships and attribution,I8,I8,REVIEWED,Pass 2 explicit membership review; rationale quoted from the corrected requirement statement.
CAN-LAM-ASSET-107,WP-I8-007,WP-I8-007 is the architectural owner because its objective — Implement and verify the bounded photographer camera-owner importer attribution surface. — is the surface that must execute the obligation 'Camera owner is authoritative in Asset JSON and projected from imported metadata; changing'; prerequisite packages WP-I7-004 supply the underlying schema/identity/journal it needs.,Relationships and attribution,I8,I8,REVIEWED,Pass 2 explicit membership review; rationale quoted from the corrected requirement statement.
CAN-LAM-ASSET-108,WP-I3-001,WP-I3-001 is the architectural owner because its objective — Implement and verify the bounded authoritative record envelope surface. — is the surface that must execute the obligation 'Uploader/importer is authoritative in Asset JSON and recorded in operation history; it is '; prerequisite packages WP-I2-007 supply the underlying schema/identity/journal it needs.,Local data authority,I3,I3,REVIEWED,Pass 2 explicit membership review; rationale quoted from the corrected requirement statement.
CAN-LAM-ASSET-109,WP-I3-001,WP-I3-001 is the architectural owner because its objective — Implement and verify the bounded authoritative record envelope surface. — is the surface that must execute the obligation 'Approved tags are authoritative in Asset JSON and projected to XMP keywords; unapproved su'; prerequisite packages WP-I2-007 supply the underlying schema/identity/journal it needs.,Local data authority,I3,I3,REVIEWED,Pass 2 explicit membership review; rationale quoted from the corrected requirement statement.
CAN-LAM-ASSET-113,WP-I3-001,WP-I3-001 is the architectural owner because its objective — Implement and verify the bounded authoritative record envelope surface. — is the surface that must execute the obligation 'Normalized location is authoritative in Asset JSON and projected from EXIF/XMP; the raw so'; prerequisite packages WP-I2-007 supply the underlying schema/identity/journal it needs.,Local data authority,I3,I3,REVIEWED,Pass 2 explicit membership review; rationale quoted from the corrected requirement statement.
CAN-LAM-ASSET-117,WP-I10-005,"WP-I10-005 is the architectural owner because its objective — Detect and record CPU, core count, RAM, GPU/GPU memory, OS, disk, acceleration, library counts, and benchmark results from local OS data for AI hardware assessm — is the surface that must execute the obligation 'When hardware assessment runs, Lamha must report the photo count of the local library and '; prerequisite packages WP-I10-003 supply the underlying schema/identity/journal it needs.",Local AI worker,I10,I10,REVIEWED,Pass 2 explicit membership review; rationale quoted from the corrected requirement statement.
CAN-LAM-ASSET-118,WP-I10-005,"WP-I10-005 is the architectural owner because its objective — Detect and record CPU, core count, RAM, GPU/GPU memory, OS, disk, acceleration, library counts, and benchmark results from local OS data for AI hardware assessm — is the surface that must execute the obligation 'When hardware assessment runs, Lamha must report the video count of the local library and '; prerequisite packages WP-I10-003 supply the underlying schema/identity/journal it needs.",Local AI worker,I10,I10,REVIEWED,Pass 2 explicit membership review; rationale quoted from the corrected requirement statement.
CAN-LAM-ASSET-120,WP-I5-006,WP-I5-006 is the architectural owner because its objective — Implement and verify the bounded albums and favorites surface. — is the surface that must execute the obligation 'One asset in several albums must reference the same asset identity in every album without '; prerequisite packages WP-I3-001 supply the underlying schema/identity/journal it needs.,Asset viewer,I5,I5,REVIEWED,Pass 2 explicit membership review; rationale quoted from the corrected requirement statement.
CAN-LAM-ASSET-121,WP-I5-008,"WP-I5-008 is the architectural owner because its objective — Render maps, venues, offline coordinates, asset timelines by location, location filters, and review links from canonical location records; keep optional map til — is the surface that must execute the obligation 'When an asset timeline by location is rendered, Lamha must order the asset's events by rev'; prerequisite packages WP-I4-008 supply the underlying schema/identity/journal it needs.",Map and location,I5,I5,REVIEWED,Pass 2 explicit membership review; rationale quoted from the corrected requirement statement.
CAN-LAM-ASSET-123,WP-I5-013,"WP-I5-013 is the architectural owner because its objective — Load and display review items, assets, events, people, and provenance without mutating authoritative state; opening an item never changes its state. — is the surface that must execute the obligation 'When an asset is opened from a review item, Lamha must load the asset for display and must'; prerequisite packages WP-I3-002, WP-I5-010, WP-I6-002, WP-I7-004 supply the underlying schema/identity/journal it needs.",Asset viewer,I5,I5,REVIEWED,Pass 2 explicit membership review; rationale quoted from the corrected requirement statement.
CAN-LAM-ASSET-124,WP-I3-011,"WP-I3-011 is the architectural owner because its objective — Implement and verify the bounded file-operation plan contract surface. — is the surface that must execute the obligation 'When an asset bundle is renamed, Lamha must rename the media and companion sidecars togeth'; prerequisite packages WP-I3-002, WP-I3-003 supply the underlying schema/identity/journal it needs.",Filesystem transactions and recovery,I3,I3,REVIEWED,Pass 2 explicit membership review; rationale quoted from the corrected requirement statement.
CAN-LAM-ASSET-125,WP-I3-010,"WP-I3-010 is the architectural owner because its objective — Implement and verify the bounded filesystem operation journal surface. — is the surface that must execute the obligation 'When an asset bundle is moved, Lamha must move the media and companion sidecars together a'; prerequisite packages WP-I3-003 supply the underlying schema/identity/journal it needs.",Filesystem transactions and recovery,I3,I3,REVIEWED,Pass 2 explicit membership review; rationale quoted from the corrected requirement statement.
CAN-LAM-ASSET-126,WP-I13-011,"WP-I13-011 is the architectural owner because its objective — Implement and verify the bounded backup restore rebuild disaster drill surface. — is the surface that must execute the obligation 'When the user restores an original filename, Lamha must rename the asset back to its prese'; prerequisite packages WP-I3-009 supply the underlying schema/identity/journal it needs.","Backup, trash, restore and rebuild",I13,I13,REVIEWED,Pass 2 explicit membership review; rationale quoted from the corrected requirement statement.
CAN-LAM-ASSET-128,WP-I4-006,"WP-I4-006 is the architectural owner because its objective — Implement and verify the bounded companion-media detection surface. — is the surface that must execute the obligation 'When consistency detection compares the event date with the asset date, Lamha must report '; prerequisite packages WP-I3-002, WP-I4-003 supply the underlying schema/identity/journal it needs.",Media ingestion and derivation,I4,I4,REVIEWED,Pass 2 explicit membership review; rationale quoted from the corrected requirement statement.
CAN-LAM-ASSET-129,WP-I4-012,"WP-I4-012 is the architectural owner because its objective — Implement and verify the bounded initial textual index surface. — is the surface that must execute the obligation 'When consistency detection compares the sidecar filename with the media filename, Lamha mu'; prerequisite packages WP-I4-010 supply the underlying schema/identity/journal it needs.",Media ingestion and derivation,I4,I4,REVIEWED,Pass 2 explicit membership review; rationale quoted from the corrected requirement statement.
CAN-LAM-ASSET-130,WP-I4-003,"WP-I4-003 is the architectural owner because its objective — Implement and verify the bounded media format classification surface. — is the surface that must execute the obligation 'When a duplicate asset ID is detected, Lamha must create a review item with both records a'; prerequisite packages WP-I4-001 supply the underlying schema/identity/journal it needs.",Media ingestion and derivation,I4,I4,REVIEWED,Pass 2 explicit membership review; rationale quoted from the corrected requirement statement.
CAN-LAM-ASSET-134,WP-I3-005,WP-I3-005 is the architectural owner because its objective — Implement and verify the bounded sidecar read protocol surface. — is the surface that must execute the obligation 'Clearing selected fields keeps the minimal versioned identity sidecar required for a manag'; prerequisite packages WP-I3-001 supply the underlying schema/identity/journal it needs.,Metadata,I3,I3,REVIEWED,Pass 2 explicit membership review; rationale quoted from the corrected requirement statement.
CAN-LAM-ASSET-137,WP-I7-010,"WP-I7-010 is the architectural owner because its objective — Implement and verify the bounded people and face privacy surface. — is the surface that must execute the obligation 'When the user requests AI data deletion for one asset, Lamha must delete that asset's AI-d'; prerequisite packages WP-I10-001, WP-I7-004 supply the underlying schema/identity/journal it needs.",Asset viewer,I7,I7,REVIEWED,Pass 2 explicit membership review; rationale quoted from the corrected requirement statement.
CAN-LAM-ASSET-138,WP-I3-006,"WP-I3-006 is the architectural owner because its objective — Write co-located asset JSON and XMP mirrors through a schema-valid sidecar write protocol, preserve exact bytes on validation failure, and keep authoritative kn — is the surface that must execute the obligation 'Asset JSON must be read and written as the schema-valid authoritative record with exact-by'; prerequisite packages WP-I3-005 supply the underlying schema/identity/journal it needs.",Sidecars and metadata authority,I3,I3,REVIEWED,Pass 2 explicit membership review; rationale quoted from the corrected requirement statement.
CAN-LAM-ASSET-139,WP-I13-008,"WP-I13-008 is the architectural owner because its objective — Implement and verify the bounded recovery records and audit surface. — is the surface that must execute the obligation 'Backup copies are recovery artifacts, not managed gallery assets. They must be excluded fr'; prerequisite packages WP-I3-014 supply the underlying schema/identity/journal it needs.","Backup, trash, restore and rebuild",I13,I13,REVIEWED,Pass 2 explicit membership review; rationale quoted from the corrected requirement statement.
CAN-LAM-ASSET-140,WP-I13-006,"WP-I13-006 is the architectural owner because its objective — Move complete asset bundles into a reversible trash state through reviewed plans, preserve event/tag references and original paths, and require explicit confirm — is the surface that must execute the obligation 'When an asset is trashed, Lamha must move the complete asset bundle (media, sidecars, and '; prerequisite packages WP-I3-010, WP-I3-011, WP-I3-012 supply the underlying schema/identity/journal it needs.","Backup, trash, restore and rebuild",I13,I13,REVIEWED,Pass 2 explicit membership review; rationale quoted from the corrected requirement statement.
CAN-LAM-ASSET-141,WP-I12-006,"WP-I12-006 is the architectural owner because its objective — Implement and verify the bounded root and asset relinking surface. — is the surface that must execute the obligation 'When new media appears on a connected external drive, Lamha must scan and index it under t'; prerequisite packages WP-I12-001 supply the underlying schema/identity/journal it needs.",External drives and path resilience,I12,I12,REVIEWED,Pass 2 explicit membership review; rationale quoted from the corrected requirement statement.
CAN-LAM-ASSET-142,WP-I12-006,WP-I12-006 is the architectural owner because its objective — Implement and verify the bounded root and asset relinking surface. — is the surface that must execute the obligation 'External reconciliation must preserve the stable asset ID and must never assign a duplicat'; prerequisite packages WP-I12-001 supply the underlying schema/identity/journal it needs.,External drives and path resilience,I12,I12,REVIEWED,Pass 2 explicit membership review; rationale quoted from the corrected requirement statement.
CAN-LAM-ASSET-147,WP-I14-001,"WP-I14-001 is the architectural owner because its objective — Define executable performance fixtures for 10k/50k/100k assets and require hardware-profile recording on every performance result. — is the surface that must execute the obligation 'Before release, Lamha performance validation must execute declared 10,000-, 50,000-, and 1'; prerequisite packages WP-I0-007 supply the underlying schema/identity/journal it needs.",Performance and scale,I14,I14,REVIEWED,Pass 2 explicit membership review; rationale quoted from the corrected requirement statement.
CAN-LAM-ASSET-148,WP-I1-005,"WP-I1-005 is the architectural owner because its objective — Inventory and persist licence, attribution, redistribution, model-provenance, and required legal-file obligations; block release until every required notice is  — is the surface that must execute the obligation 'Bundled binaries must carry the reviewed notices and the release gate must fail when any b'; prerequisite packages WP-I1-001 supply the underlying schema/identity/journal it needs.",Legal and rebranding,I1,I1,REVIEWED,Pass 2 explicit membership review; rationale quoted from the corrected requirement statement.
CAN-LAM-ASSET-186,WP-I3-011,"WP-I3-011 is the architectural owner because its objective — Implement and verify the bounded file-operation plan contract surface. — is the surface that must execute the obligation 'Asset bundles must keep media and companion sidecars together for moves, renames, trash, a'; prerequisite packages WP-I3-002, WP-I3-003 supply the underlying schema/identity/journal it needs.",Local data authority,I3,I3,REVIEWED,Pass 2 explicit membership review; rationale quoted from the corrected requirement statement.
CAN-LAM-ASSET-189,WP-I4-010,WP-I4-010 is the architectural owner because its objective — Implement and verify the bounded asset and path index surface. — is the surface that must execute the obligation 'Asset details must display the reviewed record fields from local data and remain accessibl'; prerequisite packages WP-I3-008 supply the underlying schema/identity/journal it needs.,Media ingestion and derivation,I4,I4,REVIEWED,Pass 2 explicit membership review; rationale quoted from the corrected requirement statement.
CAN-LAM-ASSET-191,WP-I11-012,WP-I11-012 is the architectural owner because its objective — Implement and verify the bounded editing and mutation recovery surface. — is the surface that must execute the obligation 'Unmanage Asset must remove the asset from managed organization while preserving the media '; prerequisite packages WP-I3-014 supply the underlying schema/identity/journal it needs.,Editing,I11,I11,REVIEWED,Pass 2 explicit membership review; rationale quoted from the corrected requirement statement.
CAN-LAM-ASSET-197,WP-I3-002,"WP-I3-002 is the architectural owner because its objective — Implement and verify the bounded stable asset identity surface. — is the surface that must execute the obligation 'When safety proofs run, Lamha must demonstrate that original filenames are recoverable aft'; prerequisite packages WP-I3-001 supply the underlying schema/identity/journal it needs.",Asset identity and records,I3,I3,REVIEWED,Pass 2 explicit membership review; rationale quoted from the corrected requirement statement.
CAN-LAM-ASSET-198,WP-I1-005,"WP-I1-005 is the architectural owner because its objective — Inventory and persist licence, attribution, redistribution, model-provenance, and required legal-file obligations; block release until every required notice is  — is the surface that must execute the obligation 'Third-party assets in the product must be inventoried with licence, attribution, and redis'; prerequisite packages WP-I1-001 supply the underlying schema/identity/journal it needs.",Legal and rebranding,I1,I1,REVIEWED,Pass 2 explicit membership review; rationale quoted from the corrected requirement statement.
CAN-LAM-BACKUP-002,WP-I13-011,"WP-I13-011 is the architectural owner because its objective — Implement and verify the bounded backup restore rebuild disaster drill surface. — is the surface that must execute the obligation 'When the user restores from a backup, Lamha must verify the backup set before restoring an'; prerequisite packages WP-I3-009 supply the underlying schema/identity/journal it needs.","Backup, trash, restore and rebuild",I13,I13,REVIEWED,Pass 2 explicit membership review; rationale quoted from the corrected requirement statement.
CAN-LAM-BACKUP-004,WP-I13-001,"WP-I13-001 is the architectural owner because its objective — Persist schema-valid backup manifests inventorying record revisions, exclude backup/app-data from views, preserve malformed sidecars, and enforce controlled-cop — is the surface that must execute the obligation 'When backup manifests are written, Lamha must persist a schema-valid manifest inventorying'; prerequisite packages WP-I3-001 supply the underlying schema/identity/journal it needs.","Backup, trash, restore and rebuild",I13,I13,REVIEWED,Pass 2 explicit membership review; rationale quoted from the corrected requirement statement.
CAN-LAM-BACKUP-005,WP-I3-002,"WP-I3-002 is the architectural owner because its objective — Implement and verify the bounded stable asset identity surface. — is the surface that must execute the obligation 'When an asset is restored, Lamha must return the complete asset bundle and its references '; prerequisite packages WP-I3-001 supply the underlying schema/identity/journal it needs.",Asset identity and records,I3,I3,REVIEWED,Pass 2 explicit membership review; rationale quoted from the corrected requirement statement.
CAN-LAM-BACKUP-007,WP-I13-011,WP-I13-011 is the architectural owner because its objective — Implement and verify the bounded backup restore rebuild disaster drill surface. — is the surface that must execute the obligation 'Thumbnails and cache are rebuildable projections; they must be regenerable from the author'; prerequisite packages WP-I3-009 supply the underlying schema/identity/journal it needs.,"Backup, trash, restore and rebuild",I13,I13,REVIEWED,Pass 2 explicit membership review; rationale quoted from the corrected requirement statement.
CAN-LAM-BACKUP-020,WP-I13-011,WP-I13-011 is the architectural owner because its objective — Implement and verify the bounded backup restore rebuild disaster drill surface. — is the surface that must execute the obligation 'Global backup must inventory every authoritative record and media file in the backup manif'; prerequisite packages WP-I3-009 supply the underlying schema/identity/journal it needs.,"Backup, trash, restore and rebuild",I13,I13,REVIEWED,Pass 2 explicit membership review; rationale quoted from the corrected requirement statement.
CAN-LAM-BACKUP-021,WP-I13-009,WP-I13-009 is the architectural owner because its objective — Implement and verify the bounded sqlite index rebuild surface. — is the surface that must execute the obligation 'Index rebuild must regenerate SQLite and caches from authoritative records and preserve ev'; prerequisite packages WP-I3-009 supply the underlying schema/identity/journal it needs.,"Backup, trash, restore and rebuild",I13,I13,REVIEWED,Pass 2 explicit membership review; rationale quoted from the corrected requirement statement.
CAN-LAM-BACKUP-024,WP-I13-001,"WP-I13-001 is the architectural owner because its objective — Persist schema-valid backup manifests inventorying record revisions, exclude backup/app-data from views, preserve malformed sidecars, and enforce controlled-cop — is the surface that must execute the obligation 'The gallery and all derived views must exclude .backup/ and .app-data/ directories from di'; prerequisite packages WP-I3-001 supply the underlying schema/identity/journal it needs.","Backup, trash, restore and rebuild",I13,I13,REVIEWED,Pass 2 explicit membership review; rationale quoted from the corrected requirement statement.
CAN-LAM-DELETE-002,WP-I12-006,"WP-I12-006 is the architectural owner because its objective — Implement and verify the bounded root and asset relinking surface. — is the surface that must execute the obligation 'When an external delete is detected, Lamha must confirm the deletion with identity evidenc'; prerequisite packages WP-I12-001 supply the underlying schema/identity/journal it needs.",External drives and path resilience,I12,I12,REVIEWED,Pass 2 explicit membership review; rationale quoted from the corrected requirement statement.
CAN-LAM-DELETE-267,WP-I13-006,"WP-I13-006 is the architectural owner because its objective — Move complete asset bundles into a reversible trash state through reviewed plans, preserve event/tag references and original paths, and require explicit confirm — is the surface that must execute the obligation 'Destructive actions must use the shared typed confirmation contract with explicit target s'; prerequisite packages WP-I3-010, WP-I3-011, WP-I3-012 supply the underlying schema/identity/journal it needs.",Trash and permanent-delete operations,I13,I13,REVIEWED,Pass 2 explicit membership review; rationale quoted from the corrected requirement statement.
CAN-LAM-DELETE-285,WP-I15-015,"WP-I15-015 is the architectural owner because its objective — Remove legacy runtime, server, database, queue, container, generated-client, and obsolete workflow paths only after retained callers have verified replacements. — is the surface that must execute the obligation 'Legacy page removal must retain each reusable visual component until an integrated retaine'; prerequisite packages WP-I15-008, WP-I15-014 supply the underlying schema/identity/journal it needs.",Planning and verification governance,I15,I15,REVIEWED,Pass 2 explicit membership review; rationale quoted from the corrected requirement statement.
CAN-LAM-DUPLICATE-001,WP-I10-011,"WP-I10-011 is the architectural owner because its objective — Detect exact and similar duplicates, compare resolution/format/size/album/tag/event/metadata evidence, produce reviewable candidates, support burst grouping, si — is the surface that must execute the obligation 'When duplicate detection runs, Lamha must compare full hashes and create reviewable duplic'; prerequisite packages WP-I3-002 supply the underlying schema/identity/journal it needs.",Duplicates,I10,I10,REVIEWED,Pass 2 explicit membership review; rationale quoted from the corrected requirement statement.
CAN-LAM-DUPLICATE-002,WP-I5-016,"WP-I5-016 is the architectural owner because its objective — Load and display asset, person, event, sidecar, and duplicate detail views from local records without mutating the loaded records. — is the surface that must execute the obligation 'Side-by-side comparison for duplicates must display both candidates without changing eithe'; prerequisite packages WP-I3-002, WP-I3-005 supply the underlying schema/identity/journal it needs.",Asset viewer,I5,I5,REVIEWED,Pass 2 explicit membership review; rationale quoted from the corrected requirement statement.
CAN-LAM-DUPLICATE-005,WP-I10-011,"WP-I10-011 is the architectural owner because its objective — Detect exact and similar duplicates, compare resolution/format/size/album/tag/event/metadata evidence, produce reviewable candidates, support burst grouping, si — is the surface that must execute the obligation 'When exact-duplicate detection runs, Lamha must compare full hashes and produce reviewable'; prerequisite packages WP-I3-002 supply the underlying schema/identity/journal it needs.",Duplicates,I10,I10,REVIEWED,Pass 2 explicit membership review; rationale quoted from the corrected requirement statement.
CAN-LAM-DUPLICATE-006,WP-I10-011,"WP-I10-011 is the architectural owner because its objective — Detect exact and similar duplicates, compare resolution/format/size/album/tag/event/metadata evidence, produce reviewable candidates, support burst grouping, si — is the surface that must execute the obligation 'When AI data control runs, Lamha must let the user export or delete duplicate-similarity d'; prerequisite packages WP-I3-002 supply the underlying schema/identity/journal it needs.",Duplicates,I10,I10,REVIEWED,Pass 2 explicit membership review; rationale quoted from the corrected requirement statement.
CAN-LAM-DUPLICATE-007,WP-I10-011,"WP-I10-011 is the architectural owner because its objective — Detect exact and similar duplicates, compare resolution/format/size/album/tag/event/metadata evidence, produce reviewable candidates, support burst grouping, si — is the surface that must execute the obligation 'When exact-hash duplicates are detected, Lamha must compare full hashes and produce review'; prerequisite packages WP-I3-002 supply the underlying schema/identity/journal it needs.",Duplicates,I10,I10,REVIEWED,Pass 2 explicit membership review; rationale quoted from the corrected requirement statement.
CAN-LAM-DUPLICATE-008,WP-I12-006,"WP-I12-006 is the architectural owner because its objective — Implement and verify the bounded root and asset relinking surface. — is the surface that must execute the obligation 'When a duplicate copy appears on an external drive, Lamha must create a reviewable duplica'; prerequisite packages WP-I12-001 supply the underlying schema/identity/journal it needs.",External drives and path resilience,I12,I12,REVIEWED,Pass 2 explicit membership review; rationale quoted from the corrected requirement statement.
CAN-LAM-DUPLICATE-009,WP-I14-004,"WP-I14-004 is the architectural owner because its objective — Implement and verify the bounded ai performance and resource budgets surface. — is the surface that must execute the obligation 'Duplicate processing must complete within the reviewed performance budget and must never d'; prerequisite packages WP-I10-006, WP-I14-001 supply the underlying schema/identity/journal it needs.",Duplicates,I14,I14,REVIEWED,Pass 2 explicit membership review; rationale quoted from the corrected requirement statement.
CAN-LAM-EDGE-03,WP-I4-008,"WP-I4-008 is the architectural owner because its objective — Implement and verify the bounded metadata extraction surface. — is the surface that must execute the obligation 'When the scanner finds a previously indexed asset at a new path with an exact stable UUID '; prerequisite packages WP-I3-005, WP-I4-003 supply the underlying schema/identity/journal it needs.",Media ingestion and derivation,I4,I4,REVIEWED,Pass 2 explicit membership review; rationale quoted from the corrected requirement statement.
CAN-LAM-EDGE-04,WP-I3-008,WP-I3-008 is the architectural owner because its objective — Implement and verify the bounded sqlite migration framework surface. — is the surface that must execute the obligation 'When an event builder or move command targets a destination whose filename already exists '; prerequisite packages WP-I3-001 supply the underlying schema/identity/journal it needs.,Asset identity and records,I3,I3,REVIEWED,Pass 2 explicit membership review; rationale quoted from the corrected requirement statement.
CAN-LAM-EDGE-05,WP-I12-004,"WP-I12-004 is the architectural owner because its objective — Implement and verify the bounded detached read-only experience surface. — is the surface that must execute the obligation 'When the OS reports a read-only external drive or a write returns a permission/read-only f'; prerequisite packages WP-I12-001, WP-I4-010 supply the underlying schema/identity/journal it needs.",External drives and path resilience,I12,I12,REVIEWED,Pass 2 explicit membership review; rationale quoted from the corrected requirement statement.
CAN-LAM-EDGE-06,WP-I6-006,"WP-I6-006 is the architectural owner because its objective — Implement and verify the bounded event split and link plans surface. — is the surface that must execute the obligation 'When event assets span midnight, Lamha must keep the user-defined event unified and name i'; prerequisite packages WP-I6-002 supply the underlying schema/identity/journal it needs.",Events and organization,I6,I6,REVIEWED,Pass 2 explicit membership review; rationale quoted from the corrected requirement statement.
CAN-LAM-EDGE-07,WP-I7-003,"WP-I7-003 is the architectural owner because its objective — Implement and verify the bounded face clustering and curation surface. — is the surface that must execute the obligation 'When the user merges face clusters that represent different people, Lamha must record a du'; prerequisite packages WP-I7-002 supply the underlying schema/identity/journal it needs.",People and faces,I7,I7,REVIEWED,Pass 2 explicit membership review; rationale quoted from the corrected requirement statement.
CAN-LAM-EDGE-09,WP-I12-001,"WP-I12-001 is the architectural owner because its objective — Record durable external-drive identity, detached state, pending overlays, sidecar changes/missing state, and reconnection consistency. — is the surface that must execute the obligation 'When an external drive disconnects mid-transfer, Lamha must mark the transparent coordinat'; prerequisite packages WP-I3-003 supply the underlying schema/identity/journal it needs.",External drives and path resilience,I12,I12,REVIEWED,Pass 2 explicit membership review; rationale quoted from the corrected requirement statement.
CAN-LAM-EDGE-10,WP-I3-008,"WP-I3-008 is the architectural owner because its objective — Implement and verify the bounded sqlite migration framework surface. — is the surface that must execute the obligation 'When startup finds an uncommitted local coordinator or root-scoped manifest after a crash,'; prerequisite packages WP-I3-001 supply the underlying schema/identity/journal it needs.",Filesystem transactions and recovery,I3,I3,REVIEWED,Pass 2 explicit membership review; rationale quoted from the corrected requirement statement.
CAN-LAM-EDGE-11,WP-I3-002,"WP-I3-002 is the architectural owner because its objective — Implement and verify the bounded stable asset identity surface. — is the surface that must execute the obligation 'When the scanner ingests distinct media with the same filename and timestamp, Lamha must c'; prerequisite packages WP-I3-001 supply the underlying schema/identity/journal it needs.",Asset identity and records,I3,I3,REVIEWED,Pass 2 explicit membership review; rationale quoted from the corrected requirement statement.
CAN-LAM-EDGE-12,WP-I13-001,"WP-I13-001 is the architectural owner because its objective — Persist schema-valid backup manifests inventorying record revisions, exclude backup/app-data from views, preserve malformed sidecars, and enforce controlled-cop — is the surface that must execute the obligation 'When a versioned authoritative sidecar fails schema validation, Lamha must preserve the ex'; prerequisite packages WP-I3-001 supply the underlying schema/identity/journal it needs.","Backup, trash, restore and rebuild",I13,I13,REVIEWED,Pass 2 explicit membership review; rationale quoted from the corrected requirement statement.
CAN-LAM-EDGE-13,WP-I3-001,"WP-I3-001 is the architectural owner because its objective — Implement and verify the bounded authoritative record envelope surface. — is the surface that must execute the obligation 'When a record requires a newer schema version than the running app supports, Lamha must pr'; prerequisite packages WP-I2-007 supply the underlying schema/identity/journal it needs.",Metadata,I3,I3,REVIEWED,Pass 2 explicit membership review; rationale quoted from the corrected requirement statement.
CAN-LAM-EDGE-14,WP-I3-004,"WP-I3-004 is the architectural owner because its objective — Implement and verify the bounded path normalization and escape protection surface. — is the surface that must execute the obligation 'When canonical path resolution leaves the Authorized Path Set or forms a cycle, Lamha must'; prerequisite packages WP-I3-003 supply the underlying schema/identity/journal it needs.",Filesystem transactions and recovery,I3,I3,REVIEWED,Pass 2 explicit membership review; rationale quoted from the corrected requirement statement.
CAN-LAM-EDGE-15,WP-I3-002,"WP-I3-002 is the architectural owner because its objective — Implement and verify the bounded stable asset identity surface. — is the surface that must execute the obligation 'When the destination filesystem detects a case-folded, Unicode-normalized, reserved-name, '; prerequisite packages WP-I3-001 supply the underlying schema/identity/journal it needs.",Asset identity and records,I3,I3,REVIEWED,Pass 2 explicit membership review; rationale quoted from the corrected requirement statement.
CAN-LAM-EDGE-16,WP-I6-007,WP-I6-007 is the architectural owner because its objective — Implement and verify the bounded event naming and normalization surface. — is the surface that must execute the obligation 'When an embedded timestamp has no reliable offset/time-zone provenance or sources disagree'; prerequisite packages WP-I6-002 supply the underlying schema/identity/journal it needs.,Metadata,I6,I6,REVIEWED,Pass 2 explicit membership review; rationale quoted from the corrected requirement statement.
CAN-LAM-EDIT-001,WP-I11-009,"WP-I11-009 is the architectural owner because its objective — Implement and verify the bounded privacy export recipes surface. — is the surface that must execute the obligation 'When a privacy-clean export is requested, Lamha must produce an export that omits reviewed'; prerequisite packages WP-I11-003 supply the underlying schema/identity/journal it needs.",Editing,I11,I11,REVIEWED,Pass 2 explicit membership review; rationale quoted from the corrected requirement statement.
CAN-LAM-EDIT-003,WP-I5-017,"WP-I5-017 is the architectural owner because its objective — Apply viewer-originated mutations (bundle treat classification, tag editing, event assignment) through the reviewed authority and plan boundaries without modify — is the surface that must execute the obligation 'Tag editing in the viewer must persist the reviewed tag changes with provenance and reflec'; prerequisite packages WP-I11-001, WP-I3-006 supply the underlying schema/identity/journal it needs.",Asset viewer,I5,I5,REVIEWED,Pass 2 explicit membership review; rationale quoted from the corrected requirement statement.
CAN-LAM-EDIT-004,WP-I11-004,"WP-I11-004 is the architectural owner because its objective — Persist revisioned crop/rotate/color edit recipes and metadata mirrors, preview changes, preserve original media bytes, and only materialize edited copies throu — is the surface that must execute the obligation 'When the user applies a crop, Lamha must store a revisioned non-destructive crop recipe, s'; prerequisite packages WP-I3-001 supply the underlying schema/identity/journal it needs.",Editing,I11,I11,REVIEWED,Pass 2 explicit membership review; rationale quoted from the corrected requirement statement.
CAN-LAM-EDIT-005,WP-I11-004,"WP-I11-004 is the architectural owner because its objective — Persist revisioned crop/rotate/color edit recipes and metadata mirrors, preview changes, preserve original media bytes, and only materialize edited copies throu — is the surface that must execute the obligation 'When the user applies a rotation, Lamha must store a revisioned non-destructive rotation r'; prerequisite packages WP-I3-001 supply the underlying schema/identity/journal it needs.",Editing,I11,I11,REVIEWED,Pass 2 explicit membership review; rationale quoted from the corrected requirement statement.
CAN-LAM-EDIT-006,WP-I11-006,"WP-I11-006 is the architectural owner because its objective — Create new output copies for raw-data export and edited-copy export with provenance/derivative manifests while leaving original media and source records unchang — is the surface that must execute the obligation 'When the user exports an edited copy, Lamha must produce a new file from the revisioned re'; prerequisite packages WP-I3-012 supply the underlying schema/identity/journal it needs.",Editing,I11,I11,REVIEWED,Pass 2 explicit membership review; rationale quoted from the corrected requirement statement.
CAN-LAM-EDIT-007,WP-I1-005,"WP-I1-005 is the architectural owner because its objective — Inventory and persist licence, attribution, redistribution, model-provenance, and required legal-file obligations; block release until every required notice is  — is the surface that must execute the obligation 'The release bundle must include the reviewed privacy statement and the release gate must f'; prerequisite packages WP-I1-001 supply the underlying schema/identity/journal it needs.",Legal and rebranding,I1,I1,REVIEWED,Pass 2 explicit membership review; rationale quoted from the corrected requirement statement.
CAN-LAM-EDIT-013,WP-I11-009,WP-I11-009 is the architectural owner because its objective — Implement and verify the bounded privacy export recipes surface. — is the surface that must execute the obligation 'Privacy export must produce copies stripped of the reviewed private fields while leaving t'; prerequisite packages WP-I11-003 supply the underlying schema/identity/journal it needs.,Editing,I11,I11,REVIEWED,Pass 2 explicit membership review; rationale quoted from the corrected requirement statement.
CAN-LAM-EVENT-002,WP-I6-009,"WP-I6-009 is the architectural owner because its objective — Implement and verify the bounded event filesystem materialization plan surface. — is the surface that must execute the obligation 'When events are managed, Lamha must persist the reviewed event record with name, date auth'; prerequisite packages WP-I3-011, WP-I6-002 supply the underlying schema/identity/journal it needs.",Events and organization,I6,I6,REVIEWED,Pass 2 explicit membership review; rationale quoted from the corrected requirement statement.
CAN-LAM-EVENT-003,WP-I6-002,"WP-I6-002 is the architectural owner because its objective — Persist reviewed event types, parent/child membership, attendees, groups, tags, descriptions, covers, locations, schema validation, JSON/XMP alignment, and AI-d — is the surface that must execute the obligation 'When an event page is opened, Lamha must load the reviewed event record, members, and fold'; prerequisite packages WP-I3-001 supply the underlying schema/identity/journal it needs.",Events and organization,I6,I6,REVIEWED,Pass 2 explicit membership review; rationale quoted from the corrected requirement statement.
CAN-LAM-EVENT-004,WP-I3-001,"WP-I3-001 is the architectural owner because its objective — Implement and verify the bounded authoritative record envelope surface. — is the surface that must execute the obligation 'When event JSON is written, Lamha must persist a schema-valid event record with approved n'; prerequisite packages WP-I2-007 supply the underlying schema/identity/journal it needs.",Sidecars and metadata authority,I3,I3,REVIEWED,Pass 2 explicit membership review; rationale quoted from the corrected requirement statement.
CAN-LAM-EVENT-005,WP-I3-009,"WP-I3-009 is the architectural owner because its objective — Implement and verify the bounded derived-index rebuild contract surface. — is the surface that must execute the obligation 'When event XMP is written, Lamha must write the reviewed event fields into XMP and keep th'; prerequisite packages WP-I3-008 supply the underlying schema/identity/journal it needs.",Sidecars and metadata authority,I3,I3,REVIEWED,Pass 2 explicit membership review; rationale quoted from the corrected requirement statement.
CAN-LAM-EVENT-007,WP-I6-007,WP-I6-007 is the architectural owner because its objective — Implement and verify the bounded event naming and normalization surface. — is the surface that must execute the obligation 'The physical library must use normalized managed Event Folders with the reviewed naming ru'; prerequisite packages WP-I6-002 supply the underlying schema/identity/journal it needs.,Libraries and storage,I6,I6,REVIEWED,Pass 2 explicit membership review; rationale quoted from the corrected requirement statement.
CAN-LAM-EVENT-008,WP-I6-001,WP-I6-001 is the architectural owner because its objective — Implement and verify the bounded manage later non-mutating scan surface. — is the surface that must execute the obligation 'Manage Later intake must place newly discovered assets into the reviewed intake state with'; prerequisite packages WP-I4-001 supply the underlying schema/identity/journal it needs.,Events and organization,I6,I6,REVIEWED,Pass 2 explicit membership review; rationale quoted from the corrected requirement statement.
CAN-LAM-EVENT-009,WP-I6-008,WP-I6-008 is the architectural owner because its objective — Implement and verify the bounded date and location boundaries surface. — is the surface that must execute the obligation 'Event folder naming must use the approved event start date and must never derive the autho'; prerequisite packages WP-I6-002 supply the underlying schema/identity/journal it needs.,Libraries and storage,I6,I6,REVIEWED,Pass 2 explicit membership review; rationale quoted from the corrected requirement statement.
CAN-LAM-EVENT-011,WP-I3-001,WP-I3-001 is the architectural owner because its objective — Implement and verify the bounded authoritative record envelope surface. — is the surface that must execute the obligation 'Every event has exactly one authoritative event.json and adjacent event.xmp mirror. A norm'; prerequisite packages WP-I2-007 supply the underlying schema/identity/journal it needs.,Filesystem transactions and recovery,I3,I3,REVIEWED,Pass 2 explicit membership review; rationale quoted from the corrected requirement statement.
CAN-LAM-EVENT-012,WP-I6-003,WP-I6-003 is the architectural owner because its objective — Implement and verify the bounded manual event creation surface. — is the surface that must execute the obligation 'Manual event assignment must assign the selected assets to the chosen event and persist th'; prerequisite packages WP-I6-002 supply the underlying schema/identity/journal it needs.,Events and organization,I6,I6,REVIEWED,Pass 2 explicit membership review; rationale quoted from the corrected requirement statement.
CAN-LAM-EVENT-013,WP-I3-002,"WP-I3-002 is the architectural owner because its objective — Implement and verify the bounded stable asset identity surface. — is the surface that must execute the obligation 'When an asset is merged into an event, Lamha must record the reviewed membership and prese'; prerequisite packages WP-I3-001 supply the underlying schema/identity/journal it needs.",Asset identity and records,I3,I3,REVIEWED,Pass 2 explicit membership review; rationale quoted from the corrected requirement statement.
CAN-LAM-EVENT-014,WP-I3-002,"WP-I3-002 is the architectural owner because its objective — Implement and verify the bounded stable asset identity surface. — is the surface that must execute the obligation 'When an asset is split from an event, Lamha must preview the resulting membership and comm'; prerequisite packages WP-I3-001 supply the underlying schema/identity/journal it needs.",Asset identity and records,I3,I3,REVIEWED,Pass 2 explicit membership review; rationale quoted from the corrected requirement statement.
CAN-LAM-EVENT-015,WP-I5-002,"WP-I5-002 is the architectural owner because its objective — Navigate the timeline by date from local records, render event/folder browsing, mark missing-media and offline-drive states, and preserve prior position on load — is the surface that must execute the obligation 'Event browsing must load and display reviewed events from local records and must not creat'; prerequisite packages WP-I4-010 supply the underlying schema/identity/journal it needs.",Gallery and timeline,I5,I5,REVIEWED,Pass 2 explicit membership review; rationale quoted from the corrected requirement statement.
CAN-LAM-EVENT-016,WP-I5-017,"WP-I5-017 is the architectural owner because its objective — Apply viewer-originated mutations (bundle treat classification, tag editing, event assignment) through the reviewed authority and plan boundaries without modify — is the surface that must execute the obligation 'Event assignment in the viewer must persist the reviewed event membership without moving f'; prerequisite packages WP-I11-001, WP-I3-006 supply the underlying schema/identity/journal it needs.",Asset viewer,I5,I5,REVIEWED,Pass 2 explicit membership review; rationale quoted from the corrected requirement statement.
CAN-LAM-EVENT-017,WP-I5-013,"WP-I5-013 is the architectural owner because its objective — Load and display review items, assets, events, people, and provenance without mutating authoritative state; opening an item never changes its state. — is the surface that must execute the obligation 'Open in event must navigate to the asset's reviewed event without creating or updating an '; prerequisite packages WP-I3-002, WP-I5-010, WP-I6-002, WP-I7-004 supply the underlying schema/identity/journal it needs.",Asset viewer,I5,I5,REVIEWED,Pass 2 explicit membership review; rationale quoted from the corrected requirement statement.
CAN-LAM-EVENT-018,WP-I6-002,"WP-I6-002 is the architectural owner because its objective — Persist reviewed event types, parent/child membership, attendees, groups, tags, descriptions, covers, locations, schema validation, JSON/XMP alignment, and AI-d — is the surface that must execute the obligation 'One-day events must be created with a single approved date and the reviewed folder naming.'; prerequisite packages WP-I3-001 supply the underlying schema/identity/journal it needs.",Events and organization,I6,I6,REVIEWED,Pass 2 explicit membership review; rationale quoted from the corrected requirement statement.
CAN-LAM-EVENT-019,WP-I6-002,"WP-I6-002 is the architectural owner because its objective — Persist reviewed event types, parent/child membership, attendees, groups, tags, descriptions, covers, locations, schema validation, JSON/XMP alignment, and AI-d — is the surface that must execute the obligation 'Multi-day events must be created with the approved start date and must not be split automa'; prerequisite packages WP-I3-001 supply the underlying schema/identity/journal it needs.",Events and organization,I6,I6,REVIEWED,Pass 2 explicit membership review; rationale quoted from the corrected requirement statement.
CAN-LAM-EVENT-020,WP-I6-008,WP-I6-008 is the architectural owner because its objective — Implement and verify the bounded date and location boundaries surface. — is the surface that must execute the obligation 'Events continuing after midnight must remain unified under the approved start date and mus'; prerequisite packages WP-I6-002 supply the underlying schema/identity/journal it needs.,Events and organization,I6,I6,REVIEWED,Pass 2 explicit membership review; rationale quoted from the corrected requirement statement.
CAN-LAM-EVENT-021,WP-I6-008,WP-I6-008 is the architectural owner because its objective — Implement and verify the bounded date and location boundaries surface. — is the surface that must execute the obligation 'Events with no known date must use the Unknown Date layout and must not invent a calendar '; prerequisite packages WP-I6-002 supply the underlying schema/identity/journal it needs.,Events and organization,I6,I6,REVIEWED,Pass 2 explicit membership review; rationale quoted from the corrected requirement statement.
CAN-LAM-EVENT-022,WP-I6-008,WP-I6-008 is the architectural owner because its objective — Implement and verify the bounded date and location boundaries surface. — is the surface that must execute the obligation 'Events with multiple locations must store the reviewed location set and remain unified.'; prerequisite packages WP-I6-002 supply the underlying schema/identity/journal it needs.,Events and organization,I6,I6,REVIEWED,Pass 2 explicit membership review; rationale quoted from the corrected requirement statement.
CAN-LAM-EVENT-023,WP-I6-002,"WP-I6-002 is the architectural owner because its objective — Persist reviewed event types, parent/child membership, attendees, groups, tags, descriptions, covers, locations, schema validation, JSON/XMP alignment, and AI-d — is the surface that must execute the obligation 'Events with one primary folder must record the primary folder and use it as the materializ'; prerequisite packages WP-I3-001 supply the underlying schema/identity/journal it needs.",Events and organization,I6,I6,REVIEWED,Pass 2 explicit membership review; rationale quoted from the corrected requirement statement.
CAN-LAM-EVENT-024,WP-I6-006,WP-I6-006 is the architectural owner because its objective — Implement and verify the bounded event split and link plans surface. — is the surface that must execute the obligation 'Events linked to several folders must record the reviewed folder set and keep linked folde'; prerequisite packages WP-I6-002 supply the underlying schema/identity/journal it needs.,Events and organization,I6,I6,REVIEWED,Pass 2 explicit membership review; rationale quoted from the corrected requirement statement.
CAN-LAM-EVENT-025,WP-I6-002,"WP-I6-002 is the architectural owner because its objective — Persist reviewed event types, parent/child membership, attendees, groups, tags, descriptions, covers, locations, schema validation, JSON/XMP alignment, and AI-d — is the surface that must execute the obligation 'Parent events must support child-event membership and preserve it in projections.'; prerequisite packages WP-I3-001 supply the underlying schema/identity/journal it needs.",Events and organization,I6,I6,REVIEWED,Pass 2 explicit membership review; rationale quoted from the corrected requirement statement.
CAN-LAM-EVENT-026,WP-I6-002,"WP-I6-002 is the architectural owner because its objective — Persist reviewed event types, parent/child membership, attendees, groups, tags, descriptions, covers, locations, schema validation, JSON/XMP alignment, and AI-d — is the surface that must execute the obligation 'Child events must record their parent membership and remain independently editable.'; prerequisite packages WP-I3-001 supply the underlying schema/identity/journal it needs.",Events and organization,I6,I6,REVIEWED,Pass 2 explicit membership review; rationale quoted from the corrected requirement statement.
CAN-LAM-EVENT-028,WP-I6-002,"WP-I6-002 is the architectural owner because its objective — Persist reviewed event types, parent/child membership, attendees, groups, tags, descriptions, covers, locations, schema validation, JSON/XMP alignment, and AI-d — is the surface that must execute the obligation 'Trips containing optional child events must allow optional membership and preserve it in p'; prerequisite packages WP-I3-001 supply the underlying schema/identity/journal it needs.",Events and organization,I6,I6,REVIEWED,Pass 2 explicit membership review; rationale quoted from the corrected requirement statement.
CAN-LAM-EVENT-029,WP-I6-002,"WP-I6-002 is the architectural owner because its objective — Persist reviewed event types, parent/child membership, attendees, groups, tags, descriptions, covers, locations, schema validation, JSON/XMP alignment, and AI-d — is the surface that must execute the obligation 'Event cover images must store the reviewed cover reference and display it in event views.'; prerequisite packages WP-I3-001 supply the underlying schema/identity/journal it needs.",Events and organization,I6,I6,REVIEWED,Pass 2 explicit membership review; rationale quoted from the corrected requirement statement.
CAN-LAM-EVENT-030,WP-I6-002,"WP-I6-002 is the architectural owner because its objective — Persist reviewed event types, parent/child membership, attendees, groups, tags, descriptions, covers, locations, schema validation, JSON/XMP alignment, and AI-d — is the surface that must execute the obligation 'Event descriptions must store the reviewed description text and display it in event views.'; prerequisite packages WP-I3-001 supply the underlying schema/identity/journal it needs.",Events and organization,I6,I6,REVIEWED,Pass 2 explicit membership review; rationale quoted from the corrected requirement statement.
CAN-LAM-EVENT-031,WP-I6-002,"WP-I6-002 is the architectural owner because its objective — Persist reviewed event types, parent/child membership, attendees, groups, tags, descriptions, covers, locations, schema validation, JSON/XMP alignment, and AI-d — is the surface that must execute the obligation 'Event tags must persist the reviewed namespaced tags and reflect them in tag projections.'; prerequisite packages WP-I3-001 supply the underlying schema/identity/journal it needs.",Events and organization,I6,I6,REVIEWED,Pass 2 explicit membership review; rationale quoted from the corrected requirement statement.
CAN-LAM-EVENT-032,WP-I6-002,"WP-I6-002 is the architectural owner because its objective — Persist reviewed event types, parent/child membership, attendees, groups, tags, descriptions, covers, locations, schema validation, JSON/XMP alignment, and AI-d — is the surface that must execute the obligation 'Event attendees must store the reviewed people set and reflect it in event and person proj'; prerequisite packages WP-I3-001 supply the underlying schema/identity/journal it needs.",Events and organization,I6,I6,REVIEWED,Pass 2 explicit membership review; rationale quoted from the corrected requirement statement.
CAN-LAM-EVENT-033,WP-I6-002,"WP-I6-002 is the architectural owner because its objective — Persist reviewed event types, parent/child membership, attendees, groups, tags, descriptions, covers, locations, schema validation, JSON/XMP alignment, and AI-d — is the surface that must execute the obligation 'Event group presence must store the reviewed groups attending an event and reflect them in'; prerequisite packages WP-I3-001 supply the underlying schema/identity/journal it needs.",Events and organization,I6,I6,REVIEWED,Pass 2 explicit membership review; rationale quoted from the corrected requirement statement.
CAN-LAM-EVENT-034,WP-I6-002,"WP-I6-002 is the architectural owner because its objective — Persist reviewed event types, parent/child membership, attendees, groups, tags, descriptions, covers, locations, schema validation, JSON/XMP alignment, and AI-d — is the surface that must execute the obligation 'Event relationship composition must derive from reviewed relationship rules and show its s'; prerequisite packages WP-I3-001 supply the underlying schema/identity/journal it needs.",Events and organization,I6,I6,REVIEWED,Pass 2 explicit membership review; rationale quoted from the corrected requirement statement.
CAN-LAM-EVENT-041,WP-I7-007,"WP-I7-007 is the architectural owner because its objective — Implement and verify the bounded group identity model surface. — is the surface that must execute the obligation 'Old events show the current canonical name by default, while History may display the name '; prerequisite packages WP-I7-004 supply the underlying schema/identity/journal it needs.",People and faces,I7,I7,REVIEWED,Pass 2 explicit membership review; rationale quoted from the corrected requirement statement.
CAN-LAM-EVENT-044,WP-I6-006,"WP-I6-006 is the architectural owner because its objective — Implement and verify the bounded event split and link plans surface. — is the surface that must execute the obligation 'When the user links events, Lamha must persist the reviewed event relationship with proven'; prerequisite packages WP-I6-002 supply the underlying schema/identity/journal it needs.",Events and organization,I6,I6,REVIEWED,Pass 2 explicit membership review; rationale quoted from the corrected requirement statement.
CAN-LAM-EVENT-045,WP-I6-009,"WP-I6-009 is the architectural owner because its objective — Implement and verify the bounded event filesystem materialization plan surface. — is the surface that must execute the obligation 'When the user makes a folder the primary event folder, Lamha must record the primary-folde'; prerequisite packages WP-I3-011, WP-I6-002 supply the underlying schema/identity/journal it needs.",Libraries and storage,I6,I6,REVIEWED,Pass 2 explicit membership review; rationale quoted from the corrected requirement statement.
CAN-LAM-EVENT-052,WP-I5-007,WP-I5-007 is the architectural owner because its objective — Implement and verify the bounded memories experience surface. — is the surface that must execute the obligation 'Event memories must derive assets from reviewed event membership and omit unavailable asse'; prerequisite packages WP-I4-010 supply the underlying schema/identity/journal it needs.,Memories,I5,I5,REVIEWED,Pass 2 explicit membership review; rationale quoted from the corrected requirement statement.
CAN-LAM-EVENT-053,WP-I6-008,"WP-I6-008 is the architectural owner because its objective — Implement and verify the bounded date and location boundaries surface. — is the surface that must execute the obligation 'When an event location is shown on the map, Lamha must derive it from the reviewed event l'; prerequisite packages WP-I6-002 supply the underlying schema/identity/journal it needs.",Map and location,I6,I6,REVIEWED,Pass 2 explicit membership review; rationale quoted from the corrected requirement statement.
CAN-LAM-EVENT-054,WP-I6-008,"WP-I6-008 is the architectural owner because its objective — Implement and verify the bounded date and location boundaries surface. — is the surface that must execute the obligation 'When an event has multiple locations, Lamha must display the full reviewed location set on'; prerequisite packages WP-I6-002 supply the underlying schema/identity/journal it needs.",Map and location,I6,I6,REVIEWED,Pass 2 explicit membership review; rationale quoted from the corrected requirement statement.
CAN-LAM-EVENT-055,WP-I10-011,"WP-I10-011 is the architectural owner because its objective — Detect exact and similar duplicates, compare resolution/format/size/album/tag/event/metadata evidence, produce reviewable candidates, support burst grouping, si — is the surface that must execute the obligation 'When duplicate analysis compares event membership, Lamha must record the reviewed event co'; prerequisite packages WP-I3-002 supply the underlying schema/identity/journal it needs.",Duplicates,I10,I10,REVIEWED,Pass 2 explicit membership review; rationale quoted from the corrected requirement statement.
CAN-LAM-EVENT-056,WP-I5-013,"WP-I5-013 is the architectural owner because its objective — Load and display review items, assets, events, people, and provenance without mutating authoritative state; opening an item never changes its state. — is the surface that must execute the obligation 'When Open event is invoked, Lamha must load and display the reviewed event record, members'; prerequisite packages WP-I3-002, WP-I5-010, WP-I6-002, WP-I7-004 supply the underlying schema/identity/journal it needs.",Events and organization,I5,I5,REVIEWED,Pass 2 explicit membership review; rationale quoted from the corrected requirement statement.
CAN-LAM-EVENT-057,WP-I6-009,"WP-I6-009 is the architectural owner because its objective — Implement and verify the bounded event filesystem materialization plan surface. — is the surface that must execute the obligation 'When an event folder is renamed, Lamha must rename the folder and its managed records toge'; prerequisite packages WP-I3-011, WP-I6-002 supply the underlying schema/identity/journal it needs.",Events and organization,I6,I6,REVIEWED,Pass 2 explicit membership review; rationale quoted from the corrected requirement statement.
CAN-LAM-EVENT-058,WP-I6-009,"WP-I6-009 is the architectural owner because its objective — Implement and verify the bounded event filesystem materialization plan surface. — is the surface that must execute the obligation 'When an event folder is moved, Lamha must move the folder and its managed records together'; prerequisite packages WP-I3-011, WP-I6-002 supply the underlying schema/identity/journal it needs.",Events and organization,I6,I6,REVIEWED,Pass 2 explicit membership review; rationale quoted from the corrected requirement statement.
CAN-LAM-EVENT-059,WP-I6-006,"WP-I6-006 is the architectural owner because its objective — Implement and verify the bounded event split and link plans surface. — is the surface that must execute the obligation 'When an event is split, Lamha must preview the resulting events and membership and commit '; prerequisite packages WP-I6-002 supply the underlying schema/identity/journal it needs.",Events and organization,I6,I6,REVIEWED,Pass 2 explicit membership review; rationale quoted from the corrected requirement statement.
CAN-LAM-EVENT-060,WP-I4-002,"WP-I4-002 is the architectural owner because its objective — Implement and verify the bounded incremental scan and watcher reconciliation surface. — is the surface that must execute the obligation 'When consistency detection compares the event folder with the event node, Lamha must repor'; prerequisite packages WP-I4-001 supply the underlying schema/identity/journal it needs.",Media ingestion and derivation,I4,I4,REVIEWED,Pass 2 explicit membership review; rationale quoted from the corrected requirement statement.
CAN-LAM-EVENT-061,WP-I6-002,"WP-I6-002 is the architectural owner because its objective — Persist reviewed event types, parent/child membership, attendees, groups, tags, descriptions, covers, locations, schema validation, JSON/XMP alignment, and AI-d — is the surface that must execute the obligation 'When the user requests AI data deletion for one event, Lamha must delete that event's AI-d'; prerequisite packages WP-I3-001 supply the underlying schema/identity/journal it needs.",Metadata,I6,I6,REVIEWED,Pass 2 explicit membership review; rationale quoted from the corrected requirement statement.
CAN-LAM-EVENT-062,WP-I13-006,"WP-I13-006 is the architectural owner because its objective — Move complete asset bundles into a reversible trash state through reviewed plans, preserve event/tag references and original paths, and require explicit confirm — is the surface that must execute the obligation 'When an asset is trashed, Lamha must preserve its event and tag references so restore retu'; prerequisite packages WP-I3-010, WP-I3-011, WP-I3-012 supply the underlying schema/identity/journal it needs.","Backup, trash, restore and rebuild",I13,I13,REVIEWED,Pass 2 explicit membership review; rationale quoted from the corrected requirement statement.
CAN-LAM-EVENT-063,WP-I13-011,WP-I13-011 is the architectural owner because its objective — Implement and verify the bounded backup restore rebuild disaster drill surface. — is the surface that must execute the obligation 'The final Lamha runtime must not retain deleting an event record remains separate from del'; prerequisite packages WP-I3-009 supply the underlying schema/identity/journal it needs.,"Backup, trash, restore and rebuild",I13,I13,REVIEWED,Pass 2 explicit membership review; rationale quoted from the corrected requirement statement.
CAN-LAM-EVENT-077,WP-I6-001,WP-I6-001 is the architectural owner because its objective — Implement and verify the bounded manage later non-mutating scan surface. — is the surface that must execute the obligation 'Manage Later must keep unreviewed assets in a reviewed intake state without moving media u'; prerequisite packages WP-I4-001 supply the underlying schema/identity/journal it needs.,Events and organization,I6,I6,REVIEWED,Pass 2 explicit membership review; rationale quoted from the corrected requirement statement.
CAN-LAM-EVENT-078,WP-I6-002,"WP-I6-002 is the architectural owner because its objective — Persist reviewed event types, parent/child membership, attendees, groups, tags, descriptions, covers, locations, schema validation, JSON/XMP alignment, and AI-d — is the surface that must execute the obligation 'The event schema must define the reviewed event fields and validation must reject records '; prerequisite packages WP-I3-001 supply the underlying schema/identity/journal it needs.",Events and organization,I6,I6,REVIEWED,Pass 2 explicit membership review; rationale quoted from the corrected requirement statement.
CAN-LAM-EVENT-079,WP-I6-003,WP-I6-003 is the architectural owner because its objective — Implement and verify the bounded manual event creation surface. — is the surface that must execute the obligation 'The manual event builder must create events from reviewed inputs with preview and approval'; prerequisite packages WP-I6-002 supply the underlying schema/identity/journal it needs.,Events and organization,I6,I6,REVIEWED,Pass 2 explicit membership review; rationale quoted from the corrected requirement statement.
CAN-LAM-EVENT-080,WP-I6-002,"WP-I6-002 is the architectural owner because its objective — Persist reviewed event types, parent/child membership, attendees, groups, tags, descriptions, covers, locations, schema validation, JSON/XMP alignment, and AI-d — is the surface that must execute the obligation 'Event JSON/XMP must persist the reviewed event fields and keep both representations aligne'; prerequisite packages WP-I3-001 supply the underlying schema/identity/journal it needs.",Events and organization,I6,I6,REVIEWED,Pass 2 explicit membership review; rationale quoted from the corrected requirement statement.
CAN-LAM-EVENT-083,WP-I9-004,WP-I9-004 is the architectural owner because its objective — Implement and verify the bounded event mind map surface. — is the surface that must execute the obligation 'The folder/event map must derive from canonical folder and event records and show its sour'; prerequisite packages WP-I9-001 supply the underlying schema/identity/journal it needs.,Mind-map projections,I9,I9,REVIEWED,Pass 2 explicit membership review; rationale quoted from the corrected requirement statement.
CAN-LAM-EVENT-084,WP-I9-001,WP-I9-001 is the architectural owner because its objective — Implement and verify the bounded canonical knowledge-graph projection surface. — is the surface that must execute the obligation 'Event context links must navigate to the reviewed event context without changing records.'; prerequisite packages WP-I8-004 supply the underlying schema/identity/journal it needs.,Mind-map projections,I9,I9,REVIEWED,Pass 2 explicit membership review; rationale quoted from the corrected requirement statement.
CAN-LAM-EVENT-085,WP-I13-011,"WP-I13-011 is the architectural owner because its objective — Implement and verify the bounded backup restore rebuild disaster drill surface. — is the surface that must execute the obligation 'Event backups must include event records, membership, folders, and sidecars and verify the'; prerequisite packages WP-I3-009 supply the underlying schema/identity/journal it needs.","Backup, trash, restore and rebuild",I13,I13,REVIEWED,Pass 2 explicit membership review; rationale quoted from the corrected requirement statement.
CAN-LAM-FOLDER-001,WP-I6-004,"WP-I6-004 is the architectural owner because its objective — Implement and verify the bounded event inference proposals surface. — is the surface that must execute the obligation 'When a user approves event materialization in a writable Library Root, Lamha must create e'; prerequisite packages WP-I4-010, WP-I6-002 supply the underlying schema/identity/journal it needs.",Libraries and storage,I6,I6,REVIEWED,Pass 2 explicit membership review; rationale quoted from the corrected requirement statement.
CAN-LAM-FOLDER-003,WP-I4-010,"WP-I4-010 is the architectural owner because its objective — Implement and verify the bounded asset and path index surface. — is the surface that must execute the obligation 'When a configured Library Root resides on an internal drive, Lamha must scan and index the'; prerequisite packages WP-I3-008 supply the underlying schema/identity/journal it needs.",Libraries and storage,I4,I4,REVIEWED,Pass 2 explicit membership review; rationale quoted from the corrected requirement statement.
CAN-LAM-FOLDER-004,WP-I12-006,"WP-I12-006 is the architectural owner because its objective — Implement and verify the bounded root and asset relinking surface. — is the surface that must execute the obligation 'When an external drive is registered as a Library Root and connected, Lamha must scan and '; prerequisite packages WP-I12-001 supply the underlying schema/identity/journal it needs.",External drives and path resilience,I12,I12,REVIEWED,Pass 2 explicit membership review; rationale quoted from the corrected requirement statement.
CAN-LAM-FOLDER-006,WP-I4-010,"WP-I4-010 is the architectural owner because its objective — Implement and verify the bounded asset and path index surface. — is the surface that must execute the obligation 'When folder management runs, Lamha must preview planned create, rename, move, and merge op'; prerequisite packages WP-I3-008 supply the underlying schema/identity/journal it needs.",Libraries and storage,I4,I4,REVIEWED,Pass 2 explicit membership review; rationale quoted from the corrected requirement statement.
CAN-LAM-FOLDER-007,WP-I6-009,"WP-I6-009 is the architectural owner because its objective — Implement and verify the bounded event filesystem materialization plan surface. — is the surface that must execute the obligation 'Before folder materialization is committed, Lamha must preview the folders to create and t'; prerequisite packages WP-I3-011, WP-I6-002 supply the underlying schema/identity/journal it needs.",Events and organization,I6,I6,REVIEWED,Pass 2 explicit membership review; rationale quoted from the corrected requirement statement.
CAN-LAM-FOLDER-008,WP-I6-006,WP-I6-006 is the architectural owner because its objective — Implement and verify the bounded event split and link plans surface. — is the surface that must execute the obligation 'Linked Folders must be indexed in place and must never be moved or renamed by automated or'; prerequisite packages WP-I6-002 supply the underlying schema/identity/journal it needs.,Events and organization,I6,I6,REVIEWED,Pass 2 explicit membership review; rationale quoted from the corrected requirement statement.
CAN-LAM-FOLDER-009,WP-I6-001,WP-I6-001 is the architectural owner because its objective — Implement and verify the bounded manage later non-mutating scan surface. — is the surface that must execute the obligation 'Existing-folder intake must link or adopt the selected existing folder without moving its '; prerequisite packages WP-I4-001 supply the underlying schema/identity/journal it needs.,Events and organization,I6,I6,REVIEWED,Pass 2 explicit membership review; rationale quoted from the corrected requirement statement.
CAN-LAM-FOLDER-010,WP-I6-001,WP-I6-001 is the architectural owner because its objective — Implement and verify the bounded manage later non-mutating scan surface. — is the surface that must execute the obligation 'Folder previews in Manage Later must show the proposed folder changes and require approval'; prerequisite packages WP-I4-001 supply the underlying schema/identity/journal it needs.,Events and organization,I6,I6,REVIEWED,Pass 2 explicit membership review; rationale quoted from the corrected requirement statement.
CAN-LAM-FOLDER-011,WP-I3-012,"WP-I3-012 is the architectural owner because its objective — Implement and verify the bounded prepare and stage transaction surface. — is the surface that must execute the obligation 'Cross-drive staging may temporarily copy all three files, but commit occurs only after has'; prerequisite packages WP-I3-004, WP-I3-011 supply the underlying schema/identity/journal it needs.",Asset identity and records,I3,I3,REVIEWED,Pass 2 explicit membership review; rationale quoted from the corrected requirement statement.
CAN-LAM-FOLDER-012,WP-I5-002,"WP-I5-002 is the architectural owner because its objective — Navigate the timeline by date from local records, render event/folder browsing, mark missing-media and offline-drive states, and preserve prior position on load — is the surface that must execute the obligation 'Folder browsing must load and display folders from local records and must not authorize ro'; prerequisite packages WP-I4-010 supply the underlying schema/identity/journal it needs.",Gallery and timeline,I5,I5,REVIEWED,Pass 2 explicit membership review; rationale quoted from the corrected requirement statement.
CAN-LAM-FOLDER-013,WP-I5-002,"WP-I5-002 is the architectural owner because its objective — Navigate the timeline by date from local records, render event/folder browsing, mark missing-media and offline-drive states, and preserve prior position on load — is the surface that must execute the obligation 'Offline-drive indicators must mark assets on detached roots and keep their records and ove'; prerequisite packages WP-I4-010 supply the underlying schema/identity/journal it needs.",Gallery and timeline,I5,I5,REVIEWED,Pass 2 explicit membership review; rationale quoted from the corrected requirement statement.
CAN-LAM-FOLDER-014,WP-I5-015,"WP-I5-015 is the architectural owner because its objective — Reveal physical paths in the OS file manager or open folders in the UI without moving files, authorizing roots, or mutating state. — is the surface that must execute the obligation 'Open in filesystem must reveal the asset's physical path in the OS file manager without mo'; prerequisite packages WP-I3-003, WP-I4-010 supply the underlying schema/identity/journal it needs.",Libraries and storage,I5,I5,REVIEWED,Pass 2 explicit membership review; rationale quoted from the corrected requirement statement.
CAN-LAM-FOLDER-015,WP-I4-001,"WP-I4-001 is the architectural owner because its objective — Implement and verify the bounded initial recursive scanner surface. — is the surface that must execute the obligation 'Selecting one or more library roots must record explicit user authorization and limit scan'; prerequisite packages WP-I3-002, WP-I3-003, WP-I3-008 supply the underlying schema/identity/journal it needs.",Media ingestion and derivation,I4,I4,REVIEWED,Pass 2 explicit membership review; rationale quoted from the corrected requirement statement.
CAN-LAM-FOLDER-016,WP-I4-001,"WP-I4-001 is the architectural owner because its objective — Implement and verify the bounded initial recursive scanner surface. — is the surface that must execute the obligation 'Existing folder recognition must identify previously indexed folders at their current path'; prerequisite packages WP-I3-002, WP-I3-003, WP-I3-008 supply the underlying schema/identity/journal it needs.",Media ingestion and derivation,I4,I4,REVIEWED,Pass 2 explicit membership review; rationale quoted from the corrected requirement statement.
CAN-LAM-FOLDER-017,WP-I4-001,"WP-I4-001 is the architectural owner because its objective — Implement and verify the bounded initial recursive scanner surface. — is the surface that must execute the obligation 'Lamha must support external drives as Library Roots with durable drive identity, detached '; prerequisite packages WP-I3-002, WP-I3-003, WP-I3-008 supply the underlying schema/identity/journal it needs.",Media ingestion and derivation,I4,I4,REVIEWED,Pass 2 explicit membership review; rationale quoted from the corrected requirement statement.
CAN-LAM-FOLDER-018,WP-I6-009,"WP-I6-009 is the architectural owner because its objective — Implement and verify the bounded event filesystem materialization plan surface. — is the surface that must execute the obligation 'Physically merged folders must be represented as one managed folder with all member assets'; prerequisite packages WP-I3-011, WP-I6-002 supply the underlying schema/identity/journal it needs.",Events and organization,I6,I6,REVIEWED,Pass 2 explicit membership review; rationale quoted from the corrected requirement statement.
CAN-LAM-FOLDER-019,WP-I6-006,WP-I6-006 is the architectural owner because its objective — Implement and verify the bounded event split and link plans surface. — is the surface that must execute the obligation 'Logically linked folders must record the link without moving contents and must remain immo'; prerequisite packages WP-I6-002 supply the underlying schema/identity/journal it needs.,Events and organization,I6,I6,REVIEWED,Pass 2 explicit membership review; rationale quoted from the corrected requirement statement.
CAN-LAM-FOLDER-020,WP-I6-006,WP-I6-006 is the architectural owner because its objective — Implement and verify the bounded event split and link plans surface. — is the surface that must execute the obligation 'Split folders must preview the resulting folder set and commit only after approval while p'; prerequisite packages WP-I6-002 supply the underlying schema/identity/journal it needs.,Events and organization,I6,I6,REVIEWED,Pass 2 explicit membership review; rationale quoted from the corrected requirement statement.
CAN-LAM-FOLDER-023,WP-I4-010,"WP-I4-010 is the architectural owner because its objective — Implement and verify the bounded asset and path index surface. — is the surface that must execute the obligation 'When the user links an existing folder as an event folder, Lamha must record the link with'; prerequisite packages WP-I3-008 supply the underlying schema/identity/journal it needs.",Libraries and storage,I4,I4,REVIEWED,Pass 2 explicit membership review; rationale quoted from the corrected requirement statement.
CAN-LAM-FOLDER-024,WP-I4-010,"WP-I4-010 is the architectural owner because its objective — Implement and verify the bounded asset and path index surface. — is the surface that must execute the obligation 'When an approved operation plan lists folders to create, Lamha must create exactly the lis'; prerequisite packages WP-I3-008 supply the underlying schema/identity/journal it needs.",Libraries and storage,I4,I4,REVIEWED,Pass 2 explicit membership review; rationale quoted from the corrected requirement statement.
CAN-LAM-FOLDER-025,WP-I6-009,"WP-I6-009 is the architectural owner because its objective — Implement and verify the bounded event filesystem materialization plan surface. — is the surface that must execute the obligation 'When an approved operation plan lists folders to rename, Lamha must rename exactly the lis'; prerequisite packages WP-I3-011, WP-I6-002 supply the underlying schema/identity/journal it needs.",Events and organization,I6,I6,REVIEWED,Pass 2 explicit membership review; rationale quoted from the corrected requirement statement.
CAN-LAM-FOLDER-026,WP-I4-010,"WP-I4-010 is the architectural owner because its objective — Implement and verify the bounded asset and path index surface. — is the surface that must execute the obligation 'When an approved operation plan lists folders to move, Lamha must move exactly the listed '; prerequisite packages WP-I3-008 supply the underlying schema/identity/journal it needs.",Libraries and storage,I4,I4,REVIEWED,Pass 2 explicit membership review; rationale quoted from the corrected requirement statement.
CAN-LAM-FOLDER-027,WP-I4-010,"WP-I4-010 is the architectural owner because its objective — Implement and verify the bounded asset and path index surface. — is the surface that must execute the obligation 'When an operation plan references offline drives, Lamha must mark those drives offline, ke'; prerequisite packages WP-I3-008 supply the underlying schema/identity/journal it needs.",Libraries and storage,I4,I4,REVIEWED,Pass 2 explicit membership review; rationale quoted from the corrected requirement statement.
CAN-LAM-FOLDER-032,WP-I5-015,"WP-I5-015 is the architectural owner because its objective — Reveal physical paths in the OS file manager or open folders in the UI without moving files, authorizing roots, or mutating state. — is the surface that must execute the obligation 'When Open in folder is invoked, Lamha must reveal the asset's physical path in the operati'; prerequisite packages WP-I3-003, WP-I4-010 supply the underlying schema/identity/journal it needs.",Libraries and storage,I5,I5,REVIEWED,Pass 2 explicit membership review; rationale quoted from the corrected requirement statement.
CAN-LAM-FOLDER-034,WP-I5-007,WP-I5-007 is the architectural owner because its objective — Implement and verify the bounded memories experience surface. — is the surface that must execute the obligation 'Folder and tag exclusions must exclude the reviewed folders and tags from memories.'; prerequisite packages WP-I4-010 supply the underlying schema/identity/journal it needs.,Tags,I5,I5,REVIEWED,Pass 2 explicit membership review; rationale quoted from the corrected requirement statement.
CAN-LAM-FOLDER-035,WP-I5-015,"WP-I5-015 is the architectural owner because its objective — Reveal physical paths in the OS file manager or open folders in the UI without moving files, authorizing roots, or mutating state. — is the surface that must execute the obligation 'When Open folder is invoked, Lamha must open the folder in the UI or reveal its path in th'; prerequisite packages WP-I3-003, WP-I4-010 supply the underlying schema/identity/journal it needs.",Libraries and storage,I5,I5,REVIEWED,Pass 2 explicit membership review; rationale quoted from the corrected requirement statement.
CAN-LAM-FOLDER-036,WP-I3-011,"WP-I3-011 is the architectural owner because its objective — Implement and verify the bounded file-operation plan contract surface. — is the surface that must execute the obligation 'When folders are merged, Lamha must preview the merged membership and commit only after ap'; prerequisite packages WP-I3-002, WP-I3-003 supply the underlying schema/identity/journal it needs.",Filesystem transactions and recovery,I3,I3,REVIEWED,Pass 2 explicit membership review; rationale quoted from the corrected requirement statement.
CAN-LAM-FOLDER-037,WP-I3-011,"WP-I3-011 is the architectural owner because its objective — Implement and verify the bounded file-operation plan contract surface. — is the surface that must execute the obligation 'When folders are linked, Lamha must record the link without moving or renaming the linked '; prerequisite packages WP-I3-002, WP-I3-003 supply the underlying schema/identity/journal it needs.",Filesystem transactions and recovery,I3,I3,REVIEWED,Pass 2 explicit membership review; rationale quoted from the corrected requirement statement.
CAN-LAM-FOLDER-038,WP-I6-009,"WP-I6-009 is the architectural owner because its objective — Implement and verify the bounded event filesystem materialization plan surface. — is the surface that must execute the obligation 'When folder-map materialization runs, Lamha must preview the folders to create and commit '; prerequisite packages WP-I3-011, WP-I6-002 supply the underlying schema/identity/journal it needs.",Events and organization,I6,I6,REVIEWED,Pass 2 explicit membership review; rationale quoted from the corrected requirement statement.
CAN-LAM-FOLDER-039,WP-I3-016,"WP-I3-016 is the architectural owner because its objective — Implement and verify the bounded settings root and drive registries surface. — is the surface that must execute the obligation 'Cross-drive file operations must use copy, flush, checksum verification, and a journaled s'; prerequisite packages WP-I3-003 supply the underlying schema/identity/journal it needs.",Filesystem transactions and recovery,I3,I3,REVIEWED,Pass 2 explicit membership review; rationale quoted from the corrected requirement statement.
CAN-LAM-FOLDER-040,WP-I3-011,"WP-I3-011 is the architectural owner because its objective — Implement and verify the bounded file-operation plan contract surface. — is the surface that must execute the obligation 'When manual filesystem changes are detected, Lamha must reconcile the derived index agains'; prerequisite packages WP-I3-002, WP-I3-003 supply the underlying schema/identity/journal it needs.",Filesystem transactions and recovery,I3,I3,REVIEWED,Pass 2 explicit membership review; rationale quoted from the corrected requirement statement.
CAN-LAM-FOLDER-041,WP-I5-015,"WP-I5-015 is the architectural owner because its objective — Reveal physical paths in the OS file manager or open folders in the UI without moving files, authorizing roots, or mutating state. — is the surface that must execute the obligation 'When Show in folder is invoked, Lamha must reveal the asset's physical path in the OS file'; prerequisite packages WP-I3-003, WP-I4-010 supply the underlying schema/identity/journal it needs.",Libraries and storage,I5,I5,REVIEWED,Pass 2 explicit membership review; rationale quoted from the corrected requirement statement.
CAN-LAM-FOLDER-042,WP-I4-006,"WP-I4-006 is the architectural owner because its objective — Implement and verify the bounded companion-media detection surface. — is the surface that must execute the obligation 'When consistency detection compares the folder year with the normalized date, Lamha must r'; prerequisite packages WP-I3-002, WP-I4-003 supply the underlying schema/identity/journal it needs.",Media ingestion and derivation,I4,I4,REVIEWED,Pass 2 explicit membership review; rationale quoted from the corrected requirement statement.
CAN-LAM-FOLDER-043,WP-I4-001,"WP-I4-001 is the architectural owner because its objective — Implement and verify the bounded initial recursive scanner surface. — is the surface that must execute the obligation 'Library roots must be user-authorized and scans and writes must be limited to the authoriz'; prerequisite packages WP-I3-002, WP-I3-003, WP-I3-008 supply the underlying schema/identity/journal it needs.",Libraries and storage,I4,I4,REVIEWED,Pass 2 explicit membership review; rationale quoted from the corrected requirement statement.
CAN-LAM-FOLDER-045,WP-I13-006,"WP-I13-006 is the architectural owner because its objective — Move complete asset bundles into a reversible trash state through reviewed plans, preserve event/tag references and original paths, and require explicit confirm — is the surface that must execute the obligation 'Trash must preserve the original path of every trashed asset and restore must return it to'; prerequisite packages WP-I3-010, WP-I3-011, WP-I3-012 supply the underlying schema/identity/journal it needs.","Backup, trash, restore and rebuild",I13,I13,REVIEWED,Pass 2 explicit membership review; rationale quoted from the corrected requirement statement.
CAN-LAM-FOLDER-046,WP-I12-006,"WP-I12-006 is the architectural owner because its objective — Implement and verify the bounded root and asset relinking surface. — is the surface that must execute the obligation 'When a new folder appears on an external drive, Lamha must index it under the root rules a'; prerequisite packages WP-I12-001 supply the underlying schema/identity/journal it needs.",External drives and path resilience,I12,I12,REVIEWED,Pass 2 explicit membership review; rationale quoted from the corrected requirement statement.
CAN-LAM-FOLDER-047,WP-I12-006,"WP-I12-006 is the architectural owner because its objective — Implement and verify the bounded root and asset relinking surface. — is the surface that must execute the obligation 'When an external folder is renamed, Lamha must reconcile the path index on identity eviden'; prerequisite packages WP-I12-001 supply the underlying schema/identity/journal it needs.",External drives and path resilience,I12,I12,REVIEWED,Pass 2 explicit membership review; rationale quoted from the corrected requirement statement.
CAN-LAM-FOLDER-048,WP-I12-004,"WP-I12-004 is the architectural owner because its objective — Implement and verify the bounded detached read-only experience surface. — is the surface that must execute the obligation 'When an external drive disconnects, Lamha must switch that root to Detached Index Mode, ke'; prerequisite packages WP-I12-001, WP-I4-010 supply the underlying schema/identity/journal it needs.",External drives and path resilience,I12,I12,REVIEWED,Pass 2 explicit membership review; rationale quoted from the corrected requirement statement.
CAN-LAM-FOLDER-049,WP-I12-004,"WP-I12-004 is the architectural owner because its objective — Implement and verify the bounded detached read-only experience surface. — is the surface that must execute the obligation 'When an external drive reconnects, Lamha must reconcile the root manifest by durable drive'; prerequisite packages WP-I12-001, WP-I4-010 supply the underlying schema/identity/journal it needs.",External drives and path resilience,I12,I12,REVIEWED,Pass 2 explicit membership review; rationale quoted from the corrected requirement statement.
CAN-LAM-FOLDER-050,WP-I4-011,"WP-I4-011 is the architectural owner because its objective — Implement and verify the bounded filesystem reconciliation surface. — is the surface that must execute the obligation 'When platform-specific filesystem permissions differ, Lamha must enforce the reviewed perm'; prerequisite packages WP-I4-002 supply the underlying schema/identity/journal it needs.",Libraries and storage,I4,I4,REVIEWED,Pass 2 explicit membership review; rationale quoted from the corrected requirement statement.
CAN-LAM-FOLDER-051,WP-I4-010,"WP-I4-010 is the architectural owner because its objective — Implement and verify the bounded asset and path index surface. — is the surface that must execute the obligation 'When external-drive behavior differs across platforms, Lamha must handle each difference w'; prerequisite packages WP-I3-008 supply the underlying schema/identity/journal it needs.",Libraries and storage,I4,I4,REVIEWED,Pass 2 explicit membership review; rationale quoted from the corrected requirement statement.
CAN-LAM-FOLDER-052,WP-I12-004,"WP-I12-004 is the architectural owner because its objective — Implement and verify the bounded detached read-only experience surface. — is the surface that must execute the obligation 'External-drive reconnect must reconcile within the reviewed performance budget and preserv'; prerequisite packages WP-I12-001, WP-I4-010 supply the underlying schema/identity/journal it needs.",External drives and path resilience,I12,I12,REVIEWED,Pass 2 explicit membership review; rationale quoted from the corrected requirement statement.
CAN-LAM-FOLDER-067,WP-I3-003,WP-I3-003 is the architectural owner because its objective — Implement and verify the bounded root authorization model surface. — is the surface that must execute the obligation 'The Authorized Path Set must limit scans and writes and reject any path outside the set be'; prerequisite packages WP-I2-004 supply the underlying schema/identity/journal it needs.,Local data authority,I3,I3,REVIEWED,Pass 2 explicit membership review; rationale quoted from the corrected requirement statement.
CAN-LAM-FOLDER-068,WP-I6-007,WP-I6-007 is the architectural owner because its objective — Implement and verify the bounded event naming and normalization surface. — is the surface that must execute the obligation 'Folder normalization must apply the reviewed naming rules with preview and approval while '; prerequisite packages WP-I6-002 supply the underlying schema/identity/journal it needs.,Events and organization,I6,I6,REVIEWED,Pass 2 explicit membership review; rationale quoted from the corrected requirement statement.
CAN-LAM-FOLDER-069,WP-I6-006,WP-I6-006 is the architectural owner because its objective — Implement and verify the bounded event split and link plans surface. — is the surface that must execute the obligation 'Linked folders must remain immobile and automated organization must never move or rename t'; prerequisite packages WP-I6-002 supply the underlying schema/identity/journal it needs.,Events and organization,I6,I6,REVIEWED,Pass 2 explicit membership review; rationale quoted from the corrected requirement statement.
CAN-LAM-FOLDER-071,WP-I12-006,WP-I12-006 is the architectural owner because its objective — Implement and verify the bounded root and asset relinking surface. — is the surface that must execute the obligation 'Drive identity must be a durable identifier recorded at registration and used for all reco'; prerequisite packages WP-I12-001 supply the underlying schema/identity/journal it needs.,External drives and path resilience,I12,I12,REVIEWED,Pass 2 explicit membership review; rationale quoted from the corrected requirement statement.
CAN-LAM-FOLDER-072,WP-I12-008,"WP-I12-008 is the architectural owner because its objective — Implement and verify the bounded cross-platform path adapters surface. — is the surface that must execute the obligation 'Cross-drive operations must use copy, flush, checksum verification, and journaled source r'; prerequisite packages WP-I3-004 supply the underlying schema/identity/journal it needs.",External drives and path resilience,I12,I12,REVIEWED,Pass 2 explicit membership review; rationale quoted from the corrected requirement statement.
CAN-LAM-FOLDER-073,WP-I15-005,WP-I15-005 is the architectural owner because its objective — Implement and verify the bounded signing and notarization pipeline surface. — is the surface that must execute the obligation 'Signing paths must be recorded per platform and signing must fail the release gate when an'; prerequisite packages WP-I15-001 supply the underlying schema/identity/journal it needs.,Packaging and legacy eradication,I15,I15,REVIEWED,Pass 2 explicit membership review; rationale quoted from the corrected requirement statement.
CAN-LAM-FOLDER-076,WP-I12-009,"WP-I12-009 is the architectural owner because its objective — Restore interrupted cross-drive transactions and sidecar state from journaled manifests/backups using deterministic recovery or Review, without guessing. — is the surface that must execute the obligation 'When a cross-drive operation is interrupted, Lamha must mark the transaction interrupted, '; prerequisite packages WP-I12-007 supply the underlying schema/identity/journal it needs.",External drives and path resilience,I12,I12,REVIEWED,Pass 2 explicit membership review; rationale quoted from the corrected requirement statement.
CAN-LAM-FOLDER-077,WP-I12-001,"WP-I12-001 is the architectural owner because its objective — Record durable external-drive identity, detached state, pending overlays, sidecar changes/missing state, and reconnection consistency. — is the surface that must execute the obligation 'When an external drive is registered, Lamha must record a durable drive identity and use i'; prerequisite packages WP-I3-003 supply the underlying schema/identity/journal it needs.",External drives and path resilience,I12,I12,REVIEWED,Pass 2 explicit membership review; rationale quoted from the corrected requirement statement.
CAN-LAM-FOLDER-078,WP-I4-010,"WP-I4-010 is the architectural owner because its objective — Implement and verify the bounded asset and path index surface. — is the surface that must execute the obligation 'Cross-platform path handling must use the reviewed safe path rules for case, Unicode norma'; prerequisite packages WP-I3-008 supply the underlying schema/identity/journal it needs.",Libraries and storage,I4,I4,REVIEWED,Pass 2 explicit membership review; rationale quoted from the corrected requirement statement.
CAN-LAM-GOV-018,WP-I11-010,"WP-I11-010 is the architectural owner because its objective — Implement and verify the bounded metadata snapshots and restore surface. — is the surface that must execute the obligation 'Git history, a commit, signed inventory, archive, snapshot, behaviour logs, graph hashes, '; prerequisite packages WP-I3-006 supply the underlying schema/identity/journal it needs.",Duplicates,I11,I11,REVIEWED,Pass 2 explicit membership review; rationale quoted from the corrected requirement statement.
CAN-LAM-GOV-052,WP-I0-011,"WP-I0-011 is the architectural owner because its objective — Enforce planning authority: canonical requirement IDs, evidence gates, completion-tracker revisions, no-stub completion, and double-check/bottom-up audit obliga — is the surface that must execute the obligation 'The implementation tracker must reference canonical requirement IDs instead of copying req'; prerequisite packages WP-I0-001 supply the underlying schema/identity/journal it needs.",Planning and verification governance,I0,I0,REVIEWED,Pass 2 explicit membership review; rationale quoted from the corrected requirement statement.
CAN-LAM-GOV-054,WP-I0-011,"WP-I0-011 is the architectural owner because its objective — Enforce planning authority: canonical requirement IDs, evidence gates, completion-tracker revisions, no-stub completion, and double-check/bottom-up audit obliga — is the surface that must execute the obligation 'When implementation discovery identifies a new binding edge case, the planning tracker mus'; prerequisite packages WP-I0-001 supply the underlying schema/identity/journal it needs.",Planning and verification governance,I0,I0,REVIEWED,Pass 2 explicit membership review; rationale quoted from the corrected requirement statement.
CAN-LAM-GOV-062,WP-I5-016,"WP-I5-016 is the architectural owner because its objective — Load and display asset, person, event, sidecar, and duplicate detail views from local records without mutating the loaded records. — is the surface that must execute the obligation 'The asset viewer must load the required source asset (original image, video, or audio file'; prerequisite packages WP-I3-002, WP-I3-005 supply the underlying schema/identity/journal it needs.",Asset viewer,I5,I5,REVIEWED,Pass 2 explicit membership review; rationale quoted from the corrected requirement statement.
CAN-LAM-GOV-065,WP-I1-005,"WP-I1-005 is the architectural owner because its objective — Inventory and persist licence, attribution, redistribution, model-provenance, and required legal-file obligations; block release until every required notice is  — is the surface that must execute the obligation 'The release bundle must include the required legal files (licence texts, notices, and attr'; prerequisite packages WP-I1-001 supply the underlying schema/identity/journal it needs.",Legal and rebranding,I1,I1,REVIEWED,Pass 2 explicit membership review; rationale quoted from the corrected requirement statement.
CAN-LAM-GOV-069,WP-I15-006,"WP-I15-006 is the architectural owner because its objective — Implement and verify the bounded runtime component licence decisions surface. — is the surface that must execute the obligation 'Required repository documentation—including README, licence/copyright/AGPL/third-party not'; prerequisite packages WP-I0-005 supply the underlying schema/identity/journal it needs.",Packaging and legacy eradication,I15,I15,REVIEWED,Pass 2 explicit membership review; rationale quoted from the corrected requirement statement.
CAN-LAM-GOV-071,WP-I3-001,"WP-I3-001 is the architectural owner because its objective — Implement and verify the bounded authoritative record envelope surface. — is the surface that must execute the obligation 'Metadata resolution must follow the reviewed authority order (filesystem, Asset JSON, embe'; prerequisite packages WP-I2-007 supply the underlying schema/identity/journal it needs.",Filesystem transactions and recovery,I3,I3,REVIEWED,Pass 2 explicit membership review; rationale quoted from the corrected requirement statement.
CAN-LAM-GOV-075,WP-I3-001,"WP-I3-001 is the architectural owner because its objective — Implement and verify the bounded authoritative record envelope surface. — is the surface that must execute the obligation 'When two binding clauses remain irreconcilable, the implementation team must record both e'; prerequisite packages WP-I2-007 supply the underlying schema/identity/journal it needs.",Local data authority,I3,I3,REVIEWED,Pass 2 explicit membership review; rationale quoted from the corrected requirement statement.
CAN-LAM-GOV-076,WP-I3-001,WP-I3-001 is the architectural owner because its objective — Implement and verify the bounded authoritative record envelope surface. — is the surface that must execute the obligation 'Planning must not invent product requirements; every requirement must trace to a reviewed '; prerequisite packages WP-I2-007 supply the underlying schema/identity/journal it needs.,Planning and verification governance,I3,I3,REVIEWED,Pass 2 explicit membership review; rationale quoted from the corrected requirement statement.
CAN-LAM-GOV-126,WP-I4-010,WP-I4-010 is the architectural owner because its objective — Implement and verify the bounded asset and path index surface. — is the surface that must execute the obligation 'Rescanning must not assume paths; every scan must resolve paths from the current filesyste'; prerequisite packages WP-I3-008 supply the underlying schema/identity/journal it needs.,Libraries and storage,I4,I4,REVIEWED,Pass 2 explicit membership review; rationale quoted from the corrected requirement statement.
CAN-LAM-GOV-165,WP-I0-011,"WP-I0-011 is the architectural owner because its objective — Enforce planning authority: canonical requirement IDs, evidence gates, completion-tracker revisions, no-stub completion, and double-check/bottom-up audit obliga — is the surface that must execute the obligation 'One ID represents one independently testable obligation. A compound bullet must be split i'; prerequisite packages WP-I0-001 supply the underlying schema/identity/journal it needs.",Planning and verification governance,I0,I0,REVIEWED,Pass 2 explicit membership review; rationale quoted from the corrected requirement statement.
CAN-LAM-GOV-174,WP-I4-001,"WP-I4-001 is the architectural owner because its objective — Implement and verify the bounded initial recursive scanner surface. — is the surface that must execute the obligation 'The planning tracker must record the current physical path used as evidence for each requi'; prerequisite packages WP-I3-002, WP-I3-003, WP-I3-008 supply the underlying schema/identity/journal it needs.",Planning and verification governance,I4,I4,REVIEWED,Pass 2 explicit membership review; rationale quoted from the corrected requirement statement.
CAN-LAM-GOV-179,WP-I0-011,"WP-I0-011 is the architectural owner because its objective — Enforce planning authority: canonical requirement IDs, evidence gates, completion-tracker revisions, no-stub completion, and double-check/bottom-up audit obliga — is the surface that must execute the obligation 'Every actionable canonical requirement must identify at least one focused verification tha'; prerequisite packages WP-I0-001 supply the underlying schema/identity/journal it needs.",Active-plan authority adoption,I0,I0,REVIEWED,Pass 2 explicit membership review; rationale quoted from the corrected requirement statement.
CAN-LAM-GOV-180,WP-I0-011,"WP-I0-011 is the architectural owner because its objective — Enforce planning authority: canonical requirement IDs, evidence gates, completion-tracker revisions, no-stub completion, and double-check/bottom-up audit obliga — is the surface that must execute the obligation 'Every actionable canonical requirement must link exact observable evidence or a reasoned n'; prerequisite packages WP-I0-001 supply the underlying schema/identity/journal it needs.",Active-plan authority adoption,I0,I0,REVIEWED,Pass 2 explicit membership review; rationale quoted from the corrected requirement statement.
CAN-LAM-GOV-218,WP-I2-001,"WP-I2-001 is the architectural owner because its objective — Establish the Tauri 2 process, typed IPC boundary, permission model, and repository-derived command set before other shell features. — is the surface that must execute the obligation 'The exact command set, payload types, and ownership must be derived from repository eviden'; prerequisite packages WP-I0-005 supply the underlying schema/identity/journal it needs.",Desktop shell,I2,I2,REVIEWED,Pass 2 explicit membership review; rationale quoted from the corrected requirement statement.
CAN-LAM-GOV-224,WP-I3-008,"WP-I3-008 is the architectural owner because its objective — Implement and verify the bounded sqlite migration framework surface. — is the surface that must execute the obligation 'Saved user decisions, saved map drafts, rejection/suppression decisions, durable operation'; prerequisite packages WP-I3-001 supply the underlying schema/identity/journal it needs.",Sidecars and metadata authority,I3,I3,REVIEWED,Pass 2 explicit membership review; rationale quoted from the corrected requirement statement.
CAN-LAM-GOV-237,WP-I5-017,"WP-I5-017 is the architectural owner because its objective — Apply viewer-originated mutations (bundle treat classification, tag editing, event assignment) through the reviewed authority and plan boundaries without modify — is the surface that must execute the obligation 'When the asset bundle treats a file, Lamha must classify the bundle members according to t'; prerequisite packages WP-I11-001, WP-I3-006 supply the underlying schema/identity/journal it needs.",Asset viewer,I5,I5,REVIEWED,Pass 2 explicit membership review; rationale quoted from the corrected requirement statement.
CAN-LAM-GOV-238,WP-I13-002,"WP-I13-002 is the architectural owner because its objective — Implement and verify the bounded backup execution surface. — is the surface that must execute the obligation 'For each managed asset mutation, Rust must treat the media file, authoritative sidecar, pe'; prerequisite packages WP-I13-001, WP-I3-012 supply the underlying schema/identity/journal it needs.","Backup, trash, restore and rebuild",I13,I13,REVIEWED,Pass 2 explicit membership review; rationale quoted from the corrected requirement statement.
CAN-LAM-GOV-240,WP-I5-010,"WP-I5-010 is the architectural owner because its objective — Commit and persist review-state transitions (approve, reject, suppress, defer, mark intentional, record decision, apply to selection) with provenance and revisi — is the surface that must execute the obligation 'When conflicting metadata values are presented, Lamha must preserve all conflicting values'; prerequisite packages WP-I2-007 supply the underlying schema/identity/journal it needs.",Review Centre,I5,I5,REVIEWED,Pass 2 explicit membership review; rationale quoted from the corrected requirement statement.
CAN-LAM-GOV-241,WP-I5-010,"WP-I5-010 is the architectural owner because its objective — Commit and persist review-state transitions (approve, reject, suppress, defer, mark intentional, record decision, apply to selection) with provenance and revisi — is the surface that must execute the obligation 'When a conflict is detected, Lamha must create a Review item that records the conflicting '; prerequisite packages WP-I2-007 supply the underlying schema/identity/journal it needs.",Review Centre,I5,I5,REVIEWED,Pass 2 explicit membership review; rationale quoted from the corrected requirement statement.
CAN-LAM-GOV-242,WP-I5-013,"WP-I5-013 is the architectural owner because its objective — Load and display review items, assets, events, people, and provenance without mutating authoritative state; opening an item never changes its state. — is the surface that must execute the obligation 'When a reviewer shows sources for a Review item, Lamha must display the exact source locat'; prerequisite packages WP-I3-002, WP-I5-010, WP-I6-002, WP-I7-004 supply the underlying schema/identity/journal it needs.",Review Centre,I5,I5,REVIEWED,Pass 2 explicit membership review; rationale quoted from the corrected requirement statement.
CAN-LAM-GOV-243,WP-I11-011,WP-I11-011 is the architectural owner because its objective — Implement and verify the bounded edit revision conflicts surface. — is the surface that must execute the obligation 'Auto-resolve only when the directional matrix proves there is no competing authoritative e'; prerequisite packages WP-I3-015 supply the underlying schema/identity/journal it needs.,Editing,I11,I11,REVIEWED,Pass 2 explicit membership review; rationale quoted from the corrected requirement statement.
CAN-LAM-GOV-244,WP-I5-010,"WP-I5-010 is the architectural owner because its objective — Commit and persist review-state transitions (approve, reject, suppress, defer, mark intentional, record decision, apply to selection) with provenance and revisi — is the surface that must execute the obligation 'When a reviewer records a decision on a Review item, Lamha must persist the chosen value, '; prerequisite packages WP-I2-007 supply the underlying schema/identity/journal it needs.",Review Centre,I5,I5,REVIEWED,Pass 2 explicit membership review; rationale quoted from the corrected requirement statement.
CAN-LAM-GOV-252,WP-I3-001,"WP-I3-001 is the architectural owner because its objective — Implement and verify the bounded authoritative record envelope surface. — is the surface that must execute the obligation 'Every authoritative schema must define its required fields, authority source, and rebuilda'; prerequisite packages WP-I2-007 supply the underlying schema/identity/journal it needs.",Filesystem transactions and recovery,I3,I3,REVIEWED,Pass 2 explicit membership review; rationale quoted from the corrected requirement statement.
CAN-LAM-GOV-253,WP-I3-001,"WP-I3-001 is the architectural owner because its objective — Implement and verify the bounded authoritative record envelope surface. — is the surface that must execute the obligation 'Every authoritative record schema must define the required fields it persists, and validat'; prerequisite packages WP-I2-007 supply the underlying schema/identity/journal it needs.",Filesystem transactions and recovery,I3,I3,REVIEWED,Pass 2 explicit membership review; rationale quoted from the corrected requirement statement.
CAN-LAM-GOV-254,WP-I3-012,"WP-I3-012 is the architectural owner because its objective — Implement and verify the bounded prepare and stage transaction surface. — is the surface that must execute the obligation 'Before a multi-root filesystem mutation starts, Rust must prepare the local coordinator, P'; prerequisite packages WP-I3-004, WP-I3-011 supply the underlying schema/identity/journal it needs.",Libraries and storage,I3,I3,REVIEWED,Pass 2 explicit membership review; rationale quoted from the corrected requirement statement.
CAN-LAM-GOV-255,WP-I3-011,"WP-I3-011 is the architectural owner because its objective — Implement and verify the bounded file-operation plan contract surface. — is the surface that must execute the obligation 'The user may save/retain a non-mutating plan instead.'; prerequisite packages WP-I3-002, WP-I3-003 supply the underlying schema/identity/journal it needs.",Filesystem transactions and recovery,I3,I3,REVIEWED,Pass 2 explicit membership review; rationale quoted from the corrected requirement statement.
CAN-LAM-GOV-256,WP-I3-008,WP-I3-008 is the architectural owner because its objective — Implement and verify the bounded sqlite migration framework surface. — is the surface that must execute the obligation 'SQLite may index transaction state but is never the sole recovery manifest.'; prerequisite packages WP-I3-001 supply the underlying schema/identity/journal it needs.,Filesystem transactions and recovery,I3,I3,REVIEWED,Pass 2 explicit membership review; rationale quoted from the corrected requirement statement.
CAN-LAM-GOV-257,WP-I3-010,"WP-I3-010 is the architectural owner because its objective — Implement and verify the bounded filesystem operation journal surface. — is the surface that must execute the obligation 'The filesystem transaction method supports the reviewed operation set (prepare, stage, com'; prerequisite packages WP-I3-003 supply the underlying schema/identity/journal it needs.",Filesystem transactions and recovery,I3,I3,REVIEWED,Pass 2 explicit membership review; rationale quoted from the corrected requirement statement.
CAN-LAM-GOV-258,WP-I12-007,"WP-I12-007 is the architectural owner because its objective — Implement and verify the bounded cross-volume copy and verify surface. — is the surface that must execute the obligation 'For cross-volume operations, Rust must use copy, flush, checksum verification, and a journ'; prerequisite packages WP-I3-014 supply the underlying schema/identity/journal it needs.",External drives and path resilience,I12,I12,REVIEWED,Pass 2 explicit membership review; rationale quoted from the corrected requirement statement.
CAN-LAM-GOV-261,WP-I4-001,"WP-I4-001 is the architectural owner because its objective — Implement and verify the bounded initial recursive scanner surface. — is the surface that must execute the obligation 'A watcher or reconciliation request must scope rescanning to affected roots and paths; it '; prerequisite packages WP-I3-002, WP-I3-003, WP-I3-008 supply the underlying schema/identity/journal it needs.",Media ingestion and derivation,I4,I4,REVIEWED,Pass 2 explicit membership review; rationale quoted from the corrected requirement statement.
CAN-LAM-GOV-262,WP-I5-010,"WP-I5-010 is the architectural owner because its objective — Commit and persist review-state transitions (approve, reject, suppress, defer, mark intentional, record decision, apply to selection) with provenance and revisi — is the surface that must execute the obligation 'When reviewable suggestions are generated, Lamha must base them on the reviewed suggestion'; prerequisite packages WP-I2-007 supply the underlying schema/identity/journal it needs.",Review Centre,I5,I5,REVIEWED,Pass 2 explicit membership review; rationale quoted from the corrected requirement statement.
CAN-LAM-GOV-263,WP-I10-009,"WP-I10-009 is the architectural owner because its objective — Implement and verify the bounded local ocr surface. — is the surface that must execute the obligation 'Task execution state, suggestion review state, and approved metadata review state are sepa'; prerequisite packages WP-I10-003 supply the underlying schema/identity/journal it needs.",Search and OCR,I10,I10,REVIEWED,Pass 2 explicit membership review; rationale quoted from the corrected requirement statement.
CAN-LAM-GOV-264,WP-I0-011,"WP-I0-011 is the architectural owner because its objective — Enforce planning authority: canonical requirement IDs, evidence gates, completion-tracker revisions, no-stub completion, and double-check/bottom-up audit obliga — is the surface that must execute the obligation 'Pass 1 must map all meaningful code and exclusions and must not declare the map complete w'; prerequisite packages WP-I0-001 supply the underlying schema/identity/journal it needs.",Planning and verification governance,I0,I0,REVIEWED,Pass 2 explicit membership review; rationale quoted from the corrected requirement statement.
CAN-LAM-GOV-265,WP-I0-011,"WP-I0-011 is the architectural owner because its objective — Enforce planning authority: canonical requirement IDs, evidence gates, completion-tracker revisions, no-stub completion, and double-check/bottom-up audit obliga — is the surface that must execute the obligation 'Pass 2 must map actual runtime and data flow and must not declare the map complete while f'; prerequisite packages WP-I0-001 supply the underlying schema/identity/journal it needs.",Planning and verification governance,I0,I0,REVIEWED,Pass 2 explicit membership review; rationale quoted from the corrected requirement statement.
CAN-LAM-GOV-266,WP-I0-011,"WP-I0-011 is the architectural owner because its objective — Enforce planning authority: canonical requirement IDs, evidence gates, completion-tracker revisions, no-stub completion, and double-check/bottom-up audit obliga — is the surface that must execute the obligation 'Pass 3 must map every user and technical capability and must not declare the map complete '; prerequisite packages WP-I0-001 supply the underlying schema/identity/journal it needs.",Planning and verification governance,I0,I0,REVIEWED,Pass 2 explicit membership review; rationale quoted from the corrected requirement statement.
CAN-LAM-GOV-270,WP-I0-011,"WP-I0-011 is the architectural owner because its objective — Enforce planning authority: canonical requirement IDs, evidence gates, completion-tracker revisions, no-stub completion, and double-check/bottom-up audit obliga — is the surface that must execute the obligation 'Planning is not complete after the first dependency map; the plan must pass the reviewed d'; prerequisite packages WP-I0-001 supply the underlying schema/identity/journal it needs.",Planning and verification governance,I0,I0,REVIEWED,Pass 2 explicit membership review; rationale quoted from the corrected requirement statement.
CAN-LAM-GOV-273,WP-I0-011,"WP-I0-011 is the architectural owner because its objective — Enforce planning authority: canonical requirement IDs, evidence gates, completion-tracker revisions, no-stub completion, and double-check/bottom-up audit obliga — is the surface that must execute the obligation 'For every discovered production capability, the bottom-up audit must record the exact curr'; prerequisite packages WP-I0-001 supply the underlying schema/identity/journal it needs.",Active-plan authority adoption,I0,I0,REVIEWED,Pass 2 explicit membership review; rationale quoted from the corrected requirement statement.
CAN-LAM-GOV-274,WP-I15-015,"WP-I15-015 is the architectural owner because its objective — Remove legacy runtime, server, database, queue, container, generated-client, and obsolete workflow paths only after retained callers have verified replacements. — is the surface that must execute the obligation 'For every discovered legacy capability proposed for removal, the bottom-up audit must reco'; prerequisite packages WP-I15-008, WP-I15-014 supply the underlying schema/identity/journal it needs.",Legacy replacement verification and removal,I15,I15,REVIEWED,Pass 2 explicit membership review; rationale quoted from the corrected requirement statement.
CAN-LAM-GOV-292,WP-I0-001,"WP-I0-001 is the architectural owner because its objective — Inspect the existing repository without mutation and record provenance, file inventory, SHA-256 integrity, available Git state, and toolchain/manifest evidence  — is the surface that must execute the obligation 'During the read-only provenance and planning boundary, every application path outside Grap'.",Read-only repository provenance and integrity baseline,I0,I0,REVIEWED,Pass 2 explicit membership review; rationale quoted from the corrected requirement statement.
CAN-LAM-INV-AI-02-B,WP-I10-002,WP-I10-002 is the architectural owner because its objective — Implement and verify the bounded private local worker transport surface. — is the surface that must execute the obligation 'AI Workers; Persistent Rejection with Controlled Reconsideration; Rejecting or suppressing'; prerequisite packages WP-I10-001 supply the underlying schema/identity/journal it needs.,Local AI worker,I10,I10,REVIEWED,Pass 2 explicit membership review; rationale quoted from the corrected requirement statement.
CAN-LAM-INV-AI-03,WP-I10-005,"WP-I10-005 is the architectural owner because its objective — Detect and record CPU, core count, RAM, GPU/GPU memory, OS, disk, acceleration, library counts, and benchmark results from local OS data for AI hardware assessm — is the surface that must execute the obligation 'LAM-INV-AI-03; AI Workers; Hardware Assessment; AI batch processing MUST run hardware chec'; prerequisite packages WP-I10-003 supply the underlying schema/identity/journal it needs.",Local AI worker,I10,I10,REVIEWED,Pass 2 explicit membership review; rationale quoted from the corrected requirement statement.
CAN-LAM-INV-AI-04,WP-I10-004,"WP-I10-004 is the architectural owner because its objective — Implement and verify the bounded model checksums and compatibility surface. — is the surface that must execute the obligation 'Each AI task record must store task status, model identity and version, source and configu'; prerequisite packages WP-I10-003 supply the underlying schema/identity/journal it needs.",Local AI worker,I10,I10,REVIEWED,Pass 2 explicit membership review; rationale quoted from the corrected requirement statement.
CAN-LAM-INV-ASSET-01,WP-I2-013,WP-I2-013 is the architectural owner because its objective — Implement and verify the bounded desktop shell smoke proof surface. — is the surface that must execute the obligation 'Each managed asset identity must resolve to exactly one authoritative primary media file; '; prerequisite packages WP-I2-003 supply the underlying schema/identity/journal it needs.,Desktop shell,I2,I2,REVIEWED,Pass 2 explicit membership review; rationale quoted from the corrected requirement statement.
CAN-LAM-INV-ASSET-02,WP-I5-008,"WP-I5-008 is the architectural owner because its objective — Render maps, venues, offline coordinates, asset timelines by location, location filters, and review links from canonical location records; keep optional map til — is the surface that must execute the obligation 'Once Lamha assigns an asset identity, every move, rename, edit, relink, and metadata revis'; prerequisite packages WP-I4-008 supply the underlying schema/identity/journal it needs.",Asset viewer,I5,I5,REVIEWED,Pass 2 explicit membership review; rationale quoted from the corrected requirement statement.
CAN-LAM-INV-ASSET-03,WP-I3-001,WP-I3-001 is the architectural owner because its objective — Implement and verify the bounded authoritative record envelope surface. — is the surface that must execute the obligation 'LAM-INV-ASSET-03; Assets; Mandatory Co-located Sidecars; Every writable managed asset MUST'; prerequisite packages WP-I2-007 supply the underlying schema/identity/journal it needs.,Metadata,I3,I3,REVIEWED,Pass 2 explicit membership review; rationale quoted from the corrected requirement statement.
CAN-LAM-INV-ASSET-04,WP-I13-006,"WP-I13-006 is the architectural owner because its objective — Move complete asset bundles into a reversible trash state through reviewed plans, preserve event/tag references and original paths, and require explicit confirm — is the surface that must execute the obligation 'LAM-INV-ASSET-04; Assets; Indivisible Bundle Movement; Every Lamha-authored move, rename, '; prerequisite packages WP-I3-010, WP-I3-011, WP-I3-012 supply the underlying schema/identity/journal it needs.","Backup, trash, restore and rebuild",I13,I13,REVIEWED,Pass 2 explicit membership review; rationale quoted from the corrected requirement statement.
CAN-LAM-INV-ASSET-05,WP-I3-002,WP-I3-002 is the architectural owner because its objective — Implement and verify the bounded stable asset identity surface. — is the surface that must execute the obligation 'LAM-INV-ASSET-05; Assets; Original Filename Preservation; The original filename at the tim'; prerequisite packages WP-I3-001 supply the underlying schema/identity/journal it needs.,Asset identity and records,I3,I3,REVIEWED,Pass 2 explicit membership review; rationale quoted from the corrected requirement statement.
CAN-LAM-INV-ASSET-06,WP-I13-001,"WP-I13-001 is the architectural owner because its objective — Persist schema-valid backup manifests inventorying record revisions, exclude backup/app-data from views, preserve malformed sidecars, and enforce controlled-cop — is the surface that must execute the obligation 'LAM-INV-ASSET-06; Assets; Controlled Copy Exceptions; Backups, privacy-clean exports, edit'; prerequisite packages WP-I3-001 supply the underlying schema/identity/journal it needs.","Backup, trash, restore and rebuild",I13,I13,REVIEWED,Pass 2 explicit membership review; rationale quoted from the corrected requirement statement.
CAN-LAM-INV-ASSET-07,WP-I13-011,WP-I13-011 is the architectural owner because its objective — Implement and verify the bounded backup restore rebuild disaster drill surface. — is the surface that must execute the obligation 'LAM-INV-ASSET-07; Assets; Companion Bundle Independence; Every container in a Companion Se'; prerequisite packages WP-I3-009 supply the underlying schema/identity/journal it needs.,"Backup, trash, restore and rebuild",I13,I13,REVIEWED,Pass 2 explicit membership review; rationale quoted from the corrected requirement statement.
CAN-LAM-INV-EVENT-01,WP-I6-007,"WP-I6-007 is the architectural owner because its objective — Implement and verify the bounded event naming and normalization surface. — is the surface that must execute the obligation 'When Lamha materializes an approved event, it must create the typed dated or Unknown Date '; prerequisite packages WP-I6-002 supply the underlying schema/identity/journal it needs.",Libraries and storage,I6,I6,REVIEWED,Pass 2 explicit membership review; rationale quoted from the corrected requirement statement.
CAN-LAM-INV-EVENT-02,WP-I6-006,WP-I6-006 is the architectural owner because its objective — Implement and verify the bounded event split and link plans surface. — is the surface that must execute the obligation 'LAM-INV-EVENT-02; Events; Multi-Day Event Unity; Events spanning across midnight or multip'; prerequisite packages WP-I6-002 supply the underlying schema/identity/journal it needs.,Events and organization,I6,I6,REVIEWED,Pass 2 explicit membership review; rationale quoted from the corrected requirement statement.
CAN-LAM-INV-EVENT-03,WP-I6-006,WP-I6-006 is the architectural owner because its objective — Implement and verify the bounded event split and link plans surface. — is the surface that must execute the obligation 'Automated event builders must leave every asset inside a user-designated Linked Folder at '; prerequisite packages WP-I6-002 supply the underlying schema/identity/journal it needs.,Events and organization,I6,I6,REVIEWED,Pass 2 explicit membership review; rationale quoted from the corrected requirement statement.
CAN-LAM-INV-FS-01,WP-I4-001,"WP-I4-001 is the architectural owner because its objective — Implement and verify the bounded initial recursive scanner surface. — is the surface that must execute the obligation 'Rust must limit recursive scans to registered Library Roots and writes to the authorized p'; prerequisite packages WP-I3-002, WP-I3-003, WP-I3-008 supply the underlying schema/identity/journal it needs.",Media ingestion and derivation,I4,I4,REVIEWED,Pass 2 explicit membership review; rationale quoted from the corrected requirement statement.
CAN-LAM-INV-META-01,WP-I4-008,"WP-I4-008 is the architectural owner because its objective — Implement and verify the bounded metadata extraction surface. — is the surface that must execute the obligation 'For current path, directory, and filename fields, Lamha must read the operating-system fil'; prerequisite packages WP-I3-005, WP-I4-003 supply the underlying schema/identity/journal it needs.",Libraries and storage,I4,I4,REVIEWED,Pass 2 explicit membership review; rationale quoted from the corrected requirement statement.
CAN-LAM-INV-META-02,WP-I8-009,WP-I8-009 is the architectural owner because its objective — Implement and verify the bounded relationship review and conflicts surface. — is the surface that must execute the obligation 'LAM-INV-META-02; Metadata; Domain-Scoped JSON Authority; .asset.json owns approved asset m'; prerequisite packages WP-I5-010 supply the underlying schema/identity/journal it needs.,People and faces,I8,I8,REVIEWED,Pass 2 explicit membership review; rationale quoted from the corrected requirement statement.
CAN-LAM-INV-META-03,WP-I3-009,WP-I3-009 is the architectural owner because its objective — Implement and verify the bounded derived-index rebuild contract surface. — is the surface that must execute the obligation 'LAM-INV-META-03; Metadata; SQLite Derived Cache Status; The local embedded SQLite index an'; prerequisite packages WP-I3-008 supply the underlying schema/identity/journal it needs.,Local data authority,I3,I3,REVIEWED,Pass 2 explicit membership review; rationale quoted from the corrected requirement statement.
CAN-LAM-INV-META-04,WP-I3-001,WP-I3-001 is the architectural owner because its objective — Implement and verify the bounded authoritative record envelope surface. — is the surface that must execute the obligation 'LAM-INV-META-04; Metadata; Pending Overlay Exception; A Pending Overlay is the only sancti'; prerequisite packages WP-I2-007 supply the underlying schema/identity/journal it needs.,Local data authority,I3,I3,REVIEWED,Pass 2 explicit membership review; rationale quoted from the corrected requirement statement.
CAN-LAM-INV-PERSON-01,WP-I7-007,"WP-I7-007 is the architectural owner because its objective — Implement and verify the bounded group identity model surface. — is the surface that must execute the obligation 'Every person and group reference in sidecars, authoritative records, and SQLite projection'; prerequisite packages WP-I7-004 supply the underlying schema/identity/journal it needs.",Metadata,I7,I7,REVIEWED,Pass 2 explicit membership review; rationale quoted from the corrected requirement statement.
CAN-LAM-INV-PERSON-02,WP-I8-005,WP-I8-005 is the architectural owner because its objective — Implement and verify the bounded multi-edge relationship history surface. — is the surface that must execute the obligation 'A person profile must support simultaneous and historical typed relationship edges with ef'; prerequisite packages WP-I8-004 supply the underlying schema/identity/journal it needs.,Relationships and attribution,I8,I8,REVIEWED,Pass 2 explicit membership review; rationale quoted from the corrected requirement statement.
CAN-LAM-INV-PERSON-03,WP-I7-008,"WP-I7-008 is the architectural owner because its objective — Persist complete group membership models with active/former/inactive effective-dated intervals, historical immutability, and overlap validation. — is the surface that must execute the obligation 'LAM-INV-PERSON-03; People; Historical Membership Immutability; Removing a person closes th'; prerequisite packages WP-I7-007 supply the underlying schema/identity/journal it needs.",People and faces,I7,I7,REVIEWED,Pass 2 explicit membership review; rationale quoted from the corrected requirement statement.
CAN-LAM-LEGAL-001,WP-I1-005,"WP-I1-005 is the architectural owner because its objective — Inventory and persist licence, attribution, redistribution, model-provenance, and required legal-file obligations; block release until every required notice is  — is the surface that must execute the obligation 'The release bundle must include the reviewed Immich attribution and the release gate must '; prerequisite packages WP-I1-001 supply the underlying schema/identity/journal it needs.",Legal and rebranding,I1,I1,REVIEWED,Pass 2 explicit membership review; rationale quoted from the corrected requirement statement.
CAN-LAM-LEGAL-002,WP-I1-005,"WP-I1-005 is the architectural owner because its objective — Inventory and persist licence, attribution, redistribution, model-provenance, and required legal-file obligations; block release until every required notice is  — is the surface that must execute the obligation 'The release bundle must include the required copyright notices and the release gate must f'; prerequisite packages WP-I1-001 supply the underlying schema/identity/journal it needs.",Legal and rebranding,I1,I1,REVIEWED,Pass 2 explicit membership review; rationale quoted from the corrected requirement statement.
CAN-LAM-LEGAL-010,WP-I1-001,WP-I1-001 is the architectural owner because its objective — Implement and verify the bounded brand and identity inventory surface. — is the surface that must execute the obligation 'Rebranding must preserve legal notices and the release gate must fail if any required noti'; prerequisite packages WP-I0-001 supply the underlying schema/identity/journal it needs.,Legal and rebranding,I1,I1,REVIEWED,Pass 2 explicit membership review; rationale quoted from the corrected requirement statement.
CAN-LAM-LEGAL-013,WP-I1-005,"WP-I1-005 is the architectural owner because its objective — Inventory and persist licence, attribution, redistribution, model-provenance, and required legal-file obligations; block release until every required notice is  — is the surface that must execute the obligation 'The release bundle must include the required copyright notices for all bundled and referen'; prerequisite packages WP-I1-001 supply the underlying schema/identity/journal it needs.",Legal and rebranding,I1,I1,REVIEWED,Pass 2 explicit membership review; rationale quoted from the corrected requirement statement.
CAN-LAM-LEGAL-014,WP-I1-002,WP-I1-002 is the architectural owner because its objective — Implement and verify the bounded visible ui rebrand surface. — is the surface that must execute the obligation 'Rebranding and packaging must never remove legally required material; any removal of a lic'; prerequisite packages WP-I1-001 supply the underlying schema/identity/journal it needs.,Legal and rebranding,I1,I1,REVIEWED,Pass 2 explicit membership review; rationale quoted from the corrected requirement statement.
CAN-LAM-META-002,WP-I3-008,WP-I3-008 is the architectural owner because its objective — Implement and verify the bounded sqlite migration framework surface. — is the surface that must execute the obligation 'Each retained feature that persists user knowledge must write its reviewed authoritative r'; prerequisite packages WP-I3-001 supply the underlying schema/identity/journal it needs.,Metadata,I3,I3,REVIEWED,Pass 2 explicit membership review; rationale quoted from the corrected requirement statement.
CAN-LAM-META-006,WP-I3-001,WP-I3-001 is the architectural owner because its objective — Implement and verify the bounded authoritative record envelope surface. — is the surface that must execute the obligation 'Pending Overlay: A versioned transparent JSON edit record held in Lamha’s OS application-d'; prerequisite packages WP-I2-007 supply the underlying schema/identity/journal it needs.,Local data authority,I3,I3,REVIEWED,Pass 2 explicit membership review; rationale quoted from the corrected requirement statement.
CAN-LAM-META-009,WP-I3-001,"WP-I3-001 is the architectural owner because its objective — Implement and verify the bounded authoritative record envelope surface. — is the surface that must execute the obligation 'When a saved mind-map draft is written, Lamha must persist the map JSON through the transa'; prerequisite packages WP-I2-007 supply the underlying schema/identity/journal it needs.",Filesystem transactions and recovery,I3,I3,REVIEWED,Pass 2 explicit membership review; rationale quoted from the corrected requirement statement.
CAN-LAM-META-011,WP-I13-001,"WP-I13-001 is the architectural owner because its objective — Persist schema-valid backup manifests inventorying record revisions, exclude backup/app-data from views, preserve malformed sidecars, and enforce controlled-cop — is the surface that must execute the obligation 'Operation history; Append-only operation JSON/journal; Backup manifest references; SQLite '; prerequisite packages WP-I3-001 supply the underlying schema/identity/journal it needs.","Backup, trash, restore and rebuild",I13,I13,REVIEWED,Pass 2 explicit membership review; rationale quoted from the corrected requirement statement.
CAN-LAM-META-012,WP-I3-008,WP-I3-008 is the architectural owner because its objective — Implement and verify the bounded sqlite migration framework surface. — is the surface that must execute the obligation 'Pending overlay; Versioned overlay JSON while destination is unavailable; Target authorita'; prerequisite packages WP-I3-001 supply the underlying schema/identity/journal it needs.,Local data authority,I3,I3,REVIEWED,Pass 2 explicit membership review; rationale quoted from the corrected requirement statement.
CAN-LAM-META-013,WP-I4-008,"WP-I4-008 is the architectural owner because its objective — Implement and verify the bounded metadata extraction surface. — is the surface that must execute the obligation 'When metadata is read from a media file, Lamha must extract the supported fields, preserve'; prerequisite packages WP-I3-005, WP-I4-003 supply the underlying schema/identity/journal it needs.",Metadata,I4,I4,REVIEWED,Pass 2 explicit membership review; rationale quoted from the corrected requirement statement.
CAN-LAM-META-014,WP-I4-008,"WP-I4-008 is the architectural owner because its objective — Implement and verify the bounded metadata extraction surface. — is the surface that must execute the obligation 'When supported metadata is edited, Lamha must update the authoritative record and reviewed'; prerequisite packages WP-I3-005, WP-I4-003 supply the underlying schema/identity/journal it needs.",Metadata,I4,I4,REVIEWED,Pass 2 explicit membership review; rationale quoted from the corrected requirement statement.
CAN-LAM-META-015,WP-I3-001,"WP-I3-001 is the architectural owner because its objective — Implement and verify the bounded authoritative record envelope surface. — is the surface that must execute the obligation 'When creating or reading JSON sidecars, Lamha must write schema-valid per-asset JSON and r'; prerequisite packages WP-I2-007 supply the underlying schema/identity/journal it needs.",Metadata,I3,I3,REVIEWED,Pass 2 explicit membership review; rationale quoted from the corrected requirement statement.
CAN-LAM-META-016,WP-I3-015,"WP-I3-015 is the architectural owner because its objective — Implement and verify the bounded revision and concurrency preconditions surface. — is the surface that must execute the obligation 'When creating or reading XMP sidecars, Lamha must write schema-valid XMP for the reviewed '; prerequisite packages WP-I3-001 supply the underlying schema/identity/journal it needs.",Metadata,I3,I3,REVIEWED,Pass 2 explicit membership review; rationale quoted from the corrected requirement statement.
CAN-LAM-META-018,WP-I3-001,"WP-I3-001 is the architectural owner because its objective — Implement and verify the bounded authoritative record envelope surface. — is the surface that must execute the obligation 'When folder-map JSON is written, Lamha must persist a schema-valid projection of folder an'; prerequisite packages WP-I2-007 supply the underlying schema/identity/journal it needs.",Sidecars and metadata authority,I3,I3,REVIEWED,Pass 2 explicit membership review; rationale quoted from the corrected requirement statement.
CAN-LAM-META-019,WP-I11-010,"WP-I11-010 is the architectural owner because its objective — Implement and verify the bounded metadata snapshots and restore surface. — is the surface that must execute the obligation 'When metadata snapshots are created, Lamha must persist a versioned snapshot before a muta'; prerequisite packages WP-I3-006 supply the underlying schema/identity/journal it needs.",Metadata,I11,I11,REVIEWED,Pass 2 explicit membership review; rationale quoted from the corrected requirement statement.
CAN-LAM-META-021,WP-I6-001,WP-I6-001 is the architectural owner because its objective — Implement and verify the bounded manage later non-mutating scan surface. — is the surface that must execute the obligation 'Metadata reading in Manage Later must extract the reviewed fields from the source and pres'; prerequisite packages WP-I4-001 supply the underlying schema/identity/journal it needs.,Events and organization,I6,I6,REVIEWED,Pass 2 explicit membership review; rationale quoted from the corrected requirement statement.
CAN-LAM-META-023,WP-I3-001,WP-I3-001 is the architectural owner because its objective — Implement and verify the bounded authoritative record envelope surface. — is the surface that must execute the obligation 'Sidecar schemas must be versioned and Lamha must never guess fields when a version is unsu'; prerequisite packages WP-I2-007 supply the underlying schema/identity/journal it needs.,Planning and verification governance,I3,I3,REVIEWED,Pass 2 explicit membership review; rationale quoted from the corrected requirement statement.
CAN-LAM-META-024,WP-I3-002,WP-I3-002 is the architectural owner because its objective — Implement and verify the bounded stable asset identity surface. — is the surface that must execute the obligation 'Every authoritative JSON record MUST carry a schema-version field and have formal validati'; prerequisite packages WP-I3-001 supply the underlying schema/identity/journal it needs.,Asset identity and records,I3,I3,REVIEWED,Pass 2 explicit membership review; rationale quoted from the corrected requirement statement.
CAN-LAM-META-025,WP-I5-016,"WP-I5-016 is the architectural owner because its objective — Load and display asset, person, event, sidecar, and duplicate detail views from local records without mutating the loaded records. — is the surface that must execute the obligation 'The metadata inspector must display the reviewed metadata fields and sources from local re'; prerequisite packages WP-I3-002, WP-I3-005 supply the underlying schema/identity/journal it needs.",Asset viewer,I5,I5,REVIEWED,Pass 2 explicit membership review; rationale quoted from the corrected requirement statement.
CAN-LAM-META-026,WP-I4-008,"WP-I4-008 is the architectural owner because its objective — Implement and verify the bounded metadata extraction surface. — is the surface that must execute the obligation 'Metadata extraction must read the reviewed fields from the media source and preserve the f'; prerequisite packages WP-I3-005, WP-I4-003 supply the underlying schema/identity/journal it needs.",Sidecars and metadata authority,I4,I4,REVIEWED,Pass 2 explicit membership review; rationale quoted from the corrected requirement statement.
CAN-LAM-META-029,WP-I3-001,WP-I3-001 is the architectural owner because its objective — Implement and verify the bounded authoritative record envelope surface. — is the surface that must execute the obligation 'Camera technical data is authoritative in embedded metadata and projected to XMP; extracti'; prerequisite packages WP-I2-007 supply the underlying schema/identity/journal it needs.,Local data authority,I3,I3,REVIEWED,Pass 2 explicit membership review; rationale quoted from the corrected requirement statement.
CAN-LAM-META-032,WP-I3-009,WP-I3-009 is the architectural owner because its objective — Implement and verify the bounded derived-index rebuild contract surface. — is the surface that must execute the obligation 'Search projections in SQLite are rebuildable from authoritative records; search must never'; prerequisite packages WP-I3-008 supply the underlying schema/identity/journal it needs.,Local data authority,I3,I3,REVIEWED,Pass 2 explicit membership review; rationale quoted from the corrected requirement statement.
CAN-LAM-META-033,WP-I4-008,"WP-I4-008 is the architectural owner because its objective — Implement and verify the bounded metadata extraction surface. — is the surface that must execute the obligation 'When a query includes missing metadata, Lamha must return assets whose reviewed metadata f'; prerequisite packages WP-I3-005, WP-I4-003 supply the underlying schema/identity/journal it needs.",Metadata,I4,I4,REVIEWED,Pass 2 explicit membership review; rationale quoted from the corrected requirement statement.
CAN-LAM-META-034,WP-I10-001,"WP-I10-001 is the architectural owner because its objective — Implement and verify the bounded ai worker lifecycle surface. — is the surface that must execute the obligation 'Task execution state, suggestion review state (Suggested, Approved, Rejected, Suppressed, '; prerequisite packages WP-I2-007 supply the underlying schema/identity/journal it needs.",Metadata,I10,I10,REVIEWED,Pass 2 explicit membership review; rationale quoted from the corrected requirement statement.
CAN-LAM-META-035,WP-I5-006,WP-I5-006 is the architectural owner because its objective — Implement and verify the bounded albums and favorites surface. — is the surface that must execute the obligation 'Album metadata must persist the reviewed album fields in the authoritative record and disp'; prerequisite packages WP-I3-001 supply the underlying schema/identity/journal it needs.,Metadata,I5,I5,REVIEWED,Pass 2 explicit membership review; rationale quoted from the corrected requirement statement.
CAN-LAM-META-036,WP-I4-008,"WP-I4-008 is the architectural owner because its objective — Implement and verify the bounded metadata extraction surface. — is the surface that must execute the obligation 'When EXIF GPS is read, Lamha must extract the raw coordinates and preserve the embedded so'; prerequisite packages WP-I3-005, WP-I4-003 supply the underlying schema/identity/journal it needs.",Metadata,I4,I4,REVIEWED,Pass 2 explicit membership review; rationale quoted from the corrected requirement statement.
CAN-LAM-META-037,WP-I5-008,"WP-I5-008 is the architectural owner because its objective — Render maps, venues, offline coordinates, asset timelines by location, location filters, and review links from canonical location records; keep optional map til — is the surface that must execute the obligation 'When a normalized location is stored in JSON, Lamha must keep the raw source value and nor'; prerequisite packages WP-I4-008 supply the underlying schema/identity/journal it needs.",Map and location,I5,I5,REVIEWED,Pass 2 explicit membership review; rationale quoted from the corrected requirement statement.
CAN-LAM-META-039,WP-I10-011,"WP-I10-011 is the architectural owner because its objective — Detect exact and similar duplicates, compare resolution/format/size/album/tag/event/metadata evidence, produce reviewable candidates, support burst grouping, si — is the surface that must execute the obligation 'When duplicate analysis compares metadata, Lamha must record the reviewed metadata compari'; prerequisite packages WP-I3-002 supply the underlying schema/identity/journal it needs.",Metadata,I10,I10,REVIEWED,Pass 2 explicit membership review; rationale quoted from the corrected requirement statement.
CAN-LAM-META-040,WP-I4-008,"WP-I4-008 is the architectural owner because its objective — Implement and verify the bounded metadata extraction surface. — is the surface that must execute the obligation 'When JSON and XMP disagree, consistency detection must report the conflict with both value'; prerequisite packages WP-I3-005, WP-I4-003 supply the underlying schema/identity/journal it needs.",Media ingestion and derivation,I4,I4,REVIEWED,Pass 2 explicit membership review; rationale quoted from the corrected requirement statement.
CAN-LAM-META-041,WP-I4-008,"WP-I4-008 is the architectural owner because its objective — Implement and verify the bounded metadata extraction surface. — is the surface that must execute the obligation 'When JSON and embedded metadata disagree, consistency detection must report the conflict w'; prerequisite packages WP-I3-005, WP-I4-003 supply the underlying schema/identity/journal it needs.",Media ingestion and derivation,I4,I4,REVIEWED,Pass 2 explicit membership review; rationale quoted from the corrected requirement statement.
CAN-LAM-META-042,WP-I3-001,"WP-I3-001 is the architectural owner because its objective — Implement and verify the bounded authoritative record envelope surface. — is the surface that must execute the obligation 'When a required JSON sidecar is missing, Lamha must mark the asset degraded and create a r'; prerequisite packages WP-I2-007 supply the underlying schema/identity/journal it needs.",Filesystem transactions and recovery,I3,I3,REVIEWED,Pass 2 explicit membership review; rationale quoted from the corrected requirement statement.
CAN-LAM-META-043,WP-I4-008,"WP-I4-008 is the architectural owner because its objective — Implement and verify the bounded metadata extraction surface. — is the surface that must execute the obligation 'When a required XMP sidecar is missing, Lamha must mark the asset degraded and create a re'; prerequisite packages WP-I3-005, WP-I4-003 supply the underlying schema/identity/journal it needs.",Media ingestion and derivation,I4,I4,REVIEWED,Pass 2 explicit membership review; rationale quoted from the corrected requirement statement.
CAN-LAM-META-044,WP-I11-003,"WP-I11-003 is the architectural owner because its objective — Implement and verify the bounded metadata privacy removal surface. — is the surface that must execute the obligation 'When embedded-metadata removal targets all removable fields, Lamha must produce an export '; prerequisite packages WP-I11-001 supply the underlying schema/identity/journal it needs.",Editing,I11,I11,REVIEWED,Pass 2 explicit membership review; rationale quoted from the corrected requirement statement.
CAN-LAM-META-045,WP-I3-005,"WP-I3-005 is the architectural owner because its objective — Implement and verify the bounded sidecar read protocol surface. — is the surface that must execute the obligation 'When Lamha reads or writes an XMP mirror, it must preserve the authoritative value and pro'; prerequisite packages WP-I3-001 supply the underlying schema/identity/journal it needs.",Sidecar read protocol,I3,I3,REVIEWED,Pass 2 explicit membership review; rationale quoted from the corrected requirement statement.
CAN-LAM-META-046,WP-I3-008,WP-I3-008 is the architectural owner because its objective — Implement and verify the bounded sqlite migration framework surface. — is the surface that must execute the obligation 'SQLite must remain a rebuildable index and must never be the only copy of user knowledge.'; prerequisite packages WP-I3-001 supply the underlying schema/identity/journal it needs.,Filesystem transactions and recovery,I3,I3,REVIEWED,Pass 2 explicit membership review; rationale quoted from the corrected requirement statement.
CAN-LAM-META-048,WP-I14-013,"WP-I14-013 is the architectural owner because its objective — Provide keyboard, focus, semantic, screen-reader, and non-visual alternatives for every reviewed surface including maps, graphs, and desktop panels. — is the surface that must execute the obligation 'The metadata panel must display the reviewed metadata fields from local records and remain'; prerequisite packages WP-I14-001, WP-I2-001, WP-I9-001 supply the underlying schema/identity/journal it needs.",Metadata,I14,I14,REVIEWED,Pass 2 explicit membership review; rationale quoted from the corrected requirement statement.
CAN-LAM-META-049,WP-I4-008,"WP-I4-008 is the architectural owner because its objective — Implement and verify the bounded metadata extraction surface. — is the surface that must execute the obligation 'The target local architecture must retain the useful metadata UI that reads and displays r'; prerequisite packages WP-I3-005, WP-I4-003 supply the underlying schema/identity/journal it needs.",Metadata,I4,I4,REVIEWED,Pass 2 explicit membership review; rationale quoted from the corrected requirement statement.
CAN-LAM-META-050,WP-I13-009,WP-I13-009 is the architectural owner because its objective — Implement and verify the bounded sqlite index rebuild surface. — is the surface that must execute the obligation 'SQLite rebuild must complete within the reviewed performance budget and restore every save'; prerequisite packages WP-I3-009 supply the underlying schema/identity/journal it needs.,"Backup, trash, restore and rebuild",I13,I13,REVIEWED,Pass 2 explicit membership review; rationale quoted from the corrected requirement statement.
CAN-LAM-META-051,WP-I1-005,"WP-I1-005 is the architectural owner because its objective — Inventory and persist licence, attribution, redistribution, model-provenance, and required legal-file obligations; block release until every required notice is  — is the surface that must execute the obligation 'Metadata-library licences must be inventoried with attribution and redistribution review a'; prerequisite packages WP-I1-001 supply the underlying schema/identity/journal it needs.",Legal and rebranding,I1,I1,REVIEWED,Pass 2 explicit membership review; rationale quoted from the corrected requirement statement.
CAN-LAM-META-068,WP-I3-009,WP-I3-009 is the architectural owner because its objective — Implement and verify the bounded derived-index rebuild contract surface. — is the surface that must execute the obligation 'The XMP adapter must read and write the reviewed XMP fields and keep them aligned with the'; prerequisite packages WP-I3-008 supply the underlying schema/identity/journal it needs.,Local data authority,I3,I3,REVIEWED,Pass 2 explicit membership review; rationale quoted from the corrected requirement statement.
CAN-LAM-META-070,WP-I11-003,WP-I11-003 is the architectural owner because its objective — Implement and verify the bounded metadata privacy removal surface. — is the surface that must execute the obligation 'Clear app metadata must remove the reviewed app-owned metadata from assets while preservin'; prerequisite packages WP-I11-001 supply the underlying schema/identity/journal it needs.,Editing,I11,I11,REVIEWED,Pass 2 explicit membership review; rationale quoted from the corrected requirement statement.
CAN-LAM-META-071,WP-I11-001,"WP-I11-001 is the architectural owner because its objective — Implement and verify the bounded authority-aware metadata editor surface. — is the surface that must execute the obligation 'Embedded metadata removal must strip the selected embedded fields from exported copies whi'; prerequisite packages WP-I3-006, WP-I3-011 supply the underlying schema/identity/journal it needs.",Editing,I11,I11,REVIEWED,Pass 2 explicit membership review; rationale quoted from the corrected requirement statement.
CAN-LAM-META-074,WP-I13-009,"WP-I13-009 is the architectural owner because its objective — Implement and verify the bounded sqlite index rebuild surface. — is the surface that must execute the obligation 'When the SQLite rebuild safety proof runs, Lamha must delete and rebuild SQLite from autho'; prerequisite packages WP-I3-009 supply the underlying schema/identity/journal it needs.","Backup, trash, restore and rebuild",I13,I13,REVIEWED,Pass 2 explicit membership review; rationale quoted from the corrected requirement statement.
CAN-LAM-META-075,WP-I11-010,"WP-I11-010 is the architectural owner because its objective — Implement and verify the bounded metadata snapshots and restore surface. — is the surface that must execute the obligation 'When the snapshot safety proof runs, Lamha must restore the exact prior metadata values fr'; prerequisite packages WP-I3-006 supply the underlying schema/identity/journal it needs.",Metadata,I11,I11,REVIEWED,Pass 2 explicit membership review; rationale quoted from the corrected requirement statement.
CAN-LAM-META-076,WP-I3-001,"WP-I3-001 is the architectural owner because its objective — Implement and verify the bounded authoritative record envelope surface. — is the surface that must execute the obligation 'When metadata corruption is detected, Lamha must preserve the corrupted bytes, mark the re'; prerequisite packages WP-I2-007 supply the underlying schema/identity/journal it needs.",Sidecars and metadata authority,I3,I3,REVIEWED,Pass 2 explicit membership review; rationale quoted from the corrected requirement statement.
CAN-LAM-META-077,WP-I3-015,"WP-I3-015 is the architectural owner because its objective — Implement and verify the bounded revision and concurrency preconditions surface. — is the surface that must execute the obligation 'When JSON and XMP conflict, Lamha must preserve both values with their sources and require'; prerequisite packages WP-I3-001 supply the underlying schema/identity/journal it needs.",Sidecars and metadata authority,I3,I3,REVIEWED,Pass 2 explicit membership review; rationale quoted from the corrected requirement statement.
CAN-LAM-PERF-001,WP-I10-005,"WP-I10-005 is the architectural owner because its objective — Detect and record CPU, core count, RAM, GPU/GPU memory, OS, disk, acceleration, library counts, and benchmark results from local OS data for AI hardware assessm — is the surface that must execute the obligation 'When hardware assessment runs, Lamha must detect and report the available GPU memory from '; prerequisite packages WP-I10-003 supply the underlying schema/identity/journal it needs.",Local AI worker,I10,I10,REVIEWED,Pass 2 explicit membership review; rationale quoted from the corrected requirement statement.
CAN-LAM-PERF-002,WP-I5-007,"WP-I5-007 is the architectural owner because its objective — Implement and verify the bounded memories experience surface. — is the surface that must execute the obligation 'The random continuous memory reel must derive assets from local canonical records, show a '; prerequisite packages WP-I4-010 supply the underlying schema/identity/journal it needs.",Memories,I5,I5,REVIEWED,Pass 2 explicit membership review; rationale quoted from the corrected requirement statement.
CAN-LAM-PERF-003,WP-I5-007,WP-I5-007 is the architectural owner because its objective — Implement and verify the bounded memories experience surface. — is the surface that must execute the obligation 'The Memories feature must provide a useful UI that derives each memory from local canonica'; prerequisite packages WP-I4-010 supply the underlying schema/identity/journal it needs.,Memories,I5,I5,REVIEWED,Pass 2 explicit membership review; rationale quoted from the corrected requirement statement.
CAN-LAM-PERF-004,WP-I14-010,WP-I14-010 is the architectural owner because its objective — Implement and verify the bounded resource and power controls surface. — is the surface that must execute the obligation 'Memory use must be measured and recorded for each declared workload against the reviewed b'; prerequisite packages WP-I10-005 supply the underlying schema/identity/journal it needs.,Performance and scale,I14,I14,REVIEWED,Pass 2 explicit membership review; rationale quoted from the corrected requirement statement.
CAN-LAM-PERF-005,WP-I14-005,"WP-I14-005 is the architectural owner because its objective — Define and measure performance budgets (scan, index, search, thumbnail, and UI responsiveness at declared asset counts) and RAM memory budgets, blocking release — is the surface that must execute the obligation 'Memory usage must be measured and recorded against the reviewed budget for every declared '; prerequisite packages WP-I2-002 supply the underlying schema/identity/journal it needs.",Performance and scale,I14,I14,REVIEWED,Pass 2 explicit membership review; rationale quoted from the corrected requirement statement.
CAN-LAM-PERF-006,WP-I14-013,"WP-I14-013 is the architectural owner because its objective — Provide keyboard, focus, semantic, screen-reader, and non-visual alternatives for every reviewed surface including maps, graphs, and desktop panels. — is the surface that must execute the obligation 'Accessibility must provide keyboard, focus, semantic, screen-reader, and non-visual altern'; prerequisite packages WP-I14-001, WP-I2-001, WP-I9-001 supply the underlying schema/identity/journal it needs.",Desktop shell,I14,I14,REVIEWED,Pass 2 explicit membership review; rationale quoted from the corrected requirement statement.
CAN-LAM-PERF-008,WP-I14-001,WP-I14-001 is the architectural owner because its objective — Define executable performance fixtures for 10k/50k/100k assets and require hardware-profile recording on every performance result. — is the surface that must execute the obligation 'Every performance result must record the hardware profile it was measured on so results ar'; prerequisite packages WP-I0-007 supply the underlying schema/identity/journal it needs.,Performance and scale,I14,I14,REVIEWED,Pass 2 explicit membership review; rationale quoted from the corrected requirement statement.
CAN-LAM-PERSON-002,WP-I8-005,WP-I8-005 is the architectural owner because its objective — Implement and verify the bounded multi-edge relationship history surface. — is the surface that must execute the obligation 'Relationship edges; Relationship JSON; Person UUID references; SQLite relationship index; '; prerequisite packages WP-I8-004 supply the underlying schema/identity/journal it needs.,Relationships and attribution,I8,I8,REVIEWED,Pass 2 explicit membership review; rationale quoted from the corrected requirement statement.
CAN-LAM-PERSON-004,WP-I8-006,"WP-I8-006 is the architectural owner because its objective — Implement and verify the bounded relationship projections and views surface. — is the surface that must execute the obligation 'To eliminate discretionary branching, implementation of core Lamha workflows MUST keep tas'; prerequisite packages WP-I8-005 supply the underlying schema/identity/journal it needs.",Metadata,I8,I8,REVIEWED,Pass 2 explicit membership review; rationale quoted from the corrected requirement statement.
CAN-LAM-PERSON-007,WP-I7-001,"WP-I7-001 is the architectural owner because its objective — Run face detection locally, produce reviewable face regions with model/source provenance, support targeted reprocessing, correction scoping, and misclassificati — is the surface that must execute the obligation 'When face detection runs locally, Lamha must produce face regions as reviewable candidates'; prerequisite packages WP-I10-001, WP-I10-003 supply the underlying schema/identity/journal it needs.",People and faces,I7,I7,REVIEWED,Pass 2 explicit membership review; rationale quoted from the corrected requirement statement.
CAN-LAM-PERSON-008,WP-I7-003,"WP-I7-003 is the architectural owner because its objective — Implement and verify the bounded face clustering and curation surface. — is the surface that must execute the obligation 'When face recognition runs locally, Lamha must produce person-match candidates with confid'; prerequisite packages WP-I7-002 supply the underlying schema/identity/journal it needs.",People and faces,I7,I7,REVIEWED,Pass 2 explicit membership review; rationale quoted from the corrected requirement statement.
CAN-LAM-PERSON-009,WP-I7-003,"WP-I7-003 is the architectural owner because its objective — Implement and verify the bounded face clustering and curation surface. — is the surface that must execute the obligation 'When face clustering runs, Lamha must group face regions into reviewable clusters without '; prerequisite packages WP-I7-002 supply the underlying schema/identity/journal it needs.",People and faces,I7,I7,REVIEWED,Pass 2 explicit membership review; rationale quoted from the corrected requirement statement.
CAN-LAM-PERSON-010,WP-I7-007,"WP-I7-007 is the architectural owner because its objective — Implement and verify the bounded group identity model surface. — is the surface that must execute the obligation 'When groups are managed, Lamha must persist the reviewed group record with aliases, member'; prerequisite packages WP-I7-004 supply the underlying schema/identity/journal it needs.",People and faces,I7,I7,REVIEWED,Pass 2 explicit membership review; rationale quoted from the corrected requirement statement.
CAN-LAM-PERSON-011,WP-I8-004,"WP-I8-004 is the architectural owner because its objective — Implement and verify the bounded relationship records surface. — is the surface that must execute the obligation 'When relationships are managed, Lamha must persist revisioned effective-dated edges with c'; prerequisite packages WP-I7-004 supply the underlying schema/identity/journal it needs.",People and faces,I8,I8,REVIEWED,Pass 2 explicit membership review; rationale quoted from the corrected requirement statement.
CAN-LAM-PERSON-012,WP-I7-004,"WP-I7-004 is the architectural owner because its objective — Persist stable person identities, names, aliases, faces, links, searchable historical/alternate names, and person-match candidates without auto-adding visible p — is the surface that must execute the obligation 'When a person page is opened, Lamha must load the reviewed person profile, faces, and link'; prerequisite packages WP-I7-002 supply the underlying schema/identity/journal it needs.",People and faces,I7,I7,REVIEWED,Pass 2 explicit membership review; rationale quoted from the corrected requirement statement.
CAN-LAM-PERSON-013,WP-I7-007,"WP-I7-007 is the architectural owner because its objective — Implement and verify the bounded group identity model surface. — is the surface that must execute the obligation 'When a group page is opened, Lamha must load the reviewed group record and members for dis'; prerequisite packages WP-I7-004 supply the underlying schema/identity/journal it needs.",People and faces,I7,I7,REVIEWED,Pass 2 explicit membership review; rationale quoted from the corrected requirement statement.
CAN-LAM-PERSON-014,WP-I8-006,"WP-I8-006 is the architectural owner because its objective — Implement and verify the bounded relationship projections and views surface. — is the surface that must execute the obligation 'When a relationship-composition view renders, Lamha must derive the composition from revie'; prerequisite packages WP-I8-005 supply the underlying schema/identity/journal it needs.",People and faces,I8,I8,REVIEWED,Pass 2 explicit membership review; rationale quoted from the corrected requirement statement.
CAN-LAM-PERSON-017,WP-I6-009,"WP-I6-009 is the architectural owner because its objective — Implement and verify the bounded event filesystem materialization plan surface. — is the surface that must execute the obligation 'When event organization includes family members, Lamha must group them under the event's r'; prerequisite packages WP-I3-011, WP-I6-002 supply the underlying schema/identity/journal it needs.",Events and organization,I6,I6,REVIEWED,Pass 2 explicit membership review; rationale quoted from the corrected requirement statement.
CAN-LAM-PERSON-018,WP-I6-005,"WP-I6-005 is the architectural owner because its objective — Implement and verify the bounded event merge plan surface. — is the surface that must execute the obligation 'When event organization includes friends, Lamha must group them under the event's reviewed'; prerequisite packages WP-I6-002 supply the underlying schema/identity/journal it needs.",Events and organization,I6,I6,REVIEWED,Pass 2 explicit membership review; rationale quoted from the corrected requirement statement.
CAN-LAM-PERSON-019,WP-I6-002,"WP-I6-002 is the architectural owner because its objective — Persist reviewed event types, parent/child membership, attendees, groups, tags, descriptions, covers, locations, schema validation, JSON/XMP alignment, and AI-d — is the surface that must execute the obligation 'When event organization includes family friends, Lamha must group them under the event's r'; prerequisite packages WP-I3-001 supply the underlying schema/identity/journal it needs.",Events and organization,I6,I6,REVIEWED,Pass 2 explicit membership review; rationale quoted from the corrected requirement statement.
CAN-LAM-PERSON-020,WP-I6-010,"WP-I6-010 is the architectural owner because its objective — Implement and verify the bounded event and manage later ui surface. — is the surface that must execute the obligation 'When event organization includes unknown people, Lamha must keep them in an unknown-people'; prerequisite packages WP-I6-002 supply the underlying schema/identity/journal it needs.",Events and organization,I6,I6,REVIEWED,Pass 2 explicit membership review; rationale quoted from the corrected requirement statement.
CAN-LAM-PERSON-021,WP-I6-004,"WP-I6-004 is the architectural owner because its objective — Implement and verify the bounded event inference proposals surface. — is the surface that must execute the obligation 'When event organization includes mixed groups, Lamha must keep the reviewed group boundari'; prerequisite packages WP-I4-010, WP-I6-002 supply the underlying schema/identity/journal it needs.",Events and organization,I6,I6,REVIEWED,Pass 2 explicit membership review; rationale quoted from the corrected requirement statement.
CAN-LAM-PERSON-022,WP-I3-001,"WP-I3-001 is the architectural owner because its objective — Implement and verify the bounded authoritative record envelope surface. — is the surface that must execute the obligation 'When person JSON is written, Lamha must persist a schema-valid person record with stable I'; prerequisite packages WP-I2-007 supply the underlying schema/identity/journal it needs.",Sidecars and metadata authority,I3,I3,REVIEWED,Pass 2 explicit membership review; rationale quoted from the corrected requirement statement.
CAN-LAM-PERSON-023,WP-I3-001,"WP-I3-001 is the architectural owner because its objective — Implement and verify the bounded authoritative record envelope surface. — is the surface that must execute the obligation 'When group JSON is written, Lamha must persist a schema-valid group record with aliases, m'; prerequisite packages WP-I2-007 supply the underlying schema/identity/journal it needs.",Sidecars and metadata authority,I3,I3,REVIEWED,Pass 2 explicit membership review; rationale quoted from the corrected requirement statement.
CAN-LAM-PERSON-024,WP-I3-001,"WP-I3-001 is the architectural owner because its objective — Implement and verify the bounded authoritative record envelope surface. — is the surface that must execute the obligation 'When relationship JSON is written, Lamha must persist schema-valid effective-dated relatio'; prerequisite packages WP-I2-007 supply the underlying schema/identity/journal it needs.",Sidecars and metadata authority,I3,I3,REVIEWED,Pass 2 explicit membership review; rationale quoted from the corrected requirement statement.
CAN-LAM-PERSON-025,WP-I3-001,"WP-I3-001 is the architectural owner because its objective — Implement and verify the bounded authoritative record envelope surface. — is the surface that must execute the obligation 'When relationship-map JSON is written, Lamha must persist a schema-valid projection of rel'; prerequisite packages WP-I2-007 supply the underlying schema/identity/journal it needs.",Sidecars and metadata authority,I3,I3,REVIEWED,Pass 2 explicit membership review; rationale quoted from the corrected requirement statement.
CAN-LAM-PERSON-026,WP-I7-001,"WP-I7-001 is the architectural owner because its objective — Run face detection locally, produce reviewable face regions with model/source provenance, support targeted reprocessing, correction scoping, and misclassificati — is the surface that must execute the obligation 'When face detection runs before final acceptance, Lamha must produce face-region candidate'; prerequisite packages WP-I10-001, WP-I10-003 supply the underlying schema/identity/journal it needs.",People and faces,I7,I7,REVIEWED,Pass 2 explicit membership review; rationale quoted from the corrected requirement statement.
CAN-LAM-PERSON-027,WP-I7-003,"WP-I7-003 is the architectural owner because its objective — Implement and verify the bounded face clustering and curation surface. — is the surface that must execute the obligation 'When face clusters are grouped, Lamha must produce reviewable clusters without merging dif'; prerequisite packages WP-I7-002 supply the underlying schema/identity/journal it needs.",People and faces,I7,I7,REVIEWED,Pass 2 explicit membership review; rationale quoted from the corrected requirement statement.
CAN-LAM-PERSON-028,WP-I7-004,"WP-I7-004 is the architectural owner because its objective — Persist stable person identities, names, aliases, faces, links, searchable historical/alternate names, and person-match candidates without auto-adding visible p — is the surface that must execute the obligation 'When person matches are suggested, Lamha must produce reviewable candidates with confidenc'; prerequisite packages WP-I7-002 supply the underlying schema/identity/journal it needs.",People and faces,I7,I7,REVIEWED,Pass 2 explicit membership review; rationale quoted from the corrected requirement statement.
CAN-LAM-PERSON-029,WP-I6-001,WP-I6-001 is the architectural owner because its objective — Implement and verify the bounded manage later non-mutating scan surface. — is the surface that must execute the obligation 'Face processing in Manage Later must produce face candidates with provenance and must not '; prerequisite packages WP-I4-001 supply the underlying schema/identity/journal it needs.,Events and organization,I6,I6,REVIEWED,Pass 2 explicit membership review; rationale quoted from the corrected requirement statement.
CAN-LAM-PERSON-030,WP-I5-016,"WP-I5-016 is the architectural owner because its objective — Load and display asset, person, event, sidecar, and duplicate detail views from local records without mutating the loaded records. — is the surface that must execute the obligation 'Person review in the viewer must show the reviewed person assignments and candidates and k'; prerequisite packages WP-I3-002, WP-I3-005 supply the underlying schema/identity/journal it needs.",Asset viewer,I5,I5,REVIEWED,Pass 2 explicit membership review; rationale quoted from the corrected requirement statement.
CAN-LAM-PERSON-033,WP-I7-003,WP-I7-003 is the architectural owner because its objective — Implement and verify the bounded face clustering and curation surface. — is the surface that must execute the obligation 'The required workflow is: Detect faces / → Group similar faces / → Show one cluster / → En'; prerequisite packages WP-I7-002 supply the underlying schema/identity/journal it needs.,People and faces,I7,I7,REVIEWED,Pass 2 explicit membership review; rationale quoted from the corrected requirement statement.
CAN-LAM-PERSON-034,WP-I7-003,"WP-I7-003 is the architectural owner because its objective — Implement and verify the bounded face clustering and curation surface. — is the surface that must execute the obligation 'When the user merges face clusters of the same person, Lamha must persist a durable pre-me'; prerequisite packages WP-I7-002 supply the underlying schema/identity/journal it needs.",People and faces,I7,I7,REVIEWED,Pass 2 explicit membership review; rationale quoted from the corrected requirement statement.
CAN-LAM-PERSON-035,WP-I7-009,"WP-I7-009 is the architectural owner because its objective — Implement and verify the bounded scoped face corrections surface. — is the surface that must execute the obligation 'When a wrong face is removed from a person, Lamha must unlink the face observation while p'; prerequisite packages WP-I7-002 supply the underlying schema/identity/journal it needs.",People and faces,I7,I7,REVIEWED,Pass 2 explicit membership review; rationale quoted from the corrected requirement statement.
CAN-LAM-PERSON-036,WP-I7-009,"WP-I7-009 is the architectural owner because its objective — Implement and verify the bounded scoped face corrections surface. — is the surface that must execute the obligation 'When the user assigns a face to another person, Lamha must update the reviewed face assign'; prerequisite packages WP-I7-002 supply the underlying schema/identity/journal it needs.",People and faces,I7,I7,REVIEWED,Pass 2 explicit membership review; rationale quoted from the corrected requirement statement.
CAN-LAM-PERSON-037,WP-I7-009,"WP-I7-009 is the architectural owner because its objective — Implement and verify the bounded scoped face corrections surface. — is the surface that must execute the obligation 'When the user marks a region as not a face, Lamha must persist the negative label and excl'; prerequisite packages WP-I7-002 supply the underlying schema/identity/journal it needs.",People and faces,I7,I7,REVIEWED,Pass 2 explicit membership review; rationale quoted from the corrected requirement statement.
CAN-LAM-PERSON-038,WP-I7-009,"WP-I7-009 is the architectural owner because its objective — Implement and verify the bounded scoped face corrections surface. — is the surface that must execute the obligation 'When a face region is corrected, Lamha must store the corrected region with a revision and'; prerequisite packages WP-I7-002 supply the underlying schema/identity/journal it needs.",People and faces,I7,I7,REVIEWED,Pass 2 explicit membership review; rationale quoted from the corrected requirement statement.
CAN-LAM-PERSON-039,WP-I7-009,"WP-I7-009 is the architectural owner because its objective — Implement and verify the bounded scoped face corrections surface. — is the surface that must execute the obligation 'When a person is hidden, Lamha must keep the person record and links intact and exclude th'; prerequisite packages WP-I7-002 supply the underlying schema/identity/journal it needs.",People and faces,I7,I7,REVIEWED,Pass 2 explicit membership review; rationale quoted from the corrected requirement statement.
CAN-LAM-PERSON-049,WP-I7-008,"WP-I7-008 is the architectural owner because its objective — Persist complete group membership models with active/former/inactive effective-dated intervals, historical immutability, and overlap validation. — is the surface that must execute the obligation 'A person may have a Friend relationship and later acquire a Family relationship. Effective'; prerequisite packages WP-I7-007 supply the underlying schema/identity/journal it needs.",People and faces,I7,I7,REVIEWED,Pass 2 explicit membership review; rationale quoted from the corrected requirement statement.
CAN-LAM-PERSON-051,WP-I7-008,"WP-I7-008 is the architectural owner because its objective — Persist complete group membership models with active/former/inactive effective-dated intervals, historical immutability, and overlap validation. — is the surface that must execute the obligation 'When group membership validation observes an active Family classification, it must reject '; prerequisite packages WP-I7-007 supply the underlying schema/identity/journal it needs.",People and faces,I7,I7,REVIEWED,Pass 2 explicit membership review; rationale quoted from the corrected requirement statement.
CAN-LAM-PERSON-060,WP-I8-004,"WP-I8-004 is the architectural owner because its objective — Implement and verify the bounded relationship records surface. — is the surface that must execute the obligation 'When the user creates a relationship, Lamha must persist a revisioned effective-dated edge'; prerequisite packages WP-I7-004 supply the underlying schema/identity/journal it needs.",People and faces,I8,I8,REVIEWED,Pass 2 explicit membership review; rationale quoted from the corrected requirement statement.
CAN-LAM-PERSON-061,WP-I8-004,"WP-I8-004 is the architectural owner because its objective — Implement and verify the bounded relationship records surface. — is the surface that must execute the obligation 'When the user deletes a relationship, Lamha must close the edge at its end date and preser'; prerequisite packages WP-I7-004 supply the underlying schema/identity/journal it needs.",People and faces,I8,I8,REVIEWED,Pass 2 explicit membership review; rationale quoted from the corrected requirement statement.
CAN-LAM-PERSON-062,WP-I7-008,"WP-I7-008 is the architectural owner because its objective — Persist complete group membership models with active/former/inactive effective-dated intervals, historical immutability, and overlap validation. — is the surface that must execute the obligation 'When group membership changes, Lamha must append or close the effective-dated period and p'; prerequisite packages WP-I7-007 supply the underlying schema/identity/journal it needs.",People and faces,I7,I7,REVIEWED,Pass 2 explicit membership review; rationale quoted from the corrected requirement statement.
CAN-LAM-PERSON-068,WP-I8-001,"WP-I8-001 is the architectural owner because its objective — Implement and verify the bounded tag records and namespaces surface. — is the surface that must execute the obligation 'Visible-person, visible-group, and visible-relationship labels are derived from approved v'; prerequisite packages WP-I3-001 supply the underlying schema/identity/journal it needs.",Tags,I8,I8,REVIEWED,Pass 2 explicit membership review; rationale quoted from the corrected requirement statement.
CAN-LAM-PERSON-073,WP-I8-006,"WP-I8-006 is the architectural owner because its objective — Implement and verify the bounded relationship projections and views surface. — is the surface that must execute the obligation 'A relationship type may map to one bucket, more than one bucket when explicitly approved, '; prerequisite packages WP-I8-005 supply the underlying schema/identity/journal it needs.",Relationships and attribution,I8,I8,REVIEWED,Pass 2 explicit membership review; rationale quoted from the corrected requirement statement.
CAN-LAM-PERSON-077,WP-I8-006,WP-I8-006 is the architectural owner because its objective — Implement and verify the bounded relationship projections and views surface. — is the surface that must execute the obligation 'A person may contribute to more than one bucket when explicitly justified by active mapped'; prerequisite packages WP-I8-005 supply the underlying schema/identity/journal it needs.,Relationships and attribution,I8,I8,REVIEWED,Pass 2 explicit membership review; rationale quoted from the corrected requirement statement.
CAN-LAM-PERSON-078,WP-I7-004,"WP-I7-004 is the architectural owner because its objective — Persist stable person identities, names, aliases, faces, links, searchable historical/alternate names, and person-match candidates without auto-adding visible p — is the surface that must execute the obligation 'Creating or updating an event attendee must not add that person to an asset's visible-peop'; prerequisite packages WP-I7-002 supply the underlying schema/identity/journal it needs.",People and faces,I7,I7,REVIEWED,Pass 2 explicit membership review; rationale quoted from the corrected requirement statement.
CAN-LAM-PERSON-086,WP-I10-011,"WP-I10-011 is the architectural owner because its objective — Detect exact and similar duplicates, compare resolution/format/size/album/tag/event/metadata evidence, produce reviewable candidates, support burst grouping, si — is the surface that must execute the obligation 'When burst grouping runs, Lamha must create a reviewable burst grouping of captures with s'; prerequisite packages WP-I3-002 supply the underlying schema/identity/journal it needs.",Duplicates,I10,I10,REVIEWED,Pass 2 explicit membership review; rationale quoted from the corrected requirement statement.
CAN-LAM-PERSON-087,WP-I10-010,"WP-I10-010 is the architectural owner because its objective — Implement and verify the bounded embeddings and semantic search surface. — is the surface that must execute the obligation 'When AI data control runs, Lamha must let the user export or delete face embeddings and re'; prerequisite packages WP-I10-001, WP-I10-003 supply the underlying schema/identity/journal it needs.",People and faces,I10,I10,REVIEWED,Pass 2 explicit membership review; rationale quoted from the corrected requirement statement.
CAN-LAM-PERSON-088,WP-I5-007,WP-I5-007 is the architectural owner because its objective — Implement and verify the bounded memories experience surface. — is the surface that must execute the obligation 'Person memories must derive assets from reviewed person assignments and omit unavailable a'; prerequisite packages WP-I4-010 supply the underlying schema/identity/journal it needs.,People and faces,I5,I5,REVIEWED,Pass 2 explicit membership review; rationale quoted from the corrected requirement statement.
CAN-LAM-PERSON-089,WP-I5-007,WP-I5-007 is the architectural owner because its objective — Implement and verify the bounded memories experience surface. — is the surface that must execute the obligation 'Group memories must derive assets from reviewed group membership and omit unavailable asse'; prerequisite packages WP-I4-010 supply the underlying schema/identity/journal it needs.,People and faces,I5,I5,REVIEWED,Pass 2 explicit membership review; rationale quoted from the corrected requirement statement.
CAN-LAM-PERSON-090,WP-I5-007,WP-I5-007 is the architectural owner because its objective — Implement and verify the bounded memories experience surface. — is the surface that must execute the obligation 'Hidden-person exclusions must exclude assets whose only reviewed people are hidden from me'; prerequisite packages WP-I4-010 supply the underlying schema/identity/journal it needs.,People and faces,I5,I5,REVIEWED,Pass 2 explicit membership review; rationale quoted from the corrected requirement statement.
CAN-LAM-PERSON-091,WP-I10-011,"WP-I10-011 is the architectural owner because its objective — Detect exact and similar duplicates, compare resolution/format/size/album/tag/event/metadata evidence, produce reviewable candidates, support burst grouping, si — is the surface that must execute the obligation 'When burst groups are evaluated, Lamha must produce reviewable burst groups with stable id'; prerequisite packages WP-I3-002 supply the underlying schema/identity/journal it needs.",Duplicates,I10,I10,REVIEWED,Pass 2 explicit membership review; rationale quoted from the corrected requirement statement.
CAN-LAM-PERSON-092,WP-I5-013,"WP-I5-013 is the architectural owner because its objective — Load and display review items, assets, events, people, and provenance without mutating authoritative state; opening an item never changes its state. — is the surface that must execute the obligation 'When Open person is invoked, Lamha must load and display the reviewed person profile, face'; prerequisite packages WP-I3-002, WP-I5-010, WP-I6-002, WP-I7-004 supply the underlying schema/identity/journal it needs.",People and faces,I5,I5,REVIEWED,Pass 2 explicit membership review; rationale quoted from the corrected requirement statement.
CAN-LAM-PERSON-093,WP-I7-010,"WP-I7-010 is the architectural owner because its objective — Implement and verify the bounded people and face privacy surface. — is the surface that must execute the obligation 'When face and AI privacy controls run, Lamha must let the user delete face boxes from the '; prerequisite packages WP-I10-001, WP-I7-004 supply the underlying schema/identity/journal it needs.",Metadata,I7,I7,REVIEWED,Pass 2 explicit membership review; rationale quoted from the corrected requirement statement.
CAN-LAM-PERSON-094,WP-I7-010,"WP-I7-010 is the architectural owner because its objective — Implement and verify the bounded people and face privacy surface. — is the surface that must execute the obligation 'When face and AI privacy controls run, Lamha must let the user delete person assignments f'; prerequisite packages WP-I10-001, WP-I7-004 supply the underlying schema/identity/journal it needs.",People and faces,I7,I7,REVIEWED,Pass 2 explicit membership review; rationale quoted from the corrected requirement statement.
CAN-LAM-PERSON-095,WP-I8-004,"WP-I8-004 is the architectural owner because its objective — Implement and verify the bounded relationship records surface. — is the surface that must execute the obligation 'When face and AI privacy controls run, Lamha must let the user delete relationship links f'; prerequisite packages WP-I7-004 supply the underlying schema/identity/journal it needs.",People and faces,I8,I8,REVIEWED,Pass 2 explicit membership review; rationale quoted from the corrected requirement statement.
CAN-LAM-PERSON-096,WP-I7-010,"WP-I7-010 is the architectural owner because its objective — Implement and verify the bounded people and face privacy surface. — is the surface that must execute the obligation 'When the user requests AI data deletion for one person, Lamha must delete that person's AI'; prerequisite packages WP-I10-001, WP-I7-004 supply the underlying schema/identity/journal it needs.",People and faces,I7,I7,REVIEWED,Pass 2 explicit membership review; rationale quoted from the corrected requirement statement.
CAN-LAM-PERSON-097,WP-I7-004,"WP-I7-004 is the architectural owner because its objective — Persist stable person identities, names, aliases, faces, links, searchable historical/alternate names, and person-match candidates without auto-adding visible p — is the surface that must execute the obligation 'People records must persist stable identities, names, faces, and links and preserve them a'; prerequisite packages WP-I7-002 supply the underlying schema/identity/journal it needs.",People and faces,I7,I7,REVIEWED,Pass 2 explicit membership review; rationale quoted from the corrected requirement statement.
CAN-LAM-PERSON-098,WP-I14-013,"WP-I14-013 is the architectural owner because its objective — Provide keyboard, focus, semantic, screen-reader, and non-visual alternatives for every reviewed surface including maps, graphs, and desktop panels. — is the surface that must execute the obligation 'People browsing must render person profiles and faces from local records, stay keyboard-op'; prerequisite packages WP-I14-001, WP-I2-001, WP-I9-001 supply the underlying schema/identity/journal it needs.",People and faces,I14,I14,REVIEWED,Pass 2 explicit membership review; rationale quoted from the corrected requirement statement.
CAN-LAM-PERSON-100,WP-I7-011,"WP-I7-011 is the architectural owner because its objective — Implement and verify the bounded people and groups ui surface. — is the surface that must execute the obligation 'The target local architecture must retain the useful people UI that renders profiles, face'; prerequisite packages WP-I7-004 supply the underlying schema/identity/journal it needs.",People and faces,I7,I7,REVIEWED,Pass 2 explicit membership review; rationale quoted from the corrected requirement statement.
CAN-LAM-PERSON-121,WP-I7-007,"WP-I7-007 is the architectural owner because its objective — Implement and verify the bounded group identity model surface. — is the surface that must execute the obligation 'When a user adds a subgroup to a group, Lamha must persist the reviewed hierarchical membe'; prerequisite packages WP-I7-004 supply the underlying schema/identity/journal it needs.",People and faces,I7,I7,REVIEWED,Pass 2 explicit membership review; rationale quoted from the corrected requirement statement.
CAN-LAM-PERSON-128,WP-I7-001,"WP-I7-001 is the architectural owner because its objective — Run face detection locally, produce reviewable face regions with model/source provenance, support targeted reprocessing, correction scoping, and misclassificati — is the surface that must execute the obligation 'When a face misclassification is detected or reported, Lamha must create a review item wit'; prerequisite packages WP-I10-001, WP-I10-003 supply the underlying schema/identity/journal it needs.",People and faces,I7,I7,REVIEWED,Pass 2 explicit membership review; rationale quoted from the corrected requirement statement.
CAN-LAM-SEARCH-001,WP-I10-010,"WP-I10-010 is the architectural owner because its objective — Implement and verify the bounded embeddings and semantic search surface. — is the surface that must execute the obligation 'When a semantic image search query runs, Lamha must match local embeddings and return resu'; prerequisite packages WP-I10-001, WP-I10-003 supply the underlying schema/identity/journal it needs.",Search and OCR,I10,I10,REVIEWED,Pass 2 explicit membership review; rationale quoted from the corrected requirement statement.
CAN-LAM-SEARCH-002,WP-I10-010,"WP-I10-010 is the architectural owner because its objective — Implement and verify the bounded embeddings and semantic search surface. — is the surface that must execute the obligation 'When a search query runs, Lamha must return matching local assets with source and revision'; prerequisite packages WP-I10-001, WP-I10-003 supply the underlying schema/identity/journal it needs.",Search and OCR,I10,I10,REVIEWED,Pass 2 explicit membership review; rationale quoted from the corrected requirement statement.
CAN-LAM-SEARCH-003,WP-I10-010,"WP-I10-010 is the architectural owner because its objective — Implement and verify the bounded embeddings and semantic search surface. — is the surface that must execute the obligation 'When search results are displayed, Lamha must show matching local assets with source and r'; prerequisite packages WP-I10-001, WP-I10-003 supply the underlying schema/identity/journal it needs.",Search and OCR,I10,I10,REVIEWED,Pass 2 explicit membership review; rationale quoted from the corrected requirement statement.
CAN-LAM-SEARCH-004,WP-I10-010,"WP-I10-010 is the architectural owner because its objective — Implement and verify the bounded embeddings and semantic search surface. — is the surface that must execute the obligation 'When semantic-search embeddings are produced, Lamha must store them as rebuildable project'; prerequisite packages WP-I10-001, WP-I10-003 supply the underlying schema/identity/journal it needs.",Search and OCR,I10,I10,REVIEWED,Pass 2 explicit membership review; rationale quoted from the corrected requirement statement.
CAN-LAM-SEARCH-005,WP-I7-004,"WP-I7-004 is the architectural owner because its objective — Persist stable person identities, names, aliases, faces, links, searchable historical/alternate names, and person-match candidates without auto-adding visible p — is the surface that must execute the obligation 'Person search must match historical and alternate names and return the correct person prof'; prerequisite packages WP-I7-002 supply the underlying schema/identity/journal it needs.",People and faces,I7,I7,REVIEWED,Pass 2 explicit membership review; rationale quoted from the corrected requirement statement.
CAN-LAM-SEARCH-006,WP-I10-010,"WP-I10-010 is the architectural owner because its objective — Implement and verify the bounded embeddings and semantic search surface. — is the surface that must execute the obligation 'When a semantic search runs, Lamha must match local embeddings and return results with sou'; prerequisite packages WP-I10-001, WP-I10-003 supply the underlying schema/identity/journal it needs.",Search and OCR,I10,I10,REVIEWED,Pass 2 explicit membership review; rationale quoted from the corrected requirement statement.
CAN-LAM-SEARCH-007,WP-I5-006,WP-I5-006 is the architectural owner because its objective — Implement and verify the bounded albums and favorites surface. — is the surface that must execute the obligation 'Album filtering must return assets whose reviewed album membership matches the filter.'; prerequisite packages WP-I3-001 supply the underlying schema/identity/journal it needs.,Albums and favorites,I5,I5,REVIEWED,Pass 2 explicit membership review; rationale quoted from the corrected requirement statement.
CAN-LAM-SEARCH-008,WP-I5-006,"WP-I5-006 is the architectural owner because its objective — Implement and verify the bounded albums and favorites surface. — is the surface that must execute the obligation 'When a search or smart view runs, Lamha must include favorite state as a filter from local'; prerequisite packages WP-I3-001 supply the underlying schema/identity/journal it needs.",Gallery and timeline,I5,I5,REVIEWED,Pass 2 explicit membership review; rationale quoted from the corrected requirement statement.
CAN-LAM-SEARCH-009,WP-I5-008,"WP-I5-008 is the architectural owner because its objective — Render maps, venues, offline coordinates, asset timelines by location, location filters, and review links from canonical location records; keep optional map til — is the surface that must execute the obligation 'When a location filter is applied, Lamha must return assets whose reviewed location matche'; prerequisite packages WP-I4-008 supply the underlying schema/identity/journal it needs.",Map and location,I5,I5,REVIEWED,Pass 2 explicit membership review; rationale quoted from the corrected requirement statement.
CAN-LAM-SEARCH-011,WP-I5-014,"WP-I5-014 is the architectural owner because its objective — Filter review queues by confidence and source and advance through items one by one or by skipping without changing item state. — is the surface that must execute the obligation 'When a reviewer filters review items by confidence, Lamha must show exactly the items whos'; prerequisite packages WP-I5-010 supply the underlying schema/identity/journal it needs.",Review Centre,I5,I5,REVIEWED,Pass 2 explicit membership review; rationale quoted from the corrected requirement statement.
CAN-LAM-SEARCH-012,WP-I5-014,"WP-I5-014 is the architectural owner because its objective — Filter review queues by confidence and source and advance through items one by one or by skipping without changing item state. — is the surface that must execute the obligation 'When a reviewer filters review items by source, Lamha must show exactly the items whose re'; prerequisite packages WP-I5-010 supply the underlying schema/identity/journal it needs.",Review Centre,I5,I5,REVIEWED,Pass 2 explicit membership review; rationale quoted from the corrected requirement statement.
CAN-LAM-SEARCH-013,WP-I10-010,"WP-I10-010 is the architectural owner because its objective — Implement and verify the bounded embeddings and semantic search surface. — is the surface that must execute the obligation 'The target local architecture must retain the useful search UI that returns matching local'; prerequisite packages WP-I10-001, WP-I10-003 supply the underlying schema/identity/journal it needs.",Search and OCR,I10,I10,REVIEWED,Pass 2 explicit membership review; rationale quoted from the corrected requirement statement.
CAN-LAM-TEST-020,WP-I0-011,"WP-I0-011 is the architectural owner because its objective — Enforce planning authority: canonical requirement IDs, evidence gates, completion-tracker revisions, no-stub completion, and double-check/bottom-up audit obliga — is the surface that must execute the obligation 'Each high or critical risk must link a runnable failure or boundary test that demonstrates'; prerequisite packages WP-I0-001 supply the underlying schema/identity/journal it needs.",Active-plan authority adoption,I0,I0,REVIEWED,Pass 2 explicit membership review; rationale quoted from the corrected requirement statement.
CAN-LAM-TEST-021,WP-I0-011,"WP-I0-011 is the architectural owner because its objective — Enforce planning authority: canonical requirement IDs, evidence gates, completion-tracker revisions, no-stub completion, and double-check/bottom-up audit obliga — is the surface that must execute the obligation 'A work package must not transition to complete until its focused checks, affected regressi'; prerequisite packages WP-I0-001 supply the underlying schema/identity/journal it needs.",Active-plan authority adoption,I0,I0,REVIEWED,Pass 2 explicit membership review; rationale quoted from the corrected requirement statement.
CAN-LAM-TRANSACTION-001,WP-I3-010,WP-I3-010 is the architectural owner because its objective — Implement and verify the bounded filesystem operation journal surface. — is the surface that must execute the obligation 'LAM-TRANSACTION-001; Authoritative filesystem mutations use a transparent local coordinato'; prerequisite packages WP-I3-003 supply the underlying schema/identity/journal it needs.,Filesystem transactions and recovery,I3,I3,REVIEWED,Pass 2 explicit membership review; rationale quoted from the corrected requirement statement.
CAN-LAM-TRANSACTION-002,WP-I3-010,"WP-I3-010 is the architectural owner because its objective — Implement and verify the bounded filesystem operation journal surface. — is the surface that must execute the obligation 'When operation journals are written, Lamha must persist a typed journal of every staged mu'; prerequisite packages WP-I3-003 supply the underlying schema/identity/journal it needs.",Sidecars and metadata authority,I3,I3,REVIEWED,Pass 2 explicit membership review; rationale quoted from the corrected requirement statement.
CAN-LAM-TRANSACTION-012,WP-I12-006,WP-I12-006 is the architectural owner because its objective — Implement and verify the bounded root and asset relinking surface. — is the surface that must execute the obligation 'Crash recovery must reconcile uncommitted manifests by transaction UUID and auto-finalize '; prerequisite packages WP-I12-001 supply the underlying schema/identity/journal it needs.,External drives and path resilience,I12,I12,REVIEWED,Pass 2 explicit membership review; rationale quoted from the corrected requirement statement.
CAN-LAM-TRASH-002,WP-I13-006,"WP-I13-006 is the architectural owner because its objective — Move complete asset bundles into a reversible trash state through reviewed plans, preserve event/tag references and original paths, and require explicit confirm — is the surface that must execute the obligation 'When an asset is trashed, Lamha must move it to a reversible trash state through a reviewe'; prerequisite packages WP-I3-010, WP-I3-011, WP-I3-012 supply the underlying schema/identity/journal it needs.","Backup, trash, restore and rebuild",I13,I13,REVIEWED,Pass 2 explicit membership review; rationale quoted from the corrected requirement statement.
CAN-LAM-TRASH-003,WP-I13-006,"WP-I13-006 is the architectural owner because its objective — Move complete asset bundles into a reversible trash state through reviewed plans, preserve event/tag references and original paths, and require explicit confirm — is the surface that must execute the obligation 'When an asset is trashed, Lamha must move it through a reversible trash plan and restore i'; prerequisite packages WP-I3-010, WP-I3-011, WP-I3-012 supply the underlying schema/identity/journal it needs.","Backup, trash, restore and rebuild",I13,I13,REVIEWED,Pass 2 explicit membership review; rationale quoted from the corrected requirement statement.
CAN-LAM-TRASH-004,WP-I13-006,"WP-I13-006 is the architectural owner because its objective — Move complete asset bundles into a reversible trash state through reviewed plans, preserve event/tag references and original paths, and require explicit confirm — is the surface that must execute the obligation 'When an asset is trashed, Lamha must move the complete asset bundle to a reversible trash '; prerequisite packages WP-I3-010, WP-I3-011, WP-I3-012 supply the underlying schema/identity/journal it needs.","Backup, trash, restore and rebuild",I13,I13,REVIEWED,Pass 2 explicit membership review; rationale quoted from the corrected requirement statement.
CAN-MISSION-I0-001,WP-I0-001,"WP-I0-001 is the architectural owner because its objective — Inspect the existing repository without mutation and record provenance, file inventory, SHA-256 integrity, available Git state, and toolchain/manifest evidence  — is the surface that must execute the obligation 'During I0, the implementation team must inspect the existing Lamha repository in read-only'.",Repository proof and feasibility,I0,I0,REVIEWED,Pass 2 explicit membership review; rationale quoted from the corrected requirement statement.
CAN-MISSION-I0-002,WP-I0-002,"WP-I0-002 is the architectural owner because its objective — Inspect existing Git state without creating or modifying commits, branches, tags, stashes, worktrees, the index, or configuration. — is the surface that must execute the obligation 'During I0, the implementation team may inspect existing Git metadata with optional locks d'; prerequisite packages WP-I0-001 supply the underlying schema/identity/journal it needs.",Repository proof and feasibility,I0,I0,REVIEWED,Pass 2 explicit membership review; rationale quoted from the corrected requirement statement.
CAN-MISSION-I0-003,WP-I0-003,"WP-I0-003 is the architectural owner because its objective — Calculate and verify path, size, and SHA-256 evidence for existing repository files without creating an archive, backup, or duplicate tree. — is the surface that must execute the obligation 'During I0, the implementation team must calculate and verify a SHA-256 manifest for existi'; prerequisite packages WP-I0-001 supply the underlying schema/identity/journal it needs.",Repository proof and feasibility,I0,I0,REVIEWED,Pass 2 explicit membership review; rationale quoted from the corrected requirement statement.
CAN-MISSION-I0-004,WP-I0-004,"WP-I0-004 is the architectural owner because its objective — Implement and verify the bounded mixed-version manifest investigation surface. — is the surface that must execute the obligation 'Investigate and record mixed-version package, lockfile, generated-client, and toolchain ma'; prerequisite packages WP-I0-001 supply the underlying schema/identity/journal it needs.",Repository proof and feasibility,I0,I0,REVIEWED,Pass 2 explicit membership review; rationale quoted from the corrected requirement statement.
CAN-MISSION-I0-005,WP-I0-006,WP-I0-006 is the architectural owner because its objective — Define where later authorized build and test outputs may be written without creating a repository copy during the read-only provenance baseline. — is the surface that must execute the obligation 'WP-I0-006 must define build-output isolation rules without creating a repository copy duri'; prerequisite packages WP-I0-001 supply the underlying schema/identity/journal it needs.,Repository proof and feasibility,I0,I0,REVIEWED,Pass 2 explicit membership review; rationale quoted from the corrected requirement statement.
CAN-MISSION-I0-006,WP-I0-005,"WP-I0-005 is the architectural owner because its objective — Implement and verify the bounded toolchain inventory surface. — is the surface that must execute the obligation 'During read-only I0 inspection, the implementation team must record the existing Node, pac'; prerequisite packages WP-I0-004 supply the underlying schema/identity/journal it needs.",Repository proof and feasibility,I0,I0,REVIEWED,Pass 2 explicit membership review; rationale quoted from the corrected requirement statement.
CAN-MISSION-I0-007,WP-I0-007,"WP-I0-007 is the architectural owner because its objective — Implement and verify the bounded baseline build and test attempts surface. — is the surface that must execute the obligation 'Attempt baseline builds and tests in the disposable workspace and record exact successes, '; prerequisite packages WP-I0-004, WP-I0-005 supply the underlying schema/identity/journal it needs.",Repository proof and feasibility,I0,I0,REVIEWED,Pass 2 explicit membership review; rationale quoted from the corrected requirement statement.
CAN-MISSION-I0-008,WP-I0-008,"WP-I0-008 is the architectural owner because its objective — Implement and verify the bounded missing fixture classification surface. — is the surface that must execute the obligation 'During read-only I0 inspection, the implementation team must classify each observed missin'; prerequisite packages WP-I0-001 supply the underlying schema/identity/journal it needs.",Repository proof and feasibility,I0,I0,REVIEWED,Pass 2 explicit membership review; rationale quoted from the corrected requirement statement.
CAN-MISSION-I0-009,WP-I0-009,"WP-I0-009 is the architectural owner because its objective — Implement and verify the bounded frontend coupling inventory surface. — is the surface that must execute the obligation 'During read-only I0 inspection, the implementation team must record each frontend dependen'; prerequisite packages WP-I0-001 supply the underlying schema/identity/journal it needs.",Repository proof and feasibility,I0,I0,REVIEWED,Pass 2 explicit membership review; rationale quoted from the corrected requirement statement.
CAN-MISSION-I0-010,WP-I0-010,"WP-I0-010 is the architectural owner because its objective — Implement and verify the bounded outbound and commercial integration inventory surface. — is the surface that must execute the obligation 'Inventory outbound hosts, telemetry, update checks, cloud services, commercial integration'; prerequisite packages WP-I0-001 supply the underlying schema/identity/journal it needs.",Repository proof and feasibility,I0,I0,REVIEWED,Pass 2 explicit membership review; rationale quoted from the corrected requirement statement.
CAN-MISSION-I0-011,WP-I0-011,"WP-I0-011 is the architectural owner because its objective — Enforce planning authority: canonical requirement IDs, evidence gates, completion-tracker revisions, no-stub completion, and double-check/bottom-up audit obliga — is the surface that must execute the obligation 'During repository provenance and integrity inspection, every application file outside Grap'; prerequisite packages WP-I0-001 supply the underlying schema/identity/journal it needs.",Repository proof and feasibility,I0,I0,REVIEWED,Pass 2 explicit membership review; rationale quoted from the corrected requirement statement.
CAN-MISSION-I14-001,WP-I14-005,"WP-I14-005 is the architectural owner because its objective — Define and measure performance budgets (scan, index, search, thumbnail, and UI responsiveness at declared asset counts) and RAM memory budgets, blocking release — is the surface that must execute the obligation 'I14 performance validation must execute declared 10,000-, 50,000-, and 100,000-asset fixtu'; prerequisite packages WP-I2-002 supply the underlying schema/identity/journal it needs.",Performance and scale,I14,I14,REVIEWED,Pass 2 explicit membership review; rationale quoted from the corrected requirement statement.
CAN-MISSION-I14-002,WP-I14-013,"WP-I14-013 is the architectural owner because its objective — Provide keyboard, focus, semantic, screen-reader, and non-visual alternatives for every reviewed surface including maps, graphs, and desktop panels. — is the surface that must execute the obligation 'Each graph, map, timeline, and review interface must expose keyboard navigation, visible f'; prerequisite packages WP-I14-001, WP-I2-001, WP-I9-001 supply the underlying schema/identity/journal it needs.",Gallery and timeline,I14,I14,REVIEWED,Pass 2 explicit membership review; rationale quoted from the corrected requirement statement.
CAN-MISSION-I14-003,WP-I14-012,"WP-I14-012 is the architectural owner because its objective — Expose typed progress and recovery state for background jobs and measure responsiveness and cancellation latency on declared hardware. — is the surface that must execute the obligation 'I14 validation must execute representative background jobs on declared hardware and report'; prerequisite packages WP-I10-008, WP-I14-001 supply the underlying schema/identity/journal it needs.",Jobs and notifications,I14,I14,REVIEWED,Pass 2 explicit membership review; rationale quoted from the corrected requirement statement.
CAN-MISSION-I14-004,WP-I14-014,"WP-I14-014 is the architectural owner because its objective — Record accessibility and performance evidence separately for Windows, macOS, and Linux where platform behavior differs. — is the surface that must execute the obligation 'Record accessibility and performance evidence separately for Windows, macOS, and Linux whe'; prerequisite packages WP-I14-001, WP-I15-001 supply the underlying schema/identity/journal it needs.",Performance and scale,I14,I14,REVIEWED,Pass 2 explicit membership review; rationale quoted from the corrected requirement statement.
CAN-MISSION-I15-001,WP-I15-001,"WP-I15-001 is the architectural owner because its objective — Produce and verify clean-machine Windows, macOS, and Linux packages with no runtime server requirement. — is the surface that must execute the obligation 'Produce and verify clean-machine Windows, macOS, and Linux packages with no runtime server'; prerequisite packages WP-I15-006, WP-I2-013 supply the underlying schema/identity/journal it needs.",Packaging and legacy eradication,I15,I15,REVIEWED,Pass 2 explicit membership review; rationale quoted from the corrected requirement statement.
CAN-MISSION-I15-002,WP-I15-007,"WP-I15-007 is the architectural owner because its objective — Implement and verify the bounded sbom and third-party notices surface. — is the surface that must execute the obligation 'Before release, I15 must generate the product SBOM and record reviewed licence, attributio'; prerequisite packages WP-I15-001, WP-I15-006 supply the underlying schema/identity/journal it needs.",Packaging and legacy eradication,I15,I15,REVIEWED,Pass 2 explicit membership review; rationale quoted from the corrected requirement statement.
CAN-MISSION-I15-003,WP-I15-014,"WP-I15-014 is the architectural owner because its objective — Verify final packages make no hidden or mandatory outbound network connection and operate locally without required cloud/remote services. — is the surface that must execute the obligation 'Verify final packages make no hidden or mandatory outbound network connection.'; prerequisite packages WP-I0-010, WP-I7-010 supply the underlying schema/identity/journal it needs.",Packaging and legacy eradication,I15,I15,REVIEWED,Pass 2 explicit membership review; rationale quoted from the corrected requirement statement.
CAN-SECTION-0120,WP-I11-010,"WP-I11-010 is the architectural owner because its objective — Implement and verify the bounded metadata snapshots and restore surface. — is the surface that must execute the obligation 'Metadata mutation must preserve original filename provenance, create revisioned metadata s'; prerequisite packages WP-I3-006 supply the underlying schema/identity/journal it needs.",Asset identity and records,I11,I11,REVIEWED,Pass 2 explicit membership review; rationale quoted from the corrected requirement statement.
