record_id,original_source_text,previous_statement,final_statement,final_classification,parent_requirement,acceptance_criteria,capability,primary_phase,verification_method,review_rationale,evidence,disposition,reviewer_type,review_revision,review_status
CAN-LAM-GOV-055,Existing command verified now,"When the desktop shell handles Existing command verified now in 0.6 Pre-Commit Linter & Verification CLI Execution Commands, it must use the typed Tauri boundary, expose the result or stable error to the frontend, and reject requests outside the granted capability without side effects.","The planning tracker must record, for each existing command, whether its replacement is verified now; an unverified replacement must remain BLOCKED and must not be treated as implemented.",CONSTRAINT,CAN-SECTION-0181,,Planning and verification governance,,Tracker validation must reject a VERIFIED status without recorded replacement evidence.,Tracker-column label under the command-migration section; it constrains planning evidence rather than describing runtime behavior.,Pass 1 semantic rehabilitation; matched=[EXACT_LEGACY_OUTPUT]; section=0.6 Pre-Commit Linter & Verification CLI Execution Commands; parent=CAN-SECTION-0181,RECLASSIFY_CONSTRAINT,AI_SEMANTIC_REVIEW_PASS1,2026-08-05-pass1-semantic-rehabilitation,RECLASSIFIED
CAN-LAM-GOV-057,Platform-specific command,"When the desktop shell handles Platform-specific command in 0.6 Pre-Commit Linter & Verification CLI Execution Commands, it must use the typed Tauri boundary, expose the result or stable error to the frontend, and reject requests outside the granted capability without side effects.",The planning tracker must mark platform-specific commands with the platform surface they were verified on and must not declare them cross-platform until verified on every declared target.,CONSTRAINT,CAN-SECTION-0181,,Planning and verification governance,,Tracker validation must reject a cross-platform claim without per-platform evidence.,Tracker-column label under the command-migration section; it constrains platform evidence.,Pass 1 semantic rehabilitation; matched=[EXACT_LEGACY_OUTPUT]; section=0.6 Pre-Commit Linter & Verification CLI Execution Commands; parent=CAN-SECTION-0181,RECLASSIFY_CONSTRAINT,AI_SEMANTIC_REVIEW_PASS1,2026-08-05-pass1-semantic-rehabilitation,RECLASSIFIED
CAN-LAM-GOV-058,Final Phase 16 command,"When the desktop shell handles Final Phase 16 command in 0.6 Pre-Commit Linter & Verification CLI Execution Commands, it must use the typed Tauri boundary, expose the result or stable error to the frontend, and reject requests outside the granted capability without side effects.",The final Lamha plan must not contain a Phase 16 command surface; the implementation plan ends at I15 and any Phase 16 label must be superseded or reassigned to an existing phase.,CONSTRAINT,,,Planning and verification governance,,Plan validation must fail when any command or packet references Phase 16.,Standalone legacy label referencing a phase that no longer exists; reclassified as a planning constraint.,Pass 1 semantic rehabilitation; matched=[EXACT_LEGACY_OUTPUT]; section=0.6 Pre-Commit Linter & Verification CLI Execution Commands; parent=none,RECLASSIFY_CONSTRAINT,AI_SEMANTIC_REVIEW_PASS1,2026-08-05-pass1-semantic-rehabilitation,RECLASSIFIED
CAN-LAM-GOV-059,Unavailable command with documented baseline blocker,"When the desktop shell handles Unavailable command with documented baseline blocker in 0.6 Pre-Commit Linter & Verification CLI Execution Commands, it must use the typed Tauri boundary, expose the result or stable error to the frontend, and reject requests outside the granted capability without side effects.",The planning tracker must record unavailable commands with their documented baseline blocker and must keep them BLOCKED until evidence resolves the blocker.,CONSTRAINT,CAN-SECTION-0181,,Planning and verification governance,,Tracker validation must reject a resolved status without blocker-resolution evidence.,Tracker-column label under the command-migration section; constrains blocker evidence.,Pass 1 semantic rehabilitation; matched=[EXACT_LEGACY_OUTPUT]; section=0.6 Pre-Commit Linter & Verification CLI Execution Commands; parent=CAN-SECTION-0181,RECLASSIFY_CONSTRAINT,AI_SEMANTIC_REVIEW_PASS1,2026-08-05-pass1-semantic-rehabilitation,RECLASSIFIED
CAN-LAM-FOLDER-003,Internal drives,"When a configured library encounters Internal drives during 1. Final Product Identity, Rust must apply authorized-root and access-mode rules, expose the resulting root or asset state, and leave files unchanged if validation, permission, or I/O checks fail.","When a configured Library Root resides on an internal drive, Lamha must scan and index the drive contents with stable asset identities and report I/O or permission failures as typed errors without changing source bytes.",ACCEPTANCE_CRITERION,CAN-SECTION-0166,"Given an internal-drive Library Root, when the scanner runs, then every readable asset is indexed with a stable identity and any unreadable path returns a typed error while source bytes remain unchanged.",Libraries and storage,I4,Internal-drive scan fixture plus typed-error injection.,Label names an internal-drive scanning obligation; rewrite replaces the generic storage template with an observable scan outcome.,Pass 1 semantic rehabilitation; matched=[EXACT_LEGACY_OUTPUT]; section=1. Final Product Identity; parent=CAN-SECTION-0166,REWRITE_AS_ACCEPTANCE_CRITERION,AI_SEMANTIC_REVIEW_PASS1,2026-08-05-pass1-semantic-rehabilitation,REVIEWED_CORRECTED
CAN-LAM-FOLDER-004,External drives,"When a configured library encounters External drives during 1. Final Product Identity, Rust must apply authorized-root and access-mode rules, expose the resulting root or asset state, and leave files unchanged if validation, permission, or I/O checks fail.","When an external drive is registered as a Library Root and connected, Lamha must scan and index it under the same authorized-root rules; disconnection must switch that root to Detached Index Mode and must not lose indexed records or pending overlays.",ACCEPTANCE_CRITERION,CAN-SECTION-0166,"Given a connected external-drive root, when scanning runs, then assets are indexed with authorized-root enforcement; given a disconnect, when I/O resumes, then the root enters Detached Index Mode and prior records and overlays remain available.",External drives and path resilience,I12,External-drive connect/disconnect fixture with record-preservation check.,Label names external-drive handling; rewrite separates connection scanning from detached-state preservation.,Pass 1 semantic rehabilitation; matched=[EXACT_LEGACY_OUTPUT]; section=1. Final Product Identity; parent=CAN-SECTION-0166,REWRITE_AS_ACCEPTANCE_CRITERION,AI_SEMANTIC_REVIEW_PASS1,2026-08-05-pass1-semantic-rehabilitation,REVIEWED_CORRECTED
CAN-LAM-GOV-062,Required source assets,"When the user invokes Required source assets in 1.1 Codebase, the viewer must apply or display the behavior for the selected asset, expose the resulting UI state, and preserve the original media when the operation or format is unavailable.","The asset viewer must load the required source asset (original image, video, or audio file) from its local path and render or play it; when the source is missing or unreadable it must return a typed error and must never substitute a different asset.",FUNCTIONAL_REQUIREMENT,,"Given a viewable asset, when the viewer loads it, then the original source renders from the local path; given a missing or unreadable source, then a typed error is shown and no other asset is substituted.",Asset viewer,I5,Asset-viewer load fixture for present and missing sources.,"Label names the source-asset loading obligation; rewrite names the actor, trigger, observable result, and failure behavior.",Pass 1 semantic rehabilitation; matched=[EXACT_LEGACY_OUTPUT]; section=1.1 Codebase; parent=none,REWRITE_AS_REQUIREMENT,AI_SEMANTIC_REVIEW_PASS1,2026-08-05-pass1-semantic-rehabilitation,REVIEWED_CORRECTED
CAN-LAM-GOV-063,Required build files,"When Required build files is exercised in 1.1 Codebase, Lamha must expose the resulting state and preserve the prior durable state if validation or execution fails.",Planning evidence must record the exact build files required to reproduce every declared artifact; missing build-file records must be marked REVIEW_REQUIRED and must not be declared reproducible.,CONSTRAINT,,,Planning and verification governance,,Plan validation must reject a reproducible claim without a build-file record.,Standalone build-evidence label; constrains planning completeness rather than runtime behavior.,Pass 1 semantic rehabilitation; matched=[EXACT_LEGACY_OUTPUT]; section=1.1 Codebase; parent=none,RECLASSIFY_CONSTRAINT,AI_SEMANTIC_REVIEW_PASS1,2026-08-05-pass1-semantic-rehabilitation,RECLASSIFIED
CAN-LAM-GOV-065,Required legal files,"When producing 1.1 Codebase evidence, the repository and packaged application must identify Required legal files consistently, retain required attribution, and fail the release gate if any reviewed surface disagrees.","The release bundle must include the required legal files (licence texts, notices, and attribution) and packaging must block release when any required legal file is missing or unresolved.",FUNCTIONAL_REQUIREMENT,,"Given the release component manifest, when compliance validation runs, then every required legal file is present with reviewed evidence or the release gate fails.",Legal and rebranding,I1,I15 release-gate validation against the legal-file manifest.,Label names required legal files; rewrite adds the completeness check and release-blocking failure behavior.,Pass 1 semantic rehabilitation; matched=[EXACT_LEGACY_OUTPUT]; section=1.1 Codebase; parent=none,REWRITE_AS_REQUIREMENT,AI_SEMANTIC_REVIEW_PASS1,2026-08-05-pass1-semantic-rehabilitation,REVIEWED_CORRECTED
CAN-LAM-ARCH-021,Preserve the original value.,"When Preserve the original value participates in 1.3 Directional Source-of-Truth & Authority Matrix, the authoritative record or transaction must persist its revision and provenance before derived-index publication, and any failed write must leave a recoverable prior state.",A filesystem transaction must preserve the original value of every managed file or record until commit; any failed or interrupted write must leave the prior value recoverable.,FUNCTIONAL_REQUIREMENT,,"Given a managed file, when a transaction writes then fails, then the prior value remains intact and recoverable; only commit may change the authoritative value.",Filesystem transactions and recovery,I3,Transaction failure-injection fixture with pre-commit recovery check.,Label names value preservation; rewrite names the transaction boundary and observable recovery result.,Pass 1 semantic rehabilitation; matched=[EXACT_LEGACY_OUTPUT]; section=1.3 Directional Source-of-Truth & Authority Matrix; parent=none,REWRITE_AS_REQUIREMENT,AI_SEMANTIC_REVIEW_PASS1,2026-08-05-pass1-semantic-rehabilitation,REVIEWED_CORRECTED
CAN-LAM-META-009,Saved map JSON for saved drafts,"When Saved map JSON for saved drafts participates in 1.3 Directional Source-of-Truth & Authority Matrix, the authoritative record or transaction must persist its revision and provenance before derived-index publication, and any failed write must leave a recoverable prior state.","When a saved mind-map draft is written, Lamha must persist the map JSON through the transaction journal; a failed write must leave the last saved draft recoverable.",ACCEPTANCE_CRITERION,CAN-SECTION-0198,"Given a draft being saved, when the write commits, then the map JSON is durably stored; given a failed write, when recovery runs, then the last saved draft is restored unchanged.",Filesystem transactions and recovery,I3,Draft-save success/failure fixture with restore check.,Label names saved map JSON; rewrite adds the persistence and recovery outcomes.,Pass 1 semantic rehabilitation; matched=[EXACT_LEGACY_OUTPUT]; section=1.3 Directional Source-of-Truth & Authority Matrix; parent=CAN-SECTION-0198,REWRITE_AS_ACCEPTANCE_CRITERION,AI_SEMANTIC_REVIEW_PASS1,2026-08-05-pass1-semantic-rehabilitation,REVIEWED_CORRECTED
CAN-LAM-EDGE-03,"LAM-EDGE-03; Sidecars; External File Renaming or Moving; Scanner finds a new path with an exact stable UUID or full SHA-256 match.; Update the derived path index. If a deterministic, same-root, writable reunion is possible, transact the sidecars to match and log it; otherwise create Review.; Do NOT auto-match on filename/partial hash alone, cross an unauthorized boundary, create a duplicate UUID, or delete metadata.; Reunite or relink only after identity and destination checks; ambiguous candidates remain unresolved.","When the 1.5 Operational Edge-Case Registry for Files, Sidecars, Dates, and Metadata workflow reads or changes LAM-EDGE-03; Sidecars; External File Renaming or Moving; Scanner finds a new path with an exact stable UUID or full SHA-256 match.; Update the derived path index. If a deterministic, same-root, writable reunion is possible, transact the sidecars to match and log it; otherwise create Review.; Do NOT auto-match on filename/partial hash alone, cross an unauthorized boundary, create a duplicate UUID, or delete metadata.; Reunite or relink only after identity and destination checks; ambiguous candidates remain unresolved, it must preserve the value, authority, and provenance in the appropriate durable record and expose the resulting revision to the derived index. Missing, malformed, or conflicting input must be reported without discarding the last valid value.","When the scanner finds a previously indexed asset at a new path with an exact stable UUID or full SHA-256 match, Lamha must update the derived path index and, if a deterministic same-root writable reunion exists, transact the sidecars to match and log it; otherwise it must create a Review item.",ACCEPTANCE_CRITERION,CAN-SECTION-0148,"Given an exact-UUID or full-hash match at a new path, when the scanner runs, then the path index updates and sidecars reunite only via a deterministic same-root transaction or a Review item is created; filename/partial-hash matches are never auto-applied and no duplicate UUID or metadata deletion occurs.",Media ingestion and derivation,I4,"External-rename scanner fixture covering exact, partial, and boundary cases.",Source edge-case text defines the required behavior; rewrite condenses it into a testable criterion.,"Pass 1 semantic rehabilitation; matched=[EXACT_LEGACY_OUTPUT]; section=1.5 Operational Edge-Case Registry for Files, Sidecars, Dates, and Metadata; parent=CAN-SECTION-0148",REWRITE_AS_ACCEPTANCE_CRITERION,AI_SEMANTIC_REVIEW_PASS1,2026-08-05-pass1-semantic-rehabilitation,REVIEWED_CORRECTED
CAN-LAM-EDGE-04,"LAM-EDGE-04; Naming; Filename Sequence Collision on Target Directory; Event builder or move command targets destination where filename.ext already exists with different hash.; Append sequence suffix _001, _002 before extension (filename_001.ext); preserve original filename in sidecar.; Do NOT overwrite existing file; do NOT merge sidecars of different assets.; Record renamed path in .asset.json and SQLite; notify user in Review Centre log.","When the 1.5 Operational Edge-Case Registry for Files, Sidecars, Dates, and Metadata workflow reads or changes LAM-EDGE-04; Naming; Filename Sequence Collision on Target Directory; Event builder or move command targets destination where filename.ext already exists with different hash.; Append sequence suffix 001, 002 before extension (filename001.ext); preserve original filename in sidecar.; Do NOT overwrite existing file; do NOT merge sidecars of different assets.; Record renamed path in .asset.json and SQLite; notify user in Review Centre log, it must preserve the value, authority, and provenance in the appropriate durable record and expose the resulting revision to the derived index. Missing, malformed, or conflicting input must be reported without discarding the last valid value.","When an event builder or move command targets a destination whose filename already exists with a different hash, Lamha must append a deterministic sequence suffix before the extension, preserve the original filename in the sidecar, and never overwrite the existing file or merge sidecars of different assets.",ACCEPTANCE_CRITERION,CAN-SECTION-0148,"Given a filename collision with a different hash, when the move runs, then the new file is stored as filename_001.ext with the original name preserved and the existing file remains unchanged.",Asset identity and records,I3,Collision move fixture with hash-preservation checks.,Source edge-case text defines collision behavior; rewrite makes the observable outcome explicit.,"Pass 1 semantic rehabilitation; matched=[EXACT_LEGACY_OUTPUT]; section=1.5 Operational Edge-Case Registry for Files, Sidecars, Dates, and Metadata; parent=CAN-SECTION-0148",REWRITE_AS_ACCEPTANCE_CRITERION,AI_SEMANTIC_REVIEW_PASS1,2026-08-05-pass1-semantic-rehabilitation,REVIEWED_CORRECTED
CAN-LAM-EDGE-05,"LAM-EDGE-05; External; Read-Only External Drive Connected; OS reports read-only state or a write returns permission/read-only failure.; Activate Detached Index Mode and store requested metadata edits as versioned Pending Overlays in Lamha’s OS application-data area.; Do NOT crash, claim the co-located sidecar changed, or perform structural mutations.; When writable, compare destination UUID/version/hash, show conflicts, commit the overlay transaction, verify, then remove the overlay.","When the 1.5 Operational Edge-Case Registry for Files, Sidecars, Dates, and Metadata workflow reads or changes LAM-EDGE-05; External; Read-Only External Drive Connected; OS reports read-only state or a write returns permission/read-only failure.; Activate Detached Index Mode and store requested metadata edits as versioned Pending Overlays in Lamha’s OS application-data area.; Do NOT crash, claim the co-located sidecar changed, or perform structural mutations.; When writable, compare destination UUID/version/hash, show conflicts, commit the overlay transaction, verify, then remove the overlay, it must preserve the value, authority, and provenance in the appropriate durable record and expose the resulting revision to the derived index. Missing, malformed, or conflicting input must be reported without discarding the last valid value.","When the OS reports a read-only external drive or a write returns a permission/read-only failure, Lamha must activate Detached Index Mode and store requested metadata edits as versioned Pending Overlays in the OS application-data area; it must not crash, claim the co-located sidecar changed, or perform structural mutations.",ACCEPTANCE_CRITERION,CAN-SECTION-0148,"Given a read-only external drive, when a metadata edit is requested, then a versioned Pending Overlay is stored locally and no sidecar or structural change is claimed or performed.",External drives and path resilience,I12,Read-only drive overlay fixture plus no-write assertion.,"Source edge-case text defines read-only behavior; rewrite names the mode, storage, and prohibitions.","Pass 1 semantic rehabilitation; matched=[EXACT_LEGACY_OUTPUT]; section=1.5 Operational Edge-Case Registry for Files, Sidecars, Dates, and Metadata; parent=CAN-SECTION-0148",REWRITE_AS_ACCEPTANCE_CRITERION,AI_SEMANTIC_REVIEW_PASS1,2026-08-05-pass1-semantic-rehabilitation,REVIEWED_CORRECTED
CAN-LAM-EDGE-06,LAM-EDGE-06; Events; Midnight-Spanning Celebration; Event assets run from day $D$ into day $D+1$.; Keep the user-defined event unified and name it from its approved start date (Year/YYYY-MM-DD_Event-Name/). A long gap may produce a split suggestion only.; Do NOT automatically split or create events from a time-gap heuristic.; The user may confirm a split through the reviewed event workflow; otherwise preserve unity.,"When the 1.5 Operational Edge-Case Registry for Files, Sidecars, Dates, and Metadata workflow reads or changes LAM-EDGE-06; Events; Midnight-Spanning Celebration; Event assets run from day $D$ into day $D+1$.; Keep the user-defined event unified and name it from its approved start date (Year/YYYY-MM-DDEvent-Name/). A long gap may produce a split suggestion only.; Do NOT automatically split or create events from a time-gap heuristic.; The user may confirm a split through the reviewed event workflow; otherwise preserve unity, it must preserve the value, authority, and provenance in the appropriate durable record and expose the resulting revision to the derived index. Missing, malformed, or conflicting input must be reported without discarding the last valid value.","When event assets span midnight, Lamha must keep the user-defined event unified and name it from its approved start date; it may only suggest a split for a long gap and must not automatically split or create events from a time-gap heuristic.",ACCEPTANCE_CRITERION,CAN-SECTION-0148,"Given a midnight-spanning event, when event naming runs, then the event remains unified and uses the approved start date; a split occurs only after user confirmation.",Events and organization,I6,Midnight-spanning event fixture with split-confirmation check.,Source edge-case text defines midnight-spanning behavior; rewrite preserves the no-auto-split rule.,"Pass 1 semantic rehabilitation; matched=[EXACT_LEGACY_OUTPUT]; section=1.5 Operational Edge-Case Registry for Files, Sidecars, Dates, and Metadata; parent=CAN-SECTION-0148",REWRITE_AS_ACCEPTANCE_CRITERION,AI_SEMANTIC_REVIEW_PASS1,2026-08-05-pass1-semantic-rehabilitation,REVIEWED_CORRECTED
CAN-LAM-EDGE-07,"LAM-EDGE-07; People; Accidental Person Merge; User merges face clusters representing different people.; Record a durable pre-merge snapshot and expose Undo in operation history.; Do NOT erase either UUID, rely on a one-second UI window, or overwrite historical face links.; Restore the exact pre-merge person/face/reference state from the durable transaction snapshot.","When the 1.5 Operational Edge-Case Registry for Files, Sidecars, Dates, and Metadata workflow reads or changes LAM-EDGE-07; People; Accidental Person Merge; User merges face clusters representing different people.; Record a durable pre-merge snapshot and expose Undo in operation history.; Do NOT erase either UUID, rely on a one-second UI window, or overwrite historical face links.; Restore the exact pre-merge person/face/reference state from the durable transaction snapshot, it must preserve the value, authority, and provenance in the appropriate durable record and expose the resulting revision to the derived index. Missing, malformed, or conflicting input must be reported without discarding the last valid value.","When the user merges face clusters that represent different people, Lamha must record a durable pre-merge snapshot and expose Undo in operation history; the merge must never erase either UUID, rely on a one-second UI window, or overwrite historical face links.",ACCEPTANCE_CRITERION,CAN-SECTION-0148,"Given an accidental person merge, when the merge commits, then a durable snapshot exists and Undo restores the exact pre-merge person/face/reference state.",People and faces,I7,Accidental-merge fixture with snapshot and undo verification.,Source edge-case text defines merge-safety behavior; rewrite adds the durable snapshot and restore result.,"Pass 1 semantic rehabilitation; matched=[EXACT_LEGACY_OUTPUT]; section=1.5 Operational Edge-Case Registry for Files, Sidecars, Dates, and Metadata; parent=CAN-SECTION-0148",REWRITE_AS_ACCEPTANCE_CRITERION,AI_SEMANTIC_REVIEW_PASS1,2026-08-05-pass1-semantic-rehabilitation,REVIEWED_CORRECTED
CAN-LAM-EDGE-09,"LAM-EDGE-09; External; External Drive Disconnects Mid-Transfer; I/O error or device disconnect occurs during transfer.; Mark the transparent coordinator manifest interrupted, index that state in SQLite, retain the source bundle, and stop finalization.; Do NOT mark moved, delete source, or use SQLite as sole recovery state.; When the volume UUID reconnects, reconcile its root manifest and offer deterministic resume/rollback Review actions.","When the 1.5 Operational Edge-Case Registry for Files, Sidecars, Dates, and Metadata workflow reads or changes LAM-EDGE-09; External; External Drive Disconnects Mid-Transfer; I/O error or device disconnect occurs during transfer.; Mark the transparent coordinator manifest interrupted, index that state in SQLite, retain the source bundle, and stop finalization.; Do NOT mark moved, delete source, or use SQLite as sole recovery state.; When the volume UUID reconnects, reconcile its root manifest and offer deterministic resume/rollback Review actions, it must preserve the value, authority, and provenance in the appropriate durable record and expose the resulting revision to the derived index. Missing, malformed, or conflicting input must be reported without discarding the last valid value.","When an external drive disconnects mid-transfer, Lamha must mark the transparent coordinator manifest interrupted, index that state, retain the source bundle, and stop finalization; on reconnect it must reconcile the root manifest and offer deterministic resume or rollback Review actions.",ACCEPTANCE_CRITERION,CAN-SECTION-0148,"Given a mid-transfer disconnect, when the interruption is detected, then the manifest is marked interrupted and the source bundle retained; given reconnect, then deterministic resume/rollback actions are offered.",External drives and path resilience,I12,Disconnect/reconnect fixture with manifest-state checks.,Source edge-case text defines disconnect behavior; rewrite names the manifest state and recovery path.,"Pass 1 semantic rehabilitation; matched=[EXACT_LEGACY_OUTPUT]; section=1.5 Operational Edge-Case Registry for Files, Sidecars, Dates, and Metadata; parent=CAN-SECTION-0148",REWRITE_AS_ACCEPTANCE_CRITERION,AI_SEMANTIC_REVIEW_PASS1,2026-08-05-pass1-semantic-rehabilitation,REVIEWED_CORRECTED
CAN-LAM-EDGE-10,"LAM-EDGE-10; Crash; Application Crash During File Organization; Startup finds an uncommitted local coordinator or root-scoped manifest.; Reconcile copies by transaction UUID, verify source/destination bundle hashes, and auto-finalize/roll back only when deterministic; otherwise open Review.; Do NOT ignore either copy, guess across a missing drive, or require command-line repair.; Persist recovery outcome to operation JSON/history, mark/reconcile manifests, re-index SQLite, and display the summary.","When the 1.5 Operational Edge-Case Registry for Files, Sidecars, Dates, and Metadata workflow reads or changes LAM-EDGE-10; Crash; Application Crash During File Organization; Startup finds an uncommitted local coordinator or root-scoped manifest.; Reconcile copies by transaction UUID, verify source/destination bundle hashes, and auto-finalize/roll back only when deterministic; otherwise open Review.; Do NOT ignore either copy, guess across a missing drive, or require command-line repair.; Persist recovery outcome to operation JSON/history, mark/reconcile manifests, re-index SQLite, and display the summary, it must preserve the value, authority, and provenance in the appropriate durable record and expose the resulting revision to the derived index. Missing, malformed, or conflicting input must be reported without discarding the last valid value.","When startup finds an uncommitted local coordinator or root-scoped manifest after a crash, Lamha must reconcile copies by transaction UUID, verify source/destination hashes, and auto-finalize or roll back only when deterministic; otherwise it must open Review and persist the recovery outcome.",ACCEPTANCE_CRITERION,CAN-SECTION-0148,"Given an uncommitted manifest at startup, when recovery runs, then deterministic cases auto-finalize or roll back with verified hashes and non-deterministic cases open Review with a persisted outcome.",Filesystem transactions and recovery,I3,Crash-recovery fixture with manifest reconciliation checks.,Source edge-case text defines crash recovery; rewrite adds the determinism boundary and persisted outcome.,"Pass 1 semantic rehabilitation; matched=[EXACT_LEGACY_OUTPUT]; section=1.5 Operational Edge-Case Registry for Files, Sidecars, Dates, and Metadata; parent=CAN-SECTION-0148",REWRITE_AS_ACCEPTANCE_CRITERION,AI_SEMANTIC_REVIEW_PASS1,2026-08-05-pass1-semantic-rehabilitation,REVIEWED_CORRECTED
CAN-LAM-EDGE-11,"LAM-EDGE-11; Naming; Two Files Share Exact Same Original Filename & Timestamp; Scanner ingests distinct media with the same filename and timestamp.; Compare full hashes; differing hashes receive distinct UUIDs and a previewed deterministic _001, _002 sequence suffix.; Do NOT overwrite, merge sidecars, or assume a duplicate from name/time.; Commit both complete bundles and preserve each original filename.","When the 1.5 Operational Edge-Case Registry for Files, Sidecars, Dates, and Metadata workflow reads or changes LAM-EDGE-11; Naming; Two Files Share Exact Same Original Filename & Timestamp; Scanner ingests distinct media with the same filename and timestamp.; Compare full hashes; differing hashes receive distinct UUIDs and a previewed deterministic 001, 002 sequence suffix.; Do NOT overwrite, merge sidecars, or assume a duplicate from name/time.; Commit both complete bundles and preserve each original filename, it must preserve the value, authority, and provenance in the appropriate durable record and expose the resulting revision to the derived index. Missing, malformed, or conflicting input must be reported without discarding the last valid value.","When the scanner ingests distinct media with the same filename and timestamp, Lamha must compare full hashes, assign distinct UUIDs, and apply a previewed deterministic sequence suffix; it must not overwrite, merge sidecars, or treat the pair as duplicates from name/time alone.",ACCEPTANCE_CRITERION,CAN-SECTION-0148,"Given two distinct files with identical name and timestamp, when ingestion runs, then each receives a distinct UUID and a previewed suffix, and both complete bundles are preserved.",Asset identity and records,I3,Same-name/timestamp collision fixture with UUID and bundle checks.,Source edge-case text defines same-name collision handling; rewrite names the hash-based identity rule.,"Pass 1 semantic rehabilitation; matched=[EXACT_LEGACY_OUTPUT]; section=1.5 Operational Edge-Case Registry for Files, Sidecars, Dates, and Metadata; parent=CAN-SECTION-0148",REWRITE_AS_ACCEPTANCE_CRITERION,AI_SEMANTIC_REVIEW_PASS1,2026-08-05-pass1-semantic-rehabilitation,REVIEWED_CORRECTED
CAN-LAM-EDGE-12,"LAM-EDGE-12; Sidecars; Malformed or Schema-Invalid Authoritative JSON; Versioned parser/schema validation fails.; Preserve the exact bytes in place, mark the asset/domain record degraded, use only verified last-known-good cache for read-only display, and open Review.; Do NOT overwrite, “repair” by guessing fields, or treat SQLite as replacement authority.; Offer restore from a verified snapshot or user-selected manual repair; validate and back up before commit.","When the 1.5 Operational Edge-Case Registry for Files, Sidecars, Dates, and Metadata workflow reads or changes LAM-EDGE-12; Sidecars; Malformed or Schema-Invalid Authoritative JSON; Versioned parser/schema validation fails.; Preserve the exact bytes in place, mark the asset/domain record degraded, use only verified last-known-good cache for read-only display, and open Review.; Do NOT overwrite, “repair” by guessing fields, or treat SQLite as replacement authority.; Offer restore from a verified snapshot or user-selected manual repair; validate and back up before commit, it must preserve the value, authority, and provenance in the appropriate durable record and expose the resulting revision to the derived index. Missing, malformed, or conflicting input must be reported without discarding the last valid value.","When a versioned authoritative sidecar fails schema validation, Lamha must preserve the exact bytes in place, mark the asset/domain record degraded, use only the verified last-known-good cache for read-only display, and open Review; it must not overwrite, guess fields, or treat SQLite as replacement authority.",ACCEPTANCE_CRITERION,CAN-SECTION-0148,"Given a malformed authoritative JSON, when validation fails, then the original bytes are preserved, the record is marked degraded, and Review offers verified restore or user-selected manual repair.","Backup, trash, restore and rebuild",I13,Malformed-sidecar fixture with byte-preservation and restore checks.,Source edge-case text defines malformed-sidecar behavior; rewrite makes preservation and repair explicit.,"Pass 1 semantic rehabilitation; matched=[EXACT_LEGACY_OUTPUT]; section=1.5 Operational Edge-Case Registry for Files, Sidecars, Dates, and Metadata; parent=CAN-SECTION-0148",REWRITE_AS_ACCEPTANCE_CRITERION,AI_SEMANTIC_REVIEW_PASS1,2026-08-05-pass1-semantic-rehabilitation,REVIEWED_CORRECTED
CAN-LAM-EDGE-13,"LAM-EDGE-13; Sidecars; Future Unsupported Schema Version; The record’s required schema-version value is newer than the running app supports.; Preserve and treat that record as metadata read-only while allowing safe media viewing.; Do NOT downgrade, discard unknown fields, or write through an older schema.; Require a compatible Lamha version or an explicit supported export/migration path.","When the 1.5 Operational Edge-Case Registry for Files, Sidecars, Dates, and Metadata workflow reads or changes LAM-EDGE-13; Sidecars; Future Unsupported Schema Version; The record’s required schema-version value is newer than the running app supports.; Preserve and treat that record as metadata read-only while allowing safe media viewing.; Do NOT downgrade, discard unknown fields, or write through an older schema.; Require a compatible Lamha version or an explicit supported export/migration path, it must preserve the value, authority, and provenance in the appropriate durable record and expose the resulting revision to the derived index. Missing, malformed, or conflicting input must be reported without discarding the last valid value.","When a record requires a newer schema version than the running app supports, Lamha must preserve the record, treat it as metadata read-only while allowing safe media viewing, and must not downgrade, discard unknown fields, or write through an older schema.",ACCEPTANCE_CRITERION,CAN-SECTION-0148,"Given a future-version record, when the app loads it, then media viewing works, the record is preserved read-only, and no older-schema write occurs.",Metadata,I3,Future-schema fixture with read-only enforcement.,Source edge-case text defines future-schema behavior; rewrite states the read-only boundary.,"Pass 1 semantic rehabilitation; matched=[EXACT_LEGACY_OUTPUT]; section=1.5 Operational Edge-Case Registry for Files, Sidecars, Dates, and Metadata; parent=CAN-SECTION-0148",REWRITE_AS_ACCEPTANCE_CRITERION,AI_SEMANTIC_REVIEW_PASS1,2026-08-05-pass1-semantic-rehabilitation,REVIEWED_CORRECTED
CAN-LAM-EDGE-14,"LAM-EDGE-14; Storage; Symlink / Junction / Reparse Escape; Canonical path resolution leaves the Authorized Path Set or forms a cycle.; Stop traversal at the boundary, record the link without following it, and show a scoped warning.; Do NOT traverse, scan, or mutate the external target by textual-prefix checks.; The user may authorize the resolved target as a separate Library Root; then rescan with cycle detection.","When the 1.5 Operational Edge-Case Registry for Files, Sidecars, Dates, and Metadata workflow reads or changes LAM-EDGE-14; Storage; Symlink / Junction / Reparse Escape; Canonical path resolution leaves the Authorized Path Set or forms a cycle.; Stop traversal at the boundary, record the link without following it, and show a scoped warning.; Do NOT traverse, scan, or mutate the external target by textual-prefix checks.; The user may authorize the resolved target as a separate Library Root; then rescan with cycle detection, it must preserve the value, authority, and provenance in the appropriate durable record and expose the resulting revision to the derived index. Missing, malformed, or conflicting input must be reported without discarding the last valid value.","When canonical path resolution leaves the Authorized Path Set or forms a cycle, Lamha must stop traversal at the boundary, record the link without following it, and show a scoped warning; the user may authorize the resolved target as a separate Library Root before a cycle-detected rescan.",ACCEPTANCE_CRITERION,CAN-SECTION-0148,"Given a symlink/junction/reparse escape, when scanning runs, then traversal stops at the boundary and the link is recorded without being followed; authorization as a separate root is required before rescan.",Filesystem transactions and recovery,I3,Reparse-escape fixture with traversal-stop assertion.,Source edge-case text defines reparse-escape behavior; rewrite names the boundary and authorization step.,"Pass 1 semantic rehabilitation; matched=[EXACT_LEGACY_OUTPUT]; section=1.5 Operational Edge-Case Registry for Files, Sidecars, Dates, and Metadata; parent=CAN-SECTION-0148",REWRITE_AS_ACCEPTANCE_CRITERION,AI_SEMANTIC_REVIEW_PASS1,2026-08-05-pass1-semantic-rehabilitation,REVIEWED_CORRECTED
CAN-LAM-EDGE-15,"LAM-EDGE-15; Naming; Case / Unicode / Reserved-Name Collision; Destination filesystem comparison detects case-folded, Unicode-normalized, reserved-name, or length collision.; Show the collision in Preview and propose a deterministic cross-platform-safe suffix/sanitization.; Do NOT overwrite or rely on source-platform case sensitivity.; Commit only the user-approved safe name and preserve the original filename/path in JSON/history.","When the 1.5 Operational Edge-Case Registry for Files, Sidecars, Dates, and Metadata workflow reads or changes LAM-EDGE-15; Naming; Case / Unicode / Reserved-Name Collision; Destination filesystem comparison detects case-folded, Unicode-normalized, reserved-name, or length collision.; Show the collision in Preview and propose a deterministic cross-platform-safe suffix/sanitization.; Do NOT overwrite or rely on source-platform case sensitivity.; Commit only the user-approved safe name and preserve the original filename/path in JSON/history, it must preserve the value, authority, and provenance in the appropriate durable record and expose the resulting revision to the derived index. Missing, malformed, or conflicting input must be reported without discarding the last valid value.","When the destination filesystem detects a case-folded, Unicode-normalized, reserved-name, or length collision, Lamha must show the collision in Preview and propose a deterministic cross-platform-safe suffix or sanitization; only the user-approved safe name may be committed and the original name must be preserved in JSON/history.",ACCEPTANCE_CRITERION,CAN-SECTION-0148,"Given a naming collision on the destination, when the move is previewed, then a safe deterministic name is proposed and nothing is overwritten; commit requires explicit approval.",Asset identity and records,I3,Naming-collision fixture with preview and approval checks.,Source edge-case text defines naming-collision behavior; rewrite adds preview and approval boundaries.,"Pass 1 semantic rehabilitation; matched=[EXACT_LEGACY_OUTPUT]; section=1.5 Operational Edge-Case Registry for Files, Sidecars, Dates, and Metadata; parent=CAN-SECTION-0148",REWRITE_AS_ACCEPTANCE_CRITERION,AI_SEMANTIC_REVIEW_PASS1,2026-08-05-pass1-semantic-rehabilitation,REVIEWED_CORRECTED
CAN-LAM-EDGE-16,"LAM-EDGE-16; Dates; Timestamp Missing Offset or Time Zone; Embedded timestamp has no reliable offset/time-zone provenance or sources disagree.; Preserve the raw source value and mark normalized time/zone uncertainty.; Do NOT silently assume UTC, local time, event time, or a folder date.; Show evidence in Review; a user-approved normalized value updates JSON while retaining the raw snapshot.","When the 1.5 Operational Edge-Case Registry for Files, Sidecars, Dates, and Metadata workflow reads or changes LAM-EDGE-16; Dates; Timestamp Missing Offset or Time Zone; Embedded timestamp has no reliable offset/time-zone provenance or sources disagree.; Preserve the raw source value and mark normalized time/zone uncertainty.; Do NOT silently assume UTC, local time, event time, or a folder date.; Show evidence in Review; a user-approved normalized value updates JSON while retaining the raw snapshot, it must preserve the value, authority, and provenance in the appropriate durable record and expose the resulting revision to the derived index. Missing, malformed, or conflicting input must be reported without discarding the last valid value.","When an embedded timestamp has no reliable offset/time-zone provenance or sources disagree, Lamha must preserve the raw source value and mark normalized time/zone uncertainty; it must not silently assume UTC, local time, event time, or a folder date.",ACCEPTANCE_CRITERION,CAN-SECTION-0148,"Given an ambiguous timestamp, when normalization runs, then the raw value is retained, uncertainty is marked, and Review shows the evidence; an approved normalized value updates JSON while retaining the raw snapshot.",Metadata,I6,Timestamp-ambiguity fixture with raw-value retention check.,Source edge-case text defines timestamp ambiguity; rewrite preserves the raw value and approval path.,"Pass 1 semantic rehabilitation; matched=[EXACT_LEGACY_OUTPUT]; section=1.5 Operational Edge-Case Registry for Files, Sidecars, Dates, and Metadata; parent=CAN-SECTION-0148",REWRITE_AS_ACCEPTANCE_CRITERION,AI_SEMANTIC_REVIEW_PASS1,2026-08-05-pass1-semantic-rehabilitation,REVIEWED_CORRECTED
CAN-LAM-GOV-174,Current paths,"When a configured library encounters Current paths during 10. Requirement Extraction, Rust must apply authorized-root and access-mode rules, expose the resulting root or asset state, and leave files unchanged if validation, permission, or I/O checks fail.",The planning tracker must record the current physical path used as evidence for each requirement and must reject a Mapped status when the current-path evidence is missing.,CONSTRAINT,CAN-SECTION-0184,,Planning and verification governance,I4,Tracker validation must reject mapped requirements without current-path evidence.,Tracker-column label under the source-traceability section; constrains evidence completeness.,Pass 1 semantic rehabilitation; matched=[EXACT_LEGACY_OUTPUT]; section=10. Requirement Extraction; parent=CAN-SECTION-0184,RECLASSIFY_CONSTRAINT,AI_SEMANTIC_REVIEW_PASS1,2026-08-05-pass1-semantic-rehabilitation,RECLASSIFIED
CAN-LAM-GOV-181,Phase,"When Phase is exercised in 10. Requirement Extraction, Lamha must expose the resulting state and preserve the prior durable state if validation or execution fails.",The tracker phase column must equal the reviewed primary implementation phase from the mapping registry and must never be inferred from keywords or row order.,CONSTRAINT,,,Planning and verification governance,,Plan validation must compare tracker phases against reviewed mappings.,Tracker-column label; constrains phase provenance in planning.,Pass 1 semantic rehabilitation; matched=[EXACT_LEGACY_OUTPUT]; section=10. Requirement Extraction; parent=none,RECLASSIFY_CONSTRAINT,AI_SEMANTIC_REVIEW_PASS1,2026-08-05-pass1-semantic-rehabilitation,RECLASSIFIED
CAN-LAM-ARCH-103,Split mixed clusters,"When the 10.2 Face corrections workflow manages Split mixed clusters, it must persist the candidate or confirmed state with provenance and revision, expose the resulting state for review, and reject invalid transitions without changing an existing identity or historical interval.","When a mixed face cluster is split, Lamha must assign each face to exactly one person or a new candidate, persist the split with provenance, and allow Undo from operation history.",ACCEPTANCE_CRITERION,CAN-SECTION-0057,"Given a mixed cluster, when the user splits it, then each face resolves to one person or candidate and the split is recorded with an undo path.",People and faces,I7,Cluster-split fixture with assignment and undo verification.,"Label names a face-review action; rewrite adds assignment, persistence, and undo outcomes.",Pass 1 semantic rehabilitation; matched=[EXACT_LEGACY_OUTPUT]; section=10.2 Face corrections; parent=CAN-SECTION-0057,REWRITE_AS_ACCEPTANCE_CRITERION,AI_SEMANTIC_REVIEW_PASS1,2026-08-05-pass1-semantic-rehabilitation,REVIEWED_CORRECTED
CAN-LAM-ARCH-104,Re-evaluate nearby uncertain matches,"When the 10.2 Face corrections workflow manages Re-evaluate nearby uncertain matches, it must persist the candidate or confirmed state with provenance and revision, expose the resulting state for review, and reject invalid transitions without changing an existing identity or historical interval.","When nearby uncertain face matches change, Lamha must re-run local matching for the affected scope and present updated candidates for review without changing confirmed assignments.",ACCEPTANCE_CRITERION,CAN-SECTION-0057,"Given changed nearby matches, when re-evaluation runs, then only uncertain candidates update and confirmed assignments remain unchanged.",People and faces,I7,Re-evaluation fixture with confirmed-assignment preservation.,Label names a face-review behavior; rewrite scopes the re-evaluation and protects confirmed assignments.,Pass 1 semantic rehabilitation; matched=[EXACT_LEGACY_OUTPUT]; section=10.2 Face corrections; parent=CAN-SECTION-0057,REWRITE_AS_ACCEPTANCE_CRITERION,AI_SEMANTIC_REVIEW_PASS1,2026-08-05-pass1-semantic-rehabilitation,REVIEWED_CORRECTED
CAN-LAM-ARCH-105,Targeted reprocessing,"When the 10.2 Face corrections workflow manages Targeted reprocessing, it must persist the candidate or confirmed state with provenance and revision, expose the resulting state for review, and reject invalid transitions without changing an existing identity or historical interval.","When a targeted reprocessing job runs for a selected person or asset, Lamha must process only the selected scope and report a typed completion or failure state.",ACCEPTANCE_CRITERION,CAN-SECTION-0057,"Given a selected scope, when reprocessing runs, then only that scope is processed and the job reports completion or failure.",People and faces,I7,Targeted reprocessing fixture with scope and state checks.,Label names a face-reprocessing behavior; rewrite bounds the scope and outcome.,Pass 1 semantic rehabilitation; matched=[EXACT_LEGACY_OUTPUT]; section=10.2 Face corrections; parent=CAN-SECTION-0057,REWRITE_AS_ACCEPTANCE_CRITERION,AI_SEMANTIC_REVIEW_PASS1,2026-08-05-pass1-semantic-rehabilitation,REVIEWED_CORRECTED
CAN-LAM-PERSON-034,Merge same-person clusters,"When the 10.2 Face corrections workflow manages Merge same-person clusters, it must persist the candidate or confirmed state with provenance and revision, expose the resulting state for review, and reject invalid transitions without changing an existing identity or historical interval.","When the user merges face clusters of the same person, Lamha must persist a durable pre-merge snapshot and allow Undo that restores the exact prior person, face, and reference state.",ACCEPTANCE_CRITERION,CAN-SECTION-0057,"Given same-person clusters, when merge commits, then the merged identity is recorded and Undo restores the pre-merge state.",People and faces,I7,Same-person merge fixture with undo verification.,Label names a merge action; rewrite adds snapshot and restore outcomes.,Pass 1 semantic rehabilitation; matched=[EXACT_LEGACY_OUTPUT]; section=10.2 Face corrections; parent=CAN-SECTION-0057,REWRITE_AS_ACCEPTANCE_CRITERION,AI_SEMANTIC_REVIEW_PASS1,2026-08-05-pass1-semantic-rehabilitation,REVIEWED_CORRECTED
CAN-LAM-PERSON-035,Remove wrong faces from a person,"When the 10.2 Face corrections workflow manages Remove wrong faces from a person, it must persist the candidate or confirmed state with provenance and revision, expose the resulting state for review, and reject invalid transitions without changing an existing identity or historical interval.","When a wrong face is removed from a person, Lamha must unlink the face observation while preserving the asset and person records and record the change in operation history.",ACCEPTANCE_CRITERION,CAN-SECTION-0057,"Given a wrongly assigned face, when removal is confirmed, then the face link is removed and the asset and person records remain intact with an operation-history entry.",People and faces,I7,Face-removal fixture with record-preservation checks.,Label names a face-removal action; rewrite adds preservation and history outcomes.,Pass 1 semantic rehabilitation; matched=[EXACT_LEGACY_OUTPUT]; section=10.2 Face corrections; parent=CAN-SECTION-0057,REWRITE_AS_ACCEPTANCE_CRITERION,AI_SEMANTIC_REVIEW_PASS1,2026-08-05-pass1-semantic-rehabilitation,REVIEWED_CORRECTED
CAN-LAM-PERSON-036,Assign faces to another person,"When the 10.2 Face corrections workflow manages Assign faces to another person, it must persist the candidate or confirmed state with provenance and revision, expose the resulting state for review, and reject invalid transitions without changing an existing identity or historical interval.","When the user assigns a face to another person, Lamha must update the reviewed face assignment with provenance and reflect it in projections without mutating the media file.",ACCEPTANCE_CRITERION,CAN-SECTION-0057,"Given a confirmed reassignment, when the user assigns the face, then the assignment and provenance are persisted and all projections reflect the change while the media file is unchanged.",People and faces,I7,Face-reassignment fixture with projection and hash checks.,Label names an assignment action; rewrite adds provenance and no-media-mutation outcomes.,Pass 1 semantic rehabilitation; matched=[EXACT_LEGACY_OUTPUT]; section=10.2 Face corrections; parent=CAN-SECTION-0057,REWRITE_AS_ACCEPTANCE_CRITERION,AI_SEMANTIC_REVIEW_PASS1,2026-08-05-pass1-semantic-rehabilitation,REVIEWED_CORRECTED
CAN-LAM-PERSON-037,Mark as not a face,"When the 10.2 Face corrections workflow manages Mark as not a face, it must persist the candidate or confirmed state with provenance and revision, expose the resulting state for review, and reject invalid transitions without changing an existing identity or historical interval.","When the user marks a region as not a face, Lamha must persist the negative label and exclude that region from future face candidates.",ACCEPTANCE_CRITERION,CAN-SECTION-0057,"Given a marked non-face region, when future matching runs, then the region is excluded and the negative label is persisted.",People and faces,I7,Non-face fixture with exclusion verification.,Label names a negative-label action; rewrite adds persistence and future exclusion.,Pass 1 semantic rehabilitation; matched=[EXACT_LEGACY_OUTPUT]; section=10.2 Face corrections; parent=CAN-SECTION-0057,REWRITE_AS_ACCEPTANCE_CRITERION,AI_SEMANTIC_REVIEW_PASS1,2026-08-05-pass1-semantic-rehabilitation,REVIEWED_CORRECTED
CAN-LAM-PERSON-038,Correct face regions,"When the 10.2 Face corrections workflow manages Correct face regions, it must persist the candidate or confirmed state with provenance and revision, expose the resulting state for review, and reject invalid transitions without changing an existing identity or historical interval.","When a face region is corrected, Lamha must store the corrected region with a revision and re-run local matching for that region only.",ACCEPTANCE_CRITERION,CAN-SECTION-0057,"Given a corrected region, when the correction is saved, then the revision is stored and only that region is re-matched.",People and faces,I7,Region-correction fixture with revision and scope checks.,Label names a region-correction action; rewrite adds revision and scoped re-match.,Pass 1 semantic rehabilitation; matched=[EXACT_LEGACY_OUTPUT]; section=10.2 Face corrections; parent=CAN-SECTION-0057,REWRITE_AS_ACCEPTANCE_CRITERION,AI_SEMANTIC_REVIEW_PASS1,2026-08-05-pass1-semantic-rehabilitation,REVIEWED_CORRECTED
CAN-LAM-PERSON-039,Hide a person without deleting them,"When the 10.2 Face corrections workflow manages Hide a person without deleting them, it must persist the candidate or confirmed state with provenance and revision, expose the resulting state for review, and reject invalid transitions without changing an existing identity or historical interval.","When a person is hidden, Lamha must keep the person record and links intact and exclude the person from default lists; unhiding must restore visibility without data loss.",ACCEPTANCE_CRITERION,CAN-SECTION-0057,"Given a hidden person, when lists render, then the profile and links remain and the person is excluded; when unhidden, the person reappears unchanged.",People and faces,I7,Hide/unhide fixture with record-preservation checks.,Label names hide behavior; rewrite adds record preservation and restore outcomes.,Pass 1 semantic rehabilitation; matched=[EXACT_LEGACY_OUTPUT]; section=10.2 Face corrections; parent=CAN-SECTION-0057,REWRITE_AS_ACCEPTANCE_CRITERION,AI_SEMANTIC_REVIEW_PASS1,2026-08-05-pass1-semantic-rehabilitation,REVIEWED_CORRECTED
CAN-LAM-ARCH-106,Canonical name,"When the 11. People workflow manages Canonical name, it must persist the candidate or confirmed state with provenance and revision, expose the resulting state for review, and reject invalid transitions without changing an existing identity or historical interval.",Canonical name is the reviewed display name of a person profile; changing it must update only presentation fields and must never change the stable profile ID.,GLOSSARY,CAN-SECTION-0058,,People and faces,,Gate 1 scope; Gate 2 compile/build; Gate 3 focused/regression; Gate 8 traceability,Person-profile field label; reclassified as a glossary definition with an identity-preservation rule. | Non-implementation record (GLOSSARY/UI_LABEL/INFORMATIONAL/DUPLICATE) cannot retain an implementation phase.,Pass 1 semantic rehabilitation; matched=[EXACT_LEGACY_OUTPUT]; section=11. People; parent=CAN-SECTION-0058,RECLASSIFY_GLOSSARY,AI_SEMANTIC_REVIEW_PASS1,2026-08-05-pass2-semantic-consistency-correction,REVIEWED_CORRECTED
CAN-LAM-ARCH-107,Aliases,"When the 11. People workflow manages Aliases, it must persist the candidate or confirmed state with provenance and revision, expose the resulting state for review, and reject invalid transitions without changing an existing identity or historical interval.",Aliases are alternate names for a person profile that remain searchable and visible according to display rules.,GLOSSARY,CAN-SECTION-0058,,People and faces,,Gate 1 scope; Gate 2 compile/build; Gate 3 focused/regression; Gate 8 traceability,Person-profile field label; reclassified as glossary. | Non-implementation record (GLOSSARY/UI_LABEL/INFORMATIONAL/DUPLICATE) cannot retain an implementation phase.,Pass 1 semantic rehabilitation; matched=[EXACT_LEGACY_OUTPUT]; section=11. People; parent=CAN-SECTION-0058,RECLASSIFY_GLOSSARY,AI_SEMANTIC_REVIEW_PASS1,2026-08-05-pass2-semantic-consistency-correction,REVIEWED_CORRECTED
CAN-LAM-ARCH-108,Profile image,"When the 11. People workflow manages Profile image, it must persist the candidate or confirmed state with provenance and revision, expose the resulting state for review, and reject invalid transitions without changing an existing identity or historical interval.","Profile image is the reviewed representative image for a person, chosen from that person's own assets.",GLOSSARY,CAN-SECTION-0058,,People and faces,,Gate 1 scope; Gate 2 compile/build; Gate 3 focused/regression; Gate 8 traceability,Person-profile field label; reclassified as glossary. | Non-implementation record (GLOSSARY/UI_LABEL/INFORMATIONAL/DUPLICATE) cannot retain an implementation phase.,Pass 1 semantic rehabilitation; matched=[EXACT_LEGACY_OUTPUT]; section=11. People; parent=CAN-SECTION-0058,RECLASSIFY_GLOSSARY,AI_SEMANTIC_REVIEW_PASS1,2026-08-05-pass2-semantic-consistency-correction,REVIEWED_CORRECTED
CAN-LAM-ARCH-109,Historical memberships,"When the 11. People workflow manages Historical memberships, it must persist the candidate or confirmed state with provenance and revision, expose the resulting state for review, and reject invalid transitions without changing an existing identity or historical interval.",Historical memberships are effective-dated group memberships of a person that remain queryable after the membership changes.,GLOSSARY,CAN-SECTION-0058,,People and faces,,Gate 1 scope; Gate 2 compile/build; Gate 3 focused/regression; Gate 8 traceability,Person-profile field label; reclassified as glossary. | Non-implementation record (GLOSSARY/UI_LABEL/INFORMATIONAL/DUPLICATE) cannot retain an implementation phase.,Pass 1 semantic rehabilitation; matched=[EXACT_LEGACY_OUTPUT]; section=11. People; parent=CAN-SECTION-0058,RECLASSIFY_GLOSSARY,AI_SEMANTIC_REVIEW_PASS1,2026-08-05-pass2-semantic-consistency-correction,REVIEWED_CORRECTED
CAN-LAM-ARCH-110,Hidden status,"When the 11. People workflow manages Hidden status, it must persist the candidate or confirmed state with provenance and revision, expose the resulting state for review, and reject invalid transitions without changing an existing identity or historical interval.",Hidden status removes a person from default UI lists without deleting the profile or its links.,GLOSSARY,CAN-SECTION-0058,,People and faces,,Gate 1 scope; Gate 2 compile/build; Gate 3 focused/regression; Gate 8 traceability,Person-profile field label; reclassified as glossary. | Non-implementation record (GLOSSARY/UI_LABEL/INFORMATIONAL/DUPLICATE) cannot retain an implementation phase.,Pass 1 semantic rehabilitation; matched=[EXACT_LEGACY_OUTPUT]; section=11. People; parent=CAN-SECTION-0058,RECLASSIFY_GLOSSARY,AI_SEMANTIC_REVIEW_PASS1,2026-08-05-pass2-semantic-consistency-correction,REVIEWED_CORRECTED
CAN-LAM-ARCH-111,History,"When the 11. People workflow manages History, it must persist the candidate or confirmed state with provenance and revision, expose the resulting state for review, and reject invalid transitions without changing an existing identity or historical interval.","History is the revisioned change log of a person profile, including name, alias, image, and membership changes.",GLOSSARY,CAN-SECTION-0058,,People and faces,,Gate 1 scope; Gate 2 compile/build; Gate 3 focused/regression; Gate 8 traceability,Person-profile field label; reclassified as glossary. | Non-implementation record (GLOSSARY/UI_LABEL/INFORMATIONAL/DUPLICATE) cannot retain an implementation phase.,Pass 1 semantic rehabilitation; matched=[EXACT_LEGACY_OUTPUT]; section=11. People; parent=CAN-SECTION-0058,RECLASSIFY_GLOSSARY,AI_SEMANTIC_REVIEW_PASS1,2026-08-05-pass2-semantic-consistency-correction,REVIEWED_CORRECTED
CAN-LAM-ASSET-063,Media links,"When the 11. People workflow manages Media links, it must persist the candidate or confirmed state with provenance and revision, expose the resulting state for review, and reject invalid transitions without changing an existing identity or historical interval.",Media links are the assets associated with a person profile through reviewed face or attribution assignments.,GLOSSARY,CAN-SECTION-0058,,People and faces,,Gate 1 scope; Gate 2 compile/build; Gate 3 focused/regression; Gate 8 traceability,Person-profile field label; reclassified as glossary. | Non-implementation record (GLOSSARY/UI_LABEL/INFORMATIONAL/DUPLICATE) cannot retain an implementation phase.,Pass 1 semantic rehabilitation; matched=[EXACT_LEGACY_OUTPUT]; section=11. People; parent=CAN-SECTION-0058,RECLASSIFY_GLOSSARY,AI_SEMANTIC_REVIEW_PASS1,2026-08-05-pass2-semantic-consistency-correction,REVIEWED_CORRECTED
CAN-LAM-EVENT-038,Event links,"When the 11. People workflow manages Event links, it must persist the candidate or confirmed state with provenance and revision, expose the resulting state for review, and reject invalid transitions without changing an existing identity or historical interval.",Event links are the events associated with a person profile through reviewed event membership.,GLOSSARY,CAN-SECTION-0058,,People and faces,,Gate 1 scope; Gate 2 compile/build; Gate 3 focused/regression; Gate 8 traceability,Person-profile field label; reclassified as glossary. | Non-implementation record (GLOSSARY/UI_LABEL/INFORMATIONAL/DUPLICATE) cannot retain an implementation phase.,Pass 1 semantic rehabilitation; matched=[EXACT_LEGACY_OUTPUT]; section=11. People; parent=CAN-SECTION-0058,RECLASSIFY_GLOSSARY,AI_SEMANTIC_REVIEW_PASS1,2026-08-05-pass2-semantic-consistency-correction,REVIEWED_CORRECTED
CAN-LAM-PERSON-040,Stable person ID,"When the 11. People workflow manages Stable person ID, it must persist the candidate or confirmed state with provenance and revision, expose the resulting state for review, and reject invalid transitions without changing an existing identity or historical interval.",Stable person ID is the immutable identifier assigned to a person profile; all references use it and renaming never changes it.,GLOSSARY,CAN-SECTION-0058,,People and faces,,Gate 1 scope; Gate 2 compile/build; Gate 3 focused/regression; Gate 8 traceability,Person-profile field label; reclassified as glossary with an identity invariant. | Non-implementation record (GLOSSARY/UI_LABEL/INFORMATIONAL/DUPLICATE) cannot retain an implementation phase.,Pass 1 semantic rehabilitation; matched=[EXACT_LEGACY_OUTPUT]; section=11. People; parent=CAN-SECTION-0058,RECLASSIFY_GLOSSARY,AI_SEMANTIC_REVIEW_PASS1,2026-08-05-pass2-semantic-consistency-correction,REVIEWED_CORRECTED
CAN-LAM-PERSON-041,Several face clusters,"When the 11. People workflow manages Several face clusters, it must persist the candidate or confirmed state with provenance and revision, expose the resulting state for review, and reject invalid transitions without changing an existing identity or historical interval.",Several face clusters may belong to one person; clusters are reviewable and mergeable without changing the person ID.,GLOSSARY,CAN-SECTION-0058,,People and faces,,Gate 1 scope; Gate 2 compile/build; Gate 3 focused/regression; Gate 8 traceability,Person-profile field label; reclassified as glossary. | Non-implementation record (GLOSSARY/UI_LABEL/INFORMATIONAL/DUPLICATE) cannot retain an implementation phase.,Pass 1 semantic rehabilitation; matched=[EXACT_LEGACY_OUTPUT]; section=11. People; parent=CAN-SECTION-0058,RECLASSIFY_GLOSSARY,AI_SEMANTIC_REVIEW_PASS1,2026-08-05-pass2-semantic-consistency-correction,REVIEWED_CORRECTED
CAN-LAM-PERSON-043,Group memberships,"When the 11. People workflow manages Group memberships, it must persist the candidate or confirmed state with provenance and revision, expose the resulting state for review, and reject invalid transitions without changing an existing identity or historical interval.","Group memberships are effective-dated memberships of a person in groups, including active, former, and inactive states.",GLOSSARY,CAN-SECTION-0058,,People and faces,,Gate 1 scope; Gate 2 compile/build; Gate 3 focused/regression; Gate 8 traceability,Person-profile field label; reclassified as glossary. | Non-implementation record (GLOSSARY/UI_LABEL/INFORMATIONAL/DUPLICATE) cannot retain an implementation phase.,Pass 1 semantic rehabilitation; matched=[EXACT_LEGACY_OUTPUT]; section=11. People; parent=CAN-SECTION-0058,RECLASSIFY_GLOSSARY,AI_SEMANTIC_REVIEW_PASS1,2026-08-05-pass2-semantic-consistency-correction,REVIEWED_CORRECTED
CAN-LAM-PERSON-044,Relationship-map node,"When the 11. People workflow manages Relationship-map node, it must persist the candidate or confirmed state with provenance and revision, expose the resulting state for review, and reject invalid transitions without changing an existing identity or historical interval.",Relationship-map node is the person representation used in relationship and mind-map projections.,GLOSSARY,CAN-SECTION-0058,,People and faces,,Gate 1 scope; Gate 2 compile/build; Gate 3 focused/regression; Gate 8 traceability,Person-profile field label; reclassified as glossary. | Non-implementation record (GLOSSARY/UI_LABEL/INFORMATIONAL/DUPLICATE) cannot retain an implementation phase.,Pass 1 semantic rehabilitation; matched=[EXACT_LEGACY_OUTPUT]; section=11. People; parent=CAN-SECTION-0058,RECLASSIFY_GLOSSARY,AI_SEMANTIC_REVIEW_PASS1,2026-08-05-pass2-semantic-consistency-correction,REVIEWED_CORRECTED
CAN-LAM-PERSON-045,Friend and classmate,"When the 11. People workflow manages Friend and classmate, it must persist the candidate or confirmed state with provenance and revision, expose the resulting state for review, and reject invalid transitions without changing an existing identity or historical interval.",Friend and classmate is a built-in relationship preset with reviewed semantics for certainty and notes.,GLOSSARY,CAN-SECTION-0058,,People and faces,,Gate 1 scope; Gate 2 compile/build; Gate 3 focused/regression; Gate 8 traceability,Relationship preset label; reclassified as glossary. | Non-implementation record (GLOSSARY/UI_LABEL/INFORMATIONAL/DUPLICATE) cannot retain an implementation phase.,Pass 1 semantic rehabilitation; matched=[EXACT_LEGACY_OUTPUT]; section=11. People; parent=CAN-SECTION-0058,RECLASSIFY_GLOSSARY,AI_SEMANTIC_REVIEW_PASS1,2026-08-05-pass2-semantic-consistency-correction,REVIEWED_CORRECTED
CAN-LAM-PERSON-046,Friend and colleague,"When the 11. People workflow manages Friend and colleague, it must persist the candidate or confirmed state with provenance and revision, expose the resulting state for review, and reject invalid transitions without changing an existing identity or historical interval.",Friend and colleague is a built-in relationship preset with reviewed semantics for certainty and notes.,GLOSSARY,CAN-SECTION-0058,,People and faces,,Gate 1 scope; Gate 2 compile/build; Gate 3 focused/regression; Gate 8 traceability,Relationship preset label; reclassified as glossary. | Non-implementation record (GLOSSARY/UI_LABEL/INFORMATIONAL/DUPLICATE) cannot retain an implementation phase.,Pass 1 semantic rehabilitation; matched=[EXACT_LEGACY_OUTPUT]; section=11. People; parent=CAN-SECTION-0058,RECLASSIFY_GLOSSARY,AI_SEMANTIC_REVIEW_PASS1,2026-08-05-pass2-semantic-consistency-correction,REVIEWED_CORRECTED
CAN-LAM-PERSON-047,Family and former classmate,"When the 11. People workflow manages Family and former classmate, it must persist the candidate or confirmed state with provenance and revision, expose the resulting state for review, and reject invalid transitions without changing an existing identity or historical interval.",Family and former classmate is a built-in relationship preset with reviewed semantics for certainty and notes.,GLOSSARY,CAN-SECTION-0058,,People and faces,,Gate 1 scope; Gate 2 compile/build; Gate 3 focused/regression; Gate 8 traceability,Relationship preset label; reclassified as glossary. | Non-implementation record (GLOSSARY/UI_LABEL/INFORMATIONAL/DUPLICATE) cannot retain an implementation phase.,Pass 1 semantic rehabilitation; matched=[EXACT_LEGACY_OUTPUT]; section=11. People; parent=CAN-SECTION-0058,RECLASSIFY_GLOSSARY,AI_SEMANTIC_REVIEW_PASS1,2026-08-05-pass2-semantic-consistency-correction,REVIEWED_CORRECTED
CAN-LAM-PERSON-048,Teacher and family friend,"When the 11. People workflow manages Teacher and family friend, it must persist the candidate or confirmed state with provenance and revision, expose the resulting state for review, and reject invalid transitions without changing an existing identity or historical interval.",Teacher and family friend is a built-in relationship preset with reviewed semantics for certainty and notes.,GLOSSARY,CAN-SECTION-0058,,People and faces,,Gate 1 scope; Gate 2 compile/build; Gate 3 focused/regression; Gate 8 traceability,Relationship preset label; reclassified as glossary. | Non-implementation record (GLOSSARY/UI_LABEL/INFORMATIONAL/DUPLICATE) cannot retain an implementation phase.,Pass 1 semantic rehabilitation; matched=[EXACT_LEGACY_OUTPUT]; section=11. People; parent=CAN-SECTION-0058,RECLASSIFY_GLOSSARY,AI_SEMANTIC_REVIEW_PASS1,2026-08-05-pass2-semantic-consistency-correction,REVIEWED_CORRECTED
CAN-LAM-GOV-185,Start and end line,"When Start and end line is exercised in 11. Required Mapping Detail, Lamha must expose the resulting state and preserve the prior durable state if validation or execution fails.",The planning tracker must record the start and end line of each source-evidence span and reject rows without a valid span.,CONSTRAINT,,,Planning and verification governance,,Tracker validation must reject rows without a valid source span.,Tracker-column label under the mapping-detail section; constrains evidence provenance.,Pass 1 semantic rehabilitation; matched=[EXACT_LEGACY_OUTPUT]; section=11. Required Mapping Detail; parent=none,RECLASSIFY_CONSTRAINT,AI_SEMANTIC_REVIEW_PASS1,2026-08-05-pass1-semantic-rehabilitation,RECLASSIFIED
CAN-LAM-GOV-187,Current responsibility,"When Current responsibility is exercised in 11. Required Mapping Detail, Lamha must expose the resulting state and preserve the prior durable state if validation or execution fails.",The planning tracker must record the current responsibility for each planned item and reject ownership claims without an owner.,CONSTRAINT,,,Planning and verification governance,,Tracker validation must reject empty responsibility fields.,Tracker-column label; constrains ownership evidence.,Pass 1 semantic rehabilitation; matched=[EXACT_LEGACY_OUTPUT]; section=11. Required Mapping Detail; parent=none,RECLASSIFY_CONSTRAINT,AI_SEMANTIC_REVIEW_PASS1,2026-08-05-pass1-semantic-rehabilitation,RECLASSIFIED
CAN-LAM-GOV-188,Callers,"When Callers is exercised in 11. Required Mapping Detail, Lamha must expose the resulting state and preserve the prior durable state if validation or execution fails.",The planning tracker must record callers of each command and require each caller to be migrated or explicitly exempted before the command is removed.,CONSTRAINT,,,Planning and verification governance,,Tracker validation must reject removal without migrated or exempted callers.,Tracker-column label; constrains caller-migration evidence.,Pass 1 semantic rehabilitation; matched=[EXACT_LEGACY_OUTPUT]; section=11. Required Mapping Detail; parent=none,RECLASSIFY_CONSTRAINT,AI_SEMANTIC_REVIEW_PASS1,2026-08-05-pass1-semantic-rehabilitation,RECLASSIFIED
CAN-LAM-GOV-189,Consumers,"When Consumers is exercised in 11. Required Mapping Detail, Lamha must expose the resulting state and preserve the prior durable state if validation or execution fails.",The planning tracker must record consumers of each removed surface and require a reviewed replacement before removal.,CONSTRAINT,,,Planning and verification governance,,Tracker validation must reject removal without consumer replacements.,Tracker-column label; constrains consumer-replacement evidence.,Pass 1 semantic rehabilitation; matched=[EXACT_LEGACY_OUTPUT]; section=11. Required Mapping Detail; parent=none,RECLASSIFY_CONSTRAINT,AI_SEMANTIC_REVIEW_PASS1,2026-08-05-pass1-semantic-rehabilitation,RECLASSIFIED
CAN-LAM-GOV-190,Imports,"When Imports is exercised in 11. Required Mapping Detail, Lamha must expose the resulting state and preserve the prior durable state if validation or execution fails.",The planning tracker must record imports and reject removal until no retained surface imports the symbol.,CONSTRAINT,,,Planning and verification governance,,Tracker validation must reject removal while imports remain.,Tracker-column label; constrains import-scan evidence.,Pass 1 semantic rehabilitation; matched=[EXACT_LEGACY_OUTPUT]; section=11. Required Mapping Detail; parent=none,RECLASSIFY_CONSTRAINT,AI_SEMANTIC_REVIEW_PASS1,2026-08-05-pass1-semantic-rehabilitation,RECLASSIFIED
CAN-LAM-GOV-192,Related docs,"When Related docs is exercised in 11. Required Mapping Detail, Lamha must expose the resulting state and preserve the prior durable state if validation or execution fails.",The planning tracker must record related-document links for each planned change and require at least one reference.,CONSTRAINT,,,Planning and verification governance,,Tracker validation must reject rows without related-doc references.,Tracker-column label; constrains traceability completeness.,Pass 1 semantic rehabilitation; matched=[EXACT_LEGACY_OUTPUT]; section=11. Required Mapping Detail; parent=none,RECLASSIFY_CONSTRAINT,AI_SEMANTIC_REVIEW_PASS1,2026-08-05-pass1-semantic-rehabilitation,RECLASSIFIED
CAN-LAM-GOV-193,Planned action,"When Planned action is exercised in 11. Required Mapping Detail, Lamha must expose the resulting state and preserve the prior durable state if validation or execution fails.",The planning tracker must record the planned action for each row and reject empty or duplicated action text.,CONSTRAINT,,,Planning and verification governance,,Tracker validation must reject empty or duplicate actions.,Tracker-column label; constrains action specificity.,Pass 1 semantic rehabilitation; matched=[EXACT_LEGACY_OUTPUT]; section=11. Required Mapping Detail; parent=none,RECLASSIFY_CONSTRAINT,AI_SEMANTIC_REVIEW_PASS1,2026-08-05-pass1-semantic-rehabilitation,RECLASSIFIED
CAN-LAM-GOV-195,Verification state,"When Verification state is exercised in 11. Required Mapping Detail, Lamha must expose the resulting state and preserve the prior durable state if validation or execution fails.",The planning tracker must record verification state and reject a VERIFIED status without matching verification evidence.,CONSTRAINT,,,Planning and verification governance,,Tracker validation must reject VERIFIED without evidence.,Tracker-column label; constrains verification evidence.,Pass 1 semantic rehabilitation; matched=[EXACT_LEGACY_OUTPUT]; section=11. Required Mapping Detail; parent=none,RECLASSIFY_CONSTRAINT,AI_SEMANTIC_REVIEW_PASS1,2026-08-05-pass1-semantic-rehabilitation,RECLASSIFIED
CAN-LAM-GOV-196,"Evidence class (EXTRACTED, INFERRED, AMBIGUOUS)","When Evidence class (EXTRACTED, INFERRED, AMBIGUOUS) is exercised in 11. Required Mapping Detail, Lamha must expose the resulting state and preserve the prior durable state if validation or execution fails.","Superseded duplicate of the evidence-class definition (EXTRACTED, INFERRED, AMBIGUOUS) recorded in planning-governance evidence rules.",DUPLICATE,,,Planning and verification governance,,Gate 1 scope; Gate 2 compile/build; Gate 3 focused/regression; Gate 8 traceability,Duplicate tracker-field row; superseded rather than re-expressed.,Pass 1 semantic rehabilitation; matched=[EXACT_LEGACY_OUTPUT]; section=11. Required Mapping Detail; parent=none,SUPERSEDE_DUPLICATE,AI_SEMANTIC_REVIEW_PASS1,2026-08-05-pass1-semantic-rehabilitation,SUPERSEDED
CAN-LAM-AI-023,Lamha keeps a complete group model.,"When the 12. Groups and Subgroups workflow manages Lamha keeps a complete group model, it must persist the candidate or confirmed state with provenance and revision, expose the resulting state for review, and reject invalid transitions without changing an existing identity or historical interval.","Lamha must keep a complete group model that records active, former, and inactive members with effective-dated membership periods and preserves historical membership after any change.",ACCEPTANCE_CRITERION,CAN-SECTION-0016,"Given a group with active, former, and inactive members, when group data is queried, then all membership states and historical periods are available from local records.",People and faces,I7,Group-model fixture covering all membership states and history.,Label names the complete-group-model obligation; rewrite states the model contents and preservation result.,Pass 1 semantic rehabilitation; matched=[EXACT_LEGACY_OUTPUT]; section=12. Groups and Subgroups; parent=CAN-SECTION-0016,REWRITE_AS_ACCEPTANCE_CRITERION,AI_SEMANTIC_REVIEW_PASS1,2026-08-05-pass1-semantic-rehabilitation,REVIEWED_CORRECTED
CAN-LAM-ARCH-112,Have aliases,"When the 12. Groups and Subgroups workflow manages Have aliases, it must persist the candidate or confirmed state with provenance and revision, expose the resulting state for review, and reject invalid transitions without changing an existing identity or historical interval.","Groups may have aliases, which remain searchable and displayable according to group display rules.",GLOSSARY,CAN-SECTION-0016,,People and faces,,Gate 1 scope; Gate 2 compile/build; Gate 3 focused/regression; Gate 8 traceability,Group-model field label; reclassified as glossary. | Non-implementation record (GLOSSARY/UI_LABEL/INFORMATIONAL/DUPLICATE) cannot retain an implementation phase.,Pass 1 semantic rehabilitation; matched=[EXACT_LEGACY_OUTPUT]; section=12. Groups and Subgroups; parent=CAN-SECTION-0016,RECLASSIFY_GLOSSARY,AI_SEMANTIC_REVIEW_PASS1,2026-08-05-pass2-semantic-consistency-correction,REVIEWED_CORRECTED
CAN-LAM-ARCH-113,Have active members,"When the 12. Groups and Subgroups workflow manages Have active members, it must persist the candidate or confirmed state with provenance and revision, expose the resulting state for review, and reject invalid transitions without changing an existing identity or historical interval.",Active members are people with a currently effective group membership.,GLOSSARY,CAN-SECTION-0016,,People and faces,,Gate 1 scope; Gate 2 compile/build; Gate 3 focused/regression; Gate 8 traceability,Group-model field label; reclassified as glossary. | Non-implementation record (GLOSSARY/UI_LABEL/INFORMATIONAL/DUPLICATE) cannot retain an implementation phase.,Pass 1 semantic rehabilitation; matched=[EXACT_LEGACY_OUTPUT]; section=12. Groups and Subgroups; parent=CAN-SECTION-0016,RECLASSIFY_GLOSSARY,AI_SEMANTIC_REVIEW_PASS1,2026-08-05-pass2-semantic-consistency-correction,REVIEWED_CORRECTED
CAN-LAM-ARCH-114,Have former members,"When the 12. Groups and Subgroups workflow manages Have former members, it must persist the candidate or confirmed state with provenance and revision, expose the resulting state for review, and reject invalid transitions without changing an existing identity or historical interval.",Former members are people whose group membership ended and whose historical period remains queryable.,GLOSSARY,CAN-SECTION-0016,,People and faces,,Gate 1 scope; Gate 2 compile/build; Gate 3 focused/regression; Gate 8 traceability,Group-model field label; reclassified as glossary. | Non-implementation record (GLOSSARY/UI_LABEL/INFORMATIONAL/DUPLICATE) cannot retain an implementation phase.,Pass 1 semantic rehabilitation; matched=[EXACT_LEGACY_OUTPUT]; section=12. Groups and Subgroups; parent=CAN-SECTION-0016,RECLASSIFY_GLOSSARY,AI_SEMANTIC_REVIEW_PASS1,2026-08-05-pass2-semantic-consistency-correction,REVIEWED_CORRECTED
CAN-LAM-ARCH-115,Have inactive members,"When the 12. Groups and Subgroups workflow manages Have inactive members, it must persist the candidate or confirmed state with provenance and revision, expose the resulting state for review, and reject invalid transitions without changing an existing identity or historical interval.",Inactive members are people whose membership is suspended or paused and who are not currently active.,GLOSSARY,CAN-SECTION-0016,,People and faces,,Gate 1 scope; Gate 2 compile/build; Gate 3 focused/regression; Gate 8 traceability,Group-model field label; reclassified as glossary. | Non-implementation record (GLOSSARY/UI_LABEL/INFORMATIONAL/DUPLICATE) cannot retain an implementation phase.,Pass 1 semantic rehabilitation; matched=[EXACT_LEGACY_OUTPUT]; section=12. Groups and Subgroups; parent=CAN-SECTION-0016,RECLASSIFY_GLOSSARY,AI_SEMANTIC_REVIEW_PASS1,2026-08-05-pass2-semantic-consistency-correction,REVIEWED_CORRECTED
CAN-LAM-ARCH-116,Preserve historical membership periods,"When the 12. Groups and Subgroups workflow manages Preserve historical membership periods, it must persist the candidate or confirmed state with provenance and revision, expose the resulting state for review, and reject invalid transitions without changing an existing identity or historical interval.",Group membership changes must append or close effective-dated periods and must never overwrite historical membership periods; historical projections remain queryable after every change.,FUNCTIONAL_REQUIREMENT,,"Given a group with recorded membership periods, when membership changes, then the new period is appended or closed and every historical period remains queryable.",People and faces,I7,Membership-history fixture with period-preservation checks.,Label names historical preservation; rewrite adds the append/close rule and queryable result.,Pass 1 semantic rehabilitation; matched=[EXACT_LEGACY_OUTPUT]; section=12. Groups and Subgroups; parent=none,REWRITE_AS_REQUIREMENT,AI_SEMANTIC_REVIEW_PASS1,2026-08-05-pass1-semantic-rehabilitation,REVIEWED_CORRECTED
CAN-LAM-EVENT-039,Have event links,"When the 12. Groups and Subgroups workflow manages Have event links, it must persist the candidate or confirmed state with provenance and revision, expose the resulting state for review, and reject invalid transitions without changing an existing identity or historical interval.",Event links are events associated with a group through reviewed event membership.,GLOSSARY,CAN-SECTION-0016,,People and faces,,Gate 1 scope; Gate 2 compile/build; Gate 3 focused/regression; Gate 8 traceability,Group-model field label; reclassified as glossary. | Non-implementation record (GLOSSARY/UI_LABEL/INFORMATIONAL/DUPLICATE) cannot retain an implementation phase.,Pass 1 semantic rehabilitation; matched=[EXACT_LEGACY_OUTPUT]; section=12. Groups and Subgroups; parent=CAN-SECTION-0016,RECLASSIFY_GLOSSARY,AI_SEMANTIC_REVIEW_PASS1,2026-08-05-pass2-semantic-consistency-correction,REVIEWED_CORRECTED
CAN-LAM-EVENT-040,Be event-specific,"When the 12. Groups and Subgroups workflow manages Be event-specific, it must persist the candidate or confirmed state with provenance and revision, expose the resulting state for review, and reject invalid transitions without changing an existing identity or historical interval.",Event-specific membership scopes a group membership or relationship to a single reviewed event.,GLOSSARY,CAN-SECTION-0016,,People and faces,,Gate 1 scope; Gate 2 compile/build; Gate 3 focused/regression; Gate 8 traceability,Group-model field label; reclassified as glossary. | Non-implementation record (GLOSSARY/UI_LABEL/INFORMATIONAL/DUPLICATE) cannot retain an implementation phase.,Pass 1 semantic rehabilitation; matched=[EXACT_LEGACY_OUTPUT]; section=12. Groups and Subgroups; parent=CAN-SECTION-0016,RECLASSIFY_GLOSSARY,AI_SEMANTIC_REVIEW_PASS1,2026-08-05-pass2-semantic-consistency-correction,REVIEWED_CORRECTED
CAN-LAM-PERSON-050,Contain subgroups,"When the 12. Groups and Subgroups workflow manages Contain subgroups, it must persist the candidate or confirmed state with provenance and revision, expose the resulting state for review, and reject invalid transitions without changing an existing identity or historical interval.","Groups may contain subgroups, forming a reviewed hierarchical membership model.",GLOSSARY,CAN-SECTION-0016,,People and faces,,Gate 1 scope; Gate 2 compile/build; Gate 3 focused/regression; Gate 8 traceability,Group-model field label; reclassified as glossary. | Non-implementation record (GLOSSARY/UI_LABEL/INFORMATIONAL/DUPLICATE) cannot retain an implementation phase.,Pass 1 semantic rehabilitation; matched=[EXACT_LEGACY_OUTPUT]; section=12. Groups and Subgroups; parent=CAN-SECTION-0016,RECLASSIFY_GLOSSARY,AI_SEMANTIC_REVIEW_PASS1,2026-08-05-pass2-semantic-consistency-correction,REVIEWED_CORRECTED
CAN-LAM-ARCH-119,Display rules:,"When the 12.1 Canonical group name workflow manages Display rules, it must persist the candidate or confirmed state with provenance and revision, expose the resulting state for review, and reject invalid transitions without changing an existing identity or historical interval.","Display rules define how group aliases, hidden status, members, and profile fields are presented in the UI.",GLOSSARY,CAN-SECTION-0059,,People and faces,,Gate 1 scope; Gate 2 compile/build; Gate 3 focused/regression; Gate 8 traceability,Display-rule heading label; reclassified as glossary. | Non-implementation record (GLOSSARY/UI_LABEL/INFORMATIONAL/DUPLICATE) cannot retain an implementation phase.,Pass 1 semantic rehabilitation; matched=[EXACT_LEGACY_OUTPUT]; section=12.1 Canonical group name; parent=CAN-SECTION-0059,RECLASSIFY_GLOSSARY,AI_SEMANTIC_REVIEW_PASS1,2026-08-05-pass2-semantic-consistency-correction,REVIEWED_CORRECTED
CAN-LAM-ARCH-121,Old names remain aliases by default.,"When the 12.1 Canonical group name workflow manages Old names remain aliases by default, it must persist the candidate or confirmed state with provenance and revision, expose the resulting state for review, and reject invalid transitions without changing an existing identity or historical interval.","When a person's canonical name changes, the previous name must be retained as a searchable alias by default.",ACCEPTANCE_CRITERION,CAN-SECTION-0059,"Given a canonical-name change, when search runs afterwards, then the old name remains searchable as an alias.",People and faces,I7,Rename-and-search fixture with alias preservation check.,Label states the alias-preservation rule; rewrite makes it observable.,Pass 1 semantic rehabilitation; matched=[EXACT_LEGACY_OUTPUT]; section=12.1 Canonical group name; parent=CAN-SECTION-0059,REWRITE_AS_ACCEPTANCE_CRITERION,AI_SEMANTIC_REVIEW_PASS1,2026-08-05-pass1-semantic-rehabilitation,REVIEWED_CORRECTED
CAN-LAM-SEARCH-005,Historical or alternate names remain searchable.,"When the 12.1 Canonical group name workflow manages Historical or alternate names remain searchable, it must persist the candidate or confirmed state with provenance and revision, expose the resulting state for review, and reject invalid transitions without changing an existing identity or historical interval.",Person search must match historical and alternate names and return the correct person profile.,ACCEPTANCE_CRITERION,CAN-SECTION-0059,"Given a person with historical or alternate names, when a user searches any of those names, then the correct profile is returned.",People and faces,I7,Alternate-name search fixture.,Label states alternate-name search; rewrite adds the observable search result.,Pass 1 semantic rehabilitation; matched=[EXACT_LEGACY_OUTPUT]; section=12.1 Canonical group name; parent=CAN-SECTION-0059,REWRITE_AS_ACCEPTANCE_CRITERION,AI_SEMANTIC_REVIEW_PASS1,2026-08-05-pass1-semantic-rehabilitation,REVIEWED_CORRECTED
CAN-LAM-EVENT-042,Event count,"When Event count is requested in 13.1 Nodes, Lamha must produce or update a reviewable event plan, show its membership and filesystem effects, and make no authoritative or filesystem change if validation or confirmation fails.","Event count is the number of events associated with a person or node, derived from reviewed event membership.",GLOSSARY,CAN-SECTION-0160,,Events and organization,,Gate 1 scope; Gate 2 compile/build; Gate 3 focused/regression; Gate 8 traceability,Node-field label; reclassified as glossary. | Non-implementation record (GLOSSARY/UI_LABEL/INFORMATIONAL/DUPLICATE) cannot retain an implementation phase.,Pass 1 semantic rehabilitation; matched=[EXACT_LEGACY_OUTPUT]; section=13.1 Nodes; parent=CAN-SECTION-0160,RECLASSIFY_GLOSSARY,AI_SEMANTIC_REVIEW_PASS1,2026-08-05-pass2-semantic-consistency-correction,REVIEWED_CORRECTED
CAN-LAM-PERSON-055,Face,"When the 13.1 Nodes workflow manages Face, it must persist the candidate or confirmed state with provenance and revision, expose the resulting state for review, and reject invalid transitions without changing an existing identity or historical interval.",Face is a detected face region linked to a person or candidate with a revisioned assignment.,GLOSSARY,CAN-SECTION-0220,,People and faces,,Gate 1 scope; Gate 2 compile/build; Gate 3 focused/regression; Gate 8 traceability,Node-field label; reclassified as glossary. | Non-implementation record (GLOSSARY/UI_LABEL/INFORMATIONAL/DUPLICATE) cannot retain an implementation phase.,Pass 1 semantic rehabilitation; matched=[EXACT_LEGACY_OUTPUT]; section=13.1 Nodes; parent=CAN-SECTION-0220,RECLASSIFY_GLOSSARY,AI_SEMANTIC_REVIEW_PASS1,2026-08-05-pass2-semantic-consistency-correction,REVIEWED_CORRECTED
CAN-LAM-PERSON-056,Primary relationship,"When the 13.1 Nodes workflow manages Primary relationship, it must persist the candidate or confirmed state with provenance and revision, expose the resulting state for review, and reject invalid transitions without changing an existing identity or historical interval.",Primary relationship is the reviewed principal relationship edge of a person profile.,GLOSSARY,CAN-SECTION-0220,,People and faces,,Gate 1 scope; Gate 2 compile/build; Gate 3 focused/regression; Gate 8 traceability,Relationship-field label; reclassified as glossary. | Non-implementation record (GLOSSARY/UI_LABEL/INFORMATIONAL/DUPLICATE) cannot retain an implementation phase.,Pass 1 semantic rehabilitation; matched=[EXACT_LEGACY_OUTPUT]; section=13.1 Nodes; parent=CAN-SECTION-0220,RECLASSIFY_GLOSSARY,AI_SEMANTIC_REVIEW_PASS1,2026-08-05-pass2-semantic-consistency-correction,REVIEWED_CORRECTED
CAN-LAM-PERSON-057,Additional relationships,"When the 13.1 Nodes workflow manages Additional relationships, it must persist the candidate or confirmed state with provenance and revision, expose the resulting state for review, and reject invalid transitions without changing an existing identity or historical interval.",Additional relationships are the reviewed secondary relationship edges of a person profile.,GLOSSARY,CAN-SECTION-0220,,People and faces,,Gate 1 scope; Gate 2 compile/build; Gate 3 focused/regression; Gate 8 traceability,Relationship-field label; reclassified as glossary. | Non-implementation record (GLOSSARY/UI_LABEL/INFORMATIONAL/DUPLICATE) cannot retain an implementation phase.,Pass 1 semantic rehabilitation; matched=[EXACT_LEGACY_OUTPUT]; section=13.1 Nodes; parent=CAN-SECTION-0220,RECLASSIFY_GLOSSARY,AI_SEMANTIC_REVIEW_PASS1,2026-08-05-pass2-semantic-consistency-correction,REVIEWED_CORRECTED
CAN-LAM-ARCH-125,Built-in examples include:,"When the 13.2 Relationships workflow manages Built-in examples include, it must persist the candidate or confirmed state with provenance and revision, expose the resulting state for review, and reject invalid transitions without changing an existing identity or historical interval.",Built-in relationship examples include the reviewed preset relationship types offered when creating an edge.,GLOSSARY,CAN-SECTION-0060,,Relationships and attribution,,Gate 1 scope; Gate 2 compile/build; Gate 3 focused/regression; Gate 8 traceability; Gate 5 Tauri/UI,Relationship-heading label; reclassified as glossary. | Non-implementation record (GLOSSARY/UI_LABEL/INFORMATIONAL/DUPLICATE) cannot retain an implementation phase.,Pass 1 semantic rehabilitation; matched=[EXACT_LEGACY_OUTPUT]; section=13.2 Relationships; parent=CAN-SECTION-0060,RECLASSIFY_GLOSSARY,AI_SEMANTIC_REVIEW_PASS1,2026-08-05-pass2-semantic-consistency-correction,REVIEWED_CORRECTED
CAN-LAM-ARCH-126,Sure,"When the 13.2 Relationships workflow manages Sure, it must persist the candidate or confirmed state with provenance and revision, expose the resulting state for review, and reject invalid transitions without changing an existing identity or historical interval.",Sure is the reviewed certainty value indicating a relationship is confirmed.,GLOSSARY,CAN-SECTION-0060,,Relationships and attribution,,Gate 1 scope; Gate 2 compile/build; Gate 3 focused/regression; Gate 8 traceability,Certainty-value label; reclassified as glossary. | Non-implementation record (GLOSSARY/UI_LABEL/INFORMATIONAL/DUPLICATE) cannot retain an implementation phase.,Pass 1 semantic rehabilitation; matched=[EXACT_LEGACY_OUTPUT]; section=13.2 Relationships; parent=CAN-SECTION-0060,RECLASSIFY_GLOSSARY,AI_SEMANTIC_REVIEW_PASS1,2026-08-05-pass2-semantic-consistency-correction,REVIEWED_CORRECTED
CAN-LAM-ARCH-127,Not Sure,"When the 13.2 Relationships workflow manages Not Sure, it must persist the candidate or confirmed state with provenance and revision, expose the resulting state for review, and reject invalid transitions without changing an existing identity or historical interval.",Not Sure is the reviewed certainty value indicating a relationship is uncertain and requires review.,GLOSSARY,CAN-SECTION-0060,,Relationships and attribution,,Gate 1 scope; Gate 2 compile/build; Gate 3 focused/regression; Gate 8 traceability,Certainty-value label; reclassified as glossary. | Non-implementation record (GLOSSARY/UI_LABEL/INFORMATIONAL/DUPLICATE) cannot retain an implementation phase.,Pass 1 semantic rehabilitation; matched=[EXACT_LEGACY_OUTPUT]; section=13.2 Relationships; parent=CAN-SECTION-0060,RECLASSIFY_GLOSSARY,AI_SEMANTIC_REVIEW_PASS1,2026-08-05-pass2-semantic-consistency-correction,REVIEWED_CORRECTED
CAN-LAM-ARCH-128,Start date,"When the 13.2 Relationships workflow manages Start date, it must persist the candidate or confirmed state with provenance and revision, expose the resulting state for review, and reject invalid transitions without changing an existing identity or historical interval.",Start date is the effective start of a relationship edge.,GLOSSARY,CAN-SECTION-0060,,Relationships and attribution,,Gate 1 scope; Gate 2 compile/build; Gate 3 focused/regression; Gate 8 traceability,Relationship-field label; reclassified as glossary. | Non-implementation record (GLOSSARY/UI_LABEL/INFORMATIONAL/DUPLICATE) cannot retain an implementation phase.,Pass 1 semantic rehabilitation; matched=[EXACT_LEGACY_OUTPUT]; section=13.2 Relationships; parent=CAN-SECTION-0060,RECLASSIFY_GLOSSARY,AI_SEMANTIC_REVIEW_PASS1,2026-08-05-pass2-semantic-consistency-correction,REVIEWED_CORRECTED
CAN-LAM-ARCH-129,End date,"When the 13.2 Relationships workflow manages End date, it must persist the candidate or confirmed state with provenance and revision, expose the resulting state for review, and reject invalid transitions without changing an existing identity or historical interval.",End date is the effective end of a relationship edge; a closed edge remains queryable as history.,GLOSSARY,CAN-SECTION-0060,,Relationships and attribution,,Gate 1 scope; Gate 2 compile/build; Gate 3 focused/regression; Gate 8 traceability,Relationship-field label; reclassified as glossary. | Non-implementation record (GLOSSARY/UI_LABEL/INFORMATIONAL/DUPLICATE) cannot retain an implementation phase.,Pass 1 semantic rehabilitation; matched=[EXACT_LEGACY_OUTPUT]; section=13.2 Relationships; parent=CAN-SECTION-0060,RECLASSIFY_GLOSSARY,AI_SEMANTIC_REVIEW_PASS1,2026-08-05-pass2-semantic-consistency-correction,REVIEWED_CORRECTED
CAN-LAM-ARCH-130,Active status,"When the 13.2 Relationships workflow manages Active status, it must persist the candidate or confirmed state with provenance and revision, expose the resulting state for review, and reject invalid transitions without changing an existing identity or historical interval.",Active status marks a currently effective relationship edge.,GLOSSARY,CAN-SECTION-0060,,Relationships and attribution,,Gate 1 scope; Gate 2 compile/build; Gate 3 focused/regression; Gate 8 traceability,Relationship-field label; reclassified as glossary. | Non-implementation record (GLOSSARY/UI_LABEL/INFORMATIONAL/DUPLICATE) cannot retain an implementation phase.,Pass 1 semantic rehabilitation; matched=[EXACT_LEGACY_OUTPUT]; section=13.2 Relationships; parent=CAN-SECTION-0060,RECLASSIFY_GLOSSARY,AI_SEMANTIC_REVIEW_PASS1,2026-08-05-pass2-semantic-consistency-correction,REVIEWED_CORRECTED
CAN-LAM-ARCH-131,Former status,"When the 13.2 Relationships workflow manages Former status, it must persist the candidate or confirmed state with provenance and revision, expose the resulting state for review, and reject invalid transitions without changing an existing identity or historical interval.",Former status marks a relationship edge that has ended and remains queryable as history.,GLOSSARY,CAN-SECTION-0060,,Relationships and attribution,,Gate 1 scope; Gate 2 compile/build; Gate 3 focused/regression; Gate 8 traceability,Relationship-field label; reclassified as glossary. | Non-implementation record (GLOSSARY/UI_LABEL/INFORMATIONAL/DUPLICATE) cannot retain an implementation phase.,Pass 1 semantic rehabilitation; matched=[EXACT_LEGACY_OUTPUT]; section=13.2 Relationships; parent=CAN-SECTION-0060,RECLASSIFY_GLOSSARY,AI_SEMANTIC_REVIEW_PASS1,2026-08-05-pass2-semantic-consistency-correction,REVIEWED_CORRECTED
CAN-LAM-ARCH-132,Custom notes,"When the 13.2 Relationships workflow manages Custom notes, it must persist the candidate or confirmed state with provenance and revision, expose the resulting state for review, and reject invalid transitions without changing an existing identity or historical interval.",Custom notes are reviewer-entered notes stored on a relationship edge.,GLOSSARY,CAN-SECTION-0060,,Relationships and attribution,,Gate 1 scope; Gate 2 compile/build; Gate 3 focused/regression; Gate 8 traceability,Relationship-field label; reclassified as glossary. | Non-implementation record (GLOSSARY/UI_LABEL/INFORMATIONAL/DUPLICATE) cannot retain an implementation phase.,Pass 1 semantic rehabilitation; matched=[EXACT_LEGACY_OUTPUT]; section=13.2 Relationships; parent=CAN-SECTION-0060,RECLASSIFY_GLOSSARY,AI_SEMANTIC_REVIEW_PASS1,2026-08-05-pass2-semantic-consistency-correction,REVIEWED_CORRECTED
CAN-LAM-ARCH-133,Change history,"When the 13.2 Relationships workflow manages Change history, it must persist the candidate or confirmed state with provenance and revision, expose the resulting state for review, and reject invalid transitions without changing an existing identity or historical interval.",Change history is the revisioned log of relationship-edge changes.,GLOSSARY,CAN-SECTION-0060,,Relationships and attribution,,Gate 1 scope; Gate 2 compile/build; Gate 3 focused/regression; Gate 8 traceability,Relationship-field label; reclassified as glossary. | Non-implementation record (GLOSSARY/UI_LABEL/INFORMATIONAL/DUPLICATE) cannot retain an implementation phase.,Pass 1 semantic rehabilitation; matched=[EXACT_LEGACY_OUTPUT]; section=13.2 Relationships; parent=CAN-SECTION-0060,RECLASSIFY_GLOSSARY,AI_SEMANTIC_REVIEW_PASS1,2026-08-05-pass2-semantic-consistency-correction,REVIEWED_CORRECTED
CAN-LAM-PERSON-059,Relationships may include:,"When the 13.2 Relationships workflow manages Relationships may include, it must persist the candidate or confirmed state with provenance and revision, expose the resulting state for review, and reject invalid transitions without changing an existing identity or historical interval.",Relationships may include the reviewed built-in presets plus user-defined custom edges with explicit certainty and notes.,GLOSSARY,CAN-SECTION-0060,,Relationships and attribution,,Gate 1 scope; Gate 2 compile/build; Gate 3 focused/regression; Gate 8 traceability,Relationship-heading label; reclassified as glossary. | Non-implementation record (GLOSSARY/UI_LABEL/INFORMATIONAL/DUPLICATE) cannot retain an implementation phase.,Pass 1 semantic rehabilitation; matched=[EXACT_LEGACY_OUTPUT]; section=13.2 Relationships; parent=CAN-SECTION-0060,RECLASSIFY_GLOSSARY,AI_SEMANTIC_REVIEW_PASS1,2026-08-05-pass2-semantic-consistency-correction,REVIEWED_CORRECTED
CAN-LAM-ARCH-134,Select the proposed change.,"When the 13.3 Sure relationship changes workflow manages Select the proposed change, it must persist the candidate or confirmed state with provenance and revision, expose the resulting state for review, and reject invalid transitions without changing an existing identity or historical interval.","When a reviewer selects a proposed relationship or membership change, Lamha must highlight the pending proposal without committing it.",ACCEPTANCE_CRITERION,CAN-SECTION-0061,"Given a pending proposal, when the reviewer selects it, then it is highlighted and no authoritative change is committed.",People and faces,I8,Selection-step fixture asserting no commit on selection.,Label names the selection step; rewrite separates selection from commit.,Pass 1 semantic rehabilitation; matched=[EXACT_LEGACY_OUTPUT]; section=13.3 Sure relationship changes; parent=CAN-SECTION-0061,REWRITE_AS_ACCEPTANCE_CRITERION,AI_SEMANTIC_REVIEW_PASS1,2026-08-05-pass1-semantic-rehabilitation,REVIEWED_CORRECTED
CAN-LAM-ARCH-135,Perform final explicit confirmation.,"When the 13.3 Sure relationship changes workflow manages Perform final explicit confirmation, it must persist the candidate or confirmed state with provenance and revision, expose the resulting state for review, and reject invalid transitions without changing an existing identity or historical interval.","When a reviewer performs final explicit confirmation, Lamha must commit the approved transition and persist its provenance and revision.",ACCEPTANCE_CRITERION,CAN-SECTION-0061,"Given a selected proposal, when final confirmation is given, then the transition commits with provenance and a new revision.",People and faces,I8,Final-confirmation fixture with provenance checks.,Label names the confirmation step; rewrite makes the commit observable.,Pass 1 semantic rehabilitation; matched=[EXACT_LEGACY_OUTPUT]; section=13.3 Sure relationship changes; parent=CAN-SECTION-0061,REWRITE_AS_ACCEPTANCE_CRITERION,AI_SEMANTIC_REVIEW_PASS1,2026-08-05-pass1-semantic-rehabilitation,REVIEWED_CORRECTED
CAN-LAM-PERSON-060,Create a relationship,"When the 13.4 Visual placement workflow manages Create a relationship, it must persist the candidate or confirmed state with provenance and revision, expose the resulting state for review, and reject invalid transitions without changing an existing identity or historical interval.","When the user creates a relationship, Lamha must persist a revisioned effective-dated edge with certainty and notes and expose it for review.",ACCEPTANCE_CRITERION,CAN-SECTION-0221,"Given a new relationship, when creation is confirmed, then a revisioned effective-dated edge is stored and visible for review.",People and faces,I8,Relationship-create fixture with revision and review checks.,"Label names creation; rewrite adds persistence, effective dating, and review exposure.",Pass 1 semantic rehabilitation; matched=[EXACT_LEGACY_OUTPUT]; section=13.4 Visual placement; parent=CAN-SECTION-0221,REWRITE_AS_ACCEPTANCE_CRITERION,AI_SEMANTIC_REVIEW_PASS1,2026-08-05-pass1-semantic-rehabilitation,REVIEWED_CORRECTED
CAN-LAM-PERSON-061,Delete a relationship,"When the 13.4 Visual placement workflow manages Delete a relationship, it must persist the candidate or confirmed state with provenance and revision, expose the resulting state for review, and reject invalid transitions without changing an existing identity or historical interval.","When the user deletes a relationship, Lamha must close the edge at its end date and preserve historical edges and projections.",ACCEPTANCE_CRITERION,CAN-SECTION-0221,"Given an existing edge, when deletion is confirmed, then the edge closes with an end date and its history remains queryable.",People and faces,I8,Relationship-delete fixture with history-preservation checks.,Label names deletion; rewrite converts deletion into a dated close that preserves history.,Pass 1 semantic rehabilitation; matched=[EXACT_LEGACY_OUTPUT]; section=13.4 Visual placement; parent=CAN-SECTION-0221,REWRITE_AS_ACCEPTANCE_CRITERION,AI_SEMANTIC_REVIEW_PASS1,2026-08-05-pass1-semantic-rehabilitation,REVIEWED_CORRECTED
CAN-LAM-PERSON-062,Change group membership,"When the 13.4 Visual placement workflow manages Change group membership, it must persist the candidate or confirmed state with provenance and revision, expose the resulting state for review, and reject invalid transitions without changing an existing identity or historical interval.","When group membership changes, Lamha must append or close the effective-dated period and preserve all historical membership.",ACCEPTANCE_CRITERION,CAN-SECTION-0221,"Given an active membership, when the membership changes, then the period is appended or closed and prior periods remain queryable.",People and faces,I7,Membership-change fixture with period checks.,Label names membership change; rewrite adds period semantics and preservation.,Pass 1 semantic rehabilitation; matched=[EXACT_LEGACY_OUTPUT]; section=13.4 Visual placement; parent=CAN-SECTION-0221,REWRITE_AS_ACCEPTANCE_CRITERION,AI_SEMANTIC_REVIEW_PASS1,2026-08-05-pass1-semantic-rehabilitation,REVIEWED_CORRECTED
CAN-LAM-GOV-213,Preserve useful:,"When Preserve useful is exercised in 14.1 Frontend, Lamha must expose the resulting state and preserve the prior durable state if validation or execution fails.",Planning migrations must preserve useful reviewed content and record explicit dispositions for any removed content.,INFORMATIONAL,,,Planning and verification governance,,Gate 1 scope; Gate 2 compile/build; Gate 3 focused/regression; Gate 8 traceability,Planning-instruction fragment; reclassified as informational guidance.,Pass 1 semantic rehabilitation; matched=[EXACT_LEGACY_OUTPUT]; section=14.1 Frontend; parent=none,RECLASSIFY_INFORMATIONAL,AI_SEMANTIC_REVIEW_PASS1,2026-08-05-pass1-semantic-rehabilitation,RECLASSIFIED
CAN-LAM-ARCH-141,Save progress,"When Save progress occurs in 14.2 Draft / Safe mode, Lamha must expose a typed operation or notification state with progress and recovery information, and must not report success for a cancelled, failed, or partially committed operation.","When a long-running local workflow saves progress, Lamha must persist a typed operation state with recovery information and never report success for an incomplete operation.",ACCEPTANCE_CRITERION,CAN-SECTION-0062,"Given a running operation, when progress is saved, then a typed recovery state is persisted and success is not reported until completion.",Jobs and notifications,I10,Progress-save fixture with state and success checks.,Label names progress saving; rewrite adds typed state and no-false-success rules.,Pass 1 semantic rehabilitation; matched=[EXACT_LEGACY_OUTPUT]; section=14.2 Draft / Safe mode; parent=CAN-SECTION-0062,REWRITE_AS_ACCEPTANCE_CRITERION,AI_SEMANTIC_REVIEW_PASS1,2026-08-05-pass1-semantic-rehabilitation,REVIEWED_CORRECTED
CAN-LAM-EVENT-044,Link events,"When Link events is requested in 14.2 Draft / Safe mode, Lamha must produce or update a reviewable event plan, show its membership and filesystem effects, and make no authoritative or filesystem change if validation or confirmation fails.","When the user links events, Lamha must persist the reviewed event relationship with provenance and show it in event projections.",ACCEPTANCE_CRITERION,CAN-SECTION-0161,"Given two events, when linking is confirmed, then the relationship is persisted with provenance and appears in projections.",Events and organization,I6,Event-link fixture with projection checks.,Label names event linking; rewrite adds persistence and projection results.,Pass 1 semantic rehabilitation; matched=[EXACT_LEGACY_OUTPUT]; section=14.2 Draft / Safe mode; parent=CAN-SECTION-0161,REWRITE_AS_ACCEPTANCE_CRITERION,AI_SEMANTIC_REVIEW_PASS1,2026-08-05-pass1-semantic-rehabilitation,REVIEWED_CORRECTED
CAN-LAM-FOLDER-023,Link existing folders,"When a configured library encounters Link existing folders during 14.2 Draft / Safe mode, Rust must apply authorized-root and access-mode rules, expose the resulting root or asset state, and leave files unchanged if validation, permission, or I/O checks fail.","When the user links an existing folder as an event folder, Lamha must record the link without moving, renaming, or altering the folder contents.",ACCEPTANCE_CRITERION,CAN-SECTION-0169,"Given an existing folder, when it is linked, then the link is recorded and folder paths and contents remain unchanged.",Libraries and storage,I4,Folder-link fixture with no-mutation assertion.,Label names folder linking; rewrite separates linking from mutation.,Pass 1 semantic rehabilitation; matched=[EXACT_LEGACY_OUTPUT]; section=14.2 Draft / Safe mode; parent=CAN-SECTION-0169,REWRITE_AS_ACCEPTANCE_CRITERION,AI_SEMANTIC_REVIEW_PASS1,2026-08-05-pass1-semantic-rehabilitation,REVIEWED_CORRECTED
CAN-LAM-ARCH-144,Sidecars to create,"When the 14.3 Materialization workflow reads or changes Sidecars to create, it must preserve the value, authority, and provenance in the appropriate durable record and expose the resulting revision to the derived index. Missing, malformed, or conflicting input must be reported without discarding the last valid value.","When a managed asset mutation requires sidecars, Lamha must create the exact reviewed sidecar set with schema-valid JSON and transaction-journaled writes.",ACCEPTANCE_CRITERION,CAN-SECTION-0063,"Given an approved mutation, when sidecars are created, then the reviewed sidecar set exists, validates, and is journaled before commit.",Metadata,I3,Sidecar-creation fixture with schema and journal checks.,"Label names sidecar creation; rewrite adds the exact-set, validation, and journaling outcomes.",Pass 1 semantic rehabilitation; matched=[EXACT_LEGACY_OUTPUT]; section=14.3 Materialization; parent=CAN-SECTION-0063,REWRITE_AS_ACCEPTANCE_CRITERION,AI_SEMANTIC_REVIEW_PASS1,2026-08-05-pass1-semantic-rehabilitation,REVIEWED_CORRECTED
CAN-LAM-ARCH-147,Required storage,"When a configured library encounters Required storage during 14.3 Materialization, Rust must apply authorized-root and access-mode rules, expose the resulting root or asset state, and leave files unchanged if validation, permission, or I/O checks fail.","When initializing a Library Root, Lamha must provision the required managed storage directories including typed .app-data authority directories, without altering existing user folders or media bytes.",FUNCTIONAL_REQUIREMENT,,"Given a new or existing Library Root, when initialization runs, then required managed directories exist exactly once and existing user paths and file hashes remain unchanged.",Libraries and storage,I4,Root-initialization fixture with directory and hash checks.,Label names required storage; rewrite adds the initialization trigger and preservation result.,Pass 1 semantic rehabilitation; matched=[EXACT_LEGACY_OUTPUT]; section=14.3 Materialization; parent=none,REWRITE_AS_REQUIREMENT,AI_SEMANTIC_REVIEW_PASS1,2026-08-05-pass1-semantic-rehabilitation,REVIEWED_CORRECTED
CAN-LAM-ASSET-070,Assets to move,"When the user invokes Assets to move in 14.3 Materialization, the viewer must apply or display the behavior for the selected asset, expose the resulting UI state, and preserve the original media when the operation or format is unavailable.","When an approved operation plan lists assets to move, Lamha must move exactly the listed assets and leave unlisted assets and files unchanged.",ACCEPTANCE_CRITERION,CAN-SECTION-0122,"Given an approved plan, when the move executes, then only listed assets move and all other paths and hashes remain unchanged.",Events and organization,I6,Planned-move fixture with scope checks.,Label names planned asset moves; rewrite adds exact-scope and preservation results.,Pass 1 semantic rehabilitation; matched=[EXACT_LEGACY_OUTPUT]; section=14.3 Materialization; parent=CAN-SECTION-0122,REWRITE_AS_ACCEPTANCE_CRITERION,AI_SEMANTIC_REVIEW_PASS1,2026-08-05-pass1-semantic-rehabilitation,REVIEWED_CORRECTED
CAN-LAM-FOLDER-024,Folders to create,"When a configured library encounters Folders to create during 14.3 Materialization, Rust must apply authorized-root and access-mode rules, expose the resulting root or asset state, and leave files unchanged if validation, permission, or I/O checks fail.","When an approved operation plan lists folders to create, Lamha must create exactly the listed folders and report typed errors on collision without overwriting existing paths.",ACCEPTANCE_CRITERION,CAN-SECTION-0170,"Given an approved folder-creation plan, when it executes, then the listed folders exist once and collisions return typed errors without overwrite.",Libraries and storage,I4,Folder-creation fixture with collision checks.,Label names planned folder creation; rewrite adds exact scope and collision behavior.,Pass 1 semantic rehabilitation; matched=[EXACT_LEGACY_OUTPUT]; section=14.3 Materialization; parent=CAN-SECTION-0170,REWRITE_AS_ACCEPTANCE_CRITERION,AI_SEMANTIC_REVIEW_PASS1,2026-08-05-pass1-semantic-rehabilitation,REVIEWED_CORRECTED
CAN-LAM-FOLDER-025,Folders to rename,"When a configured library encounters Folders to rename during 14.3 Materialization, Rust must apply authorized-root and access-mode rules, expose the resulting root or asset state, and leave files unchanged if validation, permission, or I/O checks fail.","When an approved operation plan lists folders to rename, Lamha must rename exactly the listed folders and preserve original names in JSON or history.",ACCEPTANCE_CRITERION,CAN-SECTION-0170,"Given an approved rename plan, when it executes, then listed folders are renamed with original names recorded and unlisted paths unchanged.",Events and organization,I6,Folder-rename fixture with provenance checks.,Label names planned renames; rewrite adds exact scope and provenance.,Pass 1 semantic rehabilitation; matched=[EXACT_LEGACY_OUTPUT]; section=14.3 Materialization; parent=CAN-SECTION-0170,REWRITE_AS_ACCEPTANCE_CRITERION,AI_SEMANTIC_REVIEW_PASS1,2026-08-05-pass1-semantic-rehabilitation,REVIEWED_CORRECTED
CAN-LAM-FOLDER-026,Folders to move,"When a configured library encounters Folders to move during 14.3 Materialization, Rust must apply authorized-root and access-mode rules, expose the resulting root or asset state, and leave files unchanged if validation, permission, or I/O checks fail.","When an approved operation plan lists folders to move, Lamha must move exactly the listed folders and leave unlisted paths unchanged.",ACCEPTANCE_CRITERION,CAN-SECTION-0170,"Given an approved move plan, when it executes, then listed folders move and all other paths and hashes remain unchanged.",Libraries and storage,I4,Folder-move fixture with scope checks.,Label names planned moves; rewrite adds exact scope and preservation.,Pass 1 semantic rehabilitation; matched=[EXACT_LEGACY_OUTPUT]; section=14.3 Materialization; parent=CAN-SECTION-0170,REWRITE_AS_ACCEPTANCE_CRITERION,AI_SEMANTIC_REVIEW_PASS1,2026-08-05-pass1-semantic-rehabilitation,REVIEWED_CORRECTED
CAN-LAM-FOLDER-027,Offline drives,"When a configured library encounters Offline drives during 14.3 Materialization, Rust must apply authorized-root and access-mode rules, expose the resulting root or asset state, and leave files unchanged if validation, permission, or I/O checks fail.","When an operation plan references offline drives, Lamha must mark those drives offline, keep their indexed records and pending overlays available, and defer structural operations until reconnection.",ACCEPTANCE_CRITERION,CAN-SECTION-0170,"Given offline drives in a plan, when the plan is evaluated, then affected operations are deferred and records and overlays remain available.",Libraries and storage,I4,Offline-drive fixture with deferral checks.,Label names offline-drive handling; rewrite adds deferral and preservation outcomes.,Pass 1 semantic rehabilitation; matched=[EXACT_LEGACY_OUTPUT]; section=14.3 Materialization; parent=CAN-SECTION-0170,REWRITE_AS_ACCEPTANCE_CRITERION,AI_SEMANTIC_REVIEW_PASS1,2026-08-05-pass1-semantic-rehabilitation,REVIEWED_CORRECTED
CAN-LAM-ARCH-148,Keep linked,"When a configured library encounters Keep linked during 14.4 Dragging existing folders, Rust must apply authorized-root and access-mode rules, expose the resulting root or asset state, and leave files unchanged if validation, permission, or I/O checks fail.","When an existing folder is dragged into the library and the user chooses Keep linked, Lamha must record the link and leave the folder and its contents at their existing paths.",ACCEPTANCE_CRITERION,CAN-SECTION-0064,"Given an existing folder, when Keep linked is chosen, then the link is recorded and folder paths and contents remain unchanged.",Libraries and storage,I4,Keep-linked fixture with no-mutation assertion.,Label names the keep-linked option; rewrite defines the non-mutating result.,Pass 1 semantic rehabilitation; matched=[EXACT_LEGACY_OUTPUT]; section=14.4 Dragging existing folders; parent=CAN-SECTION-0064,REWRITE_AS_ACCEPTANCE_CRITERION,AI_SEMANTIC_REVIEW_PASS1,2026-08-05-pass1-semantic-rehabilitation,REVIEWED_CORRECTED
CAN-LAM-ARCH-149,Normalize name,"When a configured library encounters Normalize name during 14.4 Dragging existing folders, Rust must apply authorized-root and access-mode rules, expose the resulting root or asset state, and leave files unchanged if validation, permission, or I/O checks fail.","When an existing folder is dragged into the library and Normalize name is chosen, Lamha must preview the normalized name and apply it only after approval while preserving the original name in history.",ACCEPTANCE_CRITERION,CAN-SECTION-0064,"Given a folder name requiring normalization, when Normalize name is chosen, then a previewed safe name is applied only after approval and the original name is retained.",Libraries and storage,I4,Normalize-name fixture with approval checks.,"Label names name normalization; rewrite adds preview, approval, and provenance.",Pass 1 semantic rehabilitation; matched=[EXACT_LEGACY_OUTPUT]; section=14.4 Dragging existing folders; parent=CAN-SECTION-0064,REWRITE_AS_ACCEPTANCE_CRITERION,AI_SEMANTIC_REVIEW_PASS1,2026-08-05-pass1-semantic-rehabilitation,REVIEWED_CORRECTED
CAN-LAM-ARCH-150,Move into the library,"When a configured library encounters Move into the library during 14.4 Dragging existing folders, Rust must apply authorized-root and access-mode rules, expose the resulting root or asset state, and leave files unchanged if validation, permission, or I/O checks fail.","When an existing folder is dragged into the library and Move into the library is chosen, Lamha must move the folder under the Library Root only after approval and preserve asset identities and hashes.",ACCEPTANCE_CRITERION,CAN-SECTION-0064,"Given an approved move, when it executes, then the folder moves under the root and every asset identity and hash remains unchanged.",Libraries and storage,I4,Move-into-library fixture with identity checks.,Label names the move option; rewrite adds approval and identity-preservation results.,Pass 1 semantic rehabilitation; matched=[EXACT_LEGACY_OUTPUT]; section=14.4 Dragging existing folders; parent=CAN-SECTION-0064,REWRITE_AS_ACCEPTANCE_CRITERION,AI_SEMANTIC_REVIEW_PASS1,2026-08-05-pass1-semantic-rehabilitation,REVIEWED_CORRECTED
CAN-LAM-ARCH-151,Merge,"When a configured library encounters Merge during 14.4 Dragging existing folders, Rust must apply authorized-root and access-mode rules, expose the resulting root or asset state, and leave files unchanged if validation, permission, or I/O checks fail.","When an existing folder is dragged into the library and Merge is chosen, Lamha must preview the merged membership and commit only after approval while preserving every asset identity and original hash.",ACCEPTANCE_CRITERION,CAN-SECTION-0064,"Given an approved merge, when it executes, then the folder merges into the library with all asset identities and hashes preserved.",Libraries and storage,I4,Merge-folder fixture with identity checks.,"Label names the merge option; rewrite adds preview, approval, and preservation.",Pass 1 semantic rehabilitation; matched=[EXACT_LEGACY_OUTPUT]; section=14.4 Dragging existing folders; parent=CAN-SECTION-0064,REWRITE_AS_ACCEPTANCE_CRITERION,AI_SEMANTIC_REVIEW_PASS1,2026-08-05-pass1-semantic-rehabilitation,REVIEWED_CORRECTED
CAN-LAM-EVENT-045,Make primary event folder,"When a configured library encounters Make primary event folder during 14.4 Dragging existing folders, Rust must apply authorized-root and access-mode rules, expose the resulting root or asset state, and leave files unchanged if validation, permission, or I/O checks fail.","When the user makes a folder the primary event folder, Lamha must record the primary-folder designation and show it in event projections without moving other folders.",ACCEPTANCE_CRITERION,CAN-SECTION-0064,"Given an event with multiple folders, when one is made primary, then the designation is persisted and other folder paths remain unchanged.",Libraries and storage,I6,Primary-folder fixture with projection checks.,Label names the primary-folder action; rewrite adds persistence and non-mutation.,Pass 1 semantic rehabilitation; matched=[EXACT_LEGACY_OUTPUT]; section=14.4 Dragging existing folders; parent=CAN-SECTION-0064,REWRITE_AS_ACCEPTANCE_CRITERION,AI_SEMANTIC_REVIEW_PASS1,2026-08-05-pass1-semantic-rehabilitation,REVIEWED_CORRECTED
CAN-LAM-ARCH-152,Heading,"When a configured library encounters Heading during 14.5 Folder blocks, Rust must apply authorized-root and access-mode rules, expose the resulting root or asset state, and leave files unchanged if validation, permission, or I/O checks fail.",Heading is a UI label identifying a folder-block heading in the event folder view.,UI_LABEL,CAN-SECTION-0065,,Events and organization,,Gate 1 scope; Gate 2 compile/build; Gate 3 focused/regression; Gate 8 traceability,Folder-block field label; reclassified as a UI label. | Non-implementation record (GLOSSARY/UI_LABEL/INFORMATIONAL/DUPLICATE) cannot retain an implementation phase.,Pass 1 semantic rehabilitation; matched=[EXACT_LEGACY_OUTPUT]; section=14.5 Folder blocks; parent=CAN-SECTION-0065,RECLASSIFY_UI_LABEL,AI_SEMANTIC_REVIEW_PASS1,2026-08-05-pass2-semantic-consistency-correction,REVIEWED_CORRECTED
CAN-LAM-ARCH-153,Link state,"When a configured library encounters Link state during 14.5 Folder blocks, Rust must apply authorized-root and access-mode rules, expose the resulting root or asset state, and leave files unchanged if validation, permission, or I/O checks fail.","Link state is a UI label showing whether a folder block is linked, moved, or pending in the event view.",UI_LABEL,CAN-SECTION-0065,,Events and organization,,Gate 1 scope; Gate 2 compile/build; Gate 3 focused/regression; Gate 8 traceability,Folder-block field label; reclassified as a UI label. | Non-implementation record (GLOSSARY/UI_LABEL/INFORMATIONAL/DUPLICATE) cannot retain an implementation phase.,Pass 1 semantic rehabilitation; matched=[EXACT_LEGACY_OUTPUT]; section=14.5 Folder blocks; parent=CAN-SECTION-0065,RECLASSIFY_UI_LABEL,AI_SEMANTIC_REVIEW_PASS1,2026-08-05-pass2-semantic-consistency-correction,REVIEWED_CORRECTED
CAN-LAM-ARCH-154,Review count,"When a configured library encounters Review count during 14.5 Folder blocks, Rust must apply authorized-root and access-mode rules, expose the resulting root or asset state, and leave files unchanged if validation, permission, or I/O checks fail.",Review count is a UI label showing the number of pending review items in a folder block.,UI_LABEL,CAN-SECTION-0065,,Events and organization,,Gate 1 scope; Gate 2 compile/build; Gate 3 focused/regression; Gate 8 traceability,Folder-block field label; reclassified as a UI label. | Non-implementation record (GLOSSARY/UI_LABEL/INFORMATIONAL/DUPLICATE) cannot retain an implementation phase.,Pass 1 semantic rehabilitation; matched=[EXACT_LEGACY_OUTPUT]; section=14.5 Folder blocks; parent=CAN-SECTION-0065,RECLASSIFY_UI_LABEL,AI_SEMANTIC_REVIEW_PASS1,2026-08-05-pass2-semantic-consistency-correction,REVIEWED_CORRECTED
CAN-LAM-ARCH-155,Offline state,"When a configured library encounters Offline state during 14.5 Folder blocks, Rust must apply authorized-root and access-mode rules, expose the resulting root or asset state, and leave files unchanged if validation, permission, or I/O checks fail.",Offline state is a UI label showing that a folder block belongs to a detached or offline root.,UI_LABEL,CAN-SECTION-0065,,Events and organization,,Gate 1 scope; Gate 2 compile/build; Gate 3 focused/regression; Gate 8 traceability,Folder-block field label; reclassified as a UI label. | Non-implementation record (GLOSSARY/UI_LABEL/INFORMATIONAL/DUPLICATE) cannot retain an implementation phase.,Pass 1 semantic rehabilitation; matched=[EXACT_LEGACY_OUTPUT]; section=14.5 Folder blocks; parent=CAN-SECTION-0065,RECLASSIFY_UI_LABEL,AI_SEMANTIC_REVIEW_PASS1,2026-08-05-pass2-semantic-consistency-correction,REVIEWED_CORRECTED
CAN-LAM-ARCH-156,Read-only state,"When a configured library encounters Read-only state during 14.5 Folder blocks, Rust must apply authorized-root and access-mode rules, expose the resulting root or asset state, and leave files unchanged if validation, permission, or I/O checks fail.",Read-only state is a UI label showing that a folder block is on a read-only root and edits are pending overlays.,UI_LABEL,CAN-SECTION-0065,,Events and organization,,Gate 1 scope; Gate 2 compile/build; Gate 3 focused/regression; Gate 8 traceability,Folder-block field label; reclassified as a UI label. | Non-implementation record (GLOSSARY/UI_LABEL/INFORMATIONAL/DUPLICATE) cannot retain an implementation phase.,Pass 1 semantic rehabilitation; matched=[EXACT_LEGACY_OUTPUT]; section=14.5 Folder blocks; parent=CAN-SECTION-0065,RECLASSIFY_UI_LABEL,AI_SEMANTIC_REVIEW_PASS1,2026-08-05-pass2-semantic-consistency-correction,REVIEWED_CORRECTED
CAN-LAM-ASSET-071,Asset count,"When the user invokes Asset count in 14.5 Folder blocks, the viewer must apply or display the behavior for the selected asset, expose the resulting UI state, and preserve the original media when the operation or format is unavailable.",Asset count is a UI label showing the number of assets in a folder block.,UI_LABEL,CAN-SECTION-0123,,Events and organization,,Gate 1 scope; Gate 2 compile/build; Gate 3 focused/regression; Gate 8 traceability,Folder-block field label; reclassified as a UI label. | Non-implementation record (GLOSSARY/UI_LABEL/INFORMATIONAL/DUPLICATE) cannot retain an implementation phase.,Pass 1 semantic rehabilitation; matched=[EXACT_LEGACY_OUTPUT]; section=14.5 Folder blocks; parent=CAN-SECTION-0123,RECLASSIFY_UI_LABEL,AI_SEMANTIC_REVIEW_PASS1,2026-08-05-pass2-semantic-consistency-correction,REVIEWED_CORRECTED
CAN-LAM-EVENT-046,Event name,"When a configured library encounters Event name during 14.5 Folder blocks, Rust must apply authorized-root and access-mode rules, expose the resulting root or asset state, and leave files unchanged if validation, permission, or I/O checks fail.",Event name is a UI label showing the reviewed name of the event for a folder block.,UI_LABEL,CAN-SECTION-0065,,Events and organization,,Gate 1 scope; Gate 2 compile/build; Gate 3 focused/regression; Gate 8 traceability,Folder-block field label; reclassified as a UI label. | Non-implementation record (GLOSSARY/UI_LABEL/INFORMATIONAL/DUPLICATE) cannot retain an implementation phase.,Pass 1 semantic rehabilitation; matched=[EXACT_LEGACY_OUTPUT]; section=14.5 Folder blocks; parent=CAN-SECTION-0065,RECLASSIFY_UI_LABEL,AI_SEMANTIC_REVIEW_PASS1,2026-08-05-pass2-semantic-consistency-correction,REVIEWED_CORRECTED
CAN-LAM-FOLDER-029,Open-folder action,"When a configured library encounters Open-folder action during 14.5 Folder blocks, Rust must apply authorized-root and access-mode rules, expose the resulting root or asset state, and leave files unchanged if validation, permission, or I/O checks fail.",Open-folder action reveals the folder's physical path in the operating-system file manager; it must not authorize roots or mutate folder state.,UI_LABEL,CAN-SECTION-0065,,Events and organization,,Gate 1 scope; Gate 2 compile/build; Gate 3 focused/regression; Gate 8 traceability,UI action label; reclassified with the navigation-only correction. | Non-implementation record (GLOSSARY/UI_LABEL/INFORMATIONAL/DUPLICATE) cannot retain an implementation phase.,Pass 1 semantic rehabilitation; matched=[EXACT_LEGACY_OUTPUT]; section=14.5 Folder blocks; parent=CAN-SECTION-0065,RECLASSIFY_UI_LABEL,AI_SEMANTIC_REVIEW_PASS1,2026-08-05-pass2-semantic-consistency-correction,REVIEWED_CORRECTED
CAN-LAM-FOLDER-030,Physical path,"When a configured library encounters Physical path during 14.5 Folder blocks, Rust must apply authorized-root and access-mode rules, expose the resulting root or asset state, and leave files unchanged if validation, permission, or I/O checks fail.","Physical path is the current filesystem path of a folder or asset, treated as authoritative by the filesystem authority rule.",GLOSSARY,CAN-SECTION-0065,,Events and organization,,Gate 1 scope; Gate 2 compile/build; Gate 3 focused/regression; Gate 8 traceability; Gate 4 cross-platform,Folder-block field label; reclassified as glossary. | Non-implementation record (GLOSSARY/UI_LABEL/INFORMATIONAL/DUPLICATE) cannot retain an implementation phase.,Pass 1 semantic rehabilitation; matched=[EXACT_LEGACY_OUTPUT]; section=14.5 Folder blocks; parent=CAN-SECTION-0065,RECLASSIFY_GLOSSARY,AI_SEMANTIC_REVIEW_PASS1,2026-08-05-pass2-semantic-consistency-correction,REVIEWED_CORRECTED
CAN-LAM-PERSON-063,People count,"When the 14.5 Folder blocks workflow manages People count, it must persist the candidate or confirmed state with provenance and revision, expose the resulting state for review, and reject invalid transitions without changing an existing identity or historical interval.",People count is a UI label showing the number of people associated with a folder block or event.,UI_LABEL,CAN-SECTION-0222,,Events and organization,,Gate 1 scope; Gate 2 compile/build; Gate 3 focused/regression; Gate 8 traceability,Folder-block field label; reclassified as a UI label. | Non-implementation record (GLOSSARY/UI_LABEL/INFORMATIONAL/DUPLICATE) cannot retain an implementation phase.,Pass 1 semantic rehabilitation; matched=[EXACT_LEGACY_OUTPUT]; section=14.5 Folder blocks; parent=CAN-SECTION-0222,RECLASSIFY_UI_LABEL,AI_SEMANTIC_REVIEW_PASS1,2026-08-05-pass2-semantic-consistency-correction,REVIEWED_CORRECTED
CAN-LAM-ARCH-157,Attendees,"When Attendees is requested in 14.6 Backdrop events, Lamha must produce or update a reviewable event plan, show its membership and filesystem effects, and make no authoritative or filesystem change if validation or confirmation fails.",Attendees is a UI label listing the reviewed attendees of an event.,UI_LABEL,CAN-SECTION-0066,,Events and organization,,Gate 1 scope; Gate 2 compile/build; Gate 3 focused/regression; Gate 8 traceability,Event-field label; reclassified as a UI label. | Non-implementation record (GLOSSARY/UI_LABEL/INFORMATIONAL/DUPLICATE) cannot retain an implementation phase.,Pass 1 semantic rehabilitation; matched=[EXACT_LEGACY_OUTPUT]; section=14.6 Backdrop events; parent=CAN-SECTION-0066,RECLASSIFY_UI_LABEL,AI_SEMANTIC_REVIEW_PASS1,2026-08-05-pass2-semantic-consistency-correction,REVIEWED_CORRECTED
CAN-LAM-FOLDER-031,Folders,"When a configured library encounters Folders during 14.6 Backdrop events, Rust must apply authorized-root and access-mode rules, expose the resulting root or asset state, and leave files unchanged if validation, permission, or I/O checks fail.",Folders is a UI label grouping the folder blocks associated with an event.,UI_LABEL,CAN-SECTION-0171,,Libraries and storage,,Gate 1 scope; Gate 2 compile/build; Gate 3 focused/regression; Gate 8 traceability,Event-field label; reclassified as a UI label. | Non-implementation record (GLOSSARY/UI_LABEL/INFORMATIONAL/DUPLICATE) cannot retain an implementation phase.,Pass 1 semantic rehabilitation; matched=[EXACT_LEGACY_OUTPUT]; section=14.6 Backdrop events; parent=CAN-SECTION-0171,RECLASSIFY_UI_LABEL,AI_SEMANTIC_REVIEW_PASS1,2026-08-05-pass2-semantic-consistency-correction,REVIEWED_CORRECTED
CAN-LAM-GOV-226,Every consumer,"When Every consumer is exercised in 15. Replacement Before Removal, Lamha must expose the resulting state and preserve the prior durable state if validation or execution fails.",Replacement-before-removal planning must identify every consumer of a removed surface and require each consumer to be replaced or explicitly exempted.,CONSTRAINT,,,Planning and verification governance,,Plan validation must reject removal with unconsumed consumers.,Replacement-planning label; constrains consumer coverage.,Pass 1 semantic rehabilitation; matched=[EXACT_LEGACY_OUTPUT]; section=15. Replacement Before Removal; parent=none,RECLASSIFY_CONSTRAINT,AI_SEMANTIC_REVIEW_PASS1,2026-08-05-pass1-semantic-rehabilitation,RECLASSIFIED
CAN-LAM-GOV-227,Shared types,"When Shared types is exercised in 15. Replacement Before Removal, Lamha must expose the resulting state and preserve the prior durable state if validation or execution fails.",Shared types must be inventoried before removal and every retained consumer must reference the reviewed replacement type.,CONSTRAINT,,,Planning and verification governance,,Plan validation must reject removal while shared-type consumers remain.,Replacement-planning label; constrains shared-type migration.,Pass 1 semantic rehabilitation; matched=[EXACT_LEGACY_OUTPUT]; section=15. Replacement Before Removal; parent=none,RECLASSIFY_CONSTRAINT,AI_SEMANTIC_REVIEW_PASS1,2026-08-05-pass1-semantic-rehabilitation,RECLASSIFIED
CAN-LAM-GOV-229,Local replacement and assigned implementation phase,"When Local replacement and assigned implementation phase is exercised in 15. Replacement Before Removal, Lamha must expose the resulting state and preserve the prior durable state if validation or execution fails.",Each removed item must record its local replacement and assigned implementation phase; removal is blocked until the replacement phase is reached.,CONSTRAINT,,,Planning and verification governance,,Plan validation must reject removal before its replacement phase.,Replacement-planning label; constrains phase-gated removal.,Pass 1 semantic rehabilitation; matched=[EXACT_LEGACY_OUTPUT]; section=15. Replacement Before Removal; parent=none,RECLASSIFY_CONSTRAINT,AI_SEMANTIC_REVIEW_PASS1,2026-08-05-pass1-semantic-rehabilitation,RECLASSIFIED
CAN-LAM-GOV-230,Caller migration status,"When Caller migration status is exercised in 15. Replacement Before Removal, Lamha must expose the resulting state and preserve the prior durable state if validation or execution fails.",Caller migration status must be recorded for every caller and removal must wait until all callers are migrated or exempted.,CONSTRAINT,,,Planning and verification governance,,Plan validation must reject removal with unmigrated callers.,Replacement-planning label; constrains caller migration.,Pass 1 semantic rehabilitation; matched=[EXACT_LEGACY_OUTPUT]; section=15. Replacement Before Removal; parent=none,RECLASSIFY_CONSTRAINT,AI_SEMANTIC_REVIEW_PASS1,2026-08-05-pass1-semantic-rehabilitation,RECLASSIFIED
CAN-LAM-GOV-231,Removal prerequisites,"When Removal prerequisites is exercised in 15. Replacement Before Removal, Lamha must expose the resulting state and preserve the prior durable state if validation or execution fails.",Removal prerequisites must be recorded explicitly and validated before any removal package may execute.,CONSTRAINT,,,Planning and verification governance,,Plan validation must reject removal without recorded prerequisites.,Replacement-planning label; constrains prerequisite evidence.,Pass 1 semantic rehabilitation; matched=[EXACT_LEGACY_OUTPUT]; section=15. Replacement Before Removal; parent=none,RECLASSIFY_CONSTRAINT,AI_SEMANTIC_REVIEW_PASS1,2026-08-05-pass1-semantic-rehabilitation,RECLASSIFIED
CAN-LAM-GOV-232,Safe phase,"When Safe phase is exercised in 15. Replacement Before Removal, Lamha must expose the resulting state and preserve the prior durable state if validation or execution fails.","Safe phase must be the reviewed phase in which a removal is safe, and removal must never be scheduled earlier than that phase.",CONSTRAINT,,,Planning and verification governance,,Plan validation must reject removal before its safe phase.,Replacement-planning label; constrains phase safety.,Pass 1 semantic rehabilitation; matched=[EXACT_LEGACY_OUTPUT]; section=15. Replacement Before Removal; parent=none,RECLASSIFY_CONSTRAINT,AI_SEMANTIC_REVIEW_PASS1,2026-08-05-pass1-semantic-rehabilitation,RECLASSIFIED
CAN-LAM-ARCH-158,Tag categories include:,"When Tag categories include is proposed or changed in 15. Tag System, Lamha must persist a namespaced, revisioned tag candidate or assignment, expose the decision for review, and preserve prior assignments on validation failure.","Tag categories include the reviewed taxonomy of content, user-created, AI-suggested, inherited, and suppressed tags.",GLOSSARY,CAN-SECTION-0067,,Tags,,Gate 1 scope; Gate 2 compile/build; Gate 3 focused/regression; Gate 8 traceability,Tag-taxonomy heading; reclassified as glossary. | Non-implementation record (GLOSSARY/UI_LABEL/INFORMATIONAL/DUPLICATE) cannot retain an implementation phase.,Pass 1 semantic rehabilitation; matched=[EXACT_LEGACY_OUTPUT]; section=15. Tag System; parent=CAN-SECTION-0067,RECLASSIFY_GLOSSARY,AI_SEMANTIC_REVIEW_PASS1,2026-08-05-pass2-semantic-consistency-correction,REVIEWED_CORRECTED
CAN-LAM-ARCH-159,Content tags,"When Content tags is proposed or changed in 15. Tag System, Lamha must persist a namespaced, revisioned tag candidate or assignment, expose the decision for review, and preserve prior assignments on validation failure.",Content tags are tags derived from reviewed asset content or metadata.,GLOSSARY,CAN-SECTION-0067,,Tags,,Gate 1 scope; Gate 2 compile/build; Gate 3 focused/regression; Gate 8 traceability,Tag-category label; reclassified as glossary. | Non-implementation record (GLOSSARY/UI_LABEL/INFORMATIONAL/DUPLICATE) cannot retain an implementation phase.,Pass 1 semantic rehabilitation; matched=[EXACT_LEGACY_OUTPUT]; section=15. Tag System; parent=CAN-SECTION-0067,RECLASSIFY_GLOSSARY,AI_SEMANTIC_REVIEW_PASS1,2026-08-05-pass2-semantic-consistency-correction,REVIEWED_CORRECTED
CAN-LAM-ARCH-160,User-created tags,"When User-created tags is proposed or changed in 15. Tag System, Lamha must persist a namespaced, revisioned tag candidate or assignment, expose the decision for review, and preserve prior assignments on validation failure.",User-created tags are tags created and confirmed by the user.,GLOSSARY,CAN-SECTION-0067,,Tags,,Gate 1 scope; Gate 2 compile/build; Gate 3 focused/regression; Gate 8 traceability,Tag-category label; reclassified as glossary. | Non-implementation record (GLOSSARY/UI_LABEL/INFORMATIONAL/DUPLICATE) cannot retain an implementation phase.,Pass 1 semantic rehabilitation; matched=[EXACT_LEGACY_OUTPUT]; section=15. Tag System; parent=CAN-SECTION-0067,RECLASSIFY_GLOSSARY,AI_SEMANTIC_REVIEW_PASS1,2026-08-05-pass2-semantic-consistency-correction,REVIEWED_CORRECTED
CAN-LAM-ARCH-161,AI-suggested tags,"When AI-suggested tags is proposed or changed in 15. Tag System, Lamha must persist a namespaced, revisioned tag candidate or assignment, expose the decision for review, and preserve prior assignments on validation failure.",AI-suggested tags are reviewable candidates produced by the local worker that require approval before becoming authoritative.,GLOSSARY,CAN-SECTION-0067,,Tags,,Gate 1 scope; Gate 2 compile/build; Gate 3 focused/regression; Gate 8 traceability,Tag-category label; reclassified as glossary. | Non-implementation record (GLOSSARY/UI_LABEL/INFORMATIONAL/DUPLICATE) cannot retain an implementation phase.,Pass 1 semantic rehabilitation; matched=[EXACT_LEGACY_OUTPUT]; section=15. Tag System; parent=CAN-SECTION-0067,RECLASSIFY_GLOSSARY,AI_SEMANTIC_REVIEW_PASS1,2026-08-05-pass2-semantic-consistency-correction,REVIEWED_CORRECTED
CAN-LAM-ARCH-162,Inherited tags,"When Inherited tags is proposed or changed in 15. Tag System, Lamha must persist a namespaced, revisioned tag candidate or assignment, expose the decision for review, and preserve prior assignments on validation failure.","Inherited tags are tags inherited from reviewed parent concepts such as events, people, or folders.",GLOSSARY,CAN-SECTION-0067,,Tags,,Gate 1 scope; Gate 2 compile/build; Gate 3 focused/regression; Gate 8 traceability,Tag-category label; reclassified as glossary. | Non-implementation record (GLOSSARY/UI_LABEL/INFORMATIONAL/DUPLICATE) cannot retain an implementation phase.,Pass 1 semantic rehabilitation; matched=[EXACT_LEGACY_OUTPUT]; section=15. Tag System; parent=CAN-SECTION-0067,RECLASSIFY_GLOSSARY,AI_SEMANTIC_REVIEW_PASS1,2026-08-05-pass2-semantic-consistency-correction,REVIEWED_CORRECTED
CAN-LAM-ARCH-163,Suppressed tags,"When Suppressed tags is proposed or changed in 15. Tag System, Lamha must persist a namespaced, revisioned tag candidate or assignment, expose the decision for review, and preserve prior assignments on validation failure.",Suppressed tags are tags excluded from display or application by reviewed suppression rules.,GLOSSARY,CAN-SECTION-0067,,Tags,,Gate 1 scope; Gate 2 compile/build; Gate 3 focused/regression; Gate 8 traceability,Tag-category label; reclassified as glossary. | Non-implementation record (GLOSSARY/UI_LABEL/INFORMATIONAL/DUPLICATE) cannot retain an implementation phase.,Pass 1 semantic rehabilitation; matched=[EXACT_LEGACY_OUTPUT]; section=15. Tag System; parent=CAN-SECTION-0067,RECLASSIFY_GLOSSARY,AI_SEMANTIC_REVIEW_PASS1,2026-08-05-pass2-semantic-consistency-correction,REVIEWED_CORRECTED
CAN-LAM-ASSET-072,Photographer tags,"When the 15. Tag System workflow reads or changes Photographer tags, it must preserve the value, authority, and provenance in the appropriate durable record and expose the resulting revision to the derived index. Missing, malformed, or conflicting input must be reported without discarding the last valid value.",Photographer tags are attribution tags associated with the reviewed photographer of an asset.,GLOSSARY,CAN-SECTION-0124,,Relationships and attribution,,Gate 1 scope; Gate 2 compile/build; Gate 3 focused/regression; Gate 8 traceability,Tag-category label; reclassified as glossary. | Non-implementation record (GLOSSARY/UI_LABEL/INFORMATIONAL/DUPLICATE) cannot retain an implementation phase.,Pass 1 semantic rehabilitation; matched=[EXACT_LEGACY_OUTPUT]; section=15. Tag System; parent=CAN-SECTION-0124,RECLASSIFY_GLOSSARY,AI_SEMANTIC_REVIEW_PASS1,2026-08-05-pass2-semantic-consistency-correction,REVIEWED_CORRECTED
CAN-LAM-EVENT-047,Event-attendee tags,"When Event-attendee tags is proposed or changed in 15. Tag System, Lamha must persist a namespaced, revisioned tag candidate or assignment, expose the decision for review, and preserve prior assignments on validation failure.",Event-attendee tags are tags associated with reviewed event attendees.,GLOSSARY,CAN-SECTION-0067,,Tags,,Gate 1 scope; Gate 2 compile/build; Gate 3 focused/regression; Gate 8 traceability,Tag-category label; reclassified as glossary. | Non-implementation record (GLOSSARY/UI_LABEL/INFORMATIONAL/DUPLICATE) cannot retain an implementation phase.,Pass 1 semantic rehabilitation; matched=[EXACT_LEGACY_OUTPUT]; section=15. Tag System; parent=CAN-SECTION-0067,RECLASSIFY_GLOSSARY,AI_SEMANTIC_REVIEW_PASS1,2026-08-05-pass2-semantic-consistency-correction,REVIEWED_CORRECTED
CAN-LAM-EVENT-048,Event-type tags,"When Event-type tags is proposed or changed in 15. Tag System, Lamha must persist a namespaced, revisioned tag candidate or assignment, expose the decision for review, and preserve prior assignments on validation failure.",Event-type tags are tags classifying the reviewed type of an event.,GLOSSARY,CAN-SECTION-0067,,Tags,,Gate 1 scope; Gate 2 compile/build; Gate 3 focused/regression; Gate 8 traceability,Tag-category label; reclassified as glossary. | Non-implementation record (GLOSSARY/UI_LABEL/INFORMATIONAL/DUPLICATE) cannot retain an implementation phase.,Pass 1 semantic rehabilitation; matched=[EXACT_LEGACY_OUTPUT]; section=15. Tag System; parent=CAN-SECTION-0067,RECLASSIFY_GLOSSARY,AI_SEMANTIC_REVIEW_PASS1,2026-08-05-pass2-semantic-consistency-correction,REVIEWED_CORRECTED
CAN-LAM-PERSON-064,Visible-person tags,"When the 15. Tag System workflow manages Visible-person tags, it must persist the candidate or confirmed state with provenance and revision, expose the resulting state for review, and reject invalid transitions without changing an existing identity or historical interval.",Visible-person tags are tags derived from the reviewed visible people of an asset.,GLOSSARY,CAN-SECTION-0223,,Tags,,Gate 1 scope; Gate 2 compile/build; Gate 3 focused/regression; Gate 8 traceability,Tag-category label; reclassified as glossary. | Non-implementation record (GLOSSARY/UI_LABEL/INFORMATIONAL/DUPLICATE) cannot retain an implementation phase.,Pass 1 semantic rehabilitation; matched=[EXACT_LEGACY_OUTPUT]; section=15. Tag System; parent=CAN-SECTION-0223,RECLASSIFY_GLOSSARY,AI_SEMANTIC_REVIEW_PASS1,2026-08-05-pass2-semantic-consistency-correction,REVIEWED_CORRECTED
CAN-LAM-PERSON-065,Visible-relationship tags,"When the 15. Tag System workflow manages Visible-relationship tags, it must persist the candidate or confirmed state with provenance and revision, expose the resulting state for review, and reject invalid transitions without changing an existing identity or historical interval.",Visible-relationship tags are tags derived from reviewed visible relationships of an asset.,GLOSSARY,CAN-SECTION-0223,,Tags,,Gate 1 scope; Gate 2 compile/build; Gate 3 focused/regression; Gate 8 traceability,Tag-category label; reclassified as glossary. | Non-implementation record (GLOSSARY/UI_LABEL/INFORMATIONAL/DUPLICATE) cannot retain an implementation phase.,Pass 1 semantic rehabilitation; matched=[EXACT_LEGACY_OUTPUT]; section=15. Tag System; parent=CAN-SECTION-0223,RECLASSIFY_GLOSSARY,AI_SEMANTIC_REVIEW_PASS1,2026-08-05-pass2-semantic-consistency-correction,REVIEWED_CORRECTED
CAN-LAM-PERSON-066,Visible-group tags,"When the 15. Tag System workflow manages Visible-group tags, it must persist the candidate or confirmed state with provenance and revision, expose the resulting state for review, and reject invalid transitions without changing an existing identity or historical interval.",Visible-group tags are tags derived from reviewed visible groups of an asset.,GLOSSARY,CAN-SECTION-0223,,Tags,,Gate 1 scope; Gate 2 compile/build; Gate 3 focused/regression; Gate 8 traceability,Tag-category label; reclassified as glossary. | Non-implementation record (GLOSSARY/UI_LABEL/INFORMATIONAL/DUPLICATE) cannot retain an implementation phase.,Pass 1 semantic rehabilitation; matched=[EXACT_LEGACY_OUTPUT]; section=15. Tag System; parent=CAN-SECTION-0223,RECLASSIFY_GLOSSARY,AI_SEMANTIC_REVIEW_PASS1,2026-08-05-pass2-semantic-consistency-correction,REVIEWED_CORRECTED
CAN-LAM-PERSON-067,Relationship-composition tags,"When the 15. Tag System workflow manages Relationship-composition tags, it must persist the candidate or confirmed state with provenance and revision, expose the resulting state for review, and reject invalid transitions without changing an existing identity or historical interval.",Relationship-composition tags are tags derived from reviewed relationship-composition rules.,GLOSSARY,CAN-SECTION-0223,,Tags,,Gate 1 scope; Gate 2 compile/build; Gate 3 focused/regression; Gate 8 traceability,Tag-category label; reclassified as glossary. | Non-implementation record (GLOSSARY/UI_LABEL/INFORMATIONAL/DUPLICATE) cannot retain an implementation phase.,Pass 1 semantic rehabilitation; matched=[EXACT_LEGACY_OUTPUT]; section=15. Tag System; parent=CAN-SECTION-0223,RECLASSIFY_GLOSSARY,AI_SEMANTIC_REVIEW_PASS1,2026-08-05-pass2-semantic-consistency-correction,REVIEWED_CORRECTED
CAN-LAM-ASSET-077,A photographer may display:,"When the 15.1 Visible people versus attendees workflow reads or changes A photographer may display, it must preserve the value, authority, and provenance in the appropriate durable record and expose the resulting revision to the derived index. Missing, malformed, or conflicting input must be reported without discarding the last valid value.","A photographer may display the attribution surface (name, credit) independently of camera owner and visible-person roles.",GLOSSARY,CAN-SECTION-0125,,Relationships and attribution,,Gate 1 scope; Gate 2 compile/build; Gate 3 focused/regression; Gate 8 traceability,Attribution-heading label; reclassified as glossary with role independence. | Non-implementation record (GLOSSARY/UI_LABEL/INFORMATIONAL/DUPLICATE) cannot retain an implementation phase.,Pass 1 semantic rehabilitation; matched=[EXACT_LEGACY_OUTPUT]; section=15.1 Visible people versus attendees; parent=CAN-SECTION-0125,RECLASSIFY_GLOSSARY,AI_SEMANTIC_REVIEW_PASS1,2026-08-05-pass2-semantic-consistency-correction,REVIEWED_CORRECTED
CAN-LAM-ARCH-165,Reviewable tag suggestions use:,"When Reviewable tag suggestions use is proposed or changed in 15.3 Review states, Lamha must persist a namespaced, revisioned tag candidate or assignment, expose the decision for review, and preserve prior assignments on validation failure.","When reviewable tag suggestions are generated, Lamha must base them on the reviewed suggestion sources (content, inheritance, or AI candidates) and require explicit approval before application.",ACCEPTANCE_CRITERION,CAN-SECTION-0068,"Given reviewable suggestions, when they are generated, then each candidate records its source and remains unapplied until approved.",Tags,I8,Tag-suggestion fixture with source and approval checks.,Label names suggestion sources; rewrite adds source provenance and approval gate.,Pass 1 semantic rehabilitation; matched=[EXACT_LEGACY_OUTPUT]; section=15.3 Review states; parent=CAN-SECTION-0068,REWRITE_AS_ACCEPTANCE_CRITERION,AI_SEMANTIC_REVIEW_PASS1,2026-08-05-pass1-semantic-rehabilitation,REVIEWED_CORRECTED
CAN-LAM-ARCH-168,Approve individually,"When a review item offers Approve individually in 15.3 Review states, the selected decision must produce a visible, persisted proposal-state transition while leaving authoritative metadata unchanged until an allowed approval action commits it; rejected invalid transitions must preserve the prior state.","When a reviewer approves a proposal individually, Lamha must commit only that proposal and persist its provenance and revision.",ACCEPTANCE_CRITERION,CAN-SECTION-0069,"Given several pending proposals, when one is approved individually, then only that proposal commits and the others remain pending.",Review Centre,I5,Individual-approval fixture with scope checks.,Label names individual approval; rewrite scopes the commit to one proposal.,Pass 1 semantic rehabilitation; matched=[EXACT_LEGACY_OUTPUT]; section=15.3 Review states; parent=CAN-SECTION-0069,REWRITE_AS_ACCEPTANCE_CRITERION,AI_SEMANTIC_REVIEW_PASS1,2026-08-05-pass1-semantic-rehabilitation,REVIEWED_CORRECTED
CAN-LAM-ARCH-169,Approve in bulk,"When a review item offers Approve in bulk in 15.3 Review states, the selected decision must produce a visible, persisted proposal-state transition while leaving authoritative metadata unchanged until an allowed approval action commits it; rejected invalid transitions must preserve the prior state.","When a reviewer approves proposals in bulk, Lamha must commit exactly the selected set and report per-proposal results with provenance.",ACCEPTANCE_CRITERION,CAN-SECTION-0069,"Given a selected proposal set, when bulk approval runs, then exactly that set commits and each result is reported.",Review Centre,I5,Bulk-approval fixture with scope and result checks.,Label names bulk approval; rewrite adds exact scope and per-item results.,Pass 1 semantic rehabilitation; matched=[EXACT_LEGACY_OUTPUT]; section=15.3 Review states; parent=CAN-SECTION-0069,REWRITE_AS_ACCEPTANCE_CRITERION,AI_SEMANTIC_REVIEW_PASS1,2026-08-05-pass1-semantic-rehabilitation,REVIEWED_CORRECTED
CAN-LAM-ARCH-170,Reject,"When a reviewer rejects a proposal, Lamha must persist the rejected transition, provenance, candidate fingerprint, and suppression scope while leaving authoritative metadata unchanged.","When a reviewer rejects a proposal, Lamha must persist the rejected transition, provenance, candidate fingerprint, and suppression scope while leaving authoritative metadata unchanged.",ACCEPTANCE_CRITERION,CAN-SECTION-0069,"When a reviewer rejects a proposal, Lamha must persist the rejected transition, provenance, candidate fingerprint, and suppression scope while leaving authoritative metadata unchanged.",Review Centre foundation,I5,"Given a pending proposal, when the user rejects it, then reload shows the rejected decision and an equivalent routine rerun does not create a new pending item.","Statement is already record-specific and observable (reject transition, provenance, fingerprint persistence, no authoritative mutation); it does not reproduce any legacy template output.",Pass 1 semantic rehabilitation; matched=[LABEL_ONLY]; section=15.3 Review states; parent=CAN-SECTION-0069,KEEP_WITH_EXPLICIT_JUSTIFICATION,AI_SEMANTIC_REVIEW_PASS1,2026-08-05-pass1-semantic-rehabilitation,REVIEWED_CONFIRMED
CAN-LAM-ARCH-171,Suppress by rule,"When a review item offers Suppress by rule in 15.3 Review states, the selected decision must produce a visible, persisted proposal-state transition while leaving authoritative metadata unchanged until an allowed approval action commits it; rejected invalid transitions must preserve the prior state.","When a reviewer suppresses proposals by rule, Lamha must persist the suppression rule with provenance and exclude matching future proposals.",ACCEPTANCE_CRITERION,CAN-SECTION-0069,"Given a suppression rule, when it is confirmed, then it is persisted and matching future proposals are excluded from review queues.",Review Centre,I5,Rule-suppression fixture with exclusion checks.,Label names rule suppression; rewrite adds rule persistence and future exclusion.,Pass 1 semantic rehabilitation; matched=[EXACT_LEGACY_OUTPUT]; section=15.3 Review states; parent=CAN-SECTION-0069,REWRITE_AS_ACCEPTANCE_CRITERION,AI_SEMANTIC_REVIEW_PASS1,2026-08-05-pass1-semantic-rehabilitation,REVIEWED_CORRECTED
CAN-LAM-ARCH-172,Defer and reopen,"When a review item offers Defer and reopen in 15.3 Review states, the selected decision must produce a visible, persisted proposal-state transition while leaving authoritative metadata unchanged until an allowed approval action commits it; rejected invalid transitions must preserve the prior state.","When a reviewer defers a proposal and later reopens it, Lamha must persist the deferred state and restore the proposal to the review queue unchanged on reopen.",ACCEPTANCE_CRITERION,CAN-SECTION-0069,"Given a deferred proposal, when it is reopened, then the proposal returns to the queue with its prior content and provenance intact.",Review Centre,I5,Defer/reopen fixture with state checks.,Label names defer/reopen; rewrite adds state persistence and restore result.,Pass 1 semantic rehabilitation; matched=[EXACT_LEGACY_OUTPUT]; section=15.3 Review states; parent=CAN-SECTION-0069,REWRITE_AS_ACCEPTANCE_CRITERION,AI_SEMANTIC_REVIEW_PASS1,2026-08-05-pass1-semantic-rehabilitation,REVIEWED_CORRECTED
CAN-LAM-ARCH-173,Review provenance,"When a review item offers Review provenance in 15.3 Review states, the selected decision must produce a visible, persisted proposal-state transition while leaving authoritative metadata unchanged until an allowed approval action commits it; rejected invalid transitions must preserve the prior state.","When a reviewer reviews provenance, Lamha must display the full source, evidence, and revision trail of the proposal without changing its state.",ACCEPTANCE_CRITERION,CAN-SECTION-0069,"Given a proposal, when provenance review runs, then its source and revision trail is displayed and no state change occurs.",Review Centre,I5,Provenance-display fixture with no-mutation assertion.,Label names provenance review; rewrite adds the read-only display result.,Pass 1 semantic rehabilitation; matched=[EXACT_LEGACY_OUTPUT]; section=15.3 Review states; parent=CAN-SECTION-0069,REWRITE_AS_ACCEPTANCE_CRITERION,AI_SEMANTIC_REVIEW_PASS1,2026-08-05-pass1-semantic-rehabilitation,REVIEWED_CORRECTED
CAN-LAM-ASSET-079,Suppress per asset,"When the user invokes Suppress per asset in 15.3 Review states, the viewer must apply or display the behavior for the selected asset, expose the resulting UI state, and preserve the original media when the operation or format is unavailable.","When a reviewer suppresses a proposal per asset, Lamha must persist the per-asset suppression and exclude that asset's matching future proposals.",ACCEPTANCE_CRITERION,CAN-SECTION-0126,"Given a per-asset suppression, when it is confirmed, then it is persisted and matching future proposals for that asset are excluded.",Asset viewer,I5,Per-asset suppression fixture with exclusion checks.,Label names per-asset suppression; rewrite adds persistence and exclusion.,Pass 1 semantic rehabilitation; matched=[EXACT_LEGACY_OUTPUT]; section=15.3 Review states; parent=CAN-SECTION-0126,REWRITE_AS_ACCEPTANCE_CRITERION,AI_SEMANTIC_REVIEW_PASS1,2026-08-05-pass1-semantic-rehabilitation,REVIEWED_CORRECTED
CAN-LAM-ASSET-082,Asset relationship composition,"When the user invokes Asset relationship composition in 16. Relationship-Composition Smart Views, the viewer must apply or display the behavior for the selected asset, expose the resulting UI state, and preserve the original media when the operation or format is unavailable.","When the relationship-composition smart view renders an asset, Lamha must derive the visible composition from reviewed relationship rules and show its source.",ACCEPTANCE_CRITERION,CAN-SECTION-0127,"Given an asset with reviewed relationships, when the smart view renders, then composition reflects only approved rules and the source is displayed.",Relationships and attribution,I8,Composition-view fixture with rule and source checks.,Label names relationship composition; rewrite adds rule derivation and source display.,Pass 1 semantic rehabilitation; matched=[EXACT_LEGACY_OUTPUT]; section=16. Relationship-Composition Smart Views; parent=CAN-SECTION-0127,REWRITE_AS_ACCEPTANCE_CRITERION,AI_SEMANTIC_REVIEW_PASS1,2026-08-05-pass1-semantic-rehabilitation,REVIEWED_CORRECTED
CAN-LAM-GOV-237,Treat:,"When the user invokes Treat in 16.1 Asset bundle, the viewer must apply or display the behavior for the selected asset, expose the resulting UI state, and preserve the original media when the operation or format is unavailable.","When the asset bundle treats a file, Lamha must classify the bundle members according to the reviewed treat rule and keep companion files linked without changing media bytes.",ACCEPTANCE_CRITERION,CAN-SECTION-0185,"Given an asset bundle, when treat rules are applied, then members are classified and linked and all original bytes remain unchanged.",Asset viewer,I5,Asset-bundle treat fixture with linkage checks.,Label names bundle treat behavior; rewrite adds classification and preservation results.,Pass 1 semantic rehabilitation; matched=[EXACT_LEGACY_OUTPUT]; section=16.1 Asset bundle; parent=CAN-SECTION-0185,REWRITE_AS_ACCEPTANCE_CRITERION,AI_SEMANTIC_REVIEW_PASS1,2026-08-05-pass1-semantic-rehabilitation,REVIEWED_CORRECTED
CAN-LAM-GOV-240,Preserve all values.,"When a review item offers Preserve all values in 16.3 Conflicts, the selected decision must produce a visible, persisted proposal-state transition while leaving authoritative metadata unchanged until an allowed approval action commits it; rejected invalid transitions must preserve the prior state.","When conflicting metadata values are presented, Lamha must preserve all conflicting values with their sources and require an explicit review decision before any value is discarded.",FUNCTIONAL_REQUIREMENT,,"Given conflicting values, when a conflict is presented, then every value and source is retained and none is discarded without an explicit decision.",Review Centre,I5,Conflict fixture with value-preservation checks.,Label names value preservation on conflict; rewrite adds source retention and decision gate.,Pass 1 semantic rehabilitation; matched=[EXACT_LEGACY_OUTPUT]; section=16.3 Conflicts; parent=none,REWRITE_AS_REQUIREMENT,AI_SEMANTIC_REVIEW_PASS1,2026-08-05-pass1-semantic-rehabilitation,REVIEWED_CORRECTED
CAN-LAM-GOV-241,Create Review item.,"When a review item offers Create Review item in 16.3 Conflicts, the selected decision must produce a visible, persisted proposal-state transition while leaving authoritative metadata unchanged until an allowed approval action commits it; rejected invalid transitions must preserve the prior state.","When a conflict is detected, Lamha must create a Review item that records the conflicting values, sources, and affected asset.",ACCEPTANCE_CRITERION,CAN-SECTION-0186,"Given a detected conflict, when review creation runs, then a Review item exists with all conflicting values and sources.",Review Centre,I5,Conflict-to-review fixture with contents checks.,Label names review creation; rewrite adds the required item contents.,Pass 1 semantic rehabilitation; matched=[EXACT_LEGACY_OUTPUT]; section=16.3 Conflicts; parent=CAN-SECTION-0186,REWRITE_AS_ACCEPTANCE_CRITERION,AI_SEMANTIC_REVIEW_PASS1,2026-08-05-pass1-semantic-rehabilitation,REVIEWED_CORRECTED
CAN-LAM-GOV-242,Show sources.,"When a review item offers Show sources in 16.3 Conflicts, the selected decision must produce a visible, persisted proposal-state transition while leaving authoritative metadata unchanged until an allowed approval action commits it; rejected invalid transitions must preserve the prior state.","When a reviewer shows sources for a Review item, Lamha must display the exact source locations and revisions behind each conflicting value.",ACCEPTANCE_CRITERION,CAN-SECTION-0186,"Given a Review item, when sources are shown, then every value displays its source location and revision.",Review Centre,I5,Source-display fixture with location checks.,Label names source display; rewrite makes the displayed content explicit.,Pass 1 semantic rehabilitation; matched=[EXACT_LEGACY_OUTPUT]; section=16.3 Conflicts; parent=CAN-SECTION-0186,REWRITE_AS_ACCEPTANCE_CRITERION,AI_SEMANTIC_REVIEW_PASS1,2026-08-05-pass1-semantic-rehabilitation,REVIEWED_CORRECTED
CAN-LAM-GOV-244,Record decision.,"When a review item offers Record decision in 16.3 Conflicts, the selected decision must produce a visible, persisted proposal-state transition while leaving authoritative metadata unchanged until an allowed approval action commits it; rejected invalid transitions must preserve the prior state.","When a reviewer records a decision on a Review item, Lamha must persist the chosen value, its provenance, and the review revision.",ACCEPTANCE_CRITERION,CAN-SECTION-0186,"Given a Review item, when a decision is recorded, then the chosen value and provenance are persisted with the review revision.",Review Centre,I5,Decision-recording fixture with provenance checks.,Label names decision recording; rewrite adds persistence of value and provenance.,Pass 1 semantic rehabilitation; matched=[EXACT_LEGACY_OUTPUT]; section=16.3 Conflicts; parent=CAN-SECTION-0186,REWRITE_AS_ACCEPTANCE_CRITERION,AI_SEMANTIC_REVIEW_PASS1,2026-08-05-pass1-semantic-rehabilitation,REVIEWED_CORRECTED
CAN-LAM-GOV-245,Asset,"When the user invokes Asset in 16.4 Schema work, the viewer must apply or display the behavior for the selected asset, expose the resulting UI state, and preserve the original media when the operation or format is unavailable.","Asset is the authoritative record of one managed media item, including identity, paths, roles, and revision history.",GLOSSARY,CAN-SECTION-0187,,Local data authority,,Gate 1 scope; Gate 2 compile/build; Gate 3 focused/regression; Gate 8 traceability,Schema-term label; reclassified as glossary. | Non-implementation record (GLOSSARY/UI_LABEL/INFORMATIONAL/DUPLICATE) cannot retain an implementation phase.,Pass 1 semantic rehabilitation; matched=[EXACT_LEGACY_OUTPUT]; section=16.4 Schema work; parent=CAN-SECTION-0187,RECLASSIFY_GLOSSARY,AI_SEMANTIC_REVIEW_PASS1,2026-08-05-pass2-semantic-consistency-correction,REVIEWED_CORRECTED
CAN-LAM-GOV-246,Person,"When the 16.4 Schema work workflow manages Person, it must persist the candidate or confirmed state with provenance and revision, expose the resulting state for review, and reject invalid transitions without changing an existing identity or historical interval.","Person is the authoritative record of a person profile, including stable identity, names, faces, and relationships.",GLOSSARY,CAN-SECTION-0188,,Local data authority,,Gate 1 scope; Gate 2 compile/build; Gate 3 focused/regression; Gate 8 traceability,Schema-term label; reclassified as glossary. | Non-implementation record (GLOSSARY/UI_LABEL/INFORMATIONAL/DUPLICATE) cannot retain an implementation phase.,Pass 1 semantic rehabilitation; matched=[EXACT_LEGACY_OUTPUT]; section=16.4 Schema work; parent=CAN-SECTION-0188,RECLASSIFY_GLOSSARY,AI_SEMANTIC_REVIEW_PASS1,2026-08-05-pass2-semantic-consistency-correction,REVIEWED_CORRECTED
CAN-LAM-GOV-247,Folder map,"When Folder map is requested in 16.4 Schema work, Lamha must produce or update a reviewable event plan, show its membership and filesystem effects, and make no authoritative or filesystem change if validation or confirmation fails.",Folder map is the authoritative projection of folder and event-folder structure.,GLOSSARY,CAN-SECTION-0189,,Local data authority,,Gate 1 scope; Gate 2 compile/build; Gate 3 focused/regression; Gate 8 traceability,Schema-term label; reclassified as glossary. | Non-implementation record (GLOSSARY/UI_LABEL/INFORMATIONAL/DUPLICATE) cannot retain an implementation phase.,Pass 1 semantic rehabilitation; matched=[EXACT_LEGACY_OUTPUT]; section=16.4 Schema work; parent=CAN-SECTION-0189,RECLASSIFY_GLOSSARY,AI_SEMANTIC_REVIEW_PASS1,2026-08-05-pass2-semantic-consistency-correction,REVIEWED_CORRECTED
CAN-LAM-GOV-248,Relationship map,"When the 16.4 Schema work workflow manages Relationship map, it must persist the candidate or confirmed state with provenance and revision, expose the resulting state for review, and reject invalid transitions without changing an existing identity or historical interval.",Relationship map is the authoritative projection of relationship edges and nodes.,GLOSSARY,CAN-SECTION-0188,,Local data authority,,Gate 1 scope; Gate 2 compile/build; Gate 3 focused/regression; Gate 8 traceability,Schema-term label; reclassified as glossary. | Non-implementation record (GLOSSARY/UI_LABEL/INFORMATIONAL/DUPLICATE) cannot retain an implementation phase.,Pass 1 semantic rehabilitation; matched=[EXACT_LEGACY_OUTPUT]; section=16.4 Schema work; parent=CAN-SECTION-0188,RECLASSIFY_GLOSSARY,AI_SEMANTIC_REVIEW_PASS1,2026-08-05-pass2-semantic-consistency-correction,REVIEWED_CORRECTED
CAN-LAM-GOV-249,Operation,"When Operation participates in 16.4 Schema work, the authoritative record or transaction must persist its revision and provenance before derived-index publication, and any failed write must leave a recoverable prior state.",Operation is the typed record of a planned or executed mutation with its journal and recovery state.,GLOSSARY,CAN-SECTION-0190,,Filesystem transactions and recovery,,Gate 1 scope; Gate 2 compile/build; Gate 3 focused/regression; Gate 8 traceability,Schema-term label; reclassified as glossary. | Non-implementation record (GLOSSARY/UI_LABEL/INFORMATIONAL/DUPLICATE) cannot retain an implementation phase.,Pass 1 semantic rehabilitation; matched=[EXACT_LEGACY_OUTPUT]; section=16.4 Schema work; parent=CAN-SECTION-0190,RECLASSIFY_GLOSSARY,AI_SEMANTIC_REVIEW_PASS1,2026-08-05-pass2-semantic-consistency-correction,REVIEWED_CORRECTED
CAN-LAM-GOV-250,Review item,"When a review item offers Review item in 16.4 Schema work, the selected decision must produce a visible, persisted proposal-state transition while leaving authoritative metadata unchanged until an allowed approval action commits it; rejected invalid transitions must preserve the prior state.","Review item is the typed record of a pending review decision with conflicting values, sources, and revision.",GLOSSARY,CAN-SECTION-0191,,Local data authority,,Gate 1 scope; Gate 2 compile/build; Gate 3 focused/regression; Gate 8 traceability,Schema-term label; reclassified as glossary. | Non-implementation record (GLOSSARY/UI_LABEL/INFORMATIONAL/DUPLICATE) cannot retain an implementation phase.,Pass 1 semantic rehabilitation; matched=[EXACT_LEGACY_OUTPUT]; section=16.4 Schema work; parent=CAN-SECTION-0191,RECLASSIFY_GLOSSARY,AI_SEMANTIC_REVIEW_PASS1,2026-08-05-pass2-semantic-consistency-correction,REVIEWED_CORRECTED
CAN-LAM-GOV-251,Library root,"When a configured library encounters Library root during 16.4 Schema work, Rust must apply authorized-root and access-mode rules, expose the resulting root or asset state, and leave files unchanged if validation, permission, or I/O checks fail.",Library root is a user-authorized writable root that Lamha may scan and manage under the authorized-path rules.,GLOSSARY,CAN-SECTION-0192,,Local data authority,,Gate 1 scope; Gate 2 compile/build; Gate 3 focused/regression; Gate 8 traceability,Schema-term label; reclassified as glossary. | Non-implementation record (GLOSSARY/UI_LABEL/INFORMATIONAL/DUPLICATE) cannot retain an implementation phase.,Pass 1 semantic rehabilitation; matched=[EXACT_LEGACY_OUTPUT]; section=16.4 Schema work; parent=CAN-SECTION-0192,RECLASSIFY_GLOSSARY,AI_SEMANTIC_REVIEW_PASS1,2026-08-05-pass2-semantic-consistency-correction,REVIEWED_CORRECTED
CAN-LAM-GOV-252,Every schema needs:,"When Every schema needs participates in 16.4 Schema work, the authoritative record or transaction must persist its revision and provenance before derived-index publication, and any failed write must leave a recoverable prior state.","Every authoritative schema must define its required fields, authority source, and rebuildable projections before implementation may proceed.",CONSTRAINT,CAN-SECTION-0190,,Filesystem transactions and recovery,I3,Schema validation must reject records missing required fields.,Schema-work heading; reclassified as a schema-completeness constraint.,Pass 1 semantic rehabilitation; matched=[EXACT_LEGACY_OUTPUT]; section=16.4 Schema work; parent=CAN-SECTION-0190,RECLASSIFY_CONSTRAINT,AI_SEMANTIC_REVIEW_PASS1,2026-08-05-pass1-semantic-rehabilitation,RECLASSIFIED
CAN-LAM-GOV-253,Required fields,"When Required fields participates in 16.4 Schema work, the authoritative record or transaction must persist its revision and provenance before derived-index publication, and any failed write must leave a recoverable prior state.","Every authoritative record schema must define the required fields it persists, and validation must reject records that omit any required field.",FUNCTIONAL_REQUIREMENT,,"Given each authoritative schema, when a record is written, then missing required fields are rejected before persistence.",Filesystem transactions and recovery,I3,Schema-required-fields fixture with rejection checks.,Label names required fields; rewrite adds schema-defined validation and rejection.,Pass 1 semantic rehabilitation; matched=[EXACT_LEGACY_OUTPUT]; section=16.4 Schema work; parent=none,REWRITE_AS_REQUIREMENT,AI_SEMANTIC_REVIEW_PASS1,2026-08-05-pass1-semantic-rehabilitation,REVIEWED_CORRECTED
CAN-LAM-GOV-257,Operations include:,"When a configured library encounters Operations include during 17. Filesystem Transaction Method, Rust must apply authorized-root and access-mode rules, expose the resulting root or asset state, and leave files unchanged if validation, permission, or I/O checks fail.","The filesystem transaction method supports the reviewed operation set (prepare, stage, commit, rollback, recovery) and any operation outside that set is rejected.",CONSTRAINT,CAN-SECTION-0193,,Filesystem transactions and recovery,I3,Transaction validation must reject unsupported operation types.,Transaction-method heading; reclassified as an operation-scope constraint.,Pass 1 semantic rehabilitation; matched=[EXACT_LEGACY_OUTPUT]; section=17. Filesystem Transaction Method; parent=CAN-SECTION-0193,RECLASSIFY_CONSTRAINT,AI_SEMANTIC_REVIEW_PASS1,2026-08-05-pass1-semantic-rehabilitation,RECLASSIFIED
CAN-LAM-ARCH-177,Screenshots use a system-capture type.,"When the 17. Photographer, Camera Owner, and Importer workflow reads or changes Screenshots use a system-capture type, it must preserve the value, authority, and provenance in the appropriate durable record and expose the resulting revision to the derived index. Missing, malformed, or conflicting input must be reported without discarding the last valid value.","When screenshots are ingested, Lamha must classify them with a system-capture media type and store that classification with the asset record.",ACCEPTANCE_CRITERION,CAN-SECTION-0070,"Given a screenshot fixture, when ingestion runs, then the asset is classified as system-capture and the classification is persisted.",Relationships and attribution,I8,Screenshot-classification fixture.,Label names the system-capture type rule; rewrite makes classification observable.,"Pass 1 semantic rehabilitation; matched=[EXACT_LEGACY_OUTPUT]; section=17. Photographer, Camera Owner, and Importer; parent=CAN-SECTION-0070",REWRITE_AS_ACCEPTANCE_CRITERION,AI_SEMANTIC_REVIEW_PASS1,2026-08-05-pass1-semantic-rehabilitation,REVIEWED_CORRECTED
CAN-LAM-ASSET-084,Disambiguation Matrix: Asset Roles & Attributes,"When the 17. Photographer, Camera Owner, and Importer workflow reads or changes Disambiguation Matrix: Asset Roles & Attributes, it must preserve the value, authority, and provenance in the appropriate durable record and expose the resulting revision to the derived index. Missing, malformed, or conflicting input must be reported without discarding the last valid value.","The disambiguation matrix defines asset roles and attributes (photographer, camera owner, importer, visible person) and their independent authority sources.",GLOSSARY,CAN-SECTION-0070,,Relationships and attribution,,Gate 1 scope; Gate 2 compile/build; Gate 3 focused/regression; Gate 8 traceability,Attribution-heading label; reclassified as a glossary of role definitions. | Non-implementation record (GLOSSARY/UI_LABEL/INFORMATIONAL/DUPLICATE) cannot retain an implementation phase.,"Pass 1 semantic rehabilitation; matched=[EXACT_LEGACY_OUTPUT]; section=17. Photographer, Camera Owner, and Importer; parent=CAN-SECTION-0070",RECLASSIFY_GLOSSARY,AI_SEMANTIC_REVIEW_PASS1,2026-08-05-pass2-semantic-consistency-correction,REVIEWED_CORRECTED
CAN-LAM-ASSET-092,Generated media stores generator/source metadata.,"When the 17. Photographer, Camera Owner, and Importer workflow reads or changes Generated media stores generator/source metadata, it must preserve the value, authority, and provenance in the appropriate durable record and expose the resulting revision to the derived index. Missing, malformed, or conflicting input must be reported without discarding the last valid value.","When generated media is ingested, Lamha must store generator and source metadata with the asset and preserve it in the authoritative record.",ACCEPTANCE_CRITERION,CAN-SECTION-0070,"Given generated media, when ingestion runs, then generator and source metadata is stored and retrievable from the asset record.",Relationships and attribution,I8,Generated-media fixture with metadata checks.,Label names generator metadata; rewrite adds storage and retrieval outcomes.,"Pass 1 semantic rehabilitation; matched=[EXACT_LEGACY_OUTPUT]; section=17. Photographer, Camera Owner, and Importer; parent=CAN-SECTION-0070",REWRITE_AS_ACCEPTANCE_CRITERION,AI_SEMANTIC_REVIEW_PASS1,2026-08-05-pass1-semantic-rehabilitation,REVIEWED_CORRECTED
CAN-LAM-ARCH-178,Preserve extension.,"When Preserve extension is exercised in 18. Filename System, Lamha must expose the resulting state and preserve the prior durable state if validation or execution fails.","The filename system must preserve file extensions when renaming, and derived names must keep the original extension unless a reviewed rule requires otherwise.",CONSTRAINT,,,Planning and verification governance,,Rename fixture must assert extension preservation.,Filename-system rule label; reclassified as a constraint.,Pass 1 semantic rehabilitation; matched=[EXACT_LEGACY_OUTPUT]; section=18. Filename System; parent=none,RECLASSIFY_CONSTRAINT,AI_SEMANTIC_REVIEW_PASS1,2026-08-05-pass1-semantic-rehabilitation,RECLASSIFIED
CAN-LAM-ASSET-094,Preserve original filename in JSON.,"When the 18. Filename System workflow reads or changes Preserve original filename in JSON, it must preserve the value, authority, and provenance in the appropriate durable record and expose the resulting revision to the derived index. Missing, malformed, or conflicting input must be reported without discarding the last valid value.","When a managed asset is renamed or moved, Lamha must preserve the original filename in the authoritative JSON record and expose it in history.",FUNCTIONAL_REQUIREMENT,,"Given a renamed or moved asset, when the record is written, then the original filename is stored and visible in operation history.",Asset identity and records,I3,Rename fixture with original-name checks.,Label names filename preservation; rewrite adds storage and history outcomes.,Pass 1 semantic rehabilitation; matched=[EXACT_LEGACY_OUTPUT]; section=18. Filename System; parent=none,REWRITE_AS_REQUIREMENT,AI_SEMANTIC_REVIEW_PASS1,2026-08-05-pass1-semantic-rehabilitation,REVIEWED_CORRECTED
CAN-LAM-GOV-262,Reviewable suggestions use:,"When a review item offers Reviewable suggestions use in 18.5 Review, the selected decision must produce a visible, persisted proposal-state transition while leaving authoritative metadata unchanged until an allowed approval action commits it; rejected invalid transitions must preserve the prior state.","When reviewable suggestions are generated, Lamha must base them on the reviewed suggestion sources and require explicit approval before any suggestion is applied.",ACCEPTANCE_CRITERION,CAN-SECTION-0194,"Given generated suggestions, when they are presented, then each records its source and remains unapplied until approved.",Review Centre,I5,Suggestion-source fixture with approval checks.,Label names suggestion sources; rewrite adds source provenance and approval gate.,Pass 1 semantic rehabilitation; matched=[EXACT_LEGACY_OUTPUT]; section=18.5 Review; parent=CAN-SECTION-0194,REWRITE_AS_ACCEPTANCE_CRITERION,AI_SEMANTIC_REVIEW_PASS1,2026-08-05-pass1-semantic-rehabilitation,REVIEWED_CORRECTED
CAN-LAM-AI-027,AI embeddings; Local cache/index; Rebuildable,"When the 19. Metadata Storage workflow reads or changes AI embeddings; Local cache/index; Rebuildable, it must preserve the value, authority, and provenance in the appropriate durable record and expose the resulting revision to the derived index. Missing, malformed, or conflicting input must be reported without discarding the last valid value.",AI embeddings and the local cache/index are rebuildable projections; they must be rebuildable from versioned AI records and must never be the only authoritative copy of user knowledge.,CONSTRAINT,CAN-SECTION-0017,,Local data authority,I3,Rebuild fixture must restore embeddings/index from authority records.,Authority-matrix entry; reclassified as a rebuildability constraint.,Pass 1 semantic rehabilitation; matched=[EXACT_LEGACY_OUTPUT]; section=19. Metadata Storage; parent=CAN-SECTION-0017,RECLASSIFY_CONSTRAINT,AI_SEMANTIC_REVIEW_PASS1,2026-08-05-pass1-semantic-rehabilitation,RECLASSIFIED
CAN-LAM-ASSET-098,Filename; Filesystem; Asset JSON,"When a configured library encounters Filename; Filesystem; Asset JSON during 19. Metadata Storage, Rust must apply authorized-root and access-mode rules, expose the resulting root or asset state, and leave files unchanged if validation, permission, or I/O checks fail.",Filename is authoritative in the filesystem and projected into Asset JSON; reconciliation must prefer the filesystem value and update the projection.,CONSTRAINT,CAN-SECTION-0128,,Local data authority,I3,Reconciliation fixture must prefer filesystem filename.,Authority-matrix entry; reclassified as an authority constraint.,Pass 1 semantic rehabilitation; matched=[EXACT_LEGACY_OUTPUT]; section=19. Metadata Storage; parent=CAN-SECTION-0128,RECLASSIFY_CONSTRAINT,AI_SEMANTIC_REVIEW_PASS1,2026-08-05-pass1-semantic-rehabilitation,RECLASSIFIED
CAN-LAM-ASSET-099,Physical path; Filesystem; Asset JSON,"When a configured library encounters Physical path; Filesystem; Asset JSON during 19. Metadata Storage, Rust must apply authorized-root and access-mode rules, expose the resulting root or asset state, and leave files unchanged if validation, permission, or I/O checks fail.",Physical path is authoritative in the filesystem and projected into Asset JSON; reconciliation must prefer the filesystem value and update the projection.,CONSTRAINT,CAN-SECTION-0128,,Local data authority,I3,Reconciliation fixture must prefer filesystem path.,Authority-matrix entry; reclassified as an authority constraint.,Pass 1 semantic rehabilitation; matched=[EXACT_LEGACY_OUTPUT]; section=19. Metadata Storage; parent=CAN-SECTION-0128,RECLASSIFY_CONSTRAINT,AI_SEMANTIC_REVIEW_PASS1,2026-08-05-pass1-semantic-rehabilitation,RECLASSIFIED
CAN-LAM-ASSET-100,Original filename; Asset JSON; Operation history,"When the 19. Metadata Storage workflow reads or changes Original filename; Asset JSON; Operation history, it must preserve the value, authority, and provenance in the appropriate durable record and expose the resulting revision to the derived index. Missing, malformed, or conflicting input must be reported without discarding the last valid value.",Original filename is authoritative in Asset JSON and recorded in operation history; moves and renames must preserve it.,CONSTRAINT,CAN-SECTION-0017,,Asset identity and records,I3,Rename fixture must preserve original filename.,Authority-matrix entry; reclassified as an authority constraint.,Pass 1 semantic rehabilitation; matched=[EXACT_LEGACY_OUTPUT]; section=19. Metadata Storage; parent=CAN-SECTION-0017,RECLASSIFY_CONSTRAINT,AI_SEMANTIC_REVIEW_PASS1,2026-08-05-pass1-semantic-rehabilitation,RECLASSIFIED
CAN-LAM-ASSET-106,Photographer; Asset JSON; XMP creator,"When the 19. Metadata Storage workflow reads or changes Photographer; Asset JSON; XMP creator, it must preserve the value, authority, and provenance in the appropriate durable record and expose the resulting revision to the derived index. Missing, malformed, or conflicting input must be reported without discarding the last valid value.",Photographer is authoritative in Asset JSON and projected to XMP creator; edits must update both through the reviewed write path.,CONSTRAINT,CAN-SECTION-0017,,Relationships and attribution,I8,Attribution fixture must keep JSON and XMP aligned.,Authority-matrix entry; reclassified as an authority constraint.,Pass 1 semantic rehabilitation; matched=[EXACT_LEGACY_OUTPUT]; section=19. Metadata Storage; parent=CAN-SECTION-0017,RECLASSIFY_CONSTRAINT,AI_SEMANTIC_REVIEW_PASS1,2026-08-05-pass1-semantic-rehabilitation,RECLASSIFIED
CAN-LAM-ASSET-107,Camera owner; Asset JSON; Imported metadata,"When the 19. Metadata Storage workflow reads or changes Camera owner; Asset JSON; Imported metadata, it must preserve the value, authority, and provenance in the appropriate durable record and expose the resulting revision to the derived index. Missing, malformed, or conflicting input must be reported without discarding the last valid value.",Camera owner is authoritative in Asset JSON and projected from imported metadata; changing it must not change photographer or visible-person roles.,CONSTRAINT,CAN-SECTION-0017,,Relationships and attribution,I8,Role-independence fixture for camera owner.,Authority-matrix entry; reclassified as an authority constraint with role independence.,Pass 1 semantic rehabilitation; matched=[EXACT_LEGACY_OUTPUT]; section=19. Metadata Storage; parent=CAN-SECTION-0017,RECLASSIFY_CONSTRAINT,AI_SEMANTIC_REVIEW_PASS1,2026-08-05-pass1-semantic-rehabilitation,RECLASSIFIED
CAN-LAM-ASSET-108,Uploader/importer; Asset JSON; Operation history,"When the user invokes Uploader/importer; Asset JSON; Operation history in 19. Metadata Storage, the viewer must apply or display the behavior for the selected asset, expose the resulting UI state, and preserve the original media when the operation or format is unavailable.",Uploader/importer is authoritative in Asset JSON and recorded in operation history; it is never inferred from photographer or camera-owner roles.,CONSTRAINT,CAN-SECTION-0129,,Local data authority,I3,Role-inference fixture must not conflate importer with attribution roles.,Authority-matrix entry; reclassified as an authority constraint.,Pass 1 semantic rehabilitation; matched=[EXACT_LEGACY_OUTPUT]; section=19. Metadata Storage; parent=CAN-SECTION-0129,RECLASSIFY_CONSTRAINT,AI_SEMANTIC_REVIEW_PASS1,2026-08-05-pass1-semantic-rehabilitation,RECLASSIFIED
CAN-LAM-ASSET-109,Approved tags; Asset JSON; XMP keywords,"When the 19. Metadata Storage workflow reads or changes Approved tags; Asset JSON; XMP keywords, it must preserve the value, authority, and provenance in the appropriate durable record and expose the resulting revision to the derived index. Missing, malformed, or conflicting input must be reported without discarding the last valid value.",Approved tags are authoritative in Asset JSON and projected to XMP keywords; unapproved suggestions remain review candidates.,CONSTRAINT,CAN-SECTION-0017,,Local data authority,I3,Tag fixture must keep approved and candidate tags separate.,Authority-matrix entry; reclassified as an authority constraint.,Pass 1 semantic rehabilitation; matched=[EXACT_LEGACY_OUTPUT]; section=19. Metadata Storage; parent=CAN-SECTION-0017,RECLASSIFY_CONSTRAINT,AI_SEMANTIC_REVIEW_PASS1,2026-08-05-pass1-semantic-rehabilitation,RECLASSIFIED
CAN-LAM-ASSET-113,Normalized location; Asset JSON; EXIF/XMP,"When the 19. Metadata Storage workflow reads or changes Normalized location; Asset JSON; EXIF/XMP, it must preserve the value, authority, and provenance in the appropriate durable record and expose the resulting revision to the derived index. Missing, malformed, or conflicting input must be reported without discarding the last valid value.",Normalized location is authoritative in Asset JSON and projected from EXIF/XMP; the raw source value must be retained when normalization is uncertain.,CONSTRAINT,CAN-SECTION-0017,,Local data authority,I3,Location fixture with raw-value retention.,Authority-matrix entry; reclassified as an authority constraint.,Pass 1 semantic rehabilitation; matched=[EXACT_LEGACY_OUTPUT]; section=19. Metadata Storage; parent=CAN-SECTION-0017,RECLASSIFY_CONSTRAINT,AI_SEMANTIC_REVIEW_PASS1,2026-08-05-pass1-semantic-rehabilitation,RECLASSIFIED
CAN-LAM-BACKUP-007,Thumbnails; Cache; Rebuildable,"When the 19. Metadata Storage workflow reads or changes Thumbnails; Cache; Rebuildable, it must preserve the value, authority, and provenance in the appropriate durable record and expose the resulting revision to the derived index. Missing, malformed, or conflicting input must be reported without discarding the last valid value.",Thumbnails and cache are rebuildable projections; they must be regenerable from the authoritative assets and never treated as durable user knowledge.,CONSTRAINT,CAN-SECTION-0017,,"Backup, trash, restore and rebuild",I13,Cache-rebuild fixture must regenerate thumbnails.,Authority-matrix entry; reclassified as a rebuildability constraint.,Pass 1 semantic rehabilitation; matched=[EXACT_LEGACY_OUTPUT]; section=19. Metadata Storage; parent=CAN-SECTION-0017,RECLASSIFY_CONSTRAINT,AI_SEMANTIC_REVIEW_PASS1,2026-08-05-pass1-semantic-rehabilitation,RECLASSIFIED
CAN-LAM-META-029,Camera technical data; Embedded metadata; XMP,"When the 19. Metadata Storage workflow reads or changes Camera technical data; Embedded metadata; XMP, it must preserve the value, authority, and provenance in the appropriate durable record and expose the resulting revision to the derived index. Missing, malformed, or conflicting input must be reported without discarding the last valid value.",Camera technical data is authoritative in embedded metadata and projected to XMP; extraction failures must be reported without discarding the embedded source.,CONSTRAINT,CAN-SECTION-0017,,Local data authority,I3,Extraction fixture must preserve embedded source on failure.,Authority-matrix entry; reclassified as an authority constraint.,Pass 1 semantic rehabilitation; matched=[EXACT_LEGACY_OUTPUT]; section=19. Metadata Storage; parent=CAN-SECTION-0017,RECLASSIFY_CONSTRAINT,AI_SEMANTIC_REVIEW_PASS1,2026-08-05-pass1-semantic-rehabilitation,RECLASSIFIED
CAN-LAM-META-032,Search; SQLite; Rebuildable,"When the 19. Metadata Storage workflow reads or changes Search; SQLite; Rebuildable, it must preserve the value, authority, and provenance in the appropriate durable record and expose the resulting revision to the derived index. Missing, malformed, or conflicting input must be reported without discarding the last valid value.",Search projections in SQLite are rebuildable from authoritative records; search must never become the only copy of user knowledge.,CONSTRAINT,CAN-SECTION-0017,,Local data authority,I3,Search-rebuild fixture from authority records.,Authority-matrix entry; reclassified as a rebuildability constraint.,Pass 1 semantic rehabilitation; matched=[EXACT_LEGACY_OUTPUT]; section=19. Metadata Storage; parent=CAN-SECTION-0017,RECLASSIFY_CONSTRAINT,AI_SEMANTIC_REVIEW_PASS1,2026-08-05-pass1-semantic-rehabilitation,RECLASSIFIED
CAN-LAM-GOV-071,Use this order:,"When Use this order participates in 2. Authority Order, the authoritative record or transaction must persist its revision and provenance before derived-index publication, and any failed write must leave a recoverable prior state.","Metadata resolution must follow the reviewed authority order (filesystem, Asset JSON, embedded metadata, XMP) and reconciliation must prefer the higher authority when values conflict.",CONSTRAINT,CAN-SECTION-0182,,Filesystem transactions and recovery,I3,Authority-order fixture must prefer the declared source.,Authority-order heading; reclassified as a resolution-order constraint.,Pass 1 semantic rehabilitation; matched=[EXACT_LEGACY_OUTPUT]; section=2. Authority Order; parent=CAN-SECTION-0182,RECLASSIFY_CONSTRAINT,AI_SEMANTIC_REVIEW_PASS1,2026-08-05-pass1-semantic-rehabilitation,RECLASSIFIED
CAN-LAM-GOV-076,Do not invent product requirements.,"When Do not invent product requirements participates in 2. Authority Order, the authoritative record or transaction must persist its revision and provenance before derived-index publication, and any failed write must leave a recoverable prior state.",Planning must not invent product requirements; every requirement must trace to a reviewed source clause and any invented behavior must be rejected.,CONSTRAINT,CAN-SECTION-0182,,Planning and verification governance,I3,Plan validation must reject requirements without source trace.,Planning-rule label; reclassified as a traceability constraint.,Pass 1 semantic rehabilitation; matched=[EXACT_LEGACY_OUTPUT]; section=2. Authority Order; parent=CAN-SECTION-0182,RECLASSIFY_CONSTRAINT,AI_SEMANTIC_REVIEW_PASS1,2026-08-05-pass1-semantic-rehabilitation,RECLASSIFIED
CAN-LAM-AI-014,OCR,"When Lamha indexes OCR text, it must store the recognized text with asset identity, source region, model version, source revision, and confidence so local search can return traceable results and identify stale or unavailable OCR data.","When Lamha indexes OCR text, it must store the recognized text with asset identity, source region, model version, source revision, and confidence so local search can return traceable results and identify stale or unavailable OCR data.",ACCEPTANCE_CRITERION,CAN-SECTION-0013,"When Lamha indexes OCR text, it must store the recognized text with asset identity, source region, model version, source revision, and confidence so local search can return traceable results and identify stale or unavailable OCR data.",Local OCR,I10,"Given an asset with known text and a changed source revision, when OCR indexing and search run, then the matching asset and provenance are returned for the current revision and the stale entry is rejected or requeued.","Statement is already record-specific and observable (OCR text stored with asset identity, source region, model version, provenance); it does not reproduce a legacy template.",Pass 1 semantic rehabilitation; matched=[LABEL_ONLY]; section=2.1 Local-first operation; parent=CAN-SECTION-0013,KEEP_WITH_EXPLICIT_JUSTIFICATION,AI_SEMANTIC_REVIEW_PASS1,2026-08-05-pass1-semantic-rehabilitation,REVIEWED_CONFIRMED
CAN-LAM-ARCH-024,Similar-image detection,"When duplicate analysis evaluates Similar-image detection in 2.1 Local-first operation, it must create a reviewable candidate with evidence and stable asset identities; no file may be removed or merged when analysis fails or before an explicitly confirmed operation plan.","When similar-image detection runs locally, Lamha must produce reviewable duplicate candidates with evidence and stable asset identities and must not remove or merge files before confirmation.",ACCEPTANCE_CRITERION,CAN-SECTION-0031,"Given indexed assets, when similar-image detection runs, then candidates are produced with evidence and no file changes occur before confirmation.",Duplicates,I10,Similar-image detection fixture with candidate checks.,Label names similar-image detection; rewrite adds candidate evidence and no-mutation results.,Pass 1 semantic rehabilitation; matched=[EXACT_LEGACY_OUTPUT]; section=2.1 Local-first operation; parent=CAN-SECTION-0031,REWRITE_AS_ACCEPTANCE_CRITERION,AI_SEMANTIC_REVIEW_PASS1,2026-08-05-pass1-semantic-rehabilitation,REVIEWED_CORRECTED
CAN-LAM-ARCH-025,Tags,"When a local workflow proposes or changes a tag, Lamha must persist a namespaced, revisioned candidate or approved assignment, expose the decision state for review, and preserve the prior assignment if validation or storage fails.","When a local workflow proposes or changes a tag, Lamha must persist a namespaced, revisioned candidate or approved assignment, expose the decision state for review, and preserve the prior assignment if validation or storage fails.",ACCEPTANCE_CRITERION,CAN-SECTION-0032,"When a local workflow proposes or changes a tag, Lamha must persist a namespaced, revisioned candidate or approved assignment, expose the decision state for review, and preserve the prior assignment if validation or storage fails.",Tag candidates and review,I8,"Given an asset with an existing tag, when a new tag candidate is approved and a storage failure is injected, then the prior assignment remains authoritative and the failed revision is visible for retry.","Statement is already record-specific (proposes or changes a tag, persists namespaced revisioned candidate or approved assignment, preserves prior assignments); it does not reproduce a legacy template.",Pass 1 semantic rehabilitation; matched=[LABEL_ONLY]; section=2.1 Local-first operation; parent=CAN-SECTION-0032,KEEP_WITH_EXPLICIT_JUSTIFICATION,AI_SEMANTIC_REVIEW_PASS1,2026-08-05-pass1-semantic-rehabilitation,REVIEWED_CONFIRMED
CAN-LAM-ARCH-026,Mind maps,"When Mind maps is used in 2.1 Local-first operation, Lamha must derive the map or location result from canonical records, show its source and confidence where applicable, and preserve the records if projection or coordinate validation fails.","When a mind-map projection is requested, Lamha must derive the map from canonical event and relationship records and show its source without changing those records.",ACCEPTANCE_CRITERION,CAN-SECTION-0033,"Given canonical event and relationship records, when a mind map renders, then nodes and edges derive from the records and the source is shown.",Mind-map projections,I9,Mind-map fixture with derivation checks.,Label names mind maps; rewrite adds derivation and no-mutation results.,Pass 1 semantic rehabilitation; matched=[EXACT_LEGACY_OUTPUT]; section=2.1 Local-first operation; parent=CAN-SECTION-0033,REWRITE_AS_ACCEPTANCE_CRITERION,AI_SEMANTIC_REVIEW_PASS1,2026-08-05-pass1-semantic-rehabilitation,REVIEWED_CORRECTED
CAN-LAM-ARCH-027,Albums,"When a user changes album membership or favorite state, Lamha must persist the affected asset relationship with a new revision, update the local view, and preserve the prior relationship if the authoritative write fails.","When a user changes album membership or favorite state, Lamha must persist the affected asset relationship with a new revision, update the local view, and preserve the prior relationship if the authoritative write fails.",ACCEPTANCE_CRITERION,CAN-SECTION-0034,"When a user changes album membership or favorite state, Lamha must persist the affected asset relationship with a new revision, update the local view, and preserve the prior relationship if the authoritative write fails.",Albums and favorites,I5,"Given an asset in an album, when membership is removed with an injected write failure, then the UI reports failure and the prior authoritative membership remains visible after reload.","Statement is already record-specific (album membership or favorite state persisted with new revision, UI reflects change, prior membership preserved on failure); it does not reproduce a legacy template.",Pass 1 semantic rehabilitation; matched=[LABEL_ONLY]; section=2.1 Local-first operation; parent=CAN-SECTION-0034,KEEP_WITH_EXPLICIT_JUSTIFICATION,AI_SEMANTIC_REVIEW_PASS1,2026-08-05-pass1-semantic-rehabilitation,REVIEWED_CONFIRMED
CAN-LAM-ARCH-028,Favorites,"When the user uses Favorites in 2.1 Local-first operation, the interface must expose the resulting selection, position, or view state from local data, remain keyboard-operable, and retain the prior stable view if loading fails.","When the user opens or filters favorites, Lamha must show the favorited assets from local data, keep the view keyboard-operable, and retain the prior stable view if loading fails.",ACCEPTANCE_CRITERION,CAN-SECTION-0035,"Given favorited assets, when the user opens the favorites view, then the favorited set is shown from local data and a failed load preserves the prior view.",Gallery and timeline,I5,Favorites-view fixture with failure retention.,Label names favorites; rewrite adds the local-data and stable-view results.,Pass 1 semantic rehabilitation; matched=[EXACT_LEGACY_OUTPUT]; section=2.1 Local-first operation; parent=CAN-SECTION-0035,REWRITE_AS_ACCEPTANCE_CRITERION,AI_SEMANTIC_REVIEW_PASS1,2026-08-05-pass1-semantic-rehabilitation,REVIEWED_CORRECTED
CAN-LAM-ARCH-029,Memories,"When Memories is shown in 2.1 Local-first operation, Lamha must derive the memory from local canonical asset references, show a reproducible result, and omit unavailable assets without changing their records.","When the Memories feature is shown, Lamha must derive each memory from local canonical asset references, show a reproducible result, and omit unavailable assets without changing their records.",ACCEPTANCE_CRITERION,CAN-SECTION-0036,"Given local canonical assets, when a memory view renders, then the result derives from asset references, is reproducible, and unavailable assets are omitted.",Memories,I5,Memories fixture with derivation checks.,Label names the Memories product feature; rewrite keeps the product meaning and adds reproducibility.,Pass 1 semantic rehabilitation; matched=[EXACT_LEGACY_OUTPUT]; section=2.1 Local-first operation; parent=CAN-SECTION-0036,REWRITE_AS_ACCEPTANCE_CRITERION,AI_SEMANTIC_REVIEW_PASS1,2026-08-05-pass1-semantic-rehabilitation,REVIEWED_CORRECTED
CAN-LAM-ARCH-030,Review queues,"When Review queues occurs in 2.1 Local-first operation, Lamha must expose a typed operation or notification state with progress and recovery information, and must not report success for a cancelled, failed, or partially committed operation.","When AI review queues change, Lamha must expose a typed operation or notification state with progress and recovery information and must not report success for a failed or partially committed operation.",ACCEPTANCE_CRITERION,CAN-SECTION-0037,"Given an AI review queue update, when the operation completes or fails, then a typed state with progress and recovery information is exposed and no false success is reported.",Jobs and notifications,I10,Review-queue fixture with state checks.,Label names review queues; rewrite adds typed state and no-false-success rules.,Pass 1 semantic rehabilitation; matched=[EXACT_LEGACY_OUTPUT]; section=2.1 Local-first operation; parent=CAN-SECTION-0037,REWRITE_AS_ACCEPTANCE_CRITERION,AI_SEMANTIC_REVIEW_PASS1,2026-08-05-pass1-semantic-rehabilitation,REVIEWED_CORRECTED
CAN-LAM-ASSET-027,Selecting media-library roots,"When a configured library encounters Selecting media-library roots during 2.1 Local-first operation, Rust must apply authorized-root and access-mode rules, expose the resulting root or asset state, and leave files unchanged if validation, permission, or I/O checks fail.","When the user selects media-library roots, Lamha must record the selection as explicit root authorization and limit scans and writes to the authorized root set.",ACCEPTANCE_CRITERION,CAN-SECTION-0114,"Given a selected root, when the selection is confirmed, then the root is authorized and scans/writes are limited to the authorized set.",Libraries and storage,I4,Root-selection fixture with authorization checks.,Label names root selection; rewrite separates user selection from authorization.,Pass 1 semantic rehabilitation; matched=[EXACT_LEGACY_OUTPUT]; section=2.1 Local-first operation; parent=CAN-SECTION-0114,REWRITE_AS_ACCEPTANCE_CRITERION,AI_SEMANTIC_REVIEW_PASS1,2026-08-05-pass1-semantic-rehabilitation,REVIEWED_CORRECTED
CAN-LAM-ASSET-028,Scanning photos and videos,"When the user invokes Scanning photos and videos in 2.1 Local-first operation, the viewer must apply or display the behavior for the selected asset, expose the resulting UI state, and preserve the original media when the operation or format is unavailable.","When scanning photos and videos runs, Lamha must index each supported media class with stable identity and companions and return a typed error for unsupported formats without changing source bytes.",ACCEPTANCE_CRITERION,CAN-SECTION-0115,"Given supported and unsupported media, when scanning runs, then supported items index with companions and unsupported items return typed errors while source bytes remain unchanged.",Media ingestion and derivation,I4,Scan fixture covering supported and unsupported media.,Label names scanning; rewrite adds classification and preservation results.,Pass 1 semantic rehabilitation; matched=[EXACT_LEGACY_OUTPUT]; section=2.1 Local-first operation; parent=CAN-SECTION-0115,REWRITE_AS_ACCEPTANCE_CRITERION,AI_SEMANTIC_REVIEW_PASS1,2026-08-05-pass1-semantic-rehabilitation,REVIEWED_CORRECTED
CAN-LAM-ASSET-030,Playing videos,"When the user invokes Playing videos in 2.1 Local-first operation, the viewer must apply or display the behavior for the selected asset, expose the resulting UI state, and preserve the original media when the operation or format is unavailable.","When the user plays a video, Lamha must play the local source file with supported codecs and return a typed error when playback is unavailable without altering the original.",ACCEPTANCE_CRITERION,CAN-SECTION-0115,"Given a playable video, when play is requested, then the local source plays; given an unsupported codec, then a typed error is returned and the original is unchanged.",Asset viewer,I5,Video-playback fixture with unsupported-codec case.,Label names video playback; rewrite adds codec and failure behavior.,Pass 1 semantic rehabilitation; matched=[EXACT_LEGACY_OUTPUT]; section=2.1 Local-first operation; parent=CAN-SECTION-0115,REWRITE_AS_ACCEPTANCE_CRITERION,AI_SEMANTIC_REVIEW_PASS1,2026-08-05-pass1-semantic-rehabilitation,REVIEWED_CORRECTED
CAN-LAM-BACKUP-002,Restore,"When the user applies Restore in 2.1 Local-first operation, Lamha must update a revisioned non-destructive recipe or reviewed export plan, show the preview/result, and never overwrite the original media on failure or cancellation.","When the user restores from a backup, Lamha must verify the backup set before restoring and must not overwrite current files unless the restore plan is explicitly approved.",ACCEPTANCE_CRITERION,CAN-SECTION-0140,"Given a verified backup set, when restore is approved, then listed paths restore and current unlisted files remain unchanged.","Backup, trash, restore and rebuild",I13,Restore fixture with verification and scope checks.,Label names restore; rewrite adds verification and approval gates.,Pass 1 semantic rehabilitation; matched=[EXACT_LEGACY_OUTPUT]; section=2.1 Local-first operation; parent=CAN-SECTION-0140,REWRITE_AS_ACCEPTANCE_CRITERION,AI_SEMANTIC_REVIEW_PASS1,2026-08-05-pass1-semantic-rehabilitation,REVIEWED_CORRECTED
CAN-LAM-DUPLICATE-001,Duplicate detection,"When duplicate analysis evaluates Duplicate detection in 2.1 Local-first operation, it must create a reviewable candidate with evidence and stable asset identities; no file may be removed or merged when analysis fails or before an explicitly confirmed operation plan.","When duplicate detection runs, Lamha must compare full hashes and create reviewable duplicate candidates with stable asset identities and evidence.",ACCEPTANCE_CRITERION,CAN-SECTION-0031,"Given indexed assets, when duplicate detection runs, then candidates reference stable identities and no file is removed or merged without confirmation.",Duplicates,I10,Duplicate-detection fixture with candidate checks.,Label names duplicate detection; rewrite adds hash comparison and candidate results.,Pass 1 semantic rehabilitation; matched=[EXACT_LEGACY_OUTPUT]; section=2.1 Local-first operation; parent=CAN-SECTION-0031,REWRITE_AS_ACCEPTANCE_CRITERION,AI_SEMANTIC_REVIEW_PASS1,2026-08-05-pass1-semantic-rehabilitation,REVIEWED_CORRECTED
CAN-LAM-EVENT-002,Events,"When Events is requested in 2.1 Local-first operation, Lamha must produce or update a reviewable event plan, show its membership and filesystem effects, and make no authoritative or filesystem change if validation or confirmation fails.","When events are managed, Lamha must persist the reviewed event record with name, date authority, members, and folders and make no filesystem change until an approved operation plan exists.",ACCEPTANCE_CRITERION,CAN-SECTION-0150,"Given an event being created or edited, when the event is saved, then the event record persists and no filesystem change occurs without an approved plan.",Events and organization,I6,Event-persistence fixture with plan gating.,Label names events; rewrite adds record persistence and plan gating.,Pass 1 semantic rehabilitation; matched=[EXACT_LEGACY_OUTPUT]; section=2.1 Local-first operation; parent=CAN-SECTION-0150,REWRITE_AS_ACCEPTANCE_CRITERION,AI_SEMANTIC_REVIEW_PASS1,2026-08-05-pass1-semantic-rehabilitation,REVIEWED_CORRECTED
CAN-LAM-FOLDER-006,Folder management,"When a configured library encounters Folder management during 2.1 Local-first operation, Rust must apply authorized-root and access-mode rules, expose the resulting root or asset state, and leave files unchanged if validation, permission, or I/O checks fail.","When folder management runs, Lamha must preview planned create, rename, move, and merge operations and apply them only after approval while preserving original names and hashes.",ACCEPTANCE_CRITERION,CAN-SECTION-0114,"Given folder-management operations, when a plan is previewed and approved, then only approved operations apply and original names and hashes are preserved.",Libraries and storage,I4,Folder-management fixture with approval checks.,Label names folder management; rewrite adds preview and approval gates.,Pass 1 semantic rehabilitation; matched=[EXACT_LEGACY_OUTPUT]; section=2.1 Local-first operation; parent=CAN-SECTION-0114,REWRITE_AS_ACCEPTANCE_CRITERION,AI_SEMANTIC_REVIEW_PASS1,2026-08-05-pass1-semantic-rehabilitation,REVIEWED_CORRECTED
CAN-LAM-META-013,Reading metadata,"When the 2.1 Local-first operation workflow reads or changes Reading metadata, it must preserve the value, authority, and provenance in the appropriate durable record and expose the resulting revision to the derived index. Missing, malformed, or conflicting input must be reported without discarding the last valid value.","When metadata is read from a media file, Lamha must extract the supported fields, preserve the embedded source, and report malformed or missing values without altering the file.",ACCEPTANCE_CRITERION,CAN-SECTION-0199,"Given a media file, when metadata extraction runs, then supported fields are read and the file bytes remain unchanged.",Metadata,I4,Metadata-read fixture with byte-preservation checks.,Label names metadata reading; rewrite adds extraction and preservation results.,Pass 1 semantic rehabilitation; matched=[EXACT_LEGACY_OUTPUT]; section=2.1 Local-first operation; parent=CAN-SECTION-0199,REWRITE_AS_ACCEPTANCE_CRITERION,AI_SEMANTIC_REVIEW_PASS1,2026-08-05-pass1-semantic-rehabilitation,REVIEWED_CORRECTED
CAN-LAM-META-014,Editing supported metadata,"When the 2.1 Local-first operation workflow reads or changes Editing supported metadata, it must preserve the value, authority, and provenance in the appropriate durable record and expose the resulting revision to the derived index. Missing, malformed, or conflicting input must be reported without discarding the last valid value.","When supported metadata is edited, Lamha must update the authoritative record and reviewed sidecars without modifying the original media file, and preserve the last valid value on failure.",ACCEPTANCE_CRITERION,CAN-SECTION-0199,"Given an approved metadata edit, when it commits, then authority and sidecars update and the original media file remains unchanged.",Metadata,I4,Metadata-edit fixture with hash checks.,Label names metadata editing; rewrite adds authority update and no-media-mutation rules.,Pass 1 semantic rehabilitation; matched=[EXACT_LEGACY_OUTPUT]; section=2.1 Local-first operation; parent=CAN-SECTION-0199,REWRITE_AS_ACCEPTANCE_CRITERION,AI_SEMANTIC_REVIEW_PASS1,2026-08-05-pass1-semantic-rehabilitation,REVIEWED_CORRECTED
CAN-LAM-META-015,Creating and reading JSON sidecars,"When the 2.1 Local-first operation workflow reads or changes Creating and reading JSON sidecars, it must preserve the value, authority, and provenance in the appropriate durable record and expose the resulting revision to the derived index. Missing, malformed, or conflicting input must be reported without discarding the last valid value.","When creating or reading JSON sidecars, Lamha must write schema-valid per-asset JSON and read it as the authoritative record, preserving exact bytes when validation fails.",ACCEPTANCE_CRITERION,CAN-SECTION-0199,"Given an approved sidecar write, when it commits, then the JSON is schema-valid and readable as the authority; malformed JSON is preserved and reported.",Metadata,I3,JSON-sidecar fixture with schema and preservation checks.,Label names JSON sidecars; rewrite adds schema validity and preservation.,Pass 1 semantic rehabilitation; matched=[EXACT_LEGACY_OUTPUT]; section=2.1 Local-first operation; parent=CAN-SECTION-0199,REWRITE_AS_ACCEPTANCE_CRITERION,AI_SEMANTIC_REVIEW_PASS1,2026-08-05-pass1-semantic-rehabilitation,REVIEWED_CORRECTED
CAN-LAM-META-016,Creating and reading XMP sidecars,"When the 2.1 Local-first operation workflow reads or changes Creating and reading XMP sidecars, it must preserve the value, authority, and provenance in the appropriate durable record and expose the resulting revision to the derived index. Missing, malformed, or conflicting input must be reported without discarding the last valid value.","When creating or reading XMP sidecars, Lamha must write schema-valid XMP for the reviewed fields and keep JSON and XMP projections aligned.",ACCEPTANCE_CRITERION,CAN-SECTION-0199,"Given an approved XMP write, when it commits, then the XMP is valid and aligned with the authoritative JSON fields.",Metadata,I3,XMP-sidecar fixture with alignment checks.,Label names XMP sidecars; rewrite adds validity and alignment.,Pass 1 semantic rehabilitation; matched=[EXACT_LEGACY_OUTPUT]; section=2.1 Local-first operation; parent=CAN-SECTION-0199,REWRITE_AS_ACCEPTANCE_CRITERION,AI_SEMANTIC_REVIEW_PASS1,2026-08-05-pass1-semantic-rehabilitation,REVIEWED_CORRECTED
CAN-LAM-PERSON-007,Face detection,"When the 2.1 Local-first operation workflow manages Face detection, it must persist the candidate or confirmed state with provenance and revision, expose the resulting state for review, and reject invalid transitions without changing an existing identity or historical interval.","When face detection runs locally, Lamha must produce face regions as reviewable candidates with model and source provenance and must not assign identities automatically.",ACCEPTANCE_CRITERION,CAN-SECTION-0215,"Given a local face-detection run, when it completes, then face regions are produced with provenance and no identity assignment occurs.",People and faces,I7,Face-detection fixture with provenance checks.,Label names face detection; rewrite adds candidate provenance and no-auto-assignment.,Pass 1 semantic rehabilitation; matched=[EXACT_LEGACY_OUTPUT]; section=2.1 Local-first operation; parent=CAN-SECTION-0215,REWRITE_AS_ACCEPTANCE_CRITERION,AI_SEMANTIC_REVIEW_PASS1,2026-08-05-pass1-semantic-rehabilitation,REVIEWED_CORRECTED
CAN-LAM-PERSON-008,Face recognition,"When the 2.1 Local-first operation workflow manages Face recognition, it must persist the candidate or confirmed state with provenance and revision, expose the resulting state for review, and reject invalid transitions without changing an existing identity or historical interval.","When face recognition runs locally, Lamha must produce person-match candidates with confidence and source provenance and keep confirmed assignments unchanged until approved.",ACCEPTANCE_CRITERION,CAN-SECTION-0215,"Given local recognition results, when candidates are generated, then they carry confidence and provenance and confirmed assignments remain unchanged.",People and faces,I7,Face-recognition fixture with confirmation checks.,Label names face recognition; rewrite adds candidate provenance and confirmation gate.,Pass 1 semantic rehabilitation; matched=[EXACT_LEGACY_OUTPUT]; section=2.1 Local-first operation; parent=CAN-SECTION-0215,REWRITE_AS_ACCEPTANCE_CRITERION,AI_SEMANTIC_REVIEW_PASS1,2026-08-05-pass1-semantic-rehabilitation,REVIEWED_CORRECTED
CAN-LAM-PERSON-009,Face clustering,"When the 2.1 Local-first operation workflow manages Face clustering, it must persist the candidate or confirmed state with provenance and revision, expose the resulting state for review, and reject invalid transitions without changing an existing identity or historical interval.","When face clustering runs, Lamha must group face regions into reviewable clusters without merging different people or changing confirmed assignments.",ACCEPTANCE_CRITERION,CAN-SECTION-0215,"Given face regions, when clustering runs, then clusters are reviewable and confirmed person assignments remain unchanged.",People and faces,I7,Face-clustering fixture with confirmation preservation.,Label names face clustering; rewrite adds reviewability and preservation.,Pass 1 semantic rehabilitation; matched=[EXACT_LEGACY_OUTPUT]; section=2.1 Local-first operation; parent=CAN-SECTION-0215,REWRITE_AS_ACCEPTANCE_CRITERION,AI_SEMANTIC_REVIEW_PASS1,2026-08-05-pass1-semantic-rehabilitation,REVIEWED_CORRECTED
CAN-LAM-PERSON-010,Groups,"When the 2.1 Local-first operation workflow manages Groups, it must persist the candidate or confirmed state with provenance and revision, expose the resulting state for review, and reject invalid transitions without changing an existing identity or historical interval.","When groups are managed, Lamha must persist the reviewed group record with aliases, membership periods, and event links and preserve historical membership.",ACCEPTANCE_CRITERION,CAN-SECTION-0215,"Given a group being created or edited, when it is saved, then the group record persists with membership history intact.",People and faces,I7,Group-management fixture with history checks.,Label names groups; rewrite adds record persistence and history preservation.,Pass 1 semantic rehabilitation; matched=[EXACT_LEGACY_OUTPUT]; section=2.1 Local-first operation; parent=CAN-SECTION-0215,REWRITE_AS_ACCEPTANCE_CRITERION,AI_SEMANTIC_REVIEW_PASS1,2026-08-05-pass1-semantic-rehabilitation,REVIEWED_CORRECTED
CAN-LAM-PERSON-011,Relationships,"When the 2.1 Local-first operation workflow manages Relationships, it must persist the candidate or confirmed state with provenance and revision, expose the resulting state for review, and reject invalid transitions without changing an existing identity or historical interval.","When relationships are managed, Lamha must persist revisioned effective-dated edges with certainty and notes and keep historical edges queryable.",ACCEPTANCE_CRITERION,CAN-SECTION-0215,"Given a relationship being created or changed, when it is saved, then the edge persists with effective dating and history remains queryable.",People and faces,I8,Relationship-management fixture with history checks.,Label names relationships; rewrite adds persistence and history results.,Pass 1 semantic rehabilitation; matched=[EXACT_LEGACY_OUTPUT]; section=2.1 Local-first operation; parent=CAN-SECTION-0215,REWRITE_AS_ACCEPTANCE_CRITERION,AI_SEMANTIC_REVIEW_PASS1,2026-08-05-pass1-semantic-rehabilitation,REVIEWED_CORRECTED
CAN-LAM-SEARCH-001,Semantic image search,"When a query or indexing task uses Semantic image search in 2.1 Local-first operation, Lamha must return the matching local result with source and revision information, and must report unavailable or stale index data without treating it as authoritative knowledge.","When a semantic image search query runs, Lamha must match local embeddings and return results with source and revision information, reporting unavailable or stale index data without treating it as authoritative.",ACCEPTANCE_CRITERION,CAN-SECTION-0013,"Given local embeddings, when a semantic search runs, then matching assets return with source/revision and stale or unavailable index data is reported.",Search and OCR,I10,Semantic-search fixture with stale-index case.,Label names semantic search; rewrite adds local matching and stale-data reporting.,Pass 1 semantic rehabilitation; matched=[EXACT_LEGACY_OUTPUT]; section=2.1 Local-first operation; parent=CAN-SECTION-0013,REWRITE_AS_ACCEPTANCE_CRITERION,AI_SEMANTIC_REVIEW_PASS1,2026-08-05-pass1-semantic-rehabilitation,REVIEWED_CORRECTED
CAN-LAM-SEARCH-002,Search,"When a query or indexing task uses Search in 2.1 Local-first operation, Lamha must return the matching local result with source and revision information, and must report unavailable or stale index data without treating it as authoritative knowledge.","When a search query runs, Lamha must return matching local assets with source and revision information and report unavailable or stale index data without treating it as authoritative.",ACCEPTANCE_CRITERION,CAN-SECTION-0013,"Given an indexed library, when a search query runs, then matching local assets return with source/revision and stale data is reported.",Search and OCR,I10,Search fixture with stale-index case.,Label names search; rewrite adds local result provenance and stale reporting.,Pass 1 semantic rehabilitation; matched=[EXACT_LEGACY_OUTPUT]; section=2.1 Local-first operation; parent=CAN-SECTION-0013,REWRITE_AS_ACCEPTANCE_CRITERION,AI_SEMANTIC_REVIEW_PASS1,2026-08-05-pass1-semantic-rehabilitation,REVIEWED_CORRECTED
CAN-LAM-TRASH-002,Trash,"When Trash participates in 2.1 Local-first operation, the authoritative record or transaction must persist its revision and provenance before derived-index publication, and any failed write must leave a recoverable prior state.","When an asset is trashed, Lamha must move it to a reversible trash state through a reviewed plan and restore it exactly on undo without losing metadata.",ACCEPTANCE_CRITERION,CAN-SECTION-0235,"Given an asset, when trash is approved, then the asset enters a reversible trash state and undo restores it with metadata intact.","Backup, trash, restore and rebuild",I13,Trash fixture with undo verification.,Label names trash; rewrite adds reversibility and restore results.,Pass 1 semantic rehabilitation; matched=[EXACT_LEGACY_OUTPUT]; section=2.1 Local-first operation; parent=CAN-SECTION-0235,REWRITE_AS_ACCEPTANCE_CRITERION,AI_SEMANTIC_REVIEW_PASS1,2026-08-05-pass1-semantic-rehabilitation,REVIEWED_CORRECTED
CAN-LAM-ARCH-034,Map results,"When Map results is used in 2.2 Single physical media copy, Lamha must derive the map or location result from canonical records, show its source and confidence where applicable, and preserve the records if projection or coordinate validation fails.","When map results are requested, Lamha must derive them from canonical location records and show source and confidence where applicable without changing the records.",ACCEPTANCE_CRITERION,CAN-SECTION-0038,"Given canonical location records, when map results render, then results derive from the records with source shown and records remain unchanged.",Map and location,I5,Map-result fixture with derivation checks.,Label names map results; rewrite adds derivation and no-mutation results.,Pass 1 semantic rehabilitation; matched=[EXACT_LEGACY_OUTPUT]; section=2.2 Single physical media copy; parent=CAN-SECTION-0038,REWRITE_AS_ACCEPTANCE_CRITERION,AI_SEMANTIC_REVIEW_PASS1,2026-08-05-pass1-semantic-rehabilitation,REVIEWED_CORRECTED
CAN-LAM-ASSET-031,Photographer views,"When the 2.2 Single physical media copy workflow reads or changes Photographer views, it must preserve the value, authority, and provenance in the appropriate durable record and expose the resulting revision to the derived index. Missing, malformed, or conflicting input must be reported without discarding the last valid value.",Photographer views are asset views that show the reviewed photographer attribution independently of camera owner and visible-person roles.,GLOSSARY,CAN-SECTION-0116,,Relationships and attribution,,Gate 1 scope; Gate 2 compile/build; Gate 3 focused/regression; Gate 8 traceability,View-label; reclassified as glossary with role independence. | Non-implementation record (GLOSSARY/UI_LABEL/INFORMATIONAL/DUPLICATE) cannot retain an implementation phase.,Pass 1 semantic rehabilitation; matched=[EXACT_LEGACY_OUTPUT]; section=2.2 Single physical media copy; parent=CAN-SECTION-0116,RECLASSIFY_GLOSSARY,AI_SEMANTIC_REVIEW_PASS1,2026-08-05-pass2-semantic-consistency-correction,REVIEWED_CORRECTED
CAN-LAM-ASSET-032,These views must reference the same asset.,"When the user invokes These views must reference the same asset in 2.2 Single physical media copy, the viewer must apply or display the behavior for the selected asset, expose the resulting UI state, and preserve the original media when the operation or format is unavailable.","Every view of an asset (gallery, viewer, relationship, and folder views) must reference the same canonical asset identity so changes in one view are reflected in all views.",FUNCTIONAL_REQUIREMENT,,"Given one asset, when it is opened in multiple views, then every view references the same identity and shows the same reviewed state.",Asset viewer,I5,Multi-view fixture with identity checks.,Label names the shared-asset-reference rule; rewrite makes it observable.,Pass 1 semantic rehabilitation; matched=[EXACT_LEGACY_OUTPUT]; section=2.2 Single physical media copy; parent=none,REWRITE_AS_REQUIREMENT,AI_SEMANTIC_REVIEW_PASS1,2026-08-05-pass1-semantic-rehabilitation,REVIEWED_CORRECTED
CAN-LAM-EVENT-003,Event pages,"When Event pages is requested in 2.2 Single physical media copy, Lamha must produce or update a reviewable event plan, show its membership and filesystem effects, and make no authoritative or filesystem change if validation or confirmation fails.","When an event page is opened, Lamha must load the reviewed event record, members, and folders for display and must not create or update an event plan merely because the page was opened.",ACCEPTANCE_CRITERION,CAN-SECTION-0151,"Given an event, when its page is opened, then the event data is loaded for display and no plan or filesystem change occurs.",Events and organization,I6,Event-page fixture with no-mutation assertion.,Label names event pages; rewrite separates navigation/load from mutation.,Pass 1 semantic rehabilitation; matched=[EXACT_LEGACY_OUTPUT]; section=2.2 Single physical media copy; parent=CAN-SECTION-0151,REWRITE_AS_ACCEPTANCE_CRITERION,AI_SEMANTIC_REVIEW_PASS1,2026-08-05-pass1-semantic-rehabilitation,REVIEWED_CORRECTED
CAN-LAM-PERSON-012,Person pages,"When the 2.2 Single physical media copy workflow manages Person pages, it must persist the candidate or confirmed state with provenance and revision, expose the resulting state for review, and reject invalid transitions without changing an existing identity or historical interval.","When a person page is opened, Lamha must load the reviewed person profile, faces, and links for display and must not mutate person identity because the profile was opened.",ACCEPTANCE_CRITERION,CAN-SECTION-0216,"Given a person, when their page is opened, then the profile and links are loaded for display and no identity mutation occurs.",People and faces,I7,Person-page fixture with no-mutation assertion.,Label names person pages; rewrite separates navigation from mutation.,Pass 1 semantic rehabilitation; matched=[EXACT_LEGACY_OUTPUT]; section=2.2 Single physical media copy; parent=CAN-SECTION-0216,REWRITE_AS_ACCEPTANCE_CRITERION,AI_SEMANTIC_REVIEW_PASS1,2026-08-05-pass1-semantic-rehabilitation,REVIEWED_CORRECTED
CAN-LAM-PERSON-013,Group pages,"When the 2.2 Single physical media copy workflow manages Group pages, it must persist the candidate or confirmed state with provenance and revision, expose the resulting state for review, and reject invalid transitions without changing an existing identity or historical interval.","When a group page is opened, Lamha must load the reviewed group record and members for display and must not change membership merely because the page was opened.",ACCEPTANCE_CRITERION,CAN-SECTION-0216,"Given a group, when its page is opened, then the record and members are loaded for display and no membership change occurs.",People and faces,I7,Group-page fixture with no-mutation assertion.,Label names group pages; rewrite separates navigation from mutation.,Pass 1 semantic rehabilitation; matched=[EXACT_LEGACY_OUTPUT]; section=2.2 Single physical media copy; parent=CAN-SECTION-0216,REWRITE_AS_ACCEPTANCE_CRITERION,AI_SEMANTIC_REVIEW_PASS1,2026-08-05-pass1-semantic-rehabilitation,REVIEWED_CORRECTED
CAN-LAM-PERSON-014,Relationship-composition views,"When the 2.2 Single physical media copy workflow manages Relationship-composition views, it must persist the candidate or confirmed state with provenance and revision, expose the resulting state for review, and reject invalid transitions without changing an existing identity or historical interval.","When a relationship-composition view renders, Lamha must derive the composition from reviewed relationship rules and show its source.",ACCEPTANCE_CRITERION,CAN-SECTION-0216,"Given reviewed relationship rules, when the composition view renders, then composition reflects only approved rules with source shown.",People and faces,I8,Composition-view fixture with rule checks.,Label names composition views; rewrite adds rule derivation and source display.,Pass 1 semantic rehabilitation; matched=[EXACT_LEGACY_OUTPUT]; section=2.2 Single physical media copy; parent=CAN-SECTION-0216,REWRITE_AS_ACCEPTANCE_CRITERION,AI_SEMANTIC_REVIEW_PASS1,2026-08-05-pass1-semantic-rehabilitation,REVIEWED_CORRECTED
CAN-LAM-SEARCH-003,Search results,"When a query or indexing task uses Search results in 2.2 Single physical media copy, Lamha must return the matching local result with source and revision information, and must report unavailable or stale index data without treating it as authoritative knowledge.","When search results are displayed, Lamha must show matching local assets with source and revision information and keep the view stable when the index is stale.",ACCEPTANCE_CRITERION,CAN-SECTION-0233,"Given a completed search, when results render, then each result shows source/revision and stale data is reported rather than treated as authoritative.",Search and OCR,I10,Search-results fixture with provenance checks.,Label names search results; rewrite adds provenance display and stale reporting.,Pass 1 semantic rehabilitation; matched=[EXACT_LEGACY_OUTPUT]; section=2.2 Single physical media copy; parent=CAN-SECTION-0233,REWRITE_AS_ACCEPTANCE_CRITERION,AI_SEMANTIC_REVIEW_PASS1,2026-08-05-pass1-semantic-rehabilitation,REVIEWED_CORRECTED
CAN-LAM-ARCH-036,Several locations,"When Several locations is used in 2.3 Event-first physical organization, Lamha must derive the map or location result from canonical records, show its source and confidence where applicable, and preserve the records if projection or coordinate validation fails.","When event organization spans several locations, Lamha must keep the event unified and record the reviewed location set without creating separate events from locations alone.",ACCEPTANCE_CRITERION,CAN-SECTION-0039,"Given an event spanning locations, when organization runs, then the event remains unified and the location set is recorded.",Events and organization,I6,Multi-location event fixture.,Label names multi-location events; rewrite adds unity and location recording.,Pass 1 semantic rehabilitation; matched=[EXACT_LEGACY_OUTPUT]; section=2.3 Event-first physical organization; parent=CAN-SECTION-0039,REWRITE_AS_ACCEPTANCE_CRITERION,AI_SEMANTIC_REVIEW_PASS1,2026-08-05-pass1-semantic-rehabilitation,REVIEWED_CORRECTED
CAN-LAM-ARCH-037,Several days of activity,"When Several days of activity is requested in 2.3 Event-first physical organization, Lamha must produce or update a reviewable event plan, show its membership and filesystem effects, and make no authoritative or filesystem change if validation or confirmation fails.","When event organization spans several days of activity, Lamha must keep the event unified under its approved start date and only split after explicit user confirmation.",ACCEPTANCE_CRITERION,CAN-SECTION-0040,"Given a multi-day event, when organization runs, then the event stays unified under the approved start date and splits require confirmation.",Events and organization,I6,Multi-day event fixture with split confirmation.,Label names multi-day events; rewrite adds unity and confirmation gate.,Pass 1 semantic rehabilitation; matched=[EXACT_LEGACY_OUTPUT]; section=2.3 Event-first physical organization; parent=CAN-SECTION-0040,REWRITE_AS_ACCEPTANCE_CRITERION,AI_SEMANTIC_REVIEW_PASS1,2026-08-05-pass1-semantic-rehabilitation,REVIEWED_CORRECTED
CAN-LAM-ASSET-036,Photos with no people,"When the user uses Photos with no people in 2.3 Event-first physical organization, the interface must expose the resulting selection, position, or view state from local data, remain keyboard-operable, and retain the prior stable view if loading fails.","When the user views photos with no people, Lamha must show exactly the assets with no reviewed visible people and keep the view keyboard-operable.",ACCEPTANCE_CRITERION,CAN-SECTION-0117,"Given assets with and without visible people, when the no-people view opens, then only assets without reviewed people are shown.",Events and organization,I6,No-people view fixture.,Label names the no-people filter; rewrite adds the observable result.,Pass 1 semantic rehabilitation; matched=[EXACT_LEGACY_OUTPUT]; section=2.3 Event-first physical organization; parent=CAN-SECTION-0117,REWRITE_AS_ACCEPTANCE_CRITERION,AI_SEMANTIC_REVIEW_PASS1,2026-08-05-pass1-semantic-rehabilitation,REVIEWED_CORRECTED
CAN-LAM-ASSET-037,Several photographers,"When the 2.3 Event-first physical organization workflow reads or changes Several photographers, it must preserve the value, authority, and provenance in the appropriate durable record and expose the resulting revision to the derived index. Missing, malformed, or conflicting input must be reported without discarding the last valid value.","When an event includes several photographers, Lamha must retain each asset's reviewed photographer attribution independently and not merge photographers during organization.",ACCEPTANCE_CRITERION,CAN-SECTION-0118,"Given assets with distinct photographers in one event, when organization runs, then each attribution remains distinct and unchanged.",Relationships and attribution,I8,Multi-photographer fixture with attribution checks.,Label names multiple photographers; rewrite adds attribution independence.,Pass 1 semantic rehabilitation; matched=[EXACT_LEGACY_OUTPUT]; section=2.3 Event-first physical organization; parent=CAN-SECTION-0118,REWRITE_AS_ACCEPTANCE_CRITERION,AI_SEMANTIC_REVIEW_PASS1,2026-08-05-pass1-semantic-rehabilitation,REVIEWED_CORRECTED
CAN-LAM-ASSET-038,Media captured after midnight,"When Media captured after midnight is requested in 2.3 Event-first physical organization, Lamha must produce or update a reviewable event plan, show its membership and filesystem effects, and make no authoritative or filesystem change if validation or confirmation fails.","When media captured after midnight belongs to an event, Lamha must keep it in the same event and use the approved start date for naming without splitting on time alone.",ACCEPTANCE_CRITERION,CAN-SECTION-0040,"Given midnight-captured media, when event organization runs, then the media stays in the event and naming uses the approved start date.",Events and organization,I6,Midnight-capture event fixture.,Label names midnight capture; rewrite adds event unity and date authority.,Pass 1 semantic rehabilitation; matched=[EXACT_LEGACY_OUTPUT]; section=2.3 Event-first physical organization; parent=CAN-SECTION-0040,REWRITE_AS_ACCEPTANCE_CRITERION,AI_SEMANTIC_REVIEW_PASS1,2026-08-05-pass1-semantic-rehabilitation,REVIEWED_CORRECTED
CAN-LAM-PERSON-017,Family,"When Family is requested in 2.3 Event-first physical organization, Lamha must produce or update a reviewable event plan, show its membership and filesystem effects, and make no authoritative or filesystem change if validation or confirmation fails.","When event organization includes family members, Lamha must group them under the event's reviewed people categories without changing media paths.",ACCEPTANCE_CRITERION,CAN-SECTION-0040,"Given an event with family attendees, when organization runs, then family members appear in the event's people categories and media paths remain unchanged.",Events and organization,I6,Family-category event fixture.,Label names the family category; rewrite adds grouping and no-mutation results.,Pass 1 semantic rehabilitation; matched=[EXACT_LEGACY_OUTPUT]; section=2.3 Event-first physical organization; parent=CAN-SECTION-0040,REWRITE_AS_ACCEPTANCE_CRITERION,AI_SEMANTIC_REVIEW_PASS1,2026-08-05-pass1-semantic-rehabilitation,REVIEWED_CORRECTED
CAN-LAM-PERSON-018,Friends,"When Friends is requested in 2.3 Event-first physical organization, Lamha must produce or update a reviewable event plan, show its membership and filesystem effects, and make no authoritative or filesystem change if validation or confirmation fails.","When event organization includes friends, Lamha must group them under the event's reviewed people categories without changing media paths.",ACCEPTANCE_CRITERION,CAN-SECTION-0040,"Given an event with friend attendees, when organization runs, then friends appear in the event's people categories and media paths remain unchanged.",Events and organization,I6,Friends-category event fixture.,Label names the friends category; rewrite adds grouping and no-mutation results.,Pass 1 semantic rehabilitation; matched=[EXACT_LEGACY_OUTPUT]; section=2.3 Event-first physical organization; parent=CAN-SECTION-0040,REWRITE_AS_ACCEPTANCE_CRITERION,AI_SEMANTIC_REVIEW_PASS1,2026-08-05-pass1-semantic-rehabilitation,REVIEWED_CORRECTED
CAN-LAM-PERSON-019,Family friends,"When Family friends is requested in 2.3 Event-first physical organization, Lamha must produce or update a reviewable event plan, show its membership and filesystem effects, and make no authoritative or filesystem change if validation or confirmation fails.","When event organization includes family friends, Lamha must group them under the event's reviewed people categories without changing media paths.",ACCEPTANCE_CRITERION,CAN-SECTION-0040,"Given an event with family-friend attendees, when organization runs, then they appear in the event's people categories and media paths remain unchanged.",Events and organization,I6,Family-friends event fixture.,Label names the family-friends category; rewrite adds grouping and no-mutation results.,Pass 1 semantic rehabilitation; matched=[EXACT_LEGACY_OUTPUT]; section=2.3 Event-first physical organization; parent=CAN-SECTION-0040,REWRITE_AS_ACCEPTANCE_CRITERION,AI_SEMANTIC_REVIEW_PASS1,2026-08-05-pass1-semantic-rehabilitation,REVIEWED_CORRECTED
CAN-LAM-PERSON-020,Unknown people,"When the 2.3 Event-first physical organization workflow manages Unknown people, it must persist the candidate or confirmed state with provenance and revision, expose the resulting state for review, and reject invalid transitions without changing an existing identity or historical interval.","When event organization includes unknown people, Lamha must keep them in an unknown-people category with review candidates and must not assign identities automatically.",ACCEPTANCE_CRITERION,CAN-SECTION-0217,"Given unassigned faces in an event, when organization runs, then they appear as unknown with candidates and no identity is auto-assigned.",Events and organization,I6,Unknown-people event fixture.,Label names unknown people; rewrite adds the review-candidate result.,Pass 1 semantic rehabilitation; matched=[EXACT_LEGACY_OUTPUT]; section=2.3 Event-first physical organization; parent=CAN-SECTION-0217,REWRITE_AS_ACCEPTANCE_CRITERION,AI_SEMANTIC_REVIEW_PASS1,2026-08-05-pass1-semantic-rehabilitation,REVIEWED_CORRECTED
CAN-LAM-PERSON-021,Mixed groups,"When the 2.3 Event-first physical organization workflow manages Mixed groups, it must persist the candidate or confirmed state with provenance and revision, expose the resulting state for review, and reject invalid transitions without changing an existing identity or historical interval.","When event organization includes mixed groups, Lamha must keep the reviewed group boundaries and not merge distinct people during organization.",ACCEPTANCE_CRITERION,CAN-SECTION-0217,"Given mixed groups in an event, when organization runs, then each person's group boundaries remain unchanged.",Events and organization,I6,Mixed-group event fixture.,Label names mixed groups; rewrite adds boundary preservation.,Pass 1 semantic rehabilitation; matched=[EXACT_LEGACY_OUTPUT]; section=2.3 Event-first physical organization; parent=CAN-SECTION-0217,REWRITE_AS_ACCEPTANCE_CRITERION,AI_SEMANTIC_REVIEW_PASS1,2026-08-05-pass1-semantic-rehabilitation,REVIEWED_CORRECTED
CAN-LAM-ARCH-038,Tag records,"When the 2.4 Transparent and recoverable metadata workflow reads or changes Tag records, it must preserve the value, authority, and provenance in the appropriate durable record and expose the resulting revision to the derived index. Missing, malformed, or conflicting input must be reported without discarding the last valid value.","When tag records are written, Lamha must persist schema-valid tag records with namespaces and revisions in the authoritative JSON sidecar.",ACCEPTANCE_CRITERION,CAN-SECTION-0041,"Given an approved tag change, when the record is written, then the tag record is schema-valid and revisioned in the authoritative sidecar.",Sidecars and metadata authority,I3,Tag-record fixture with schema checks.,Label names tag records; rewrite adds schema validity and revisioning.,Pass 1 semantic rehabilitation; matched=[EXACT_LEGACY_OUTPUT]; section=2.4 Transparent and recoverable metadata; parent=CAN-SECTION-0041,REWRITE_AS_ACCEPTANCE_CRITERION,AI_SEMANTIC_REVIEW_PASS1,2026-08-05-pass1-semantic-rehabilitation,REVIEWED_CORRECTED
CAN-LAM-ASSET-039,Per-asset JSON,"When the user invokes Per-asset JSON in 2.4 Transparent and recoverable metadata, the viewer must apply or display the behavior for the selected asset, expose the resulting UI state, and preserve the original media when the operation or format is unavailable.","When per-asset JSON is used, Lamha must read and write the schema-valid authoritative JSON sidecar for the asset and preserve exact bytes when validation fails.",ACCEPTANCE_CRITERION,CAN-SECTION-0119,"Given an asset, when its JSON sidecar is read or written, then the sidecar is schema-valid and malformed content is preserved and reported.",Sidecars and metadata authority,I3,Per-asset JSON fixture.,Label names per-asset JSON; rewrite adds schema validity and preservation.,Pass 1 semantic rehabilitation; matched=[EXACT_LEGACY_OUTPUT]; section=2.4 Transparent and recoverable metadata; parent=CAN-SECTION-0119,REWRITE_AS_ACCEPTANCE_CRITERION,AI_SEMANTIC_REVIEW_PASS1,2026-08-05-pass1-semantic-rehabilitation,REVIEWED_CORRECTED
CAN-LAM-ASSET-040,Per-asset XMP,"When the 2.4 Transparent and recoverable metadata workflow reads or changes Per-asset XMP, it must preserve the value, authority, and provenance in the appropriate durable record and expose the resulting revision to the derived index. Missing, malformed, or conflicting input must be reported without discarding the last valid value.","When per-asset XMP is used, Lamha must read and write the reviewed XMP fields and keep them aligned with the authoritative JSON record.",ACCEPTANCE_CRITERION,CAN-SECTION-0041,"Given an asset, when XMP is read or written, then the reviewed fields are valid and aligned with JSON.",Sidecars and metadata authority,I3,Per-asset XMP fixture.,Label names per-asset XMP; rewrite adds validity and alignment.,Pass 1 semantic rehabilitation; matched=[EXACT_LEGACY_OUTPUT]; section=2.4 Transparent and recoverable metadata; parent=CAN-SECTION-0041,REWRITE_AS_ACCEPTANCE_CRITERION,AI_SEMANTIC_REVIEW_PASS1,2026-08-05-pass1-semantic-rehabilitation,REVIEWED_CORRECTED
CAN-LAM-BACKUP-004,Backup manifests,"When the 2.4 Transparent and recoverable metadata workflow reads or changes Backup manifests, it must preserve the value, authority, and provenance in the appropriate durable record and expose the resulting revision to the derived index. Missing, malformed, or conflicting input must be reported without discarding the last valid value.","When backup manifests are written, Lamha must persist a schema-valid manifest inventorying every record revision included in the backup set.",ACCEPTANCE_CRITERION,CAN-SECTION-0041,"Given a backup run, when the manifest is written, then it inventories all included record revisions and validates.","Backup, trash, restore and rebuild",I13,Backup-manifest fixture with inventory checks.,"Label names backup manifests; rewrite adds completeness and validity. | Backup manifest persistence belongs to the backup subsystem, not the sidecar read/write foundation.",Pass 1 semantic rehabilitation; matched=[EXACT_LEGACY_OUTPUT]; section=2.4 Transparent and recoverable metadata; parent=CAN-SECTION-0041,REWRITE_AS_ACCEPTANCE_CRITERION,AI_SEMANTIC_REVIEW_PASS1,2026-08-05-pass2-semantic-consistency-correction,REVIEWED_CORRECTED
CAN-LAM-EVENT-004,Event JSON,"When the 2.4 Transparent and recoverable metadata workflow reads or changes Event JSON, it must preserve the value, authority, and provenance in the appropriate durable record and expose the resulting revision to the derived index. Missing, malformed, or conflicting input must be reported without discarding the last valid value.","When event JSON is written, Lamha must persist a schema-valid event record with approved name, date, members, and folders.",ACCEPTANCE_CRITERION,CAN-SECTION-0041,"Given an approved event, when its JSON is written, then the event record is schema-valid and contains the reviewed fields.",Sidecars and metadata authority,I3,Event-JSON fixture with schema checks.,Label names event JSON; rewrite adds schema validity and content.,Pass 1 semantic rehabilitation; matched=[EXACT_LEGACY_OUTPUT]; section=2.4 Transparent and recoverable metadata; parent=CAN-SECTION-0041,REWRITE_AS_ACCEPTANCE_CRITERION,AI_SEMANTIC_REVIEW_PASS1,2026-08-05-pass1-semantic-rehabilitation,REVIEWED_CORRECTED
CAN-LAM-EVENT-005,Event XMP,"When the 2.4 Transparent and recoverable metadata workflow reads or changes Event XMP, it must preserve the value, authority, and provenance in the appropriate durable record and expose the resulting revision to the derived index. Missing, malformed, or conflicting input must be reported without discarding the last valid value.","When event XMP is written, Lamha must write the reviewed event fields into XMP and keep them aligned with event JSON.",ACCEPTANCE_CRITERION,CAN-SECTION-0041,"Given an approved event, when XMP is written, then event fields are valid and aligned with event JSON.",Sidecars and metadata authority,I3,Event-XMP fixture with alignment checks.,Label names event XMP; rewrite adds validity and alignment.,Pass 1 semantic rehabilitation; matched=[EXACT_LEGACY_OUTPUT]; section=2.4 Transparent and recoverable metadata; parent=CAN-SECTION-0041,REWRITE_AS_ACCEPTANCE_CRITERION,AI_SEMANTIC_REVIEW_PASS1,2026-08-05-pass1-semantic-rehabilitation,REVIEWED_CORRECTED
CAN-LAM-META-018,Folder-map JSON,"When the 2.4 Transparent and recoverable metadata workflow reads or changes Folder-map JSON, it must preserve the value, authority, and provenance in the appropriate durable record and expose the resulting revision to the derived index. Missing, malformed, or conflicting input must be reported without discarding the last valid value.","When folder-map JSON is written, Lamha must persist a schema-valid projection of folder and event-folder structure that rebuilds from authority records.",ACCEPTANCE_CRITERION,CAN-SECTION-0041,"Given folder structure, when folder-map JSON is written, then the projection is schema-valid and rebuildable.",Sidecars and metadata authority,I3,Folder-map fixture with rebuild checks.,Label names folder-map JSON; rewrite adds validity and rebuildability.,Pass 1 semantic rehabilitation; matched=[EXACT_LEGACY_OUTPUT]; section=2.4 Transparent and recoverable metadata; parent=CAN-SECTION-0041,REWRITE_AS_ACCEPTANCE_CRITERION,AI_SEMANTIC_REVIEW_PASS1,2026-08-05-pass1-semantic-rehabilitation,REVIEWED_CORRECTED
CAN-LAM-PERSON-022,Person JSON,"When the 2.4 Transparent and recoverable metadata workflow reads or changes Person JSON, it must preserve the value, authority, and provenance in the appropriate durable record and expose the resulting revision to the derived index. Missing, malformed, or conflicting input must be reported without discarding the last valid value.","When person JSON is written, Lamha must persist a schema-valid person record with stable ID, names, and revision history.",ACCEPTANCE_CRITERION,CAN-SECTION-0041,"Given an approved person change, when person JSON is written, then the record is schema-valid and preserves the stable ID.",Sidecars and metadata authority,I3,Person-JSON fixture with identity checks.,Label names person JSON; rewrite adds schema validity and identity preservation.,Pass 1 semantic rehabilitation; matched=[EXACT_LEGACY_OUTPUT]; section=2.4 Transparent and recoverable metadata; parent=CAN-SECTION-0041,REWRITE_AS_ACCEPTANCE_CRITERION,AI_SEMANTIC_REVIEW_PASS1,2026-08-05-pass1-semantic-rehabilitation,REVIEWED_CORRECTED
CAN-LAM-PERSON-023,Group JSON,"When the 2.4 Transparent and recoverable metadata workflow reads or changes Group JSON, it must preserve the value, authority, and provenance in the appropriate durable record and expose the resulting revision to the derived index. Missing, malformed, or conflicting input must be reported without discarding the last valid value.","When group JSON is written, Lamha must persist a schema-valid group record with aliases, members, and membership history.",ACCEPTANCE_CRITERION,CAN-SECTION-0041,"Given an approved group change, when group JSON is written, then the record is schema-valid with history intact.",Sidecars and metadata authority,I3,Group-JSON fixture with history checks.,Label names group JSON; rewrite adds schema validity and history preservation.,Pass 1 semantic rehabilitation; matched=[EXACT_LEGACY_OUTPUT]; section=2.4 Transparent and recoverable metadata; parent=CAN-SECTION-0041,REWRITE_AS_ACCEPTANCE_CRITERION,AI_SEMANTIC_REVIEW_PASS1,2026-08-05-pass1-semantic-rehabilitation,REVIEWED_CORRECTED
CAN-LAM-PERSON-024,Relationship JSON,"When the 2.4 Transparent and recoverable metadata workflow reads or changes Relationship JSON, it must preserve the value, authority, and provenance in the appropriate durable record and expose the resulting revision to the derived index. Missing, malformed, or conflicting input must be reported without discarding the last valid value.","When relationship JSON is written, Lamha must persist schema-valid effective-dated relationship edges with certainty and notes.",ACCEPTANCE_CRITERION,CAN-SECTION-0041,"Given an approved relationship change, when relationship JSON is written, then the edge is schema-valid with effective dating.",Sidecars and metadata authority,I3,Relationship-JSON fixture with schema checks.,Label names relationship JSON; rewrite adds schema validity.,Pass 1 semantic rehabilitation; matched=[EXACT_LEGACY_OUTPUT]; section=2.4 Transparent and recoverable metadata; parent=CAN-SECTION-0041,REWRITE_AS_ACCEPTANCE_CRITERION,AI_SEMANTIC_REVIEW_PASS1,2026-08-05-pass1-semantic-rehabilitation,REVIEWED_CORRECTED
CAN-LAM-PERSON-025,Relationship-map JSON,"When the 2.4 Transparent and recoverable metadata workflow reads or changes Relationship-map JSON, it must preserve the value, authority, and provenance in the appropriate durable record and expose the resulting revision to the derived index. Missing, malformed, or conflicting input must be reported without discarding the last valid value.","When relationship-map JSON is written, Lamha must persist a schema-valid projection of relationship nodes and edges that rebuilds from authority records.",ACCEPTANCE_CRITERION,CAN-SECTION-0041,"Given relationship records, when relationship-map JSON is written, then the projection is schema-valid and rebuildable.",Sidecars and metadata authority,I3,Relationship-map fixture with rebuild checks.,Label names relationship-map JSON; rewrite adds validity and rebuildability.,Pass 1 semantic rehabilitation; matched=[EXACT_LEGACY_OUTPUT]; section=2.4 Transparent and recoverable metadata; parent=CAN-SECTION-0041,REWRITE_AS_ACCEPTANCE_CRITERION,AI_SEMANTIC_REVIEW_PASS1,2026-08-05-pass1-semantic-rehabilitation,REVIEWED_CORRECTED
CAN-LAM-TRANSACTION-002,Operation journals,"When the 2.4 Transparent and recoverable metadata workflow reads or changes Operation journals, it must preserve the value, authority, and provenance in the appropriate durable record and expose the resulting revision to the derived index. Missing, malformed, or conflicting input must be reported without discarding the last valid value.","When operation journals are written, Lamha must persist a typed journal of every staged mutation with recovery state and must never report commit without a journaled transaction.",ACCEPTANCE_CRITERION,CAN-SECTION-0041,"Given a mutation, when the operation is staged, then the journal records the typed state and commit is reported only after journaled commit.",Sidecars and metadata authority,I3,Operation-journal fixture with commit checks.,Label names operation journals; rewrite adds typed state and commit truthfulness.,Pass 1 semantic rehabilitation; matched=[EXACT_LEGACY_OUTPUT]; section=2.4 Transparent and recoverable metadata; parent=CAN-SECTION-0041,REWRITE_AS_ACCEPTANCE_CRITERION,AI_SEMANTIC_REVIEW_PASS1,2026-08-05-pass1-semantic-rehabilitation,REVIEWED_CORRECTED
CAN-LAM-AI-017,Detect OCR text,"When a query or indexing task uses Detect OCR text in 2.5 Review before final acceptance, Lamha must return the matching local result with source and revision information, and must report unavailable or stale index data without treating it as authoritative knowledge.","When OCR text detection runs, Lamha must store recognized text with asset identity, source region, and model provenance, and report failures without mutating authority.",ACCEPTANCE_CRITERION,CAN-SECTION-0014,"Given a local OCR run, when detection completes, then recognized text is stored with provenance and failures are reported without authoritative changes.",Search and OCR,I10,OCR-detection fixture with provenance checks.,Label names OCR detection; rewrite adds provenance storage and failure reporting.,Pass 1 semantic rehabilitation; matched=[EXACT_LEGACY_OUTPUT]; section=2.5 Review before final acceptance; parent=CAN-SECTION-0014,REWRITE_AS_ACCEPTANCE_CRITERION,AI_SEMANTIC_REVIEW_PASS1,2026-08-05-pass1-semantic-rehabilitation,REVIEWED_CORRECTED
CAN-LAM-AI-018,Find duplicate candidates,"When a review item offers Find duplicate candidates in 2.5 Review before final acceptance, the selected decision must produce a visible, persisted proposal-state transition while leaving authoritative metadata unchanged until an allowed approval action commits it; rejected invalid transitions must preserve the prior state.","When duplicate candidates are found, Lamha must create reviewable candidates with evidence and stable asset identities and must not remove or merge files before confirmation.",ACCEPTANCE_CRITERION,CAN-SECTION-0015,"Given local duplicate analysis, when candidates are found, then reviewable candidates with evidence are created and no file changes occur before confirmation.",Duplicates,I10,Duplicate-candidate fixture with evidence checks.,"Label names duplicate-candidate finding; rewrite adds evidence and no-mutation results. | Final statement creates duplicate candidates from local analysis; capability is Duplicates, not Review Centre.",Pass 1 semantic rehabilitation; matched=[EXACT_LEGACY_OUTPUT]; section=2.5 Review before final acceptance; parent=CAN-SECTION-0015,REWRITE_AS_ACCEPTANCE_CRITERION,AI_SEMANTIC_REVIEW_PASS1,2026-08-05-pass2-semantic-consistency-correction,REVIEWED_CORRECTED
CAN-LAM-ARCH-039,Suggest content tags,"When Suggest content tags is proposed or changed in 2.5 Review before final acceptance, Lamha must persist a namespaced, revisioned tag candidate or assignment, expose the decision for review, and preserve prior assignments on validation failure.","When content-tag suggestions are generated, Lamha must produce reviewable candidates with source provenance and require approval before application.",ACCEPTANCE_CRITERION,CAN-SECTION-0042,"Given local content analysis, when tag suggestions are generated, then candidates carry source provenance and remain unapplied until approved.",Tags,I8,Content-tag suggestion fixture.,Label names tag suggestion; rewrite adds provenance and approval gate.,Pass 1 semantic rehabilitation; matched=[EXACT_LEGACY_OUTPUT]; section=2.5 Review before final acceptance; parent=CAN-SECTION-0042,REWRITE_AS_ACCEPTANCE_CRITERION,AI_SEMANTIC_REVIEW_PASS1,2026-08-05-pass1-semantic-rehabilitation,REVIEWED_CORRECTED
CAN-LAM-ARCH-040,Find similar images,"When duplicate analysis evaluates Find similar images in 2.5 Review before final acceptance, it must create a reviewable candidate with evidence and stable asset identities; no file may be removed or merged when analysis fails or before an explicitly confirmed operation plan.","When similar-image search runs, Lamha must produce reviewable candidates with evidence and stable identities and must not merge or delete files before confirmation.",ACCEPTANCE_CRITERION,CAN-SECTION-0043,"Given indexed assets, when similar-image search runs, then candidates with evidence are produced and no file changes occur before confirmation.",Duplicates,I10,Similar-image fixture with candidate checks.,Label names similar-image finding; rewrite adds evidence and no-mutation results.,Pass 1 semantic rehabilitation; matched=[EXACT_LEGACY_OUTPUT]; section=2.5 Review before final acceptance; parent=CAN-SECTION-0043,REWRITE_AS_ACCEPTANCE_CRITERION,AI_SEMANTIC_REVIEW_PASS1,2026-08-05-pass1-semantic-rehabilitation,REVIEWED_CORRECTED
CAN-LAM-ARCH-041,Suggest locations,"When Suggest locations is used in 2.5 Review before final acceptance, Lamha must derive the map or location result from canonical records, show its source and confidence where applicable, and preserve the records if projection or coordinate validation fails.","When location suggestions are generated, Lamha must propose reviewable location candidates from local evidence and keep the authoritative location unchanged until approved.",ACCEPTANCE_CRITERION,CAN-SECTION-0044,"Given local location evidence, when suggestions are generated, then candidates are reviewable and the authoritative location remains unchanged until approval.",Map and location,I5,Location-suggestion fixture with approval checks.,Label names location suggestion; rewrite adds reviewability and approval gate.,Pass 1 semantic rehabilitation; matched=[EXACT_LEGACY_OUTPUT]; section=2.5 Review before final acceptance; parent=CAN-SECTION-0044,REWRITE_AS_ACCEPTANCE_CRITERION,AI_SEMANTIC_REVIEW_PASS1,2026-08-05-pass1-semantic-rehabilitation,REVIEWED_CORRECTED
CAN-LAM-PERSON-026,Detect faces,"When the 2.5 Review before final acceptance workflow manages Detect faces, it must persist the candidate or confirmed state with provenance and revision, expose the resulting state for review, and reject invalid transitions without changing an existing identity or historical interval.","When face detection runs before final acceptance, Lamha must produce face-region candidates with provenance and keep confirmed assignments unchanged.",ACCEPTANCE_CRITERION,CAN-SECTION-0218,"Given a local detection run, when it completes, then face regions are candidates with provenance and confirmed assignments remain unchanged.",People and faces,I7,Face-detection fixture with preservation checks.,Label names face detection; rewrite adds candidate provenance and preservation.,Pass 1 semantic rehabilitation; matched=[EXACT_LEGACY_OUTPUT]; section=2.5 Review before final acceptance; parent=CAN-SECTION-0218,REWRITE_AS_ACCEPTANCE_CRITERION,AI_SEMANTIC_REVIEW_PASS1,2026-08-05-pass1-semantic-rehabilitation,REVIEWED_CORRECTED
CAN-LAM-PERSON-027,Group face clusters,"When the 2.5 Review before final acceptance workflow manages Group face clusters, it must persist the candidate or confirmed state with provenance and revision, expose the resulting state for review, and reject invalid transitions without changing an existing identity or historical interval.","When face clusters are grouped, Lamha must produce reviewable clusters without merging different people or changing confirmed assignments.",ACCEPTANCE_CRITERION,CAN-SECTION-0218,"Given face regions, when clustering runs, then clusters are reviewable and confirmed assignments remain unchanged.",People and faces,I7,Cluster fixture with confirmation preservation.,Label names face clustering; rewrite adds reviewability and preservation.,Pass 1 semantic rehabilitation; matched=[EXACT_LEGACY_OUTPUT]; section=2.5 Review before final acceptance; parent=CAN-SECTION-0218,REWRITE_AS_ACCEPTANCE_CRITERION,AI_SEMANTIC_REVIEW_PASS1,2026-08-05-pass1-semantic-rehabilitation,REVIEWED_CORRECTED
CAN-LAM-PERSON-028,Suggest person matches,"When the 2.5 Review before final acceptance workflow manages Suggest person matches, it must persist the candidate or confirmed state with provenance and revision, expose the resulting state for review, and reject invalid transitions without changing an existing identity or historical interval.","When person matches are suggested, Lamha must produce reviewable candidates with confidence and provenance and keep the authoritative person unchanged until approval.",ACCEPTANCE_CRITERION,CAN-SECTION-0218,"Given local matching results, when suggestions are generated, then candidates carry confidence and provenance and no assignment is committed without approval.",People and faces,I7,Person-match suggestion fixture.,Label names person-match suggestions; rewrite adds provenance and approval gate.,Pass 1 semantic rehabilitation; matched=[EXACT_LEGACY_OUTPUT]; section=2.5 Review before final acceptance; parent=CAN-SECTION-0218,REWRITE_AS_ACCEPTANCE_CRITERION,AI_SEMANTIC_REVIEW_PASS1,2026-08-05-pass1-semantic-rehabilitation,REVIEWED_CORRECTED
CAN-LAM-SEARCH-004,Produce semantic-search embeddings,"When a query or indexing task uses Produce semantic-search embeddings in 2.5 Review before final acceptance, Lamha must return the matching local result with source and revision information, and must report unavailable or stale index data without treating it as authoritative knowledge.","When semantic-search embeddings are produced, Lamha must store them as rebuildable projections with model and source provenance and invalidate stale embeddings on fingerprint change.",ACCEPTANCE_CRITERION,CAN-SECTION-0014,"Given local content, when embeddings are produced, then they store provenance, remain rebuildable, and stale embeddings are invalidated on source/model change.",Search and OCR,I10,Embedding fixture with invalidation checks.,"Label names embedding production; rewrite adds provenance, rebuildability, and invalidation.",Pass 1 semantic rehabilitation; matched=[EXACT_LEGACY_OUTPUT]; section=2.5 Review before final acceptance; parent=CAN-SECTION-0014,REWRITE_AS_ACCEPTANCE_CRITERION,AI_SEMANTIC_REVIEW_PASS1,2026-08-05-pass1-semantic-rehabilitation,REVIEWED_CORRECTED
CAN-LAM-ARCH-042,Preview before rename,"When Preview before rename is exercised in 2.6 Non-destructive defaults, Lamha must expose the resulting state and preserve the prior durable state if validation or execution fails.","Before any rename is committed, Lamha must show a preview of the new name and its effects and require explicit approval; the original name must be preserved in history.",FUNCTIONAL_REQUIREMENT,,"Given a planned rename, when preview runs, then the new name and effects are shown and commit requires approval while the original name is retained.",Editing,I11,Rename-preview fixture with approval checks.,"Label names preview-before-rename; rewrite adds preview, approval, and provenance.",Pass 1 semantic rehabilitation; matched=[EXACT_LEGACY_OUTPUT]; section=2.6 Non-destructive defaults; parent=none,REWRITE_AS_REQUIREMENT,AI_SEMANTIC_REVIEW_PASS1,2026-08-05-pass1-semantic-rehabilitation,REVIEWED_CORRECTED
CAN-LAM-ARCH-043,Preview before move,"When Preview before move is exercised in 2.6 Non-destructive defaults, Lamha must expose the resulting state and preserve the prior durable state if validation or execution fails.","Before any move is committed, Lamha must show a preview of the destination path and effects and require explicit approval; unlisted paths must remain unchanged.",FUNCTIONAL_REQUIREMENT,,"Given a planned move, when preview runs, then the destination and effects are shown and commit requires approval while unlisted paths remain unchanged.",Editing,I11,Move-preview fixture with approval checks.,"Label names preview-before-move; rewrite adds preview, approval, and scope preservation.",Pass 1 semantic rehabilitation; matched=[EXACT_LEGACY_OUTPUT]; section=2.6 Non-destructive defaults; parent=none,REWRITE_AS_REQUIREMENT,AI_SEMANTIC_REVIEW_PASS1,2026-08-05-pass1-semantic-rehabilitation,REVIEWED_CORRECTED
CAN-LAM-ARCH-044,Preview before merge,"When Preview before merge is requested in 2.6 Non-destructive defaults, Lamha must produce or update a reviewable event plan, show its membership and filesystem effects, and make no authoritative or filesystem change if validation or confirmation fails.","Before an event merge is committed, Lamha must show a preview of the merged event and its membership and filesystem effects and require explicit approval.",ACCEPTANCE_CRITERION,CAN-SECTION-0045,"Given a planned merge, when preview runs, then the merged event and effects are shown and commit requires approval.",Events and organization,I6,Merge-preview fixture with approval checks.,Label names preview-before-merge; rewrite adds preview and approval.,Pass 1 semantic rehabilitation; matched=[EXACT_LEGACY_OUTPUT]; section=2.6 Non-destructive defaults; parent=CAN-SECTION-0045,REWRITE_AS_ACCEPTANCE_CRITERION,AI_SEMANTIC_REVIEW_PASS1,2026-08-05-pass1-semantic-rehabilitation,REVIEWED_CORRECTED
CAN-LAM-ARCH-045,Preview before split,"When Preview before split is requested in 2.6 Non-destructive defaults, Lamha must produce or update a reviewable event plan, show its membership and filesystem effects, and make no authoritative or filesystem change if validation or confirmation fails.","Before an event split is committed, Lamha must show a preview of the resulting events and membership and require explicit approval.",ACCEPTANCE_CRITERION,CAN-SECTION-0045,"Given a planned split, when preview runs, then the resulting events and membership are shown and commit requires approval.",Events and organization,I6,Split-preview fixture with approval checks.,Label names preview-before-split; rewrite adds preview and approval.,Pass 1 semantic rehabilitation; matched=[EXACT_LEGACY_OUTPUT]; section=2.6 Non-destructive defaults; parent=CAN-SECTION-0045,REWRITE_AS_ACCEPTANCE_CRITERION,AI_SEMANTIC_REVIEW_PASS1,2026-08-05-pass1-semantic-rehabilitation,REVIEWED_CORRECTED
CAN-LAM-ASSET-042,Original filename preservation,"When the 2.6 Non-destructive defaults workflow reads or changes Original filename preservation, it must preserve the value, authority, and provenance in the appropriate durable record and expose the resulting revision to the derived index. Missing, malformed, or conflicting input must be reported without discarding the last valid value.","When a managed asset is renamed or moved, Lamha must preserve the original filename in the authoritative record and expose it in operation history.",ACCEPTANCE_CRITERION,CAN-SECTION-0120,"Given a renamed or moved asset, when the record is written, then the original filename is stored and visible in history.",Asset identity and records,I3,Filename-preservation fixture.,Label names filename preservation; rewrite adds storage and history outcomes.,Pass 1 semantic rehabilitation; matched=[EXACT_LEGACY_OUTPUT]; section=2.6 Non-destructive defaults; parent=CAN-SECTION-0120,REWRITE_AS_ACCEPTANCE_CRITERION,AI_SEMANTIC_REVIEW_PASS1,2026-08-05-pass1-semantic-rehabilitation,REVIEWED_CORRECTED
CAN-LAM-EDIT-001,Privacy-clean export,"When the 2.6 Non-destructive defaults workflow reads or changes Privacy-clean export, it must preserve the value, authority, and provenance in the appropriate durable record and expose the resulting revision to the derived index. Missing, malformed, or conflicting input must be reported without discarding the last valid value.","When a privacy-clean export is requested, Lamha must produce an export that omits reviewed private fields while preserving the original media and metadata records unchanged.",ACCEPTANCE_CRITERION,CAN-SECTION-0120,"Given an asset with private fields, when privacy-clean export runs, then the export omits private fields and the original media and records remain unchanged.",Editing,I11,Privacy-export fixture with omission checks.,Label names privacy-clean export; rewrite adds the omission and preservation results.,Pass 1 semantic rehabilitation; matched=[EXACT_LEGACY_OUTPUT]; section=2.6 Non-destructive defaults; parent=CAN-SECTION-0120,REWRITE_AS_ACCEPTANCE_CRITERION,AI_SEMANTIC_REVIEW_PASS1,2026-08-05-pass1-semantic-rehabilitation,REVIEWED_CORRECTED
CAN-LAM-FOLDER-007,Preview before folder materialization,"When a configured library encounters Preview before folder materialization during 2.6 Non-destructive defaults, Rust must apply authorized-root and access-mode rules, expose the resulting root or asset state, and leave files unchanged if validation, permission, or I/O checks fail.","Before folder materialization is committed, Lamha must preview the folders to create and their effects and require explicit approval.",ACCEPTANCE_CRITERION,CAN-SECTION-0167,"Given a planned materialization, when preview runs, then the folders and effects are shown and commit requires approval.",Events and organization,I6,Materialization-preview fixture.,Label names preview-before-materialization; rewrite adds preview and approval.,Pass 1 semantic rehabilitation; matched=[EXACT_LEGACY_OUTPUT]; section=2.6 Non-destructive defaults; parent=CAN-SECTION-0167,REWRITE_AS_ACCEPTANCE_CRITERION,AI_SEMANTIC_REVIEW_PASS1,2026-08-05-pass1-semantic-rehabilitation,REVIEWED_CORRECTED
CAN-LAM-META-019,Metadata snapshots,"When the 2.6 Non-destructive defaults workflow reads or changes Metadata snapshots, it must preserve the value, authority, and provenance in the appropriate durable record and expose the resulting revision to the derived index. Missing, malformed, or conflicting input must be reported without discarding the last valid value.","When metadata snapshots are created, Lamha must persist a versioned snapshot before a mutation and restore the exact prior values on rollback.",ACCEPTANCE_CRITERION,CAN-SECTION-0120,"Given a metadata mutation, when a snapshot is created, then the versioned snapshot persists and rollback restores the exact prior values.",Metadata,I11,Snapshot fixture with rollback verification.,Label names metadata snapshots; rewrite adds versioning and restore results.,Pass 1 semantic rehabilitation; matched=[EXACT_LEGACY_OUTPUT]; section=2.6 Non-destructive defaults; parent=CAN-SECTION-0120,REWRITE_AS_ACCEPTANCE_CRITERION,AI_SEMANTIC_REVIEW_PASS1,2026-08-05-pass1-semantic-rehabilitation,REVIEWED_CORRECTED
CAN-LAM-TRASH-003,Reversible Trash,"When Reversible Trash participates in 2.6 Non-destructive defaults, the authoritative record or transaction must persist its revision and provenance before derived-index publication, and any failed write must leave a recoverable prior state.","When an asset is trashed, Lamha must move it through a reversible trash plan and restore it exactly, with metadata intact, on undo.",ACCEPTANCE_CRITERION,CAN-SECTION-0236,"Given an approved trash, when it commits, then the asset is reversible and undo restores the exact prior state.","Backup, trash, restore and rebuild",I13,Reversible-trash fixture with undo checks.,Label names reversible trash; rewrite adds reversibility and restore results.,Pass 1 semantic rehabilitation; matched=[EXACT_LEGACY_OUTPUT]; section=2.6 Non-destructive defaults; parent=CAN-SECTION-0236,REWRITE_AS_ACCEPTANCE_CRITERION,AI_SEMANTIC_REVIEW_PASS1,2026-08-05-pass1-semantic-rehabilitation,REVIEWED_CORRECTED
CAN-LAM-GOV-270,Planning is not complete after the first map.,"When Planning is not complete after the first map is used in 20. Double-Check Passes, Lamha must derive the map or location result from canonical records, show its source and confidence where applicable, and preserve the records if projection or coordinate validation fails.",Planning is not complete after the first dependency map; the plan must pass the reviewed double-check passes and validator before any package is declared ready.,FUNCTIONAL_REQUIREMENT,,"Given a rendered plan, when the double-check passes run, then remaining discrepancies are reported and readiness is declared only after they pass.",Planning and verification governance,I0,Double-check validator run.,Label names planning completeness; rewrite adds the double-check gate.,Pass 1 semantic rehabilitation; matched=[EXACT_LEGACY_OUTPUT]; section=20. Double-Check Passes; parent=none,REWRITE_AS_REQUIREMENT,AI_SEMANTIC_REVIEW_PASS1,2026-08-05-pass1-semantic-rehabilitation,REVIEWED_CORRECTED
CAN-LAM-AI-028,AI status,"When the local worker processes AI status for 20.6 Inspector capabilities, it must return a typed candidate carrying model, source, configuration, and asset-revision provenance; failure or cancellation must produce a terminal task state and must not mutate authoritative knowledge.","When AI status is inspected, Lamha must report the worker state, model identity and version, and task state from local records without mutating them.",ACCEPTANCE_CRITERION,CAN-SECTION-0018,"Given a running or idle worker, when status is inspected, then the typed status is reported from local records and no state change occurs.",Local AI worker,I10,AI-status fixture with no-mutation assertion.,Label names AI status; rewrite adds typed status reporting and no-mutation.,Pass 1 semantic rehabilitation; matched=[EXACT_LEGACY_OUTPUT]; section=20.6 Inspector capabilities; parent=CAN-SECTION-0018,REWRITE_AS_ACCEPTANCE_CRITERION,AI_SEMANTIC_REVIEW_PASS1,2026-08-05-pass1-semantic-rehabilitation,REVIEWED_CORRECTED
CAN-LAM-ARCH-188,Conflict warnings,"When a review item offers Conflict warnings in 20.6 Inspector capabilities, the selected decision must produce a visible, persisted proposal-state transition while leaving authoritative metadata unchanged until an allowed approval action commits it; rejected invalid transitions must preserve the prior state.","When conflict warnings are displayed, Lamha must show the conflicting values and sources and keep the authoritative value unchanged until a review decision is recorded.",ACCEPTANCE_CRITERION,CAN-SECTION-0071,"Given a detected conflict, when warnings display, then values and sources are shown and no authoritative change occurs until a decision.",Asset viewer,I5,Conflict-warning fixture.,Label names conflict warnings; rewrite adds source display and no-mutation.,Pass 1 semantic rehabilitation; matched=[EXACT_LEGACY_OUTPUT]; section=20.6 Inspector capabilities; parent=CAN-SECTION-0071,REWRITE_AS_ACCEPTANCE_CRITERION,AI_SEMANTIC_REVIEW_PASS1,2026-08-05-pass1-semantic-rehabilitation,REVIEWED_CORRECTED
CAN-LAM-ARCH-189,Source comparison,"When Source comparison is exercised in 20.6 Inspector capabilities, Lamha must expose the resulting state and preserve the prior durable state if validation or execution fails.",Source comparison must compare the reviewed source evidence spans and report every difference without modifying the compared files.,CONSTRAINT,,,Planning and verification governance,,Comparison fixture must report diffs with no writes.,Inspector-capability label; reclassified as a read-only comparison constraint.,Pass 1 semantic rehabilitation; matched=[EXACT_LEGACY_OUTPUT]; section=20.6 Inspector capabilities; parent=none,RECLASSIFY_CONSTRAINT,AI_SEMANTIC_REVIEW_PASS1,2026-08-05-pass1-semantic-rehabilitation,RECLASSIFIED
CAN-LAM-ARCH-191,Review links,"When a review item offers Review links in 20.6 Inspector capabilities, the selected decision must produce a visible, persisted proposal-state transition while leaving authoritative metadata unchanged until an allowed approval action commits it; rejected invalid transitions must preserve the prior state.","When review links are opened, Lamha must navigate to the referenced Review items and display them without committing or changing their state.",ACCEPTANCE_CRITERION,CAN-SECTION-0071,"Given review links, when one is opened, then the referenced item loads for display and no approval or state change occurs.",Asset viewer,I5,Review-link fixture with no-mutation assertion.,Label names review links; rewrite separates navigation from approval transitions.,Pass 1 semantic rehabilitation; matched=[EXACT_LEGACY_OUTPUT]; section=20.6 Inspector capabilities; parent=CAN-SECTION-0071,REWRITE_AS_ACCEPTANCE_CRITERION,AI_SEMANTIC_REVIEW_PASS1,2026-08-05-pass1-semantic-rehabilitation,REVIEWED_CORRECTED
CAN-LAM-ARCH-192,Open sidecars,"When the 20.6 Inspector capabilities workflow reads or changes Open sidecars, it must preserve the value, authority, and provenance in the appropriate durable record and expose the resulting revision to the derived index. Missing, malformed, or conflicting input must be reported without discarding the last valid value.","When sidecars are opened, Lamha must load and display the sidecar content read-only and must not modify it unless an explicit edit is approved.",ACCEPTANCE_CRITERION,CAN-SECTION-0072,"Given an asset with sidecars, when they are opened, then content displays read-only and no modification occurs.",Asset viewer,I5,Sidecar-open fixture with no-mutation assertion.,Label names sidecar opening; rewrite adds read-only display.,Pass 1 semantic rehabilitation; matched=[EXACT_LEGACY_OUTPUT]; section=20.6 Inspector capabilities; parent=CAN-SECTION-0072,REWRITE_AS_ACCEPTANCE_CRITERION,AI_SEMANTIC_REVIEW_PASS1,2026-08-05-pass1-semantic-rehabilitation,REVIEWED_CORRECTED
CAN-LAM-ARCH-193,Copy/export raw data,"When the user applies Copy/export raw data in 20.6 Inspector capabilities, Lamha must update a revisioned non-destructive recipe or reviewed export plan, show the preview/result, and never overwrite the original media on failure or cancellation.","When raw data is copied or exported, Lamha must produce a copy of the local source data with provenance and leave the original unchanged.",ACCEPTANCE_CRITERION,CAN-SECTION-0073,"Given local raw data, when copy/export runs, then a faithful copy is produced and the original remains unchanged.",Editing,I11,Copy/export fixture with hash checks.,"Label names copy/export; rewrite adds faithfulness and preservation. | Source section 20.6 Inspector capabilities and legacy Editing/WP-I11-005 evidence identify asset-metadata export, not AI worker data.",Pass 1 semantic rehabilitation; matched=[EXACT_LEGACY_OUTPUT]; section=20.6 Inspector capabilities; parent=CAN-SECTION-0073,REWRITE_AS_ACCEPTANCE_CRITERION,AI_SEMANTIC_REVIEW_PASS1,2026-08-05-pass2-semantic-consistency-correction,REVIEWED_CORRECTED
CAN-LAM-ARCH-195,Sidecar health,"When the 20.6 Inspector capabilities workflow reads or changes Sidecar health, it must preserve the value, authority, and provenance in the appropriate durable record and expose the resulting revision to the derived index. Missing, malformed, or conflicting input must be reported without discarding the last valid value.","When sidecar health is inspected, Lamha must report schema validity, missing fields, and degraded records without modifying the sidecars.",ACCEPTANCE_CRITERION,CAN-SECTION-0072,"Given sidecars, when health is inspected, then validity and degraded state are reported and no sidecar changes occur.",Asset viewer,I5,Sidecar-health fixture.,Label names sidecar health; rewrite adds typed reporting and no-mutation.,Pass 1 semantic rehabilitation; matched=[EXACT_LEGACY_OUTPUT]; section=20.6 Inspector capabilities; parent=CAN-SECTION-0072,REWRITE_AS_ACCEPTANCE_CRITERION,AI_SEMANTIC_REVIEW_PASS1,2026-08-05-pass1-semantic-rehabilitation,REVIEWED_CORRECTED
CAN-LAM-FOLDER-032,Open in folder,"When a configured library encounters Open in folder during 20.6 Inspector capabilities, Rust must apply authorized-root and access-mode rules, expose the resulting root or asset state, and leave files unchanged if validation, permission, or I/O checks fail.","When Open in folder is invoked, Lamha must reveal the asset's physical path in the operating-system file manager without moving files or authorizing roots.",ACCEPTANCE_CRITERION,CAN-SECTION-0172,"Given an asset, when Open in folder runs, then the OS file manager reveals the path and no filesystem or authorization change occurs.",Libraries and storage,I5,Open-in-folder fixture with no-mutation assertion.,Label names the open-in-folder action; rewrite defines the navigation-only result. | Final statement is an OS file-manager reveal action with explicit no-mutation and no-root-authorization constraints.,Pass 1 semantic rehabilitation; matched=[EXACT_LEGACY_OUTPUT]; section=20.6 Inspector capabilities; parent=CAN-SECTION-0172,REWRITE_AS_ACCEPTANCE_CRITERION,AI_SEMANTIC_REVIEW_PASS1,2026-08-05-pass2-semantic-consistency-correction,REVIEWED_CORRECTED
CAN-LAM-AI-029,AI state,"When a query or indexing task uses AI state in 21. Search, Lamha must return the matching local result with source and revision information, and must report unavailable or stale index data without treating it as authoritative knowledge.","When a query includes AI state, Lamha must return the matching local assets with source and revision information and report stale or unavailable AI index data.",ACCEPTANCE_CRITERION,CAN-SECTION-0019,"Given AI-indexed assets, when a query filters by AI state, then matching assets return with provenance and stale data is reported.",Search and OCR,I10,AI-state search fixture.,Label names AI-state search; rewrite adds provenance and stale reporting.,Pass 1 semantic rehabilitation; matched=[EXACT_LEGACY_OUTPUT]; section=21. Search; parent=CAN-SECTION-0019,REWRITE_AS_ACCEPTANCE_CRITERION,AI_SEMANTIC_REVIEW_PASS1,2026-08-05-pass1-semantic-rehabilitation,REVIEWED_CORRECTED
CAN-LAM-AI-030,OCR text,"When a query or indexing task uses OCR text in 21. Search, Lamha must return the matching local result with source and revision information, and must report unavailable or stale index data without treating it as authoritative knowledge.","When a query filters by OCR text, Lamha must return matching local assets whose OCR records match, with source and revision information.",ACCEPTANCE_CRITERION,CAN-SECTION-0019,"Given OCR-indexed assets, when a query filters by OCR text, then matching assets return with source/revision.",Search and OCR,I10,OCR-text search fixture.,Label names OCR-text search; rewrite adds match and provenance results.,Pass 1 semantic rehabilitation; matched=[EXACT_LEGACY_OUTPUT]; section=21. Search; parent=CAN-SECTION-0019,REWRITE_AS_ACCEPTANCE_CRITERION,AI_SEMANTIC_REVIEW_PASS1,2026-08-05-pass1-semantic-rehabilitation,REVIEWED_CORRECTED
CAN-LAM-ARCH-197,Year,"When a query or indexing task uses Year in 21. Search, Lamha must return the matching local result with source and revision information, and must report unavailable or stale index data without treating it as authoritative knowledge.",Year is a search facet that filters assets by their reviewed capture year.,GLOSSARY,CAN-SECTION-0019,,Search and OCR,,Gate 1 scope; Gate 2 compile/build; Gate 3 focused/regression; Gate 8 traceability,Search-facet label; reclassified as glossary. | Non-implementation record (GLOSSARY/UI_LABEL/INFORMATIONAL/DUPLICATE) cannot retain an implementation phase.,Pass 1 semantic rehabilitation; matched=[EXACT_LEGACY_OUTPUT]; section=21. Search; parent=CAN-SECTION-0019,RECLASSIFY_GLOSSARY,AI_SEMANTIC_REVIEW_PASS1,2026-08-05-pass2-semantic-consistency-correction,REVIEWED_CORRECTED
CAN-LAM-ARCH-198,Camera,"When a query or indexing task uses Camera in 21. Search, Lamha must return the matching local result with source and revision information, and must report unavailable or stale index data without treating it as authoritative knowledge.",Camera is a search facet that filters assets by the reviewed camera model or device.,GLOSSARY,CAN-SECTION-0019,,Search and OCR,,Gate 1 scope; Gate 2 compile/build; Gate 3 focused/regression; Gate 8 traceability,Search-facet label; reclassified as glossary. | Non-implementation record (GLOSSARY/UI_LABEL/INFORMATIONAL/DUPLICATE) cannot retain an implementation phase.,Pass 1 semantic rehabilitation; matched=[EXACT_LEGACY_OUTPUT]; section=21. Search; parent=CAN-SECTION-0019,RECLASSIFY_GLOSSARY,AI_SEMANTIC_REVIEW_PASS1,2026-08-05-pass2-semantic-consistency-correction,REVIEWED_CORRECTED
CAN-LAM-ARCH-199,Camera owner,"When the 21. Search workflow reads or changes Camera owner, it must preserve the value, authority, and provenance in the appropriate durable record and expose the resulting revision to the derived index. Missing, malformed, or conflicting input must be reported without discarding the last valid value.",Camera owner is a search facet that filters assets by the reviewed camera-owner attribution.,GLOSSARY,CAN-SECTION-0074,,Relationships and attribution,,Gate 1 scope; Gate 2 compile/build; Gate 3 focused/regression; Gate 8 traceability,Search-facet label; reclassified as glossary. | Non-implementation record (GLOSSARY/UI_LABEL/INFORMATIONAL/DUPLICATE) cannot retain an implementation phase.,Pass 1 semantic rehabilitation; matched=[EXACT_LEGACY_OUTPUT]; section=21. Search; parent=CAN-SECTION-0074,RECLASSIFY_GLOSSARY,AI_SEMANTIC_REVIEW_PASS1,2026-08-05-pass2-semantic-consistency-correction,REVIEWED_CORRECTED
CAN-LAM-ARCH-200,Uploader/importer,"When a query or indexing task uses Uploader/importer in 21. Search, Lamha must return the matching local result with source and revision information, and must report unavailable or stale index data without treating it as authoritative knowledge.",Uploader/importer is a search facet that filters assets by the reviewed importer attribution.,GLOSSARY,CAN-SECTION-0019,,Search and OCR,,Gate 1 scope; Gate 2 compile/build; Gate 3 focused/regression; Gate 8 traceability,Search-facet label; reclassified as glossary. | Non-implementation record (GLOSSARY/UI_LABEL/INFORMATIONAL/DUPLICATE) cannot retain an implementation phase.,Pass 1 semantic rehabilitation; matched=[EXACT_LEGACY_OUTPUT]; section=21. Search; parent=CAN-SECTION-0019,RECLASSIFY_GLOSSARY,AI_SEMANTIC_REVIEW_PASS1,2026-08-05-pass2-semantic-consistency-correction,REVIEWED_CORRECTED
CAN-LAM-ARCH-201,Tag,"When a query or indexing task uses Tag in 21. Search, Lamha must return the matching local result with source and revision information, and must report unavailable or stale index data without treating it as authoritative knowledge.",Tag is a search facet that filters assets by their approved tags.,GLOSSARY,CAN-SECTION-0019,,Search and OCR,,Gate 1 scope; Gate 2 compile/build; Gate 3 focused/regression; Gate 8 traceability,Search-facet label; reclassified as glossary. | Non-implementation record (GLOSSARY/UI_LABEL/INFORMATIONAL/DUPLICATE) cannot retain an implementation phase.,Pass 1 semantic rehabilitation; matched=[EXACT_LEGACY_OUTPUT]; section=21. Search; parent=CAN-SECTION-0019,RECLASSIFY_GLOSSARY,AI_SEMANTIC_REVIEW_PASS1,2026-08-05-pass2-semantic-consistency-correction,REVIEWED_CORRECTED
CAN-LAM-ARCH-202,Album,"When a query or indexing task uses Album in 21. Search, Lamha must return the matching local result with source and revision information, and must report unavailable or stale index data without treating it as authoritative knowledge.",Album is a search facet that filters assets by their album membership.,GLOSSARY,CAN-SECTION-0019,,Search and OCR,,Gate 1 scope; Gate 2 compile/build; Gate 3 focused/regression; Gate 8 traceability,Search-facet label; reclassified as glossary. | Non-implementation record (GLOSSARY/UI_LABEL/INFORMATIONAL/DUPLICATE) cannot retain an implementation phase.,Pass 1 semantic rehabilitation; matched=[EXACT_LEGACY_OUTPUT]; section=21. Search; parent=CAN-SECTION-0019,RECLASSIFY_GLOSSARY,AI_SEMANTIC_REVIEW_PASS1,2026-08-05-pass2-semantic-consistency-correction,REVIEWED_CORRECTED
CAN-LAM-ARCH-203,Favorite,"When a query or indexing task uses Favorite in 21. Search, Lamha must return the matching local result with source and revision information, and must report unavailable or stale index data without treating it as authoritative knowledge.",Favorite is a search facet that filters assets by their favorite state.,GLOSSARY,CAN-SECTION-0019,,Search and OCR,,Gate 1 scope; Gate 2 compile/build; Gate 3 focused/regression; Gate 8 traceability,Search-facet label; reclassified as glossary. | Non-implementation record (GLOSSARY/UI_LABEL/INFORMATIONAL/DUPLICATE) cannot retain an implementation phase.,Pass 1 semantic rehabilitation; matched=[EXACT_LEGACY_OUTPUT]; section=21. Search; parent=CAN-SECTION-0019,RECLASSIFY_GLOSSARY,AI_SEMANTIC_REVIEW_PASS1,2026-08-05-pass2-semantic-consistency-correction,REVIEWED_CORRECTED
CAN-LAM-ARCH-204,Location,"When a query or indexing task uses Location in 21. Search, Lamha must return the matching local result with source and revision information, and must report unavailable or stale index data without treating it as authoritative knowledge.",Location is a search facet that filters assets by their reviewed location.,GLOSSARY,CAN-SECTION-0019,,Search and OCR,,Gate 1 scope; Gate 2 compile/build; Gate 3 focused/regression; Gate 8 traceability,Search-facet label; reclassified as glossary. | Non-implementation record (GLOSSARY/UI_LABEL/INFORMATIONAL/DUPLICATE) cannot retain an implementation phase.,Pass 1 semantic rehabilitation; matched=[EXACT_LEGACY_OUTPUT]; section=21. Search; parent=CAN-SECTION-0019,RECLASSIFY_GLOSSARY,AI_SEMANTIC_REVIEW_PASS1,2026-08-05-pass2-semantic-consistency-correction,REVIEWED_CORRECTED
CAN-LAM-ARCH-205,GPS presence,"When a query or indexing task uses GPS presence in 21. Search, Lamha must return the matching local result with source and revision information, and must report unavailable or stale index data without treating it as authoritative knowledge.",GPS presence is a search facet that filters assets by whether reviewed GPS coordinates exist.,GLOSSARY,CAN-SECTION-0019,,Search and OCR,,Gate 1 scope; Gate 2 compile/build; Gate 3 focused/regression; Gate 8 traceability,Search-facet label; reclassified as glossary. | Non-implementation record (GLOSSARY/UI_LABEL/INFORMATIONAL/DUPLICATE) cannot retain an implementation phase.,Pass 1 semantic rehabilitation; matched=[EXACT_LEGACY_OUTPUT]; section=21. Search; parent=CAN-SECTION-0019,RECLASSIFY_GLOSSARY,AI_SEMANTIC_REVIEW_PASS1,2026-08-05-pass2-semantic-consistency-correction,REVIEWED_CORRECTED
CAN-LAM-ARCH-206,File type,"When a query or indexing task uses File type in 21. Search, Lamha must return the matching local result with source and revision information, and must report unavailable or stale index data without treating it as authoritative knowledge.",File type is a search facet that filters assets by their reviewed media class and format.,GLOSSARY,CAN-SECTION-0019,,Search and OCR,,Gate 1 scope; Gate 2 compile/build; Gate 3 focused/regression; Gate 8 traceability,Search-facet label; reclassified as glossary. | Non-implementation record (GLOSSARY/UI_LABEL/INFORMATIONAL/DUPLICATE) cannot retain an implementation phase.,Pass 1 semantic rehabilitation; matched=[EXACT_LEGACY_OUTPUT]; section=21. Search; parent=CAN-SECTION-0019,RECLASSIFY_GLOSSARY,AI_SEMANTIC_REVIEW_PASS1,2026-08-05-pass2-semantic-consistency-correction,REVIEWED_CORRECTED
CAN-LAM-ARCH-207,Resolution,"When a query or indexing task uses Resolution in 21. Search, Lamha must return the matching local result with source and revision information, and must report unavailable or stale index data without treating it as authoritative knowledge.",Resolution is a search facet that filters assets by their reviewed pixel dimensions.,GLOSSARY,CAN-SECTION-0019,,Search and OCR,,Gate 1 scope; Gate 2 compile/build; Gate 3 focused/regression; Gate 8 traceability,Search-facet label; reclassified as glossary. | Non-implementation record (GLOSSARY/UI_LABEL/INFORMATIONAL/DUPLICATE) cannot retain an implementation phase.,Pass 1 semantic rehabilitation; matched=[EXACT_LEGACY_OUTPUT]; section=21. Search; parent=CAN-SECTION-0019,RECLASSIFY_GLOSSARY,AI_SEMANTIC_REVIEW_PASS1,2026-08-05-pass2-semantic-consistency-correction,REVIEWED_CORRECTED
CAN-LAM-ARCH-208,Duration,"When a query or indexing task uses Duration in 21. Search, Lamha must return the matching local result with source and revision information, and must report unavailable or stale index data without treating it as authoritative knowledge.",Duration is a search facet that filters assets by their reviewed video or audio duration.,GLOSSARY,CAN-SECTION-0019,,Search and OCR,,Gate 1 scope; Gate 2 compile/build; Gate 3 focused/regression; Gate 8 traceability,Search-facet label; reclassified as glossary. | Non-implementation record (GLOSSARY/UI_LABEL/INFORMATIONAL/DUPLICATE) cannot retain an implementation phase.,Pass 1 semantic rehabilitation; matched=[EXACT_LEGACY_OUTPUT]; section=21. Search; parent=CAN-SECTION-0019,RECLASSIFY_GLOSSARY,AI_SEMANTIC_REVIEW_PASS1,2026-08-05-pass2-semantic-consistency-correction,REVIEWED_CORRECTED
CAN-LAM-ARCH-209,Orientation,"When a query or indexing task uses Orientation in 21. Search, Lamha must return the matching local result with source and revision information, and must report unavailable or stale index data without treating it as authoritative knowledge.",Orientation is a search facet that filters assets by their reviewed orientation.,GLOSSARY,CAN-SECTION-0019,,Search and OCR,,Gate 1 scope; Gate 2 compile/build; Gate 3 focused/regression; Gate 8 traceability,Search-facet label; reclassified as glossary. | Non-implementation record (GLOSSARY/UI_LABEL/INFORMATIONAL/DUPLICATE) cannot retain an implementation phase.,Pass 1 semantic rehabilitation; matched=[EXACT_LEGACY_OUTPUT]; section=21. Search; parent=CAN-SECTION-0019,RECLASSIFY_GLOSSARY,AI_SEMANTIC_REVIEW_PASS1,2026-08-05-pass2-semantic-consistency-correction,REVIEWED_CORRECTED
CAN-LAM-ARCH-210,Review state,"When a query or indexing task uses Review state in 21. Search, Lamha must return the matching local result with source and revision information, and must report unavailable or stale index data without treating it as authoritative knowledge.","Review state is a search facet that filters assets by their reviewed state (approved, pending, rejected, suppressed).",GLOSSARY,CAN-SECTION-0019,,Search and OCR,,Gate 1 scope; Gate 2 compile/build; Gate 3 focused/regression; Gate 8 traceability,Search-facet label; reclassified as glossary. | Non-implementation record (GLOSSARY/UI_LABEL/INFORMATIONAL/DUPLICATE) cannot retain an implementation phase.,Pass 1 semantic rehabilitation; matched=[EXACT_LEGACY_OUTPUT]; section=21. Search; parent=CAN-SECTION-0019,RECLASSIFY_GLOSSARY,AI_SEMANTIC_REVIEW_PASS1,2026-08-05-pass2-semantic-consistency-correction,REVIEWED_CORRECTED
CAN-LAM-ARCH-211,Sidecar state,"When the 21. Search workflow reads or changes Sidecar state, it must preserve the value, authority, and provenance in the appropriate durable record and expose the resulting revision to the derived index. Missing, malformed, or conflicting input must be reported without discarding the last valid value.","Sidecar state is the reviewed state of an asset's sidecars (valid, degraded, missing, pending overlay).",GLOSSARY,CAN-SECTION-0074,,Metadata,,Gate 1 scope; Gate 2 compile/build; Gate 3 focused/regression; Gate 8 traceability; Gate 7 data safety,Search-facet label; reclassified as glossary. | Non-implementation record (GLOSSARY/UI_LABEL/INFORMATIONAL/DUPLICATE) cannot retain an implementation phase.,Pass 1 semantic rehabilitation; matched=[EXACT_LEGACY_OUTPUT]; section=21. Search; parent=CAN-SECTION-0074,RECLASSIFY_GLOSSARY,AI_SEMANTIC_REVIEW_PASS1,2026-08-05-pass2-semantic-consistency-correction,REVIEWED_CORRECTED
CAN-LAM-ARCH-212,Semantic content,"When a query or indexing task uses Semantic content in 21. Search, Lamha must return the matching local result with source and revision information, and must report unavailable or stale index data without treating it as authoritative knowledge.",Semantic content is a search facet that filters assets by their local semantic embeddings.,GLOSSARY,CAN-SECTION-0019,,Search and OCR,,Gate 1 scope; Gate 2 compile/build; Gate 3 focused/regression; Gate 8 traceability,Search-facet label; reclassified as glossary. | Non-implementation record (GLOSSARY/UI_LABEL/INFORMATIONAL/DUPLICATE) cannot retain an implementation phase.,Pass 1 semantic rehabilitation; matched=[EXACT_LEGACY_OUTPUT]; section=21. Search; parent=CAN-SECTION-0019,RECLASSIFY_GLOSSARY,AI_SEMANTIC_REVIEW_PASS1,2026-08-05-pass2-semantic-consistency-correction,REVIEWED_CORRECTED
CAN-LAM-ASSET-114,Filename,"When a query or indexing task uses Filename in 21. Search, Lamha must return the matching local result with source and revision information, and must report unavailable or stale index data without treating it as authoritative knowledge.",Filename is a search facet that matches the current filesystem filename of an asset.,GLOSSARY,CAN-SECTION-0019,,Search and OCR,,Gate 1 scope; Gate 2 compile/build; Gate 3 focused/regression; Gate 8 traceability,Search-facet label; reclassified as glossary. | Non-implementation record (GLOSSARY/UI_LABEL/INFORMATIONAL/DUPLICATE) cannot retain an implementation phase.,Pass 1 semantic rehabilitation; matched=[EXACT_LEGACY_OUTPUT]; section=21. Search; parent=CAN-SECTION-0019,RECLASSIFY_GLOSSARY,AI_SEMANTIC_REVIEW_PASS1,2026-08-05-pass2-semantic-consistency-correction,REVIEWED_CORRECTED
CAN-LAM-ASSET-115,Original filename,"When the 21. Search workflow reads or changes Original filename, it must preserve the value, authority, and provenance in the appropriate durable record and expose the resulting revision to the derived index. Missing, malformed, or conflicting input must be reported without discarding the last valid value.",Original filename is the preserved pre-rename filename recorded in the authoritative JSON and history.,GLOSSARY,CAN-SECTION-0074,,Asset identity and records,,Gate 1 scope; Gate 2 compile/build; Gate 3 focused/regression; Gate 8 traceability,Field label; reclassified as glossary. | Non-implementation record (GLOSSARY/UI_LABEL/INFORMATIONAL/DUPLICATE) cannot retain an implementation phase.,Pass 1 semantic rehabilitation; matched=[EXACT_LEGACY_OUTPUT]; section=21. Search; parent=CAN-SECTION-0074,RECLASSIFY_GLOSSARY,AI_SEMANTIC_REVIEW_PASS1,2026-08-05-pass2-semantic-consistency-correction,REVIEWED_CORRECTED
CAN-LAM-ASSET-116,Photographer,"When the 21. Search workflow reads or changes Photographer, it must preserve the value, authority, and provenance in the appropriate durable record and expose the resulting revision to the derived index. Missing, malformed, or conflicting input must be reported without discarding the last valid value.",Photographer is a search facet that filters assets by the reviewed photographer attribution.,GLOSSARY,CAN-SECTION-0074,,Relationships and attribution,,Gate 1 scope; Gate 2 compile/build; Gate 3 focused/regression; Gate 8 traceability,Search-facet label; reclassified as glossary. | Non-implementation record (GLOSSARY/UI_LABEL/INFORMATIONAL/DUPLICATE) cannot retain an implementation phase.,Pass 1 semantic rehabilitation; matched=[EXACT_LEGACY_OUTPUT]; section=21. Search; parent=CAN-SECTION-0074,RECLASSIFY_GLOSSARY,AI_SEMANTIC_REVIEW_PASS1,2026-08-05-pass2-semantic-consistency-correction,REVIEWED_CORRECTED
CAN-LAM-DUPLICATE-004,Duplicate state,"When a query or indexing task uses Duplicate state in 21. Search, Lamha must return the matching local result with source and revision information, and must report unavailable or stale index data without treating it as authoritative knowledge.",Duplicate state is a search facet that filters assets by their reviewed duplicate status.,GLOSSARY,CAN-SECTION-0019,,Search and OCR,,Gate 1 scope; Gate 2 compile/build; Gate 3 focused/regression; Gate 8 traceability,Search-facet label; reclassified as glossary. | Non-implementation record (GLOSSARY/UI_LABEL/INFORMATIONAL/DUPLICATE) cannot retain an implementation phase.,Pass 1 semantic rehabilitation; matched=[EXACT_LEGACY_OUTPUT]; section=21. Search; parent=CAN-SECTION-0019,RECLASSIFY_GLOSSARY,AI_SEMANTIC_REVIEW_PASS1,2026-08-05-pass2-semantic-consistency-correction,REVIEWED_CORRECTED
CAN-LAM-EVENT-050,Event,"When a query or indexing task uses Event in 21. Search, Lamha must return the matching local result with source and revision information, and must report unavailable or stale index data without treating it as authoritative knowledge.",Event is a search facet that filters assets by their reviewed event membership.,GLOSSARY,CAN-SECTION-0019,,Search and OCR,,Gate 1 scope; Gate 2 compile/build; Gate 3 focused/regression; Gate 8 traceability,Search-facet label; reclassified as glossary. | Non-implementation record (GLOSSARY/UI_LABEL/INFORMATIONAL/DUPLICATE) cannot retain an implementation phase.,Pass 1 semantic rehabilitation; matched=[EXACT_LEGACY_OUTPUT]; section=21. Search; parent=CAN-SECTION-0019,RECLASSIFY_GLOSSARY,AI_SEMANTIC_REVIEW_PASS1,2026-08-05-pass2-semantic-consistency-correction,REVIEWED_CORRECTED
CAN-LAM-EVENT-051,Event type,"When a query or indexing task uses Event type in 21. Search, Lamha must return the matching local result with source and revision information, and must report unavailable or stale index data without treating it as authoritative knowledge.",Event type is a search facet that filters assets by their reviewed event type.,GLOSSARY,CAN-SECTION-0019,,Search and OCR,,Gate 1 scope; Gate 2 compile/build; Gate 3 focused/regression; Gate 8 traceability,Search-facet label; reclassified as glossary. | Non-implementation record (GLOSSARY/UI_LABEL/INFORMATIONAL/DUPLICATE) cannot retain an implementation phase.,Pass 1 semantic rehabilitation; matched=[EXACT_LEGACY_OUTPUT]; section=21. Search; parent=CAN-SECTION-0019,RECLASSIFY_GLOSSARY,AI_SEMANTIC_REVIEW_PASS1,2026-08-05-pass2-semantic-consistency-correction,REVIEWED_CORRECTED
CAN-LAM-FOLDER-033,Folder,"When a query or indexing task uses Folder in 21. Search, Lamha must return the matching local result with source and revision information, and must report unavailable or stale index data without treating it as authoritative knowledge.",Folder is a search facet that filters assets by their reviewed folder path.,GLOSSARY,CAN-SECTION-0019,,Search and OCR,,Gate 1 scope; Gate 2 compile/build; Gate 3 focused/regression; Gate 8 traceability,Search-facet label; reclassified as glossary. | Non-implementation record (GLOSSARY/UI_LABEL/INFORMATIONAL/DUPLICATE) cannot retain an implementation phase.,Pass 1 semantic rehabilitation; matched=[EXACT_LEGACY_OUTPUT]; section=21. Search; parent=CAN-SECTION-0019,RECLASSIFY_GLOSSARY,AI_SEMANTIC_REVIEW_PASS1,2026-08-05-pass2-semantic-consistency-correction,REVIEWED_CORRECTED
CAN-LAM-META-033,Missing metadata,"When the 21. Search workflow reads or changes Missing metadata, it must preserve the value, authority, and provenance in the appropriate durable record and expose the resulting revision to the derived index. Missing, malformed, or conflicting input must be reported without discarding the last valid value.","When a query includes missing metadata, Lamha must return assets whose reviewed metadata field is absent or unreadable and report the missing-field state.",ACCEPTANCE_CRITERION,CAN-SECTION-0074,"Given assets with and without a metadata field, when the query filters by missing metadata, then only assets with the missing state return.",Metadata,I4,Missing-metadata query fixture.,Label names missing-metadata search; rewrite adds the missing-state result.,Pass 1 semantic rehabilitation; matched=[EXACT_LEGACY_OUTPUT]; section=21. Search; parent=CAN-SECTION-0074,REWRITE_AS_ACCEPTANCE_CRITERION,AI_SEMANTIC_REVIEW_PASS1,2026-08-05-pass1-semantic-rehabilitation,REVIEWED_CORRECTED
CAN-LAM-PERSON-082,Visible people,"When the 21. Search workflow manages Visible people, it must persist the candidate or confirmed state with provenance and revision, expose the resulting state for review, and reject invalid transitions without changing an existing identity or historical interval.",Visible people is a search facet that filters assets by their reviewed visible-person attributions.,GLOSSARY,CAN-SECTION-0224,,People and faces,,Gate 1 scope; Gate 2 compile/build; Gate 3 focused/regression; Gate 8 traceability,Search-facet label; reclassified as glossary. | Non-implementation record (GLOSSARY/UI_LABEL/INFORMATIONAL/DUPLICATE) cannot retain an implementation phase.,Pass 1 semantic rehabilitation; matched=[EXACT_LEGACY_OUTPUT]; section=21. Search; parent=CAN-SECTION-0224,RECLASSIFY_GLOSSARY,AI_SEMANTIC_REVIEW_PASS1,2026-08-05-pass2-semantic-consistency-correction,REVIEWED_CORRECTED
CAN-LAM-PERSON-083,Relationship,"When the 21. Search workflow manages Relationship, it must persist the candidate or confirmed state with provenance and revision, expose the resulting state for review, and reject invalid transitions without changing an existing identity or historical interval.",Relationship is a search facet that filters assets by their reviewed relationship-composition results.,GLOSSARY,CAN-SECTION-0224,,People and faces,,Gate 1 scope; Gate 2 compile/build; Gate 3 focused/regression; Gate 8 traceability,Search-facet label; reclassified as glossary. | Non-implementation record (GLOSSARY/UI_LABEL/INFORMATIONAL/DUPLICATE) cannot retain an implementation phase.,Pass 1 semantic rehabilitation; matched=[EXACT_LEGACY_OUTPUT]; section=21. Search; parent=CAN-SECTION-0224,RECLASSIFY_GLOSSARY,AI_SEMANTIC_REVIEW_PASS1,2026-08-05-pass2-semantic-consistency-correction,REVIEWED_CORRECTED
CAN-LAM-PERSON-084,Group,"When the 21. Search workflow manages Group, it must persist the candidate or confirmed state with provenance and revision, expose the resulting state for review, and reject invalid transitions without changing an existing identity or historical interval.",Group is a search facet that filters assets by their reviewed group membership.,GLOSSARY,CAN-SECTION-0224,,People and faces,,Gate 1 scope; Gate 2 compile/build; Gate 3 focused/regression; Gate 8 traceability,Search-facet label; reclassified as glossary. | Non-implementation record (GLOSSARY/UI_LABEL/INFORMATIONAL/DUPLICATE) cannot retain an implementation phase.,Pass 1 semantic rehabilitation; matched=[EXACT_LEGACY_OUTPUT]; section=21. Search; parent=CAN-SECTION-0224,RECLASSIFY_GLOSSARY,AI_SEMANTIC_REVIEW_PASS1,2026-08-05-pass2-semantic-consistency-correction,REVIEWED_CORRECTED
CAN-LAM-PERSON-085,Historical group,"When the 21. Search workflow manages Historical group, it must persist the candidate or confirmed state with provenance and revision, expose the resulting state for review, and reject invalid transitions without changing an existing identity or historical interval.",Historical group is a search facet that filters assets by reviewed historical group membership.,GLOSSARY,CAN-SECTION-0224,,People and faces,,Gate 1 scope; Gate 2 compile/build; Gate 3 focused/regression; Gate 8 traceability,Search-facet label; reclassified as glossary. | Non-implementation record (GLOSSARY/UI_LABEL/INFORMATIONAL/DUPLICATE) cannot retain an implementation phase.,Pass 1 semantic rehabilitation; matched=[EXACT_LEGACY_OUTPUT]; section=21. Search; parent=CAN-SECTION-0224,RECLASSIFY_GLOSSARY,AI_SEMANTIC_REVIEW_PASS1,2026-08-05-pass2-semantic-consistency-correction,REVIEWED_CORRECTED
CAN-LAM-GOV-284,Include symbols.,"When Include symbols is exercised in 21. Token-Efficient Mapping, Lamha must expose the resulting state and preserve the prior durable state if validation or execution fails.",Token-efficient mapping must include the reviewed symbols for each mapped item and must reject rows without symbol references.,CONSTRAINT,,,Planning and verification governance,,Mapping validation must reject rows missing symbols.,Mapping-detail label; reclassified as a completeness constraint.,Pass 1 semantic rehabilitation; matched=[EXACT_LEGACY_OUTPUT]; section=21. Token-Efficient Mapping; parent=none,RECLASSIFY_CONSTRAINT,AI_SEMANTIC_REVIEW_PASS1,2026-08-05-pass1-semantic-rehabilitation,RECLASSIFIED
CAN-LAM-GOV-285,Include line ranges.,"When Include line ranges is exercised in 21. Token-Efficient Mapping, Lamha must expose the resulting state and preserve the prior durable state if validation or execution fails.",Token-efficient mapping must include the reviewed line ranges for each mapped item and must reject rows without valid ranges.,CONSTRAINT,,,Planning and verification governance,,Mapping validation must reject rows missing line ranges.,Mapping-detail label; reclassified as a completeness constraint.,Pass 1 semantic rehabilitation; matched=[EXACT_LEGACY_OUTPUT]; section=21. Token-Efficient Mapping; parent=none,RECLASSIFY_CONSTRAINT,AI_SEMANTIC_REVIEW_PASS1,2026-08-05-pass1-semantic-rehabilitation,RECLASSIFIED
CAN-LAM-AI-031,AI review queues,"When AI review queues occurs in 22. Local AI, Lamha must expose a typed operation or notification state with progress and recovery information, and must not report success for a cancelled, failed, or partially committed operation.","When AI review queues change, Lamha must expose a typed queue state with progress and recovery information and must not report success for a failed or partially committed operation.",ACCEPTANCE_CRITERION,CAN-SECTION-0020,"Given an AI review queue update, when the operation finishes or fails, then a typed state with progress and recovery is exposed and no false success is reported.",Jobs and notifications,I10,AI-queue fixture with state checks.,Label names AI review queues; rewrite adds typed state and no-false-success.,Pass 1 semantic rehabilitation; matched=[EXACT_LEGACY_OUTPUT]; section=22. Local AI; parent=CAN-SECTION-0020,REWRITE_AS_ACCEPTANCE_CRITERION,AI_SEMANTIC_REVIEW_PASS1,2026-08-05-pass1-semantic-rehabilitation,REVIEWED_CORRECTED
CAN-LAM-ARCH-213,Object/content suggestions,"When the local worker processes Object/content suggestions for 22. Local AI, it must return a typed candidate carrying model, source, configuration, and asset-revision provenance; failure or cancellation must produce a terminal task state and must not mutate authoritative knowledge.","When object or content suggestions are generated by the local worker, Lamha must produce reviewable candidates with model, source, and configuration provenance and require approval before application.",ACCEPTANCE_CRITERION,CAN-SECTION-0075,"Given a local worker run, when suggestions are generated, then candidates carry provenance and remain unapplied until approved.",Local AI worker,I10,Suggestion fixture with provenance checks.,Label names object/content suggestions; rewrite adds provenance and approval gate.,Pass 1 semantic rehabilitation; matched=[EXACT_LEGACY_OUTPUT]; section=22. Local AI; parent=CAN-SECTION-0075,REWRITE_AS_ACCEPTANCE_CRITERION,AI_SEMANTIC_REVIEW_PASS1,2026-08-05-pass1-semantic-rehabilitation,REVIEWED_CORRECTED
CAN-LAM-ARCH-214,Local embeddings,"When a query or indexing task uses Local embeddings in 22. Local AI, Lamha must return the matching local result with source and revision information, and must report unavailable or stale index data without treating it as authoritative knowledge.","Local embeddings are rebuildable AI projections stored with model, source, and configuration provenance.",GLOSSARY,CAN-SECTION-0076,,Search and OCR,,Gate 1 scope; Gate 2 compile/build; Gate 3 focused/regression; Gate 8 traceability,AI-field label; reclassified as glossary. | Non-implementation record (GLOSSARY/UI_LABEL/INFORMATIONAL/DUPLICATE) cannot retain an implementation phase.,Pass 1 semantic rehabilitation; matched=[EXACT_LEGACY_OUTPUT]; section=22. Local AI; parent=CAN-SECTION-0076,RECLASSIFY_GLOSSARY,AI_SEMANTIC_REVIEW_PASS1,2026-08-05-pass2-semantic-consistency-correction,REVIEWED_CORRECTED
CAN-LAM-ARCH-215,Location suggestions,"When Location suggestions is used in 22. Local AI, Lamha must derive the map or location result from canonical records, show its source and confidence where applicable, and preserve the records if projection or coordinate validation fails.","When location suggestions are generated by the local worker, Lamha must produce reviewable candidates with evidence and keep the authoritative location unchanged until approval.",ACCEPTANCE_CRITERION,CAN-SECTION-0077,"Given local location evidence, when suggestions are generated, then candidates are reviewable and the authoritative location remains unchanged until approval.",Map and location,I10,Location-suggestion fixture with approval checks.,Label names location suggestions; rewrite adds reviewability and approval gate.,Pass 1 semantic rehabilitation; matched=[EXACT_LEGACY_OUTPUT]; section=22. Local AI; parent=CAN-SECTION-0077,REWRITE_AS_ACCEPTANCE_CRITERION,AI_SEMANTIC_REVIEW_PASS1,2026-08-05-pass1-semantic-rehabilitation,REVIEWED_CORRECTED
CAN-LAM-DUPLICATE-005,Exact duplicate detection,"When duplicate analysis evaluates Exact duplicate detection in 22. Local AI, it must create a reviewable candidate with evidence and stable asset identities; no file may be removed or merged when analysis fails or before an explicitly confirmed operation plan.","When exact-duplicate detection runs, Lamha must compare full hashes and produce reviewable candidates with stable identities without deleting or merging files.",ACCEPTANCE_CRITERION,CAN-SECTION-0145,"Given indexed assets, when exact-duplicate detection runs, then candidates with evidence are produced and no file changes occur before confirmation.",Duplicates,I10,Exact-duplicate fixture with candidate checks.,Label names exact-duplicate detection; rewrite adds hash comparison and no-mutation results.,Pass 1 semantic rehabilitation; matched=[EXACT_LEGACY_OUTPUT]; section=22. Local AI; parent=CAN-SECTION-0145,REWRITE_AS_ACCEPTANCE_CRITERION,AI_SEMANTIC_REVIEW_PASS1,2026-08-05-pass1-semantic-rehabilitation,REVIEWED_CORRECTED
CAN-LAM-PERSON-086,Burst grouping,"When duplicate analysis evaluates Burst grouping in 22. Local AI, it must create a reviewable candidate with evidence and stable asset identities; no file may be removed or merged when analysis fails or before an explicitly confirmed operation plan.","When burst grouping runs, Lamha must create a reviewable burst grouping of captures with stable identities and evidence and must not delete or merge files automatically.",ACCEPTANCE_CRITERION,CAN-SECTION-0145,"Given burst captures, when grouping runs, then a reviewable burst with stable identities is created and no file changes occur before confirmation.",Duplicates,I10,Burst-grouping fixture with candidate checks.,Label names burst grouping; rewrite adds the created-burst result and no-mutation.,Pass 1 semantic rehabilitation; matched=[EXACT_LEGACY_OUTPUT]; section=22. Local AI; parent=CAN-SECTION-0145,REWRITE_AS_ACCEPTANCE_CRITERION,AI_SEMANTIC_REVIEW_PASS1,2026-08-05-pass1-semantic-rehabilitation,REVIEWED_CORRECTED
CAN-LAM-SEARCH-006,Semantic search,"When a query or indexing task uses Semantic search in 22. Local AI, Lamha must return the matching local result with source and revision information, and must report unavailable or stale index data without treating it as authoritative knowledge.","When a semantic search runs, Lamha must match local embeddings and return results with source and revision information, reporting stale or unavailable index data.",ACCEPTANCE_CRITERION,CAN-SECTION-0076,"Given local embeddings, when semantic search runs, then matching assets return with provenance and stale data is reported.",Search and OCR,I10,Semantic-search fixture with stale-index case.,Label names semantic search; rewrite adds provenance and stale reporting.,Pass 1 semantic rehabilitation; matched=[EXACT_LEGACY_OUTPUT]; section=22. Local AI; parent=CAN-SECTION-0076,REWRITE_AS_ACCEPTANCE_CRITERION,AI_SEMANTIC_REVIEW_PASS1,2026-08-05-pass1-semantic-rehabilitation,REVIEWED_CORRECTED
CAN-LAM-ARCH-216,CPU,"When the local worker processes CPU for 22.1 Hardware assessment, it must return a typed candidate carrying model, source, configuration, and asset-revision provenance; failure or cancellation must produce a terminal task state and must not mutate authoritative knowledge.","When hardware assessment runs, Lamha must report the detected CPU from local OS data and record it with the assessment result.",ACCEPTANCE_CRITERION,CAN-SECTION-0078,"Given local hardware, when assessment runs, then the detected CPU is reported and recorded.",Local AI worker,I10,Hardware-assessment fixture with CPU checks.,Hardware-metric label; rewrite adds detection and recording results.,Pass 1 semantic rehabilitation; matched=[EXACT_LEGACY_OUTPUT]; section=22.1 Hardware assessment; parent=CAN-SECTION-0078,REWRITE_AS_ACCEPTANCE_CRITERION,AI_SEMANTIC_REVIEW_PASS1,2026-08-05-pass1-semantic-rehabilitation,REVIEWED_CORRECTED
CAN-LAM-ARCH-217,Core count,"When the local worker processes Core count for 22.1 Hardware assessment, it must return a typed candidate carrying model, source, configuration, and asset-revision provenance; failure or cancellation must produce a terminal task state and must not mutate authoritative knowledge.","When hardware assessment runs, Lamha must report the detected core count from local OS data and record it with the assessment result.",ACCEPTANCE_CRITERION,CAN-SECTION-0078,"Given local hardware, when assessment runs, then the core count is reported and recorded.",Local AI worker,I10,Hardware-assessment fixture with core-count checks.,Hardware-metric label; rewrite adds detection and recording results.,Pass 1 semantic rehabilitation; matched=[EXACT_LEGACY_OUTPUT]; section=22.1 Hardware assessment; parent=CAN-SECTION-0078,REWRITE_AS_ACCEPTANCE_CRITERION,AI_SEMANTIC_REVIEW_PASS1,2026-08-05-pass1-semantic-rehabilitation,REVIEWED_CORRECTED
CAN-LAM-ARCH-218,RAM,"When the local worker processes RAM for 22.1 Hardware assessment, it must return a typed candidate carrying model, source, configuration, and asset-revision provenance; failure or cancellation must produce a terminal task state and must not mutate authoritative knowledge.","When hardware assessment runs, Lamha must report the detected RAM from local OS data and record it with the assessment result.",ACCEPTANCE_CRITERION,CAN-SECTION-0078,"Given local hardware, when assessment runs, then the RAM amount is reported and recorded.",Local AI worker,I10,Hardware-assessment fixture with RAM checks.,Hardware-metric label; rewrite adds detection and recording results.,Pass 1 semantic rehabilitation; matched=[EXACT_LEGACY_OUTPUT]; section=22.1 Hardware assessment; parent=CAN-SECTION-0078,REWRITE_AS_ACCEPTANCE_CRITERION,AI_SEMANTIC_REVIEW_PASS1,2026-08-05-pass1-semantic-rehabilitation,REVIEWED_CORRECTED
CAN-LAM-ARCH-219,GPU,"When the local worker processes GPU for 22.1 Hardware assessment, it must return a typed candidate carrying model, source, configuration, and asset-revision provenance; failure or cancellation must produce a terminal task state and must not mutate authoritative knowledge.","When hardware assessment runs, Lamha must report the detected GPU and its available memory from local OS data and record them with the assessment result.",ACCEPTANCE_CRITERION,CAN-SECTION-0078,"Given local hardware, when assessment runs, then the GPU and available memory are reported and recorded.",Local AI worker,I10,Hardware-assessment fixture with GPU checks.,Hardware-metric label; rewrite adds detection and recording results.,Pass 1 semantic rehabilitation; matched=[EXACT_LEGACY_OUTPUT]; section=22.1 Hardware assessment; parent=CAN-SECTION-0078,REWRITE_AS_ACCEPTANCE_CRITERION,AI_SEMANTIC_REVIEW_PASS1,2026-08-05-pass1-semantic-rehabilitation,REVIEWED_CORRECTED
CAN-LAM-ARCH-220,Operating system,"When the local worker processes Operating system for 22.1 Hardware assessment, it must return a typed candidate carrying model, source, configuration, and asset-revision provenance; failure or cancellation must produce a terminal task state and must not mutate authoritative knowledge.","When hardware assessment runs, Lamha must report the detected operating system from local OS data and record it with the assessment result.",ACCEPTANCE_CRITERION,CAN-SECTION-0078,"Given local hardware, when assessment runs, then the operating system is reported and recorded.",Local AI worker,I10,Hardware-assessment fixture with OS checks.,Hardware-metric label; rewrite adds detection and recording results.,Pass 1 semantic rehabilitation; matched=[EXACT_LEGACY_OUTPUT]; section=22.1 Hardware assessment; parent=CAN-SECTION-0078,REWRITE_AS_ACCEPTANCE_CRITERION,AI_SEMANTIC_REVIEW_PASS1,2026-08-05-pass1-semantic-rehabilitation,REVIEWED_CORRECTED
CAN-LAM-ARCH-221,Disk space,"When the local worker processes Disk space for 22.1 Hardware assessment, it must return a typed candidate carrying model, source, configuration, and asset-revision provenance; failure or cancellation must produce a terminal task state and must not mutate authoritative knowledge.","When hardware assessment runs, Lamha must report the detected disk space from local OS data and record it with the assessment result.",ACCEPTANCE_CRITERION,CAN-SECTION-0078,"Given local hardware, when assessment runs, then the disk space is reported and recorded.",Local AI worker,I10,Hardware-assessment fixture with disk checks.,Hardware-metric label; rewrite adds detection and recording results.,Pass 1 semantic rehabilitation; matched=[EXACT_LEGACY_OUTPUT]; section=22.1 Hardware assessment; parent=CAN-SECTION-0078,REWRITE_AS_ACCEPTANCE_CRITERION,AI_SEMANTIC_REVIEW_PASS1,2026-08-05-pass1-semantic-rehabilitation,REVIEWED_CORRECTED
CAN-LAM-ARCH-222,Supported acceleration,"When the local worker processes Supported acceleration for 22.1 Hardware assessment, it must return a typed candidate carrying model, source, configuration, and asset-revision provenance; failure or cancellation must produce a terminal task state and must not mutate authoritative knowledge.","When hardware assessment runs, Lamha must report which acceleration providers are supported and record the supported set with the assessment result.",ACCEPTANCE_CRITERION,CAN-SECTION-0078,"Given local hardware, when assessment runs, then the supported acceleration set is reported and recorded.",Local AI worker,I10,Hardware-assessment fixture with acceleration checks.,Hardware-metric label; rewrite adds detection and recording results.,Pass 1 semantic rehabilitation; matched=[EXACT_LEGACY_OUTPUT]; section=22.1 Hardware assessment; parent=CAN-SECTION-0078,REWRITE_AS_ACCEPTANCE_CRITERION,AI_SEMANTIC_REVIEW_PASS1,2026-08-05-pass1-semantic-rehabilitation,REVIEWED_CORRECTED
CAN-LAM-ASSET-117,Photo count,"When the user invokes Photo count in 22.1 Hardware assessment, the viewer must apply or display the behavior for the selected asset, expose the resulting UI state, and preserve the original media when the operation or format is unavailable.","When hardware assessment runs, Lamha must report the photo count of the local library and record it with the assessment result.",ACCEPTANCE_CRITERION,CAN-SECTION-0130,"Given a local library, when assessment runs, then the photo count is reported and recorded.",Local AI worker,I10,Library-count fixture.,Library-metric label; rewrite adds reporting and recording results. | Final statement reports a library metric during hardware assessment; capability is Local AI worker.,Pass 1 semantic rehabilitation; matched=[EXACT_LEGACY_OUTPUT]; section=22.1 Hardware assessment; parent=CAN-SECTION-0130,REWRITE_AS_ACCEPTANCE_CRITERION,AI_SEMANTIC_REVIEW_PASS1,2026-08-05-pass2-semantic-consistency-correction,REVIEWED_CORRECTED
CAN-LAM-ASSET-118,Video count,"When the user invokes Video count in 22.1 Hardware assessment, the viewer must apply or display the behavior for the selected asset, expose the resulting UI state, and preserve the original media when the operation or format is unavailable.","When hardware assessment runs, Lamha must report the video count of the local library and record it with the assessment result.",ACCEPTANCE_CRITERION,CAN-SECTION-0130,"Given a local library, when assessment runs, then the video count is reported and recorded.",Local AI worker,I10,Library-count fixture.,Library-metric label; rewrite adds reporting and recording results. | Final statement reports a library metric during hardware assessment; capability is Local AI worker.,Pass 1 semantic rehabilitation; matched=[EXACT_LEGACY_OUTPUT]; section=22.1 Hardware assessment; parent=CAN-SECTION-0130,REWRITE_AS_ACCEPTANCE_CRITERION,AI_SEMANTIC_REVIEW_PASS1,2026-08-05-pass2-semantic-consistency-correction,REVIEWED_CORRECTED
CAN-LAM-PERF-001,Detectable GPU memory,"When Detectable GPU memory is shown in 22.1 Hardware assessment, Lamha must derive the memory from local canonical asset references, show a reproducible result, and omit unavailable assets without changing their records.","When hardware assessment runs, Lamha must detect and report the available GPU memory from local OS data and record it with the assessment result; GPU memory is a resource metric, not the Memories product feature.",ACCEPTANCE_CRITERION,CAN-SECTION-0211,"Given local hardware, when assessment runs, then GPU memory is detected, reported, and recorded.",Local AI worker,I10,GPU-memory assessment fixture.,Label means detectable GPU memory; rewrite separates the resource metric from the Memories feature and corrects the capability.,Pass 1 semantic rehabilitation; matched=[EXACT_LEGACY_OUTPUT]; section=22.1 Hardware assessment; parent=CAN-SECTION-0211,REWRITE_AS_ACCEPTANCE_CRITERION,AI_SEMANTIC_REVIEW_PASS1,2026-08-05-pass1-semantic-rehabilitation,REVIEWED_CORRECTED
CAN-LAM-AI-032,Model identity,"When the local worker processes Model identity for 22.3 Processing state, it must return a typed candidate carrying model, source, configuration, and asset-revision provenance; failure or cancellation must produce a terminal task state and must not mutate authoritative knowledge.","When an AI task is recorded, Lamha must store the model identity with the task record and mark dependent output stale when the model changes.",ACCEPTANCE_CRITERION,CAN-SECTION-0021,"Given a completed AI task, when its model identity changes, then the stored identity updates and prior output is marked stale before reuse.",Local AI worker,I10,Model-identity invalidation fixture.,Label names model identity; rewrite adds task-record storage and invalidation.,Pass 1 semantic rehabilitation; matched=[EXACT_LEGACY_OUTPUT]; section=22.3 Processing state; parent=CAN-SECTION-0021,REWRITE_AS_ACCEPTANCE_CRITERION,AI_SEMANTIC_REVIEW_PASS1,2026-08-05-pass1-semantic-rehabilitation,REVIEWED_CORRECTED
CAN-LAM-AI-033,Model version,"When the local worker processes Model version for 22.3 Processing state, it must return a typed candidate carrying model, source, configuration, and asset-revision provenance; failure or cancellation must produce a terminal task state and must not mutate authoritative knowledge.","When an AI task is recorded, Lamha must store the model version with the task record and mark dependent output stale when the version changes.",ACCEPTANCE_CRITERION,CAN-SECTION-0021,"Given a completed AI task, when its model version changes, then the stored version updates and prior output is marked stale before reuse.",Local AI worker,I10,Model-version invalidation fixture.,Label names model version; rewrite adds task-record storage and invalidation.,Pass 1 semantic rehabilitation; matched=[EXACT_LEGACY_OUTPUT]; section=22.3 Processing state; parent=CAN-SECTION-0021,REWRITE_AS_ACCEPTANCE_CRITERION,AI_SEMANTIC_REVIEW_PASS1,2026-08-05-pass1-semantic-rehabilitation,REVIEWED_CORRECTED
CAN-LAM-ARCH-224,Source identity or cryptographic hash,"When duplicate analysis evaluates Source identity or cryptographic hash in 22.3 Processing state, it must create a reviewable candidate with evidence and stable asset identities; no file may be removed or merged when analysis fails or before an explicitly confirmed operation plan.",Source identity or cryptographic hash is the task provenance field that identifies the input source and fingerprint for an AI task.,GLOSSARY,CAN-SECTION-0079,,Duplicates,,Gate 1 scope; Gate 2 compile/build; Gate 3 focused/regression; Gate 8 traceability,Task-provenance field label; reclassified as glossary. | Non-implementation record (GLOSSARY/UI_LABEL/INFORMATIONAL/DUPLICATE) cannot retain an implementation phase.,Pass 1 semantic rehabilitation; matched=[EXACT_LEGACY_OUTPUT]; section=22.3 Processing state; parent=CAN-SECTION-0079,RECLASSIFY_GLOSSARY,AI_SEMANTIC_REVIEW_PASS1,2026-08-05-pass2-semantic-consistency-correction,REVIEWED_CORRECTED
CAN-LAM-ARCH-225,Relevant configuration identity or hash,"When duplicate analysis evaluates Relevant configuration identity or hash in 22.3 Processing state, it must create a reviewable candidate with evidence and stable asset identities; no file may be removed or merged when analysis fails or before an explicitly confirmed operation plan.",Relevant configuration identity or hash is the task provenance field that identifies the configuration fingerprint for an AI task.,GLOSSARY,CAN-SECTION-0079,,Duplicates,,Gate 1 scope; Gate 2 compile/build; Gate 3 focused/regression; Gate 8 traceability,Task-provenance field label; reclassified as glossary. | Non-implementation record (GLOSSARY/UI_LABEL/INFORMATIONAL/DUPLICATE) cannot retain an implementation phase.,Pass 1 semantic rehabilitation; matched=[EXACT_LEGACY_OUTPUT]; section=22.3 Processing state; parent=CAN-SECTION-0079,RECLASSIFY_GLOSSARY,AI_SEMANTIC_REVIEW_PASS1,2026-08-05-pass2-semantic-consistency-correction,REVIEWED_CORRECTED
CAN-LAM-ARCH-228,Semantic embeddings,"When a query or indexing task uses Semantic embeddings in 22.4 AI data control, Lamha must return the matching local result with source and revision information, and must report unavailable or stale index data without treating it as authoritative knowledge.","When AI data control runs, Lamha must let the user export or delete semantic embeddings and rebuild them from versioned AI records without affecting original media.",ACCEPTANCE_CRITERION,CAN-SECTION-0080,"Given stored embeddings, when export or deletion is confirmed, then the embeddings are exported or deleted and rebuild restores them from versioned records.",Search and OCR,I10,AI-data-control fixture with rebuild checks.,Label names semantic embeddings under AI data control; rewrite adds export/delete/rebuild results.,Pass 1 semantic rehabilitation; matched=[EXACT_LEGACY_OUTPUT]; section=22.4 AI data control; parent=CAN-SECTION-0080,REWRITE_AS_ACCEPTANCE_CRITERION,AI_SEMANTIC_REVIEW_PASS1,2026-08-05-pass1-semantic-rehabilitation,REVIEWED_CORRECTED
CAN-LAM-ARCH-229,Object suggestions,"When the local worker processes Object suggestions for 22.4 AI data control, it must return a typed candidate carrying model, source, configuration, and asset-revision provenance; failure or cancellation must produce a terminal task state and must not mutate authoritative knowledge.","When AI data control runs, Lamha must let the user export or delete object suggestions and keep the underlying asset records unchanged.",ACCEPTANCE_CRITERION,CAN-SECTION-0081,"Given stored object suggestions, when export or deletion is confirmed, then suggestions are exported or deleted and asset records remain unchanged.",Local AI worker,I10,AI-data-control fixture with record preservation.,Label names object suggestions under AI data control; rewrite adds export/delete results.,Pass 1 semantic rehabilitation; matched=[EXACT_LEGACY_OUTPUT]; section=22.4 AI data control; parent=CAN-SECTION-0081,REWRITE_AS_ACCEPTANCE_CRITERION,AI_SEMANTIC_REVIEW_PASS1,2026-08-05-pass1-semantic-rehabilitation,REVIEWED_CORRECTED
CAN-LAM-ARCH-230,All AI-derived data,"When the local worker processes All AI-derived data for 22.4 AI data control, it must return a typed candidate carrying model, source, configuration, and asset-revision provenance; failure or cancellation must produce a terminal task state and must not mutate authoritative knowledge.","When AI data control runs, Lamha must let the user export or delete all AI-derived data and rebuild the projections from versioned AI records without losing user decisions.",ACCEPTANCE_CRITERION,CAN-SECTION-0081,"Given stored AI-derived data, when full export or deletion is confirmed, then the data is exported or deleted and rebuild restores user decisions from versioned records.",Local AI worker,I10,Full AI-data-control fixture with rebuild checks.,Label names all AI-derived data; rewrite adds full control and rebuild results.,Pass 1 semantic rehabilitation; matched=[EXACT_LEGACY_OUTPUT]; section=22.4 AI data control; parent=CAN-SECTION-0081,REWRITE_AS_ACCEPTANCE_CRITERION,AI_SEMANTIC_REVIEW_PASS1,2026-08-05-pass1-semantic-rehabilitation,REVIEWED_CORRECTED
CAN-LAM-DUPLICATE-006,Duplicate similarity data,"When duplicate analysis evaluates Duplicate similarity data in 22.4 AI data control, it must create a reviewable candidate with evidence and stable asset identities; no file may be removed or merged when analysis fails or before an explicitly confirmed operation plan.","When AI data control runs, Lamha must let the user export or delete duplicate-similarity data and rebuild it from versioned records without changing asset identities.",ACCEPTANCE_CRITERION,CAN-SECTION-0146,"Given stored similarity data, when export or deletion is confirmed, then the data is exported or deleted and rebuild restores it from versioned records.",Duplicates,I10,Similarity-data control fixture.,Label names duplicate similarity data; rewrite adds control and rebuild results.,Pass 1 semantic rehabilitation; matched=[EXACT_LEGACY_OUTPUT]; section=22.4 AI data control; parent=CAN-SECTION-0146,REWRITE_AS_ACCEPTANCE_CRITERION,AI_SEMANTIC_REVIEW_PASS1,2026-08-05-pass1-semantic-rehabilitation,REVIEWED_CORRECTED
CAN-LAM-PERSON-087,Face embeddings,"When the 22.4 AI data control workflow manages Face embeddings, it must persist the candidate or confirmed state with provenance and revision, expose the resulting state for review, and reject invalid transitions without changing an existing identity or historical interval.","When AI data control runs, Lamha must let the user export or delete face embeddings and rebuild them from versioned records without changing person identities.",ACCEPTANCE_CRITERION,CAN-SECTION-0225,"Given stored face embeddings, when export or deletion is confirmed, then the embeddings are exported or deleted and rebuild preserves person identities.",People and faces,I10,Face-embedding control fixture.,Label names face embeddings; rewrite adds control and identity preservation.,Pass 1 semantic rehabilitation; matched=[EXACT_LEGACY_OUTPUT]; section=22.4 AI data control; parent=CAN-SECTION-0225,REWRITE_AS_ACCEPTANCE_CRITERION,AI_SEMANTIC_REVIEW_PASS1,2026-08-05-pass1-semantic-rehabilitation,REVIEWED_CORRECTED
CAN-LAM-ARCH-415,Not required by the phase,"When Not required by the phase is exercised in 23. Bounded Implementation Loop, Lamha must expose the resulting state and preserve the prior durable state if validation or execution fails.",The bounded implementation loop must not implement items that are not required by the current phase; unrequired work must be deferred to its reviewed phase.,CONSTRAINT,,,Planning and verification governance,,Phase validation must reject out-of-phase implementation items.,Bounded-loop label; reclassified as a scope constraint.,Pass 1 semantic rehabilitation; matched=[EXACT_LEGACY_OUTPUT]; section=23. Bounded Implementation Loop; parent=none,RECLASSIFY_CONSTRAINT,AI_SEMANTIC_REVIEW_PASS1,2026-08-05-pass1-semantic-rehabilitation,RECLASSIFIED
CAN-LAM-ARCH-244,Venue,"When Venue is used in 24. Map and Location, Lamha must derive the map or location result from canonical records, show its source and confidence where applicable, and preserve the records if projection or coordinate validation fails.","When a venue is shown on the map, Lamha must derive the venue location from canonical location records and show its source.",ACCEPTANCE_CRITERION,CAN-SECTION-0087,"Given a venue record, when the map renders, then the venue appears at the derived location with source shown.",Map and location,I5,Venue-map fixture.,Label names venue display; rewrite adds derivation and source display.,Pass 1 semantic rehabilitation; matched=[EXACT_LEGACY_OUTPUT]; section=24. Map and Location; parent=CAN-SECTION-0087,REWRITE_AS_ACCEPTANCE_CRITERION,AI_SEMANTIC_REVIEW_PASS1,2026-08-05-pass1-semantic-rehabilitation,REVIEWED_CORRECTED
CAN-LAM-ARCH-245,Map browsing,"When Map browsing is used in 24. Map and Location, Lamha must derive the map or location result from canonical records, show its source and confidence where applicable, and preserve the records if projection or coordinate validation fails.","When map browsing runs, Lamha must render assets from local location records, keep navigation responsive, and preserve the prior view if loading fails.",ACCEPTANCE_CRITERION,CAN-SECTION-0087,"Given local location records, when the map is browsed, then assets render from the records and a failed load preserves the prior view.",Map and location,I5,Map-browsing fixture with failure retention.,Label names map browsing; rewrite adds local rendering and stability.,Pass 1 semantic rehabilitation; matched=[EXACT_LEGACY_OUTPUT]; section=24. Map and Location; parent=CAN-SECTION-0087,REWRITE_AS_ACCEPTANCE_CRITERION,AI_SEMANTIC_REVIEW_PASS1,2026-08-05-pass1-semantic-rehabilitation,REVIEWED_CORRECTED
CAN-LAM-ARCH-246,Location conflict review,"When Location conflict review is used in 24. Map and Location, Lamha must derive the map or location result from canonical records, show its source and confidence where applicable, and preserve the records if projection or coordinate validation fails.","When a location conflict is reviewed, Lamha must show the conflicting values and sources and keep the authoritative location unchanged until a decision is recorded.",ACCEPTANCE_CRITERION,CAN-SECTION-0087,"Given conflicting locations, when the review opens, then values and sources are shown and no authoritative change occurs until a decision.",Map and location,I5,Location-conflict fixture.,Label names location-conflict review; rewrite adds source display and no-mutation.,Pass 1 semantic rehabilitation; matched=[EXACT_LEGACY_OUTPUT]; section=24. Map and Location; parent=CAN-SECTION-0087,REWRITE_AS_ACCEPTANCE_CRITERION,AI_SEMANTIC_REVIEW_PASS1,2026-08-05-pass1-semantic-rehabilitation,REVIEWED_CORRECTED
CAN-LAM-ARCH-247,Optional map disabling,"When Optional map disabling is used in 24. Map and Location, Lamha must derive the map or location result from canonical records, show its source and confidence where applicable, and preserve the records if projection or coordinate validation fails.","When the user disables the map, Lamha must stop map rendering and keep location records and assets unchanged.",ACCEPTANCE_CRITERION,CAN-SECTION-0087,"Given a disabled map setting, when the UI renders, then no map is shown and location records remain unchanged.",Map and location,I5,Map-disable fixture with no-mutation assertion.,Label names optional map disabling; rewrite adds the disabled-state result.,Pass 1 semantic rehabilitation; matched=[EXACT_LEGACY_OUTPUT]; section=24. Map and Location; parent=CAN-SECTION-0087,REWRITE_AS_ACCEPTANCE_CRITERION,AI_SEMANTIC_REVIEW_PASS1,2026-08-05-pass1-semantic-rehabilitation,REVIEWED_CORRECTED
CAN-LAM-ARCH-248,Offline coordinate display,"When Offline coordinate display is used in 24. Map and Location, Lamha must derive the map or location result from canonical records, show its source and confidence where applicable, and preserve the records if projection or coordinate validation fails.","When coordinates are displayed offline, Lamha must show the reviewed coordinates from local records without network access.",ACCEPTANCE_CRITERION,CAN-SECTION-0087,"Given local coordinate records, when coordinates are displayed offline, then the reviewed values are shown with no network request.",Map and location,I5,Offline-coordinate fixture with no-network assertion.,Label names offline coordinate display; rewrite adds local-only display.,Pass 1 semantic rehabilitation; matched=[EXACT_LEGACY_OUTPUT]; section=24. Map and Location; parent=CAN-SECTION-0087,REWRITE_AS_ACCEPTANCE_CRITERION,AI_SEMANTIC_REVIEW_PASS1,2026-08-05-pass1-semantic-rehabilitation,REVIEWED_CORRECTED
CAN-LAM-ASSET-121,Asset timeline by location,"When Asset timeline by location is used in 24. Map and Location, Lamha must derive the map or location result from canonical records, show its source and confidence where applicable, and preserve the records if projection or coordinate validation fails.","When an asset timeline by location is rendered, Lamha must order the asset's events by reviewed location and time from local records.",ACCEPTANCE_CRITERION,CAN-SECTION-0087,"Given an asset with location records, when the timeline renders, then events are ordered by reviewed location and time.",Map and location,I5,Timeline-by-location fixture.,Label names asset timeline by location; rewrite adds ordering from local records.,Pass 1 semantic rehabilitation; matched=[EXACT_LEGACY_OUTPUT]; section=24. Map and Location; parent=CAN-SECTION-0087,REWRITE_AS_ACCEPTANCE_CRITERION,AI_SEMANTIC_REVIEW_PASS1,2026-08-05-pass1-semantic-rehabilitation,REVIEWED_CORRECTED
CAN-LAM-EVENT-053,Event location,"When Event location is used in 24. Map and Location, Lamha must derive the map or location result from canonical records, show its source and confidence where applicable, and preserve the records if projection or coordinate validation fails.","When an event location is shown on the map, Lamha must derive it from the reviewed event location record and show its source.",ACCEPTANCE_CRITERION,CAN-SECTION-0087,"Given an event record, when the map renders, then the event appears at its reviewed location with source shown.",Map and location,I6,Event-location fixture.,Label names event location; rewrite adds derivation and source display.,Pass 1 semantic rehabilitation; matched=[EXACT_LEGACY_OUTPUT]; section=24. Map and Location; parent=CAN-SECTION-0087,REWRITE_AS_ACCEPTANCE_CRITERION,AI_SEMANTIC_REVIEW_PASS1,2026-08-05-pass1-semantic-rehabilitation,REVIEWED_CORRECTED
CAN-LAM-EVENT-054,Multiple event locations,"When Multiple event locations is used in 24. Map and Location, Lamha must derive the map or location result from canonical records, show its source and confidence where applicable, and preserve the records if projection or coordinate validation fails.","When an event has multiple locations, Lamha must display the full reviewed location set on the map and keep the event unified.",ACCEPTANCE_CRITERION,CAN-SECTION-0087,"Given an event with multiple locations, when the map renders, then all reviewed locations appear and the event remains unified.",Map and location,I6,Multi-location event map fixture.,Label names multiple event locations; rewrite adds set display and unity.,Pass 1 semantic rehabilitation; matched=[EXACT_LEGACY_OUTPUT]; section=24. Map and Location; parent=CAN-SECTION-0087,REWRITE_AS_ACCEPTANCE_CRITERION,AI_SEMANTIC_REVIEW_PASS1,2026-08-05-pass1-semantic-rehabilitation,REVIEWED_CORRECTED
CAN-LAM-META-036,EXIF GPS reading,"When the 24. Map and Location workflow reads or changes EXIF GPS reading, it must preserve the value, authority, and provenance in the appropriate durable record and expose the resulting revision to the derived index. Missing, malformed, or conflicting input must be reported without discarding the last valid value.","When EXIF GPS is read, Lamha must extract the raw coordinates and preserve the embedded source; uncertain or conflicting values are marked for review.",ACCEPTANCE_CRITERION,CAN-SECTION-0202,"Given a media file, when EXIF GPS is read, then raw coordinates are extracted and the file remains unchanged.",Metadata,I4,EXIF-GPS fixture with byte-preservation checks.,Label names EXIF GPS reading; rewrite adds extraction and preservation results.,Pass 1 semantic rehabilitation; matched=[EXACT_LEGACY_OUTPUT]; section=24. Map and Location; parent=CAN-SECTION-0202,REWRITE_AS_ACCEPTANCE_CRITERION,AI_SEMANTIC_REVIEW_PASS1,2026-08-05-pass1-semantic-rehabilitation,REVIEWED_CORRECTED
CAN-LAM-META-037,JSON normalized location,"When JSON normalized location is used in 24. Map and Location, Lamha must derive the map or location result from canonical records, show its source and confidence where applicable, and preserve the records if projection or coordinate validation fails.","When a normalized location is stored in JSON, Lamha must keep the raw source value and normalization provenance and show the normalized value on the map.",ACCEPTANCE_CRITERION,CAN-SECTION-0087,"Given a normalized location, when the record is written, then JSON stores the normalized value with raw source retained.",Map and location,I5,Normalized-location fixture with raw-value checks.,Label names JSON normalized location; rewrite adds provenance retention.,Pass 1 semantic rehabilitation; matched=[EXACT_LEGACY_OUTPUT]; section=24. Map and Location; parent=CAN-SECTION-0087,REWRITE_AS_ACCEPTANCE_CRITERION,AI_SEMANTIC_REVIEW_PASS1,2026-08-05-pass1-semantic-rehabilitation,REVIEWED_CORRECTED
CAN-LAM-SEARCH-009,Location filters,"When Location filters is used in 24. Map and Location, Lamha must derive the map or location result from canonical records, show its source and confidence where applicable, and preserve the records if projection or coordinate validation fails.","When a location filter is applied, Lamha must return assets whose reviewed location matches the filter and report unavailable location data.",ACCEPTANCE_CRITERION,CAN-SECTION-0087,"Given location-indexed assets, when a location filter is applied, then matching assets return and unavailable data is reported.",Map and location,I5,Location-filter fixture.,Label names location filters; rewrite adds filter results and reporting.,Pass 1 semantic rehabilitation; matched=[EXACT_LEGACY_OUTPUT]; section=24. Map and Location; parent=CAN-SECTION-0087,REWRITE_AS_ACCEPTANCE_CRITERION,AI_SEMANTIC_REVIEW_PASS1,2026-08-05-pass1-semantic-rehabilitation,REVIEWED_CORRECTED
CAN-LAM-ARCH-417,Mind-map draft,"When Mind-map draft is used in 24.3 Functional tests, Lamha must derive the map or location result from canonical records, show its source and confidence where applicable, and preserve the records if projection or coordinate validation fails.","When a mind-map draft is saved, Lamha must persist the draft JSON through the transaction journal and restore the last saved draft if the write fails.",ACCEPTANCE_CRITERION,CAN-SECTION-0111,"Given a draft, when it is saved, then the draft JSON is durably stored; a failed write leaves the last saved draft recoverable.",Mind-map projections,I9,Mind-map draft fixture with recovery checks.,Label names mind-map draft; rewrite adds persistence and recovery outcomes.,Pass 1 semantic rehabilitation; matched=[EXACT_LEGACY_OUTPUT]; section=24.3 Functional tests; parent=CAN-SECTION-0111,REWRITE_AS_ACCEPTANCE_CRITERION,AI_SEMANTIC_REVIEW_PASS1,2026-08-05-pass1-semantic-rehabilitation,REVIEWED_CORRECTED
CAN-LAM-ARCH-418,Mind-map materialization,"When Mind-map materialization is used in 24.3 Functional tests, Lamha must derive the map or location result from canonical records, show its source and confidence where applicable, and preserve the records if projection or coordinate validation fails.","When a mind-map is materialized, Lamha must preview the resulting nodes, edges, and filesystem effects and commit only after explicit approval.",ACCEPTANCE_CRITERION,CAN-SECTION-0111,"Given an approved mind-map, when materialization runs, then the projected nodes and edges are created with preview and approval.",Mind-map projections,I9,Mind-map materialization fixture.,Label names mind-map materialization; rewrite adds preview and approval.,Pass 1 semantic rehabilitation; matched=[EXACT_LEGACY_OUTPUT]; section=24.3 Functional tests; parent=CAN-SECTION-0111,REWRITE_AS_ACCEPTANCE_CRITERION,AI_SEMANTIC_REVIEW_PASS1,2026-08-05-pass1-semantic-rehabilitation,REVIEWED_CORRECTED
CAN-LAM-ASSET-197,Original filenames are recoverable.,"When the 24.4 Safety proofs workflow reads or changes Original filenames are recoverable, it must preserve the value, authority, and provenance in the appropriate durable record and expose the resulting revision to the derived index. Missing, malformed, or conflicting input must be reported without discarding the last valid value.","When safety proofs run, Lamha must demonstrate that original filenames are recoverable after rename and move operations.",ACCEPTANCE_CRITERION,CAN-SECTION-0138,"Given renamed and moved assets, when the safety proof runs, then each original filename is recovered from the authoritative record.",Asset identity and records,I3,Filename-recovery safety proof.,Label names filename recoverability; rewrite adds the proof result.,Pass 1 semantic rehabilitation; matched=[EXACT_LEGACY_OUTPUT]; section=24.4 Safety proofs; parent=CAN-SECTION-0138,REWRITE_AS_ACCEPTANCE_CRITERION,AI_SEMANTIC_REVIEW_PASS1,2026-08-05-pass1-semantic-rehabilitation,REVIEWED_CORRECTED
CAN-LAM-BACKUP-024,.backup/ and .app-data/ are excluded from the gallery.,"When the user uses backup/ and .app-data/ are excluded from the gallery in 24.4 Safety proofs, the interface must expose the resulting selection, position, or view state from local data, remain keyboard-operable, and retain the prior stable view if loading fails.",The gallery and all derived views must exclude .backup/ and .app-data/ directories from display and search results while leaving those directories intact.,FUNCTIONAL_REQUIREMENT,,"Given a library with .backup/ and .app-data/ directories, when gallery and search run, then those directories never appear and their contents remain unchanged.","Backup, trash, restore and rebuild",I13,Exclusion fixture for gallery and search.,Label names backup/app-data exclusion; rewrite adds the exclusion and preservation results.,Pass 1 semantic rehabilitation; matched=[EXACT_LEGACY_OUTPUT]; section=24.4 Safety proofs; parent=none,REWRITE_AS_REQUIREMENT,AI_SEMANTIC_REVIEW_PASS1,2026-08-05-pass1-semantic-rehabilitation,REVIEWED_CORRECTED
CAN-LAM-META-074,SQLite rebuild works.,"When SQLite rebuild works participates in 24.4 Safety proofs, the authoritative record or transaction must persist its revision and provenance before derived-index publication, and any failed write must leave a recoverable prior state.","When the SQLite rebuild safety proof runs, Lamha must delete and rebuild SQLite from authoritative records and restore every saved user decision and revision.",ACCEPTANCE_CRITERION,CAN-SECTION-0210,"Given versioned authority records, when SQLite is rebuilt, then every saved decision and revision reappears with matching identifiers and values.","Backup, trash, restore and rebuild",I13,SQLite-rebuild safety proof.,Label names SQLite rebuild; rewrite adds the destructive-rebuild verification.,Pass 1 semantic rehabilitation; matched=[EXACT_LEGACY_OUTPUT]; section=24.4 Safety proofs; parent=CAN-SECTION-0210,REWRITE_AS_ACCEPTANCE_CRITERION,AI_SEMANTIC_REVIEW_PASS1,2026-08-05-pass1-semantic-rehabilitation,REVIEWED_CORRECTED
CAN-LAM-META-075,Metadata snapshots are recoverable.,"When the 24.4 Safety proofs workflow reads or changes Metadata snapshots are recoverable, it must preserve the value, authority, and provenance in the appropriate durable record and expose the resulting revision to the derived index. Missing, malformed, or conflicting input must be reported without discarding the last valid value.","When the snapshot safety proof runs, Lamha must restore the exact prior metadata values from versioned snapshots after a failed mutation.",ACCEPTANCE_CRITERION,CAN-SECTION-0138,"Given a versioned snapshot, when rollback runs, then the exact prior metadata values are restored.",Metadata,I11,Snapshot-recovery safety proof.,Label names snapshot recoverability; rewrite adds the rollback verification.,Pass 1 semantic rehabilitation; matched=[EXACT_LEGACY_OUTPUT]; section=24.4 Safety proofs; parent=CAN-SECTION-0138,REWRITE_AS_ACCEPTANCE_CRITERION,AI_SEMANTIC_REVIEW_PASS1,2026-08-05-pass1-semantic-rehabilitation,REVIEWED_CORRECTED
CAN-LAM-AI-039,Similar-photo candidates,"When duplicate analysis evaluates Similar-photo candidates in 25. Duplicate Management, it must create a reviewable candidate with evidence and stable asset identities; no file may be removed or merged when analysis fails or before an explicitly confirmed operation plan.","When similar-photo candidates are produced, Lamha must create reviewable candidates with evidence and stable asset identities and must not remove or merge files before confirmation.",ACCEPTANCE_CRITERION,CAN-SECTION-0022,"Given local duplicate analysis, when similar-photo candidates are produced, then candidates carry evidence and no file changes occur before confirmation.",Duplicates,I10,Similar-photo candidate fixture.,Label names similar-photo candidates; rewrite adds evidence and no-mutation results.,Pass 1 semantic rehabilitation; matched=[EXACT_LEGACY_OUTPUT]; section=25. Duplicate Management; parent=CAN-SECTION-0022,REWRITE_AS_ACCEPTANCE_CRITERION,AI_SEMANTIC_REVIEW_PASS1,2026-08-05-pass1-semantic-rehabilitation,REVIEWED_CORRECTED
CAN-LAM-ARCH-251,Resolution comparison,"When duplicate analysis evaluates Resolution comparison in 25. Duplicate Management, it must create a reviewable candidate with evidence and stable asset identities; no file may be removed or merged when analysis fails or before an explicitly confirmed operation plan.","When duplicate analysis compares resolution, Lamha must record the reviewed resolution comparison evidence with each candidate.",ACCEPTANCE_CRITERION,CAN-SECTION-0022,"Given duplicate candidates, when resolution comparison runs, then the comparison evidence is recorded with each candidate.",Duplicates,I10,Resolution-comparison fixture.,Label names resolution comparison; rewrite adds evidence recording.,Pass 1 semantic rehabilitation; matched=[EXACT_LEGACY_OUTPUT]; section=25. Duplicate Management; parent=CAN-SECTION-0022,REWRITE_AS_ACCEPTANCE_CRITERION,AI_SEMANTIC_REVIEW_PASS1,2026-08-05-pass1-semantic-rehabilitation,REVIEWED_CORRECTED
CAN-LAM-ARCH-252,Format comparison,"When duplicate analysis evaluates Format comparison in 25. Duplicate Management, it must create a reviewable candidate with evidence and stable asset identities; no file may be removed or merged when analysis fails or before an explicitly confirmed operation plan.","When duplicate analysis compares format, Lamha must record the reviewed format comparison evidence with each candidate.",ACCEPTANCE_CRITERION,CAN-SECTION-0022,"Given duplicate candidates, when format comparison runs, then the comparison evidence is recorded with each candidate.",Duplicates,I10,Format-comparison fixture.,Label names format comparison; rewrite adds evidence recording.,Pass 1 semantic rehabilitation; matched=[EXACT_LEGACY_OUTPUT]; section=25. Duplicate Management; parent=CAN-SECTION-0022,REWRITE_AS_ACCEPTANCE_CRITERION,AI_SEMANTIC_REVIEW_PASS1,2026-08-05-pass1-semantic-rehabilitation,REVIEWED_CORRECTED
CAN-LAM-ARCH-253,Size comparison,"When duplicate analysis evaluates Size comparison in 25. Duplicate Management, it must create a reviewable candidate with evidence and stable asset identities; no file may be removed or merged when analysis fails or before an explicitly confirmed operation plan.","When duplicate analysis compares size, Lamha must record the reviewed size comparison evidence with each candidate.",ACCEPTANCE_CRITERION,CAN-SECTION-0022,"Given duplicate candidates, when size comparison runs, then the comparison evidence is recorded with each candidate.",Duplicates,I10,Size-comparison fixture.,Label names size comparison; rewrite adds evidence recording.,Pass 1 semantic rehabilitation; matched=[EXACT_LEGACY_OUTPUT]; section=25. Duplicate Management; parent=CAN-SECTION-0022,REWRITE_AS_ACCEPTANCE_CRITERION,AI_SEMANTIC_REVIEW_PASS1,2026-08-05-pass1-semantic-rehabilitation,REVIEWED_CORRECTED
CAN-LAM-ARCH-254,Album comparison,"When the user changes Album comparison in 25. Duplicate Management, Lamha must persist the affected asset membership or favorite state with a new revision, reflect it in the UI, and preserve the prior membership if the write fails.","When duplicate analysis compares album membership, Lamha must record the reviewed album comparison evidence with each candidate.",ACCEPTANCE_CRITERION,CAN-SECTION-0088,"Given duplicate candidates, when album comparison runs, then the comparison evidence is recorded with each candidate.",Albums and favorites,I10,Album-comparison fixture.,Label names album comparison; rewrite adds evidence recording.,Pass 1 semantic rehabilitation; matched=[EXACT_LEGACY_OUTPUT]; section=25. Duplicate Management; parent=CAN-SECTION-0088,REWRITE_AS_ACCEPTANCE_CRITERION,AI_SEMANTIC_REVIEW_PASS1,2026-08-05-pass1-semantic-rehabilitation,REVIEWED_CORRECTED
CAN-LAM-ARCH-255,Tag comparison,"When Tag comparison is proposed or changed in 25. Duplicate Management, Lamha must persist a namespaced, revisioned tag candidate or assignment, expose the decision for review, and preserve prior assignments on validation failure.","When duplicate analysis compares tags, Lamha must record the reviewed tag comparison evidence with each candidate.",ACCEPTANCE_CRITERION,CAN-SECTION-0089,"Given duplicate candidates, when tag comparison runs, then the comparison evidence is recorded with each candidate.",Tags,I10,Tag-comparison fixture.,Label names tag comparison; rewrite adds evidence recording.,Pass 1 semantic rehabilitation; matched=[EXACT_LEGACY_OUTPUT]; section=25. Duplicate Management; parent=CAN-SECTION-0089,REWRITE_AS_ACCEPTANCE_CRITERION,AI_SEMANTIC_REVIEW_PASS1,2026-08-05-pass1-semantic-rehabilitation,REVIEWED_CORRECTED
CAN-LAM-ARCH-256,Side-by-side preview,"When duplicate analysis evaluates Side-by-side preview in 25. Duplicate Management, it must create a reviewable candidate with evidence and stable asset identities; no file may be removed or merged when analysis fails or before an explicitly confirmed operation plan.","When a side-by-side preview is requested for duplicate candidates, Lamha must display the compared assets without changing either file.",ACCEPTANCE_CRITERION,CAN-SECTION-0022,"Given duplicate candidates, when side-by-side preview opens, then both assets display and no file change occurs.",Duplicates,I10,Side-by-side preview fixture.,Label names side-by-side preview; rewrite adds read-only display.,Pass 1 semantic rehabilitation; matched=[EXACT_LEGACY_OUTPUT]; section=25. Duplicate Management; parent=CAN-SECTION-0022,REWRITE_AS_ACCEPTANCE_CRITERION,AI_SEMANTIC_REVIEW_PASS1,2026-08-05-pass1-semantic-rehabilitation,REVIEWED_CORRECTED
CAN-LAM-ARCH-257,User-selected retained file,"When duplicate analysis evaluates User-selected retained file in 25. Duplicate Management, it must create a reviewable candidate with evidence and stable asset identities; no file may be removed or merged when analysis fails or before an explicitly confirmed operation plan.","When a user selects the retained file in a duplicate pair, Lamha must record the selection and preserve the retained file while keeping the other file unchanged until a reviewed plan commits.",ACCEPTANCE_CRITERION,CAN-SECTION-0022,"Given a duplicate pair, when the user selects the retained file, then the selection is recorded and no file change occurs until a reviewed plan commits.",Duplicates,I10,Retained-file selection fixture.,Label names retained-file selection; rewrite adds recording and no-mutation.,Pass 1 semantic rehabilitation; matched=[EXACT_LEGACY_OUTPUT]; section=25. Duplicate Management; parent=CAN-SECTION-0022,REWRITE_AS_ACCEPTANCE_CRITERION,AI_SEMANTIC_REVIEW_PASS1,2026-08-05-pass1-semantic-rehabilitation,REVIEWED_CORRECTED
CAN-LAM-ARCH-258,No automatic deletion,"When duplicate analysis evaluates No automatic deletion in 25. Duplicate Management, it must create a reviewable candidate with evidence and stable asset identities; no file may be removed or merged when analysis fails or before an explicitly confirmed operation plan.",Duplicate management must never delete files automatically; deletion requires an explicitly confirmed operation plan.,ACCEPTANCE_CRITERION,CAN-SECTION-0022,"Given duplicate candidates, when no confirmation exists, then no file is deleted.",Duplicates,I10,No-delete fixture.,Label names the no-automatic-deletion rule; rewrite adds the confirmation gate.,Pass 1 semantic rehabilitation; matched=[EXACT_LEGACY_OUTPUT]; section=25. Duplicate Management; parent=CAN-SECTION-0022,REWRITE_AS_ACCEPTANCE_CRITERION,AI_SEMANTIC_REVIEW_PASS1,2026-08-05-pass1-semantic-rehabilitation,REVIEWED_CORRECTED
CAN-LAM-ARCH-259,No automatic merge,"When duplicate analysis evaluates No automatic merge in 25. Duplicate Management, it must create a reviewable candidate with evidence and stable asset identities; no file may be removed or merged when analysis fails or before an explicitly confirmed operation plan.",Duplicate management must never merge files automatically; merging requires an explicitly confirmed operation plan.,ACCEPTANCE_CRITERION,CAN-SECTION-0022,"Given duplicate candidates, when no confirmation exists, then no file is merged.",Duplicates,I10,No-merge fixture.,Label names the no-automatic-merge rule; rewrite adds the confirmation gate.,Pass 1 semantic rehabilitation; matched=[EXACT_LEGACY_OUTPUT]; section=25. Duplicate Management; parent=CAN-SECTION-0022,REWRITE_AS_ACCEPTANCE_CRITERION,AI_SEMANTIC_REVIEW_PASS1,2026-08-05-pass1-semantic-rehabilitation,REVIEWED_CORRECTED
CAN-LAM-DUPLICATE-007,Exact hash duplicates,"When duplicate analysis evaluates Exact hash duplicates in 25. Duplicate Management, it must create a reviewable candidate with evidence and stable asset identities; no file may be removed or merged when analysis fails or before an explicitly confirmed operation plan.","When exact-hash duplicates are detected, Lamha must compare full hashes and produce reviewable candidates with stable identities.",ACCEPTANCE_CRITERION,CAN-SECTION-0022,"Given assets with identical hashes, when detection runs, then candidates are produced with evidence and stable identities.",Duplicates,I10,Exact-hash fixture.,Label names exact-hash duplicates; rewrite adds hash comparison and candidates.,Pass 1 semantic rehabilitation; matched=[EXACT_LEGACY_OUTPUT]; section=25. Duplicate Management; parent=CAN-SECTION-0022,REWRITE_AS_ACCEPTANCE_CRITERION,AI_SEMANTIC_REVIEW_PASS1,2026-08-05-pass1-semantic-rehabilitation,REVIEWED_CORRECTED
CAN-LAM-EVENT-055,Event comparison,"When duplicate analysis evaluates Event comparison in 25. Duplicate Management, it must create a reviewable candidate with evidence and stable asset identities; no file may be removed or merged when analysis fails or before an explicitly confirmed operation plan.","When duplicate analysis compares event membership, Lamha must record the reviewed event comparison evidence with each candidate.",ACCEPTANCE_CRITERION,CAN-SECTION-0022,"Given duplicate candidates, when event comparison runs, then the comparison evidence is recorded with each candidate.",Duplicates,I10,Event-comparison fixture.,Label names event comparison; rewrite adds evidence recording.,Pass 1 semantic rehabilitation; matched=[EXACT_LEGACY_OUTPUT]; section=25. Duplicate Management; parent=CAN-SECTION-0022,REWRITE_AS_ACCEPTANCE_CRITERION,AI_SEMANTIC_REVIEW_PASS1,2026-08-05-pass1-semantic-rehabilitation,REVIEWED_CORRECTED
CAN-LAM-META-039,Metadata comparison,"When the 25. Duplicate Management workflow reads or changes Metadata comparison, it must preserve the value, authority, and provenance in the appropriate durable record and expose the resulting revision to the derived index. Missing, malformed, or conflicting input must be reported without discarding the last valid value.","When duplicate analysis compares metadata, Lamha must record the reviewed metadata comparison evidence with each candidate.",ACCEPTANCE_CRITERION,CAN-SECTION-0203,"Given duplicate candidates, when metadata comparison runs, then the comparison evidence is recorded with each candidate.",Metadata,I10,Metadata-comparison fixture.,Label names metadata comparison; rewrite adds evidence recording.,Pass 1 semantic rehabilitation; matched=[EXACT_LEGACY_OUTPUT]; section=25. Duplicate Management; parent=CAN-SECTION-0203,REWRITE_AS_ACCEPTANCE_CRITERION,AI_SEMANTIC_REVIEW_PASS1,2026-08-05-pass1-semantic-rehabilitation,REVIEWED_CORRECTED
CAN-LAM-PERSON-091,Burst groups,"When duplicate analysis evaluates Burst groups in 25. Duplicate Management, it must create a reviewable candidate with evidence and stable asset identities; no file may be removed or merged when analysis fails or before an explicitly confirmed operation plan.","When burst groups are evaluated, Lamha must produce reviewable burst groups with stable identities and evidence and must not delete or merge files automatically.",ACCEPTANCE_CRITERION,CAN-SECTION-0022,"Given burst captures, when burst groups are evaluated, then groups are reviewable and no file changes occur before confirmation.",Duplicates,I10,Burst-group fixture.,Label names burst groups; rewrite adds reviewability and no-mutation.,Pass 1 semantic rehabilitation; matched=[EXACT_LEGACY_OUTPUT]; section=25. Duplicate Management; parent=CAN-SECTION-0022,REWRITE_AS_ACCEPTANCE_CRITERION,AI_SEMANTIC_REVIEW_PASS1,2026-08-05-pass1-semantic-rehabilitation,REVIEWED_CORRECTED
CAN-LAM-PERF-008,Record hardware with every performance result.,"When the local worker processes Record hardware with every performance result for 25. Performance Proof, it must return a typed candidate carrying model, source, configuration, and asset-revision provenance; failure or cancellation must produce a terminal task state and must not mutate authoritative knowledge.",Every performance result must record the hardware profile it was measured on so results are reproducible across machines.,ACCEPTANCE_CRITERION,CAN-SECTION-0214,"Given a benchmark run, when a result is recorded, then the hardware profile is stored with it.",Performance and scale,I14,Performance-record fixture with hardware fields.,Label names hardware recording with performance results; rewrite adds reproducibility. | Final statement records hardware profile for performance reproducibility; capability is Performance and scale.,Pass 1 semantic rehabilitation; matched=[EXACT_LEGACY_OUTPUT]; section=25. Performance Proof; parent=CAN-SECTION-0214,REWRITE_AS_ACCEPTANCE_CRITERION,AI_SEMANTIC_REVIEW_PASS1,2026-08-05-pass2-semantic-consistency-correction,REVIEWED_CORRECTED
CAN-LAM-ARCH-267,Preserve original,"When Preserve original is exercised in 26. Non-Destructive Editing, Lamha must expose the resulting state and preserve the prior durable state if validation or execution fails.",Non-destructive editing must always preserve the original media file; edits are stored as revisioned recipes and exported copies only.,FUNCTIONAL_REQUIREMENT,,"Given an original asset, when any edit or export runs, then the original file hash remains unchanged.",Editing,I11,Non-destructive editing fixture with hash checks.,Label names original preservation; rewrite adds the no-overwrite invariant.,Pass 1 semantic rehabilitation; matched=[EXACT_LEGACY_OUTPUT]; section=26. Non-Destructive Editing; parent=none,REWRITE_AS_REQUIREMENT,AI_SEMANTIC_REVIEW_PASS1,2026-08-05-pass1-semantic-rehabilitation,REVIEWED_CORRECTED
CAN-LAM-EDIT-004,Crop,"When the user applies Crop in 26. Non-Destructive Editing, Lamha must update a revisioned non-destructive recipe or reviewed export plan, show the preview/result, and never overwrite the original media on failure or cancellation.","When the user applies a crop, Lamha must store a revisioned non-destructive crop recipe, show a preview, and never overwrite the original media.",ACCEPTANCE_CRITERION,CAN-SECTION-0149,"Given an asset, when a crop is applied, then the recipe is revisioned and the original file remains unchanged.",Editing,I11,Crop fixture with hash checks.,Label names crop; rewrite adds recipe storage and no-overwrite.,Pass 1 semantic rehabilitation; matched=[EXACT_LEGACY_OUTPUT]; section=26. Non-Destructive Editing; parent=CAN-SECTION-0149,REWRITE_AS_ACCEPTANCE_CRITERION,AI_SEMANTIC_REVIEW_PASS1,2026-08-05-pass1-semantic-rehabilitation,REVIEWED_CORRECTED
CAN-LAM-EDIT-005,Rotate,"When the user applies Rotate in 26. Non-Destructive Editing, Lamha must update a revisioned non-destructive recipe or reviewed export plan, show the preview/result, and never overwrite the original media on failure or cancellation.","When the user applies a rotation, Lamha must store a revisioned non-destructive rotation recipe, show a preview, and never overwrite the original media.",ACCEPTANCE_CRITERION,CAN-SECTION-0149,"Given an asset, when a rotation is applied, then the recipe is revisioned and the original file remains unchanged.",Editing,I11,Rotation fixture with hash checks.,Label names rotation; rewrite adds recipe storage and no-overwrite.,Pass 1 semantic rehabilitation; matched=[EXACT_LEGACY_OUTPUT]; section=26. Non-Destructive Editing; parent=CAN-SECTION-0149,REWRITE_AS_ACCEPTANCE_CRITERION,AI_SEMANTIC_REVIEW_PASS1,2026-08-05-pass1-semantic-rehabilitation,REVIEWED_CORRECTED
CAN-LAM-EDIT-006,Export edited copy,"When the user applies Export edited copy in 26. Non-Destructive Editing, Lamha must update a revisioned non-destructive recipe or reviewed export plan, show the preview/result, and never overwrite the original media on failure or cancellation.","When the user exports an edited copy, Lamha must produce a new file from the revisioned recipe while leaving the original media unchanged.",ACCEPTANCE_CRITERION,CAN-SECTION-0149,"Given a revisioned recipe, when export runs, then a new edited copy is produced and the original remains unchanged.",Editing,I11,Edit-export fixture with hash checks.,Label names edited export; rewrite adds copy production and no-overwrite.,Pass 1 semantic rehabilitation; matched=[EXACT_LEGACY_OUTPUT]; section=26. Non-Destructive Editing; parent=CAN-SECTION-0149,REWRITE_AS_ACCEPTANCE_CRITERION,AI_SEMANTIC_REVIEW_PASS1,2026-08-05-pass1-semantic-rehabilitation,REVIEWED_CORRECTED
CAN-LAM-AI-085,AI resource use,"When the local worker processes AI resource use for 26. Risk Management, it must return a typed candidate carrying model, source, configuration, and asset-revision provenance; failure or cancellation must produce a terminal task state and must not mutate authoritative knowledge.","When AI resource use is measured, Lamha must record CPU, RAM, GPU memory, and disk usage for each worker task and report results with the hardware profile.",ACCEPTANCE_CRITERION,CAN-SECTION-0028,"Given a worker task, when resource measurement runs, then CPU, RAM, GPU memory, and disk usage are recorded with the hardware profile.",Local AI worker,I10,Resource-measurement fixture.,Label names AI resource use; rewrite adds measurable metrics and recording.,Pass 1 semantic rehabilitation; matched=[EXACT_LEGACY_OUTPUT]; section=26. Risk Management; parent=CAN-SECTION-0028,REWRITE_AS_ACCEPTANCE_CRITERION,AI_SEMANTIC_REVIEW_PASS1,2026-08-05-pass1-semantic-rehabilitation,REVIEWED_CORRECTED
CAN-LAM-AI-086,Third-party models,"When the local worker processes Third-party models for 26. Risk Management, it must return a typed candidate carrying model, source, configuration, and asset-revision provenance; failure or cancellation must produce a terminal task state and must not mutate authoritative knowledge.","When third-party models are considered for bundling, Lamha must record licence, attribution, and redistribution review and block release if any model is unresolved.",ACCEPTANCE_CRITERION,CAN-SECTION-0028,"Given a third-party model, when compliance review runs, then licence, attribution, and redistribution status are recorded and unresolved status blocks release.",Legal and rebranding,I1,Third-party-model compliance fixture.,Label names third-party models; rewrite adds licence review and release blocking.,Pass 1 semantic rehabilitation; matched=[EXACT_LEGACY_OUTPUT]; section=26. Risk Management; parent=CAN-SECTION-0028,REWRITE_AS_ACCEPTANCE_CRITERION,AI_SEMANTIC_REVIEW_PASS1,2026-08-05-pass1-semantic-rehabilitation,REVIEWED_CORRECTED
CAN-LAM-ARCH-425,Sidecar separation,"When the 26. Risk Management workflow reads or changes Sidecar separation, it must preserve the value, authority, and provenance in the appropriate durable record and expose the resulting revision to the derived index. Missing, malformed, or conflicting input must be reported without discarding the last valid value.",Sidecar separation must keep authoritative user knowledge in versioned files separate from rebuildable SQLite indexes and caches.,ACCEPTANCE_CRITERION,CAN-SECTION-0112,"Given an asset with sidecars and SQLite indexes, when authority validation runs, then user knowledge remains in versioned files and indexes rebuild from them.",Metadata,I3,Sidecar-separation fixture.,Label names sidecar separation; rewrite adds the authority-separation result.,Pass 1 semantic rehabilitation; matched=[EXACT_LEGACY_OUTPUT]; section=26. Risk Management; parent=CAN-SECTION-0112,REWRITE_AS_ACCEPTANCE_CRITERION,AI_SEMANTIC_REVIEW_PASS1,2026-08-05-pass1-semantic-rehabilitation,REVIEWED_CORRECTED
CAN-LAM-FOLDER-076,Cross-drive interruption,"When a configured library encounters Cross-drive interruption during 26. Risk Management, Rust must apply authorized-root and access-mode rules, expose the resulting root or asset state, and leave files unchanged if validation, permission, or I/O checks fail.","When a cross-drive operation is interrupted, Lamha must mark the transaction interrupted, retain source and destination bundles, and offer deterministic resume or rollback.",ACCEPTANCE_CRITERION,CAN-SECTION-0180,"Given an interrupted cross-drive operation, when recovery runs, then the transaction is marked interrupted and deterministic resume or rollback is offered.",External drives and path resilience,I12,Cross-drive interruption fixture.,Label names cross-drive interruption; rewrite adds manifest state and recovery. | Cross-drive interruption and transaction recovery belong to External drives and path resilience.,Pass 1 semantic rehabilitation; matched=[EXACT_LEGACY_OUTPUT]; section=26. Risk Management; parent=CAN-SECTION-0180,REWRITE_AS_ACCEPTANCE_CRITERION,AI_SEMANTIC_REVIEW_PASS1,2026-08-05-pass2-semantic-consistency-correction,REVIEWED_CORRECTED
CAN-LAM-FOLDER-077,External-drive identity,"When a configured library encounters External-drive identity during 26. Risk Management, Rust must apply authorized-root and access-mode rules, expose the resulting root or asset state, and leave files unchanged if validation, permission, or I/O checks fail.","When an external drive is registered, Lamha must record a durable drive identity and use it to keep detached state, pending overlays, and reconnection consistent.",ACCEPTANCE_CRITERION,CAN-SECTION-0180,"Given a registered external drive, when it disconnects and reconnects, then the durable identity matches and detached state and overlays remain consistent.",External drives and path resilience,I12,External-drive identity fixture.,Label names external-drive identity; rewrite adds durable identity and consistency. | Durable external-drive identity and reconnection consistency belong to External drives and path resilience.,Pass 1 semantic rehabilitation; matched=[EXACT_LEGACY_OUTPUT]; section=26. Risk Management; parent=CAN-SECTION-0180,REWRITE_AS_ACCEPTANCE_CRITERION,AI_SEMANTIC_REVIEW_PASS1,2026-08-05-pass2-semantic-consistency-correction,REVIEWED_CORRECTED
CAN-LAM-FOLDER-078,Cross-platform paths,"When a configured library encounters Cross-platform paths during 26. Risk Management, Rust must apply authorized-root and access-mode rules, expose the resulting root or asset state, and leave files unchanged if validation, permission, or I/O checks fail.","Cross-platform path handling must use the reviewed safe path rules for case, Unicode normalization, and reserved names on every supported platform.",ACCEPTANCE_CRITERION,CAN-SECTION-0180,"Given the same logical path on each platform, when path handling runs, then the safe name rules apply consistently and collisions are reported.",Libraries and storage,I4,Cross-platform path fixture.,Label names cross-platform paths; rewrite adds platform-consistent handling.,Pass 1 semantic rehabilitation; matched=[EXACT_LEGACY_OUTPUT]; section=26. Risk Management; parent=CAN-SECTION-0180,REWRITE_AS_ACCEPTANCE_CRITERION,AI_SEMANTIC_REVIEW_PASS1,2026-08-05-pass1-semantic-rehabilitation,REVIEWED_CORRECTED
CAN-LAM-META-076,Metadata corruption,"When the 26. Risk Management workflow reads or changes Metadata corruption, it must preserve the value, authority, and provenance in the appropriate durable record and expose the resulting revision to the derived index. Missing, malformed, or conflicting input must be reported without discarding the last valid value.","When metadata corruption is detected, Lamha must preserve the corrupted bytes, mark the record degraded, and offer verified restore or manual repair without guessing fields.",ACCEPTANCE_CRITERION,CAN-SECTION-0112,"Given corrupted metadata, when validation fails, then the bytes are preserved, the record is marked degraded, and restore or manual repair is offered.",Sidecars and metadata authority,I3,Corruption fixture with preservation checks.,Label names metadata corruption; rewrite adds preservation and repair results.,Pass 1 semantic rehabilitation; matched=[EXACT_LEGACY_OUTPUT]; section=26. Risk Management; parent=CAN-SECTION-0112,REWRITE_AS_ACCEPTANCE_CRITERION,AI_SEMANTIC_REVIEW_PASS1,2026-08-05-pass1-semantic-rehabilitation,REVIEWED_CORRECTED
CAN-LAM-META-077,JSON/XMP conflict,"When the 26. Risk Management workflow reads or changes JSON/XMP conflict, it must preserve the value, authority, and provenance in the appropriate durable record and expose the resulting revision to the derived index. Missing, malformed, or conflicting input must be reported without discarding the last valid value.","When JSON and XMP conflict, Lamha must preserve both values with their sources and require an explicit review decision before one becomes authoritative.",ACCEPTANCE_CRITERION,CAN-SECTION-0112,"Given conflicting JSON and XMP values, when a conflict is detected, then both values and sources are retained until a decision.",Sidecars and metadata authority,I3,JSON/XMP conflict fixture.,Label names JSON/XMP conflict; rewrite adds value and source preservation.,Pass 1 semantic rehabilitation; matched=[EXACT_LEGACY_OUTPUT]; section=26. Risk Management; parent=CAN-SECTION-0112,REWRITE_AS_ACCEPTANCE_CRITERION,AI_SEMANTIC_REVIEW_PASS1,2026-08-05-pass1-semantic-rehabilitation,REVIEWED_CORRECTED
CAN-LAM-PERSON-128,Face misclassification,"When the 26. Risk Management workflow manages Face misclassification, it must persist the candidate or confirmed state with provenance and revision, expose the resulting state for review, and reject invalid transitions without changing an existing identity or historical interval.","When a face misclassification is detected or reported, Lamha must create a review item with the candidate, evidence, and affected person and keep the authoritative assignment unchanged until a decision.",ACCEPTANCE_CRITERION,CAN-SECTION-0232,"Given a misclassified face, when the misclassification is reviewed, then a review item records the evidence and the authoritative assignment remains unchanged until a decision.",People and faces,I7,Face-misclassification fixture.,Label names face misclassification; rewrite adds review-item creation and no-mutation.,Pass 1 semantic rehabilitation; matched=[EXACT_LEGACY_OUTPUT]; section=26. Risk Management; parent=CAN-SECTION-0232,REWRITE_AS_ACCEPTANCE_CRITERION,AI_SEMANTIC_REVIEW_PASS1,2026-08-05-pass1-semantic-rehabilitation,REVIEWED_CORRECTED
CAN-LAM-AI-087,Models,"When the local worker processes Models for 27. Legal and Rebranding Method, it must return a typed candidate carrying model, source, configuration, and asset-revision provenance; failure or cancellation must produce a terminal task state and must not mutate authoritative knowledge.","When models are considered for bundling, Lamha must maintain a model inventory with licence, attribution, redistribution, and provenance review and block release while any model is unresolved.",ACCEPTANCE_CRITERION,CAN-SECTION-0029,"Given each bundled model, when compliance validation runs, then licence, attribution, redistribution, and provenance are recorded and unresolved models block release.",Legal and rebranding,I1,Model-compliance fixture with release-gate checks.,Legal-label under the rebranding method; rewrite replaces worker-inference wording with licence inventory and release blocking.,Pass 1 semantic rehabilitation; matched=[EXACT_LEGACY_OUTPUT]; section=27. Legal and Rebranding Method; parent=CAN-SECTION-0029,REWRITE_AS_ACCEPTANCE_CRITERION,AI_SEMANTIC_REVIEW_PASS1,2026-08-05-pass1-semantic-rehabilitation,REVIEWED_CORRECTED
CAN-LAM-ARCH-434,Names,"When producing 27. Legal and Rebranding Method evidence, the repository and packaged application must identify Names consistently, retain required attribution, and fail the release gate if any reviewed surface disagrees.",The packaged application must use the reviewed Lamha name consistently on every user-visible surface and the release gate must fail if any surface disagrees.,ACCEPTANCE_CRITERION,CAN-SECTION-0113,"Given the release build, when surface-name validation runs, then every surface shows the reviewed name or the release gate fails.",Legal and rebranding,I1,Name-consistency release check.,Rebranding-surface label; rewrite adds the consistency check and failure result.,Pass 1 semantic rehabilitation; matched=[EXACT_LEGACY_OUTPUT]; section=27. Legal and Rebranding Method; parent=CAN-SECTION-0113,REWRITE_AS_ACCEPTANCE_CRITERION,AI_SEMANTIC_REVIEW_PASS1,2026-08-05-pass1-semantic-rehabilitation,REVIEWED_CORRECTED
CAN-LAM-ARCH-435,Logos,"When producing 27. Legal and Rebranding Method evidence, the repository and packaged application must identify Logos consistently, retain required attribution, and fail the release gate if any reviewed surface disagrees.",The packaged application must include the reviewed logo assets and display them consistently; missing or mismatched logo files must block release.,ACCEPTANCE_CRITERION,CAN-SECTION-0113,"Given the release build, when logo validation runs, then the reviewed logos are present and displayed consistently or release fails.",Legal and rebranding,I1,Logo-presence release check.,Rebranding-surface label; rewrite adds presence and consistency checks.,Pass 1 semantic rehabilitation; matched=[EXACT_LEGACY_OUTPUT]; section=27. Legal and Rebranding Method; parent=CAN-SECTION-0113,REWRITE_AS_ACCEPTANCE_CRITERION,AI_SEMANTIC_REVIEW_PASS1,2026-08-05-pass1-semantic-rehabilitation,REVIEWED_CORRECTED
CAN-LAM-ARCH-436,Icons,"When producing 27. Legal and Rebranding Method evidence, the repository and packaged application must identify Icons consistently, retain required attribution, and fail the release gate if any reviewed surface disagrees.","The packaged application must include the reviewed icon set and use it across shell, installer, and about surfaces; missing icons must block release.",ACCEPTANCE_CRITERION,CAN-SECTION-0113,"Given the release build, when icon validation runs, then the reviewed icon set is present on every required surface or release fails.",Legal and rebranding,I1,Icon-set release check.,Rebranding-surface label; rewrite adds presence and consistency checks.,Pass 1 semantic rehabilitation; matched=[EXACT_LEGACY_OUTPUT]; section=27. Legal and Rebranding Method; parent=CAN-SECTION-0113,REWRITE_AS_ACCEPTANCE_CRITERION,AI_SEMANTIC_REVIEW_PASS1,2026-08-05-pass1-semantic-rehabilitation,REVIEWED_CORRECTED
CAN-LAM-ARCH-437,Package IDs,"When producing 27. Legal and Rebranding Method evidence, the repository and packaged application must identify Package IDs consistently, retain required attribution, and fail the release gate if any reviewed surface disagrees.",Package identifiers must use the reviewed Lamha identifiers and the release gate must fail if any package ID disagrees.,ACCEPTANCE_CRITERION,CAN-SECTION-0113,"Given the release build, when package-ID validation runs, then every package identifier matches the reviewed value or release fails.",Legal and rebranding,I1,Package-ID release check.,Rebranding-surface label; rewrite adds identifier validation.,Pass 1 semantic rehabilitation; matched=[EXACT_LEGACY_OUTPUT]; section=27. Legal and Rebranding Method; parent=CAN-SECTION-0113,REWRITE_AS_ACCEPTANCE_CRITERION,AI_SEMANTIC_REVIEW_PASS1,2026-08-05-pass1-semantic-rehabilitation,REVIEWED_CORRECTED
CAN-LAM-ARCH-438,Executable names,"When producing 27. Legal and Rebranding Method evidence, the repository and packaged application must identify Executable names consistently, retain required attribution, and fail the release gate if any reviewed surface disagrees.",Executable names must use the reviewed Lamha names and the release gate must fail if any binary name disagrees.,ACCEPTANCE_CRITERION,CAN-SECTION-0113,"Given the release build, when executable-name validation runs, then every binary name matches the reviewed value or release fails.",Legal and rebranding,I1,Executable-name release check.,Rebranding-surface label; rewrite adds name validation.,Pass 1 semantic rehabilitation; matched=[EXACT_LEGACY_OUTPUT]; section=27. Legal and Rebranding Method; parent=CAN-SECTION-0113,REWRITE_AS_ACCEPTANCE_CRITERION,AI_SEMANTIC_REVIEW_PASS1,2026-08-05-pass1-semantic-rehabilitation,REVIEWED_CORRECTED
CAN-LAM-ARCH-439,App-data names,"When producing 27. Legal and Rebranding Method evidence, the repository and packaged application must identify App-data names consistently, retain required attribution, and fail the release gate if any reviewed surface disagrees.",Application-data directory names must use the reviewed Lamha names and the release gate must fail if any data path disagrees.,ACCEPTANCE_CRITERION,CAN-SECTION-0113,"Given the release build, when app-data name validation runs, then every data directory matches the reviewed value or release fails.",Legal and rebranding,I1,App-data name release check.,Rebranding-surface label; rewrite adds name validation.,Pass 1 semantic rehabilitation; matched=[EXACT_LEGACY_OUTPUT]; section=27. Legal and Rebranding Method; parent=CAN-SECTION-0113,REWRITE_AS_ACCEPTANCE_CRITERION,AI_SEMANTIC_REVIEW_PASS1,2026-08-05-pass1-semantic-rehabilitation,REVIEWED_CORRECTED
CAN-LAM-ARCH-440,About screen,"When producing 27. Legal and Rebranding Method evidence, the repository and packaged application must identify About screen consistently, retain required attribution, and fail the release gate if any reviewed surface disagrees.","The About screen must display the reviewed application name, version, and attribution and the release gate must fail if the About surface disagrees.",ACCEPTANCE_CRITERION,CAN-SECTION-0113,"Given the release build, when the About screen is inspected, then name, version, and attribution match the reviewed values or release fails.",Legal and rebranding,I1,About-screen release check.,Rebranding-surface label; rewrite adds content validation.,Pass 1 semantic rehabilitation; matched=[EXACT_LEGACY_OUTPUT]; section=27. Legal and Rebranding Method; parent=CAN-SECTION-0113,REWRITE_AS_ACCEPTANCE_CRITERION,AI_SEMANTIC_REVIEW_PASS1,2026-08-05-pass1-semantic-rehabilitation,REVIEWED_CORRECTED
CAN-LAM-ARCH-441,Licence files,"When producing 27. Legal and Rebranding Method evidence, the repository and packaged application must identify Licence files consistently, retain required attribution, and fail the release gate if any reviewed surface disagrees.",The release bundle must include the reviewed licence files and the release gate must fail when any required licence file is missing or unresolved.,ACCEPTANCE_CRITERION,CAN-SECTION-0113,"Given the release manifest, when licence-file validation runs, then every required licence file is present with reviewed evidence or release fails.",Legal and rebranding,I1,Licence-file release check.,Legal-surface label; rewrite adds presence and evidence checks.,Pass 1 semantic rehabilitation; matched=[EXACT_LEGACY_OUTPUT]; section=27. Legal and Rebranding Method; parent=CAN-SECTION-0113,REWRITE_AS_ACCEPTANCE_CRITERION,AI_SEMANTIC_REVIEW_PASS1,2026-08-05-pass1-semantic-rehabilitation,REVIEWED_CORRECTED
CAN-LAM-ARCH-442,Binaries,"When producing 27. Legal and Rebranding Method evidence, the repository and packaged application must identify Binaries consistently, retain required attribution, and fail the release gate if any reviewed surface disagrees.",Bundled binaries must carry the reviewed attribution and licence notices and the release gate must fail when any binary notice is missing.,ACCEPTANCE_CRITERION,CAN-SECTION-0113,"Given the release manifest, when binary-attribution validation runs, then every bundled binary has its notice or release fails.",Legal and rebranding,I1,Binary-attribution release check.,Legal-surface label; rewrite adds attribution validation.,Pass 1 semantic rehabilitation; matched=[EXACT_LEGACY_OUTPUT]; section=27. Legal and Rebranding Method; parent=CAN-SECTION-0113,REWRITE_AS_ACCEPTANCE_CRITERION,AI_SEMANTIC_REVIEW_PASS1,2026-08-05-pass1-semantic-rehabilitation,REVIEWED_CORRECTED
CAN-LAM-ARCH-443,Fonts referenced by the project,"When producing 27. Legal and Rebranding Method evidence, the repository and packaged application must identify Fonts referenced by the project consistently, retain required attribution, and fail the release gate if any reviewed surface disagrees.",Fonts referenced by the project must carry reviewed licence and attribution records and the release gate must fail when any font is unresolved.,ACCEPTANCE_CRITERION,CAN-SECTION-0113,"Given the release manifest, when font-licence validation runs, then every referenced font has a reviewed licence record or release fails.",Legal and rebranding,I1,Font-licence release check.,Legal-surface label; rewrite adds licence validation.,Pass 1 semantic rehabilitation; matched=[EXACT_LEGACY_OUTPUT]; section=27. Legal and Rebranding Method; parent=CAN-SECTION-0113,REWRITE_AS_ACCEPTANCE_CRITERION,AI_SEMANTIC_REVIEW_PASS1,2026-08-05-pass1-semantic-rehabilitation,REVIEWED_CORRECTED
CAN-LAM-ASSET-198,Third-party assets,"When the user invokes Third-party assets in 27. Legal and Rebranding Method, the viewer must apply or display the behavior for the selected asset, expose the resulting UI state, and preserve the original media when the operation or format is unavailable.","Third-party assets in the product must be inventoried with licence, attribution, and redistribution review and the release gate must fail while any is unresolved.",ACCEPTANCE_CRITERION,CAN-SECTION-0139,"Given the third-party asset inventory, when compliance validation runs, then every asset has reviewed licence and attribution or release fails.",Legal and rebranding,I1,Third-party asset compliance check.,Legal-surface label; rewrite adds inventory and release blocking.,Pass 1 semantic rehabilitation; matched=[EXACT_LEGACY_OUTPUT]; section=27. Legal and Rebranding Method; parent=CAN-SECTION-0139,REWRITE_AS_ACCEPTANCE_CRITERION,AI_SEMANTIC_REVIEW_PASS1,2026-08-05-pass1-semantic-rehabilitation,REVIEWED_CORRECTED
CAN-LAM-LEGAL-013,Required copyright,"When producing 27. Legal and Rebranding Method evidence, the repository and packaged application must identify Required copyright consistently, retain required attribution, and fail the release gate if any reviewed surface disagrees.",The release bundle must include the required copyright notices for all bundled and referenced material and must block release when any required notice is missing.,FUNCTIONAL_REQUIREMENT,,"Given the release manifest, when copyright validation runs, then every required notice is present or release fails.",Legal and rebranding,I1,Copyright-notice release check.,Legal-surface label; rewrite adds completeness and release blocking.,Pass 1 semantic rehabilitation; matched=[EXACT_LEGACY_OUTPUT]; section=27. Legal and Rebranding Method; parent=none,REWRITE_AS_REQUIREMENT,AI_SEMANTIC_REVIEW_PASS1,2026-08-05-pass1-semantic-rehabilitation,REVIEWED_CORRECTED
CAN-LAM-LEGAL-014,Do not remove legally required material.,"When producing 27. Legal and Rebranding Method evidence, the repository and packaged application must identify Do not remove legally required material consistently, retain required attribution, and fail the release gate if any reviewed surface disagrees.","Rebranding and packaging must never remove legally required material; any removal of a licence, notice, or attribution surface must fail the release gate.",FUNCTIONAL_REQUIREMENT,,"Given the pre-release surface set, when the release gate runs, then no legally required material is missing or release fails.",Legal and rebranding,I1,Legal-material preservation check.,Legal-surface label; rewrite adds the removal prohibition and gate.,Pass 1 semantic rehabilitation; matched=[EXACT_LEGACY_OUTPUT]; section=27. Legal and Rebranding Method; parent=none,REWRITE_AS_REQUIREMENT,AI_SEMANTIC_REVIEW_PASS1,2026-08-05-pass1-semantic-rehabilitation,REVIEWED_CORRECTED
CAN-LAM-ARCH-269,Queues include:,"When Queues include occurs in 27. Review Centre, Lamha must expose a typed operation or notification state with progress and recovery information, and must not report success for a cancelled, failed, or partially committed operation.","Review queues include the reviewed queue types (pending, deferred, suppressed, history) shown in the Review Centre.",GLOSSARY,CAN-SECTION-0090,,Jobs and notifications,,Gate 1 scope; Gate 2 compile/build; Gate 3 focused/regression; Gate 8 traceability,Review-centre heading; reclassified as glossary. | Non-implementation record (GLOSSARY/UI_LABEL/INFORMATIONAL/DUPLICATE) cannot retain an implementation phase.,Pass 1 semantic rehabilitation; matched=[EXACT_LEGACY_OUTPUT]; section=27. Review Centre; parent=CAN-SECTION-0090,RECLASSIFY_GLOSSARY,AI_SEMANTIC_REVIEW_PASS1,2026-08-05-pass2-semantic-consistency-correction,REVIEWED_CORRECTED
CAN-LAM-ARCH-270,Review actions include:,"When a review item offers Review actions include in 27. Review Centre, the selected decision must produce a visible, persisted proposal-state transition while leaving authoritative metadata unchanged until an allowed approval action commits it; rejected invalid transitions must preserve the prior state.","Review actions include the reviewed decision set (approve, reject, suppress, defer, skip, mark intentional, apply to selection).",GLOSSARY,CAN-SECTION-0091,,Review Centre,,Gate 1 scope; Gate 2 compile/build; Gate 3 focused/regression; Gate 8 traceability,Review-centre heading; reclassified as glossary. | Non-implementation record (GLOSSARY/UI_LABEL/INFORMATIONAL/DUPLICATE) cannot retain an implementation phase.,Pass 1 semantic rehabilitation; matched=[EXACT_LEGACY_OUTPUT]; section=27. Review Centre; parent=CAN-SECTION-0091,RECLASSIFY_GLOSSARY,AI_SEMANTIC_REVIEW_PASS1,2026-08-05-pass2-semantic-consistency-correction,REVIEWED_CORRECTED
CAN-LAM-ARCH-271,One by one,"When a review item offers One by one in 27. Review Centre, the selected decision must produce a visible, persisted proposal-state transition while leaving authoritative metadata unchanged until an allowed approval action commits it; rejected invalid transitions must preserve the prior state.","When a reviewer reviews items one by one, Lamha must present one item at a time and record each decision before advancing.",ACCEPTANCE_CRITERION,CAN-SECTION-0091,"Given a queue, when one-by-one review runs, then one item is presented at a time and each decision is recorded before advancing.",Review Centre,I5,One-by-one review fixture.,Review-action label; rewrite adds sequencing and decision recording.,Pass 1 semantic rehabilitation; matched=[EXACT_LEGACY_OUTPUT]; section=27. Review Centre; parent=CAN-SECTION-0091,REWRITE_AS_ACCEPTANCE_CRITERION,AI_SEMANTIC_REVIEW_PASS1,2026-08-05-pass1-semantic-rehabilitation,REVIEWED_CORRECTED
CAN-LAM-ARCH-272,Approve,"When a review item offers Approve in 27. Review Centre, the selected decision must produce a visible, persisted proposal-state transition while leaving authoritative metadata unchanged until an allowed approval action commits it; rejected invalid transitions must preserve the prior state.","When a reviewer approves an item, Lamha must commit the approved transition with provenance and revision and leave other items unchanged.",ACCEPTANCE_CRITERION,CAN-SECTION-0091,"Given a pending item, when approval is confirmed, then that item commits with provenance and other items remain unchanged.",Review Centre,I5,Approve fixture with scope checks.,Review-action label; rewrite adds commit scope and provenance.,Pass 1 semantic rehabilitation; matched=[EXACT_LEGACY_OUTPUT]; section=27. Review Centre; parent=CAN-SECTION-0091,REWRITE_AS_ACCEPTANCE_CRITERION,AI_SEMANTIC_REVIEW_PASS1,2026-08-05-pass1-semantic-rehabilitation,REVIEWED_CORRECTED
CAN-LAM-ARCH-273,Suppress,"When a review item offers Suppress in 27. Review Centre, the selected decision must produce a visible, persisted proposal-state transition while leaving authoritative metadata unchanged until an allowed approval action commits it; rejected invalid transitions must preserve the prior state.","When a reviewer suppresses an item, Lamha must persist the suppression and exclude the item and matching future items from review queues.",ACCEPTANCE_CRITERION,CAN-SECTION-0091,"Given a pending item, when suppression is confirmed, then the item is suppressed and matching future items are excluded.",Review Centre,I5,Suppress fixture with exclusion checks.,Review-action label; rewrite adds persistence and future exclusion.,Pass 1 semantic rehabilitation; matched=[EXACT_LEGACY_OUTPUT]; section=27. Review Centre; parent=CAN-SECTION-0091,REWRITE_AS_ACCEPTANCE_CRITERION,AI_SEMANTIC_REVIEW_PASS1,2026-08-05-pass1-semantic-rehabilitation,REVIEWED_CORRECTED
CAN-LAM-ARCH-274,Defer,"When a review item offers Defer in 27. Review Centre, the selected decision must produce a visible, persisted proposal-state transition while leaving authoritative metadata unchanged until an allowed approval action commits it; rejected invalid transitions must preserve the prior state.","When a reviewer defers an item, Lamha must persist the deferred state and restore the item to the queue unchanged on reopen.",ACCEPTANCE_CRITERION,CAN-SECTION-0091,"Given a pending item, when deferral is confirmed, then the item is deferred and reopen restores it unchanged.",Review Centre,I5,Defer/reopen fixture.,Review-action label; rewrite adds defer/reopen state preservation.,Pass 1 semantic rehabilitation; matched=[EXACT_LEGACY_OUTPUT]; section=27. Review Centre; parent=CAN-SECTION-0091,REWRITE_AS_ACCEPTANCE_CRITERION,AI_SEMANTIC_REVIEW_PASS1,2026-08-05-pass1-semantic-rehabilitation,REVIEWED_CORRECTED
CAN-LAM-ARCH-275,Skip,"When a review item offers Skip in 27. Review Centre, the selected decision must produce a visible, persisted proposal-state transition while leaving authoritative metadata unchanged until an allowed approval action commits it; rejected invalid transitions must preserve the prior state.","When a reviewer skips an item, Lamha must move to the next item without changing the skipped item's state.",ACCEPTANCE_CRITERION,CAN-SECTION-0091,"Given a queue, when skip is chosen, then the next item is presented and the skipped item's state remains unchanged.",Review Centre,I5,Skip fixture with no-mutation assertion.,Review-action label; rewrite adds the no-mutation result.,Pass 1 semantic rehabilitation; matched=[EXACT_LEGACY_OUTPUT]; section=27. Review Centre; parent=CAN-SECTION-0091,REWRITE_AS_ACCEPTANCE_CRITERION,AI_SEMANTIC_REVIEW_PASS1,2026-08-05-pass1-semantic-rehabilitation,REVIEWED_CORRECTED
CAN-LAM-ARCH-276,Mark intentional,"When a review item offers Mark intentional in 27. Review Centre, the selected decision must produce a visible, persisted proposal-state transition while leaving authoritative metadata unchanged until an allowed approval action commits it; rejected invalid transitions must preserve the prior state.","When a reviewer marks an item intentional, Lamha must persist the intentional marker with provenance and exclude the item from future duplicate or suggestion queues.",ACCEPTANCE_CRITERION,CAN-SECTION-0091,"Given a review item, when it is marked intentional, then the marker is persisted and the item is excluded from matching future queues.",Review Centre,I5,Mark-intentional fixture.,Review-action label; rewrite adds persistence and exclusion.,Pass 1 semantic rehabilitation; matched=[EXACT_LEGACY_OUTPUT]; section=27. Review Centre; parent=CAN-SECTION-0091,REWRITE_AS_ACCEPTANCE_CRITERION,AI_SEMANTIC_REVIEW_PASS1,2026-08-05-pass1-semantic-rehabilitation,REVIEWED_CORRECTED
CAN-LAM-ARCH-277,Apply to selection,"When a review item offers Apply to selection in 27. Review Centre, the selected decision must produce a visible, persisted proposal-state transition while leaving authoritative metadata unchanged until an allowed approval action commits it; rejected invalid transitions must preserve the prior state.","When a reviewer applies a decision to a selection, Lamha must commit the decision to exactly the selected items and report per-item results.",ACCEPTANCE_CRITERION,CAN-SECTION-0091,"Given a selected set, when the decision is applied, then exactly the selected items change and each result is reported.",Review Centre,I5,Apply-to-selection fixture.,Review-action label; rewrite adds exact scope and reporting.,Pass 1 semantic rehabilitation; matched=[EXACT_LEGACY_OUTPUT]; section=27. Review Centre; parent=CAN-SECTION-0091,REWRITE_AS_ACCEPTANCE_CRITERION,AI_SEMANTIC_REVIEW_PASS1,2026-08-05-pass1-semantic-rehabilitation,REVIEWED_CORRECTED
CAN-LAM-ARCH-278,See suggestion reason,"When a review item offers See suggestion reason in 27. Review Centre, the selected decision must produce a visible, persisted proposal-state transition while leaving authoritative metadata unchanged until an allowed approval action commits it; rejected invalid transitions must preserve the prior state.","When a reviewer asks for the suggestion reason, Lamha must display the model, source, and configuration provenance behind the suggestion without changing its state.",ACCEPTANCE_CRITERION,CAN-SECTION-0091,"Given a suggestion, when its reason is requested, then model, source, and configuration provenance are displayed and no state change occurs.",Review Centre,I5,Suggestion-reason fixture.,Review-action label; rewrite adds provenance display and no-mutation.,Pass 1 semantic rehabilitation; matched=[EXACT_LEGACY_OUTPUT]; section=27. Review Centre; parent=CAN-SECTION-0091,REWRITE_AS_ACCEPTANCE_CRITERION,AI_SEMANTIC_REVIEW_PASS1,2026-08-05-pass1-semantic-rehabilitation,REVIEWED_CORRECTED
CAN-LAM-ASSET-123,Open asset,"When the user invokes Open asset in 27. Review Centre, the viewer must apply or display the behavior for the selected asset, expose the resulting UI state, and preserve the original media when the operation or format is unavailable.","When an asset is opened from a review item, Lamha must load the asset for display and must not change review or authoritative state.",ACCEPTANCE_CRITERION,CAN-SECTION-0132,"Given a review item, when its asset is opened, then the asset displays and no review or authoritative change occurs.",Asset viewer,I5,Open-asset fixture with no-mutation assertion.,Label names open-asset; rewrite separates navigation from mutation.,Pass 1 semantic rehabilitation; matched=[EXACT_LEGACY_OUTPUT]; section=27. Review Centre; parent=CAN-SECTION-0132,REWRITE_AS_ACCEPTANCE_CRITERION,AI_SEMANTIC_REVIEW_PASS1,2026-08-05-pass1-semantic-rehabilitation,REVIEWED_CORRECTED
CAN-LAM-EVENT-056,Open event,"When Open event is requested in 27. Review Centre, Lamha must produce or update a reviewable event plan, show its membership and filesystem effects, and make no authoritative or filesystem change if validation or confirmation fails.","When Open event is invoked, Lamha must load and display the reviewed event record, members, and folders; it must not create or update an event plan merely because the event was opened.",ACCEPTANCE_CRITERION,CAN-SECTION-0162,"Given an event, when Open event runs, then the event data loads for display and no plan or filesystem change occurs.",Events and organization,I5,Open-event fixture with no-mutation assertion.,Open-event label; rewrite separates navigation from event-plan mutation.,Pass 1 semantic rehabilitation; matched=[EXACT_LEGACY_OUTPUT]; section=27. Review Centre; parent=CAN-SECTION-0162,REWRITE_AS_ACCEPTANCE_CRITERION,AI_SEMANTIC_REVIEW_PASS1,2026-08-05-pass1-semantic-rehabilitation,REVIEWED_CORRECTED
CAN-LAM-FOLDER-035,Open folder,"When a configured library encounters Open folder during 27. Review Centre, Rust must apply authorized-root and access-mode rules, expose the resulting root or asset state, and leave files unchanged if validation, permission, or I/O checks fail.","When Open folder is invoked, Lamha must open the folder in the UI or reveal its path in the OS file manager as the action requires; it must not authorize roots or mutate folder state.",ACCEPTANCE_CRITERION,CAN-SECTION-0174,"Given a folder, when Open folder runs, then the folder is opened or revealed and no authorization or filesystem change occurs.",Libraries and storage,I5,Open-folder fixture with no-mutation assertion.,Open-folder label; rewrite separates UI opening and OS reveal from root authorization.,Pass 1 semantic rehabilitation; matched=[EXACT_LEGACY_OUTPUT]; section=27. Review Centre; parent=CAN-SECTION-0174,REWRITE_AS_ACCEPTANCE_CRITERION,AI_SEMANTIC_REVIEW_PASS1,2026-08-05-pass1-semantic-rehabilitation,REVIEWED_CORRECTED
CAN-LAM-PERSON-092,Open person,"When the 27. Review Centre workflow manages Open person, it must persist the candidate or confirmed state with provenance and revision, expose the resulting state for review, and reject invalid transitions without changing an existing identity or historical interval.","When Open person is invoked, Lamha must load and display the reviewed person profile, faces, and links; it must not mutate person identity or assignments merely because the profile was opened.",ACCEPTANCE_CRITERION,CAN-SECTION-0227,"Given a person, when Open person runs, then the profile and links load for display and no identity or assignment change occurs.",People and faces,I5,Open-person fixture with no-mutation assertion.,Open-person label; rewrite separates navigation from identity mutation.,Pass 1 semantic rehabilitation; matched=[EXACT_LEGACY_OUTPUT]; section=27. Review Centre; parent=CAN-SECTION-0227,REWRITE_AS_ACCEPTANCE_CRITERION,AI_SEMANTIC_REVIEW_PASS1,2026-08-05-pass1-semantic-rehabilitation,REVIEWED_CORRECTED
CAN-LAM-SEARCH-011,Filter by confidence,"When a review item offers Filter by confidence in 27. Review Centre, the selected decision must produce a visible, persisted proposal-state transition while leaving authoritative metadata unchanged until an allowed approval action commits it; rejected invalid transitions must preserve the prior state.","When a reviewer filters review items by confidence, Lamha must show exactly the items whose recorded confidence matches the filter.",ACCEPTANCE_CRITERION,CAN-SECTION-0091,"Given review items with confidence values, when the filter is applied, then only matching items are shown.",Review Centre,I5,Confidence-filter fixture.,Filter label; rewrite adds the observable filter result.,Pass 1 semantic rehabilitation; matched=[EXACT_LEGACY_OUTPUT]; section=27. Review Centre; parent=CAN-SECTION-0091,REWRITE_AS_ACCEPTANCE_CRITERION,AI_SEMANTIC_REVIEW_PASS1,2026-08-05-pass1-semantic-rehabilitation,REVIEWED_CORRECTED
CAN-LAM-SEARCH-012,Filter by source,"When a review item offers Filter by source in 27. Review Centre, the selected decision must produce a visible, persisted proposal-state transition while leaving authoritative metadata unchanged until an allowed approval action commits it; rejected invalid transitions must preserve the prior state.","When a reviewer filters review items by source, Lamha must show exactly the items whose recorded source matches the filter.",ACCEPTANCE_CRITERION,CAN-SECTION-0091,"Given review items with source records, when the filter is applied, then only matching items are shown.",Review Centre,I5,Source-filter fixture.,Filter label; rewrite adds the observable filter result.,Pass 1 semantic rehabilitation; matched=[EXACT_LEGACY_OUTPUT]; section=27. Review Centre; parent=CAN-SECTION-0091,REWRITE_AS_ACCEPTANCE_CRITERION,AI_SEMANTIC_REVIEW_PASS1,2026-08-05-pass1-semantic-rehabilitation,REVIEWED_CORRECTED
CAN-LAM-ARCH-444,Maintain:,"When any requirement or package status changes, the completion tracker must preserve prior revisions and record the actor, timestamp, evidence links, applicable gates, and resulting status transition.","When any requirement or package status changes, the completion tracker must preserve prior revisions and record the actor, timestamp, evidence links, applicable gates, and resulting status transition.",VERIFICATION_GATE,,"When any requirement or package status changes, the completion tracker must preserve prior revisions and record the actor, timestamp, evidence links, applicable gates, and resulting status transition.",Active-plan authority adoption,I0,"Given an existing tracker row, when its status changes, then the new revision links its predecessor and evidence while the previous revision remains queryable.","Statement is already record-specific (completion tracker preserves requirement/package status changes, rejects divergence); it does not reproduce a legacy template.",Pass 1 semantic rehabilitation; matched=[LABEL_ONLY]; section=28. Completion Tracker; parent=none,KEEP_WITH_EXPLICIT_JUSTIFICATION,AI_SEMANTIC_REVIEW_PASS1,2026-08-05-pass1-semantic-rehabilitation,REVIEWED_CONFIRMED
CAN-LAM-ARCH-279,Collision detection,"When a configured library encounters Collision detection during 28. File and Folder Management, Rust must apply authorized-root and access-mode rules, expose the resulting root or asset state, and leave files unchanged if validation, permission, or I/O checks fail.","When a file or folder operation would collide, Lamha must detect the collision, preview the conflict, and apply nothing until the user approves a safe resolution.",ACCEPTANCE_CRITERION,CAN-SECTION-0092,"Given a colliding operation, when the collision is detected, then the conflict is previewed and no change occurs until approval.",Filesystem transactions and recovery,I3,Collision fixture with approval checks.,"Label names collision detection; rewrite adds detection, preview, and approval.",Pass 1 semantic rehabilitation; matched=[EXACT_LEGACY_OUTPUT]; section=28. File and Folder Management; parent=CAN-SECTION-0092,REWRITE_AS_ACCEPTANCE_CRITERION,AI_SEMANTIC_REVIEW_PASS1,2026-08-05-pass1-semantic-rehabilitation,REVIEWED_CORRECTED
CAN-LAM-ARCH-280,Preview,"When a configured library encounters Preview during 28. File and Folder Management, Rust must apply authorized-root and access-mode rules, expose the resulting root or asset state, and leave files unchanged if validation, permission, or I/O checks fail.","Before any file or folder mutation commits, Lamha must show a preview of the planned changes and require explicit approval.",ACCEPTANCE_CRITERION,CAN-SECTION-0092,"Given a planned mutation, when preview runs, then the changes are shown and commit requires approval.",Filesystem transactions and recovery,I3,Mutation-preview fixture.,Label names preview; rewrite adds preview and approval.,Pass 1 semantic rehabilitation; matched=[EXACT_LEGACY_OUTPUT]; section=28. File and Folder Management; parent=CAN-SECTION-0092,REWRITE_AS_ACCEPTANCE_CRITERION,AI_SEMANTIC_REVIEW_PASS1,2026-08-05-pass1-semantic-rehabilitation,REVIEWED_CORRECTED
CAN-LAM-ARCH-281,Hash verification,"When duplicate analysis evaluates Hash verification in 28. File and Folder Management, it must create a reviewable candidate with evidence and stable asset identities; no file may be removed or merged when analysis fails or before an explicitly confirmed operation plan.","When a move or rename commits, Lamha must verify source and destination hashes and leave a typed error with unchanged paths if verification fails.",ACCEPTANCE_CRITERION,CAN-SECTION-0093,"Given a planned move or rename, when commit runs, then hashes verify at both ends and failure leaves paths unchanged.",Filesystem transactions and recovery,I3,Hash-verification fixture.,Label names hash verification; rewrite adds verification and failure preservation.,Pass 1 semantic rehabilitation; matched=[EXACT_LEGACY_OUTPUT]; section=28. File and Folder Management; parent=CAN-SECTION-0093,REWRITE_AS_ACCEPTANCE_CRITERION,AI_SEMANTIC_REVIEW_PASS1,2026-08-05-pass1-semantic-rehabilitation,REVIEWED_CORRECTED
CAN-LAM-ARCH-282,Sidecar repair,"When the 28. File and Folder Management workflow reads or changes Sidecar repair, it must preserve the value, authority, and provenance in the appropriate durable record and expose the resulting revision to the derived index. Missing, malformed, or conflicting input must be reported without discarding the last valid value.","When a sidecar is repaired, Lamha must preserve the original bytes until a validated replacement is committed and must record the repair in history.",ACCEPTANCE_CRITERION,CAN-SECTION-0094,"Given a malformed sidecar, when repair commits, then the validated replacement is stored, the original is preserved until commit, and the repair is recorded.",Filesystem transactions and recovery,I3,Sidecar-repair fixture.,Label names sidecar repair; rewrite adds preservation and history.,Pass 1 semantic rehabilitation; matched=[EXACT_LEGACY_OUTPUT]; section=28. File and Folder Management; parent=CAN-SECTION-0094,REWRITE_AS_ACCEPTANCE_CRITERION,AI_SEMANTIC_REVIEW_PASS1,2026-08-05-pass1-semantic-rehabilitation,REVIEWED_CORRECTED
CAN-LAM-ASSET-124,Rename asset bundle,"When the user invokes Rename asset bundle in 28. File and Folder Management, the viewer must apply or display the behavior for the selected asset, expose the resulting UI state, and preserve the original media when the operation or format is unavailable.","When an asset bundle is renamed, Lamha must rename the media and companion sidecars together, preserve the original filename, and verify hashes before commit.",ACCEPTANCE_CRITERION,CAN-SECTION-0133,"Given an asset bundle, when rename commits, then all bundle members are renamed together with original name preserved and hashes verified.",Filesystem transactions and recovery,I3,Bundle-rename fixture.,Label names bundle rename; rewrite adds bundle cohesion and preservation.,Pass 1 semantic rehabilitation; matched=[EXACT_LEGACY_OUTPUT]; section=28. File and Folder Management; parent=CAN-SECTION-0133,REWRITE_AS_ACCEPTANCE_CRITERION,AI_SEMANTIC_REVIEW_PASS1,2026-08-05-pass1-semantic-rehabilitation,REVIEWED_CORRECTED
CAN-LAM-ASSET-125,Move asset bundle,"When the user invokes Move asset bundle in 28. File and Folder Management, the viewer must apply or display the behavior for the selected asset, expose the resulting UI state, and preserve the original media when the operation or format is unavailable.","When an asset bundle is moved, Lamha must move the media and companion sidecars together and verify hashes before commit.",ACCEPTANCE_CRITERION,CAN-SECTION-0133,"Given an asset bundle, when move commits, then all bundle members move together with hashes verified.",Filesystem transactions and recovery,I3,Bundle-move fixture.,Label names bundle move; rewrite adds bundle cohesion and verification.,Pass 1 semantic rehabilitation; matched=[EXACT_LEGACY_OUTPUT]; section=28. File and Folder Management; parent=CAN-SECTION-0133,REWRITE_AS_ACCEPTANCE_CRITERION,AI_SEMANTIC_REVIEW_PASS1,2026-08-05-pass1-semantic-rehabilitation,REVIEWED_CORRECTED
CAN-LAM-ASSET-126,Restore original filename,"When the 28. File and Folder Management workflow reads or changes Restore original filename, it must preserve the value, authority, and provenance in the appropriate durable record and expose the resulting revision to the derived index. Missing, malformed, or conflicting input must be reported without discarding the last valid value.","When the user restores an original filename, Lamha must rename the asset back to its preserved original name and record the restoration in history.",ACCEPTANCE_CRITERION,CAN-SECTION-0094,"Given a renamed asset, when original-filename restore is confirmed, then the asset returns to its preserved name and the restoration is recorded.","Backup, trash, restore and rebuild",I13,Original-filename restore fixture.,Label names original-filename restore; rewrite adds the restore result.,Pass 1 semantic rehabilitation; matched=[EXACT_LEGACY_OUTPUT]; section=28. File and Folder Management; parent=CAN-SECTION-0094,REWRITE_AS_ACCEPTANCE_CRITERION,AI_SEMANTIC_REVIEW_PASS1,2026-08-05-pass1-semantic-rehabilitation,REVIEWED_CORRECTED
CAN-LAM-EVENT-057,Rename event folder,"When a configured library encounters Rename event folder during 28. File and Folder Management, Rust must apply authorized-root and access-mode rules, expose the resulting root or asset state, and leave files unchanged if validation, permission, or I/O checks fail.","When an event folder is renamed, Lamha must rename the folder and its managed records together, preserve the original name in history, and verify hashes before commit.",ACCEPTANCE_CRITERION,CAN-SECTION-0092,"Given an event folder, when rename commits, then the folder and records are renamed together with original name preserved.",Events and organization,I6,Event-folder rename fixture.,Label names event-folder rename; rewrite adds cohesion and provenance.,Pass 1 semantic rehabilitation; matched=[EXACT_LEGACY_OUTPUT]; section=28. File and Folder Management; parent=CAN-SECTION-0092,REWRITE_AS_ACCEPTANCE_CRITERION,AI_SEMANTIC_REVIEW_PASS1,2026-08-05-pass1-semantic-rehabilitation,REVIEWED_CORRECTED
CAN-LAM-EVENT-058,Move event folder,"When a configured library encounters Move event folder during 28. File and Folder Management, Rust must apply authorized-root and access-mode rules, expose the resulting root or asset state, and leave files unchanged if validation, permission, or I/O checks fail.","When an event folder is moved, Lamha must move the folder and its managed records together and verify hashes before commit.",ACCEPTANCE_CRITERION,CAN-SECTION-0092,"Given an event folder, when move commits, then the folder and records move together with hashes verified.",Events and organization,I6,Event-folder move fixture.,Label names event-folder move; rewrite adds cohesion and verification.,Pass 1 semantic rehabilitation; matched=[EXACT_LEGACY_OUTPUT]; section=28. File and Folder Management; parent=CAN-SECTION-0092,REWRITE_AS_ACCEPTANCE_CRITERION,AI_SEMANTIC_REVIEW_PASS1,2026-08-05-pass1-semantic-rehabilitation,REVIEWED_CORRECTED
CAN-LAM-EVENT-059,Split event,"When Split event is requested in 28. File and Folder Management, Lamha must produce or update a reviewable event plan, show its membership and filesystem effects, and make no authoritative or filesystem change if validation or confirmation fails.","When an event is split, Lamha must preview the resulting events and membership and commit only after explicit confirmation while preserving historical membership.",ACCEPTANCE_CRITERION,CAN-SECTION-0163,"Given an event, when a split is confirmed, then the resulting events are created with membership preserved and history intact.",Events and organization,I6,Event-split fixture.,"Label names event split; rewrite adds preview, confirmation, and history preservation.",Pass 1 semantic rehabilitation; matched=[EXACT_LEGACY_OUTPUT]; section=28. File and Folder Management; parent=CAN-SECTION-0163,REWRITE_AS_ACCEPTANCE_CRITERION,AI_SEMANTIC_REVIEW_PASS1,2026-08-05-pass1-semantic-rehabilitation,REVIEWED_CORRECTED
CAN-LAM-FOLDER-036,Merge folders,"When a configured library encounters Merge folders during 28. File and Folder Management, Rust must apply authorized-root and access-mode rules, expose the resulting root or asset state, and leave files unchanged if validation, permission, or I/O checks fail.","When folders are merged, Lamha must preview the merged membership and commit only after approval while preserving every asset identity and hash.",ACCEPTANCE_CRITERION,CAN-SECTION-0092,"Given approved folder merges, when commit runs, then the folders merge with all asset identities and hashes preserved.",Filesystem transactions and recovery,I3,Folder-merge fixture.,"Label names folder merge; rewrite adds preview, approval, and preservation.",Pass 1 semantic rehabilitation; matched=[EXACT_LEGACY_OUTPUT]; section=28. File and Folder Management; parent=CAN-SECTION-0092,REWRITE_AS_ACCEPTANCE_CRITERION,AI_SEMANTIC_REVIEW_PASS1,2026-08-05-pass1-semantic-rehabilitation,REVIEWED_CORRECTED
CAN-LAM-FOLDER-037,Link folders,"When a configured library encounters Link folders during 28. File and Folder Management, Rust must apply authorized-root and access-mode rules, expose the resulting root or asset state, and leave files unchanged if validation, permission, or I/O checks fail.","When folders are linked, Lamha must record the link without moving or renaming the linked folder contents.",ACCEPTANCE_CRITERION,CAN-SECTION-0092,"Given existing folders, when linking is confirmed, then the link is recorded and folder paths and contents remain unchanged.",Filesystem transactions and recovery,I3,Folder-link fixture with no-mutation assertion.,Label names folder linking; rewrite separates linking from mutation.,Pass 1 semantic rehabilitation; matched=[EXACT_LEGACY_OUTPUT]; section=28. File and Folder Management; parent=CAN-SECTION-0092,REWRITE_AS_ACCEPTANCE_CRITERION,AI_SEMANTIC_REVIEW_PASS1,2026-08-05-pass1-semantic-rehabilitation,REVIEWED_CORRECTED
CAN-LAM-FOLDER-038,Folder-map materialization,"When Folder-map materialization is used in 28. File and Folder Management, Lamha must derive the map or location result from canonical records, show its source and confidence where applicable, and preserve the records if projection or coordinate validation fails.","When folder-map materialization runs, Lamha must preview the folders to create and commit only after approval while preserving existing paths.",ACCEPTANCE_CRITERION,CAN-SECTION-0175,"Given a folder-map plan, when materialization is confirmed, then the planned folders are created and existing paths remain unchanged.",Events and organization,I6,Folder-map materialization fixture.,Label names folder-map materialization; rewrite adds preview and approval.,Pass 1 semantic rehabilitation; matched=[EXACT_LEGACY_OUTPUT]; section=28. File and Folder Management; parent=CAN-SECTION-0175,REWRITE_AS_ACCEPTANCE_CRITERION,AI_SEMANTIC_REVIEW_PASS1,2026-08-05-pass1-semantic-rehabilitation,REVIEWED_CORRECTED
CAN-LAM-FOLDER-039,Cross-drive support,"When a configured library encounters Cross-drive support during 28. File and Folder Management, Rust must apply authorized-root and access-mode rules, expose the resulting root or asset state, and leave files unchanged if validation, permission, or I/O checks fail.","Cross-drive file operations must use copy, flush, checksum verification, and a journaled source-removal step and must never assume that rename is atomic across drives.",FUNCTIONAL_REQUIREMENT,,"Given a cross-drive operation, when it runs, then copy, flush, checksum, and journaled source removal complete or the prior state is restored.",Filesystem transactions and recovery,I3,Cross-drive operation fixture.,Label names cross-drive support; rewrite adds the non-atomic rename rule and verification.,Pass 1 semantic rehabilitation; matched=[EXACT_LEGACY_OUTPUT]; section=28. File and Folder Management; parent=none,REWRITE_AS_REQUIREMENT,AI_SEMANTIC_REVIEW_PASS1,2026-08-05-pass1-semantic-rehabilitation,REVIEWED_CORRECTED
CAN-LAM-FOLDER-040,Manual filesystem change detection,"When a configured library encounters Manual filesystem change detection during 28. File and Folder Management, Rust must apply authorized-root and access-mode rules, expose the resulting root or asset state, and leave files unchanged if validation, permission, or I/O checks fail.","When manual filesystem changes are detected, Lamha must reconcile the derived index against the current filesystem and report mismatches without altering source files.",ACCEPTANCE_CRITERION,CAN-SECTION-0092,"Given manual changes, when reconciliation runs, then the index updates to match the filesystem and source files remain unchanged.",Filesystem transactions and recovery,I3,Manual-change reconciliation fixture.,Label names manual change detection; rewrite adds reconciliation and no-mutation.,Pass 1 semantic rehabilitation; matched=[EXACT_LEGACY_OUTPUT]; section=28. File and Folder Management; parent=CAN-SECTION-0092,REWRITE_AS_ACCEPTANCE_CRITERION,AI_SEMANTIC_REVIEW_PASS1,2026-08-05-pass1-semantic-rehabilitation,REVIEWED_CORRECTED
CAN-LAM-FOLDER-041,Show in folder,"When a configured library encounters Show in folder during 28. File and Folder Management, Rust must apply authorized-root and access-mode rules, expose the resulting root or asset state, and leave files unchanged if validation, permission, or I/O checks fail.","When Show in folder is invoked, Lamha must reveal the asset's physical path in the OS file manager without moving files or changing state.",ACCEPTANCE_CRITERION,CAN-SECTION-0092,"Given an asset, when Show in folder runs, then the OS reveals the path and no filesystem or state change occurs.",Libraries and storage,I5,Show-in-folder fixture with no-mutation assertion.,Label names show-in-folder; rewrite adds the navigation-only result. | Final statement is an OS file-manager reveal action with explicit no-mutation constraints.,Pass 1 semantic rehabilitation; matched=[EXACT_LEGACY_OUTPUT]; section=28. File and Folder Management; parent=CAN-SECTION-0092,REWRITE_AS_ACCEPTANCE_CRITERION,AI_SEMANTIC_REVIEW_PASS1,2026-08-05-pass2-semantic-consistency-correction,REVIEWED_CORRECTED
CAN-LAM-ARCH-283,Recorded hash versus current hash,"When duplicate analysis evaluates Recorded hash versus current hash in 29. Consistency Detection, it must create a reviewable candidate with evidence and stable asset identities; no file may be removed or merged when analysis fails or before an explicitly confirmed operation plan.","When consistency detection compares the recorded hash with the current hash, Lamha must report matches and mismatches and never overwrite or delete the file on mismatch.",ACCEPTANCE_CRITERION,CAN-SECTION-0095,"Given an asset, when hash comparison runs, then the result is reported and mismatched files remain unchanged.",Media ingestion and derivation,I4,Hash-consistency fixture.,Label names hash comparison; rewrite adds reporting and preservation.,Pass 1 semantic rehabilitation; matched=[EXACT_LEGACY_OUTPUT]; section=29. Consistency Detection; parent=CAN-SECTION-0095,REWRITE_AS_ACCEPTANCE_CRITERION,AI_SEMANTIC_REVIEW_PASS1,2026-08-05-pass1-semantic-rehabilitation,REVIEWED_CORRECTED
CAN-LAM-ARCH-284,Orphan sidecar,"When the 29. Consistency Detection workflow reads or changes Orphan sidecar, it must preserve the value, authority, and provenance in the appropriate durable record and expose the resulting revision to the derived index. Missing, malformed, or conflicting input must be reported without discarding the last valid value.","When an orphan sidecar is found, Lamha must create a review item with the sidecar and suspected asset without deleting or modifying the sidecar.",ACCEPTANCE_CRITERION,CAN-SECTION-0096,"Given an orphan sidecar, when consistency detection runs, then a review item is created and the sidecar remains unchanged.",Media ingestion and derivation,I4,Orphan-sidecar fixture.,Label names orphan sidecars; rewrite adds review creation and no-mutation.,Pass 1 semantic rehabilitation; matched=[EXACT_LEGACY_OUTPUT]; section=29. Consistency Detection; parent=CAN-SECTION-0096,REWRITE_AS_ACCEPTANCE_CRITERION,AI_SEMANTIC_REVIEW_PASS1,2026-08-05-pass1-semantic-rehabilitation,REVIEWED_CORRECTED
CAN-LAM-ASSET-128,Event date versus asset date,"When the user invokes Event date versus asset date in 29. Consistency Detection, the viewer must apply or display the behavior for the selected asset, expose the resulting UI state, and preserve the original media when the operation or format is unavailable.","When consistency detection compares the event date with the asset date, Lamha must report the mismatch and keep both records unchanged until a review decision.",ACCEPTANCE_CRITERION,CAN-SECTION-0134,"Given a date mismatch, when consistency detection runs, then the mismatch is reported and no record changes until a decision.",Media ingestion and derivation,I4,Date-consistency fixture.,Label names date comparison; rewrite adds reporting and preservation.,Pass 1 semantic rehabilitation; matched=[EXACT_LEGACY_OUTPUT]; section=29. Consistency Detection; parent=CAN-SECTION-0134,REWRITE_AS_ACCEPTANCE_CRITERION,AI_SEMANTIC_REVIEW_PASS1,2026-08-05-pass1-semantic-rehabilitation,REVIEWED_CORRECTED
CAN-LAM-ASSET-129,Sidecar filename versus media filename,"When the 29. Consistency Detection workflow reads or changes Sidecar filename versus media filename, it must preserve the value, authority, and provenance in the appropriate durable record and expose the resulting revision to the derived index. Missing, malformed, or conflicting input must be reported without discarding the last valid value.","When consistency detection compares the sidecar filename with the media filename, Lamha must report the mismatch and keep the files unchanged until a review decision.",ACCEPTANCE_CRITERION,CAN-SECTION-0096,"Given a sidecar/media name mismatch, when consistency detection runs, then the mismatch is reported and the files remain unchanged.",Media ingestion and derivation,I4,Filename-consistency fixture.,Label names filename comparison; rewrite adds reporting and preservation.,Pass 1 semantic rehabilitation; matched=[EXACT_LEGACY_OUTPUT]; section=29. Consistency Detection; parent=CAN-SECTION-0096,REWRITE_AS_ACCEPTANCE_CRITERION,AI_SEMANTIC_REVIEW_PASS1,2026-08-05-pass1-semantic-rehabilitation,REVIEWED_CORRECTED
CAN-LAM-ASSET-130,Duplicate asset ID,"When the user invokes Duplicate asset ID in 29. Consistency Detection, the viewer must apply or display the behavior for the selected asset, expose the resulting UI state, and preserve the original media when the operation or format is unavailable.","When a duplicate asset ID is detected, Lamha must create a review item with both records and must not merge or delete either record automatically.",ACCEPTANCE_CRITERION,CAN-SECTION-0134,"Given duplicate asset IDs, when consistency detection runs, then a review item is created and neither record changes.",Media ingestion and derivation,I4,Duplicate-ID fixture.,Label names duplicate IDs; rewrite adds review creation and no-mutation.,Pass 1 semantic rehabilitation; matched=[EXACT_LEGACY_OUTPUT]; section=29. Consistency Detection; parent=CAN-SECTION-0134,REWRITE_AS_ACCEPTANCE_CRITERION,AI_SEMANTIC_REVIEW_PASS1,2026-08-05-pass1-semantic-rehabilitation,REVIEWED_CORRECTED
CAN-LAM-EVENT-060,Event folder versus event node,"When a configured library encounters Event folder versus event node during 29. Consistency Detection, Rust must apply authorized-root and access-mode rules, expose the resulting root or asset state, and leave files unchanged if validation, permission, or I/O checks fail.","When consistency detection compares the event folder with the event node, Lamha must report the mismatch and keep the folder and node unchanged until a review decision.",ACCEPTANCE_CRITERION,CAN-SECTION-0164,"Given a folder/node mismatch, when consistency detection runs, then the mismatch is reported and nothing changes until a decision.",Media ingestion and derivation,I4,Folder/node consistency fixture.,Label names folder/node comparison; rewrite adds reporting and preservation.,Pass 1 semantic rehabilitation; matched=[EXACT_LEGACY_OUTPUT]; section=29. Consistency Detection; parent=CAN-SECTION-0164,REWRITE_AS_ACCEPTANCE_CRITERION,AI_SEMANTIC_REVIEW_PASS1,2026-08-05-pass1-semantic-rehabilitation,REVIEWED_CORRECTED
CAN-LAM-FOLDER-042,Folder year versus normalized date,"When a configured library encounters Folder year versus normalized date during 29. Consistency Detection, Rust must apply authorized-root and access-mode rules, expose the resulting root or asset state, and leave files unchanged if validation, permission, or I/O checks fail.","When consistency detection compares the folder year with the normalized date, Lamha must report the mismatch and keep the folder and record unchanged until a review decision.",ACCEPTANCE_CRITERION,CAN-SECTION-0164,"Given a year/date mismatch, when consistency detection runs, then the mismatch is reported and nothing changes until a decision.",Media ingestion and derivation,I4,Year/date consistency fixture.,Label names year/date comparison; rewrite adds reporting and preservation.,Pass 1 semantic rehabilitation; matched=[EXACT_LEGACY_OUTPUT]; section=29. Consistency Detection; parent=CAN-SECTION-0164,REWRITE_AS_ACCEPTANCE_CRITERION,AI_SEMANTIC_REVIEW_PASS1,2026-08-05-pass1-semantic-rehabilitation,REVIEWED_CORRECTED
CAN-LAM-META-040,JSON versus XMP,"When the 29. Consistency Detection workflow reads or changes JSON versus XMP, it must preserve the value, authority, and provenance in the appropriate durable record and expose the resulting revision to the derived index. Missing, malformed, or conflicting input must be reported without discarding the last valid value.","When JSON and XMP disagree, consistency detection must report the conflict with both values and sources and change nothing until a review decision.",ACCEPTANCE_CRITERION,CAN-SECTION-0096,"Given a JSON/XMP conflict, when consistency detection runs, then the conflict is reported and both files remain unchanged.",Media ingestion and derivation,I4,JSON/XMP conflict fixture.,Label names JSON/XMP comparison; rewrite adds conflict reporting and preservation.,Pass 1 semantic rehabilitation; matched=[EXACT_LEGACY_OUTPUT]; section=29. Consistency Detection; parent=CAN-SECTION-0096,REWRITE_AS_ACCEPTANCE_CRITERION,AI_SEMANTIC_REVIEW_PASS1,2026-08-05-pass1-semantic-rehabilitation,REVIEWED_CORRECTED
CAN-LAM-META-041,JSON versus embedded metadata,"When the 29. Consistency Detection workflow reads or changes JSON versus embedded metadata, it must preserve the value, authority, and provenance in the appropriate durable record and expose the resulting revision to the derived index. Missing, malformed, or conflicting input must be reported without discarding the last valid value.","When JSON and embedded metadata disagree, consistency detection must report the conflict with both values and sources and change nothing until a review decision.",ACCEPTANCE_CRITERION,CAN-SECTION-0096,"Given a JSON/embedded conflict, when consistency detection runs, then the conflict is reported and both records remain unchanged.",Media ingestion and derivation,I4,JSON/embedded conflict fixture.,Label names JSON/embedded comparison; rewrite adds conflict reporting and preservation.,Pass 1 semantic rehabilitation; matched=[EXACT_LEGACY_OUTPUT]; section=29. Consistency Detection; parent=CAN-SECTION-0096,REWRITE_AS_ACCEPTANCE_CRITERION,AI_SEMANTIC_REVIEW_PASS1,2026-08-05-pass1-semantic-rehabilitation,REVIEWED_CORRECTED
CAN-LAM-META-042,Missing JSON,"When Missing JSON participates in 29. Consistency Detection, the authoritative record or transaction must persist its revision and provenance before derived-index publication, and any failed write must leave a recoverable prior state.","When a required JSON sidecar is missing, Lamha must mark the asset degraded and create a review item without fabricating values.",ACCEPTANCE_CRITERION,CAN-SECTION-0204,"Given a missing JSON sidecar, when consistency detection runs, then the asset is marked degraded and a review item is created.",Filesystem transactions and recovery,I3,Missing-JSON fixture.,Label names missing JSON; rewrite adds degraded state and review.,Pass 1 semantic rehabilitation; matched=[EXACT_LEGACY_OUTPUT]; section=29. Consistency Detection; parent=CAN-SECTION-0204,REWRITE_AS_ACCEPTANCE_CRITERION,AI_SEMANTIC_REVIEW_PASS1,2026-08-05-pass1-semantic-rehabilitation,REVIEWED_CORRECTED
CAN-LAM-META-043,Missing XMP,"When the 29. Consistency Detection workflow reads or changes Missing XMP, it must preserve the value, authority, and provenance in the appropriate durable record and expose the resulting revision to the derived index. Missing, malformed, or conflicting input must be reported without discarding the last valid value.","When a required XMP sidecar is missing, Lamha must mark the asset degraded and create a review item without fabricating values.",ACCEPTANCE_CRITERION,CAN-SECTION-0096,"Given a missing XMP sidecar, when consistency detection runs, then the asset is marked degraded and a review item is created.",Media ingestion and derivation,I4,Missing-XMP fixture.,Label names missing XMP; rewrite adds degraded state and review.,Pass 1 semantic rehabilitation; matched=[EXACT_LEGACY_OUTPUT]; section=29. Consistency Detection; parent=CAN-SECTION-0096,REWRITE_AS_ACCEPTANCE_CRITERION,AI_SEMANTIC_REVIEW_PASS1,2026-08-05-pass1-semantic-rehabilitation,REVIEWED_CORRECTED
CAN-LAM-ARCH-455,Recommended first implementation phase,"When Recommended first implementation phase is exercised in 29. Final Planning Handoff, Lamha must expose the resulting state and preserve the prior durable state if validation or execution fails.",Planning handoff must record the recommended first implementation phase for each package and must reject packages without a recommended phase.,CONSTRAINT,,,Planning and verification governance,,Handoff validation must reject packages without a recommended phase.,Handoff field label; reclassified as a completeness constraint.,Pass 1 semantic rehabilitation; matched=[EXACT_LEGACY_OUTPUT]; section=29. Final Planning Handoff; parent=none,RECLASSIFY_CONSTRAINT,AI_SEMANTIC_REVIEW_PASS1,2026-08-05-pass1-semantic-rehabilitation,RECLASSIFIED
CAN-LAM-ARCH-456,Exact files for that phase,"When Exact files for that phase is exercised in 29. Final Planning Handoff, Lamha must expose the resulting state and preserve the prior durable state if validation or execution fails.",Planning handoff must list the exact files required for the recommended first phase and must reject handoff without those file references.,CONSTRAINT,,,Planning and verification governance,,Handoff validation must reject missing file lists.,Handoff field label; reclassified as a completeness constraint.,Pass 1 semantic rehabilitation; matched=[EXACT_LEGACY_OUTPUT]; section=29. Final Planning Handoff; parent=none,RECLASSIFY_CONSTRAINT,AI_SEMANTIC_REVIEW_PASS1,2026-08-05-pass1-semantic-rehabilitation,RECLASSIFIED
CAN-LAM-ARCH-457,Code that must remain temporarily,"When Code that must remain temporarily is exercised in 29. Final Planning Handoff, Lamha must expose the resulting state and preserve the prior durable state if validation or execution fails.",Planning handoff must record code that must remain temporarily and the reviewed phase when it may be removed.,CONSTRAINT,,,Planning and verification governance,,Handoff validation must require removal-phase records.,Handoff field label; reclassified as a completeness constraint.,Pass 1 semantic rehabilitation; matched=[EXACT_LEGACY_OUTPUT]; section=29. Final Planning Handoff; parent=none,RECLASSIFY_CONSTRAINT,AI_SEMANTIC_REVIEW_PASS1,2026-08-05-pass1-semantic-rehabilitation,RECLASSIFIED
CAN-LAM-TEST-022,Mapping coverage,"When Mapping coverage is exercised in 29. Final Planning Handoff, Lamha must expose the resulting state and preserve the prior durable state if validation or execution fails.",Mapping coverage must be measured against the reviewed source rows and must fail validation when coverage is incomplete.,CONSTRAINT,,,Planning and verification governance,,Coverage validation must reject unmapped source rows.,Handoff field label; reclassified as a coverage constraint.,Pass 1 semantic rehabilitation; matched=[EXACT_LEGACY_OUTPUT]; section=29. Final Planning Handoff; parent=none,RECLASSIFY_CONSTRAINT,AI_SEMANTIC_REVIEW_PASS1,2026-08-05-pass1-semantic-rehabilitation,RECLASSIFIED
CAN-LAM-EVENT-007,Normalized managed Event Folders.,"When a configured library encounters Normalized managed Event Folders during 3. Final Physical Media Library, Rust must apply authorized-root and access-mode rules, expose the resulting root or asset state, and leave files unchanged if validation, permission, or I/O checks fail.",The physical library must use normalized managed Event Folders with the reviewed naming rules and must not create folders outside the approved layout.,ACCEPTANCE_CRITERION,CAN-SECTION-0152,"Given a physical library, when event folders are created, then they follow the normalized managed naming rules.",Libraries and storage,I6,Event-folder naming fixture.,Label names normalized event folders; rewrite adds the layout rule.,Pass 1 semantic rehabilitation; matched=[EXACT_LEGACY_OUTPUT]; section=3. Final Physical Media Library; parent=CAN-SECTION-0152,REWRITE_AS_ACCEPTANCE_CRITERION,AI_SEMANTIC_REVIEW_PASS1,2026-08-05-pass1-semantic-rehabilitation,REVIEWED_CORRECTED
CAN-LAM-EVENT-008,Manage Later/ intake.,"When Manage Later/ intake is requested in 3. Final Physical Media Library, Lamha must produce or update a reviewable event plan, show its membership and filesystem effects, and make no authoritative or filesystem change if validation or confirmation fails.",Manage Later intake must place newly discovered assets into the reviewed intake state without moving media until an approved operation plan exists.,ACCEPTANCE_CRITERION,CAN-SECTION-0153,"Given newly discovered assets, when intake runs, then they enter Manage Later state and no media moves until an approved plan.",Events and organization,I6,Intake fixture with plan gating.,Label names Manage Later intake; rewrite adds intake state and plan gating.,Pass 1 semantic rehabilitation; matched=[EXACT_LEGACY_OUTPUT]; section=3. Final Physical Media Library; parent=CAN-SECTION-0153,REWRITE_AS_ACCEPTANCE_CRITERION,AI_SEMANTIC_REVIEW_PASS1,2026-08-05-pass1-semantic-rehabilitation,REVIEWED_CORRECTED
CAN-LAM-FOLDER-008,Linked Folders indexed in place.,"When Linked Folders indexed in place is requested in 3. Final Physical Media Library, Lamha must produce or update a reviewable event plan, show its membership and filesystem effects, and make no authoritative or filesystem change if validation or confirmation fails.",Linked Folders must be indexed in place and must never be moved or renamed by automated organization.,ACCEPTANCE_CRITERION,CAN-SECTION-0153,"Given a Linked Folder, when indexing runs, then its assets are indexed at their existing paths and no move or rename occurs.",Events and organization,I6,Linked-folder fixture with no-mutation assertion.,Label names linked-folder indexing; rewrite adds in-place indexing and no-mutation.,Pass 1 semantic rehabilitation; matched=[EXACT_LEGACY_OUTPUT]; section=3. Final Physical Media Library; parent=CAN-SECTION-0153,REWRITE_AS_ACCEPTANCE_CRITERION,AI_SEMANTIC_REVIEW_PASS1,2026-08-05-pass1-semantic-rehabilitation,REVIEWED_CORRECTED
CAN-LAM-GOV-082,Inventory the whole codebase,"When Inventory the whole codebase is exercised in 3. First Stage Is Planning and Mapping Only, Lamha must expose the resulting state and preserve the prior durable state if validation or execution fails.",The planning stage must inventory the whole codebase before mapping and must reject mapping claims for uninventoried code.,CONSTRAINT,,,Planning and verification governance,,Mapping validation must require full inventory.,Planning-stage label; reclassified as a completeness constraint.,Pass 1 semantic rehabilitation; matched=[EXACT_LEGACY_OUTPUT]; section=3. First Stage Is Planning and Mapping Only; parent=none,RECLASSIFY_CONSTRAINT,AI_SEMANTIC_REVIEW_PASS1,2026-08-05-pass1-semantic-rehabilitation,RECLASSIFIED
CAN-LAM-GOV-088,Classify every area,"When Classify every area is exercised in 3. First Stage Is Planning and Mapping Only, Lamha must expose the resulting state and preserve the prior durable state if validation or execution fails.",The planning stage must classify every code area and must reject unclassified areas before implementation.,CONSTRAINT,,,Planning and verification governance,,Plan validation must reject unclassified areas.,Planning-stage label; reclassified as a completeness constraint.,Pass 1 semantic rehabilitation; matched=[EXACT_LEGACY_OUTPUT]; section=3. First Stage Is Planning and Mapping Only; parent=none,RECLASSIFY_CONSTRAINT,AI_SEMANTIC_REVIEW_PASS1,2026-08-05-pass1-semantic-rehabilitation,RECLASSIFIED
CAN-LAM-GOV-089,Double-check coverage,"When Double-check coverage is exercised in 3. First Stage Is Planning and Mapping Only, Lamha must expose the resulting state and preserve the prior durable state if validation or execution fails.",The planning stage must double-check coverage and must not declare mapping complete while coverage gaps remain.,CONSTRAINT,,,Planning and verification governance,,Coverage double-check must fail on gaps.,Planning-stage label; reclassified as a coverage constraint.,Pass 1 semantic rehabilitation; matched=[EXACT_LEGACY_OUTPUT]; section=3. First Stage Is Planning and Mapping Only; parent=none,RECLASSIFY_CONSTRAINT,AI_SEMANTIC_REVIEW_PASS1,2026-08-05-pass1-semantic-rehabilitation,RECLASSIFIED
CAN-LAM-GOV-093,Do not delete code.,"When Do not delete code is exercised in 3. First Stage Is Planning and Mapping Only, Lamha must expose the resulting state and preserve the prior durable state if validation or execution fails.",The planning stage must not delete code; all existing code remains in place until a reviewed removal plan exists.,CONSTRAINT,,,Planning and verification governance,,Planning validation must fail on any deletion instruction.,Planning-stage label; reclassified as a no-deletion constraint.,Pass 1 semantic rehabilitation; matched=[EXACT_LEGACY_OUTPUT]; section=3. First Stage Is Planning and Mapping Only; parent=none,RECLASSIFY_CONSTRAINT,AI_SEMANTIC_REVIEW_PASS1,2026-08-05-pass1-semantic-rehabilitation,RECLASSIFIED
CAN-LAM-GOV-096,Do not rename packages.,"When Do not rename packages is exercised in 3. First Stage Is Planning and Mapping Only, Lamha must expose the resulting state and preserve the prior durable state if validation or execution fails.",The planning stage must not rename packages; package renames require a reviewed migration plan.,CONSTRAINT,,,Planning and verification governance,,Planning validation must fail on package-rename instructions.,Planning-stage label; reclassified as a no-rename constraint.,Pass 1 semantic rehabilitation; matched=[EXACT_LEGACY_OUTPUT]; section=3. First Stage Is Planning and Mapping Only; parent=none,RECLASSIFY_CONSTRAINT,AI_SEMANTIC_REVIEW_PASS1,2026-08-05-pass1-semantic-rehabilitation,RECLASSIFIED
CAN-LAM-GOV-097,Do not remove dependencies.,"When Do not remove dependencies is exercised in 3. First Stage Is Planning and Mapping Only, Lamha must expose the resulting state and preserve the prior durable state if validation or execution fails.",The planning stage must not remove dependencies; dependency removal requires a reviewed replacement plan.,CONSTRAINT,,,Planning and verification governance,,Planning validation must fail on dependency-removal instructions.,Planning-stage label; reclassified as a no-removal constraint.,Pass 1 semantic rehabilitation; matched=[EXACT_LEGACY_OUTPUT]; section=3. First Stage Is Planning and Mapping Only; parent=none,RECLASSIFY_CONSTRAINT,AI_SEMANTIC_REVIEW_PASS1,2026-08-05-pass1-semantic-rehabilitation,RECLASSIFIED
CAN-LAM-GOV-098,Do not migrate data.,"When Do not migrate data is exercised in 3. First Stage Is Planning and Mapping Only, Lamha must expose the resulting state and preserve the prior durable state if validation or execution fails.",The planning stage must not migrate data; data migration requires a separately reviewed implementation phase.,CONSTRAINT,,,Planning and verification governance,,Planning validation must fail on data-migration instructions.,Planning-stage label; reclassified as a no-migration constraint.,Pass 1 semantic rehabilitation; matched=[EXACT_LEGACY_OUTPUT]; section=3. First Stage Is Planning and Mapping Only; parent=none,RECLASSIFY_CONSTRAINT,AI_SEMANTIC_REVIEW_PASS1,2026-08-05-pass1-semantic-rehabilitation,RECLASSIFIED
CAN-LAM-EVENT-009,Use the event start date:,"When a configured library encounters Use the event start date during 3.1 Event-folder naming, Rust must apply authorized-root and access-mode rules, expose the resulting root or asset state, and leave files unchanged if validation, permission, or I/O checks fail.",Event folder naming must use the approved event start date and must never derive the authoritative date from capture-time suggestions.,ACCEPTANCE_CRITERION,CAN-SECTION-0154,"Given an approved start date, when the event folder is named, then the folder uses that date and capture-time suggestions remain non-authoritative.",Libraries and storage,I6,Event-start-date fixture.,Label names start-date usage; rewrite adds date authority and no-inference.,Pass 1 semantic rehabilitation; matched=[EXACT_LEGACY_OUTPUT]; section=3.1 Event-folder naming; parent=CAN-SECTION-0154,REWRITE_AS_ACCEPTANCE_CRITERION,AI_SEMANTIC_REVIEW_PASS1,2026-08-05-pass1-semantic-rehabilitation,REVIEWED_CORRECTED
CAN-LAM-ARCH-291,GPS,"When privacy removal targets GPS metadata, Lamha must create a reviewed mutation/export plan that preserves source provenance and the managed original while removing approved coordinate fields only from the selected output or authoritative revision.","When privacy removal targets GPS metadata, Lamha must create a reviewed mutation/export plan that preserves source provenance and the managed original while removing approved coordinate fields only from the selected output or authoritative revision.",ACCEPTANCE_CRITERION,CAN-SECTION-0097,"When privacy removal targets GPS metadata, Lamha must create a reviewed mutation/export plan that preserves source provenance and the managed original while removing approved coordinate fields only from the selected output or authoritative revision.",Metadata privacy removal,I11,"Given an asset with embedded, JSON, and XMP coordinates, when a privacy-clean export is approved, then the export contains none of the selected GPS fields, the managed original hash is unchanged, and the recipe records every removed field.","Statement is already record-specific and observable (privacy removal targets GPS metadata, creates a reviewed mutation plan, preserves originals); it does not reproduce a legacy template.",Pass 1 semantic rehabilitation; matched=[LABEL_ONLY]; section=30.2 Remove embedded metadata; parent=CAN-SECTION-0097,KEEP_WITH_EXPLICIT_JUSTIFICATION,AI_SEMANTIC_REVIEW_PASS1,2026-08-05-pass1-semantic-rehabilitation,REVIEWED_CONFIRMED
CAN-LAM-ARCH-292,Device serial data,"When the 30.2 Remove embedded metadata workflow reads or changes Device serial data, it must preserve the value, authority, and provenance in the appropriate durable record and expose the resulting revision to the derived index. Missing, malformed, or conflicting input must be reported without discarding the last valid value.","When embedded-metadata removal targets device serial data, Lamha must remove it from the exported copy while preserving the original file.",ACCEPTANCE_CRITERION,CAN-SECTION-0097,"Given a privacy export targeting device serial data, when the export runs, then the field is absent from the copy and the original remains unchanged.",Editing,I11,Device-serial removal fixture.,Privacy-field label; rewrite adds removal and preservation results.,Pass 1 semantic rehabilitation; matched=[EXACT_LEGACY_OUTPUT]; section=30.2 Remove embedded metadata; parent=CAN-SECTION-0097,REWRITE_AS_ACCEPTANCE_CRITERION,AI_SEMANTIC_REVIEW_PASS1,2026-08-05-pass1-semantic-rehabilitation,REVIEWED_CORRECTED
CAN-LAM-ARCH-293,Identifying camera fields,"When the 30.2 Remove embedded metadata workflow reads or changes Identifying camera fields, it must preserve the value, authority, and provenance in the appropriate durable record and expose the resulting revision to the derived index. Missing, malformed, or conflicting input must be reported without discarding the last valid value.","When embedded-metadata removal targets identifying camera fields, Lamha must remove them from the exported copy while preserving the original file.",ACCEPTANCE_CRITERION,CAN-SECTION-0097,"Given a privacy export targeting identifying camera fields, when the export runs, then those fields are absent from the copy and the original remains unchanged.",Editing,I11,Camera-field removal fixture.,Privacy-field label; rewrite adds removal and preservation results.,Pass 1 semantic rehabilitation; matched=[EXACT_LEGACY_OUTPUT]; section=30.2 Remove embedded metadata; parent=CAN-SECTION-0097,REWRITE_AS_ACCEPTANCE_CRITERION,AI_SEMANTIC_REVIEW_PASS1,2026-08-05-pass1-semantic-rehabilitation,REVIEWED_CORRECTED
CAN-LAM-ARCH-294,Author/creator,"When the 30.2 Remove embedded metadata workflow reads or changes Author/creator, it must preserve the value, authority, and provenance in the appropriate durable record and expose the resulting revision to the derived index. Missing, malformed, or conflicting input must be reported without discarding the last valid value.","When embedded-metadata removal targets author or creator fields, Lamha must remove them from the exported copy while preserving the original file.",ACCEPTANCE_CRITERION,CAN-SECTION-0097,"Given a privacy export targeting author/creator fields, when the export runs, then those fields are absent from the copy and the original remains unchanged.",Editing,I11,Author-field removal fixture.,Privacy-field label; rewrite adds removal and preservation results.,Pass 1 semantic rehabilitation; matched=[EXACT_LEGACY_OUTPUT]; section=30.2 Remove embedded metadata; parent=CAN-SECTION-0097,REWRITE_AS_ACCEPTANCE_CRITERION,AI_SEMANTIC_REVIEW_PASS1,2026-08-05-pass1-semantic-rehabilitation,REVIEWED_CORRECTED
CAN-LAM-ARCH-295,Comments,"When the 30.2 Remove embedded metadata workflow reads or changes Comments, it must preserve the value, authority, and provenance in the appropriate durable record and expose the resulting revision to the derived index. Missing, malformed, or conflicting input must be reported without discarding the last valid value.","When embedded-metadata removal targets comments, Lamha must remove them from the exported copy while preserving the original file.",ACCEPTANCE_CRITERION,CAN-SECTION-0097,"Given a privacy export targeting comments, when the export runs, then comments are absent from the copy and the original remains unchanged.",Editing,I11,Comment-removal fixture.,Privacy-field label; rewrite adds removal and preservation results.,Pass 1 semantic rehabilitation; matched=[EXACT_LEGACY_OUTPUT]; section=30.2 Remove embedded metadata; parent=CAN-SECTION-0097,REWRITE_AS_ACCEPTANCE_CRITERION,AI_SEMANTIC_REVIEW_PASS1,2026-08-05-pass1-semantic-rehabilitation,REVIEWED_CORRECTED
CAN-LAM-ARCH-296,Descriptions,"When the 30.2 Remove embedded metadata workflow reads or changes Descriptions, it must preserve the value, authority, and provenance in the appropriate durable record and expose the resulting revision to the derived index. Missing, malformed, or conflicting input must be reported without discarding the last valid value.","When embedded-metadata removal targets descriptions, Lamha must remove them from the exported copy while preserving the original file.",ACCEPTANCE_CRITERION,CAN-SECTION-0097,"Given a privacy export targeting descriptions, when the export runs, then descriptions are absent from the copy and the original remains unchanged.",Editing,I11,Description-removal fixture.,Privacy-field label; rewrite adds removal and preservation results.,Pass 1 semantic rehabilitation; matched=[EXACT_LEGACY_OUTPUT]; section=30.2 Remove embedded metadata; parent=CAN-SECTION-0097,REWRITE_AS_ACCEPTANCE_CRITERION,AI_SEMANTIC_REVIEW_PASS1,2026-08-05-pass1-semantic-rehabilitation,REVIEWED_CORRECTED
CAN-LAM-ARCH-297,Custom field selections,"When the 30.2 Remove embedded metadata workflow reads or changes Custom field selections, it must preserve the value, authority, and provenance in the appropriate durable record and expose the resulting revision to the derived index. Missing, malformed, or conflicting input must be reported without discarding the last valid value.","When embedded-metadata removal targets custom field selections, Lamha must remove exactly the selected fields from the exported copy while preserving the original file.",ACCEPTANCE_CRITERION,CAN-SECTION-0097,"Given a privacy export with selected custom fields, when the export runs, then only the selected fields are removed from the copy and the original remains unchanged.",Editing,I11,Custom-field removal fixture.,Privacy-field label; rewrite adds exact-selection and preservation results.,Pass 1 semantic rehabilitation; matched=[EXACT_LEGACY_OUTPUT]; section=30.2 Remove embedded metadata; parent=CAN-SECTION-0097,REWRITE_AS_ACCEPTANCE_CRITERION,AI_SEMANTIC_REVIEW_PASS1,2026-08-05-pass1-semantic-rehabilitation,REVIEWED_CORRECTED
CAN-LAM-META-044,All removable embedded metadata,"When the 30.2 Remove embedded metadata workflow reads or changes All removable embedded metadata, it must preserve the value, authority, and provenance in the appropriate durable record and expose the resulting revision to the derived index. Missing, malformed, or conflicting input must be reported without discarding the last valid value.","When embedded-metadata removal targets all removable fields, Lamha must produce an export copy stripped of every removable field while preserving the original file.",ACCEPTANCE_CRITERION,CAN-SECTION-0097,"Given a full privacy export, when removal runs, then every removable embedded field is absent from the copy and the original remains unchanged.",Editing,I11,Full-privacy-export fixture.,Privacy-field label; rewrite adds full-strip and preservation results.,Pass 1 semantic rehabilitation; matched=[EXACT_LEGACY_OUTPUT]; section=30.2 Remove embedded metadata; parent=CAN-SECTION-0097,REWRITE_AS_ACCEPTANCE_CRITERION,AI_SEMANTIC_REVIEW_PASS1,2026-08-05-pass1-semantic-rehabilitation,REVIEWED_CORRECTED
CAN-LAM-AI-042,AI tags,"When the 30.4 Face and AI privacy workflow reads or changes AI tags, it must preserve the value, authority, and provenance in the appropriate durable record and expose the resulting revision to the derived index. Missing, malformed, or conflicting input must be reported without discarding the last valid value.","When face and AI privacy controls run, Lamha must let the user delete AI tags from the derived projections and rebuild them from versioned records without changing the original assets.",ACCEPTANCE_CRITERION,CAN-SECTION-0023,"Given stored AI tags, when deletion is confirmed, then the tags are removed from projections and rebuild restores them from versioned records.",Metadata,I8,AI-tag privacy fixture.,Privacy-field label; rewrite adds deletion and rebuild results.,Pass 1 semantic rehabilitation; matched=[EXACT_LEGACY_OUTPUT]; section=30.4 Face and AI privacy; parent=CAN-SECTION-0023,REWRITE_AS_ACCEPTANCE_CRITERION,AI_SEMANTIC_REVIEW_PASS1,2026-08-05-pass1-semantic-rehabilitation,REVIEWED_CORRECTED
CAN-LAM-ARCH-298,Embeddings,"When the 30.4 Face and AI privacy workflow reads or changes Embeddings, it must preserve the value, authority, and provenance in the appropriate durable record and expose the resulting revision to the derived index. Missing, malformed, or conflicting input must be reported without discarding the last valid value.","When face and AI privacy controls run, Lamha must let the user delete embeddings from the derived projections and rebuild them from versioned records.",ACCEPTANCE_CRITERION,CAN-SECTION-0023,"Given stored embeddings, when deletion is confirmed, then the embeddings are removed and rebuild restores them from versioned records.",Metadata,I7,Embedding-privacy fixture.,Privacy-field label; rewrite adds deletion and rebuild results.,Pass 1 semantic rehabilitation; matched=[EXACT_LEGACY_OUTPUT]; section=30.4 Face and AI privacy; parent=CAN-SECTION-0023,REWRITE_AS_ACCEPTANCE_CRITERION,AI_SEMANTIC_REVIEW_PASS1,2026-08-05-pass1-semantic-rehabilitation,REVIEWED_CORRECTED
CAN-LAM-ARCH-299,Entire library,"When the 30.4 Face and AI privacy workflow reads or changes Entire library, it must preserve the value, authority, and provenance in the appropriate durable record and expose the resulting revision to the derived index. Missing, malformed, or conflicting input must be reported without discarding the last valid value.","When the user requests entire-library AI data deletion, Lamha must delete all AI-derived projections and rebuild only from remaining versioned records.",ACCEPTANCE_CRITERION,CAN-SECTION-0023,"Given an entire-library deletion request, when it is confirmed, then all AI-derived projections are deleted and rebuild restores only what versioned records retain.",Metadata,I7,Entire-library privacy fixture.,Privacy-scope label; rewrite adds whole-library deletion and rebuild results.,Pass 1 semantic rehabilitation; matched=[EXACT_LEGACY_OUTPUT]; section=30.4 Face and AI privacy; parent=CAN-SECTION-0023,REWRITE_AS_ACCEPTANCE_CRITERION,AI_SEMANTIC_REVIEW_PASS1,2026-08-05-pass1-semantic-rehabilitation,REVIEWED_CORRECTED
CAN-LAM-ASSET-137,One asset,"When the user invokes One asset in 30.4 Face and AI privacy, the viewer must apply or display the behavior for the selected asset, expose the resulting UI state, and preserve the original media when the operation or format is unavailable.","When the user requests AI data deletion for one asset, Lamha must delete that asset's AI-derived projections and rebuild them from versioned records without changing the asset file.",ACCEPTANCE_CRITERION,CAN-SECTION-0135,"Given one asset, when deletion is confirmed, then its AI projections are deleted and the asset file remains unchanged.",Asset viewer,I7,One-asset privacy fixture.,Privacy-scope label; rewrite adds scoped deletion and no-mutation.,Pass 1 semantic rehabilitation; matched=[EXACT_LEGACY_OUTPUT]; section=30.4 Face and AI privacy; parent=CAN-SECTION-0135,REWRITE_AS_ACCEPTANCE_CRITERION,AI_SEMANTIC_REVIEW_PASS1,2026-08-05-pass1-semantic-rehabilitation,REVIEWED_CORRECTED
CAN-LAM-EVENT-061,One event,"When the 30.4 Face and AI privacy workflow reads or changes One event, it must preserve the value, authority, and provenance in the appropriate durable record and expose the resulting revision to the derived index. Missing, malformed, or conflicting input must be reported without discarding the last valid value.","When the user requests AI data deletion for one event, Lamha must delete that event's AI-derived projections and rebuild them from versioned records without changing media files.",ACCEPTANCE_CRITERION,CAN-SECTION-0023,"Given one event, when deletion is confirmed, then its AI projections are deleted and the event's media files remain unchanged.",Metadata,I6,One-event privacy fixture.,Privacy-scope label; rewrite adds scoped deletion and no-mutation.,Pass 1 semantic rehabilitation; matched=[EXACT_LEGACY_OUTPUT]; section=30.4 Face and AI privacy; parent=CAN-SECTION-0023,REWRITE_AS_ACCEPTANCE_CRITERION,AI_SEMANTIC_REVIEW_PASS1,2026-08-05-pass1-semantic-rehabilitation,REVIEWED_CORRECTED
CAN-LAM-PERSON-093,Face boxes,"When the 30.4 Face and AI privacy workflow reads or changes Face boxes, it must preserve the value, authority, and provenance in the appropriate durable record and expose the resulting revision to the derived index. Missing, malformed, or conflicting input must be reported without discarding the last valid value.","When face and AI privacy controls run, Lamha must let the user delete face boxes from the derived projections and rebuild them from versioned records.",ACCEPTANCE_CRITERION,CAN-SECTION-0023,"Given stored face boxes, when deletion is confirmed, then they are removed from projections and rebuild restores them from versioned records.",Metadata,I7,Face-box privacy fixture.,Privacy-field label; rewrite adds deletion and rebuild results.,Pass 1 semantic rehabilitation; matched=[EXACT_LEGACY_OUTPUT]; section=30.4 Face and AI privacy; parent=CAN-SECTION-0023,REWRITE_AS_ACCEPTANCE_CRITERION,AI_SEMANTIC_REVIEW_PASS1,2026-08-05-pass1-semantic-rehabilitation,REVIEWED_CORRECTED
CAN-LAM-PERSON-094,Person assignments,"When the 30.4 Face and AI privacy workflow manages Person assignments, it must persist the candidate or confirmed state with provenance and revision, expose the resulting state for review, and reject invalid transitions without changing an existing identity or historical interval.","When face and AI privacy controls run, Lamha must let the user delete person assignments from the derived projections while keeping reviewed person records intact.",ACCEPTANCE_CRITERION,CAN-SECTION-0228,"Given stored assignments, when deletion is confirmed, then the assignments are removed from projections and person records remain intact.",People and faces,I7,Assignment-privacy fixture.,Privacy-field label; rewrite adds deletion and record preservation.,Pass 1 semantic rehabilitation; matched=[EXACT_LEGACY_OUTPUT]; section=30.4 Face and AI privacy; parent=CAN-SECTION-0228,REWRITE_AS_ACCEPTANCE_CRITERION,AI_SEMANTIC_REVIEW_PASS1,2026-08-05-pass1-semantic-rehabilitation,REVIEWED_CORRECTED
CAN-LAM-PERSON-095,Relationship links,"When the 30.4 Face and AI privacy workflow manages Relationship links, it must persist the candidate or confirmed state with provenance and revision, expose the resulting state for review, and reject invalid transitions without changing an existing identity or historical interval.","When face and AI privacy controls run, Lamha must let the user delete relationship links from the derived projections while keeping reviewed relationship records intact.",ACCEPTANCE_CRITERION,CAN-SECTION-0228,"Given stored relationship links, when deletion is confirmed, then the links are removed from projections and relationship records remain intact.",People and faces,I8,Relationship-link privacy fixture.,Privacy-field label; rewrite adds deletion and record preservation.,Pass 1 semantic rehabilitation; matched=[EXACT_LEGACY_OUTPUT]; section=30.4 Face and AI privacy; parent=CAN-SECTION-0228,REWRITE_AS_ACCEPTANCE_CRITERION,AI_SEMANTIC_REVIEW_PASS1,2026-08-05-pass1-semantic-rehabilitation,REVIEWED_CORRECTED
CAN-LAM-PERSON-096,One person,"When the 30.4 Face and AI privacy workflow manages One person, it must persist the candidate or confirmed state with provenance and revision, expose the resulting state for review, and reject invalid transitions without changing an existing identity or historical interval.","When the user requests AI data deletion for one person, Lamha must delete that person's AI-derived projections and rebuild them from versioned records without deleting the person profile.",ACCEPTANCE_CRITERION,CAN-SECTION-0228,"Given one person, when deletion is confirmed, then the person's AI projections are deleted and the profile remains intact.",People and faces,I7,One-person privacy fixture.,Privacy-scope label; rewrite adds scoped deletion and profile preservation.,Pass 1 semantic rehabilitation; matched=[EXACT_LEGACY_OUTPUT]; section=30.4 Face and AI privacy; parent=CAN-SECTION-0228,REWRITE_AS_ACCEPTANCE_CRITERION,AI_SEMANTIC_REVIEW_PASS1,2026-08-05-pass1-semantic-rehabilitation,REVIEWED_CORRECTED
CAN-LAM-DELETE-367,Never delete before replacement.,"When Never delete before replacement is exercised in 32. Rules for Autonomous Codex Runs, Lamha must expose the resulting state and preserve the prior durable state if validation or execution fails.",Autonomous cleanup must never delete code or data before a reviewed replacement is active; deletion requires replacement verification.,CONSTRAINT,,,Planning and verification governance,,Cleanup validation must fail on deletion without replacement.,Autonomous-rule label; reclassified as a replacement-before-deletion constraint.,Pass 1 semantic rehabilitation; matched=[EXACT_LEGACY_OUTPUT]; section=32. Rules for Autonomous Codex Runs; parent=none,RECLASSIFY_CONSTRAINT,AI_SEMANTIC_REVIEW_PASS1,2026-08-05-pass1-semantic-rehabilitation,RECLASSIFIED
CAN-LAM-ARCH-305,Collision warning,"When Collision warning participates in 32. Trash, the authoritative record or transaction must persist its revision and provenance before derived-index publication, and any failed write must leave a recoverable prior state.","When a trash operation would collide with an existing path, Lamha must warn before committing and require an explicit resolution.",ACCEPTANCE_CRITERION,CAN-SECTION-0100,"Given a trash collision, when the operation is prepared, then a warning is shown and nothing commits until resolution.","Backup, trash, restore and rebuild",I13,Trash-collision fixture.,Trash label; rewrite adds warning and approval.,Pass 1 semantic rehabilitation; matched=[EXACT_LEGACY_OUTPUT]; section=32. Trash; parent=CAN-SECTION-0100,REWRITE_AS_ACCEPTANCE_CRITERION,AI_SEMANTIC_REVIEW_PASS1,2026-08-05-pass1-semantic-rehabilitation,REVIEWED_CORRECTED
CAN-LAM-ARCH-306,Operation record,"When Operation record participates in 32. Trash, the authoritative record or transaction must persist its revision and provenance before derived-index publication, and any failed write must leave a recoverable prior state.","Every trash operation must record a typed operation record with source path, target path, and restore metadata.",ACCEPTANCE_CRITERION,CAN-SECTION-0100,"Given a trash operation, when it commits, then an operation record with source, target, and restore metadata is persisted.","Backup, trash, restore and rebuild",I13,Trash-record fixture.,Trash label; rewrite adds the operation record.,Pass 1 semantic rehabilitation; matched=[EXACT_LEGACY_OUTPUT]; section=32. Trash; parent=CAN-SECTION-0100,REWRITE_AS_ACCEPTANCE_CRITERION,AI_SEMANTIC_REVIEW_PASS1,2026-08-05-pass1-semantic-rehabilitation,REVIEWED_CORRECTED
CAN-LAM-ARCH-307,No automatic purge by default,"When No automatic purge by default participates in 32. Trash, the authoritative record or transaction must persist its revision and provenance before derived-index publication, and any failed write must leave a recoverable prior state.",Trash must not purge automatically by default; purging requires an explicit user action and reviewed confirmation.,ACCEPTANCE_CRITERION,CAN-SECTION-0100,"Given a trashed asset, when no purge action is taken, then the asset remains in trash indefinitely.","Backup, trash, restore and rebuild",I13,No-purge fixture.,Trash label; rewrite adds the no-auto-purge rule.,Pass 1 semantic rehabilitation; matched=[EXACT_LEGACY_OUTPUT]; section=32. Trash; parent=CAN-SECTION-0100,REWRITE_AS_ACCEPTANCE_CRITERION,AI_SEMANTIC_REVIEW_PASS1,2026-08-05-pass1-semantic-rehabilitation,REVIEWED_CORRECTED
CAN-LAM-ASSET-140,Complete asset bundle moved together,"When the user invokes Complete asset bundle moved together in 32. Trash, the viewer must apply or display the behavior for the selected asset, expose the resulting UI state, and preserve the original media when the operation or format is unavailable.","When an asset is trashed, Lamha must move the complete asset bundle (media, sidecars, and companions) together.",ACCEPTANCE_CRITERION,CAN-SECTION-0137,"Given an asset bundle, when trash commits, then every bundle member moves together.","Backup, trash, restore and rebuild",I13,Bundle-trash fixture.,Trash label; rewrite adds bundle cohesion.,Pass 1 semantic rehabilitation; matched=[EXACT_LEGACY_OUTPUT]; section=32. Trash; parent=CAN-SECTION-0137,REWRITE_AS_ACCEPTANCE_CRITERION,AI_SEMANTIC_REVIEW_PASS1,2026-08-05-pass1-semantic-rehabilitation,REVIEWED_CORRECTED
CAN-LAM-EVENT-062,Event and tag references preserved,"When Event and tag references preserved is proposed or changed in 32. Trash, Lamha must persist a namespaced, revisioned tag candidate or assignment, expose the decision for review, and preserve prior assignments on validation failure.","When an asset is trashed, Lamha must preserve its event and tag references so restore returns the asset to the same organizational state.",ACCEPTANCE_CRITERION,CAN-SECTION-0165,"Given a trashed asset with event and tag references, when restore runs, then the references are intact.","Backup, trash, restore and rebuild",I13,Reference-preservation fixture.,Trash label; rewrite adds reference preservation.,Pass 1 semantic rehabilitation; matched=[EXACT_LEGACY_OUTPUT]; section=32. Trash; parent=CAN-SECTION-0165,REWRITE_AS_ACCEPTANCE_CRITERION,AI_SEMANTIC_REVIEW_PASS1,2026-08-05-pass1-semantic-rehabilitation,REVIEWED_CORRECTED
CAN-LAM-FOLDER-045,Original path preserved,"When a configured library encounters Original path preserved during 32. Trash, Rust must apply authorized-root and access-mode rules, expose the resulting root or asset state, and leave files unchanged if validation, permission, or I/O checks fail.",Trash must preserve the original path of every trashed asset and restore must return it to that path.,ACCEPTANCE_CRITERION,CAN-SECTION-0177,"Given a trashed asset, when restore runs, then the asset returns to its original path.","Backup, trash, restore and rebuild",I13,Original-path restore fixture.,Trash label; rewrite adds original-path preservation.,Pass 1 semantic rehabilitation; matched=[EXACT_LEGACY_OUTPUT]; section=32. Trash; parent=CAN-SECTION-0177,REWRITE_AS_ACCEPTANCE_CRITERION,AI_SEMANTIC_REVIEW_PASS1,2026-08-05-pass1-semantic-rehabilitation,REVIEWED_CORRECTED
CAN-LAM-ARCH-309,External rename,"When a configured library encounters External rename during 33. External Filesystem and Drive Behaviour, Rust must apply authorized-root and access-mode rules, expose the resulting root or asset state, and leave files unchanged if validation, permission, or I/O checks fail.","When an external rename is detected, Lamha must reconcile the derived path index using exact identity or full-hash matching and must not auto-match on filename or partial hash alone.",ACCEPTANCE_CRITERION,CAN-SECTION-0101,"Given an externally renamed asset, when detection runs, then the path index updates only on exact identity/full-hash evidence and ambiguous cases open Review.",External drives and path resilience,I12,External-rename fixture.,External-change label; rewrite adds the identity rule and review outcome.,Pass 1 semantic rehabilitation; matched=[EXACT_LEGACY_OUTPUT]; section=33. External Filesystem and Drive Behaviour; parent=CAN-SECTION-0101,REWRITE_AS_ACCEPTANCE_CRITERION,AI_SEMANTIC_REVIEW_PASS1,2026-08-05-pass1-semantic-rehabilitation,REVIEWED_CORRECTED
CAN-LAM-ARCH-310,External move,"When a configured library encounters External move during 33. External Filesystem and Drive Behaviour, Rust must apply authorized-root and access-mode rules, expose the resulting root or asset state, and leave files unchanged if validation, permission, or I/O checks fail.","When an external move is detected, Lamha must update the path index on exact identity or full-hash evidence and must not follow the file across unauthorized boundaries.",ACCEPTANCE_CRITERION,CAN-SECTION-0101,"Given an externally moved asset, when detection runs, then the index updates with identity evidence and boundary rules enforced.",External drives and path resilience,I12,External-move fixture.,External-change label; rewrite adds identity evidence and boundary enforcement.,Pass 1 semantic rehabilitation; matched=[EXACT_LEGACY_OUTPUT]; section=33. External Filesystem and Drive Behaviour; parent=CAN-SECTION-0101,REWRITE_AS_ACCEPTANCE_CRITERION,AI_SEMANTIC_REVIEW_PASS1,2026-08-05-pass1-semantic-rehabilitation,REVIEWED_CORRECTED
CAN-LAM-ARCH-311,Sidecar change,"When the 33. External Filesystem and Drive Behaviour workflow reads or changes Sidecar change, it must preserve the value, authority, and provenance in the appropriate durable record and expose the resulting revision to the derived index. Missing, malformed, or conflicting input must be reported without discarding the last valid value.","When a sidecar changes externally, Lamha must validate the new content and reconcile the derived records without overwriting the sidecar.",ACCEPTANCE_CRITERION,CAN-SECTION-0102,"Given an externally changed sidecar, when detection runs, then the change is validated and records reconcile without writing the sidecar.",External drives and path resilience,I12,Sidecar-change fixture.,External-change label; rewrite adds validation and no-write.,Pass 1 semantic rehabilitation; matched=[EXACT_LEGACY_OUTPUT]; section=33. External Filesystem and Drive Behaviour; parent=CAN-SECTION-0102,REWRITE_AS_ACCEPTANCE_CRITERION,AI_SEMANTIC_REVIEW_PASS1,2026-08-05-pass1-semantic-rehabilitation,REVIEWED_CORRECTED
CAN-LAM-ARCH-312,Missing sidecar,"When the 33. External Filesystem and Drive Behaviour workflow reads or changes Missing sidecar, it must preserve the value, authority, and provenance in the appropriate durable record and expose the resulting revision to the derived index. Missing, malformed, or conflicting input must be reported without discarding the last valid value.","When a sidecar is missing externally, Lamha must mark the record degraded and open Review without fabricating values.",ACCEPTANCE_CRITERION,CAN-SECTION-0102,"Given a missing sidecar, when detection runs, then the record is marked degraded and Review opens.",External drives and path resilience,I12,Missing-sidecar external fixture.,External-change label; rewrite adds degraded state and review.,Pass 1 semantic rehabilitation; matched=[EXACT_LEGACY_OUTPUT]; section=33. External Filesystem and Drive Behaviour; parent=CAN-SECTION-0102,REWRITE_AS_ACCEPTANCE_CRITERION,AI_SEMANTIC_REVIEW_PASS1,2026-08-05-pass1-semantic-rehabilitation,REVIEWED_CORRECTED
CAN-LAM-ARCH-313,Full hash,"When a configured library encounters Full hash during 33. External Filesystem and Drive Behaviour, Rust must apply authorized-root and access-mode rules, expose the resulting root or asset state, and leave files unchanged if validation, permission, or I/O checks fail.","When reconciling external changes, a full hash match is sufficient evidence to relink an asset at a new path.",ACCEPTANCE_CRITERION,CAN-SECTION-0101,"Given a full-hash match at a new path, when reconciliation runs, then the asset relinks with identity preserved.",External drives and path resilience,I12,Full-hash relink fixture.,External-change label; rewrite defines full-hash evidence.,Pass 1 semantic rehabilitation; matched=[EXACT_LEGACY_OUTPUT]; section=33. External Filesystem and Drive Behaviour; parent=CAN-SECTION-0101,REWRITE_AS_ACCEPTANCE_CRITERION,AI_SEMANTIC_REVIEW_PASS1,2026-08-05-pass1-semantic-rehabilitation,REVIEWED_CORRECTED
CAN-LAM-ARCH-314,Partial hash,"When a configured library encounters Partial hash during 33. External Filesystem and Drive Behaviour, Rust must apply authorized-root and access-mode rules, expose the resulting root or asset state, and leave files unchanged if validation, permission, or I/O checks fail.",A partial hash match alone must never auto-relink an asset; ambiguous partial matches must open Review.,ACCEPTANCE_CRITERION,CAN-SECTION-0101,"Given a partial-hash match, when reconciliation runs, then no relink occurs and a Review item is created.",External drives and path resilience,I12,Partial-hash fixture.,External-change label; rewrite adds the no-auto-relink rule.,Pass 1 semantic rehabilitation; matched=[EXACT_LEGACY_OUTPUT]; section=33. External Filesystem and Drive Behaviour; parent=CAN-SECTION-0101,REWRITE_AS_ACCEPTANCE_CRITERION,AI_SEMANTIC_REVIEW_PASS1,2026-08-05-pass1-semantic-rehabilitation,REVIEWED_CORRECTED
CAN-LAM-ARCH-315,Capture date,"When a configured library encounters Capture date during 33. External Filesystem and Drive Behaviour, Rust must apply authorized-root and access-mode rules, expose the resulting root or asset state, and leave files unchanged if validation, permission, or I/O checks fail.",Capture date alone must not be used to relink externally changed assets; matching requires identity or full-hash evidence.,ACCEPTANCE_CRITERION,CAN-SECTION-0101,"Given a capture-date match without identity evidence, when reconciliation runs, then no relink occurs.",External drives and path resilience,I12,Date-only fixture.,External-change label; rewrite adds the date-only prohibition.,Pass 1 semantic rehabilitation; matched=[EXACT_LEGACY_OUTPUT]; section=33. External Filesystem and Drive Behaviour; parent=CAN-SECTION-0101,REWRITE_AS_ACCEPTANCE_CRITERION,AI_SEMANTIC_REVIEW_PASS1,2026-08-05-pass1-semantic-rehabilitation,REVIEWED_CORRECTED
CAN-LAM-ARCH-316,Size,"When a configured library encounters Size during 33. External Filesystem and Drive Behaviour, Rust must apply authorized-root and access-mode rules, expose the resulting root or asset state, and leave files unchanged if validation, permission, or I/O checks fail.",File size alone must not be used to relink externally changed assets; matching requires identity or full-hash evidence.,ACCEPTANCE_CRITERION,CAN-SECTION-0101,"Given a size match without identity evidence, when reconciliation runs, then no relink occurs.",External drives and path resilience,I12,Size-only fixture.,External-change label; rewrite adds the size-only prohibition.,Pass 1 semantic rehabilitation; matched=[EXACT_LEGACY_OUTPUT]; section=33. External Filesystem and Drive Behaviour; parent=CAN-SECTION-0101,REWRITE_AS_ACCEPTANCE_CRITERION,AI_SEMANTIC_REVIEW_PASS1,2026-08-05-pass1-semantic-rehabilitation,REVIEWED_CORRECTED
CAN-LAM-ARCH-317,Sidecar references,"When the 33. External Filesystem and Drive Behaviour workflow reads or changes Sidecar references, it must preserve the value, authority, and provenance in the appropriate durable record and expose the resulting revision to the derived index. Missing, malformed, or conflicting input must be reported without discarding the last valid value.",Sidecar references must be reconciled only when the referenced asset identity is confirmed; otherwise the sidecar stays unresolved in Review.,ACCEPTANCE_CRITERION,CAN-SECTION-0102,"Given a sidecar with an unconfirmed reference, when reconciliation runs, then the sidecar remains unresolved in Review.",External drives and path resilience,I12,Sidecar-reference fixture.,External-change label; rewrite adds the reference-confirmation rule.,Pass 1 semantic rehabilitation; matched=[EXACT_LEGACY_OUTPUT]; section=33. External Filesystem and Drive Behaviour; parent=CAN-SECTION-0102,REWRITE_AS_ACCEPTANCE_CRITERION,AI_SEMANTIC_REVIEW_PASS1,2026-08-05-pass1-semantic-rehabilitation,REVIEWED_CORRECTED
CAN-LAM-ASSET-141,New media,"When a configured library encounters New media during 33. External Filesystem and Drive Behaviour, Rust must apply authorized-root and access-mode rules, expose the resulting root or asset state, and leave files unchanged if validation, permission, or I/O checks fail.","When new media appears on a connected external drive, Lamha must scan and index it under the same authorized-root rules.",ACCEPTANCE_CRITERION,CAN-SECTION-0101,"Given new media on a connected external root, when scanning runs, then the media is indexed with a stable identity.",External drives and path resilience,I12,External-new-media fixture.,External-change label; rewrite adds indexing under root rules.,Pass 1 semantic rehabilitation; matched=[EXACT_LEGACY_OUTPUT]; section=33. External Filesystem and Drive Behaviour; parent=CAN-SECTION-0101,REWRITE_AS_ACCEPTANCE_CRITERION,AI_SEMANTIC_REVIEW_PASS1,2026-08-05-pass1-semantic-rehabilitation,REVIEWED_CORRECTED
CAN-LAM-ASSET-142,Asset ID,"When a configured library encounters Asset ID during 33. External Filesystem and Drive Behaviour, Rust must apply authorized-root and access-mode rules, expose the resulting root or asset state, and leave files unchanged if validation, permission, or I/O checks fail.",External reconciliation must preserve the stable asset ID and must never assign a duplicate ID to a relinked asset.,ACCEPTANCE_CRITERION,CAN-SECTION-0101,"Given a relinked asset, when reconciliation runs, then the asset ID is preserved and no duplicate ID is created.",External drives and path resilience,I12,Asset-ID reconciliation fixture.,External-change label; rewrite adds ID preservation and no-duplication.,Pass 1 semantic rehabilitation; matched=[EXACT_LEGACY_OUTPUT]; section=33. External Filesystem and Drive Behaviour; parent=CAN-SECTION-0101,REWRITE_AS_ACCEPTANCE_CRITERION,AI_SEMANTIC_REVIEW_PASS1,2026-08-05-pass1-semantic-rehabilitation,REVIEWED_CORRECTED
CAN-LAM-DELETE-002,External delete,"When a configured library encounters External delete during 33. External Filesystem and Drive Behaviour, Rust must apply authorized-root and access-mode rules, expose the resulting root or asset state, and leave files unchanged if validation, permission, or I/O checks fail.","When an external delete is detected, Lamha must confirm the deletion with identity evidence and move the asset to trash or Review before removing any record.",ACCEPTANCE_CRITERION,CAN-SECTION-0101,"Given a detected external delete, when reconciliation runs, then the asset enters trash or Review and no record is removed without confirmation.",External drives and path resilience,I12,External-delete fixture.,External-change label; rewrite adds confirmation and reversible handling.,Pass 1 semantic rehabilitation; matched=[EXACT_LEGACY_OUTPUT]; section=33. External Filesystem and Drive Behaviour; parent=CAN-SECTION-0101,REWRITE_AS_ACCEPTANCE_CRITERION,AI_SEMANTIC_REVIEW_PASS1,2026-08-05-pass1-semantic-rehabilitation,REVIEWED_CORRECTED
CAN-LAM-DUPLICATE-008,Duplicate copy,"When a configured library encounters Duplicate copy during 33. External Filesystem and Drive Behaviour, Rust must apply authorized-root and access-mode rules, expose the resulting root or asset state, and leave files unchanged if validation, permission, or I/O checks fail.","When a duplicate copy appears on an external drive, Lamha must create a reviewable duplicate candidate and must not delete or merge either file automatically.",ACCEPTANCE_CRITERION,CAN-SECTION-0101,"Given a duplicate copy, when detection runs, then a candidate is created and no file changes before confirmation.",External drives and path resilience,I12,External-duplicate fixture.,External-change label; rewrite adds candidate creation and no-mutation.,Pass 1 semantic rehabilitation; matched=[EXACT_LEGACY_OUTPUT]; section=33. External Filesystem and Drive Behaviour; parent=CAN-SECTION-0101,REWRITE_AS_ACCEPTANCE_CRITERION,AI_SEMANTIC_REVIEW_PASS1,2026-08-05-pass1-semantic-rehabilitation,REVIEWED_CORRECTED
CAN-LAM-FOLDER-046,New folder,"When a configured library encounters New folder during 33. External Filesystem and Drive Behaviour, Rust must apply authorized-root and access-mode rules, expose the resulting root or asset state, and leave files unchanged if validation, permission, or I/O checks fail.","When a new folder appears on an external drive, Lamha must index it under the root rules and must not treat it as authorized until reviewed.",ACCEPTANCE_CRITERION,CAN-SECTION-0101,"Given a new external folder, when scanning runs, then it is indexed under root rules and authorization is reviewed.",External drives and path resilience,I12,External-new-folder fixture.,External-change label; rewrite adds indexing and authorization review.,Pass 1 semantic rehabilitation; matched=[EXACT_LEGACY_OUTPUT]; section=33. External Filesystem and Drive Behaviour; parent=CAN-SECTION-0101,REWRITE_AS_ACCEPTANCE_CRITERION,AI_SEMANTIC_REVIEW_PASS1,2026-08-05-pass1-semantic-rehabilitation,REVIEWED_CORRECTED
CAN-LAM-FOLDER-047,Folder rename,"When a configured library encounters Folder rename during 33. External Filesystem and Drive Behaviour, Rust must apply authorized-root and access-mode rules, expose the resulting root or asset state, and leave files unchanged if validation, permission, or I/O checks fail.","When an external folder is renamed, Lamha must reconcile the path index on identity evidence and must not re-link assets on name alone.",ACCEPTANCE_CRITERION,CAN-SECTION-0101,"Given an externally renamed folder, when reconciliation runs, then the index updates with identity evidence and no asset relinks on name alone.",External drives and path resilience,I12,External-folder-rename fixture.,External-change label; rewrite adds identity-based reconciliation.,Pass 1 semantic rehabilitation; matched=[EXACT_LEGACY_OUTPUT]; section=33. External Filesystem and Drive Behaviour; parent=CAN-SECTION-0101,REWRITE_AS_ACCEPTANCE_CRITERION,AI_SEMANTIC_REVIEW_PASS1,2026-08-05-pass1-semantic-rehabilitation,REVIEWED_CORRECTED
CAN-LAM-FOLDER-048,Drive disconnect,"When a configured library encounters Drive disconnect during 33. External Filesystem and Drive Behaviour, Rust must apply authorized-root and access-mode rules, expose the resulting root or asset state, and leave files unchanged if validation, permission, or I/O checks fail.","When an external drive disconnects, Lamha must switch that root to Detached Index Mode, keep records and pending overlays available, and mark affected operations deferred.",ACCEPTANCE_CRITERION,CAN-SECTION-0101,"Given a disconnect, when it is detected, then the root enters Detached Index Mode with records and overlays available and operations deferred.",External drives and path resilience,I12,Drive-disconnect fixture.,External-change label; rewrite adds detached mode and deferral.,Pass 1 semantic rehabilitation; matched=[EXACT_LEGACY_OUTPUT]; section=33. External Filesystem and Drive Behaviour; parent=CAN-SECTION-0101,REWRITE_AS_ACCEPTANCE_CRITERION,AI_SEMANTIC_REVIEW_PASS1,2026-08-05-pass1-semantic-rehabilitation,REVIEWED_CORRECTED
CAN-LAM-FOLDER-049,Drive reconnect,"When a configured library encounters Drive reconnect during 33. External Filesystem and Drive Behaviour, Rust must apply authorized-root and access-mode rules, expose the resulting root or asset state, and leave files unchanged if validation, permission, or I/O checks fail.","When an external drive reconnects, Lamha must reconcile the root manifest by durable drive identity and offer deterministic resume or rollback for deferred operations.",ACCEPTANCE_CRITERION,CAN-SECTION-0101,"Given a reconnect, when reconciliation runs, then the manifest reconciles by identity and deferred operations offer resume or rollback.",External drives and path resilience,I12,Drive-reconnect fixture.,External-change label; rewrite adds identity reconciliation and recovery.,Pass 1 semantic rehabilitation; matched=[EXACT_LEGACY_OUTPUT]; section=33. External Filesystem and Drive Behaviour; parent=CAN-SECTION-0101,REWRITE_AS_ACCEPTANCE_CRITERION,AI_SEMANTIC_REVIEW_PASS1,2026-08-05-pass1-semantic-rehabilitation,REVIEWED_CORRECTED
CAN-LAM-ARCH-508,When is deletion safe?,Planning context records: When is deletion safe?.,Planning context records: When is deletion safe?.,INFORMATIONAL,,Planning context records: When is deletion safe?.,Planning and verification governance,,Gate 1 scope; Gate 2 compile/build; Gate 3 focused/regression; Gate 8 traceability,Informational planning-context record already states the question it preserves; no legacy template is reproduced.,Pass 1 semantic rehabilitation; matched=[LABEL_ONLY]; section=33. Final Rule; parent=none,KEEP_WITH_EXPLICIT_JUSTIFICATION,AI_SEMANTIC_REVIEW_PASS1,2026-08-05-pass1-semantic-rehabilitation,REVIEWED_CONFIRMED
CAN-LAM-ARCH-318,Familiar gallery grid,"When the user uses Familiar gallery grid in 35. Desktop User Experience, the interface must expose the resulting selection, position, or view state from local data, remain keyboard-operable, and retain the prior stable view if loading fails.","The desktop gallery must provide a familiar grid layout that renders from local data, remains keyboard-operable, and keeps the prior view on load failure.",ACCEPTANCE_CRITERION,CAN-SECTION-0103,"Given a local library, when the gallery grid renders, then the familiar layout is shown from local data and a failed load preserves the prior view.",Gallery and timeline,I14,Gallery-grid fixture with failure retention.,Desktop-UX label; rewrite adds local rendering and stability.,Pass 1 semantic rehabilitation; matched=[EXACT_LEGACY_OUTPUT]; section=35. Desktop User Experience; parent=CAN-SECTION-0103,REWRITE_AS_ACCEPTANCE_CRITERION,AI_SEMANTIC_REVIEW_PASS1,2026-08-05-pass1-semantic-rehabilitation,REVIEWED_CORRECTED
CAN-LAM-ARCH-319,Clean full-screen viewer,"When the user invokes Clean full-screen viewer in 35. Desktop User Experience, the viewer must apply or display the behavior for the selected asset, expose the resulting UI state, and preserve the original media when the operation or format is unavailable.","The viewer must provide a clean full-screen mode that hides chrome, shows the asset from the local source, and returns to the prior view on exit.",ACCEPTANCE_CRITERION,CAN-SECTION-0104,"Given an asset, when full-screen mode opens, then chrome is hidden and the asset displays; exiting returns to the prior view.",Asset viewer,I14,Full-screen fixture with exit checks.,Desktop-UX label; rewrite adds the mode behavior and exit result.,Pass 1 semantic rehabilitation; matched=[EXACT_LEGACY_OUTPUT]; section=35. Desktop User Experience; parent=CAN-SECTION-0104,REWRITE_AS_ACCEPTANCE_CRITERION,AI_SEMANTIC_REVIEW_PASS1,2026-08-05-pass1-semantic-rehabilitation,REVIEWED_CORRECTED
CAN-LAM-ARCH-320,Timeline navigation,"When the user uses Timeline navigation in 35. Desktop User Experience, the interface must expose the resulting selection, position, or view state from local data, remain keyboard-operable, and retain the prior stable view if loading fails.","Timeline navigation must move through dates from local records, stay keyboard-operable, and preserve the prior position when loading fails.",ACCEPTANCE_CRITERION,CAN-SECTION-0103,"Given a local timeline, when the user navigates dates, then the timeline moves from local records and a failed load preserves the prior position.",Gallery and timeline,I14,Timeline-navigation fixture.,Desktop-UX label; rewrite adds navigation and stability results.,Pass 1 semantic rehabilitation; matched=[EXACT_LEGACY_OUTPUT]; section=35. Desktop User Experience; parent=CAN-SECTION-0103,REWRITE_AS_ACCEPTANCE_CRITERION,AI_SEMANTIC_REVIEW_PASS1,2026-08-05-pass1-semantic-rehabilitation,REVIEWED_CORRECTED
CAN-LAM-ARCH-325,Loading progress,"When Loading progress occurs in 35. Desktop User Experience, Lamha must expose a typed operation or notification state with progress and recovery information, and must not report success for a cancelled, failed, or partially committed operation.","While the UI loads data, Lamha must show loading progress and must not report completion before the load finishes.",ACCEPTANCE_CRITERION,CAN-SECTION-0105,"Given a loading operation, when progress updates, then progress is shown and completion is not reported early.",Jobs and notifications,I14,Loading-progress fixture.,Desktop-UX label; rewrite adds progress truthfulness.,Pass 1 semantic rehabilitation; matched=[EXACT_LEGACY_OUTPUT]; section=35. Desktop User Experience; parent=CAN-SECTION-0105,REWRITE_AS_ACCEPTANCE_CRITERION,AI_SEMANTIC_REVIEW_PASS1,2026-08-05-pass1-semantic-rehabilitation,REVIEWED_CORRECTED
CAN-LAM-ARCH-326,Background job progress,"When Background job progress occurs in 35. Desktop User Experience, Lamha must expose a typed operation or notification state with progress and recovery information, and must not report success for a cancelled, failed, or partially committed operation.",Background jobs must expose typed progress and recovery state and must not report success for a cancelled or failed job.,ACCEPTANCE_CRITERION,CAN-SECTION-0105,"Given a background job, when it progresses or fails, then typed progress and recovery state are exposed and no false success is reported.",Jobs and notifications,I14,Background-job fixture.,Desktop-UX label; rewrite adds typed state and no-false-success.,Pass 1 semantic rehabilitation; matched=[EXACT_LEGACY_OUTPUT]; section=35. Desktop User Experience; parent=CAN-SECTION-0105,REWRITE_AS_ACCEPTANCE_CRITERION,AI_SEMANTIC_REVIEW_PASS1,2026-08-05-pass1-semantic-rehabilitation,REVIEWED_CORRECTED
CAN-LAM-META-048,Metadata panel,"When the 35. Desktop User Experience workflow reads or changes Metadata panel, it must preserve the value, authority, and provenance in the appropriate durable record and expose the resulting revision to the derived index. Missing, malformed, or conflicting input must be reported without discarding the last valid value.",The metadata panel must display the reviewed metadata fields from local records and remain readable and keyboard-accessible.,ACCEPTANCE_CRITERION,CAN-SECTION-0207,"Given an asset, when the metadata panel opens, then reviewed fields display from local records and the panel is accessible.",Metadata,I14,Metadata-panel fixture.,Desktop-UX label; rewrite adds display and accessibility results.,Pass 1 semantic rehabilitation; matched=[EXACT_LEGACY_OUTPUT]; section=35. Desktop User Experience; parent=CAN-SECTION-0207,REWRITE_AS_ACCEPTANCE_CRITERION,AI_SEMANTIC_REVIEW_PASS1,2026-08-05-pass1-semantic-rehabilitation,REVIEWED_CORRECTED
CAN-LAM-PERSON-098,People browsing,"When the 35. Desktop User Experience workflow manages People browsing, it must persist the candidate or confirmed state with provenance and revision, expose the resulting state for review, and reject invalid transitions without changing an existing identity or historical interval.","People browsing must render person profiles and faces from local records, stay keyboard-operable, and preserve the prior view when loading fails.",ACCEPTANCE_CRITERION,CAN-SECTION-0230,"Given local person records, when the people view renders, then profiles and faces display and a failed load preserves the prior view.",People and faces,I14,People-browsing fixture.,Desktop-UX label; rewrite adds local rendering and stability.,Pass 1 semantic rehabilitation; matched=[EXACT_LEGACY_OUTPUT]; section=35. Desktop User Experience; parent=CAN-SECTION-0230,REWRITE_AS_ACCEPTANCE_CRITERION,AI_SEMANTIC_REVIEW_PASS1,2026-08-05-pass1-semantic-rehabilitation,REVIEWED_CORRECTED
CAN-LAM-AI-046,Proven local AI logic where adaptable,"When the local worker processes Proven local AI logic where adaptable for 36. Target Local Architecture We Are Keeping, it must return a typed candidate carrying model, source, configuration, and asset-revision provenance; failure or cancellation must produce a terminal task state and must not mutate authoritative knowledge.","Where proven local AI logic can be adapted, Lamha must reuse the reviewed local implementation rather than introduce a new worker task; the adapted path must pass the same provenance and failure gates.",ACCEPTANCE_CRITERION,CAN-SECTION-0026,"Given an existing proven local AI path, when a new need matches it, then the reviewed path is reused with identical provenance and failure gates.",Local AI worker,I10,AI-reuse fixture with gate checks.,Architecture label; rewrite adds reuse and gate equivalence.,Pass 1 semantic rehabilitation; matched=[EXACT_LEGACY_OUTPUT]; section=36. Target Local Architecture We Are Keeping; parent=CAN-SECTION-0026,REWRITE_AS_ACCEPTANCE_CRITERION,AI_SEMANTIC_REVIEW_PASS1,2026-08-05-pass1-semantic-rehabilitation,REVIEWED_CORRECTED
CAN-LAM-ARCH-332,Useful gallery components,"When the user uses Useful gallery components in 36. Target Local Architecture We Are Keeping, the interface must expose the resulting selection, position, or view state from local data, remain keyboard-operable, and retain the prior stable view if loading fails.",The target local architecture must retain the useful gallery components that render from local data and keep the gallery keyboard-operable.,ACCEPTANCE_CRITERION,CAN-SECTION-0106,"Given the retained gallery components, when the gallery renders, then the useful components operate from local data with keyboard support.",Gallery and timeline,I5,Gallery-component fixture.,Architecture label; rewrite names the retained behavior.,Pass 1 semantic rehabilitation; matched=[EXACT_LEGACY_OUTPUT]; section=36. Target Local Architecture We Are Keeping; parent=CAN-SECTION-0106,REWRITE_AS_ACCEPTANCE_CRITERION,AI_SEMANTIC_REVIEW_PASS1,2026-08-05-pass1-semantic-rehabilitation,REVIEWED_CORRECTED
CAN-LAM-ARCH-333,Useful viewer components,"When the user invokes Useful viewer components in 36. Target Local Architecture We Are Keeping, the viewer must apply or display the behavior for the selected asset, expose the resulting UI state, and preserve the original media when the operation or format is unavailable.",The target local architecture must retain the useful viewer components that load assets from local sources and expose typed errors.,ACCEPTANCE_CRITERION,CAN-SECTION-0107,"Given the retained viewer components, when the viewer loads, then useful components operate from local sources with typed errors.",Asset viewer,I5,Viewer-component fixture.,Architecture label; rewrite names the retained behavior.,Pass 1 semantic rehabilitation; matched=[EXACT_LEGACY_OUTPUT]; section=36. Target Local Architecture We Are Keeping; parent=CAN-SECTION-0107,REWRITE_AS_ACCEPTANCE_CRITERION,AI_SEMANTIC_REVIEW_PASS1,2026-08-05-pass1-semantic-rehabilitation,REVIEWED_CORRECTED
CAN-LAM-ARCH-335,UI-to-core calls use Tauri IPC.,"When the desktop shell handles UI-to-core calls use Tauri IPC in 36. Target Local Architecture We Are Keeping, it must use the typed Tauri boundary, expose the result or stable error to the frontend, and reject requests outside the granted capability without side effects.",Every UI-to-core call must use the reviewed typed Tauri IPC command and render returned local data; hard-coded production mock state is prohibited.,FUNCTIONAL_REQUIREMENT,,"Given a target screen, when it invokes the core, then the reviewed typed command is called and the visible result reflects returned local data.",Desktop shell,I2,UI-to-core IPC fixture.,Architecture label; rewrite names the IPC contract and no-mock rule.,Pass 1 semantic rehabilitation; matched=[EXACT_LEGACY_OUTPUT]; section=36. Target Local Architecture We Are Keeping; parent=none,REWRITE_AS_REQUIREMENT,AI_SEMANTIC_REVIEW_PASS1,2026-08-05-pass1-semantic-rehabilitation,REVIEWED_CORRECTED
CAN-LAM-META-049,Useful metadata UI,"When the 36. Target Local Architecture We Are Keeping workflow reads or changes Useful metadata UI, it must preserve the value, authority, and provenance in the appropriate durable record and expose the resulting revision to the derived index. Missing, malformed, or conflicting input must be reported without discarding the last valid value.",The target local architecture must retain the useful metadata UI that reads and displays reviewed fields from local records.,ACCEPTANCE_CRITERION,CAN-SECTION-0208,"Given the retained metadata UI, when it opens, then reviewed fields display from local records.",Metadata,I4,Metadata-UI fixture.,Architecture label; rewrite names the retained behavior.,Pass 1 semantic rehabilitation; matched=[EXACT_LEGACY_OUTPUT]; section=36. Target Local Architecture We Are Keeping; parent=CAN-SECTION-0208,REWRITE_AS_ACCEPTANCE_CRITERION,AI_SEMANTIC_REVIEW_PASS1,2026-08-05-pass1-semantic-rehabilitation,REVIEWED_CORRECTED
CAN-LAM-PERF-003,Useful memory UI,"When Useful memory UI is shown in 36. Target Local Architecture We Are Keeping, Lamha must derive the memory from local canonical asset references, show a reproducible result, and omit unavailable assets without changing their records.",The Memories feature must provide a useful UI that derives each memory from local canonical asset references and omits unavailable assets without changing their records.,ACCEPTANCE_CRITERION,CAN-SECTION-0212,"Given local canonical assets, when the Memories UI renders, then memories derive from asset references and unavailable assets are omitted.",Memories,I5,Memories-UI fixture.,Memories-product label; rewrite keeps the product meaning and adds derivation.,Pass 1 semantic rehabilitation; matched=[EXACT_LEGACY_OUTPUT]; section=36. Target Local Architecture We Are Keeping; parent=CAN-SECTION-0212,REWRITE_AS_ACCEPTANCE_CRITERION,AI_SEMANTIC_REVIEW_PASS1,2026-08-05-pass1-semantic-rehabilitation,REVIEWED_CORRECTED
CAN-LAM-PERSON-100,Useful people UI,"When the 36. Target Local Architecture We Are Keeping workflow manages Useful people UI, it must persist the candidate or confirmed state with provenance and revision, expose the resulting state for review, and reject invalid transitions without changing an existing identity or historical interval.","The target local architecture must retain the useful people UI that renders profiles, faces, and links from local records.",ACCEPTANCE_CRITERION,CAN-SECTION-0231,"Given the retained people UI, when it renders, then profiles, faces, and links display from local records.",People and faces,I7,People-UI fixture.,Architecture label; rewrite names the retained behavior.,Pass 1 semantic rehabilitation; matched=[EXACT_LEGACY_OUTPUT]; section=36. Target Local Architecture We Are Keeping; parent=CAN-SECTION-0231,REWRITE_AS_ACCEPTANCE_CRITERION,AI_SEMANTIC_REVIEW_PASS1,2026-08-05-pass1-semantic-rehabilitation,REVIEWED_CORRECTED
CAN-LAM-SEARCH-013,Useful search UI,"When a query or indexing task uses Useful search UI in 36. Target Local Architecture We Are Keeping, Lamha must return the matching local result with source and revision information, and must report unavailable or stale index data without treating it as authoritative knowledge.",The target local architecture must retain the useful search UI that returns matching local assets with source and revision information.,ACCEPTANCE_CRITERION,CAN-SECTION-0234,"Given the retained search UI, when a query runs, then matching local assets return with provenance.",Search and OCR,I10,Search-UI fixture.,Architecture label; rewrite names the retained behavior.,Pass 1 semantic rehabilitation; matched=[EXACT_LEGACY_OUTPUT]; section=36. Target Local Architecture We Are Keeping; parent=CAN-SECTION-0234,REWRITE_AS_ACCEPTANCE_CRITERION,AI_SEMANTIC_REVIEW_PASS1,2026-08-05-pass1-semantic-rehabilitation,REVIEWED_CORRECTED
CAN-LAM-ASSET-146,Bundled required tools,"When Bundled required tools is exercised in 37. Cross-Platform Support, Lamha must expose the resulting state and preserve the prior durable state if validation or execution fails.","Cross-platform packaging must bundle only the reviewed required tools and each bundled tool must have pinned version, licence, and provenance records.",CONSTRAINT,,,Planning and verification governance,,Packaging validation must require pinned tool records.,Cross-platform label; reclassified as a bundling constraint.,Pass 1 semantic rehabilitation; matched=[EXACT_LEGACY_OUTPUT]; section=37. Cross-Platform Support; parent=none,RECLASSIFY_CONSTRAINT,AI_SEMANTIC_REVIEW_PASS1,2026-08-05-pass1-semantic-rehabilitation,RECLASSIFIED
CAN-LAM-FOLDER-050,Platform-specific filesystem permissions,"When a configured library encounters Platform-specific filesystem permissions during 37. Cross-Platform Support, Rust must apply authorized-root and access-mode rules, expose the resulting root or asset state, and leave files unchanged if validation, permission, or I/O checks fail.","When platform-specific filesystem permissions differ, Lamha must enforce the reviewed permission rules per platform and report typed errors without bypassing them.",ACCEPTANCE_CRITERION,CAN-SECTION-0178,"Given a platform permission difference, when a managed operation runs, then the platform rule is enforced and violations return typed errors.",Libraries and storage,I4,Permission-difference fixture.,Cross-platform label; rewrite adds enforcement and error results.,Pass 1 semantic rehabilitation; matched=[EXACT_LEGACY_OUTPUT]; section=37. Cross-Platform Support; parent=CAN-SECTION-0178,REWRITE_AS_ACCEPTANCE_CRITERION,AI_SEMANTIC_REVIEW_PASS1,2026-08-05-pass1-semantic-rehabilitation,REVIEWED_CORRECTED
CAN-LAM-FOLDER-051,External-drive differences,"When a configured library encounters External-drive differences during 37. Cross-Platform Support, Rust must apply authorized-root and access-mode rules, expose the resulting root or asset state, and leave files unchanged if validation, permission, or I/O checks fail.","When external-drive behavior differs across platforms, Lamha must handle each difference with the reviewed drive rules and preserve records and overlays.",ACCEPTANCE_CRITERION,CAN-SECTION-0178,"Given a platform external-drive difference, when the drive is used, then the reviewed rules apply and records and overlays are preserved.",Libraries and storage,I4,External-drive platform fixture.,Cross-platform label; rewrite adds per-platform handling and preservation.,Pass 1 semantic rehabilitation; matched=[EXACT_LEGACY_OUTPUT]; section=37. Cross-Platform Support; parent=CAN-SECTION-0178,REWRITE_AS_ACCEPTANCE_CRITERION,AI_SEMANTIC_REVIEW_PASS1,2026-08-05-pass1-semantic-rehabilitation,REVIEWED_CORRECTED
CAN-LAM-ARCH-345,Timeline scroll,"When the user uses Timeline scroll in 38. Performance and Scale, the interface must expose the resulting selection, position, or view state from local data, remain keyboard-operable, and retain the prior stable view if loading fails.",Timeline scroll must remain responsive within the reviewed performance budget and preserve the prior position when data loads fail.,ACCEPTANCE_CRITERION,CAN-SECTION-0108,"Given a large timeline, when the user scrolls, then responsiveness stays within budget and a failed load preserves the prior position.",Gallery and timeline,I14,Timeline-scroll benchmark.,Performance label; rewrite adds the budget and stability results.,Pass 1 semantic rehabilitation; matched=[EXACT_LEGACY_OUTPUT]; section=38. Performance and Scale; parent=CAN-SECTION-0108,REWRITE_AS_ACCEPTANCE_CRITERION,AI_SEMANTIC_REVIEW_PASS1,2026-08-05-pass1-semantic-rehabilitation,REVIEWED_CORRECTED
CAN-LAM-ARCH-346,Mind-map loading,"When Mind-map loading is used in 38. Performance and Scale, Lamha must derive the map or location result from canonical records, show its source and confidence where applicable, and preserve the records if projection or coordinate validation fails.",Mind-map loading must derive the map from canonical records within the reviewed performance budget and show a typed state when loading fails.,ACCEPTANCE_CRITERION,CAN-SECTION-0109,"Given canonical records, when a mind map loads, then it renders within budget and failure shows a typed state.",Mind-map projections,I9,Mind-map load benchmark.,Performance label; rewrite adds the budget and failure state.,Pass 1 semantic rehabilitation; matched=[EXACT_LEGACY_OUTPUT]; section=38. Performance and Scale; parent=CAN-SECTION-0109,REWRITE_AS_ACCEPTANCE_CRITERION,AI_SEMANTIC_REVIEW_PASS1,2026-08-05-pass1-semantic-rehabilitation,REVIEWED_CORRECTED
CAN-LAM-DUPLICATE-009,Duplicate processing,"When duplicate analysis evaluates Duplicate processing in 38. Performance and Scale, it must create a reviewable candidate with evidence and stable asset identities; no file may be removed or merged when analysis fails or before an explicitly confirmed operation plan.",Duplicate processing must complete within the reviewed performance budget and must never delete or merge files automatically.,ACCEPTANCE_CRITERION,CAN-SECTION-0147,"Given a duplicate-analysis workload, when processing runs, then it completes within budget and no file changes without confirmation.",Duplicates,I14,Duplicate-processing benchmark.,Performance label; rewrite adds the budget and no-mutation results.,Pass 1 semantic rehabilitation; matched=[EXACT_LEGACY_OUTPUT]; section=38. Performance and Scale; parent=CAN-SECTION-0147,REWRITE_AS_ACCEPTANCE_CRITERION,AI_SEMANTIC_REVIEW_PASS1,2026-08-05-pass1-semantic-rehabilitation,REVIEWED_CORRECTED
CAN-LAM-FOLDER-052,External-drive reconnect,"When a configured library encounters External-drive reconnect during 38. Performance and Scale, Rust must apply authorized-root and access-mode rules, expose the resulting root or asset state, and leave files unchanged if validation, permission, or I/O checks fail.",External-drive reconnect must reconcile within the reviewed performance budget and preserve records and pending overlays.,ACCEPTANCE_CRITERION,CAN-SECTION-0179,"Given a reconnecting drive, when reconciliation runs, then it completes within budget with records and overlays preserved.",External drives and path resilience,I12,Reconnect benchmark.,Performance label; rewrite adds budget and preservation.,Pass 1 semantic rehabilitation; matched=[EXACT_LEGACY_OUTPUT]; section=38. Performance and Scale; parent=CAN-SECTION-0179,REWRITE_AS_ACCEPTANCE_CRITERION,AI_SEMANTIC_REVIEW_PASS1,2026-08-05-pass1-semantic-rehabilitation,REVIEWED_CORRECTED
CAN-LAM-META-050,SQLite rebuild,"When SQLite rebuild participates in 38. Performance and Scale, the authoritative record or transaction must persist its revision and provenance before derived-index publication, and any failed write must leave a recoverable prior state.",SQLite rebuild must complete within the reviewed performance budget and restore every saved user decision and revision from authority records.,ACCEPTANCE_CRITERION,CAN-SECTION-0209,"Given a rebuild workload, when SQLite is rebuilt, then it completes within budget and all saved decisions and revisions are restored.","Backup, trash, restore and rebuild",I13,SQLite-rebuild benchmark.,Performance label; rewrite adds budget and restoration.,Pass 1 semantic rehabilitation; matched=[EXACT_LEGACY_OUTPUT]; section=38. Performance and Scale; parent=CAN-SECTION-0209,REWRITE_AS_ACCEPTANCE_CRITERION,AI_SEMANTIC_REVIEW_PASS1,2026-08-05-pass1-semantic-rehabilitation,REVIEWED_CORRECTED
CAN-LAM-PERF-004,Memory use,"When Memory use is shown in 38. Performance and Scale, Lamha must derive the memory from local canonical asset references, show a reproducible result, and omit unavailable assets without changing their records.","Memory use must be measured and recorded for each declared workload against the reviewed budget; exceeding the budget must block release. Memory here means RAM consumption, not the Memories product feature.",ACCEPTANCE_CRITERION,CAN-SECTION-0213,"Given each declared workload, when memory measurement runs, then RAM usage is recorded against the budget and any exceedance blocks release.",Performance and scale,I14,Memory-budget benchmark.,Label means RAM usage in the performance section; rewrite separates the resource metric from the Memories feature and corrects the capability.,Pass 1 semantic rehabilitation; matched=[EXACT_LEGACY_OUTPUT]; section=38. Performance and Scale; parent=CAN-SECTION-0213,REWRITE_AS_ACCEPTANCE_CRITERION,AI_SEMANTIC_REVIEW_PASS1,2026-08-05-pass1-semantic-rehabilitation,REVIEWED_CORRECTED
CAN-LAM-AI-048,AI model licences,"When the local worker processes AI model licences for 39. Required Legal and Attribution Material We Are Keeping, it must return a typed candidate carrying model, source, configuration, and asset-revision provenance; failure or cancellation must produce a terminal task state and must not mutate authoritative knowledge.","AI model licences must be inventoried with attribution, redistribution review, and model provenance, and the release gate must block when any model licence is unresolved; this is a legal-inventory obligation, not an inference task.",ACCEPTANCE_CRITERION,CAN-SECTION-0027,"Given each bundled AI model, when licence validation runs, then licence, attribution, redistribution, and provenance are recorded and unresolved models block release.",Legal and rebranding,I1,AI-model licence compliance gate.,Mandatory correction: the label was routed through the local-worker inference template; rewrite restores the licence-inventory and release-blocking meaning.,Pass 1 semantic rehabilitation; matched=[EXACT_LEGACY_OUTPUT]; section=39. Required Legal and Attribution Material We Are Keeping; parent=CAN-SECTION-0027,REWRITE_AS_ACCEPTANCE_CRITERION,AI_SEMANTIC_REVIEW_PASS1,2026-08-05-pass1-semantic-rehabilitation,REVIEWED_CORRECTED
CAN-LAM-ARCH-349,AGPL notices,"When producing 39. Required Legal and Attribution Material We Are Keeping evidence, the repository and packaged application must identify AGPL notices consistently, retain required attribution, and fail the release gate if any reviewed surface disagrees.",The release bundle must include the required AGPL notices and the release gate must fail when any AGPL-covered component lacks its notice.,ACCEPTANCE_CRITERION,CAN-SECTION-0110,"Given the release manifest, when AGPL-notice validation runs, then every AGPL-covered component has its notice or release fails.",Legal and rebranding,I1,AGPL-notice release check.,Legal-surface label; rewrite adds presence and release blocking.,Pass 1 semantic rehabilitation; matched=[EXACT_LEGACY_OUTPUT]; section=39. Required Legal and Attribution Material We Are Keeping; parent=CAN-SECTION-0110,REWRITE_AS_ACCEPTANCE_CRITERION,AI_SEMANTIC_REVIEW_PASS1,2026-08-05-pass1-semantic-rehabilitation,REVIEWED_CORRECTED
CAN-LAM-ARCH-350,Third-party licences,"When producing 39. Required Legal and Attribution Material We Are Keeping evidence, the repository and packaged application must identify Third-party licences consistently, retain required attribution, and fail the release gate if any reviewed surface disagrees.",Third-party licences must be inventoried with attribution and redistribution review and the release gate must fail while any licence is unresolved.,ACCEPTANCE_CRITERION,CAN-SECTION-0110,"Given the third-party inventory, when licence validation runs, then every licence is recorded with attribution and unresolved rows block release.",Legal and rebranding,I1,Third-party licence gate.,Legal-surface label; rewrite adds inventory and release blocking.,Pass 1 semantic rehabilitation; matched=[EXACT_LEGACY_OUTPUT]; section=39. Required Legal and Attribution Material We Are Keeping; parent=CAN-SECTION-0110,REWRITE_AS_ACCEPTANCE_CRITERION,AI_SEMANTIC_REVIEW_PASS1,2026-08-05-pass1-semantic-rehabilitation,REVIEWED_CORRECTED
CAN-LAM-ARCH-351,Codec licences,"When producing 39. Required Legal and Attribution Material We Are Keeping evidence, the repository and packaged application must identify Codec licences consistently, retain required attribution, and fail the release gate if any reviewed surface disagrees.",Codec licences must be inventoried with redistribution review and the release gate must fail while any codec licence is unresolved.,ACCEPTANCE_CRITERION,CAN-SECTION-0110,"Given the codec inventory, when licence validation runs, then every codec has a reviewed licence and unresolved codecs block release.",Legal and rebranding,I1,Codec-licence gate.,Legal-surface label; rewrite adds inventory and release blocking.,Pass 1 semantic rehabilitation; matched=[EXACT_LEGACY_OUTPUT]; section=39. Required Legal and Attribution Material We Are Keeping; parent=CAN-SECTION-0110,REWRITE_AS_ACCEPTANCE_CRITERION,AI_SEMANTIC_REVIEW_PASS1,2026-08-05-pass1-semantic-rehabilitation,REVIEWED_CORRECTED
CAN-LAM-ASSET-148,Bundled-binary notices,"When producing 39. Required Legal and Attribution Material We Are Keeping evidence, the repository and packaged application must identify Bundled-binary notices consistently, retain required attribution, and fail the release gate if any reviewed surface disagrees.",Bundled binaries must carry the reviewed notices and the release gate must fail when any binary notice is missing.,ACCEPTANCE_CRITERION,CAN-SECTION-0110,"Given the release manifest, when binary-notice validation runs, then every bundled binary has its notice or release fails.",Legal and rebranding,I1,Binary-notice gate.,Legal-surface label; rewrite adds notice presence and release blocking.,Pass 1 semantic rehabilitation; matched=[EXACT_LEGACY_OUTPUT]; section=39. Required Legal and Attribution Material We Are Keeping; parent=CAN-SECTION-0110,REWRITE_AS_ACCEPTANCE_CRITERION,AI_SEMANTIC_REVIEW_PASS1,2026-08-05-pass1-semantic-rehabilitation,REVIEWED_CORRECTED
CAN-LAM-EDIT-007,Privacy statement,"When producing 39. Required Legal and Attribution Material We Are Keeping evidence, the repository and packaged application must identify Privacy statement consistently, retain required attribution, and fail the release gate if any reviewed surface disagrees.",The release bundle must include the reviewed privacy statement and the release gate must fail when it is missing.,ACCEPTANCE_CRITERION,CAN-SECTION-0110,"Given the release manifest, when privacy-statement validation runs, then the reviewed statement is present or release fails.",Legal and rebranding,I1,Privacy-statement gate.,Legal-surface label; rewrite adds presence and release blocking.,Pass 1 semantic rehabilitation; matched=[EXACT_LEGACY_OUTPUT]; section=39. Required Legal and Attribution Material We Are Keeping; parent=CAN-SECTION-0110,REWRITE_AS_ACCEPTANCE_CRITERION,AI_SEMANTIC_REVIEW_PASS1,2026-08-05-pass1-semantic-rehabilitation,REVIEWED_CORRECTED
CAN-LAM-LEGAL-001,Immich attribution,"When producing 39. Required Legal and Attribution Material We Are Keeping evidence, the repository and packaged application must identify Immich attribution consistently, retain required attribution, and fail the release gate if any reviewed surface disagrees.",The release bundle must include the reviewed Immich attribution and the release gate must fail when it is missing.,ACCEPTANCE_CRITERION,CAN-SECTION-0110,"Given the release manifest, when attribution validation runs, then the Immich attribution is present or release fails.",Legal and rebranding,I1,Immich-attribution gate.,Legal-surface label; rewrite adds presence and release blocking.,Pass 1 semantic rehabilitation; matched=[EXACT_LEGACY_OUTPUT]; section=39. Required Legal and Attribution Material We Are Keeping; parent=CAN-SECTION-0110,REWRITE_AS_ACCEPTANCE_CRITERION,AI_SEMANTIC_REVIEW_PASS1,2026-08-05-pass1-semantic-rehabilitation,REVIEWED_CORRECTED
CAN-LAM-LEGAL-002,Copyright notices,"When producing 39. Required Legal and Attribution Material We Are Keeping evidence, the repository and packaged application must identify Copyright notices consistently, retain required attribution, and fail the release gate if any reviewed surface disagrees.",The release bundle must include the required copyright notices and the release gate must fail when any required notice is missing.,ACCEPTANCE_CRITERION,CAN-SECTION-0110,"Given the release manifest, when copyright validation runs, then every required notice is present or release fails.",Legal and rebranding,I1,Copyright-notice gate.,Legal-surface label; rewrite adds presence and release blocking.,Pass 1 semantic rehabilitation; matched=[EXACT_LEGACY_OUTPUT]; section=39. Required Legal and Attribution Material We Are Keeping; parent=CAN-SECTION-0110,REWRITE_AS_ACCEPTANCE_CRITERION,AI_SEMANTIC_REVIEW_PASS1,2026-08-05-pass1-semantic-rehabilitation,REVIEWED_CORRECTED
CAN-LAM-META-051,Metadata-library licences,"When producing 39. Required Legal and Attribution Material We Are Keeping evidence, the repository and packaged application must identify Metadata-library licences consistently, retain required attribution, and fail the release gate if any reviewed surface disagrees.",Metadata-library licences must be inventoried with attribution and redistribution review and the release gate must fail while any licence is unresolved.,ACCEPTANCE_CRITERION,CAN-SECTION-0110,"Given the metadata-library inventory, when licence validation runs, then every licence is recorded and unresolved rows block release.",Legal and rebranding,I1,Metadata-library licence gate.,Legal-surface label; rewrite adds inventory and release blocking.,Pass 1 semantic rehabilitation; matched=[EXACT_LEGACY_OUTPUT]; section=39. Required Legal and Attribution Material We Are Keeping; parent=CAN-SECTION-0110,REWRITE_AS_ACCEPTANCE_CRITERION,AI_SEMANTIC_REVIEW_PASS1,2026-08-05-pass1-semantic-rehabilitation,REVIEWED_CORRECTED
CAN-LAM-ARCH-048,Sidecar-generation preview and reviewed creation,"When the 4. Manage Later workflow reads or changes Sidecar-generation preview and reviewed creation, it must preserve the value, authority, and provenance in the appropriate durable record and expose the resulting revision to the derived index. Missing, malformed, or conflicting input must be reported without discarding the last valid value.","Before sidecars are created in Manage Later, Lamha must preview the sidecars to generate and create them only after reviewed confirmation.",ACCEPTANCE_CRITERION,CAN-SECTION-0046,"Given pending intake, when sidecar generation is previewed, then the sidecar set is shown and creation requires confirmation.",Events and organization,I6,Sidecar-preview fixture.,Manage-Later label; rewrite adds preview and confirmation.,Pass 1 semantic rehabilitation; matched=[EXACT_LEGACY_OUTPUT]; section=4. Manage Later; parent=CAN-SECTION-0046,REWRITE_AS_ACCEPTANCE_CRITERION,AI_SEMANTIC_REVIEW_PASS1,2026-08-05-pass1-semantic-rehabilitation,REVIEWED_CORRECTED
CAN-LAM-ARCH-049,Tag review,"When Tag review is requested in 4. Manage Later, Lamha must produce or update a reviewable event plan, show its membership and filesystem effects, and make no authoritative or filesystem change if validation or confirmation fails.","When tag suggestions are reviewed in Manage Later, Lamha must present each suggestion with source provenance and apply only approved tags.",ACCEPTANCE_CRITERION,CAN-SECTION-0047,"Given pending tag suggestions, when review runs, then each suggestion shows its source and only approved tags are applied.",Events and organization,I6,Tag-review fixture.,Manage-Later label; rewrite adds provenance and approval.,Pass 1 semantic rehabilitation; matched=[EXACT_LEGACY_OUTPUT]; section=4. Manage Later; parent=CAN-SECTION-0047,REWRITE_AS_ACCEPTANCE_CRITERION,AI_SEMANTIC_REVIEW_PASS1,2026-08-05-pass1-semantic-rehabilitation,REVIEWED_CORRECTED
CAN-LAM-ARCH-050,Multi-select,"When Multi-select is requested in 4. Manage Later, Lamha must produce or update a reviewable event plan, show its membership and filesystem effects, and make no authoritative or filesystem change if validation or confirmation fails.",Manage Later must support multi-select so the user can apply one reviewed action to exactly the selected assets.,ACCEPTANCE_CRITERION,CAN-SECTION-0047,"Given multiple selected assets, when an action is applied, then exactly the selected assets change.",Events and organization,I6,Multi-select fixture.,Manage-Later label; rewrite adds selection scope.,Pass 1 semantic rehabilitation; matched=[EXACT_LEGACY_OUTPUT]; section=4. Manage Later; parent=CAN-SECTION-0047,REWRITE_AS_ACCEPTANCE_CRITERION,AI_SEMANTIC_REVIEW_PASS1,2026-08-05-pass1-semantic-rehabilitation,REVIEWED_CORRECTED
CAN-LAM-ARCH-051,Bulk rename preview,"When Bulk rename preview is requested in 4. Manage Later, Lamha must produce or update a reviewable event plan, show its membership and filesystem effects, and make no authoritative or filesystem change if validation or confirmation fails.",Bulk rename in Manage Later must preview every proposed name and commit only after approval while preserving original filenames.,ACCEPTANCE_CRITERION,CAN-SECTION-0047,"Given a bulk rename plan, when preview runs, then all proposed names are shown and commit requires approval with originals preserved.",Events and organization,I6,Bulk-rename fixture.,"Manage-Later label; rewrite adds preview, approval, and preservation.",Pass 1 semantic rehabilitation; matched=[EXACT_LEGACY_OUTPUT]; section=4. Manage Later; parent=CAN-SECTION-0047,REWRITE_AS_ACCEPTANCE_CRITERION,AI_SEMANTIC_REVIEW_PASS1,2026-08-05-pass1-semantic-rehabilitation,REVIEWED_CORRECTED
CAN-LAM-ARCH-052,Bulk move preview,"When Bulk move preview is requested in 4. Manage Later, Lamha must produce or update a reviewable event plan, show its membership and filesystem effects, and make no authoritative or filesystem change if validation or confirmation fails.",Bulk move in Manage Later must preview every destination and commit only after approval while leaving unlisted paths unchanged.,ACCEPTANCE_CRITERION,CAN-SECTION-0047,"Given a bulk move plan, when preview runs, then all destinations are shown and commit requires approval with unlisted paths unchanged.",Events and organization,I6,Bulk-move fixture.,"Manage-Later label; rewrite adds preview, approval, and scope.",Pass 1 semantic rehabilitation; matched=[EXACT_LEGACY_OUTPUT]; section=4. Manage Later; parent=CAN-SECTION-0047,REWRITE_AS_ACCEPTANCE_CRITERION,AI_SEMANTIC_REVIEW_PASS1,2026-08-05-pass1-semantic-rehabilitation,REVIEWED_CORRECTED
CAN-LAM-ARCH-053,Merge and split planning,"When Merge and split planning is requested in 4. Manage Later, Lamha must produce or update a reviewable event plan, show its membership and filesystem effects, and make no authoritative or filesystem change if validation or confirmation fails.",Merge and split planning in Manage Later must preview the resulting events and membership and commit only after explicit confirmation.,ACCEPTANCE_CRITERION,CAN-SECTION-0047,"Given a merge or split plan, when preview runs, then the resulting events and membership are shown and commit requires confirmation.",Events and organization,I6,Merge/split planning fixture.,Manage-Later label; rewrite adds preview and confirmation.,Pass 1 semantic rehabilitation; matched=[EXACT_LEGACY_OUTPUT]; section=4. Manage Later; parent=CAN-SECTION-0047,REWRITE_AS_ACCEPTANCE_CRITERION,AI_SEMANTIC_REVIEW_PASS1,2026-08-05-pass1-semantic-rehabilitation,REVIEWED_CORRECTED
CAN-LAM-ARCH-054,Unknown-date handling,"When Unknown-date handling is requested in 4. Manage Later, Lamha must produce or update a reviewable event plan, show its membership and filesystem effects, and make no authoritative or filesystem change if validation or confirmation fails.",Unknown-date handling in Manage Later must keep assets under the Unknown Date layout and must not invent a calendar date from suggestions.,ACCEPTANCE_CRITERION,CAN-SECTION-0047,"Given assets with no approved date, when intake runs, then they remain under Unknown Date and no date is invented.",Events and organization,I6,Unknown-date fixture.,Manage-Later label; rewrite adds the no-date-invention rule.,Pass 1 semantic rehabilitation; matched=[EXACT_LEGACY_OUTPUT]; section=4. Manage Later; parent=CAN-SECTION-0047,REWRITE_AS_ACCEPTANCE_CRITERION,AI_SEMANTIC_REVIEW_PASS1,2026-08-05-pass1-semantic-rehabilitation,REVIEWED_CORRECTED
CAN-LAM-ARCH-055,Missing-sidecar review,"When the 4. Manage Later workflow reads or changes Missing-sidecar review, it must preserve the value, authority, and provenance in the appropriate durable record and expose the resulting revision to the derived index. Missing, malformed, or conflicting input must be reported without discarding the last valid value.",Missing-sidecar review in Manage Later must list the missing sidecars with the affected assets and create a review item without fabricating values.,ACCEPTANCE_CRITERION,CAN-SECTION-0046,"Given assets with missing sidecars, when review runs, then the missing set is listed in a review item and no values are fabricated.",Events and organization,I6,Missing-sidecar review fixture.,Manage-Later label; rewrite adds review creation and no-fabrication.,Pass 1 semantic rehabilitation; matched=[EXACT_LEGACY_OUTPUT]; section=4. Manage Later; parent=CAN-SECTION-0046,REWRITE_AS_ACCEPTANCE_CRITERION,AI_SEMANTIC_REVIEW_PASS1,2026-08-05-pass1-semantic-rehabilitation,REVIEWED_CORRECTED
CAN-LAM-ARCH-056,Inconsistency warnings,"When Inconsistency warnings is requested in 4. Manage Later, Lamha must produce or update a reviewable event plan, show its membership and filesystem effects, and make no authoritative or filesystem change if validation or confirmation fails.",Inconsistency warnings in Manage Later must show the conflicting values and sources and change nothing until a review decision.,ACCEPTANCE_CRITERION,CAN-SECTION-0047,"Given an inconsistency, when warnings display, then values and sources are shown and no change occurs until a decision.",Events and organization,I6,Inconsistency-warning fixture.,Manage-Later label; rewrite adds display and no-mutation.,Pass 1 semantic rehabilitation; matched=[EXACT_LEGACY_OUTPUT]; section=4. Manage Later; parent=CAN-SECTION-0047,REWRITE_AS_ACCEPTANCE_CRITERION,AI_SEMANTIC_REVIEW_PASS1,2026-08-05-pass1-semantic-rehabilitation,REVIEWED_CORRECTED
CAN-LAM-ASSET-049,Loose photo intake,"When Loose photo intake is requested in 4. Manage Later, Lamha must produce or update a reviewable event plan, show its membership and filesystem effects, and make no authoritative or filesystem change if validation or confirmation fails.",Loose photo intake must add unassigned photos to Manage Later with reviewed metadata and no media movement until an approved plan.,ACCEPTANCE_CRITERION,CAN-SECTION-0047,"Given loose photos, when intake runs, then they enter Manage Later and no media moves until approval.",Events and organization,I6,Loose-photo intake fixture.,Manage-Later label; rewrite adds intake and plan gating.,Pass 1 semantic rehabilitation; matched=[EXACT_LEGACY_OUTPUT]; section=4. Manage Later; parent=CAN-SECTION-0047,REWRITE_AS_ACCEPTANCE_CRITERION,AI_SEMANTIC_REVIEW_PASS1,2026-08-05-pass1-semantic-rehabilitation,REVIEWED_CORRECTED
CAN-LAM-ASSET-050,Loose video intake,"When Loose video intake is requested in 4. Manage Later, Lamha must produce or update a reviewable event plan, show its membership and filesystem effects, and make no authoritative or filesystem change if validation or confirmation fails.",Loose video intake must add unassigned videos to Manage Later with reviewed metadata and no media movement until an approved plan.,ACCEPTANCE_CRITERION,CAN-SECTION-0047,"Given loose videos, when intake runs, then they enter Manage Later and no media moves until approval.",Events and organization,I6,Loose-video intake fixture.,Manage-Later label; rewrite adds intake and plan gating.,Pass 1 semantic rehabilitation; matched=[EXACT_LEGACY_OUTPUT]; section=4. Manage Later; parent=CAN-SECTION-0047,REWRITE_AS_ACCEPTANCE_CRITERION,AI_SEMANTIC_REVIEW_PASS1,2026-08-05-pass1-semantic-rehabilitation,REVIEWED_CORRECTED
CAN-LAM-EVENT-012,Manual event assignment,"When Manual event assignment is requested in 4. Manage Later, Lamha must produce or update a reviewable event plan, show its membership and filesystem effects, and make no authoritative or filesystem change if validation or confirmation fails.",Manual event assignment must assign the selected assets to the chosen event and persist the assignment without moving files until an approved plan.,ACCEPTANCE_CRITERION,CAN-SECTION-0047,"Given selected assets and an event, when assignment is confirmed, then the assignment persists and no file moves until approval.",Events and organization,I6,Manual-assignment fixture.,Manage-Later label; rewrite adds assignment persistence and plan gating.,Pass 1 semantic rehabilitation; matched=[EXACT_LEGACY_OUTPUT]; section=4. Manage Later; parent=CAN-SECTION-0047,REWRITE_AS_ACCEPTANCE_CRITERION,AI_SEMANTIC_REVIEW_PASS1,2026-08-05-pass1-semantic-rehabilitation,REVIEWED_CORRECTED
CAN-LAM-FOLDER-009,Existing folder intake,"When Existing folder intake is requested in 4. Manage Later, Lamha must produce or update a reviewable event plan, show its membership and filesystem effects, and make no authoritative or filesystem change if validation or confirmation fails.",Existing-folder intake must link or adopt the selected existing folder without moving its contents and must index it in place.,ACCEPTANCE_CRITERION,CAN-SECTION-0047,"Given an existing folder, when intake is confirmed, then the folder is linked or adopted and its contents remain at their paths.",Events and organization,I6,Existing-folder intake fixture.,Manage-Later label; rewrite adds in-place indexing.,Pass 1 semantic rehabilitation; matched=[EXACT_LEGACY_OUTPUT]; section=4. Manage Later; parent=CAN-SECTION-0047,REWRITE_AS_ACCEPTANCE_CRITERION,AI_SEMANTIC_REVIEW_PASS1,2026-08-05-pass1-semantic-rehabilitation,REVIEWED_CORRECTED
CAN-LAM-FOLDER-010,Folder previews,"When Folder previews is requested in 4. Manage Later, Lamha must produce or update a reviewable event plan, show its membership and filesystem effects, and make no authoritative or filesystem change if validation or confirmation fails.",Folder previews in Manage Later must show the proposed folder changes and require approval before materialization.,ACCEPTANCE_CRITERION,CAN-SECTION-0047,"Given a folder plan, when preview runs, then the proposed changes are shown and commit requires approval.",Events and organization,I6,Folder-preview fixture.,Manage-Later label; rewrite adds preview and approval.,Pass 1 semantic rehabilitation; matched=[EXACT_LEGACY_OUTPUT]; section=4. Manage Later; parent=CAN-SECTION-0047,REWRITE_AS_ACCEPTANCE_CRITERION,AI_SEMANTIC_REVIEW_PASS1,2026-08-05-pass1-semantic-rehabilitation,REVIEWED_CORRECTED
CAN-LAM-META-021,Metadata reading,"When Metadata reading is requested in 4. Manage Later, Lamha must produce or update a reviewable event plan, show its membership and filesystem effects, and make no authoritative or filesystem change if validation or confirmation fails.",Metadata reading in Manage Later must extract the reviewed fields from the source and preserve the file bytes unchanged.,ACCEPTANCE_CRITERION,CAN-SECTION-0047,"Given an intake asset, when metadata is read, then reviewed fields are extracted and the file remains unchanged.",Events and organization,I6,Intake-metadata fixture.,Manage-Later label; rewrite adds extraction and preservation.,Pass 1 semantic rehabilitation; matched=[EXACT_LEGACY_OUTPUT]; section=4. Manage Later; parent=CAN-SECTION-0047,REWRITE_AS_ACCEPTANCE_CRITERION,AI_SEMANTIC_REVIEW_PASS1,2026-08-05-pass1-semantic-rehabilitation,REVIEWED_CORRECTED
CAN-LAM-PERSON-029,Face processing,"When Face processing is requested in 4. Manage Later, Lamha must produce or update a reviewable event plan, show its membership and filesystem effects, and make no authoritative or filesystem change if validation or confirmation fails.",Face processing in Manage Later must produce face candidates with provenance and must not assign identities automatically.,ACCEPTANCE_CRITERION,CAN-SECTION-0047,"Given intake assets, when face processing runs, then candidates carry provenance and no identity is assigned automatically.",Events and organization,I6,Intake-face fixture.,Manage-Later label; rewrite adds candidate provenance.,Pass 1 semantic rehabilitation; matched=[EXACT_LEGACY_OUTPUT]; section=4. Manage Later; parent=CAN-SECTION-0047,REWRITE_AS_ACCEPTANCE_CRITERION,AI_SEMANTIC_REVIEW_PASS1,2026-08-05-pass1-semantic-rehabilitation,REVIEWED_CORRECTED
CAN-LAM-ARCH-359,Implementation phase,"When Implementation phase is exercised in 40. Graphify Requirement, Lamha must expose the resulting state and preserve the prior durable state if validation or execution fails.",Each Graphify requirement must record its reviewed implementation phase and must be rejected when the phase is missing or unverified.,CONSTRAINT,,,Planning and verification governance,,Requirement validation must reject missing phases.,Graphify-field label; reclassified as a phase-completeness constraint.,Pass 1 semantic rehabilitation; matched=[EXACT_LEGACY_OUTPUT]; section=40. Graphify Requirement; parent=none,RECLASSIFY_CONSTRAINT,AI_SEMANTIC_REVIEW_PASS1,2026-08-05-pass1-semantic-rehabilitation,RECLASSIFIED
CAN-LAM-ARCH-057,Renamed,"When Lamha renames a managed asset, it must update the authorized current path through a journaled filesystem plan while preserving the original filename, stable asset identity, companion links, and original bytes.","When Lamha renames a managed asset, it must update the authorized current path through a journaled filesystem plan while preserving the original filename, stable asset identity, companion links, and original bytes.",ACCEPTANCE_CRITERION,CAN-SECTION-0048,"When Lamha renames a managed asset, it must update the authorized current path through a journaled filesystem plan while preserving the original filename, stable asset identity, companion links, and original bytes.",File-operation plan contract,I3,"Given a managed companion bundle, when an approved rename commits, then every planned path is updated, originalFilename and asset IDs remain unchanged, and rollback restores all paths after an injected failure.","Statement is already record-specific (renames a managed asset, updates current path, executes a validated journaled plan, preserves original name); no legacy template is reproduced.",Pass 1 semantic rehabilitation; matched=[LABEL_ONLY]; section=5. Asset Bundle Standard; parent=CAN-SECTION-0048,KEEP_WITH_EXPLICIT_JUSTIFICATION,AI_SEMANTIC_REVIEW_PASS1,2026-08-05-pass1-semantic-rehabilitation,REVIEWED_CONFIRMED
CAN-LAM-ARCH-058,Moved,"When Lamha moves a managed asset, it must execute a validated journaled plan that preserves stable identity, original filename, companion links, metadata sidecars, and source bytes until destination verification succeeds.","When Lamha moves a managed asset, it must execute a validated journaled plan that preserves stable identity, original filename, companion links, metadata sidecars, and source bytes until destination verification succeeds.",ACCEPTANCE_CRITERION,CAN-SECTION-0048,"When Lamha moves a managed asset, it must execute a validated journaled plan that preserves stable identity, original filename, companion links, metadata sidecars, and source bytes until destination verification succeeds.",File-operation plan contract,I3,"Given a managed bundle and authorized destination, when a move fails before verification, then every source member remains intact and recovery reaches a complete source or verified destination state without a partial bundle.",Statement is already record-specific (moves a managed asset via a validated journaled plan with hash verification); no legacy template is reproduced.,Pass 1 semantic rehabilitation; matched=[LABEL_ONLY]; section=5. Asset Bundle Standard; parent=CAN-SECTION-0048,KEEP_WITH_EXPLICIT_JUSTIFICATION,AI_SEMANTIC_REVIEW_PASS1,2026-08-05-pass1-semantic-rehabilitation,REVIEWED_CONFIRMED
CAN-LAM-BACKUP-005,Restored,"When the user invokes Restored in 5. Asset Bundle Standard, the viewer must apply or display the behavior for the selected asset, expose the resulting UI state, and preserve the original media when the operation or format is unavailable.","When an asset is restored, Lamha must return the complete asset bundle and its references to the reviewed restored state.",ACCEPTANCE_CRITERION,CAN-SECTION-0048,"Given a restored asset, when restore completes, then the complete bundle and references are present.",Asset identity and records,I3,Restore-bundle fixture.,Asset-bundle label; rewrite adds bundle and reference restoration.,Pass 1 semantic rehabilitation; matched=[EXACT_LEGACY_OUTPUT]; section=5. Asset Bundle Standard; parent=CAN-SECTION-0048,REWRITE_AS_ACCEPTANCE_CRITERION,AI_SEMANTIC_REVIEW_PASS1,2026-08-05-pass1-semantic-rehabilitation,REVIEWED_CORRECTED
CAN-LAM-EVENT-013,Merged into an event,"When the user invokes Merged into an event in 5. Asset Bundle Standard, the viewer must apply or display the behavior for the selected asset, expose the resulting UI state, and preserve the original media when the operation or format is unavailable.","When an asset is merged into an event, Lamha must record the reviewed membership and preserve the asset bundle and its identity.",ACCEPTANCE_CRITERION,CAN-SECTION-0048,"Given an asset and an event, when merge is confirmed, then the membership is recorded and the bundle and identity remain intact.",Asset identity and records,I3,Event-merge fixture.,Asset-bundle label; rewrite adds membership and preservation.,Pass 1 semantic rehabilitation; matched=[EXACT_LEGACY_OUTPUT]; section=5. Asset Bundle Standard; parent=CAN-SECTION-0048,REWRITE_AS_ACCEPTANCE_CRITERION,AI_SEMANTIC_REVIEW_PASS1,2026-08-05-pass1-semantic-rehabilitation,REVIEWED_CORRECTED
CAN-LAM-EVENT-014,Split from an event,"When Split from an event is requested in 5. Asset Bundle Standard, Lamha must produce or update a reviewable event plan, show its membership and filesystem effects, and make no authoritative or filesystem change if validation or confirmation fails.","When an asset is split from an event, Lamha must preview the resulting membership and commit only after approval while preserving the asset bundle.",ACCEPTANCE_CRITERION,CAN-SECTION-0155,"Given an asset in an event, when a split is confirmed, then the membership is previewed and committed with the bundle preserved.",Asset identity and records,I3,Event-split fixture.,"Asset-bundle label; rewrite adds preview, approval, and preservation.",Pass 1 semantic rehabilitation; matched=[EXACT_LEGACY_OUTPUT]; section=5. Asset Bundle Standard; parent=CAN-SECTION-0155,REWRITE_AS_ACCEPTANCE_CRITERION,AI_SEMANTIC_REVIEW_PASS1,2026-08-05-pass1-semantic-rehabilitation,REVIEWED_CORRECTED
CAN-LAM-META-023,Sidecar Schema Versioning & Anti-Guessing Guardrail,"When the 5. Asset Bundle Standard workflow reads or changes Sidecar Schema Versioning & Anti-Guessing Guardrail, it must preserve the value, authority, and provenance in the appropriate durable record and expose the resulting revision to the derived index. Missing, malformed, or conflicting input must be reported without discarding the last valid value.",Sidecar schemas must be versioned and Lamha must never guess fields when a version is unsupported; unsupported records remain read-only with a typed state.,ACCEPTANCE_CRITERION,CAN-SECTION-0200,"Given a sidecar with an unsupported schema version, when it is read, then it remains read-only and no field is guessed.",Planning and verification governance,I3,Sidecar-version fixture.,Asset-bundle label; rewrite adds versioning and anti-guessing.,Pass 1 semantic rehabilitation; matched=[EXACT_LEGACY_OUTPUT]; section=5. Asset Bundle Standard; parent=CAN-SECTION-0200,REWRITE_AS_ACCEPTANCE_CRITERION,AI_SEMANTIC_REVIEW_PASS1,2026-08-05-pass1-semantic-rehabilitation,REVIEWED_CORRECTED
CAN-LAM-TRASH-004,Trashed,"When the user invokes Trashed in 5. Asset Bundle Standard, the viewer must apply or display the behavior for the selected asset, expose the resulting UI state, and preserve the original media when the operation or format is unavailable.","When an asset is trashed, Lamha must move the complete asset bundle to a reversible trash state and record the operation.",ACCEPTANCE_CRITERION,CAN-SECTION-0048,"Given an asset, when trash is confirmed, then the complete bundle enters reversible trash and the operation is recorded.","Backup, trash, restore and rebuild",I13,Bundle-trash fixture.,Asset-bundle label; rewrite adds bundle and reversibility. | Final statement concerns reversible trash state and belongs to the trash/restore subsystem.,Pass 1 semantic rehabilitation; matched=[EXACT_LEGACY_OUTPUT]; section=5. Asset Bundle Standard; parent=CAN-SECTION-0048,REWRITE_AS_ACCEPTANCE_CRITERION,AI_SEMANTIC_REVIEW_PASS1,2026-08-05-pass2-semantic-consistency-correction,REVIEWED_CORRECTED
CAN-LAM-ARCH-061,Smooth date scrolling,"When the user uses Smooth date scrolling in 6. Gallery and Timeline, the interface must expose the resulting selection, position, or view state from local data, remain keyboard-operable, and retain the prior stable view if loading fails.",Smooth date scrolling must move the timeline by date from local records and preserve the prior position when loading fails.,ACCEPTANCE_CRITERION,CAN-SECTION-0049,"Given a local timeline, when the user scrolls by date, then the timeline moves from local records and a failed load preserves the prior position.",Gallery and timeline,I5,Date-scroll fixture.,Gallery label; rewrite adds local movement and stability.,Pass 1 semantic rehabilitation; matched=[EXACT_LEGACY_OUTPUT]; section=6. Gallery and Timeline; parent=CAN-SECTION-0049,REWRITE_AS_ACCEPTANCE_CRITERION,AI_SEMANTIC_REVIEW_PASS1,2026-08-05-pass1-semantic-rehabilitation,REVIEWED_CORRECTED
CAN-LAM-ARCH-062,Date jump controls,"When the user uses Date jump controls in 6. Gallery and Timeline, the interface must expose the resulting selection, position, or view state from local data, remain keyboard-operable, and retain the prior stable view if loading fails.",Date jump controls must move the timeline to the selected date from local records and remain keyboard-operable.,ACCEPTANCE_CRITERION,CAN-SECTION-0049,"Given a selected date, when a jump control is used, then the timeline moves to that date from local records.",Gallery and timeline,I5,Date-jump fixture.,Gallery label; rewrite adds jump behavior and accessibility.,Pass 1 semantic rehabilitation; matched=[EXACT_LEGACY_OUTPUT]; section=6. Gallery and Timeline; parent=CAN-SECTION-0049,REWRITE_AS_ACCEPTANCE_CRITERION,AI_SEMANTIC_REVIEW_PASS1,2026-08-05-pass1-semantic-rehabilitation,REVIEWED_CORRECTED
CAN-LAM-ARCH-063,Adjustable grid size,"When the user uses Adjustable grid size in 6. Gallery and Timeline, the interface must expose the resulting selection, position, or view state from local data, remain keyboard-operable, and retain the prior stable view if loading fails.",Adjustable grid size must change the gallery grid density from local data and retain the user's setting.,ACCEPTANCE_CRITERION,CAN-SECTION-0049,"Given a gallery, when the user adjusts grid size, then the grid density changes and the setting persists.",Gallery and timeline,I5,Grid-size fixture.,Gallery label; rewrite adds density change and persistence.,Pass 1 semantic rehabilitation; matched=[EXACT_LEGACY_OUTPUT]; section=6. Gallery and Timeline; parent=CAN-SECTION-0049,REWRITE_AS_ACCEPTANCE_CRITERION,AI_SEMANTIC_REVIEW_PASS1,2026-08-05-pass1-semantic-rehabilitation,REVIEWED_CORRECTED
CAN-LAM-ARCH-064,Fast thumbnail loading,"When the user uses Fast thumbnail loading in 6. Gallery and Timeline, the interface must expose the resulting selection, position, or view state from local data, remain keyboard-operable, and retain the prior stable view if loading fails.",Fast thumbnail loading must render thumbnails from the local cache within the reviewed budget and fall back to a typed state when unavailable.,ACCEPTANCE_CRITERION,CAN-SECTION-0049,"Given a local thumbnail cache, when the gallery loads, then thumbnails render within budget and unavailable items show a typed state.",Gallery and timeline,I5,Thumbnail-load benchmark.,Gallery label; rewrite adds the budget and fallback.,Pass 1 semantic rehabilitation; matched=[EXACT_LEGACY_OUTPUT]; section=6. Gallery and Timeline; parent=CAN-SECTION-0049,REWRITE_AS_ACCEPTANCE_CRITERION,AI_SEMANTIC_REVIEW_PASS1,2026-08-05-pass1-semantic-rehabilitation,REVIEWED_CORRECTED
CAN-LAM-ARCH-065,Multi-selection,"When the user uses Multi-selection in 6. Gallery and Timeline, the interface must expose the resulting selection, position, or view state from local data, remain keyboard-operable, and retain the prior stable view if loading fails.",Multi-selection must let the user select multiple assets and apply an action to exactly the selected set.,ACCEPTANCE_CRITERION,CAN-SECTION-0049,"Given a gallery, when the user multi-selects, then the selection is tracked and actions apply only to the selection.",Gallery and timeline,I5,Multi-select fixture.,Gallery label; rewrite adds selection semantics.,Pass 1 semantic rehabilitation; matched=[EXACT_LEGACY_OUTPUT]; section=6. Gallery and Timeline; parent=CAN-SECTION-0049,REWRITE_AS_ACCEPTANCE_CRITERION,AI_SEMANTIC_REVIEW_PASS1,2026-08-05-pass1-semantic-rehabilitation,REVIEWED_CORRECTED
CAN-LAM-ARCH-066,Keyboard navigation,"When the user uses Keyboard navigation in 6. Gallery and Timeline, the interface must expose the resulting selection, position, or view state from local data, remain keyboard-operable, and retain the prior stable view if loading fails.",Keyboard navigation must reach every gallery action and move focus predictably without a pointer.,ACCEPTANCE_CRITERION,CAN-SECTION-0049,"Given a gallery, when keyboard navigation is used, then every supported action is reachable and focus moves predictably.",Gallery and timeline,I5,Keyboard-navigation fixture.,Gallery label; rewrite adds reachability and focus rules.,Pass 1 semantic rehabilitation; matched=[EXACT_LEGACY_OUTPUT]; section=6. Gallery and Timeline; parent=CAN-SECTION-0049,REWRITE_AS_ACCEPTANCE_CRITERION,AI_SEMANTIC_REVIEW_PASS1,2026-08-05-pass1-semantic-rehabilitation,REVIEWED_CORRECTED
CAN-LAM-ARCH-067,Review indicators,"When the user uses Review indicators in 6. Gallery and Timeline, the interface must expose the resulting selection, position, or view state from local data, remain keyboard-operable, and retain the prior stable view if loading fails.",Review indicators must show the reviewed state of each asset in the gallery without altering the underlying records.,ACCEPTANCE_CRITERION,CAN-SECTION-0049,"Given assets with review states, when the gallery renders, then indicators reflect the reviewed states and no record changes.",Gallery and timeline,I5,Review-indicator fixture.,Gallery label; rewrite adds state display and no-mutation.,Pass 1 semantic rehabilitation; matched=[EXACT_LEGACY_OUTPUT]; section=6. Gallery and Timeline; parent=CAN-SECTION-0049,REWRITE_AS_ACCEPTANCE_CRITERION,AI_SEMANTIC_REVIEW_PASS1,2026-08-05-pass1-semantic-rehabilitation,REVIEWED_CORRECTED
CAN-LAM-ASSET-055,Chronological photo and video timeline,"When the user uses Chronological photo and video timeline in 6. Gallery and Timeline, the interface must expose the resulting selection, position, or view state from local data, remain keyboard-operable, and retain the prior stable view if loading fails.",The chronological timeline must order photos and videos by reviewed capture time from local records.,ACCEPTANCE_CRITERION,CAN-SECTION-0049,"Given local media, when the timeline renders, then photos and videos are ordered chronologically from reviewed capture times.",Gallery and timeline,I5,Chronological-timeline fixture.,Gallery label; rewrite adds chronological ordering.,Pass 1 semantic rehabilitation; matched=[EXACT_LEGACY_OUTPUT]; section=6. Gallery and Timeline; parent=CAN-SECTION-0049,REWRITE_AS_ACCEPTANCE_CRITERION,AI_SEMANTIC_REVIEW_PASS1,2026-08-05-pass1-semantic-rehabilitation,REVIEWED_CORRECTED
CAN-LAM-ASSET-056,Missing-media indicators,"When the user uses Missing-media indicators in 6. Gallery and Timeline, the interface must expose the resulting selection, position, or view state from local data, remain keyboard-operable, and retain the prior stable view if loading fails.",Missing-media indicators must mark assets whose source file is missing and must not substitute another asset.,ACCEPTANCE_CRITERION,CAN-SECTION-0049,"Given an asset with a missing source, when the gallery renders, then the missing state is indicated and no substitute is shown.",Gallery and timeline,I5,Missing-media fixture.,Gallery label; rewrite adds missing-state display.,Pass 1 semantic rehabilitation; matched=[EXACT_LEGACY_OUTPUT]; section=6. Gallery and Timeline; parent=CAN-SECTION-0049,REWRITE_AS_ACCEPTANCE_CRITERION,AI_SEMANTIC_REVIEW_PASS1,2026-08-05-pass1-semantic-rehabilitation,REVIEWED_CORRECTED
CAN-LAM-EVENT-015,Event browsing,"When the user uses Event browsing in 6. Gallery and Timeline, the interface must expose the resulting selection, position, or view state from local data, remain keyboard-operable, and retain the prior stable view if loading fails.",Event browsing must load and display reviewed events from local records and must not create plans merely by browsing.,ACCEPTANCE_CRITERION,CAN-SECTION-0049,"Given local events, when event browsing runs, then events display and no plan is created.",Gallery and timeline,I5,Event-browsing fixture.,Gallery label; rewrite separates browsing from mutation.,Pass 1 semantic rehabilitation; matched=[EXACT_LEGACY_OUTPUT]; section=6. Gallery and Timeline; parent=CAN-SECTION-0049,REWRITE_AS_ACCEPTANCE_CRITERION,AI_SEMANTIC_REVIEW_PASS1,2026-08-05-pass1-semantic-rehabilitation,REVIEWED_CORRECTED
CAN-LAM-FOLDER-012,Folder browsing,"When the user uses Folder browsing in 6. Gallery and Timeline, the interface must expose the resulting selection, position, or view state from local data, remain keyboard-operable, and retain the prior stable view if loading fails.",Folder browsing must load and display folders from local records and must not authorize roots merely by browsing.,ACCEPTANCE_CRITERION,CAN-SECTION-0049,"Given local folders, when folder browsing runs, then folders display and no authorization change occurs.",Gallery and timeline,I5,Folder-browsing fixture.,Gallery label; rewrite separates browsing from authorization.,Pass 1 semantic rehabilitation; matched=[EXACT_LEGACY_OUTPUT]; section=6. Gallery and Timeline; parent=CAN-SECTION-0049,REWRITE_AS_ACCEPTANCE_CRITERION,AI_SEMANTIC_REVIEW_PASS1,2026-08-05-pass1-semantic-rehabilitation,REVIEWED_CORRECTED
CAN-LAM-FOLDER-013,Offline-drive indicators,"When the user uses Offline-drive indicators in 6. Gallery and Timeline, the interface must expose the resulting selection, position, or view state from local data, remain keyboard-operable, and retain the prior stable view if loading fails.",Offline-drive indicators must mark assets on detached roots and keep their records and overlays available.,ACCEPTANCE_CRITERION,CAN-SECTION-0049,"Given assets on a detached root, when the gallery renders, then the offline state is indicated and records and overlays remain available.",Gallery and timeline,I5,Offline-indicator fixture.,Gallery label; rewrite adds indicator and availability.,Pass 1 semantic rehabilitation; matched=[EXACT_LEGACY_OUTPUT]; section=6. Gallery and Timeline; parent=CAN-SECTION-0049,REWRITE_AS_ACCEPTANCE_CRITERION,AI_SEMANTIC_REVIEW_PASS1,2026-08-05-pass1-semantic-rehabilitation,REVIEWED_CORRECTED
CAN-LAM-GOV-126,Do not assume paths.,"When a configured library encounters Do not assume paths during 6. Resolve the Real Repository First, Rust must apply authorized-root and access-mode rules, expose the resulting root or asset state, and leave files unchanged if validation, permission, or I/O checks fail.",Rescanning must not assume paths; every scan must resolve paths from the current filesystem and reconcile the derived index.,CONSTRAINT,CAN-SECTION-0183,,Libraries and storage,I4,Scan fixture must resolve current paths.,Scanning label; reclassified as a no-assumption constraint.,Pass 1 semantic rehabilitation; matched=[EXACT_LEGACY_OUTPUT]; section=6. Resolve the Real Repository First; parent=CAN-SECTION-0183,RECLASSIFY_CONSTRAINT,AI_SEMANTIC_REVIEW_PASS1,2026-08-05-pass1-semantic-rehabilitation,RECLASSIFIED
CAN-LAM-ARCH-069,Play and pause,"When the user invokes Play and pause in 7. Asset Viewer, the viewer must apply or display the behavior for the selected asset, expose the resulting UI state, and preserve the original media when the operation or format is unavailable.",The viewer must support play and pause for videos from the local source and report typed errors when playback is unavailable.,ACCEPTANCE_CRITERION,CAN-SECTION-0050,"Given a video, when play or pause is used, then playback toggles from the local source and unavailable playback returns a typed error.",Asset viewer,I5,Play-pause fixture.,Viewer label; rewrite adds playback and error behavior.,Pass 1 semantic rehabilitation; matched=[EXACT_LEGACY_OUTPUT]; section=7. Asset Viewer; parent=CAN-SECTION-0050,REWRITE_AS_ACCEPTANCE_CRITERION,AI_SEMANTIC_REVIEW_PASS1,2026-08-05-pass1-semantic-rehabilitation,REVIEWED_CORRECTED
CAN-LAM-ARCH-070,Timeline scrubbing,"When the user invokes Timeline scrubbing in 7. Asset Viewer, the viewer must apply or display the behavior for the selected asset, expose the resulting UI state, and preserve the original media when the operation or format is unavailable.",Timeline scrubbing must seek the video from the local source and keep the frame display current.,ACCEPTANCE_CRITERION,CAN-SECTION-0050,"Given a video, when the user scrubs the timeline, then the seek happens from the local source and the frame updates.",Asset viewer,I5,Scrub fixture.,Viewer label; rewrite adds seek behavior.,Pass 1 semantic rehabilitation; matched=[EXACT_LEGACY_OUTPUT]; section=7. Asset Viewer; parent=CAN-SECTION-0050,REWRITE_AS_ACCEPTANCE_CRITERION,AI_SEMANTIC_REVIEW_PASS1,2026-08-05-pass1-semantic-rehabilitation,REVIEWED_CORRECTED
CAN-LAM-ARCH-071,Previous and next navigation,"When the user invokes Previous and next navigation in 7. Asset Viewer, the viewer must apply or display the behavior for the selected asset, expose the resulting UI state, and preserve the original media when the operation or format is unavailable.",Previous and next navigation must move between assets from local records and remain keyboard-operable.,ACCEPTANCE_CRITERION,CAN-SECTION-0050,"Given an asset, when previous or next is used, then the viewer moves to the adjacent asset from local records.",Asset viewer,I5,Prev-next fixture.,Viewer label; rewrite adds navigation behavior.,Pass 1 semantic rehabilitation; matched=[EXACT_LEGACY_OUTPUT]; section=7. Asset Viewer; parent=CAN-SECTION-0050,REWRITE_AS_ACCEPTANCE_CRITERION,AI_SEMANTIC_REVIEW_PASS1,2026-08-05-pass1-semantic-rehabilitation,REVIEWED_CORRECTED
CAN-LAM-ARCH-072,Zoom,"When the user invokes Zoom in 7. Asset Viewer, the viewer must apply or display the behavior for the selected asset, expose the resulting UI state, and preserve the original media when the operation or format is unavailable.",Zoom must scale the displayed asset and must never modify the original file.,ACCEPTANCE_CRITERION,CAN-SECTION-0050,"Given an asset, when zoom changes, then the display scales and the original file remains unchanged.",Asset viewer,I5,Zoom fixture.,Viewer label; rewrite adds display-only scaling.,Pass 1 semantic rehabilitation; matched=[EXACT_LEGACY_OUTPUT]; section=7. Asset Viewer; parent=CAN-SECTION-0050,REWRITE_AS_ACCEPTANCE_CRITERION,AI_SEMANTIC_REVIEW_PASS1,2026-08-05-pass1-semantic-rehabilitation,REVIEWED_CORRECTED
CAN-LAM-ARCH-073,Pan,"When the user invokes Pan in 7. Asset Viewer, the viewer must apply or display the behavior for the selected asset, expose the resulting UI state, and preserve the original media when the operation or format is unavailable.",Pan must move the visible region of the displayed asset and must never modify the original file.,ACCEPTANCE_CRITERION,CAN-SECTION-0050,"Given a zoomed asset, when pan is used, then the visible region moves and the original file remains unchanged.",Asset viewer,I5,Pan fixture.,Viewer label; rewrite adds display-only panning.,Pass 1 semantic rehabilitation; matched=[EXACT_LEGACY_OUTPUT]; section=7. Asset Viewer; parent=CAN-SECTION-0050,REWRITE_AS_ACCEPTANCE_CRITERION,AI_SEMANTIC_REVIEW_PASS1,2026-08-05-pass1-semantic-rehabilitation,REVIEWED_CORRECTED
CAN-LAM-ARCH-074,Rotation,"When the user invokes Rotation in 7. Asset Viewer, the viewer must apply or display the behavior for the selected asset, expose the resulting UI state, and preserve the original media when the operation or format is unavailable.",Rotation must rotate the displayed asset and must never modify the original file.,ACCEPTANCE_CRITERION,CAN-SECTION-0050,"Given an asset, when rotation is applied, then the display rotates and the original file remains unchanged.",Asset viewer,I5,Rotation fixture.,Viewer label; rewrite adds display-only rotation.,Pass 1 semantic rehabilitation; matched=[EXACT_LEGACY_OUTPUT]; section=7. Asset Viewer; parent=CAN-SECTION-0050,REWRITE_AS_ACCEPTANCE_CRITERION,AI_SEMANTIC_REVIEW_PASS1,2026-08-05-pass1-semantic-rehabilitation,REVIEWED_CORRECTED
CAN-LAM-ARCH-075,Orientation correction,"When the user invokes Orientation correction in 7. Asset Viewer, the viewer must apply or display the behavior for the selected asset, expose the resulting UI state, and preserve the original media when the operation or format is unavailable.",Orientation correction must apply the reviewed orientation to the display and must never modify the original file.,ACCEPTANCE_CRITERION,CAN-SECTION-0050,"Given an asset with an orientation flag, when correction is applied, then the display uses the reviewed orientation and the original remains unchanged.",Asset viewer,I5,Orientation fixture.,Viewer label; rewrite adds display-only correction.,Pass 1 semantic rehabilitation; matched=[EXACT_LEGACY_OUTPUT]; section=7. Asset Viewer; parent=CAN-SECTION-0050,REWRITE_AS_ACCEPTANCE_CRITERION,AI_SEMANTIC_REVIEW_PASS1,2026-08-05-pass1-semantic-rehabilitation,REVIEWED_CORRECTED
CAN-LAM-ARCH-076,GIF playback,"When the user invokes GIF playback in 7. Asset Viewer, the viewer must apply or display the behavior for the selected asset, expose the resulting UI state, and preserve the original media when the operation or format is unavailable.",GIF playback must animate the local file and return a typed error when the format is unsupported.,ACCEPTANCE_CRITERION,CAN-SECTION-0050,"Given a GIF, when playback is requested, then the local file animates and unsupported formats return a typed error.",Asset viewer,I5,GIF fixture.,Viewer label; rewrite adds playback and error behavior.,Pass 1 semantic rehabilitation; matched=[EXACT_LEGACY_OUTPUT]; section=7. Asset Viewer; parent=CAN-SECTION-0050,REWRITE_AS_ACCEPTANCE_CRITERION,AI_SEMANTIC_REVIEW_PASS1,2026-08-05-pass1-semantic-rehabilitation,REVIEWED_CORRECTED
CAN-LAM-ARCH-077,Panorama support,"When the user invokes Panorama support in 7. Asset Viewer, the viewer must apply or display the behavior for the selected asset, expose the resulting UI state, and preserve the original media when the operation or format is unavailable.",The viewer must support panorama display from the local source and return a typed error when the panorama format is unsupported.,FUNCTIONAL_REQUIREMENT,,"Given a panorama asset, when the viewer opens it, then the panorama displays from the local source and unsupported formats return a typed error.",Asset viewer,I5,Panorama fixture.,Viewer label; rewrite adds support and error behavior.,Pass 1 semantic rehabilitation; matched=[EXACT_LEGACY_OUTPUT]; section=7. Asset Viewer; parent=none,REWRITE_AS_REQUIREMENT,AI_SEMANTIC_REVIEW_PASS1,2026-08-05-pass1-semantic-rehabilitation,REVIEWED_CORRECTED
CAN-LAM-ARCH-078,RAW previews where supported,"When the user invokes RAW previews where supported in 7. Asset Viewer, the viewer must apply or display the behavior for the selected asset, expose the resulting UI state, and preserve the original media when the operation or format is unavailable.",RAW previews must render where the reviewed decoder supports the format and return a typed error elsewhere without changing the original.,ACCEPTANCE_CRITERION,CAN-SECTION-0050,"Given a RAW asset, when preview is requested, then the preview renders on supported formats and other formats return a typed error.",Asset viewer,I5,RAW-preview fixture.,Viewer label; rewrite adds support matrix and error behavior.,Pass 1 semantic rehabilitation; matched=[EXACT_LEGACY_OUTPUT]; section=7. Asset Viewer; parent=CAN-SECTION-0050,REWRITE_AS_ACCEPTANCE_CRITERION,AI_SEMANTIC_REVIEW_PASS1,2026-08-05-pass1-semantic-rehabilitation,REVIEWED_CORRECTED
CAN-LAM-ARCH-079,Favorite toggle,"When the user invokes Favorite toggle in 7. Asset Viewer, the viewer must apply or display the behavior for the selected asset, expose the resulting UI state, and preserve the original media when the operation or format is unavailable.",The favorite toggle must persist the reviewed favorite state and reflect it in the UI and gallery.,ACCEPTANCE_CRITERION,CAN-SECTION-0050,"Given an asset, when the favorite toggle is used, then the favorite state persists and the UI reflects it.",Asset viewer,I5,Favorite-toggle fixture.,Viewer label; rewrite adds persistence and reflection.,Pass 1 semantic rehabilitation; matched=[EXACT_LEGACY_OUTPUT]; section=7. Asset Viewer; parent=CAN-SECTION-0050,REWRITE_AS_ACCEPTANCE_CRITERION,AI_SEMANTIC_REVIEW_PASS1,2026-08-05-pass1-semantic-rehabilitation,REVIEWED_CORRECTED
CAN-LAM-ARCH-080,Album membership,"When the user invokes Album membership in 7. Asset Viewer, the viewer must apply or display the behavior for the selected asset, expose the resulting UI state, and preserve the original media when the operation or format is unavailable.",Album membership editing must persist the reviewed membership without moving or duplicating the media file.,ACCEPTANCE_CRITERION,CAN-SECTION-0050,"Given an asset, when album membership changes, then the membership persists and the media file remains unchanged.",Asset viewer,I5,Album-membership fixture.,Viewer label; rewrite adds persistence and no-duplication.,Pass 1 semantic rehabilitation; matched=[EXACT_LEGACY_OUTPUT]; section=7. Asset Viewer; parent=CAN-SECTION-0050,REWRITE_AS_ACCEPTANCE_CRITERION,AI_SEMANTIC_REVIEW_PASS1,2026-08-05-pass1-semantic-rehabilitation,REVIEWED_CORRECTED
CAN-LAM-ARCH-081,Open in map,"When the user invokes Open in map in 7. Asset Viewer, the viewer must apply or display the behavior for the selected asset, expose the resulting UI state, and preserve the original media when the operation or format is unavailable.",Open in map must navigate to the asset's reviewed location on the map without changing the asset or location records.,ACCEPTANCE_CRITERION,CAN-SECTION-0050,"Given an asset with a location, when Open in map runs, then the map navigates to the reviewed location and no record changes.",Asset viewer,I5,Open-in-map fixture.,Viewer label; rewrite separates navigation from mutation.,Pass 1 semantic rehabilitation; matched=[EXACT_LEGACY_OUTPUT]; section=7. Asset Viewer; parent=CAN-SECTION-0050,REWRITE_AS_ACCEPTANCE_CRITERION,AI_SEMANTIC_REVIEW_PASS1,2026-08-05-pass1-semantic-rehabilitation,REVIEWED_CORRECTED
CAN-LAM-ARCH-082,Open in mind map,"When the user invokes Open in mind map in 7. Asset Viewer, the viewer must apply or display the behavior for the selected asset, expose the resulting UI state, and preserve the original media when the operation or format is unavailable.",Open in mind map must navigate to the asset's reviewed node in the mind map without changing records.,ACCEPTANCE_CRITERION,CAN-SECTION-0050,"Given an asset, when Open in mind map runs, then the mind map navigates to the reviewed node and no record changes.",Mind-map projections,I9,Open-in-mind-map fixture.,Viewer label; rewrite separates navigation from mutation.,Pass 1 semantic rehabilitation; matched=[EXACT_LEGACY_OUTPUT]; section=7. Asset Viewer; parent=CAN-SECTION-0050,REWRITE_AS_ACCEPTANCE_CRITERION,AI_SEMANTIC_REVIEW_PASS1,2026-08-05-pass1-semantic-rehabilitation,REVIEWED_CORRECTED
CAN-LAM-ASSET-057,Full-screen photo viewing,"When the user invokes Full-screen photo viewing in 7. Asset Viewer, the viewer must apply or display the behavior for the selected asset, expose the resulting UI state, and preserve the original media when the operation or format is unavailable.",Full-screen photo viewing must display the local photo without chrome and return to the prior view on exit.,ACCEPTANCE_CRITERION,CAN-SECTION-0050,"Given a photo, when full-screen viewing opens, then the local photo displays without chrome and exiting returns to the prior view.",Asset viewer,I5,Full-screen photo fixture.,Viewer label; rewrite adds mode and exit behavior.,Pass 1 semantic rehabilitation; matched=[EXACT_LEGACY_OUTPUT]; section=7. Asset Viewer; parent=CAN-SECTION-0050,REWRITE_AS_ACCEPTANCE_CRITERION,AI_SEMANTIC_REVIEW_PASS1,2026-08-05-pass1-semantic-rehabilitation,REVIEWED_CORRECTED
CAN-LAM-ASSET-058,Video playback,"When the user invokes Video playback in 7. Asset Viewer, the viewer must apply or display the behavior for the selected asset, expose the resulting UI state, and preserve the original media when the operation or format is unavailable.",Video playback must play the local source with supported codecs and return a typed error when playback is unavailable.,ACCEPTANCE_CRITERION,CAN-SECTION-0050,"Given a video, when playback is requested, then the local source plays and unsupported codecs return a typed error.",Asset viewer,I5,Video-playback fixture.,Viewer label; rewrite adds playback and error behavior.,Pass 1 semantic rehabilitation; matched=[EXACT_LEGACY_OUTPUT]; section=7. Asset Viewer; parent=CAN-SECTION-0050,REWRITE_AS_ACCEPTANCE_CRITERION,AI_SEMANTIC_REVIEW_PASS1,2026-08-05-pass1-semantic-rehabilitation,REVIEWED_CORRECTED
CAN-LAM-ASSET-060,Photographer assignment,"When the user invokes Photographer assignment in 7. Asset Viewer, the viewer must apply or display the behavior for the selected asset, expose the resulting UI state, and preserve the original media when the operation or format is unavailable.",Photographer assignment must persist the reviewed attribution without changing camera-owner or visible-person roles.,ACCEPTANCE_CRITERION,CAN-SECTION-0050,"Given an asset, when the photographer is assigned, then the attribution persists and other roles remain unchanged.",Relationships and attribution,I8,Photographer-assignment fixture.,Viewer label; rewrite adds role independence.,Pass 1 semantic rehabilitation; matched=[EXACT_LEGACY_OUTPUT]; section=7. Asset Viewer; parent=CAN-SECTION-0050,REWRITE_AS_ACCEPTANCE_CRITERION,AI_SEMANTIC_REVIEW_PASS1,2026-08-05-pass1-semantic-rehabilitation,REVIEWED_CORRECTED
CAN-LAM-DUPLICATE-002,Side-by-side comparison for duplicates,"When the user invokes Side-by-side comparison for duplicates in 7. Asset Viewer, the viewer must apply or display the behavior for the selected asset, expose the resulting UI state, and preserve the original media when the operation or format is unavailable.",Side-by-side comparison for duplicates must display both candidates without changing either file.,ACCEPTANCE_CRITERION,CAN-SECTION-0050,"Given duplicate candidates, when side-by-side comparison opens, then both assets display and no file changes.",Asset viewer,I5,Side-by-side fixture.,Viewer label; rewrite adds read-only comparison.,Pass 1 semantic rehabilitation; matched=[EXACT_LEGACY_OUTPUT]; section=7. Asset Viewer; parent=CAN-SECTION-0050,REWRITE_AS_ACCEPTANCE_CRITERION,AI_SEMANTIC_REVIEW_PASS1,2026-08-05-pass1-semantic-rehabilitation,REVIEWED_CORRECTED
CAN-LAM-EDIT-003,Tag editing,"When the user invokes Tag editing in 7. Asset Viewer, the viewer must apply or display the behavior for the selected asset, expose the resulting UI state, and preserve the original media when the operation or format is unavailable.",Tag editing in the viewer must persist the reviewed tag changes with provenance and reflect them in the UI.,ACCEPTANCE_CRITERION,CAN-SECTION-0050,"Given an asset, when tags are edited, then the changes persist with provenance and the UI reflects them.",Asset viewer,I5,Tag-edit fixture.,Viewer label; rewrite adds persistence and reflection.,Pass 1 semantic rehabilitation; matched=[EXACT_LEGACY_OUTPUT]; section=7. Asset Viewer; parent=CAN-SECTION-0050,REWRITE_AS_ACCEPTANCE_CRITERION,AI_SEMANTIC_REVIEW_PASS1,2026-08-05-pass1-semantic-rehabilitation,REVIEWED_CORRECTED
CAN-LAM-EVENT-016,Event assignment,"When the user invokes Event assignment in 7. Asset Viewer, the viewer must apply or display the behavior for the selected asset, expose the resulting UI state, and preserve the original media when the operation or format is unavailable.",Event assignment in the viewer must persist the reviewed event membership without moving files until an approved plan.,ACCEPTANCE_CRITERION,CAN-SECTION-0050,"Given an asset, when an event is assigned, then the membership persists and no file moves until approval.",Asset viewer,I5,Event-assignment fixture.,Viewer label; rewrite adds persistence and plan gating.,Pass 1 semantic rehabilitation; matched=[EXACT_LEGACY_OUTPUT]; section=7. Asset Viewer; parent=CAN-SECTION-0050,REWRITE_AS_ACCEPTANCE_CRITERION,AI_SEMANTIC_REVIEW_PASS1,2026-08-05-pass1-semantic-rehabilitation,REVIEWED_CORRECTED
CAN-LAM-EVENT-017,Open in event,"When the user invokes Open in event in 7. Asset Viewer, the viewer must apply or display the behavior for the selected asset, expose the resulting UI state, and preserve the original media when the operation or format is unavailable.",Open in event must navigate to the asset's reviewed event without creating or updating an event plan.,ACCEPTANCE_CRITERION,CAN-SECTION-0050,"Given an asset, when Open in event runs, then the event opens for display and no plan is created.",Asset viewer,I5,Open-in-event fixture.,Viewer label; rewrite separates navigation from mutation.,Pass 1 semantic rehabilitation; matched=[EXACT_LEGACY_OUTPUT]; section=7. Asset Viewer; parent=CAN-SECTION-0050,REWRITE_AS_ACCEPTANCE_CRITERION,AI_SEMANTIC_REVIEW_PASS1,2026-08-05-pass1-semantic-rehabilitation,REVIEWED_CORRECTED
CAN-LAM-FOLDER-014,Open in filesystem,"When the user invokes Open in filesystem in 7. Asset Viewer, the viewer must apply or display the behavior for the selected asset, expose the resulting UI state, and preserve the original media when the operation or format is unavailable.",Open in filesystem must reveal the asset's physical path in the OS file manager without moving files or changing state.,ACCEPTANCE_CRITERION,CAN-SECTION-0050,"Given an asset, when Open in filesystem runs, then the OS reveals the path and no filesystem or state change occurs.",Libraries and storage,I5,Open-in-filesystem fixture.,Viewer label; rewrite adds the navigation-only result. | Final statement is an OS file-manager reveal action with explicit no-mutation constraints.,Pass 1 semantic rehabilitation; matched=[EXACT_LEGACY_OUTPUT]; section=7. Asset Viewer; parent=CAN-SECTION-0050,REWRITE_AS_ACCEPTANCE_CRITERION,AI_SEMANTIC_REVIEW_PASS1,2026-08-05-pass2-semantic-consistency-correction,REVIEWED_CORRECTED
CAN-LAM-META-025,Metadata inspector,"When the user invokes Metadata inspector in 7. Asset Viewer, the viewer must apply or display the behavior for the selected asset, expose the resulting UI state, and preserve the original media when the operation or format is unavailable.",The metadata inspector must display the reviewed metadata fields and sources from local records without modifying them.,ACCEPTANCE_CRITERION,CAN-SECTION-0050,"Given an asset, when the metadata inspector opens, then reviewed fields and sources display and no record changes.",Asset viewer,I5,Metadata-inspector fixture.,Viewer label; rewrite adds display and no-mutation.,Pass 1 semantic rehabilitation; matched=[EXACT_LEGACY_OUTPUT]; section=7. Asset Viewer; parent=CAN-SECTION-0050,REWRITE_AS_ACCEPTANCE_CRITERION,AI_SEMANTIC_REVIEW_PASS1,2026-08-05-pass1-semantic-rehabilitation,REVIEWED_CORRECTED
CAN-LAM-PERSON-030,Person review,"When the user invokes Person review in 7. Asset Viewer, the viewer must apply or display the behavior for the selected asset, expose the resulting UI state, and preserve the original media when the operation or format is unavailable.",Person review in the viewer must show the reviewed person assignments and candidates and keep authoritative assignments unchanged until a decision.,ACCEPTANCE_CRITERION,CAN-SECTION-0050,"Given an asset, when person review opens, then assignments and candidates display and no assignment changes until a decision.",Asset viewer,I5,Person-review fixture.,Viewer label; rewrite adds review display and no-mutation.,Pass 1 semantic rehabilitation; matched=[EXACT_LEGACY_OUTPUT]; section=7. Asset Viewer; parent=CAN-SECTION-0050,REWRITE_AS_ACCEPTANCE_CRITERION,AI_SEMANTIC_REVIEW_PASS1,2026-08-05-pass1-semantic-rehabilitation,REVIEWED_CORRECTED
CAN-LAM-GOV-132,Frontend entry,"When Frontend entry is exercised in 8. Current Architecture Mapping Pass, Lamha must expose the resulting state and preserve the prior durable state if validation or execution fails.",The current-architecture mapping must record the frontend entry points for each area and must reject mapping rows without entry evidence.,CONSTRAINT,,,Planning and verification governance,,Mapping validation must reject rows missing entry evidence.,Mapping-pass field label; reclassified as a completeness constraint.,Pass 1 semantic rehabilitation; matched=[EXACT_LEGACY_OUTPUT]; section=8. Current Architecture Mapping Pass; parent=none,RECLASSIFY_CONSTRAINT,AI_SEMANTIC_REVIEW_PASS1,2026-08-05-pass1-semantic-rehabilitation,RECLASSIFIED
CAN-LAM-GOV-133,Route structure,"When Route structure is exercised in 8. Current Architecture Mapping Pass, Lamha must expose the resulting state and preserve the prior durable state if validation or execution fails.",The current-architecture mapping must record the route structure for each frontend area and must reject rows without route evidence.,CONSTRAINT,,,Planning and verification governance,,Mapping validation must reject rows missing routes.,Mapping-pass field label; reclassified as a completeness constraint.,Pass 1 semantic rehabilitation; matched=[EXACT_LEGACY_OUTPUT]; section=8. Current Architecture Mapping Pass; parent=none,RECLASSIFY_CONSTRAINT,AI_SEMANTIC_REVIEW_PASS1,2026-08-05-pass1-semantic-rehabilitation,RECLASSIFIED
CAN-LAM-GOV-134,Stores,"When Stores is exercised in 8. Current Architecture Mapping Pass, Lamha must expose the resulting state and preserve the prior durable state if validation or execution fails.",The current-architecture mapping must record the stores used by each area and must reject rows without store evidence.,CONSTRAINT,,,Planning and verification governance,,Mapping validation must reject rows missing stores.,Mapping-pass field label; reclassified as a completeness constraint.,Pass 1 semantic rehabilitation; matched=[EXACT_LEGACY_OUTPUT]; section=8. Current Architecture Mapping Pass; parent=none,RECLASSIFY_CONSTRAINT,AI_SEMANTIC_REVIEW_PASS1,2026-08-05-pass1-semantic-rehabilitation,RECLASSIFIED
CAN-LAM-GOV-135,API client,"When API client is exercised in 8. Current Architecture Mapping Pass, Lamha must expose the resulting state and preserve the prior durable state if validation or execution fails.",The current-architecture mapping must record the API client used by each frontend area and must reject rows without client evidence.,CONSTRAINT,,,Planning and verification governance,,Mapping validation must reject rows missing API clients.,Mapping-pass field label; reclassified as a completeness constraint.,Pass 1 semantic rehabilitation; matched=[EXACT_LEGACY_OUTPUT]; section=8. Current Architecture Mapping Pass; parent=none,RECLASSIFY_CONSTRAINT,AI_SEMANTIC_REVIEW_PASS1,2026-08-05-pass1-semantic-rehabilitation,RECLASSIFIED
CAN-LAM-GOV-136,REST endpoints,"When REST endpoints is exercised in 8. Current Architecture Mapping Pass, Lamha must expose the resulting state and preserve the prior durable state if validation or execution fails.",The current-architecture mapping must record the REST endpoints consumed by each area and must reject rows without endpoint evidence.,CONSTRAINT,,,Planning and verification governance,,Mapping validation must reject rows missing endpoints.,Mapping-pass field label; reclassified as a completeness constraint.,Pass 1 semantic rehabilitation; matched=[EXACT_LEGACY_OUTPUT]; section=8. Current Architecture Mapping Pass; parent=none,RECLASSIFY_CONSTRAINT,AI_SEMANTIC_REVIEW_PASS1,2026-08-05-pass1-semantic-rehabilitation,RECLASSIFIED
CAN-LAM-GOV-138,Authentication,"When Authentication is exercised in 8. Current Architecture Mapping Pass, Lamha must expose the resulting state and preserve the prior durable state if validation or execution fails.",The current-architecture mapping must record authentication dependencies for each area and must reject rows without authentication evidence.,CONSTRAINT,,,Planning and verification governance,,Mapping validation must reject rows missing authentication evidence.,Mapping-pass field label; reclassified as a completeness constraint.,Pass 1 semantic rehabilitation; matched=[EXACT_LEGACY_OUTPUT]; section=8. Current Architecture Mapping Pass; parent=none,RECLASSIFY_CONSTRAINT,AI_SEMANTIC_REVIEW_PASS1,2026-08-05-pass1-semantic-rehabilitation,RECLASSIFIED
CAN-LAM-GOV-139,Server entry,"When Server entry is exercised in 8. Current Architecture Mapping Pass, Lamha must expose the resulting state and preserve the prior durable state if validation or execution fails.",The current-architecture mapping must record the server entry points for each area and must reject rows without entry evidence.,CONSTRAINT,,,Planning and verification governance,,Mapping validation must reject rows missing server entries.,Mapping-pass field label; reclassified as a completeness constraint.,Pass 1 semantic rehabilitation; matched=[EXACT_LEGACY_OUTPUT]; section=8. Current Architecture Mapping Pass; parent=none,RECLASSIFY_CONSTRAINT,AI_SEMANTIC_REVIEW_PASS1,2026-08-05-pass1-semantic-rehabilitation,RECLASSIFIED
CAN-LAM-GOV-140,Services,"When Services is exercised in 8. Current Architecture Mapping Pass, Lamha must expose the resulting state and preserve the prior durable state if validation or execution fails.",The current-architecture mapping must record the services used by each area and must reject rows without service evidence.,CONSTRAINT,,,Planning and verification governance,,Mapping validation must reject rows missing services.,Mapping-pass field label; reclassified as a completeness constraint.,Pass 1 semantic rehabilitation; matched=[EXACT_LEGACY_OUTPUT]; section=8. Current Architecture Mapping Pass; parent=none,RECLASSIFY_CONSTRAINT,AI_SEMANTIC_REVIEW_PASS1,2026-08-05-pass1-semantic-rehabilitation,RECLASSIFIED
CAN-LAM-GOV-141,Database repositories,"When Database repositories is exercised in 8. Current Architecture Mapping Pass, Lamha must expose the resulting state and preserve the prior durable state if validation or execution fails.",The current-architecture mapping must record the database repositories used by each area and must reject rows without repository evidence.,CONSTRAINT,,,Planning and verification governance,,Mapping validation must reject rows missing repositories.,Mapping-pass field label; reclassified as a completeness constraint.,Pass 1 semantic rehabilitation; matched=[EXACT_LEGACY_OUTPUT]; section=8. Current Architecture Mapping Pass; parent=none,RECLASSIFY_CONSTRAINT,AI_SEMANTIC_REVIEW_PASS1,2026-08-05-pass1-semantic-rehabilitation,RECLASSIFIED
CAN-LAM-GOV-145,ML requests,"When ML requests is exercised in 8. Current Architecture Mapping Pass, Lamha must expose the resulting state and preserve the prior durable state if validation or execution fails.",The current-architecture mapping must record ML requests made by each area and must reject rows without ML evidence.,CONSTRAINT,,,Planning and verification governance,,Mapping validation must reject rows missing ML evidence.,Mapping-pass field label; reclassified as a completeness constraint.,Pass 1 semantic rehabilitation; matched=[EXACT_LEGACY_OUTPUT]; section=8. Current Architecture Mapping Pass; parent=none,RECLASSIFY_CONSTRAINT,AI_SEMANTIC_REVIEW_PASS1,2026-08-05-pass1-semantic-rehabilitation,RECLASSIFIED
CAN-LAM-GOV-146,Thumbnail processing,"When Thumbnail processing is exercised in 8. Current Architecture Mapping Pass, Lamha must expose the resulting state and preserve the prior durable state if validation or execution fails.",The current-architecture mapping must record thumbnail-processing paths and must reject rows without processing evidence.,CONSTRAINT,,,Planning and verification governance,,Mapping validation must reject rows missing thumbnail evidence.,Mapping-pass field label; reclassified as a completeness constraint.,Pass 1 semantic rehabilitation; matched=[EXACT_LEGACY_OUTPUT]; section=8. Current Architecture Mapping Pass; parent=none,RECLASSIFY_CONSTRAINT,AI_SEMANTIC_REVIEW_PASS1,2026-08-05-pass1-semantic-rehabilitation,RECLASSIFIED
CAN-LAM-GOV-150,External libraries,"When External libraries is exercised in 8. Current Architecture Mapping Pass, Lamha must expose the resulting state and preserve the prior durable state if validation or execution fails.",The current-architecture mapping must record external libraries used by each area and must reject rows without library evidence.,CONSTRAINT,,,Planning and verification governance,,Mapping validation must reject rows missing external-library evidence.,Mapping-pass field label; reclassified as a completeness constraint.,Pass 1 semantic rehabilitation; matched=[EXACT_LEGACY_OUTPUT]; section=8. Current Architecture Mapping Pass; parent=none,RECLASSIFY_CONSTRAINT,AI_SEMANTIC_REVIEW_PASS1,2026-08-05-pass1-semantic-rehabilitation,RECLASSIFIED
CAN-LAM-ARCH-083,Recursive scanning,"When a configured library encounters Recursive scanning during 8. Local Library Scanning, Rust must apply authorized-root and access-mode rules, expose the resulting root or asset state, and leave files unchanged if validation, permission, or I/O checks fail.","Recursive scanning must traverse the Library Root tree, index supported media with stable identities, and stop at unauthorized boundaries.",ACCEPTANCE_CRITERION,CAN-SECTION-0051,"Given a Library Root, when recursive scanning runs, then supported media is indexed and traversal stops at unauthorized boundaries.",Media ingestion and derivation,I4,Recursive-scan fixture.,Scanning label; rewrite adds traversal scope and boundary enforcement.,Pass 1 semantic rehabilitation; matched=[EXACT_LEGACY_OUTPUT]; section=8. Local Library Scanning; parent=CAN-SECTION-0051,REWRITE_AS_ACCEPTANCE_CRITERION,AI_SEMANTIC_REVIEW_PASS1,2026-08-05-pass1-semantic-rehabilitation,REVIEWED_CORRECTED
CAN-LAM-ARCH-084,Incremental rescanning,"When a configured library encounters Incremental rescanning during 8. Local Library Scanning, Rust must apply authorized-root and access-mode rules, expose the resulting root or asset state, and leave files unchanged if validation, permission, or I/O checks fail.",Incremental rescanning must process only changed or new paths and report the scanned scope without rescanning the whole library.,ACCEPTANCE_CRITERION,CAN-SECTION-0051,"Given an existing index, when incremental rescan runs, then only changed and new paths are processed and the scope is reported.",Media ingestion and derivation,I4,Incremental-rescan fixture.,Scanning label; rewrite adds scoped processing.,Pass 1 semantic rehabilitation; matched=[EXACT_LEGACY_OUTPUT]; section=8. Local Library Scanning; parent=CAN-SECTION-0051,REWRITE_AS_ACCEPTANCE_CRITERION,AI_SEMANTIC_REVIEW_PASS1,2026-08-05-pass1-semantic-rehabilitation,REVIEWED_CORRECTED
CAN-LAM-ARCH-085,File watching,"When a configured library encounters File watching during 8. Local Library Scanning, Rust must apply authorized-root and access-mode rules, expose the resulting root or asset state, and leave files unchanged if validation, permission, or I/O checks fail.",File watching must detect changes within the authorized root and reconcile the index without mutating source files.,ACCEPTANCE_CRITERION,CAN-SECTION-0051,"Given a watched root, when a file changes, then the index reconciles and the source file remains unchanged.",Media ingestion and derivation,I4,File-watch fixture.,Scanning label; rewrite adds change detection and no-mutation.,Pass 1 semantic rehabilitation; matched=[EXACT_LEGACY_OUTPUT]; section=8. Local Library Scanning; parent=CAN-SECTION-0051,REWRITE_AS_ACCEPTANCE_CRITERION,AI_SEMANTIC_REVIEW_PASS1,2026-08-05-pass1-semantic-rehabilitation,REVIEWED_CORRECTED
CAN-LAM-ARCH-086,External change detection,"When a configured library encounters External change detection during 8. Local Library Scanning, Rust must apply authorized-root and access-mode rules, expose the resulting root or asset state, and leave files unchanged if validation, permission, or I/O checks fail.",External change detection must reconcile the index with the current filesystem on the next scan and report mismatches without altering source files.,ACCEPTANCE_CRITERION,CAN-SECTION-0051,"Given external changes, when the next scan runs, then the index reconciles and mismatches are reported while source files remain unchanged.",Media ingestion and derivation,I4,External-change detection fixture.,Scanning label; rewrite adds reconciliation and reporting.,Pass 1 semantic rehabilitation; matched=[EXACT_LEGACY_OUTPUT]; section=8. Local Library Scanning; parent=CAN-SECTION-0051,REWRITE_AS_ACCEPTANCE_CRITERION,AI_SEMANTIC_REVIEW_PASS1,2026-08-05-pass1-semantic-rehabilitation,REVIEWED_CORRECTED
CAN-LAM-ARCH-087,Thumbnail generation,"When a configured library encounters Thumbnail generation during 8. Local Library Scanning, Rust must apply authorized-root and access-mode rules, expose the resulting root or asset state, and leave files unchanged if validation, permission, or I/O checks fail.",Thumbnail generation must create previews from local media without modifying the originals and record generation state.,ACCEPTANCE_CRITERION,CAN-SECTION-0051,"Given an indexed asset, when thumbnail generation runs, then a preview is created from the local source and the original remains unchanged.",Media ingestion and derivation,I4,Thumbnail-generation fixture.,Scanning label; rewrite adds preview creation and no-mutation.,Pass 1 semantic rehabilitation; matched=[EXACT_LEGACY_OUTPUT]; section=8. Local Library Scanning; parent=CAN-SECTION-0051,REWRITE_AS_ACCEPTANCE_CRITERION,AI_SEMANTIC_REVIEW_PASS1,2026-08-05-pass1-semantic-rehabilitation,REVIEWED_CORRECTED
CAN-LAM-ARCH-088,Hash calculation,"When duplicate analysis evaluates Hash calculation in 8. Local Library Scanning, it must create a reviewable candidate with evidence and stable asset identities; no file may be removed or merged when analysis fails or before an explicitly confirmed operation plan.",Hash calculation must compute the full hash of each indexed file and store it with the asset record.,ACCEPTANCE_CRITERION,CAN-SECTION-0052,"Given an indexed file, when hash calculation runs, then the full hash is computed and stored with the record.",Media ingestion and derivation,I4,Hash-calculation fixture.,Scanning label; rewrite adds hash computation and storage.,Pass 1 semantic rehabilitation; matched=[EXACT_LEGACY_OUTPUT]; section=8. Local Library Scanning; parent=CAN-SECTION-0052,REWRITE_AS_ACCEPTANCE_CRITERION,AI_SEMANTIC_REVIEW_PASS1,2026-08-05-pass1-semantic-rehabilitation,REVIEWED_CORRECTED
CAN-LAM-ARCH-089,Sidecar discovery,"When the 8. Local Library Scanning workflow reads or changes Sidecar discovery, it must preserve the value, authority, and provenance in the appropriate durable record and expose the resulting revision to the derived index. Missing, malformed, or conflicting input must be reported without discarding the last valid value.",Sidecar discovery must find valid sidecars for each asset and link them without changing the sidecar bytes.,ACCEPTANCE_CRITERION,CAN-SECTION-0053,"Given an asset with sidecars, when discovery runs, then the sidecars are found and linked and their bytes remain unchanged.",Sidecars and metadata authority,I4,Sidecar-discovery fixture.,Scanning label; rewrite adds discovery and no-mutation.,Pass 1 semantic rehabilitation; matched=[EXACT_LEGACY_OUTPUT]; section=8. Local Library Scanning; parent=CAN-SECTION-0053,REWRITE_AS_ACCEPTANCE_CRITERION,AI_SEMANTIC_REVIEW_PASS1,2026-08-05-pass1-semantic-rehabilitation,REVIEWED_CORRECTED
CAN-LAM-ARCH-090,Sidecar creation,"When the 8. Local Library Scanning workflow reads or changes Sidecar creation, it must preserve the value, authority, and provenance in the appropriate durable record and expose the resulting revision to the derived index. Missing, malformed, or conflicting input must be reported without discarding the last valid value.",Sidecar creation must write the reviewed schema-valid sidecar set through the transaction journal.,ACCEPTANCE_CRITERION,CAN-SECTION-0053,"Given an approved sidecar creation, when it commits, then the sidecar set is schema-valid and journaled.",Media ingestion and derivation,I4,Sidecar-creation fixture.,Scanning label; rewrite adds validity and journaling.,Pass 1 semantic rehabilitation; matched=[EXACT_LEGACY_OUTPUT]; section=8. Local Library Scanning; parent=CAN-SECTION-0053,REWRITE_AS_ACCEPTANCE_CRITERION,AI_SEMANTIC_REVIEW_PASS1,2026-08-05-pass1-semantic-rehabilitation,REVIEWED_CORRECTED
CAN-LAM-ARCH-091,Sidecar health checks,"When the 8. Local Library Scanning workflow reads or changes Sidecar health checks, it must preserve the value, authority, and provenance in the appropriate durable record and expose the resulting revision to the derived index. Missing, malformed, or conflicting input must be reported without discarding the last valid value.","Sidecar health checks must report validity, missing fields, and degraded records without modifying the sidecars.",ACCEPTANCE_CRITERION,CAN-SECTION-0053,"Given sidecars, when health checks run, then validity and degraded state are reported and no sidecar changes occur.",Sidecars and metadata authority,I4,Sidecar-health fixture.,Scanning label; rewrite adds reporting and no-mutation.,Pass 1 semantic rehabilitation; matched=[EXACT_LEGACY_OUTPUT]; section=8. Local Library Scanning; parent=CAN-SECTION-0053,REWRITE_AS_ACCEPTANCE_CRITERION,AI_SEMANTIC_REVIEW_PASS1,2026-08-05-pass1-semantic-rehabilitation,REVIEWED_CORRECTED
CAN-LAM-ARCH-092,Read-only library support,"When a configured library encounters Read-only library support during 8. Local Library Scanning, Rust must apply authorized-root and access-mode rules, expose the resulting root or asset state, and leave files unchanged if validation, permission, or I/O checks fail.",Lamha must support read-only library roots by scanning and displaying them while keeping pending edits as overlays and never writing to the read-only media.,FUNCTIONAL_REQUIREMENT,,"Given a read-only root, when scanning and viewing run, then the library is available and edits are stored as overlays without writing to the root.",Media ingestion and derivation,I4,Read-only-root fixture.,Scanning label; rewrite adds read-only behavior.,Pass 1 semantic rehabilitation; matched=[EXACT_LEGACY_OUTPUT]; section=8. Local Library Scanning; parent=none,REWRITE_AS_REQUIREMENT,AI_SEMANTIC_REVIEW_PASS1,2026-08-05-pass1-semantic-rehabilitation,REVIEWED_CORRECTED
CAN-LAM-ARCH-093,Missing-root handling,"When a configured library encounters Missing-root handling during 8. Local Library Scanning, Rust must apply authorized-root and access-mode rules, expose the resulting root or asset state, and leave files unchanged if validation, permission, or I/O checks fail.","When a configured Library Root is missing, Lamha must mark the root missing, keep its indexed records available, and defer operations until it returns.",ACCEPTANCE_CRITERION,CAN-SECTION-0051,"Given a missing root, when scanning runs, then the root is marked missing, records remain available, and operations are deferred.",Media ingestion and derivation,I4,Missing-root fixture.,Scanning label; rewrite adds missing-root handling.,Pass 1 semantic rehabilitation; matched=[EXACT_LEGACY_OUTPUT]; section=8. Local Library Scanning; parent=CAN-SECTION-0051,REWRITE_AS_ACCEPTANCE_CRITERION,AI_SEMANTIC_REVIEW_PASS1,2026-08-05-pass1-semantic-rehabilitation,REVIEWED_CORRECTED
CAN-LAM-ARCH-094,Reconnection handling,"When a configured library encounters Reconnection handling during 8. Local Library Scanning, Rust must apply authorized-root and access-mode rules, expose the resulting root or asset state, and leave files unchanged if validation, permission, or I/O checks fail.","When a root reconnects, Lamha must reconcile it by durable identity and restore records and pending overlays.",ACCEPTANCE_CRITERION,CAN-SECTION-0051,"Given a reconnecting root, when reconciliation runs, then the root reconciles by identity and records and overlays are restored.",External drives and path resilience,I12,Reconnection fixture.,Scanning label; rewrite adds identity reconciliation.,Pass 1 semantic rehabilitation; matched=[EXACT_LEGACY_OUTPUT]; section=8. Local Library Scanning; parent=CAN-SECTION-0051,REWRITE_AS_ACCEPTANCE_CRITERION,AI_SEMANTIC_REVIEW_PASS1,2026-08-05-pass1-semantic-rehabilitation,REVIEWED_CORRECTED
CAN-LAM-FOLDER-015,Selecting one or more library roots,"When a configured library encounters Selecting one or more library roots during 8. Local Library Scanning, Rust must apply authorized-root and access-mode rules, expose the resulting root or asset state, and leave files unchanged if validation, permission, or I/O checks fail.",Selecting one or more library roots must record explicit user authorization and limit scans and writes to the authorized root set.,ACCEPTANCE_CRITERION,CAN-SECTION-0051,"Given selected roots, when selection is confirmed, then the roots are authorized and scans/writes are limited to them.",Media ingestion and derivation,I4,Root-selection fixture.,Scanning label; rewrite separates selection from authorization.,Pass 1 semantic rehabilitation; matched=[EXACT_LEGACY_OUTPUT]; section=8. Local Library Scanning; parent=CAN-SECTION-0051,REWRITE_AS_ACCEPTANCE_CRITERION,AI_SEMANTIC_REVIEW_PASS1,2026-08-05-pass1-semantic-rehabilitation,REVIEWED_CORRECTED
CAN-LAM-FOLDER-016,Existing folder recognition,"When a configured library encounters Existing folder recognition during 8. Local Library Scanning, Rust must apply authorized-root and access-mode rules, expose the resulting root or asset state, and leave files unchanged if validation, permission, or I/O checks fail.",Existing folder recognition must identify previously indexed folders at their current paths and reconcile the index without moving them.,ACCEPTANCE_CRITERION,CAN-SECTION-0051,"Given an existing folder, when recognition runs, then it is identified and indexed in place without moving.",Media ingestion and derivation,I4,Existing-folder fixture.,Scanning label; rewrite adds in-place recognition.,Pass 1 semantic rehabilitation; matched=[EXACT_LEGACY_OUTPUT]; section=8. Local Library Scanning; parent=CAN-SECTION-0051,REWRITE_AS_ACCEPTANCE_CRITERION,AI_SEMANTIC_REVIEW_PASS1,2026-08-05-pass1-semantic-rehabilitation,REVIEWED_CORRECTED
CAN-LAM-FOLDER-017,External-drive support,"When a configured library encounters External-drive support during 8. Local Library Scanning, Rust must apply authorized-root and access-mode rules, expose the resulting root or asset state, and leave files unchanged if validation, permission, or I/O checks fail.","Lamha must support external drives as Library Roots with durable drive identity, detached state, and reconnection reconciliation.",FUNCTIONAL_REQUIREMENT,,"Given an external drive, when it is used as a root, then scanning, detached state, and reconnection follow the reviewed drive rules.",Media ingestion and derivation,I4,External-drive root fixture.,Scanning label; rewrite adds external-drive support.,Pass 1 semantic rehabilitation; matched=[EXACT_LEGACY_OUTPUT]; section=8. Local Library Scanning; parent=none,REWRITE_AS_REQUIREMENT,AI_SEMANTIC_REVIEW_PASS1,2026-08-05-pass1-semantic-rehabilitation,REVIEWED_CORRECTED
CAN-LAM-META-026,Metadata extraction,"When the 8. Local Library Scanning workflow reads or changes Metadata extraction, it must preserve the value, authority, and provenance in the appropriate durable record and expose the resulting revision to the derived index. Missing, malformed, or conflicting input must be reported without discarding the last valid value.",Metadata extraction must read the reviewed fields from the media source and preserve the file bytes unchanged.,ACCEPTANCE_CRITERION,CAN-SECTION-0053,"Given a media file, when extraction runs, then the reviewed fields are read and the file remains unchanged.",Sidecars and metadata authority,I4,Metadata-extraction fixture.,Scanning label; rewrite adds extraction and preservation.,Pass 1 semantic rehabilitation; matched=[EXACT_LEGACY_OUTPUT]; section=8. Local Library Scanning; parent=CAN-SECTION-0053,REWRITE_AS_ACCEPTANCE_CRITERION,AI_SEMANTIC_REVIEW_PASS1,2026-08-05-pass1-semantic-rehabilitation,REVIEWED_CORRECTED
CAN-LAM-ARCH-095,Lamha keeps support for:,"When Lamha keeps support for is requested in 9. Event System, Lamha must produce or update a reviewable event plan, show its membership and filesystem effects, and make no authoritative or filesystem change if validation or confirmation fails.","Lamha must keep support for the reviewed event types (trips, casual hangouts, one-day and multi-day events, and events with no known date).",FUNCTIONAL_REQUIREMENT,,"Given each reviewed event type, when event creation runs, then the type is supported with the reviewed rules.",Events and organization,I6,Event-type fixture.,Event label; rewrite names the supported set.,Pass 1 semantic rehabilitation; matched=[EXACT_LEGACY_OUTPUT]; section=9. Event System; parent=none,REWRITE_AS_REQUIREMENT,AI_SEMANTIC_REVIEW_PASS1,2026-08-05-pass1-semantic-rehabilitation,REVIEWED_CORRECTED
CAN-LAM-ARCH-096,Trips,"When Trips is requested in 9. Event System, Lamha must produce or update a reviewable event plan, show its membership and filesystem effects, and make no authoritative or filesystem change if validation or confirmation fails.",Trips must be supported as parent events that may contain optional child events.,ACCEPTANCE_CRITERION,CAN-SECTION-0054,"Given a trip, when event creation runs, then the trip is created as a parent event with optional children.",Events and organization,I6,Trip fixture.,Event-type label; rewrite adds parent semantics.,Pass 1 semantic rehabilitation; matched=[EXACT_LEGACY_OUTPUT]; section=9. Event System; parent=CAN-SECTION-0054,REWRITE_AS_ACCEPTANCE_CRITERION,AI_SEMANTIC_REVIEW_PASS1,2026-08-05-pass1-semantic-rehabilitation,REVIEWED_CORRECTED
CAN-LAM-ARCH-097,Casual hangouts,"When Casual hangouts is requested in 9. Event System, Lamha must produce or update a reviewable event plan, show its membership and filesystem effects, and make no authoritative or filesystem change if validation or confirmation fails.",Casual hangouts must be supported as a lightweight event type with the reviewed naming and membership rules.,ACCEPTANCE_CRITERION,CAN-SECTION-0054,"Given a casual hangout, when event creation runs, then it is created with the reviewed rules.",Events and organization,I6,Casual-hangout fixture.,Event-type label; rewrite names the type.,Pass 1 semantic rehabilitation; matched=[EXACT_LEGACY_OUTPUT]; section=9. Event System; parent=CAN-SECTION-0054,REWRITE_AS_ACCEPTANCE_CRITERION,AI_SEMANTIC_REVIEW_PASS1,2026-08-05-pass1-semantic-rehabilitation,REVIEWED_CORRECTED
CAN-LAM-EVENT-018,One-day events,"When One-day events is requested in 9. Event System, Lamha must produce or update a reviewable event plan, show its membership and filesystem effects, and make no authoritative or filesystem change if validation or confirmation fails.",One-day events must be created with a single approved date and the reviewed folder naming.,ACCEPTANCE_CRITERION,CAN-SECTION-0054,"Given a one-day event, when it is created, then it uses the approved date and naming.",Events and organization,I6,One-day event fixture.,Event-type label; rewrite names the rule.,Pass 1 semantic rehabilitation; matched=[EXACT_LEGACY_OUTPUT]; section=9. Event System; parent=CAN-SECTION-0054,REWRITE_AS_ACCEPTANCE_CRITERION,AI_SEMANTIC_REVIEW_PASS1,2026-08-05-pass1-semantic-rehabilitation,REVIEWED_CORRECTED
CAN-LAM-EVENT-019,Multi-day events,"When Multi-day events is requested in 9. Event System, Lamha must produce or update a reviewable event plan, show its membership and filesystem effects, and make no authoritative or filesystem change if validation or confirmation fails.",Multi-day events must be created with the approved start date and must not be split automatically.,ACCEPTANCE_CRITERION,CAN-SECTION-0054,"Given a multi-day event, when it is created, then it stays unified under the approved start date.",Events and organization,I6,Multi-day fixture.,Event-type label; rewrite adds unity.,Pass 1 semantic rehabilitation; matched=[EXACT_LEGACY_OUTPUT]; section=9. Event System; parent=CAN-SECTION-0054,REWRITE_AS_ACCEPTANCE_CRITERION,AI_SEMANTIC_REVIEW_PASS1,2026-08-05-pass1-semantic-rehabilitation,REVIEWED_CORRECTED
CAN-LAM-EVENT-020,Events continuing after midnight,"When Events continuing after midnight is requested in 9. Event System, Lamha must produce or update a reviewable event plan, show its membership and filesystem effects, and make no authoritative or filesystem change if validation or confirmation fails.",Events continuing after midnight must remain unified under the approved start date and must not split on time alone.,ACCEPTANCE_CRITERION,CAN-SECTION-0054,"Given a midnight-spanning event, when it is created, then it remains unified under the approved start date.",Events and organization,I6,Midnight event fixture.,Event-type label; rewrite adds unity.,Pass 1 semantic rehabilitation; matched=[EXACT_LEGACY_OUTPUT]; section=9. Event System; parent=CAN-SECTION-0054,REWRITE_AS_ACCEPTANCE_CRITERION,AI_SEMANTIC_REVIEW_PASS1,2026-08-05-pass1-semantic-rehabilitation,REVIEWED_CORRECTED
CAN-LAM-EVENT-021,Events with no known date,"When Events with no known date is requested in 9. Event System, Lamha must produce or update a reviewable event plan, show its membership and filesystem effects, and make no authoritative or filesystem change if validation or confirmation fails.",Events with no known date must use the Unknown Date layout and must not invent a calendar date.,ACCEPTANCE_CRITERION,CAN-SECTION-0054,"Given an event with no approved date, when it is created, then it uses Unknown Date and no date is invented.",Events and organization,I6,Unknown-date event fixture.,Event-type label; rewrite adds the no-date rule.,Pass 1 semantic rehabilitation; matched=[EXACT_LEGACY_OUTPUT]; section=9. Event System; parent=CAN-SECTION-0054,REWRITE_AS_ACCEPTANCE_CRITERION,AI_SEMANTIC_REVIEW_PASS1,2026-08-05-pass1-semantic-rehabilitation,REVIEWED_CORRECTED
CAN-LAM-EVENT-022,Events with multiple locations,"When Events with multiple locations is used in 9. Event System, Lamha must derive the map or location result from canonical records, show its source and confidence where applicable, and preserve the records if projection or coordinate validation fails.",Events with multiple locations must store the reviewed location set and remain unified.,ACCEPTANCE_CRITERION,CAN-SECTION-0156,"Given an event with multiple locations, when it is created, then the location set is stored and the event remains unified.",Events and organization,I6,Multi-location event fixture.,Event-type label; rewrite adds location-set storage.,Pass 1 semantic rehabilitation; matched=[EXACT_LEGACY_OUTPUT]; section=9. Event System; parent=CAN-SECTION-0156,REWRITE_AS_ACCEPTANCE_CRITERION,AI_SEMANTIC_REVIEW_PASS1,2026-08-05-pass1-semantic-rehabilitation,REVIEWED_CORRECTED
CAN-LAM-EVENT-023,Events with one primary folder,"When a configured library encounters Events with one primary folder during 9. Event System, Rust must apply authorized-root and access-mode rules, expose the resulting root or asset state, and leave files unchanged if validation, permission, or I/O checks fail.",Events with one primary folder must record the primary folder and use it as the materialization target.,ACCEPTANCE_CRITERION,CAN-SECTION-0157,"Given an event with one primary folder, when materialization runs, then the primary folder is used.",Events and organization,I6,Primary-folder event fixture.,Event-type label; rewrite adds primary-folder semantics.,Pass 1 semantic rehabilitation; matched=[EXACT_LEGACY_OUTPUT]; section=9. Event System; parent=CAN-SECTION-0157,REWRITE_AS_ACCEPTANCE_CRITERION,AI_SEMANTIC_REVIEW_PASS1,2026-08-05-pass1-semantic-rehabilitation,REVIEWED_CORRECTED
CAN-LAM-EVENT-024,Events linked to several folders,"When a configured library encounters Events linked to several folders during 9. Event System, Rust must apply authorized-root and access-mode rules, expose the resulting root or asset state, and leave files unchanged if validation, permission, or I/O checks fail.",Events linked to several folders must record the reviewed folder set and keep linked folders immobile.,ACCEPTANCE_CRITERION,CAN-SECTION-0157,"Given an event with several folders, when it is created, then the folder set is recorded and linked folders are not moved.",Events and organization,I6,Multi-folder event fixture.,Event-type label; rewrite adds folder-set and immobility.,Pass 1 semantic rehabilitation; matched=[EXACT_LEGACY_OUTPUT]; section=9. Event System; parent=CAN-SECTION-0157,REWRITE_AS_ACCEPTANCE_CRITERION,AI_SEMANTIC_REVIEW_PASS1,2026-08-05-pass1-semantic-rehabilitation,REVIEWED_CORRECTED
CAN-LAM-EVENT-025,Parent events,"When Parent events is requested in 9. Event System, Lamha must produce or update a reviewable event plan, show its membership and filesystem effects, and make no authoritative or filesystem change if validation or confirmation fails.",Parent events must support child-event membership and preserve it in projections.,ACCEPTANCE_CRITERION,CAN-SECTION-0054,"Given a parent event, when child events are linked, then the membership persists and appears in projections.",Events and organization,I6,Parent-event fixture.,Event-type label; rewrite adds parent/child semantics.,Pass 1 semantic rehabilitation; matched=[EXACT_LEGACY_OUTPUT]; section=9. Event System; parent=CAN-SECTION-0054,REWRITE_AS_ACCEPTANCE_CRITERION,AI_SEMANTIC_REVIEW_PASS1,2026-08-05-pass1-semantic-rehabilitation,REVIEWED_CORRECTED
CAN-LAM-EVENT-026,Child events,"When Child events is requested in 9. Event System, Lamha must produce or update a reviewable event plan, show its membership and filesystem effects, and make no authoritative or filesystem change if validation or confirmation fails.",Child events must record their parent membership and remain independently editable.,ACCEPTANCE_CRITERION,CAN-SECTION-0054,"Given a child event, when it is edited, then the parent membership persists and the child remains editable.",Events and organization,I6,Child-event fixture.,Event-type label; rewrite adds child semantics.,Pass 1 semantic rehabilitation; matched=[EXACT_LEGACY_OUTPUT]; section=9. Event System; parent=CAN-SECTION-0054,REWRITE_AS_ACCEPTANCE_CRITERION,AI_SEMANTIC_REVIEW_PASS1,2026-08-05-pass1-semantic-rehabilitation,REVIEWED_CORRECTED
CAN-LAM-EVENT-028,Trips containing optional child events,"When Trips containing optional child events is requested in 9. Event System, Lamha must produce or update a reviewable event plan, show its membership and filesystem effects, and make no authoritative or filesystem change if validation or confirmation fails.",Trips containing optional child events must allow optional membership and preserve it in projections.,ACCEPTANCE_CRITERION,CAN-SECTION-0054,"Given a trip, when optional child events are added, then the membership persists as optional.",Events and organization,I6,Optional-child fixture.,Event-type label; rewrite adds optional-child semantics.,Pass 1 semantic rehabilitation; matched=[EXACT_LEGACY_OUTPUT]; section=9. Event System; parent=CAN-SECTION-0054,REWRITE_AS_ACCEPTANCE_CRITERION,AI_SEMANTIC_REVIEW_PASS1,2026-08-05-pass1-semantic-rehabilitation,REVIEWED_CORRECTED
CAN-LAM-EVENT-029,Event cover images,"When Event cover images is requested in 9. Event System, Lamha must produce or update a reviewable event plan, show its membership and filesystem effects, and make no authoritative or filesystem change if validation or confirmation fails.",Event cover images must store the reviewed cover reference and display it in event views.,ACCEPTANCE_CRITERION,CAN-SECTION-0054,"Given an event, when a cover is chosen, then the reference is stored and displayed.",Events and organization,I6,Cover-image fixture.,Event-field label; rewrite adds storage and display.,Pass 1 semantic rehabilitation; matched=[EXACT_LEGACY_OUTPUT]; section=9. Event System; parent=CAN-SECTION-0054,REWRITE_AS_ACCEPTANCE_CRITERION,AI_SEMANTIC_REVIEW_PASS1,2026-08-05-pass1-semantic-rehabilitation,REVIEWED_CORRECTED
CAN-LAM-EVENT-030,Event descriptions,"When Event descriptions is requested in 9. Event System, Lamha must produce or update a reviewable event plan, show its membership and filesystem effects, and make no authoritative or filesystem change if validation or confirmation fails.",Event descriptions must store the reviewed description text and display it in event views.,ACCEPTANCE_CRITERION,CAN-SECTION-0054,"Given an event, when a description is saved, then it is stored and displayed.",Events and organization,I6,Description fixture.,Event-field label; rewrite adds storage and display.,Pass 1 semantic rehabilitation; matched=[EXACT_LEGACY_OUTPUT]; section=9. Event System; parent=CAN-SECTION-0054,REWRITE_AS_ACCEPTANCE_CRITERION,AI_SEMANTIC_REVIEW_PASS1,2026-08-05-pass1-semantic-rehabilitation,REVIEWED_CORRECTED
CAN-LAM-EVENT-031,Event tags,"When Event tags is proposed or changed in 9. Event System, Lamha must persist a namespaced, revisioned tag candidate or assignment, expose the decision for review, and preserve prior assignments on validation failure.",Event tags must persist the reviewed namespaced tags and reflect them in tag projections.,ACCEPTANCE_CRITERION,CAN-SECTION-0158,"Given an event, when tags are saved, then the tags persist and appear in projections.",Events and organization,I6,Event-tag fixture.,Event-field label; rewrite adds persistence and projection.,Pass 1 semantic rehabilitation; matched=[EXACT_LEGACY_OUTPUT]; section=9. Event System; parent=CAN-SECTION-0158,REWRITE_AS_ACCEPTANCE_CRITERION,AI_SEMANTIC_REVIEW_PASS1,2026-08-05-pass1-semantic-rehabilitation,REVIEWED_CORRECTED
CAN-LAM-EVENT-032,Event attendees,"When Event attendees is requested in 9. Event System, Lamha must produce or update a reviewable event plan, show its membership and filesystem effects, and make no authoritative or filesystem change if validation or confirmation fails.",Event attendees must store the reviewed people set and reflect it in event and person projections.,ACCEPTANCE_CRITERION,CAN-SECTION-0054,"Given an event, when attendees are recorded, then the people set persists and appears in projections.",Events and organization,I6,Attendee fixture.,Event-field label; rewrite adds persistence and projection.,Pass 1 semantic rehabilitation; matched=[EXACT_LEGACY_OUTPUT]; section=9. Event System; parent=CAN-SECTION-0054,REWRITE_AS_ACCEPTANCE_CRITERION,AI_SEMANTIC_REVIEW_PASS1,2026-08-05-pass1-semantic-rehabilitation,REVIEWED_CORRECTED
CAN-LAM-EVENT-033,Event group presence,"When the 9. Event System workflow manages Event group presence, it must persist the candidate or confirmed state with provenance and revision, expose the resulting state for review, and reject invalid transitions without changing an existing identity or historical interval.",Event group presence must store the reviewed groups attending an event and reflect them in projections.,ACCEPTANCE_CRITERION,CAN-SECTION-0159,"Given an event, when group presence is recorded, then the groups persist and appear in projections.",Events and organization,I6,Group-presence fixture.,Event-field label; rewrite adds persistence and projection.,Pass 1 semantic rehabilitation; matched=[EXACT_LEGACY_OUTPUT]; section=9. Event System; parent=CAN-SECTION-0159,REWRITE_AS_ACCEPTANCE_CRITERION,AI_SEMANTIC_REVIEW_PASS1,2026-08-05-pass1-semantic-rehabilitation,REVIEWED_CORRECTED
CAN-LAM-EVENT-034,Event relationship composition,"When the 9. Event System workflow manages Event relationship composition, it must persist the candidate or confirmed state with provenance and revision, expose the resulting state for review, and reject invalid transitions without changing an existing identity or historical interval.",Event relationship composition must derive from reviewed relationship rules and show its source.,ACCEPTANCE_CRITERION,CAN-SECTION-0159,"Given an event and reviewed relationships, when composition renders, then it derives from the rules with source shown.",Events and organization,I6,Event-composition fixture.,Event-field label; rewrite adds derivation and source.,Pass 1 semantic rehabilitation; matched=[EXACT_LEGACY_OUTPUT]; section=9. Event System; parent=CAN-SECTION-0159,REWRITE_AS_ACCEPTANCE_CRITERION,AI_SEMANTIC_REVIEW_PASS1,2026-08-05-pass1-semantic-rehabilitation,REVIEWED_CORRECTED
CAN-LAM-FOLDER-018,Physically merged folders,"When a configured library encounters Physically merged folders during 9. Event System, Rust must apply authorized-root and access-mode rules, expose the resulting root or asset state, and leave files unchanged if validation, permission, or I/O checks fail.",Physically merged folders must be represented as one managed folder with all member assets indexed in place.,ACCEPTANCE_CRITERION,CAN-SECTION-0157,"Given physically merged folders, when indexing runs, then they are represented as one folder with assets indexed in place.",Events and organization,I6,Merged-folder fixture.,Event-folder label; rewrite adds merged representation.,Pass 1 semantic rehabilitation; matched=[EXACT_LEGACY_OUTPUT]; section=9. Event System; parent=CAN-SECTION-0157,REWRITE_AS_ACCEPTANCE_CRITERION,AI_SEMANTIC_REVIEW_PASS1,2026-08-05-pass1-semantic-rehabilitation,REVIEWED_CORRECTED
CAN-LAM-FOLDER-019,Logically linked folders,"When Logically linked folders is requested in 9. Event System, Lamha must produce or update a reviewable event plan, show its membership and filesystem effects, and make no authoritative or filesystem change if validation or confirmation fails.",Logically linked folders must record the link without moving contents and must remain immobile.,ACCEPTANCE_CRITERION,CAN-SECTION-0054,"Given folders to link, when the link is confirmed, then the link is recorded and contents remain at their paths.",Events and organization,I6,Logical-link fixture.,Event-folder label; rewrite adds link and immobility.,Pass 1 semantic rehabilitation; matched=[EXACT_LEGACY_OUTPUT]; section=9. Event System; parent=CAN-SECTION-0054,REWRITE_AS_ACCEPTANCE_CRITERION,AI_SEMANTIC_REVIEW_PASS1,2026-08-05-pass1-semantic-rehabilitation,REVIEWED_CORRECTED
CAN-LAM-FOLDER-020,Split folders,"When Split folders is requested in 9. Event System, Lamha must produce or update a reviewable event plan, show its membership and filesystem effects, and make no authoritative or filesystem change if validation or confirmation fails.",Split folders must preview the resulting folder set and commit only after approval while preserving asset identities.,ACCEPTANCE_CRITERION,CAN-SECTION-0054,"Given a folder split plan, when preview runs, then the resulting folders are shown and commit requires approval.",Events and organization,I6,Folder-split fixture.,Event-folder label; rewrite adds preview and approval.,Pass 1 semantic rehabilitation; matched=[EXACT_LEGACY_OUTPUT]; section=9. Event System; parent=CAN-SECTION-0054,REWRITE_AS_ACCEPTANCE_CRITERION,AI_SEMANTIC_REVIEW_PASS1,2026-08-05-pass1-semantic-rehabilitation,REVIEWED_CORRECTED
CAN-LAM-GOV-156,For each feature record:,"When For each feature record is exercised in 9. Existing Feature Mapping Pass, Lamha must expose the resulting state and preserve the prior durable state if validation or execution fails.",The existing-feature map must record the reviewed fields for each feature record and reject rows with missing fields.,CONSTRAINT,,,Planning and verification governance,,Feature-map validation must reject incomplete rows.,Feature-map label; reclassified as a completeness constraint.,Pass 1 semantic rehabilitation; matched=[EXACT_LEGACY_OUTPUT]; section=9. Existing Feature Mapping Pass; parent=none,RECLASSIFY_CONSTRAINT,AI_SEMANTIC_REVIEW_PASS1,2026-08-05-pass1-semantic-rehabilitation,RECLASSIFIED
CAN-LAM-ARCH-098,Lamha may display summaries such as:,"When Lamha may display summaries such as is requested in 9.1 Manual event creation, Lamha must produce or update a reviewable event plan, show its membership and filesystem effects, and make no authoritative or filesystem change if validation or confirmation fails.","Manual event creation may display summaries such as date range, cameras, locations, file sizes, asset counts, existing folders, detected people, and known groups.",GLOSSARY,CAN-SECTION-0055,,Events and organization,,Gate 1 scope; Gate 2 compile/build; Gate 3 focused/regression; Gate 8 traceability,Manual-event heading; reclassified as glossary of optional summaries. | Non-implementation record (GLOSSARY/UI_LABEL/INFORMATIONAL/DUPLICATE) cannot retain an implementation phase.,Pass 1 semantic rehabilitation; matched=[EXACT_LEGACY_OUTPUT]; section=9.1 Manual event creation; parent=CAN-SECTION-0055,RECLASSIFY_GLOSSARY,AI_SEMANTIC_REVIEW_PASS1,2026-08-05-pass2-semantic-consistency-correction,REVIEWED_CORRECTED
CAN-LAM-ARCH-099,Date range,"When Date range is requested in 9.1 Manual event creation, Lamha must produce or update a reviewable event plan, show its membership and filesystem effects, and make no authoritative or filesystem change if validation or confirmation fails.",Date range is a summary field showing the reviewed capture-date range of the event's assets.,GLOSSARY,CAN-SECTION-0055,,Events and organization,,Gate 1 scope; Gate 2 compile/build; Gate 3 focused/regression; Gate 8 traceability,Summary-field label; reclassified as glossary. | Non-implementation record (GLOSSARY/UI_LABEL/INFORMATIONAL/DUPLICATE) cannot retain an implementation phase.,Pass 1 semantic rehabilitation; matched=[EXACT_LEGACY_OUTPUT]; section=9.1 Manual event creation; parent=CAN-SECTION-0055,RECLASSIFY_GLOSSARY,AI_SEMANTIC_REVIEW_PASS1,2026-08-05-pass2-semantic-consistency-correction,REVIEWED_CORRECTED
CAN-LAM-ARCH-100,Cameras,"When Cameras is requested in 9.1 Manual event creation, Lamha must produce or update a reviewable event plan, show its membership and filesystem effects, and make no authoritative or filesystem change if validation or confirmation fails.",Cameras is a summary field listing the reviewed camera devices of the event's assets.,GLOSSARY,CAN-SECTION-0055,,Events and organization,,Gate 1 scope; Gate 2 compile/build; Gate 3 focused/regression; Gate 8 traceability,Summary-field label; reclassified as glossary. | Non-implementation record (GLOSSARY/UI_LABEL/INFORMATIONAL/DUPLICATE) cannot retain an implementation phase.,Pass 1 semantic rehabilitation; matched=[EXACT_LEGACY_OUTPUT]; section=9.1 Manual event creation; parent=CAN-SECTION-0055,RECLASSIFY_GLOSSARY,AI_SEMANTIC_REVIEW_PASS1,2026-08-05-pass2-semantic-consistency-correction,REVIEWED_CORRECTED
CAN-LAM-ARCH-101,Locations,"When Locations is used in 9.1 Manual event creation, Lamha must derive the map or location result from canonical records, show its source and confidence where applicable, and preserve the records if projection or coordinate validation fails.",Locations is a summary field listing the reviewed locations of the event's assets.,GLOSSARY,CAN-SECTION-0056,,Events and organization,,Gate 1 scope; Gate 2 compile/build; Gate 3 focused/regression; Gate 8 traceability,Summary-field label; reclassified as glossary. | Non-implementation record (GLOSSARY/UI_LABEL/INFORMATIONAL/DUPLICATE) cannot retain an implementation phase.,Pass 1 semantic rehabilitation; matched=[EXACT_LEGACY_OUTPUT]; section=9.1 Manual event creation; parent=CAN-SECTION-0056,RECLASSIFY_GLOSSARY,AI_SEMANTIC_REVIEW_PASS1,2026-08-05-pass2-semantic-consistency-correction,REVIEWED_CORRECTED
CAN-LAM-ARCH-102,File sizes,"When File sizes is requested in 9.1 Manual event creation, Lamha must produce or update a reviewable event plan, show its membership and filesystem effects, and make no authoritative or filesystem change if validation or confirmation fails.",File sizes is a summary field showing the reviewed total size of the event's assets.,GLOSSARY,CAN-SECTION-0055,,Events and organization,,Gate 1 scope; Gate 2 compile/build; Gate 3 focused/regression; Gate 8 traceability,Summary-field label; reclassified as glossary. | Non-implementation record (GLOSSARY/UI_LABEL/INFORMATIONAL/DUPLICATE) cannot retain an implementation phase.,Pass 1 semantic rehabilitation; matched=[EXACT_LEGACY_OUTPUT]; section=9.1 Manual event creation; parent=CAN-SECTION-0055,RECLASSIFY_GLOSSARY,AI_SEMANTIC_REVIEW_PASS1,2026-08-05-pass2-semantic-consistency-correction,REVIEWED_CORRECTED
CAN-LAM-ASSET-062,Selected asset count,"When the user invokes Selected asset count in 9.1 Manual event creation, the viewer must apply or display the behavior for the selected asset, expose the resulting UI state, and preserve the original media when the operation or format is unavailable.",Selected asset count is a summary field showing the number of assets selected for the event.,GLOSSARY,CAN-SECTION-0121,,Events and organization,,Gate 1 scope; Gate 2 compile/build; Gate 3 focused/regression; Gate 8 traceability,Summary-field label; reclassified as glossary. | Non-implementation record (GLOSSARY/UI_LABEL/INFORMATIONAL/DUPLICATE) cannot retain an implementation phase.,Pass 1 semantic rehabilitation; matched=[EXACT_LEGACY_OUTPUT]; section=9.1 Manual event creation; parent=CAN-SECTION-0121,RECLASSIFY_GLOSSARY,AI_SEMANTIC_REVIEW_PASS1,2026-08-05-pass2-semantic-consistency-correction,REVIEWED_CORRECTED
CAN-LAM-FOLDER-021,Existing folders,"When a configured library encounters Existing folders during 9.1 Manual event creation, Rust must apply authorized-root and access-mode rules, expose the resulting root or asset state, and leave files unchanged if validation, permission, or I/O checks fail.",Existing folders is a summary field showing the existing folders that may be linked to the event.,GLOSSARY,CAN-SECTION-0168,,Events and organization,,Gate 1 scope; Gate 2 compile/build; Gate 3 focused/regression; Gate 8 traceability,Summary-field label; reclassified as glossary. | Non-implementation record (GLOSSARY/UI_LABEL/INFORMATIONAL/DUPLICATE) cannot retain an implementation phase.,Pass 1 semantic rehabilitation; matched=[EXACT_LEGACY_OUTPUT]; section=9.1 Manual event creation; parent=CAN-SECTION-0168,RECLASSIFY_GLOSSARY,AI_SEMANTIC_REVIEW_PASS1,2026-08-05-pass2-semantic-consistency-correction,REVIEWED_CORRECTED
CAN-LAM-PERSON-031,Detected people,"When the 9.1 Manual event creation workflow manages Detected people, it must persist the candidate or confirmed state with provenance and revision, expose the resulting state for review, and reject invalid transitions without changing an existing identity or historical interval.",Detected people is a summary field showing the reviewed people detected in the event's assets.,GLOSSARY,CAN-SECTION-0219,,Events and organization,,Gate 1 scope; Gate 2 compile/build; Gate 3 focused/regression; Gate 8 traceability,Summary-field label; reclassified as glossary. | Non-implementation record (GLOSSARY/UI_LABEL/INFORMATIONAL/DUPLICATE) cannot retain an implementation phase.,Pass 1 semantic rehabilitation; matched=[EXACT_LEGACY_OUTPUT]; section=9.1 Manual event creation; parent=CAN-SECTION-0219,RECLASSIFY_GLOSSARY,AI_SEMANTIC_REVIEW_PASS1,2026-08-05-pass2-semantic-consistency-correction,REVIEWED_CORRECTED
CAN-LAM-PERSON-032,Known groups,"When the 9.1 Manual event creation workflow manages Known groups, it must persist the candidate or confirmed state with provenance and revision, expose the resulting state for review, and reject invalid transitions without changing an existing identity or historical interval.",Known groups is a summary field showing the reviewed groups among the event's people.,GLOSSARY,CAN-SECTION-0219,,Events and organization,,Gate 1 scope; Gate 2 compile/build; Gate 3 focused/regression; Gate 8 traceability,Summary-field label; reclassified as glossary. | Non-implementation record (GLOSSARY/UI_LABEL/INFORMATIONAL/DUPLICATE) cannot retain an implementation phase.,Pass 1 semantic rehabilitation; matched=[EXACT_LEGACY_OUTPUT]; section=9.1 Manual event creation; parent=CAN-SECTION-0219,RECLASSIFY_GLOSSARY,AI_SEMANTIC_REVIEW_PASS1,2026-08-05-pass2-semantic-consistency-correction,REVIEWED_CORRECTED
CAN-LAM-ARCH-231,Local albums,"When the user changes Local albums in Albums, Lamha must persist the affected asset membership or favorite state with a new revision, reflect it in the UI, and preserve the prior membership if the write fails.",Local albums must persist reviewed membership without duplicating media files.,ACCEPTANCE_CRITERION,CAN-SECTION-0082,"Given an album, when membership changes, then the membership persists and no media file is duplicated.",Albums and favorites,I5,Local-album fixture.,Album label; rewrite adds persistence and no-duplication.,Pass 1 semantic rehabilitation; matched=[EXACT_LEGACY_OUTPUT]; section=Albums; parent=CAN-SECTION-0082,REWRITE_AS_ACCEPTANCE_CRITERION,AI_SEMANTIC_REVIEW_PASS1,2026-08-05-pass1-semantic-rehabilitation,REVIEWED_CORRECTED
CAN-LAM-ARCH-232,Album covers,"When the user changes Album covers in Albums, Lamha must persist the affected asset membership or favorite state with a new revision, reflect it in the UI, and preserve the prior membership if the write fails.",Album covers must store the reviewed cover reference and display it in album views.,ACCEPTANCE_CRITERION,CAN-SECTION-0082,"Given an album, when a cover is chosen, then the reference is stored and displayed.",Albums and favorites,I5,Album-cover fixture.,Album label; rewrite adds storage and display.,Pass 1 semantic rehabilitation; matched=[EXACT_LEGACY_OUTPUT]; section=Albums; parent=CAN-SECTION-0082,REWRITE_AS_ACCEPTANCE_CRITERION,AI_SEMANTIC_REVIEW_PASS1,2026-08-05-pass1-semantic-rehabilitation,REVIEWED_CORRECTED
CAN-LAM-ARCH-233,Album sorting,"When the user changes Album sorting in Albums, Lamha must persist the affected asset membership or favorite state with a new revision, reflect it in the UI, and preserve the prior membership if the write fails.",Album sorting must persist the reviewed sort rule and apply it to album views.,ACCEPTANCE_CRITERION,CAN-SECTION-0082,"Given an album, when sorting is changed, then the rule persists and views apply it.",Albums and favorites,I5,Album-sort fixture.,Album label; rewrite adds persistence and application.,Pass 1 semantic rehabilitation; matched=[EXACT_LEGACY_OUTPUT]; section=Albums; parent=CAN-SECTION-0082,REWRITE_AS_ACCEPTANCE_CRITERION,AI_SEMANTIC_REVIEW_PASS1,2026-08-05-pass1-semantic-rehabilitation,REVIEWED_CORRECTED
CAN-LAM-ARCH-234,No physical duplication,"When the user changes No physical duplication in Albums, Lamha must persist the affected asset membership or favorite state with a new revision, reflect it in the UI, and preserve the prior membership if the write fails.",Albums must never cause physical duplication of media files; membership references the same asset identity.,ACCEPTANCE_CRITERION,CAN-SECTION-0082,"Given an asset in several albums, when albums render, then the same asset identity is referenced and no file is duplicated.",Albums and favorites,I5,No-duplication fixture.,Album label; rewrite adds the no-duplication invariant.,Pass 1 semantic rehabilitation; matched=[EXACT_LEGACY_OUTPUT]; section=Albums; parent=CAN-SECTION-0082,REWRITE_AS_ACCEPTANCE_CRITERION,AI_SEMANTIC_REVIEW_PASS1,2026-08-05-pass1-semantic-rehabilitation,REVIEWED_CORRECTED
CAN-LAM-ASSET-120,One asset in several albums,"When the user invokes One asset in several albums in Albums, the viewer must apply or display the behavior for the selected asset, expose the resulting UI state, and preserve the original media when the operation or format is unavailable.",One asset in several albums must reference the same asset identity in every album without duplication.,ACCEPTANCE_CRITERION,CAN-SECTION-0131,"Given an asset in several albums, when the asset is viewed, then every album references the same identity.",Asset viewer,I5,Multi-album fixture.,Album label; rewrite adds identity sharing.,Pass 1 semantic rehabilitation; matched=[EXACT_LEGACY_OUTPUT]; section=Albums; parent=CAN-SECTION-0131,REWRITE_AS_ACCEPTANCE_CRITERION,AI_SEMANTIC_REVIEW_PASS1,2026-08-05-pass1-semantic-rehabilitation,REVIEWED_CORRECTED
CAN-LAM-META-035,Album metadata,"When the Albums workflow reads or changes Album metadata, it must preserve the value, authority, and provenance in the appropriate durable record and expose the resulting revision to the derived index. Missing, malformed, or conflicting input must be reported without discarding the last valid value.",Album metadata must persist the reviewed album fields in the authoritative record and display them in album views.,ACCEPTANCE_CRITERION,CAN-SECTION-0201,"Given an album, when metadata is saved, then the fields persist and display.",Metadata,I5,Album-metadata fixture.,Album label; rewrite adds persistence and display.,Pass 1 semantic rehabilitation; matched=[EXACT_LEGACY_OUTPUT]; section=Albums; parent=CAN-SECTION-0201,REWRITE_AS_ACCEPTANCE_CRITERION,AI_SEMANTIC_REVIEW_PASS1,2026-08-05-pass1-semantic-rehabilitation,REVIEWED_CORRECTED
CAN-LAM-SEARCH-007,Album filtering,"When the user changes Album filtering in Albums, Lamha must persist the affected asset membership or favorite state with a new revision, reflect it in the UI, and preserve the prior membership if the write fails.",Album filtering must return assets whose reviewed album membership matches the filter.,ACCEPTANCE_CRITERION,CAN-SECTION-0082,"Given album membership, when a filter is applied, then matching assets return.",Albums and favorites,I5,Album-filter fixture.,Album label; rewrite adds the filter result.,Pass 1 semantic rehabilitation; matched=[EXACT_LEGACY_OUTPUT]; section=Albums; parent=CAN-SECTION-0082,REWRITE_AS_ACCEPTANCE_CRITERION,AI_SEMANTIC_REVIEW_PASS1,2026-08-05-pass1-semantic-rehabilitation,REVIEWED_CORRECTED
CAN-LAM-ARCH-001,Application name: Lamha,"When producing Authoritative Master Plan File 1 of 3 evidence, the repository and packaged application must identify Application name: Lamha consistently, retain required attribution, and fail the release gate if any reviewed surface disagrees.",The application must use the reviewed name Lamha consistently on every user-visible surface and the release gate must fail if any surface disagrees.,ACCEPTANCE_CRITERION,CAN-SECTION-0030,"Given the release build, when name validation runs, then every surface shows Lamha or release fails.",Legal and rebranding,I1,Name-consistency gate.,Rebranding label; rewrite adds consistency and release gating.,Pass 1 semantic rehabilitation; matched=[EXACT_LEGACY_OUTPUT]; section=Authoritative Master Plan File 1 of 3; parent=CAN-SECTION-0030,REWRITE_AS_ACCEPTANCE_CRITERION,AI_SEMANTIC_REVIEW_PASS1,2026-08-05-pass1-semantic-rehabilitation,REVIEWED_CORRECTED
CAN-LAM-ARCH-235,Favorite/unfavorite,"When the user uses Favorite/unfavorite in Favorites, the interface must expose the resulting selection, position, or view state from local data, remain keyboard-operable, and retain the prior stable view if loading fails.",Favorite and unfavorite actions must persist the reviewed state and reflect it in the gallery.,ACCEPTANCE_CRITERION,CAN-SECTION-0083,"Given an asset, when favorite or unfavorite is used, then the state persists and the gallery reflects it.",Gallery and timeline,I5,Favorite-toggle fixture.,Favorites label; rewrite adds persistence and reflection.,Pass 1 semantic rehabilitation; matched=[EXACT_LEGACY_OUTPUT]; section=Favorites; parent=CAN-SECTION-0083,REWRITE_AS_ACCEPTANCE_CRITERION,AI_SEMANTIC_REVIEW_PASS1,2026-08-05-pass1-semantic-rehabilitation,REVIEWED_CORRECTED
CAN-LAM-ARCH-236,Dedicated Favorites view,"When the user uses Dedicated Favorites view in Favorites, the interface must expose the resulting selection, position, or view state from local data, remain keyboard-operable, and retain the prior stable view if loading fails.",The dedicated Favorites view must show exactly the favorited assets from local data and remain keyboard-operable.,ACCEPTANCE_CRITERION,CAN-SECTION-0083,"Given favorited assets, when the Favorites view opens, then only favorited assets are shown from local data.",Gallery and timeline,I5,Favorites-view fixture.,Favorites label; rewrite adds view scope.,Pass 1 semantic rehabilitation; matched=[EXACT_LEGACY_OUTPUT]; section=Favorites; parent=CAN-SECTION-0083,REWRITE_AS_ACCEPTANCE_CRITERION,AI_SEMANTIC_REVIEW_PASS1,2026-08-05-pass1-semantic-rehabilitation,REVIEWED_CORRECTED
CAN-LAM-ARCH-237,Local sidecar storage,"When the Favorites workflow reads or changes Local sidecar storage, it must preserve the value, authority, and provenance in the appropriate durable record and expose the resulting revision to the derived index. Missing, malformed, or conflicting input must be reported without discarding the last valid value.",Favorite state must be stored locally in the reviewed sidecar and must not depend on a server.,ACCEPTANCE_CRITERION,CAN-SECTION-0084,"Given a favorite change, when it is saved, then the state is stored in the local sidecar.",Metadata,I5,Local-storage fixture.,Favorites label; rewrite adds local storage.,Pass 1 semantic rehabilitation; matched=[EXACT_LEGACY_OUTPUT]; section=Favorites; parent=CAN-SECTION-0084,REWRITE_AS_ACCEPTANCE_CRITERION,AI_SEMANTIC_REVIEW_PASS1,2026-08-05-pass1-semantic-rehabilitation,REVIEWED_CORRECTED
CAN-LAM-SEARCH-008,Search and smart-view support,"When the user uses Search and smart-view support in Favorites, the interface must expose the resulting selection, position, or view state from local data, remain keyboard-operable, and retain the prior stable view if loading fails.","When a search or smart view runs, Lamha must include favorite state as a filter from local records and return assets whose reviewed favorite state matches the filter.",FUNCTIONAL_REQUIREMENT,,"Given favorited assets, when a search or smart view runs, then favorite state filters results from local records and only matching assets return.",Gallery and timeline,I5,Favorites search fixture with filter checks.,"Favorites label; rewrite adds search, smart-view support, and filter results.",Pass 1 semantic rehabilitation; matched=[EXACT_LEGACY_OUTPUT]; section=Favorites; parent=none,REWRITE_AS_REQUIREMENT,AI_SEMANTIC_REVIEW_PASS1,2026-08-05-pass1-semantic-rehabilitation,REVIEWED_CORRECTED
CAN-LAM-ARCH-238,On this day,"When On this day is shown in Memories, Lamha must derive the memory from local canonical asset references, show a reproducible result, and omit unavailable assets without changing their records.",On this day memories must derive assets from local canonical records by date and omit unavailable assets.,ACCEPTANCE_CRITERION,CAN-SECTION-0085,"Given local canonical assets, when On this day renders, then matching assets derive from records and unavailable assets are omitted.",Memories,I5,On-this-day fixture.,Memories label; rewrite adds derivation.,Pass 1 semantic rehabilitation; matched=[EXACT_LEGACY_OUTPUT]; section=Memories; parent=CAN-SECTION-0085,REWRITE_AS_ACCEPTANCE_CRITERION,AI_SEMANTIC_REVIEW_PASS1,2026-08-05-pass1-semantic-rehabilitation,REVIEWED_CORRECTED
CAN-LAM-ARCH-239,Same month in previous years,"When Same month in previous years is shown in Memories, Lamha must derive the memory from local canonical asset references, show a reproducible result, and omit unavailable assets without changing their records.",Same-month-in-previous-years memories must derive assets from local canonical records by month and omit unavailable assets.,ACCEPTANCE_CRITERION,CAN-SECTION-0085,"Given local canonical assets, when the same-month view renders, then matching assets derive from records and unavailable assets are omitted.",Memories,I5,Same-month fixture.,Memories label; rewrite adds derivation.,Pass 1 semantic rehabilitation; matched=[EXACT_LEGACY_OUTPUT]; section=Memories; parent=CAN-SECTION-0085,REWRITE_AS_ACCEPTANCE_CRITERION,AI_SEMANTIC_REVIEW_PASS1,2026-08-05-pass1-semantic-rehabilitation,REVIEWED_CORRECTED
CAN-LAM-ARCH-240,Location memories,"When Location memories is shown in Memories, Lamha must derive the memory from local canonical asset references, show a reproducible result, and omit unavailable assets without changing their records.",Location memories must derive assets from reviewed location records and omit unavailable assets.,ACCEPTANCE_CRITERION,CAN-SECTION-0085,"Given location records, when location memories render, then matching assets derive from records and unavailable assets are omitted.",Memories,I5,Location-memory fixture.,Memories label; rewrite adds derivation.,Pass 1 semantic rehabilitation; matched=[EXACT_LEGACY_OUTPUT]; section=Memories; parent=CAN-SECTION-0085,REWRITE_AS_ACCEPTANCE_CRITERION,AI_SEMANTIC_REVIEW_PASS1,2026-08-05-pass1-semantic-rehabilitation,REVIEWED_CORRECTED
CAN-LAM-ARCH-241,Album memories,"When the user changes Album memories in Memories, Lamha must persist the affected asset membership or favorite state with a new revision, reflect it in the UI, and preserve the prior membership if the write fails.",Album memories must derive assets from reviewed album membership and omit unavailable assets.,ACCEPTANCE_CRITERION,CAN-SECTION-0086,"Given album membership, when album memories render, then matching assets derive from membership and unavailable assets are omitted.",Albums and favorites,I5,Album-memory fixture.,Memories label; rewrite adds derivation.,Pass 1 semantic rehabilitation; matched=[EXACT_LEGACY_OUTPUT]; section=Memories; parent=CAN-SECTION-0086,REWRITE_AS_ACCEPTANCE_CRITERION,AI_SEMANTIC_REVIEW_PASS1,2026-08-05-pass1-semantic-rehabilitation,REVIEWED_CORRECTED
CAN-LAM-ARCH-242,Screenshot exclusions,"When Screenshot exclusions is shown in Memories, Lamha must derive the memory from local canonical asset references, show a reproducible result, and omit unavailable assets without changing their records.",Screenshot exclusions must exclude reviewed screenshot-class assets from memories.,ACCEPTANCE_CRITERION,CAN-SECTION-0085,"Given screenshot assets, when memories render, then excluded screenshots never appear.",Memories,I5,Screenshot-exclusion fixture.,Memories label; rewrite adds exclusion.,Pass 1 semantic rehabilitation; matched=[EXACT_LEGACY_OUTPUT]; section=Memories; parent=CAN-SECTION-0085,REWRITE_AS_ACCEPTANCE_CRITERION,AI_SEMANTIC_REVIEW_PASS1,2026-08-05-pass1-semantic-rehabilitation,REVIEWED_CORRECTED
CAN-LAM-ARCH-243,Entirely local generation,"When Entirely local generation is shown in Memories, Lamha must derive the memory from local canonical asset references, show a reproducible result, and omit unavailable assets without changing their records.","When memories are generated, Lamha must produce every memory entirely from local canonical records and must perform no upload or outbound network request.",ACCEPTANCE_CRITERION,CAN-SECTION-0085,"Given local canonical records, when memories are generated, then each memory is produced from local records and no upload or outbound request occurs.",Memories,I5,Local-generation fixture with no-network assertion.,Memories label; rewrite adds local-only generation and the no-upload result.,Pass 1 semantic rehabilitation; matched=[EXACT_LEGACY_OUTPUT]; section=Memories; parent=CAN-SECTION-0085,REWRITE_AS_ACCEPTANCE_CRITERION,AI_SEMANTIC_REVIEW_PASS1,2026-08-05-pass1-semantic-rehabilitation,REVIEWED_CORRECTED
CAN-LAM-EVENT-052,Event memories,"When Event memories is shown in Memories, Lamha must derive the memory from local canonical asset references, show a reproducible result, and omit unavailable assets without changing their records.",Event memories must derive assets from reviewed event membership and omit unavailable assets.,ACCEPTANCE_CRITERION,CAN-SECTION-0085,"Given event membership, when event memories render, then matching assets derive from membership and unavailable assets are omitted.",Memories,I5,Event-memory fixture.,Memories label; rewrite adds derivation.,Pass 1 semantic rehabilitation; matched=[EXACT_LEGACY_OUTPUT]; section=Memories; parent=CAN-SECTION-0085,REWRITE_AS_ACCEPTANCE_CRITERION,AI_SEMANTIC_REVIEW_PASS1,2026-08-05-pass1-semantic-rehabilitation,REVIEWED_CORRECTED
CAN-LAM-FOLDER-034,Folder and tag exclusions,"When Folder and tag exclusions is proposed or changed in Memories, Lamha must persist a namespaced, revisioned tag candidate or assignment, expose the decision for review, and preserve prior assignments on validation failure.",Folder and tag exclusions must exclude the reviewed folders and tags from memories.,ACCEPTANCE_CRITERION,CAN-SECTION-0173,"Given excluded folders and tags, when memories render, then matching assets never appear.",Tags,I5,Exclusion fixture.,Memories label; rewrite adds exclusion.,Pass 1 semantic rehabilitation; matched=[EXACT_LEGACY_OUTPUT]; section=Memories; parent=CAN-SECTION-0173,REWRITE_AS_ACCEPTANCE_CRITERION,AI_SEMANTIC_REVIEW_PASS1,2026-08-05-pass1-semantic-rehabilitation,REVIEWED_CORRECTED
CAN-LAM-PERF-002,Random continuous memory reel,"When Random continuous memory reel is shown in Memories, Lamha must derive the memory from local canonical asset references, show a reproducible result, and omit unavailable assets without changing their records.","The random continuous memory reel must derive assets from local canonical records, show a reproducible result, and omit unavailable assets without changing their records.",ACCEPTANCE_CRITERION,CAN-SECTION-0085,"Given local canonical assets, when the memory reel renders, then it derives from records, is reproducible, and unavailable assets are omitted.",Memories,I5,Memory-reel fixture.,Memories-product label; rewrite keeps product meaning and adds reproducibility.,Pass 1 semantic rehabilitation; matched=[EXACT_LEGACY_OUTPUT]; section=Memories; parent=CAN-SECTION-0085,REWRITE_AS_ACCEPTANCE_CRITERION,AI_SEMANTIC_REVIEW_PASS1,2026-08-05-pass1-semantic-rehabilitation,REVIEWED_CORRECTED
CAN-LAM-PERSON-088,Person memories,"When the Memories workflow manages Person memories, it must persist the candidate or confirmed state with provenance and revision, expose the resulting state for review, and reject invalid transitions without changing an existing identity or historical interval.",Person memories must derive assets from reviewed person assignments and omit unavailable assets.,ACCEPTANCE_CRITERION,CAN-SECTION-0226,"Given person assignments, when person memories render, then matching assets derive from assignments and unavailable assets are omitted.",People and faces,I5,Person-memory fixture.,Memories label; rewrite adds derivation.,Pass 1 semantic rehabilitation; matched=[EXACT_LEGACY_OUTPUT]; section=Memories; parent=CAN-SECTION-0226,REWRITE_AS_ACCEPTANCE_CRITERION,AI_SEMANTIC_REVIEW_PASS1,2026-08-05-pass1-semantic-rehabilitation,REVIEWED_CORRECTED
CAN-LAM-PERSON-089,Group memories,"When the Memories workflow manages Group memories, it must persist the candidate or confirmed state with provenance and revision, expose the resulting state for review, and reject invalid transitions without changing an existing identity or historical interval.",Group memories must derive assets from reviewed group membership and omit unavailable assets.,ACCEPTANCE_CRITERION,CAN-SECTION-0226,"Given group membership, when group memories render, then matching assets derive from membership and unavailable assets are omitted.",People and faces,I5,Group-memory fixture.,Memories label; rewrite adds derivation.,Pass 1 semantic rehabilitation; matched=[EXACT_LEGACY_OUTPUT]; section=Memories; parent=CAN-SECTION-0226,REWRITE_AS_ACCEPTANCE_CRITERION,AI_SEMANTIC_REVIEW_PASS1,2026-08-05-pass1-semantic-rehabilitation,REVIEWED_CORRECTED
CAN-LAM-PERSON-090,Hidden-person exclusions,"When the Memories workflow manages Hidden-person exclusions, it must persist the candidate or confirmed state with provenance and revision, expose the resulting state for review, and reject invalid transitions without changing an existing identity or historical interval.",Hidden-person exclusions must exclude assets whose only reviewed people are hidden from memories.,ACCEPTANCE_CRITERION,CAN-SECTION-0226,"Given hidden people, when memories render, then matching assets never appear.",People and faces,I5,Hidden-person exclusion fixture.,Memories label; rewrite adds exclusion.,Pass 1 semantic rehabilitation; matched=[EXACT_LEGACY_OUTPUT]; section=Memories; parent=CAN-SECTION-0226,REWRITE_AS_ACCEPTANCE_CRITERION,AI_SEMANTIC_REVIEW_PASS1,2026-08-05-pass1-semantic-rehabilitation,REVIEWED_CORRECTED
CAN-LAM-GOV-264,Map all meaningful code and exclusions.,"When Map all meaningful code and exclusions is used in Pass 1 — Corpus inventory, Lamha must derive the map or location result from canonical records, show its source and confidence where applicable, and preserve the records if projection or coordinate validation fails.",Pass 1 must map all meaningful code and exclusions and must not declare the map complete while exclusions remain.,ACCEPTANCE_CRITERION,CAN-SECTION-0195,"Given the codebase, when Pass 1 mapping runs, then every meaningful area and exclusion is recorded or the pass fails.",Planning and verification governance,I0,Pass-1 completeness check.,"Planning-pass label; rewrite adds completeness and failure. | Pass 1 corpus inventory is a planning-governance obligation, not product map browsing.",Pass 1 semantic rehabilitation; matched=[EXACT_LEGACY_OUTPUT]; section=Pass 1 — Corpus inventory; parent=CAN-SECTION-0195,REWRITE_AS_ACCEPTANCE_CRITERION,AI_SEMANTIC_REVIEW_PASS1,2026-08-05-pass2-semantic-consistency-correction,REVIEWED_CORRECTED
CAN-LAM-GOV-265,Map actual runtime and data flow.,"When Map actual runtime and data flow is used in Pass 2 — Current architecture, Lamha must derive the map or location result from canonical records, show its source and confidence where applicable, and preserve the records if projection or coordinate validation fails.",Pass 2 must map actual runtime and data flow and must not declare the map complete while flow evidence is missing.,ACCEPTANCE_CRITERION,CAN-SECTION-0196,"Given the codebase, when Pass 2 mapping runs, then runtime and data-flow evidence is recorded or the pass fails.",Planning and verification governance,I0,Pass-2 completeness check.,"Planning-pass label; rewrite adds evidence and failure. | Pass 2 current-architecture mapping is a planning-governance obligation, not product map browsing.",Pass 1 semantic rehabilitation; matched=[EXACT_LEGACY_OUTPUT]; section=Pass 2 — Current architecture; parent=CAN-SECTION-0196,REWRITE_AS_ACCEPTANCE_CRITERION,AI_SEMANTIC_REVIEW_PASS1,2026-08-05-pass2-semantic-consistency-correction,REVIEWED_CORRECTED
CAN-LAM-GOV-266,Map every user and technical capability.,"When Map every user and technical capability is used in Pass 3 — Existing features, Lamha must derive the map or location result from canonical records, show its source and confidence where applicable, and preserve the records if projection or coordinate validation fails.",Pass 3 must map every user and technical capability and must not declare the map complete while any capability is unmapped.,ACCEPTANCE_CRITERION,CAN-SECTION-0197,"Given the codebase, when Pass 3 mapping runs, then every user and technical capability is mapped or the pass fails.",Planning and verification governance,I0,Pass-3 completeness check.,"Planning-pass label; rewrite adds completeness and failure. | Pass 3 feature mapping is a planning-governance obligation, not product map browsing.",Pass 1 semantic rehabilitation; matched=[EXACT_LEGACY_OUTPUT]; section=Pass 3 — Existing features; parent=CAN-SECTION-0197,REWRITE_AS_ACCEPTANCE_CRITERION,AI_SEMANTIC_REVIEW_PASS1,2026-08-05-pass2-semantic-consistency-correction,REVIEWED_CORRECTED
CAN-LAM-GOV-296,Extract every requirement.,"When Extract every requirement is exercised in Phase 1 — Graphify Mapping & Master-Plan Traceability, Lamha must expose the resulting state and preserve the prior durable state if validation or execution fails.",The Graphify pass must extract every requirement from the source plans and must fail when any requirement remains unextracted.,CONSTRAINT,,,Planning and verification governance,,Pass validation must fail on unextracted requirements.,Graphify-pass label; reclassified as a completeness constraint.,Pass 1 semantic rehabilitation; matched=[EXACT_LEGACY_OUTPUT]; section=Phase 1 — Graphify Mapping & Master-Plan Traceability; parent=none,RECLASSIFY_CONSTRAINT,AI_SEMANTIC_REVIEW_PASS1,2026-08-05-pass1-semantic-rehabilitation,RECLASSIFIED
CAN-LAM-GOV-298,Map target modules.,"When Map target modules is exercised in Phase 1 — Graphify Mapping & Master-Plan Traceability, Lamha must expose the resulting state and preserve the prior durable state if validation or execution fails.",The Graphify pass must map target modules for every requirement and must fail when any requirement lacks a target module.,CONSTRAINT,,,Planning and verification governance,,Pass validation must fail on unmapped target modules.,Graphify-pass label; reclassified as a completeness constraint.,Pass 1 semantic rehabilitation; matched=[EXACT_LEGACY_OUTPUT]; section=Phase 1 — Graphify Mapping & Master-Plan Traceability; parent=none,RECLASSIFY_CONSTRAINT,AI_SEMANTIC_REVIEW_PASS1,2026-08-05-pass1-semantic-rehabilitation,RECLASSIFIED
CAN-LAM-ARCH-394,Content suggestions,"When the local worker processes Content suggestions for Phase 10 — Local AI Completeness, it must return a typed candidate carrying model, source, configuration, and asset-revision provenance; failure or cancellation must produce a terminal task state and must not mutate authoritative knowledge.","Content suggestions from the local worker must carry model, source, and configuration provenance and remain reviewable until approved.",IMPLEMENTATION_CONSTRAINT,,"Given a worker run, when content suggestions are produced, then they carry provenance and remain unapplied until approval.",Local AI worker,I10,Content-suggestion fixture.,Phase label; rewrite adds provenance and approval gate.,Pass 1 semantic rehabilitation; matched=[EXACT_LEGACY_OUTPUT]; section=Phase 10 — Local AI Completeness; parent=none,REWRITE_AS_REQUIREMENT,AI_SEMANTIC_REVIEW_PASS1,2026-08-05-pass1-semantic-rehabilitation,REVIEWED_CORRECTED
CAN-LAM-ARCH-395,Hardware benchmark,"When the local worker processes Hardware benchmark for Phase 10 — Local AI Completeness, it must return a typed candidate carrying model, source, configuration, and asset-revision provenance; failure or cancellation must produce a terminal task state and must not mutate authoritative knowledge.","The hardware benchmark must measure the local worker's CPU, RAM, GPU memory, and latency on the declared hardware and record results with the hardware profile.",IMPLEMENTATION_CONSTRAINT,,"Given declared hardware, when the benchmark runs, then all required metrics are recorded with the hardware profile.",Local AI worker,I10,Hardware-benchmark fixture.,Phase label; rewrite adds measurable metrics and recording.,Pass 1 semantic rehabilitation; matched=[EXACT_LEGACY_OUTPUT]; section=Phase 10 — Local AI Completeness; parent=none,REWRITE_AS_REQUIREMENT,AI_SEMANTIC_REVIEW_PASS1,2026-08-05-pass1-semantic-rehabilitation,REVIEWED_CORRECTED
CAN-LAM-ARCH-396,CPU/GPU/hybrid,"When the local worker processes CPU/GPU/hybrid for Phase 10 — Local AI Completeness, it must return a typed candidate carrying model, source, configuration, and asset-revision provenance; failure or cancellation must produce a terminal task state and must not mutate authoritative knowledge.","The local worker must select CPU, GPU, or hybrid execution from the reviewed hardware assessment and record the selected provider with each task.",IMPLEMENTATION_CONSTRAINT,,"Given assessed hardware, when a task runs, then the provider is selected from the assessment and recorded with the task.",Local AI worker,I10,Provider-selection fixture.,Phase label; rewrite adds provider selection and recording.,Pass 1 semantic rehabilitation; matched=[EXACT_LEGACY_OUTPUT]; section=Phase 10 — Local AI Completeness; parent=none,REWRITE_AS_REQUIREMENT,AI_SEMANTIC_REVIEW_PASS1,2026-08-05-pass1-semantic-rehabilitation,REVIEWED_CORRECTED
CAN-LAM-ARCH-398,Snapshots,"When the Phase 11 — Metadata Mutation, Editing & Privacy workflow reads or changes Snapshots, it must preserve the value, authority, and provenance in the appropriate durable record and expose the resulting revision to the derived index. Missing, malformed, or conflicting input must be reported without discarding the last valid value.",Metadata mutation snapshots must be versioned and must restore the exact prior values on rollback.,IMPLEMENTATION_CONSTRAINT,,"Given a versioned snapshot, when rollback runs, then the exact prior values are restored.",Editing,I11,Snapshot fixture.,Phase label; rewrite adds versioning and restore.,"Pass 1 semantic rehabilitation; matched=[EXACT_LEGACY_OUTPUT]; section=Phase 11 — Metadata Mutation, Editing & Privacy; parent=none",REWRITE_AS_REQUIREMENT,AI_SEMANTIC_REVIEW_PASS1,2026-08-05-pass1-semantic-rehabilitation,REVIEWED_CORRECTED
CAN-LAM-ARCH-399,Batch operations,"When the Phase 11 — Metadata Mutation, Editing & Privacy workflow reads or changes Batch operations, it must preserve the value, authority, and provenance in the appropriate durable record and expose the resulting revision to the derived index. Missing, malformed, or conflicting input must be reported without discarding the last valid value.",Batch metadata operations must preview the full change set and commit only after approval while reporting per-item results.,IMPLEMENTATION_CONSTRAINT,,"Given a batch operation, when preview runs, then the change set is shown and commit requires approval with per-item results.",Editing,I11,Batch-operation fixture.,"Phase label; rewrite adds preview, approval, and reporting.","Pass 1 semantic rehabilitation; matched=[EXACT_LEGACY_OUTPUT]; section=Phase 11 — Metadata Mutation, Editing & Privacy; parent=none",REWRITE_AS_REQUIREMENT,AI_SEMANTIC_REVIEW_PASS1,2026-08-05-pass1-semantic-rehabilitation,REVIEWED_CORRECTED
CAN-LAM-ASSET-191,Unmanage Asset,"When the Phase 11 — Metadata Mutation, Editing & Privacy workflow reads or changes Unmanage Asset, it must preserve the value, authority, and provenance in the appropriate durable record and expose the resulting revision to the derived index. Missing, malformed, or conflicting input must be reported without discarding the last valid value.",Unmanage Asset must remove the asset from managed organization while preserving the media file and its authority records.,IMPLEMENTATION_CONSTRAINT,,"Given an asset, when Unmanage Asset is confirmed, then the asset leaves managed organization and the media file and records remain intact.",Editing,I11,Unmanage fixture.,Phase label; rewrite adds preservation.,"Pass 1 semantic rehabilitation; matched=[EXACT_LEGACY_OUTPUT]; section=Phase 11 — Metadata Mutation, Editing & Privacy; parent=none",REWRITE_AS_REQUIREMENT,AI_SEMANTIC_REVIEW_PASS1,2026-08-05-pass1-semantic-rehabilitation,REVIEWED_CORRECTED
CAN-LAM-EDIT-013,Privacy export,"When the Phase 11 — Metadata Mutation, Editing & Privacy workflow reads or changes Privacy export, it must preserve the value, authority, and provenance in the appropriate durable record and expose the resulting revision to the derived index. Missing, malformed, or conflicting input must be reported without discarding the last valid value.",Privacy export must produce copies stripped of the reviewed private fields while leaving the original media unchanged.,IMPLEMENTATION_CONSTRAINT,,"Given a privacy export, when it runs, then the copies omit private fields and the original remains unchanged.",Editing,I11,Privacy-export fixture.,Phase label; rewrite adds omission and preservation.,"Pass 1 semantic rehabilitation; matched=[EXACT_LEGACY_OUTPUT]; section=Phase 11 — Metadata Mutation, Editing & Privacy; parent=none",REWRITE_AS_REQUIREMENT,AI_SEMANTIC_REVIEW_PASS1,2026-08-05-pass1-semantic-rehabilitation,REVIEWED_CORRECTED
CAN-LAM-META-070,Clear app metadata,"When the Phase 11 — Metadata Mutation, Editing & Privacy workflow reads or changes Clear app metadata, it must preserve the value, authority, and provenance in the appropriate durable record and expose the resulting revision to the derived index. Missing, malformed, or conflicting input must be reported without discarding the last valid value.",Clear app metadata must remove the reviewed app-owned metadata from assets while preserving media bytes and authority records.,IMPLEMENTATION_CONSTRAINT,,"Given an asset, when app metadata is cleared, then the reviewed fields are removed and media bytes remain unchanged.",Editing,I11,Clear-metadata fixture.,Phase label; rewrite adds removal and preservation.,"Pass 1 semantic rehabilitation; matched=[EXACT_LEGACY_OUTPUT]; section=Phase 11 — Metadata Mutation, Editing & Privacy; parent=none",REWRITE_AS_REQUIREMENT,AI_SEMANTIC_REVIEW_PASS1,2026-08-05-pass1-semantic-rehabilitation,REVIEWED_CORRECTED
CAN-LAM-META-071,Embedded metadata removal,"When the Phase 11 — Metadata Mutation, Editing & Privacy workflow reads or changes Embedded metadata removal, it must preserve the value, authority, and provenance in the appropriate durable record and expose the resulting revision to the derived index. Missing, malformed, or conflicting input must be reported without discarding the last valid value.",Embedded metadata removal must strip the selected embedded fields from exported copies while preserving the original file.,IMPLEMENTATION_CONSTRAINT,,"Given an export with selected fields, when removal runs, then the fields are stripped from the copy and the original remains unchanged.",Editing,I11,Embedded-removal fixture.,Phase label; rewrite adds stripping and preservation.,"Pass 1 semantic rehabilitation; matched=[EXACT_LEGACY_OUTPUT]; section=Phase 11 — Metadata Mutation, Editing & Privacy; parent=none",REWRITE_AS_REQUIREMENT,AI_SEMANTIC_REVIEW_PASS1,2026-08-05-pass1-semantic-rehabilitation,REVIEWED_CORRECTED
CAN-LAM-ARCH-400,Reconnection,"When a configured library encounters Reconnection during Phase 12 — External Drives & Filesystem Resilience, Rust must apply authorized-root and access-mode rules, expose the resulting root or asset state, and leave files unchanged if validation, permission, or I/O checks fail.",Reconnection must reconcile the external drive by durable identity and restore records and pending overlays.,IMPLEMENTATION_CONSTRAINT,,"Given a reconnecting drive, when reconciliation runs, then the drive reconciles by identity and records and overlays are restored.",External drives and path resilience,I12,Reconnection fixture.,Phase label; rewrite adds identity reconciliation.,Pass 1 semantic rehabilitation; matched=[EXACT_LEGACY_OUTPUT]; section=Phase 12 — External Drives & Filesystem Resilience; parent=none,REWRITE_AS_REQUIREMENT,AI_SEMANTIC_REVIEW_PASS1,2026-08-05-pass1-semantic-rehabilitation,REVIEWED_CORRECTED
CAN-LAM-ARCH-401,External moves,"When a configured library encounters External moves during Phase 12 — External Drives & Filesystem Resilience, Rust must apply authorized-root and access-mode rules, expose the resulting root or asset state, and leave files unchanged if validation, permission, or I/O checks fail.",External moves must update the path index on identity or full-hash evidence and must never auto-match on filename or partial hash.,IMPLEMENTATION_CONSTRAINT,,"Given an external move, when reconciliation runs, then the index updates on identity evidence and ambiguous cases open Review.",External drives and path resilience,I12,External-move fixture.,Phase label; rewrite adds the identity rule.,Pass 1 semantic rehabilitation; matched=[EXACT_LEGACY_OUTPUT]; section=Phase 12 — External Drives & Filesystem Resilience; parent=none,REWRITE_AS_REQUIREMENT,AI_SEMANTIC_REVIEW_PASS1,2026-08-05-pass1-semantic-rehabilitation,REVIEWED_CORRECTED
CAN-LAM-ARCH-402,External renames,"When a configured library encounters External renames during Phase 12 — External Drives & Filesystem Resilience, Rust must apply authorized-root and access-mode rules, expose the resulting root or asset state, and leave files unchanged if validation, permission, or I/O checks fail.",External renames must update the path index on identity or full-hash evidence and must never auto-match on name alone.,IMPLEMENTATION_CONSTRAINT,,"Given an external rename, when reconciliation runs, then the index updates on identity evidence and ambiguous cases open Review.",External drives and path resilience,I12,External-rename fixture.,Phase label; rewrite adds the identity rule.,Pass 1 semantic rehabilitation; matched=[EXACT_LEGACY_OUTPUT]; section=Phase 12 — External Drives & Filesystem Resilience; parent=none,REWRITE_AS_REQUIREMENT,AI_SEMANTIC_REVIEW_PASS1,2026-08-05-pass1-semantic-rehabilitation,REVIEWED_CORRECTED
CAN-LAM-ARCH-403,Sidecar recovery,"When the Phase 12 — External Drives & Filesystem Resilience workflow reads or changes Sidecar recovery, it must preserve the value, authority, and provenance in the appropriate durable record and expose the resulting revision to the derived index. Missing, malformed, or conflicting input must be reported without discarding the last valid value.",Sidecar recovery must restore the last validated sidecar state from journaled backups without guessing fields.,IMPLEMENTATION_CONSTRAINT,,"Given a damaged sidecar, when recovery runs, then the last validated state is restored and no field is guessed.",External drives and path resilience,I12,Sidecar-recovery fixture.,Phase label; rewrite adds recovery and no-guessing.,Pass 1 semantic rehabilitation; matched=[EXACT_LEGACY_OUTPUT]; section=Phase 12 — External Drives & Filesystem Resilience; parent=none,REWRITE_AS_REQUIREMENT,AI_SEMANTIC_REVIEW_PASS1,2026-08-05-pass1-semantic-rehabilitation,REVIEWED_CORRECTED
CAN-LAM-ARCH-404,Detached Index Mode,"When a configured library encounters Detached Index Mode during Phase 12 — External Drives & Filesystem Resilience, Rust must apply authorized-root and access-mode rules, expose the resulting root or asset state, and leave files unchanged if validation, permission, or I/O checks fail.",Detached Index Mode must keep indexed records and pending overlays available for a disconnected drive and defer structural operations.,IMPLEMENTATION_CONSTRAINT,,"Given a disconnected drive, when Detached Index Mode is active, then records and overlays remain available and operations are deferred.",External drives and path resilience,I12,Detached-mode fixture.,Phase label; rewrite adds detached-mode behavior.,Pass 1 semantic rehabilitation; matched=[EXACT_LEGACY_OUTPUT]; section=Phase 12 — External Drives & Filesystem Resilience; parent=none,REWRITE_AS_REQUIREMENT,AI_SEMANTIC_REVIEW_PASS1,2026-08-05-pass1-semantic-rehabilitation,REVIEWED_CORRECTED
CAN-LAM-FOLDER-071,Drive identity,"When a configured library encounters Drive identity during Phase 12 — External Drives & Filesystem Resilience, Rust must apply authorized-root and access-mode rules, expose the resulting root or asset state, and leave files unchanged if validation, permission, or I/O checks fail.",Drive identity must be a durable identifier recorded at registration and used for all reconnection and detached-state reconciliation.,IMPLEMENTATION_CONSTRAINT,,"Given a registered drive, when it reconnects, then the durable identity matches and reconciliation uses it.",External drives and path resilience,I12,Drive-identity fixture.,Phase label; rewrite adds durable identity.,Pass 1 semantic rehabilitation; matched=[EXACT_LEGACY_OUTPUT]; section=Phase 12 — External Drives & Filesystem Resilience; parent=none,REWRITE_AS_REQUIREMENT,AI_SEMANTIC_REVIEW_PASS1,2026-08-05-pass1-semantic-rehabilitation,REVIEWED_CORRECTED
CAN-LAM-FOLDER-072,Cross-drive operations,"When a configured library encounters Cross-drive operations during Phase 12 — External Drives & Filesystem Resilience, Rust must apply authorized-root and access-mode rules, expose the resulting root or asset state, and leave files unchanged if validation, permission, or I/O checks fail.","Cross-drive operations must use copy, flush, checksum verification, and journaled source removal and must never assume atomic rename.",IMPLEMENTATION_CONSTRAINT,,"Given a cross-drive operation, when it runs, then copy, flush, checksum, and journaled removal complete or the prior state is restored.",External drives and path resilience,I12,Cross-drive fixture.,Phase label; rewrite adds the non-atomic rule.,Pass 1 semantic rehabilitation; matched=[EXACT_LEGACY_OUTPUT]; section=Phase 12 — External Drives & Filesystem Resilience; parent=none,REWRITE_AS_REQUIREMENT,AI_SEMANTIC_REVIEW_PASS1,2026-08-05-pass1-semantic-rehabilitation,REVIEWED_CORRECTED
CAN-LAM-TRANSACTION-012,Crash recovery,"When a configured library encounters Crash recovery during Phase 12 — External Drives & Filesystem Resilience, Rust must apply authorized-root and access-mode rules, expose the resulting root or asset state, and leave files unchanged if validation, permission, or I/O checks fail.",Crash recovery must reconcile uncommitted manifests by transaction UUID and auto-finalize or roll back only when deterministic.,IMPLEMENTATION_CONSTRAINT,,"Given an uncommitted manifest, when recovery runs, then deterministic cases finalize or roll back and non-deterministic cases open Review.",External drives and path resilience,I12,Crash-recovery fixture.,Phase label; rewrite adds determinism boundary.,Pass 1 semantic rehabilitation; matched=[EXACT_LEGACY_OUTPUT]; section=Phase 12 — External Drives & Filesystem Resilience; parent=none,REWRITE_AS_REQUIREMENT,AI_SEMANTIC_REVIEW_PASS1,2026-08-05-pass1-semantic-rehabilitation,REVIEWED_CORRECTED
CAN-LAM-AI-081,AI cache rebuild,"When AI cache rebuild participates in Phase 13 — Backup, Trash & Rebuild, the authoritative record or transaction must persist its revision and provenance before derived-index publication, and any failed write must leave a recoverable prior state.",AI cache rebuild must regenerate the rebuildable AI projections from versioned records without losing user decisions.,IMPLEMENTATION_CONSTRAINT,,"Given versioned AI records, when the cache is rebuilt, then projections regenerate and user decisions remain intact.","Backup, trash, restore and rebuild",I13,AI-rebuild fixture.,Phase label; rewrite adds regeneration and preservation.,"Pass 1 semantic rehabilitation; matched=[EXACT_LEGACY_OUTPUT]; section=Phase 13 — Backup, Trash & Rebuild; parent=none",REWRITE_AS_REQUIREMENT,AI_SEMANTIC_REVIEW_PASS1,2026-08-05-pass1-semantic-rehabilitation,REVIEWED_CORRECTED
CAN-LAM-ARCH-405,Sidecar verification,"When the Phase 13 — Backup, Trash & Rebuild workflow reads or changes Sidecar verification, it must preserve the value, authority, and provenance in the appropriate durable record and expose the resulting revision to the derived index. Missing, malformed, or conflicting input must be reported without discarding the last valid value.",Sidecar verification must validate every sidecar against its schema and report degraded records without modifying them.,IMPLEMENTATION_CONSTRAINT,,"Given sidecars, when verification runs, then validity is checked and degraded records are reported without modification.","Backup, trash, restore and rebuild",I13,Sidecar-verification fixture.,Phase label; rewrite adds validation and no-mutation.,"Pass 1 semantic rehabilitation; matched=[EXACT_LEGACY_OUTPUT]; section=Phase 13 — Backup, Trash & Rebuild; parent=none",REWRITE_AS_REQUIREMENT,AI_SEMANTIC_REVIEW_PASS1,2026-08-05-pass1-semantic-rehabilitation,REVIEWED_CORRECTED
CAN-LAM-BACKUP-020,Global backup,"When Global backup participates in Phase 13 — Backup, Trash & Rebuild, the authoritative record or transaction must persist its revision and provenance before derived-index publication, and any failed write must leave a recoverable prior state.",Global backup must inventory every authoritative record and media file in the backup manifest and verify the backup set.,IMPLEMENTATION_CONSTRAINT,,"Given a backup run, when it completes, then the manifest inventories all records and files and the set verifies.","Backup, trash, restore and rebuild",I13,Global-backup fixture.,Phase label; rewrite adds inventory and verification.,"Pass 1 semantic rehabilitation; matched=[EXACT_LEGACY_OUTPUT]; section=Phase 13 — Backup, Trash & Rebuild; parent=none",REWRITE_AS_REQUIREMENT,AI_SEMANTIC_REVIEW_PASS1,2026-08-05-pass1-semantic-rehabilitation,REVIEWED_CORRECTED
CAN-LAM-BACKUP-021,Index rebuild,"When Index rebuild participates in Phase 13 — Backup, Trash & Rebuild, the authoritative record or transaction must persist its revision and provenance before derived-index publication, and any failed write must leave a recoverable prior state.",Index rebuild must regenerate SQLite and caches from authoritative records and preserve every saved decision.,IMPLEMENTATION_CONSTRAINT,,"Given authority records, when the index is rebuilt, then projections regenerate and saved decisions remain intact.","Backup, trash, restore and rebuild",I13,Index-rebuild fixture.,Phase label; rewrite adds regeneration and preservation.,"Pass 1 semantic rehabilitation; matched=[EXACT_LEGACY_OUTPUT]; section=Phase 13 — Backup, Trash & Rebuild; parent=none",REWRITE_AS_REQUIREMENT,AI_SEMANTIC_REVIEW_PASS1,2026-08-05-pass1-semantic-rehabilitation,REVIEWED_CORRECTED
CAN-LAM-EVENT-085,Event backups,"When Event backups participates in Phase 13 — Backup, Trash & Rebuild, the authoritative record or transaction must persist its revision and provenance before derived-index publication, and any failed write must leave a recoverable prior state.","Event backups must include event records, membership, folders, and sidecars and verify the backup set.",IMPLEMENTATION_CONSTRAINT,,"Given an event backup, when it completes, then all event data is included and the set verifies.","Backup, trash, restore and rebuild",I13,Event-backup fixture.,Phase label; rewrite adds completeness and verification.,"Pass 1 semantic rehabilitation; matched=[EXACT_LEGACY_OUTPUT]; section=Phase 13 — Backup, Trash & Rebuild; parent=none",REWRITE_AS_REQUIREMENT,AI_SEMANTIC_REVIEW_PASS1,2026-08-05-pass1-semantic-rehabilitation,REVIEWED_CORRECTED
CAN-LAM-ARCH-406,Large-library optimization,"When a configured library encounters Large-library optimization during Phase 14 — Performance, Accessibility & Desktop UX, Rust must apply authorized-root and access-mode rules, expose the resulting root or asset state, and leave files unchanged if validation, permission, or I/O checks fail.","Large-library optimization must define and measure performance budgets (scan, index, search, thumbnail, and UI responsiveness at declared asset counts) and must block release when any budget is exceeded; it is not a storage-root authorization operation.",IMPLEMENTATION_CONSTRAINT,,"Given each declared large-library workload, when the benchmark runs, then every required metric is measured against its budget and any exceedance blocks release.",Performance and scale,I14,Large-library benchmark with budget gates.,Mandatory correction: the label was routed through the root-authorization template; rewrite restores measurable performance budgets.,"Pass 1 semantic rehabilitation; matched=[EXACT_LEGACY_OUTPUT]; section=Phase 14 — Performance, Accessibility & Desktop UX; parent=none",REWRITE_AS_REQUIREMENT,AI_SEMANTIC_REVIEW_PASS1,2026-08-05-pass1-semantic-rehabilitation,REVIEWED_CORRECTED
CAN-LAM-ARCH-407,Thumbnail scheduling,"When the desktop shell handles Thumbnail scheduling in Phase 14 — Performance, Accessibility & Desktop UX, it must use the typed Tauri boundary, expose the result or stable error to the frontend, and reject requests outside the granted capability without side effects.",Thumbnail scheduling must prioritize visible thumbnails and complete generation within the reviewed budget without blocking the UI.,IMPLEMENTATION_CONSTRAINT,,"Given a gallery workload, when thumbnail scheduling runs, then visible thumbnails are prioritized and the UI remains responsive.",Desktop shell,I14,Thumbnail-scheduling benchmark.,Phase label; rewrite adds scheduling and responsiveness.,"Pass 1 semantic rehabilitation; matched=[EXACT_LEGACY_OUTPUT]; section=Phase 14 — Performance, Accessibility & Desktop UX; parent=none",REWRITE_AS_REQUIREMENT,AI_SEMANTIC_REVIEW_PASS1,2026-08-05-pass1-semantic-rehabilitation,REVIEWED_CORRECTED
CAN-LAM-ARCH-408,Graph virtualization,"When the desktop shell handles Graph virtualization in Phase 14 — Performance, Accessibility & Desktop UX, it must use the typed Tauri boundary, expose the result or stable error to the frontend, and reject requests outside the granted capability without side effects.",Graph virtualization must render only the visible nodes and edges within the reviewed budget and keep navigation responsive.,IMPLEMENTATION_CONSTRAINT,,"Given a large graph, when virtualization renders, then only visible nodes and edges render and navigation stays responsive.",Desktop shell,I14,Graph-virtualization benchmark.,Phase label; rewrite adds virtualization and responsiveness.,"Pass 1 semantic rehabilitation; matched=[EXACT_LEGACY_OUTPUT]; section=Phase 14 — Performance, Accessibility & Desktop UX; parent=none",REWRITE_AS_REQUIREMENT,AI_SEMANTIC_REVIEW_PASS1,2026-08-05-pass1-semantic-rehabilitation,REVIEWED_CORRECTED
CAN-LAM-ARCH-409,Background-job UX,"When Background-job UX occurs in Phase 14 — Performance, Accessibility & Desktop UX, Lamha must expose a typed operation or notification state with progress and recovery information, and must not report success for a cancelled, failed, or partially committed operation.",Background-job UX must expose typed progress and recovery state and must never report success for a failed or cancelled job.,IMPLEMENTATION_CONSTRAINT,,"Given a background job, when it progresses or fails, then typed state is exposed and no false success is reported.",Jobs and notifications,I14,Background-UX fixture.,Phase label; rewrite adds typed state and no-false-success.,"Pass 1 semantic rehabilitation; matched=[EXACT_LEGACY_OUTPUT]; section=Phase 14 — Performance, Accessibility & Desktop UX; parent=none",REWRITE_AS_REQUIREMENT,AI_SEMANTIC_REVIEW_PASS1,2026-08-05-pass1-semantic-rehabilitation,REVIEWED_CORRECTED
CAN-LAM-PERF-005,Memory,"When Memory is shown in Phase 14 — Performance, Accessibility & Desktop UX, Lamha must derive the memory from local canonical asset references, show a reproducible result, and omit unavailable assets without changing their records.","Memory usage must be measured and recorded against the reviewed budget for every declared workload and any exceedance must block release; memory here means RAM consumption, not the Memories product feature.",IMPLEMENTATION_CONSTRAINT,,"Given each declared workload, when memory measurement runs, then RAM usage is recorded against the budget and exceedance blocks release.",Performance and scale,I14,Memory-budget benchmark.,Mandatory correction: label means RAM in the performance phase; rewrite separates the resource metric from the Memories feature.,"Pass 1 semantic rehabilitation; matched=[EXACT_LEGACY_OUTPUT]; section=Phase 14 — Performance, Accessibility & Desktop UX; parent=none",REWRITE_AS_REQUIREMENT,AI_SEMANTIC_REVIEW_PASS1,2026-08-05-pass1-semantic-rehabilitation,REVIEWED_CORRECTED
CAN-LAM-PERF-006,Accessibility,"When the desktop shell handles Accessibility in Phase 14 — Performance, Accessibility & Desktop UX, it must use the typed Tauri boundary, expose the result or stable error to the frontend, and reject requests outside the granted capability without side effects.","Accessibility must provide keyboard, focus, semantic, screen-reader, and non-visual alternatives for every reviewed surface.",IMPLEMENTATION_CONSTRAINT,,"Given each reviewed surface, when accessibility checks run, then every supported action is reachable by keyboard and assistive technology.",Desktop shell,I14,Accessibility fixture.,Phase label; rewrite adds equivalence and testability.,"Pass 1 semantic rehabilitation; matched=[EXACT_LEGACY_OUTPUT]; section=Phase 14 — Performance, Accessibility & Desktop UX; parent=none",REWRITE_AS_REQUIREMENT,AI_SEMANTIC_REVIEW_PASS1,2026-08-05-pass1-semantic-rehabilitation,REVIEWED_CORRECTED
CAN-LAM-AI-082,Bundled AI,"When the local worker processes Bundled AI for Phase 15 — Full Integration, Parity & Cross-Platform Packaging, it must return a typed candidate carrying model, source, configuration, and asset-revision provenance; failure or cancellation must produce a terminal task state and must not mutate authoritative knowledge.","Bundled AI components must have pinned versions, licence and provenance records, and packaging evidence before release.",IMPLEMENTATION_CONSTRAINT,,"Given each bundled AI component, when packaging validation runs, then version, licence, and provenance are recorded or release fails.",Packaging and legacy eradication,I15,Bundled-AI packaging gate.,Phase label; rewrite adds packaging evidence and release blocking.,"Pass 1 semantic rehabilitation; matched=[EXACT_LEGACY_OUTPUT]; section=Phase 15 — Full Integration, Parity & Cross-Platform Packaging; parent=none",REWRITE_AS_REQUIREMENT,AI_SEMANTIC_REVIEW_PASS1,2026-08-05-pass1-semantic-rehabilitation,REVIEWED_CORRECTED
CAN-LAM-ASSET-195,Bundled media tools,"When Bundled media tools is exercised in Phase 15 — Full Integration, Parity & Cross-Platform Packaging, Lamha must expose the resulting state and preserve the prior durable state if validation or execution fails.","Bundled media tools must have pinned versions, licence records, and packaging evidence before release.",CONSTRAINT,,,Planning and verification governance,,Packaging validation must require tool records.,Phase label; reclassified as a packaging constraint.,"Pass 1 semantic rehabilitation; matched=[EXACT_LEGACY_OUTPUT]; section=Phase 15 — Full Integration, Parity & Cross-Platform Packaging; parent=none",RECLASSIFY_CONSTRAINT,AI_SEMANTIC_REVIEW_PASS1,2026-08-05-pass1-semantic-rehabilitation,RECLASSIFIED
CAN-LAM-FOLDER-073,Signing paths,"When a configured library encounters Signing paths during Phase 15 — Full Integration, Parity & Cross-Platform Packaging, Rust must apply authorized-root and access-mode rules, expose the resulting root or asset state, and leave files unchanged if validation, permission, or I/O checks fail.",Signing paths must be recorded per platform and signing must fail the release gate when any path or certificate is unresolved.,IMPLEMENTATION_CONSTRAINT,,"Given the release manifest, when signing validation runs, then every signing path is recorded and unresolved entries block release.",Packaging and legacy eradication,I15,Signing-path gate.,Phase label; rewrite adds recording and release blocking.,"Pass 1 semantic rehabilitation; matched=[EXACT_LEGACY_OUTPUT]; section=Phase 15 — Full Integration, Parity & Cross-Platform Packaging; parent=none",REWRITE_AS_REQUIREMENT,AI_SEMANTIC_REVIEW_PASS1,2026-08-05-pass1-semantic-rehabilitation,REVIEWED_CORRECTED
CAN-LAM-ARCH-368,Introduce Lamha internal identity.,"When producing Phase 2 — Rebranding Foundation evidence, the repository and packaged application must identify Introduce Lamha internal identity consistently, retain required attribution, and fail the release gate if any reviewed surface disagrees.","Phase 2 must introduce the reviewed Lamha internal identity (name, identifiers, and branding surfaces) without removing required legal material.",IMPLEMENTATION_CONSTRAINT,,"Given the rebranding plan, when identity is introduced, then the reviewed surfaces update and legal material remains intact.",Legal and rebranding,I1,Rebranding fixture.,Phase label; rewrite adds identity scope and legal preservation.,Pass 1 semantic rehabilitation; matched=[EXACT_LEGACY_OUTPUT]; section=Phase 2 — Rebranding Foundation; parent=none,REWRITE_AS_REQUIREMENT,AI_SEMANTIC_REVIEW_PASS1,2026-08-05-pass1-semantic-rehabilitation,REVIEWED_CORRECTED
CAN-LAM-LEGAL-010,Preserve legal notices.,"When producing Phase 2 — Rebranding Foundation evidence, the repository and packaged application must identify Preserve legal notices consistently, retain required attribution, and fail the release gate if any reviewed surface disagrees.",Rebranding must preserve legal notices and the release gate must fail if any required notice is removed.,IMPLEMENTATION_CONSTRAINT,,"Given the pre-release surface set, when rebranding completes, then every required legal notice remains or release fails.",Legal and rebranding,I1,Legal-notice preservation gate.,Phase label; rewrite adds notice preservation.,Pass 1 semantic rehabilitation; matched=[EXACT_LEGACY_OUTPUT]; section=Phase 2 — Rebranding Foundation; parent=none,REWRITE_AS_REQUIREMENT,AI_SEMANTIC_REVIEW_PASS1,2026-08-05-pass1-semantic-rehabilitation,REVIEWED_CORRECTED
CAN-LAM-ARCH-370,Establish Tauri 2.,"When the desktop shell handles Establish Tauri 2 in Phase 3 — Tauri Desktop Shell, it must use the typed Tauri boundary, expose the result or stable error to the frontend, and reject requests outside the granted capability without side effects.","The desktop shell must establish the reviewed Tauri 2 process, typed IPC boundary, and permission model before other shell features.",IMPLEMENTATION_CONSTRAINT,,"Given the shell bootstrap, when Tauri 2 is established, then the process, typed boundary, and permissions are in place.",Desktop shell,I2,Tauri-bootstrap fixture.,Phase label; rewrite adds the shell foundation.,Pass 1 semantic rehabilitation; matched=[EXACT_LEGACY_OUTPUT]; section=Phase 3 — Tauri Desktop Shell; parent=none,REWRITE_AS_REQUIREMENT,AI_SEMANTIC_REVIEW_PASS1,2026-08-05-pass1-semantic-rehabilitation,REVIEWED_CORRECTED
CAN-LAM-ARCH-374,Scanner,"When a configured library encounters Scanner during Phase 4 — Local Data Foundation, Rust must apply authorized-root and access-mode rules, expose the resulting root or asset state, and leave files unchanged if validation, permission, or I/O checks fail.","The scanner must index media within authorized roots, preserve source bytes, and report typed errors for unsupported or unreadable files.",IMPLEMENTATION_CONSTRAINT,,"Given an authorized root, when the scanner runs, then supported media is indexed and unsupported or unreadable files return typed errors.",Media ingestion and derivation,I4,Scanner fixture.,Phase label; rewrite adds scan behavior and errors.,Pass 1 semantic rehabilitation; matched=[EXACT_LEGACY_OUTPUT]; section=Phase 4 — Local Data Foundation; parent=none,REWRITE_AS_REQUIREMENT,AI_SEMANTIC_REVIEW_PASS1,2026-08-05-pass1-semantic-rehabilitation,REVIEWED_CORRECTED
CAN-LAM-ARCH-375,Watcher,"When a configured library encounters Watcher during Phase 4 — Local Data Foundation, Rust must apply authorized-root and access-mode rules, expose the resulting root or asset state, and leave files unchanged if validation, permission, or I/O checks fail.",The watcher must detect changes within authorized roots and reconcile the index without modifying source files.,IMPLEMENTATION_CONSTRAINT,,"Given a watched root, when a change occurs, then the index reconciles and the source file remains unchanged.",Media ingestion and derivation,I4,Watcher fixture.,Phase label; rewrite adds change detection and no-mutation.,Pass 1 semantic rehabilitation; matched=[EXACT_LEGACY_OUTPUT]; section=Phase 4 — Local Data Foundation; parent=none,REWRITE_AS_REQUIREMENT,AI_SEMANTIC_REVIEW_PASS1,2026-08-05-pass1-semantic-rehabilitation,REVIEWED_CORRECTED
CAN-LAM-ASSET-186,Asset bundles,"When the user invokes Asset bundles in Phase 4 — Local Data Foundation, the viewer must apply or display the behavior for the selected asset, expose the resulting UI state, and preserve the original media when the operation or format is unavailable.","Asset bundles must keep media and companion sidecars together for moves, renames, trash, and restore.",IMPLEMENTATION_CONSTRAINT,,"Given an asset bundle, when any bundle operation runs, then all members move together.",Local data authority,I3,Asset-bundle fixture.,Phase label; rewrite adds bundle cohesion.,Pass 1 semantic rehabilitation; matched=[EXACT_LEGACY_OUTPUT]; section=Phase 4 — Local Data Foundation; parent=none,REWRITE_AS_REQUIREMENT,AI_SEMANTIC_REVIEW_PASS1,2026-08-05-pass1-semantic-rehabilitation,REVIEWED_CORRECTED
CAN-LAM-FOLDER-067,Authorized Path Set,"When a configured library encounters Authorized Path Set during Phase 4 — Local Data Foundation, Rust must apply authorized-root and access-mode rules, expose the resulting root or asset state, and leave files unchanged if validation, permission, or I/O checks fail.",The Authorized Path Set must limit scans and writes and reject any path outside the set before filesystem access.,IMPLEMENTATION_CONSTRAINT,,"Given authorized and unauthorized paths, when access is requested, then only authorized paths pass and others return typed errors before I/O.",Local data authority,I3,Authorized-path fixture.,Phase label; rewrite adds pre-I/O rejection.,Pass 1 semantic rehabilitation; matched=[EXACT_LEGACY_OUTPUT]; section=Phase 4 — Local Data Foundation; parent=none,REWRITE_AS_REQUIREMENT,AI_SEMANTIC_REVIEW_PASS1,2026-08-05-pass1-semantic-rehabilitation,REVIEWED_CORRECTED
CAN-LAM-META-068,XMP adapter,"When the Phase 4 — Local Data Foundation workflow reads or changes XMP adapter, it must preserve the value, authority, and provenance in the appropriate durable record and expose the resulting revision to the derived index. Missing, malformed, or conflicting input must be reported without discarding the last valid value.",The XMP adapter must read and write the reviewed XMP fields and keep them aligned with the authoritative JSON record.,IMPLEMENTATION_CONSTRAINT,,"Given an asset, when the XMP adapter runs, then the reviewed fields are valid and aligned with JSON.",Local data authority,I3,XMP-adapter fixture.,Phase label; rewrite adds validity and alignment.,Pass 1 semantic rehabilitation; matched=[EXACT_LEGACY_OUTPUT]; section=Phase 4 — Local Data Foundation; parent=none,REWRITE_AS_REQUIREMENT,AI_SEMANTIC_REVIEW_PASS1,2026-08-05-pass1-semantic-rehabilitation,REVIEWED_CORRECTED
CAN-LAM-ARCH-376,Timeline,"When the user uses Timeline in Phase 5 — Asset API Replacement, the interface must expose the resulting selection, position, or view state from local data, remain keyboard-operable, and retain the prior stable view if loading fails.","The timeline must render from local records, stay keyboard-operable, and preserve the prior position when loading fails.",IMPLEMENTATION_CONSTRAINT,,"Given a local timeline, when it renders, then items come from local records and a failed load preserves the prior position.",Gallery and timeline,I5,Timeline fixture.,"Phase label; rewrite adds local rendering and stability. | Timeline rendering is an Offline Library Experience behavior, not media ingestion.",Pass 1 semantic rehabilitation; matched=[EXACT_LEGACY_OUTPUT]; section=Phase 5 — Asset API Replacement; parent=none,REWRITE_AS_REQUIREMENT,AI_SEMANTIC_REVIEW_PASS1,2026-08-05-pass2-semantic-consistency-correction,REVIEWED_CORRECTED
CAN-LAM-ASSET-189,Asset details,"When the user invokes Asset details in Phase 5 — Asset API Replacement, the viewer must apply or display the behavior for the selected asset, expose the resulting UI state, and preserve the original media when the operation or format is unavailable.",Asset details must display the reviewed record fields from local data and remain accessible.,IMPLEMENTATION_CONSTRAINT,,"Given an asset, when details open, then reviewed fields display from local data.",Media ingestion and derivation,I4,Asset-details fixture.,Phase label; rewrite adds display and accessibility.,Pass 1 semantic rehabilitation; matched=[EXACT_LEGACY_OUTPUT]; section=Phase 5 — Asset API Replacement; parent=none,REWRITE_AS_REQUIREMENT,AI_SEMANTIC_REVIEW_PASS1,2026-08-05-pass1-semantic-rehabilitation,REVIEWED_CORRECTED
CAN-LAM-ARCH-380,Link,"When Link is requested in Phase 6 — Manage Later & Events, Lamha must produce or update a reviewable event plan, show its membership and filesystem effects, and make no authoritative or filesystem change if validation or confirmation fails.",Link must record a reviewed event or folder link without moving contents.,IMPLEMENTATION_CONSTRAINT,,"Given a link action, when it is confirmed, then the link is recorded and contents remain at their paths.",Events and organization,I6,Link fixture.,Phase label; rewrite adds link and no-mutation.,Pass 1 semantic rehabilitation; matched=[EXACT_LEGACY_OUTPUT]; section=Phase 6 — Manage Later & Events; parent=none,REWRITE_AS_REQUIREMENT,AI_SEMANTIC_REVIEW_PASS1,2026-08-05-pass1-semantic-rehabilitation,REVIEWED_CORRECTED
CAN-LAM-ARCH-381,Split,"When Split is requested in Phase 6 — Manage Later & Events, Lamha must produce or update a reviewable event plan, show its membership and filesystem effects, and make no authoritative or filesystem change if validation or confirmation fails.",Split must preview the resulting events or folders and commit only after approval while preserving membership history.,IMPLEMENTATION_CONSTRAINT,,"Given a split plan, when preview runs, then the resulting set is shown and commit requires approval.",Events and organization,I6,Split fixture.,Phase label; rewrite adds preview and approval.,Pass 1 semantic rehabilitation; matched=[EXACT_LEGACY_OUTPUT]; section=Phase 6 — Manage Later & Events; parent=none,REWRITE_AS_REQUIREMENT,AI_SEMANTIC_REVIEW_PASS1,2026-08-05-pass1-semantic-rehabilitation,REVIEWED_CORRECTED
CAN-LAM-EVENT-077,Manage Later,"When Manage Later is requested in Phase 6 — Manage Later & Events, Lamha must produce or update a reviewable event plan, show its membership and filesystem effects, and make no authoritative or filesystem change if validation or confirmation fails.",Manage Later must keep unreviewed assets in a reviewed intake state without moving media until an approved plan.,IMPLEMENTATION_CONSTRAINT,,"Given unreviewed assets, when Manage Later runs, then they stay in intake state and no media moves until approval.",Events and organization,I6,Manage-Later fixture.,Phase label; rewrite adds intake state and plan gating.,Pass 1 semantic rehabilitation; matched=[EXACT_LEGACY_OUTPUT]; section=Phase 6 — Manage Later & Events; parent=none,REWRITE_AS_REQUIREMENT,AI_SEMANTIC_REVIEW_PASS1,2026-08-05-pass1-semantic-rehabilitation,REVIEWED_CORRECTED
CAN-LAM-EVENT-078,Event schema,"When Event schema is requested in Phase 6 — Manage Later & Events, Lamha must produce or update a reviewable event plan, show its membership and filesystem effects, and make no authoritative or filesystem change if validation or confirmation fails.",The event schema must define the reviewed event fields and validation must reject records missing required fields.,IMPLEMENTATION_CONSTRAINT,,"Given the event schema, when an event is written, then missing required fields are rejected.",Events and organization,I6,Event-schema fixture.,Phase label; rewrite adds schema validation.,Pass 1 semantic rehabilitation; matched=[EXACT_LEGACY_OUTPUT]; section=Phase 6 — Manage Later & Events; parent=none,REWRITE_AS_REQUIREMENT,AI_SEMANTIC_REVIEW_PASS1,2026-08-05-pass1-semantic-rehabilitation,REVIEWED_CORRECTED
CAN-LAM-EVENT-079,Manual event builder,"When Manual event builder is requested in Phase 6 — Manage Later & Events, Lamha must produce or update a reviewable event plan, show its membership and filesystem effects, and make no authoritative or filesystem change if validation or confirmation fails.",The manual event builder must create events from reviewed inputs with preview and approval before materialization.,IMPLEMENTATION_CONSTRAINT,,"Given manual inputs, when the builder runs, then the event is previewed and materialization requires approval.",Events and organization,I6,Manual-builder fixture.,Phase label; rewrite adds preview and approval.,Pass 1 semantic rehabilitation; matched=[EXACT_LEGACY_OUTPUT]; section=Phase 6 — Manage Later & Events; parent=none,REWRITE_AS_REQUIREMENT,AI_SEMANTIC_REVIEW_PASS1,2026-08-05-pass1-semantic-rehabilitation,REVIEWED_CORRECTED
CAN-LAM-EVENT-080,Event JSON/XMP,"When Event JSON/XMP is requested in Phase 6 — Manage Later & Events, Lamha must produce or update a reviewable event plan, show its membership and filesystem effects, and make no authoritative or filesystem change if validation or confirmation fails.",Event JSON/XMP must persist the reviewed event fields and keep both representations aligned.,IMPLEMENTATION_CONSTRAINT,,"Given an event, when JSON/XMP is written, then the fields are valid and aligned.",Events and organization,I6,Event-JSON/XMP fixture.,Phase label; rewrite adds validity and alignment.,Pass 1 semantic rehabilitation; matched=[EXACT_LEGACY_OUTPUT]; section=Phase 6 — Manage Later & Events; parent=none,REWRITE_AS_REQUIREMENT,AI_SEMANTIC_REVIEW_PASS1,2026-08-05-pass1-semantic-rehabilitation,REVIEWED_CORRECTED
CAN-LAM-FOLDER-068,Folder normalization,"When Folder normalization is requested in Phase 6 — Manage Later & Events, Lamha must produce or update a reviewable event plan, show its membership and filesystem effects, and make no authoritative or filesystem change if validation or confirmation fails.",Folder normalization must apply the reviewed naming rules with preview and approval while preserving original names.,IMPLEMENTATION_CONSTRAINT,,"Given a folder name, when normalization is proposed, then the safe name is previewed and applied only after approval with the original preserved.",Events and organization,I6,Folder-normalization fixture.,"Phase label; rewrite adds preview, approval, and preservation.",Pass 1 semantic rehabilitation; matched=[EXACT_LEGACY_OUTPUT]; section=Phase 6 — Manage Later & Events; parent=none,REWRITE_AS_REQUIREMENT,AI_SEMANTIC_REVIEW_PASS1,2026-08-05-pass1-semantic-rehabilitation,REVIEWED_CORRECTED
CAN-LAM-FOLDER-069,Linked-folder immobility,"When Linked-folder immobility is requested in Phase 6 — Manage Later & Events, Lamha must produce or update a reviewable event plan, show its membership and filesystem effects, and make no authoritative or filesystem change if validation or confirmation fails.",Linked folders must remain immobile and automated organization must never move or rename them.,IMPLEMENTATION_CONSTRAINT,,"Given a linked folder, when organization runs, then its paths and contents remain unchanged.",Events and organization,I6,Linked-folder fixture.,Phase label; rewrite adds immobility.,Pass 1 semantic rehabilitation; matched=[EXACT_LEGACY_OUTPUT]; section=Phase 6 — Manage Later & Events; parent=none,REWRITE_AS_REQUIREMENT,AI_SEMANTIC_REVIEW_PASS1,2026-08-05-pass1-semantic-rehabilitation,REVIEWED_CORRECTED
CAN-LAM-ARCH-382,Clusters,"When the Phase 7 — Faces, People & Groups workflow manages Clusters, it must persist the candidate or confirmed state with provenance and revision, expose the resulting state for review, and reject invalid transitions without changing an existing identity or historical interval.",Face clusters must be reviewable and merges or splits must persist provenance and allow undo.,IMPLEMENTATION_CONSTRAINT,,"Given face clusters, when a merge or split is confirmed, then the change persists with provenance and undo restores the prior state.",People and faces,I7,Cluster fixture.,Phase label; rewrite adds reviewability and undo.,"Pass 1 semantic rehabilitation; matched=[EXACT_LEGACY_OUTPUT]; section=Phase 7 — Faces, People & Groups; parent=none",REWRITE_AS_REQUIREMENT,AI_SEMANTIC_REVIEW_PASS1,2026-08-05-pass1-semantic-rehabilitation,REVIEWED_CORRECTED
CAN-LAM-ARCH-383,Naming,"When the Phase 7 — Faces, People & Groups workflow manages Naming, it must persist the candidate or confirmed state with provenance and revision, expose the resulting state for review, and reject invalid transitions without changing an existing identity or historical interval.",Person and group naming must preserve the stable ID and retain old names as searchable aliases.,IMPLEMENTATION_CONSTRAINT,,"Given a rename, when it is confirmed, then the ID is unchanged and old names remain searchable.",People and faces,I7,Naming fixture.,Phase label; rewrite adds identity and alias preservation.,"Pass 1 semantic rehabilitation; matched=[EXACT_LEGACY_OUTPUT]; section=Phase 7 — Faces, People & Groups; parent=none",REWRITE_AS_REQUIREMENT,AI_SEMANTIC_REVIEW_PASS1,2026-08-05-pass1-semantic-rehabilitation,REVIEWED_CORRECTED
CAN-LAM-ARCH-384,Hide,"When the Phase 7 — Faces, People & Groups workflow manages Hide, it must persist the candidate or confirmed state with provenance and revision, expose the resulting state for review, and reject invalid transitions without changing an existing identity or historical interval.",Hide must remove a person or group from default lists without deleting the profile or links.,IMPLEMENTATION_CONSTRAINT,,"Given a hidden person or group, when lists render, then the profile and links remain and the item is excluded.",People and faces,I7,Hide fixture.,Phase label; rewrite adds exclusion and preservation.,"Pass 1 semantic rehabilitation; matched=[EXACT_LEGACY_OUTPUT]; section=Phase 7 — Faces, People & Groups; parent=none",REWRITE_AS_REQUIREMENT,AI_SEMANTIC_REVIEW_PASS1,2026-08-05-pass1-semantic-rehabilitation,REVIEWED_CORRECTED
CAN-LAM-ARCH-385,Historical membership,"When the Phase 7 — Faces, People & Groups workflow manages Historical membership, it must persist the candidate or confirmed state with provenance and revision, expose the resulting state for review, and reject invalid transitions without changing an existing identity or historical interval.","When a person's or group's membership changes, Lamha must append or close the effective-dated period and keep every historical membership period queryable with its original interval.",IMPLEMENTATION_CONSTRAINT,,"Given a membership change, when history is queried, then every prior period remains queryable with its original interval.",People and faces,I7,Historical-membership fixture with interval checks.,Phase label; rewrite adds period semantics and history preservation.,"Pass 1 semantic rehabilitation; matched=[EXACT_LEGACY_OUTPUT]; section=Phase 7 — Faces, People & Groups; parent=none",REWRITE_AS_REQUIREMENT,AI_SEMANTIC_REVIEW_PASS1,2026-08-05-pass1-semantic-rehabilitation,REVIEWED_CORRECTED
CAN-LAM-PERSON-121,Subgroups,"When the Phase 7 — Faces, People & Groups workflow manages Subgroups, it must persist the candidate or confirmed state with provenance and revision, expose the resulting state for review, and reject invalid transitions without changing an existing identity or historical interval.","When a user adds a subgroup to a group, Lamha must persist the reviewed hierarchical membership and reflect the subgroup in group and person projections.",IMPLEMENTATION_CONSTRAINT,,"Given a group, when a subgroup is added, then the hierarchy persists and appears in group and person projections.",People and faces,I7,Subgroup fixture with projection checks.,Phase label; rewrite adds subgroup semantics and projection.,"Pass 1 semantic rehabilitation; matched=[EXACT_LEGACY_OUTPUT]; section=Phase 7 — Faces, People & Groups; parent=none",REWRITE_AS_REQUIREMENT,AI_SEMANTIC_REVIEW_PASS1,2026-08-05-pass1-semantic-rehabilitation,REVIEWED_CORRECTED
CAN-LAM-AI-076,Suppression,"When the Phase 8 — Tags, Relationships, Smart Views & Attribution workflow manages Suppression, it must persist the candidate or confirmed state with provenance and revision, expose the resulting state for review, and reject invalid transitions without changing an existing identity or historical interval.",Suppression must persist the reviewed suppression and exclude matching future proposals from review queues.,IMPLEMENTATION_CONSTRAINT,,"Given a suppression, when it is confirmed, then it persists and matching future proposals are excluded.",Relationships and attribution,I8,Suppression fixture.,Phase label; rewrite adds persistence and exclusion.,"Pass 1 semantic rehabilitation; matched=[EXACT_LEGACY_OUTPUT]; section=Phase 8 — Tags, Relationships, Smart Views & Attribution; parent=none",REWRITE_AS_REQUIREMENT,AI_SEMANTIC_REVIEW_PASS1,2026-08-05-pass1-semantic-rehabilitation,REVIEWED_CORRECTED
CAN-LAM-ARCH-386,Tag namespaces,"When Tag namespaces is proposed or changed in Phase 8 — Tags, Relationships, Smart Views & Attribution, Lamha must persist a namespaced, revisioned tag candidate or assignment, expose the decision for review, and preserve prior assignments on validation failure.",Tag namespaces must persist the reviewed namespace with each tag and validation must reject unnamespaced tags.,IMPLEMENTATION_CONSTRAINT,,"Given a tag, when it is written, then its namespace is persisted and unnamespaced tags are rejected.",Relationships and attribution,I8,Namespace fixture.,Phase label; rewrite adds namespace enforcement.,"Pass 1 semantic rehabilitation; matched=[EXACT_LEGACY_OUTPUT]; section=Phase 8 — Tags, Relationships, Smart Views & Attribution; parent=none",REWRITE_AS_REQUIREMENT,AI_SEMANTIC_REVIEW_PASS1,2026-08-05-pass1-semantic-rehabilitation,REVIEWED_CORRECTED
CAN-LAM-ARCH-387,Review-first activation,"When the Phase 8 — Tags, Relationships, Smart Views & Attribution workflow manages Review-first activation, it must persist the candidate or confirmed state with provenance and revision, expose the resulting state for review, and reject invalid transitions without changing an existing identity or historical interval.",Tag activation must be review-first and AI-suggested tags must remain unapplied until approved.,IMPLEMENTATION_CONSTRAINT,,"Given a suggested tag, when activation is requested, then the tag stays a candidate until approval.",Relationships and attribution,I8,Review-first fixture.,Phase label; rewrite adds the review-first rule.,"Pass 1 semantic rehabilitation; matched=[EXACT_LEGACY_OUTPUT]; section=Phase 8 — Tags, Relationships, Smart Views & Attribution; parent=none",REWRITE_AS_REQUIREMENT,AI_SEMANTIC_REVIEW_PASS1,2026-08-05-pass1-semantic-rehabilitation,REVIEWED_CORRECTED
CAN-LAM-ARCH-390,Importer,"When the Phase 8 — Tags, Relationships, Smart Views & Attribution workflow manages Importer, it must persist the candidate or confirmed state with provenance and revision, expose the resulting state for review, and reject invalid transitions without changing an existing identity or historical interval.",Importer attribution must be stored independently and never inferred from photographer or camera-owner roles.,IMPLEMENTATION_CONSTRAINT,,"Given an imported asset, when attribution is recorded, then the importer is stored separately from other roles.",Relationships and attribution,I8,Importer fixture.,Phase label; rewrite adds role independence.,"Pass 1 semantic rehabilitation; matched=[EXACT_LEGACY_OUTPUT]; section=Phase 8 — Tags, Relationships, Smart Views & Attribution; parent=none",REWRITE_AS_REQUIREMENT,AI_SEMANTIC_REVIEW_PASS1,2026-08-05-pass1-semantic-rehabilitation,REVIEWED_CORRECTED
CAN-LAM-ARCH-391,Provenance,"When the Phase 8 — Tags, Relationships, Smart Views & Attribution workflow manages Provenance, it must persist the candidate or confirmed state with provenance and revision, expose the resulting state for review, and reject invalid transitions without changing an existing identity or historical interval.",Attribution changes must record provenance and revision and never silently change another role.,IMPLEMENTATION_CONSTRAINT,,"Given an attribution change, when it is saved, then provenance and revision are recorded and other roles remain unchanged.",Relationships and attribution,I8,Provenance fixture.,Phase label; rewrite adds provenance and independence.,"Pass 1 semantic rehabilitation; matched=[EXACT_LEGACY_OUTPUT]; section=Phase 8 — Tags, Relationships, Smart Views & Attribution; parent=none",REWRITE_AS_REQUIREMENT,AI_SEMANTIC_REVIEW_PASS1,2026-08-05-pass1-semantic-rehabilitation,REVIEWED_CORRECTED
CAN-LAM-ARCH-392,Safe draft,"When Safe draft is used in Phase 9 — Mind Maps, Lamha must derive the map or location result from canonical records, show its source and confidence where applicable, and preserve the records if projection or coordinate validation fails.",Mind-map drafts must be saved safely and restored from the last valid state on failure.,IMPLEMENTATION_CONSTRAINT,,"Given a draft, when it is saved, then the draft persists and a failed write leaves the last valid state recoverable.",Mind-map projections,I9,Safe-draft fixture.,Phase label; rewrite adds safe save and restore.,Pass 1 semantic rehabilitation; matched=[EXACT_LEGACY_OUTPUT]; section=Phase 9 — Mind Maps; parent=none,REWRITE_AS_REQUIREMENT,AI_SEMANTIC_REVIEW_PASS1,2026-08-05-pass1-semantic-rehabilitation,REVIEWED_CORRECTED
CAN-LAM-ARCH-393,Materialization,"When Materialization is used in Phase 9 — Mind Maps, Lamha must derive the map or location result from canonical records, show its source and confidence where applicable, and preserve the records if projection or coordinate validation fails.","Mind-map materialization must preview nodes, edges, and filesystem effects and commit only after approval.",IMPLEMENTATION_CONSTRAINT,,"Given a mind map, when materialization is requested, then the effects are previewed and commit requires approval.",Mind-map projections,I9,Materialization fixture.,Phase label; rewrite adds preview and approval.,Pass 1 semantic rehabilitation; matched=[EXACT_LEGACY_OUTPUT]; section=Phase 9 — Mind Maps; parent=none,REWRITE_AS_REQUIREMENT,AI_SEMANTIC_REVIEW_PASS1,2026-08-05-pass1-semantic-rehabilitation,REVIEWED_CORRECTED
CAN-LAM-EVENT-083,Folder/event map,"When Folder/event map is used in Phase 9 — Mind Maps, Lamha must derive the map or location result from canonical records, show its source and confidence where applicable, and preserve the records if projection or coordinate validation fails.",The folder/event map must derive from canonical folder and event records and show its source.,IMPLEMENTATION_CONSTRAINT,,"Given canonical records, when the folder/event map renders, then it derives from the records with source shown.",Mind-map projections,I9,Folder/event-map fixture.,Phase label; rewrite adds derivation and source.,Pass 1 semantic rehabilitation; matched=[EXACT_LEGACY_OUTPUT]; section=Phase 9 — Mind Maps; parent=none,REWRITE_AS_REQUIREMENT,AI_SEMANTIC_REVIEW_PASS1,2026-08-05-pass1-semantic-rehabilitation,REVIEWED_CORRECTED
CAN-LAM-EVENT-084,Event context links,"When Event context links is used in Phase 9 — Mind Maps, Lamha must derive the map or location result from canonical records, show its source and confidence where applicable, and preserve the records if projection or coordinate validation fails.",Event context links must navigate to the reviewed event context without changing records.,IMPLEMENTATION_CONSTRAINT,,"Given an event context link, when it is opened, then the context loads and no record changes.",Mind-map projections,I9,Event-context fixture.,Phase label; rewrite separates navigation from mutation.,Pass 1 semantic rehabilitation; matched=[EXACT_LEGACY_OUTPUT]; section=Phase 9 — Mind Maps; parent=none,REWRITE_AS_REQUIREMENT,AI_SEMANTIC_REVIEW_PASS1,2026-08-05-pass1-semantic-rehabilitation,REVIEWED_CORRECTED
CAN-LAM-AI-043,Suppression rules,"When a review item offers Suppression rules in originals, the selected decision must produce a visible, persisted proposal-state transition while leaving authoritative metadata unchanged until an allowed approval action commits it; rejected invalid transitions must preserve the prior state.",Suppression rules must persist the reviewed rule and exclude matching future proposals from review queues.,ACCEPTANCE_CRITERION,CAN-SECTION-0024,"Given a suppression rule, when it is confirmed, then it persists and matching future proposals are excluded.",Review Centre,I5,Suppression-rule fixture.,Originals label; rewrite adds persistence and exclusion.,Pass 1 semantic rehabilitation; matched=[EXACT_LEGACY_OUTPUT]; section=originals; parent=CAN-SECTION-0024,REWRITE_AS_ACCEPTANCE_CRITERION,AI_SEMANTIC_REVIEW_PASS1,2026-08-05-pass1-semantic-rehabilitation,REVIEWED_CORRECTED
CAN-LAM-AI-044,OCR indexes,"When a query or indexing task uses OCR indexes in originals, Lamha must return the matching local result with source and revision information, and must report unavailable or stale index data without treating it as authoritative knowledge.",OCR indexes must be rebuildable from versioned OCR records and search must report stale or unavailable index data.,ACCEPTANCE_CRITERION,CAN-SECTION-0025,"Given versioned OCR records, when the index is rebuilt, then search returns results with provenance and stale data is reported.",Search and OCR,I10,OCR-index fixture.,Originals label; rewrite adds rebuildability and stale reporting.,Pass 1 semantic rehabilitation; matched=[EXACT_LEGACY_OUTPUT]; section=originals; parent=CAN-SECTION-0025,REWRITE_AS_ACCEPTANCE_CRITERION,AI_SEMANTIC_REVIEW_PASS1,2026-08-05-pass1-semantic-rehabilitation,REVIEWED_CORRECTED
CAN-LAM-ARCH-300,Maps,"When Maps is used in originals, Lamha must derive the map or location result from canonical records, show its source and confidence where applicable, and preserve the records if projection or coordinate validation fails.",Maps must render from canonical location records and show source and confidence where applicable.,ACCEPTANCE_CRITERION,CAN-SECTION-0098,"Given canonical location records, when a map renders, then results derive from the records with source shown.",Map and location,I5,Map fixture.,Originals label; rewrite adds derivation and source.,Pass 1 semantic rehabilitation; matched=[EXACT_LEGACY_OUTPUT]; section=originals; parent=CAN-SECTION-0098,REWRITE_AS_ACCEPTANCE_CRITERION,AI_SEMANTIC_REVIEW_PASS1,2026-08-05-pass1-semantic-rehabilitation,REVIEWED_CORRECTED
CAN-LAM-ARCH-301,Settings,"When the user changes Settings in originals, Lamha must validate and persist the local setting with a new revision, reflect the effective value, and retain the previous value when validation or storage fails.",Settings changes must validate and persist the local setting with a new revision and retain the previous value on failure.,ACCEPTANCE_CRITERION,CAN-SECTION-0099,"Given a settings change, when it is saved, then the effective value updates with a revision and failure retains the previous value.",Settings,I3,Settings fixture.,"Originals label; rewrite adds validation, persistence, and failure retention.",Pass 1 semantic rehabilitation; matched=[EXACT_LEGACY_OUTPUT]; section=originals; parent=CAN-SECTION-0099,REWRITE_AS_ACCEPTANCE_CRITERION,AI_SEMANTIC_REVIEW_PASS1,2026-08-05-pass1-semantic-rehabilitation,REVIEWED_CORRECTED
CAN-LAM-ARCH-302,Review decisions,"When a review item offers Review decisions in originals, the selected decision must produce a visible, persisted proposal-state transition while leaving authoritative metadata unchanged until an allowed approval action commits it; rejected invalid transitions must preserve the prior state.","When a reviewer records a decision on a Review item, Lamha must persist the chosen value with its provenance and the review revision, and the recorded decision must remain visible in the item's history.",ACCEPTANCE_CRITERION,CAN-SECTION-0024,"Given a Review item, when a decision is recorded, then the chosen value, provenance, and review revision persist and remain visible in the item's history.",Review Centre,I5,Review-decision fixture with history checks.,"Originals label; rewrite adds persistence, provenance, and visible history.",Pass 1 semantic rehabilitation; matched=[EXACT_LEGACY_OUTPUT]; section=originals; parent=CAN-SECTION-0024,REWRITE_AS_ACCEPTANCE_CRITERION,AI_SEMANTIC_REVIEW_PASS1,2026-08-05-pass1-semantic-rehabilitation,REVIEWED_CORRECTED
CAN-LAM-ASSET-138,Asset JSON,"When the user invokes Asset JSON in originals, the viewer must apply or display the behavior for the selected asset, expose the resulting UI state, and preserve the original media when the operation or format is unavailable.",Asset JSON must be read and written as the schema-valid authoritative record with exact-byte preservation on validation failure.,ACCEPTANCE_CRITERION,CAN-SECTION-0136,"Given an asset, when its JSON is read or written, then the record is schema-valid and malformed content is preserved.",Sidecars and metadata authority,I3,Asset-JSON fixture.,Originals label; rewrite adds validity and preservation. | Final statement governs read/write authority of the schema-valid Asset JSON record.,Pass 1 semantic rehabilitation; matched=[EXACT_LEGACY_OUTPUT]; section=originals; parent=CAN-SECTION-0136,REWRITE_AS_ACCEPTANCE_CRITERION,AI_SEMANTIC_REVIEW_PASS1,2026-08-05-pass2-semantic-consistency-correction,REVIEWED_CORRECTED
CAN-LAM-FOLDER-043,Library roots,"When a configured library encounters Library roots during originals, Rust must apply authorized-root and access-mode rules, expose the resulting root or asset state, and leave files unchanged if validation, permission, or I/O checks fail.",Library roots must be user-authorized and scans and writes must be limited to the authorized root set.,ACCEPTANCE_CRITERION,CAN-SECTION-0176,"Given an authorized root, when scans or writes run, then they stay within the authorized set.",Libraries and storage,I4,Library-root fixture.,Originals label; rewrite adds authorization enforcement.,Pass 1 semantic rehabilitation; matched=[EXACT_LEGACY_OUTPUT]; section=originals; parent=CAN-SECTION-0176,REWRITE_AS_ACCEPTANCE_CRITERION,AI_SEMANTIC_REVIEW_PASS1,2026-08-05-pass1-semantic-rehabilitation,REVIEWED_CORRECTED
CAN-LAM-META-045,XMP,"When Lamha reads or writes an XMP mirror, it must preserve the authoritative value and provenance, validate the mirror revision, and surface missing, malformed, stale, or conflicting XMP as a typed degraded or review state without discarding the last valid authority.","When Lamha reads or writes an XMP mirror, it must preserve the authoritative value and provenance, validate the mirror revision, and surface missing, malformed, stale, or conflicting XMP as a typed degraded or review state without discarding the last valid authority.",ACCEPTANCE_CRITERION,CAN-SECTION-0205,"When Lamha reads or writes an XMP mirror, it must preserve the authoritative value and provenance, validate the mirror revision, and surface missing, malformed, stale, or conflicting XMP as a typed degraded or review state without discarding the last valid authority.",Sidecar read protocol,I3,"Given valid JSON authority and malformed or conflicting XMP, when metadata inspection runs, then JSON remains unchanged, the XMP problem is visible with provenance, and a repair or review action is available.",Statement is already record-specific (XMP mirror read/write preserves exact bytes and keeps authority alignment); no legacy template is reproduced.,Pass 1 semantic rehabilitation; matched=[LABEL_ONLY]; section=originals; parent=CAN-SECTION-0205,KEEP_WITH_EXPLICIT_JUSTIFICATION,AI_SEMANTIC_REVIEW_PASS1,2026-08-05-pass1-semantic-rehabilitation,REVIEWED_CONFIRMED
CAN-LAM-META-046,SQLite,"When SQLite participates in originals, the authoritative record or transaction must persist its revision and provenance before derived-index publication, and any failed write must leave a recoverable prior state.",SQLite must remain a rebuildable index and must never be the only copy of user knowledge.,ACCEPTANCE_CRITERION,CAN-SECTION-0206,"Given authoritative records, when SQLite is rebuilt, then user knowledge is restored from the records.",Filesystem transactions and recovery,I3,SQLite-rebuild fixture.,Originals label; rewrite adds rebuildability.,Pass 1 semantic rehabilitation; matched=[EXACT_LEGACY_OUTPUT]; section=originals; parent=CAN-SECTION-0206,REWRITE_AS_ACCEPTANCE_CRITERION,AI_SEMANTIC_REVIEW_PASS1,2026-08-05-pass1-semantic-rehabilitation,REVIEWED_CORRECTED
CAN-LAM-PERSON-097,People,"When the originals workflow manages People, it must persist the candidate or confirmed state with provenance and revision, expose the resulting state for review, and reject invalid transitions without changing an existing identity or historical interval.","People records must persist stable identities, names, faces, and links and preserve them across changes.",ACCEPTANCE_CRITERION,CAN-SECTION-0229,"Given a person record, when any field changes, then the stable identity and other fields remain intact.",People and faces,I7,People-record fixture.,Originals label; rewrite adds identity and field preservation.,Pass 1 semantic rehabilitation; matched=[EXACT_LEGACY_OUTPUT]; section=originals; parent=CAN-SECTION-0229,REWRITE_AS_ACCEPTANCE_CRITERION,AI_SEMANTIC_REVIEW_PASS1,2026-08-05-pass1-semantic-rehabilitation,REVIEWED_CORRECTED
