record_id,previous_statement,disposition,why_previous_invalid,source_preserved,review_status
CAN-LAM-AI-001,"Implementation must honor this constraint: Local AI Worker (LAM-AI-001): A bundled local child process executing machine-learning inference. The desktop application launches and supervises it; it exposes no HTTP, WebSocket, TCP, or UDP listener, uploads no media or private metadata, requires no cloud service, and remains unavailable to unrelated external clients. Phase 1 selects the non-network local IPC mechanism after mapping the existing transport, lifecycle, streaming, cancellation, cross-platform, packaging, and security constraints. Permitted candidates include standard input/output, named pipes, Unix-domain sockets, Tauri sidecar communication, or another validated non-network mechanism.",SUPERSEDED_GENERATED_TEMPLATE,"Generated wrapper asserted behavior or proof without a record-specific actor, trigger, observable result, and failure criterion.",01-EVERYTHING-WE-ARE-KEEPING.md / lines 73-73,NOT_APPLICABLE
CAN-LAM-AI-002,"Recorded evidence must demonstrate: A named implementation, command, table, path, model, or library is a target constraint only when this file explicitly calls it canonical. Otherwise Graphify must verify the real repository before assigning an exact implementation.",SUPERSEDED_GENERATED_TEMPLATE,"Generated wrapper asserted behavior or proof without a record-specific actor, trigger, observable result, and failure criterion.",01-EVERYTHING-WE-ARE-KEEPING.md / lines 20-20,NOT_APPLICABLE
CAN-LAM-AI-004,"Lamha must preserve this invariant: Target Architecture (To Be Implemented): A unified, single-user, local-first desktop application built on a Tauri 2 shell, Svelte/SvelteKit UI, Rust desktop core, SQLite local rebuildable index, bundled local AI worker communicating exclusively via local IPC, and transparent JSON/XMP file sidecars.",SUPERSEDED_GENERATED_TEMPLATE,"Generated wrapper asserted behavior or proof without a record-specific actor, trigger, observable result, and failure criterion.",01-EVERYTHING-WE-ARE-KEEPING.md / lines 46-46,NOT_APPLICABLE
CAN-LAM-AI-005,"Implementation must honor this constraint: Execution Guardrail: A weaker coding model MUST NEVER implement server REST endpoints in Rust, embed PostgreSQL/Redis in Tauri, or require network ports for core application logic.",SUPERSEDED_GENERATED_TEMPLATE,"Generated wrapper asserted behavior or proof without a record-specific actor, trigger, observable result, and failure criterion.",01-EVERYTHING-WE-ARE-KEEPING.md / lines 47-47,NOT_APPLICABLE
CAN-LAM-AI-007,"Lamha must preserve this invariant: Candidate Rejection Record: A persistent authoritative decision containing the task concept, candidate identity, model identity/version, evidence, scope, and decision time.",SUPERSEDED_GENERATED_TEMPLATE,"Generated wrapper asserted behavior or proof without a record-specific actor, trigger, observable result, and failure criterion.",01-EVERYTHING-WE-ARE-KEEPING.md / lines 75-75,NOT_APPLICABLE
CAN-LAM-AI-009,"Lamha must provide Reconsideration is permitted after an explicit user reopen/reanalysis request or a material source, model, configuration, candidate-identity, or evidence change; the prior decision and provenance remain visible and the new candidate enters Review rather than approval.",SUPERSEDED_GENERATED_TEMPLATE,"Generated wrapper asserted behavior or proof without a record-specific actor, trigger, observable result, and failure criterion.",01-EVERYTHING-WE-ARE-KEEPING.md / lines 75-75,NOT_APPLICABLE
CAN-LAM-AI-010,"Recorded evidence must demonstrate: Invalidation State: A required AI-task concept tracking whether a result is current, stale, or requires re-inference because its source, model, or relevant configuration changed. Phase 1 target-schema mapping selects the exact serialized field and values.",SUPERSEDED_GENERATED_TEMPLATE,"Generated wrapper asserted behavior or proof without a record-specific actor, trigger, observable result, and failure criterion.",01-EVERYTHING-WE-ARE-KEEPING.md / lines 76-76,NOT_APPLICABLE
CAN-LAM-AI-011,Lamha must provide Camera make and model; Embedded EXIF; Asset JSON and XMP; SQLite index; Read from EXIF. Read-only unless explicitly overridden by the user in Inspector.,SUPERSEDED_GENERATED_TEMPLATE,"Generated wrapper asserted behavior or proof without a record-specific actor, trigger, observable result, and failure criterion.",01-EVERYTHING-WE-ARE-KEEPING.md / lines 133-133,NOT_APPLICABLE
CAN-LAM-AI-012,Lamha must provide Approved user tags; Asset JSON; Compatible XMP keyword field; SQLite tag index; JSON-to-XMP is the normal direction. Externally changed XMP keywords become Review candidates; only user-approved imports update JSON.,SUPERSEDED_GENERATED_TEMPLATE,"Generated wrapper asserted behavior or proof without a record-specific actor, trigger, observable result, and failure criterion.",01-EVERYTHING-WE-ARE-KEEPING.md / lines 142-142,NOT_APPLICABLE
CAN-LAM-AI-013,Recorded evidence must demonstrate: Successful task completion does not mean a classification is approved. Reviewable candidates follow a separate suggestion lifecycle.,SUPERSEDED_GENERATED_TEMPLATE,"Generated wrapper asserted behavior or proof without a record-specific actor, trigger, observable result, and failure criterion.",01-EVERYTHING-WE-ARE-KEEPING.md / lines 177-177,NOT_APPLICABLE
CAN-LAM-AI-015,"Implementation must honor this constraint: Execution Guardrail: A weaker coding model MUST NEVER create a physical directory on disk or copy/duplicate an asset media file for a Person, Group, Relationship, Album, Tag, or Favorite.",SUPERSEDED_GENERATED_TEMPLATE,"Generated wrapper asserted behavior or proof without a record-specific actor, trigger, observable result, and failure criterion.",01-EVERYTHING-WE-ARE-KEEPING.md / lines 333-333,NOT_APPLICABLE
CAN-LAM-AI-021,Implementation must honor this constraint: A coding model MUST NEVER invent ad-hoc fields or write against an unapproved schema.,SUPERSEDED_GENERATED_TEMPLATE,"Generated wrapper asserted behavior or proof without a record-specific actor, trigger, observable result, and failure criterion.",01-EVERYTHING-WE-ARE-KEEPING.md / lines 642-642,NOT_APPLICABLE
CAN-LAM-AI-024,Lamha must preserve this invariant: AI suggestions remain in the suggestion queue until approved; rejection/suppression decisions persist in authoritative JSON.,SUPERSEDED_GENERATED_TEMPLATE,"Generated wrapper asserted behavior or proof without a record-specific actor, trigger, observable result, and failure criterion.",01-EVERYTHING-WE-ARE-KEEPING.md / lines 1205-1205,NOT_APPLICABLE
CAN-LAM-AI-026,"Lamha must provide Reconsider after an explicit user request or a material source, model/version, relevant-configuration, candidate-identity, or evidence change.",SUPERSEDED_GENERATED_TEMPLATE,"Generated wrapper asserted behavior or proof without a record-specific actor, trigger, observable result, and failure criterion.",01-EVERYTHING-WE-ARE-KEEPING.md / lines 1264-1264,NOT_APPLICABLE
CAN-LAM-AI-036,"Lamha must provide AI Suggestions: Candidate identities, tags, locations, relationships, photographers, duplicate actions, and other consequential interpretations are reviewable queue items. They have ZERO authority over user data until approved.",SUPERSEDED_GENERATED_TEMPLATE,"Generated wrapper asserted behavior or proof without a record-specific actor, trigger, observable result, and failure criterion.",01-EVERYTHING-WE-ARE-KEEPING.md / lines 1684-1684,NOT_APPLICABLE
CAN-LAM-AI-037,"Implementation must honor this constraint: Execution Guardrail: A weaker coding model MUST NEVER allow an AI suggestion to silently overwrite, modify, or delete approved user metadata, asset filenames, or directory placements without explicit user confirmation in the Review Centre.",SUPERSEDED_GENERATED_TEMPLATE,"Generated wrapper asserted behavior or proof without a record-specific actor, trigger, observable result, and failure criterion.",01-EVERYTHING-WE-ARE-KEEPING.md / lines 1686-1686,NOT_APPLICABLE
CAN-LAM-AI-038,Lamha must provide Removing AI data does not delete media or approved manual metadata.,SUPERSEDED_GENERATED_TEMPLATE,"Generated wrapper asserted behavior or proof without a record-specific actor, trigger, observable result, and failure criterion.",01-EVERYTHING-WE-ARE-KEEPING.md / lines 1699-1699,NOT_APPLICABLE
CAN-LAM-AI-047,"Lamha must provide No separate manual installation of Docker, databases, AI runtimes, or media tools.",SUPERSEDED_GENERATED_TEMPLATE,"Generated wrapper asserted behavior or proof without a record-specific actor, trigger, observable result, and failure criterion.",01-EVERYTHING-WE-ARE-KEEPING.md / lines 2186-2186,NOT_APPLICABLE
CAN-LAM-AI-049,Lamha must provide It uses the approved metadata and storage model.,SUPERSEDED_GENERATED_TEMPLATE,"Generated wrapper asserted behavior or proof without a record-specific actor, trigger, observable result, and failure criterion.",01-EVERYTHING-WE-ARE-KEEPING.md / lines 2278-2278,NOT_APPLICABLE
CAN-LAM-AI-050,"The final Lamha desktop runtime must not retain or require a weaker coding model MUST NEVER treat the deletion of a server subsystem (PostgreSQL, Redis, REST APIs, Docker, account services) as permission to delete or drop the underlying user-facing feature (gallery browsing, search, albums, sharing/export, AI processing, thumbnail generation, memories).",SUPERSEDED_GENERATED_TEMPLATE,"Generated wrapper asserted behavior or proof without a record-specific actor, trigger, observable result, and failure criterion.",02-EVERYTHING-WE-ARE-DELETING.md / lines 47-47,NOT_APPLICABLE
CAN-LAM-AI-051,The final Lamha desktop runtime must not retain or require weaker coding models regularly delete files blindly without checking whether desktop modules still import them. A server subsystem or legacy module is marked Verified Removed ONLY when all four objective criteria are met.,SUPERSEDED_GENERATED_TEMPLATE,"Generated wrapper asserted behavior or proof without a record-specific actor, trigger, observable result, and failure criterion.",02-EVERYTHING-WE-ARE-DELETING.md / lines 67-67,NOT_APPLICABLE
CAN-LAM-AI-052,"The final Lamha desktop runtime must not retain or require to prevent lower-capability coding models from re-introducing server-centric or ambiguous concepts, the planned terminology linter applies to final target production identifiers, target UI text, and target architecture prose. It must allow documented legacy/removal contexts, quoted upstream text, tests that assert rejected wording, legal notices, generated/vendored exclusions, and the Master Plan itself. The exact linter path is established during mapping rather than assumed here.",SUPERSEDED_GENERATED_TEMPLATE,"Generated wrapper asserted behavior or proof without a record-specific actor, trigger, observable result, and failure criterion.",02-EVERYTHING-WE-ARE-DELETING.md / lines 79-79,NOT_APPLICABLE
CAN-LAM-AI-053,"Recorded evidence must demonstrate: aiChecked; Insufficient single boolean; ignores models, hashes, and task invalidation.; Per-task status, invalidation/staleness, model identity/version, source identity/hash, configuration identity/hash, and processing-time concepts; exact serialization is selected during target-schema mapping.; All .ts, .svelte, .rs, .json files.",SUPERSEDED_GENERATED_TEMPLATE,"Generated wrapper asserted behavior or proof without a record-specific actor, trigger, observable result, and failure criterion.",02-EVERYTHING-WE-ARE-DELETING.md / lines 83-83,NOT_APPLICABLE
CAN-LAM-AI-054,The final Lamha desktop runtime must not retain or require lamha server URL / internal Lamha api endpoint; Refers to a legacy HTTP application server slated for deletion.; Tauri IPC command for UI-to-core; mapped non-network local IPC for Rust-to-worker.; Target UI-to-core client utilities. Explicit opt-in outbound provider clients (for example map tiles) require separate allowlisting and disclosure.,SUPERSEDED_GENERATED_TEMPLATE,"Generated wrapper asserted behavior or proof without a record-specific actor, trigger, observable result, and failure criterion.",02-EVERYTHING-WE-ARE-DELETING.md / lines 85-85,NOT_APPLICABLE
CAN-LAM-AI-055,"The final Lamha desktop runtime must not retain or require A bundled local worker using local IPC is not considered a retained server, provided it exposes no network listener and exists only to support the desktop app.",SUPERSEDED_GENERATED_TEMPLATE,"Generated wrapper asserted behavior or proof without a record-specific actor, trigger, observable result, and failure criterion.",02-EVERYTHING-WE-ARE-DELETING.md / lines 158-158,NOT_APPLICABLE
CAN-LAM-AI-056,The final Lamha desktop runtime must not retain or require Distributed worker assumptions.,SUPERSEDED_GENERATED_TEMPLATE,"Generated wrapper asserted behavior or proof without a record-specific actor, trigger, observable result, and failure criterion.",02-EVERYTHING-WE-ARE-DELETING.md / lines 215-215,NOT_APPLICABLE
CAN-LAM-AI-057,The final Lamha desktop runtime must not retain or require Remote worker management.,SUPERSEDED_GENERATED_TEMPLATE,"Generated wrapper asserted behavior or proof without a record-specific actor, trigger, observable result, and failure criterion.",02-EVERYTHING-WE-ARE-DELETING.md / lines 386-386,NOT_APPLICABLE
CAN-LAM-AI-058,The final Lamha desktop runtime must not retain or require AI job state.,SUPERSEDED_GENERATED_TEMPLATE,"Generated wrapper asserted behavior or proof without a record-specific actor, trigger, observable result, and failure criterion.",02-EVERYTHING-WE-ARE-DELETING.md / lines 400-400,NOT_APPLICABLE
CAN-LAM-AI-059,The final Lamha desktop runtime must not retain or require Remote AI result storage.,SUPERSEDED_GENERATED_TEMPLATE,"Generated wrapper asserted behavior or proof without a record-specific actor, trigger, observable result, and failure criterion.",02-EVERYTHING-WE-ARE-DELETING.md / lines 440-440,NOT_APPLICABLE
CAN-LAM-AI-060,The final Lamha desktop runtime must not retain or require Cloud OCR.,SUPERSEDED_GENERATED_TEMPLATE,"Generated wrapper asserted behavior or proof without a record-specific actor, trigger, observable result, and failure criterion.",02-EVERYTHING-WE-ARE-DELETING.md / lines 456-456,NOT_APPLICABLE
CAN-LAM-AI-061,The final Lamha desktop runtime must not retain or require Remote model processing.,SUPERSEDED_GENERATED_TEMPLATE,"Generated wrapper asserted behavior or proof without a record-specific actor, trigger, observable result, and failure criterion.",02-EVERYTHING-WE-ARE-DELETING.md / lines 459-459,NOT_APPLICABLE
CAN-LAM-AI-062,The final Lamha desktop runtime must not retain or require Third-party upload of media for AI.,SUPERSEDED_GENERATED_TEMPLATE,"Generated wrapper asserted behavior or proof without a record-specific actor, trigger, observable result, and failure criterion.",02-EVERYTHING-WE-ARE-DELETING.md / lines 460-460,NOT_APPLICABLE
CAN-LAM-AI-063,The final Lamha desktop runtime must not retain or require Remote worker availability.,SUPERSEDED_GENERATED_TEMPLATE,"Generated wrapper asserted behavior or proof without a record-specific actor, trigger, observable result, and failure criterion.",02-EVERYTHING-WE-ARE-DELETING.md / lines 481-481,NOT_APPLICABLE
CAN-LAM-AI-064,The final Lamha desktop runtime must not retain or require Automatic external model calls.,SUPERSEDED_GENERATED_TEMPLATE,"Generated wrapper asserted behavior or proof without a record-specific actor, trigger, observable result, and failure criterion.",02-EVERYTHING-WE-ARE-DELETING.md / lines 495-495,NOT_APPLICABLE
CAN-LAM-AI-065,The final Lamha desktop runtime must not retain or require Suppression decisions.,SUPERSEDED_GENERATED_TEMPLATE,"Generated wrapper asserted behavior or proof without a record-specific actor, trigger, observable result, and failure criterion.",02-EVERYTHING-WE-ARE-DELETING.md / lines 561-561,NOT_APPLICABLE
CAN-LAM-AI-066,"The final Lamha desktop runtime must not retain or require as defined in File 1, Lamha-normalized managed storage is event-first (Year/YYYY-MM-DDEvent-Name/ or Unknown Date/Unknown-DateEvent-Name/). The only other valid placement classes are Manage Later, Linked Folders, and explicit system-controlled backup/Trash/staging/cache/overlay/export locations. A weaker coding model MUST NEVER create category folders for People, Groups, Relationships, Albums, or Tags or copy authoritative media to simulate categorization.",SUPERSEDED_GENERATED_TEMPLATE,"Generated wrapper asserted behavior or proof without a record-specific actor, trigger, observable result, and failure criterion.",02-EVERYTHING-WE-ARE-DELETING.md / lines 614-614,NOT_APPLICABLE
CAN-LAM-AI-067,The final Lamha desktop runtime must not retain or require Delete behaviour where AI silently.,SUPERSEDED_GENERATED_TEMPLATE,"Generated wrapper asserted behavior or proof without a record-specific actor, trigger, observable result, and failure criterion.",02-EVERYTHING-WE-ARE-DELETING.md / lines 658-658,NOT_APPLICABLE
CAN-LAM-AI-069,"Recorded evidence must demonstrate: Lamha uses per-task state concepts across the SQLite working store and local cache (matching File 1 Section 22.3 and File 3 Section 18.3): task status, model identity, model version, source identity or hash, relevant configuration identity or hash, processing time, and invalidation/staleness state. Phase 1 target-schema mapping selects the exact serialized field names and internal database representation.",SUPERSEDED_GENERATED_TEMPLATE,"Generated wrapper asserted behavior or proof without a record-specific actor, trigger, observable result, and failure criterion.",02-EVERYTHING-WE-ARE-DELETING.md / lines 688-688,NOT_APPLICABLE
CAN-LAM-AI-070,The final Lamha desktop runtime must not retain or require Delete a group identity model based only on editable text.,SUPERSEDED_GENERATED_TEMPLATE,"Generated wrapper asserted behavior or proof without a record-specific actor, trigger, observable result, and failure criterion.",02-EVERYTHING-WE-ARE-DELETING.md / lines 762-762,NOT_APPLICABLE
CAN-LAM-AI-071,The final Lamha desktop runtime must not retain or require Moving files after an AI suggestion.,SUPERSEDED_GENERATED_TEMPLATE,"Generated wrapper asserted behavior or proof without a record-specific actor, trigger, observable result, and failure criterion.",02-EVERYTHING-WE-ARE-DELETING.md / lines 835-835,NOT_APPLICABLE
CAN-LAM-AI-072,Recorded evidence must demonstrate: Deleting database models before mapping retained data.,SUPERSEDED_GENERATED_TEMPLATE,"Generated wrapper asserted behavior or proof without a record-specific actor, trigger, observable result, and failure criterion.",02-EVERYTHING-WE-ARE-DELETING.md / lines 992-992,NOT_APPLICABLE
CAN-LAM-AI-073,The final Lamha desktop runtime must not retain or require Useful AI logic that can be ported.,SUPERSEDED_GENERATED_TEMPLATE,"Generated wrapper asserted behavior or proof without a record-specific actor, trigger, observable result, and failure criterion.",02-EVERYTHING-WE-ARE-DELETING.md / lines 1021-1021,NOT_APPLICABLE
CAN-LAM-AI-074,The final Lamha desktop runtime must not retain or require every worker dependency.,SUPERSEDED_GENERATED_TEMPLATE,"Generated wrapper asserted behavior or proof without a record-specific actor, trigger, observable result, and failure criterion.",02-EVERYTHING-WE-ARE-DELETING.md / lines 1046-1046,NOT_APPLICABLE
CAN-LAM-AI-075,Implementation must honor this constraint: Face-specific inference slice over the Phase 1-selected non-network local worker contract.,SUPERSEDED_GENERATED_TEMPLATE,"Generated wrapper asserted behavior or proof without a record-specific actor, trigger, observable result, and failure criterion.",03-HOW-WE-WILL-KEEP-DELETE-AND-CHANGE.md / lines 1434-1434,NOT_APPLICABLE
CAN-LAM-AI-077,"Implementation must honor this constraint: Shared worker supervision, cancellation, retries, and the Phase 1-selected non-network IPC protocol.",SUPERSEDED_GENERATED_TEMPLATE,"Generated wrapper asserted behavior or proof without a record-specific actor, trigger, observable result, and failure criterion.",03-HOW-WE-WILL-KEEP-DELETE-AND-CHANGE.md / lines 1477-1477,NOT_APPLICABLE
CAN-LAM-AI-078,Implementation must honor this constraint: Exact/similar duplicate candidates and burst grouping.,SUPERSEDED_GENERATED_TEMPLATE,"Generated wrapper asserted behavior or proof without a record-specific actor, trigger, observable result, and failure criterion.",03-HOW-WE-WILL-KEEP-DELETE-AND-CHANGE.md / lines 1480-1480,NOT_APPLICABLE
CAN-LAM-AI-079,Implementation must honor this constraint: Persistent rejection/suppression with controlled reconsideration after explicit user action or material source/model/configuration/candidate/evidence change.,SUPERSEDED_GENERATED_TEMPLATE,"Generated wrapper asserted behavior or proof without a record-specific actor, trigger, observable result, and failure criterion.",03-HOW-WE-WILL-KEEP-DELETE-AND-CHANGE.md / lines 1487-1487,NOT_APPLICABLE
CAN-LAM-AI-080,"Recorded evidence must demonstrate: Gate: Processing resumes safely, skips only valid completed work, respects equivalent rejection despite score drift/routine reruns, creates materially changed candidates only in Review with prior history preserved, and creates no network listener.",SUPERSEDED_GENERATED_TEMPLATE,"Generated wrapper asserted behavior or proof without a record-specific actor, trigger, observable result, and failure criterion.",03-HOW-WE-WILL-KEEP-DELETE-AND-CHANGE.md / lines 1490-1490,NOT_APPLICABLE
CAN-LAM-AI-083,Implementation must honor this constraint: Legal/licence/model/codec/binary inventory.,SUPERSEDED_GENERATED_TEMPLATE,"Generated wrapper asserted behavior or proof without a record-specific actor, trigger, observable result, and failure criterion.",03-HOW-WE-WILL-KEEP-DELETE-AND-CHANGE.md / lines 1556-1556,NOT_APPLICABLE
CAN-LAM-AI-088,Recorded evidence must demonstrate: Local AI works with hardware-aware scheduling.,SUPERSEDED_GENERATED_TEMPLATE,"Generated wrapper asserted behavior or proof without a record-specific actor, trigger, observable result, and failure criterion.",03-HOW-WE-WILL-KEEP-DELETE-AND-CHANGE.md / lines 1908-1908,NOT_APPLICABLE
CAN-LAM-AI-089,Recorded evidence must demonstrate: AI state is task-specific.,SUPERSEDED_GENERATED_TEMPLATE,"Generated wrapper asserted behavior or proof without a record-specific actor, trigger, observable result, and failure criterion.",03-HOW-WE-WILL-KEEP-DELETE-AND-CHANGE.md / lines 1909-1909,NOT_APPLICABLE
CAN-LAM-ARCH-003,Implementation must honor this constraint: Graphify must map every item in this file to the current codebase or explicitly record that the capability does not yet exist and must be created.,SUPERSEDED_GENERATED_TEMPLATE,"Generated wrapper asserted behavior or proof without a record-specific actor, trigger, observable result, and failure criterion.",01-EVERYTHING-WE-ARE-KEEPING.md / lines 12-12,NOT_APPLICABLE
CAN-LAM-ARCH-004,"Implementation must honor this constraint: MUST, MUST NOT, REQUIRED, and invariant-table entries are binding.",SUPERSEDED_GENERATED_TEMPLATE,"Generated wrapper asserted behavior or proof without a record-specific actor, trigger, observable result, and failure criterion.",01-EVERYTHING-WE-ARE-KEEPING.md / lines 16-16,NOT_APPLICABLE
CAN-LAM-ARCH-006,"Recorded evidence must demonstrate: MAY and “optional” describe permitted behaviour, not a completion requirement.",SUPERSEDED_GENERATED_TEMPLATE,"Generated wrapper asserted behavior or proof without a record-specific actor, trigger, observable result, and failure criterion.",01-EVERYTHING-WE-ARE-KEEPING.md / lines 18-18,NOT_APPLICABLE
CAN-LAM-ARCH-022,Lamha must provide Later embedded changes create a conflict item; they do not rewrite the snapshot.,SUPERSEDED_GENERATED_TEMPLATE,"Generated wrapper asserted behavior or proof without a record-specific actor, trigger, observable result, and failure criterion.",01-EVERYTHING-WE-ARE-KEEPING.md / lines 131-131,NOT_APPLICABLE
CAN-LAM-ARCH-059,Lamha must provide A missing/detached sidecar is a degraded state requiring repair or Review.,SUPERSEDED_GENERATED_TEMPLATE,"Generated wrapper asserted behavior or proof without a record-specific actor, trigger, observable result, and failure criterion.",01-EVERYTHING-WE-ARE-KEEPING.md / lines 632-632,NOT_APPLICABLE
CAN-LAM-ARCH-117,Lamha must provide Store departure status such as bad terms.,SUPERSEDED_GENERATED_TEMPLATE,"Generated wrapper asserted behavior or proof without a record-specific actor, trigger, observable result, and failure criterion.",01-EVERYTHING-WE-ARE-KEEPING.md / lines 954-954,NOT_APPLICABLE
CAN-LAM-ARCH-118,Lamha must provide Be renamed without changing their permanent ID.,SUPERSEDED_GENERATED_TEMPLATE,"Generated wrapper asserted behavior or proof without a record-specific actor, trigger, observable result, and failure criterion.",01-EVERYTHING-WE-ARE-KEEPING.md / lines 955-955,NOT_APPLICABLE
CAN-LAM-ARCH-124,The final Lamha desktop runtime must not retain or require The user’s own root node is the required exception.,SUPERSEDED_GENERATED_TEMPLATE,"Generated wrapper asserted behavior or proof without a record-specific actor, trigger, observable result, and failure criterion.",01-EVERYTHING-WE-ARE-KEEPING.md / lines 1003-1003,NOT_APPLICABLE
CAN-LAM-ARCH-166,"Lamha must preserve this invariant: Deterministic derived/inherited labels use Active, Suppressed, or Stale and expose their authoritative source.",SUPERSEDED_GENERATED_TEMPLATE,"Generated wrapper asserted behavior or proof without a record-specific actor, trigger, observable result, and failure criterion.",01-EVERYTHING-WE-ARE-KEEPING.md / lines 1253-1253,NOT_APPLICABLE
CAN-LAM-ARCH-167,"Lamha must provide They do not require a second approval after their source fact is approved, and they never masquerade as explicit user-created tags.",SUPERSEDED_GENERATED_TEMPLATE,"Generated wrapper asserted behavior or proof without a record-specific actor, trigger, observable result, and failure criterion.",01-EVERYTHING-WE-ARE-KEEPING.md / lines 1253-1253,NOT_APPLICABLE
CAN-LAM-ARCH-174,Lamha must provide Approved tags remain user-controlled while preserving their original source internally.,SUPERSEDED_GENERATED_TEMPLATE,"Generated wrapper asserted behavior or proof without a record-specific actor, trigger, observable result, and failure criterion.",01-EVERYTHING-WE-ARE-KEEPING.md / lines 1266-1266,NOT_APPLICABLE
CAN-LAM-ARCH-175,Lamha must provide Projection is user-defined or an explicitly approved built-in rule and is never guessed from a label.,SUPERSEDED_GENERATED_TEMPLATE,"Generated wrapper asserted behavior or proof without a record-specific actor, trigger, observable result, and failure criterion.",01-EVERYTHING-WE-ARE-KEEPING.md / lines 1300-1300,NOT_APPLICABLE
CAN-LAM-ARCH-176,Implementation must honor this constraint: Role / Field; Canonical Tag / Field; Authoritative Definition & Meaning; Execution Guardrail.,SUPERSEDED_GENERATED_TEMPLATE,"Generated wrapper asserted behavior or proof without a record-specific actor, trigger, observable result, and failure criterion.",01-EVERYTHING-WE-ARE-KEEPING.md / lines 1332-1332,NOT_APPLICABLE
CAN-LAM-ARCH-182,Implementation must honor this constraint: Use sequence numbering for collisions.,SUPERSEDED_GENERATED_TEMPLATE,"Generated wrapper asserted behavior or proof without a record-specific actor, trigger, observable result, and failure criterion.",01-EVERYTHING-WE-ARE-KEEPING.md / lines 1398-1398,NOT_APPLICABLE
CAN-LAM-ARCH-223,"Lamha must provide Task status, covering not started, queued, processing, completed, failed, cancelled, and invalidated lifecycle states.",SUPERSEDED_GENERATED_TEMPLATE,"Generated wrapper asserted behavior or proof without a record-specific actor, trigger, observable result, and failure criterion.",01-EVERYTHING-WE-ARE-KEEPING.md / lines 1667-1667,NOT_APPLICABLE
CAN-LAM-ARCH-226,Recorded evidence must demonstrate: Processing/completion time.,SUPERSEDED_GENERATED_TEMPLATE,"Generated wrapper asserted behavior or proof without a record-specific actor, trigger, observable result, and failure criterion.",01-EVERYTHING-WE-ARE-KEEPING.md / lines 1672-1672,NOT_APPLICABLE
CAN-LAM-ARCH-227,"Recorded evidence must demonstrate: Invalidation or staleness state, distinguishing current, stale-reference, and rerun-required conditions.",SUPERSEDED_GENERATED_TEMPLATE,"Generated wrapper asserted behavior or proof without a record-specific actor, trigger, observable result, and failure criterion.",01-EVERYTHING-WE-ARE-KEEPING.md / lines 1673-1673,NOT_APPLICABLE
CAN-LAM-ARCH-268,Implementation must honor this constraint: Never overwrite source automatically.,SUPERSEDED_GENERATED_TEMPLATE,"Generated wrapper asserted behavior or proof without a record-specific actor, trigger, observable result, and failure criterion.",01-EVERYTHING-WE-ARE-KEEPING.md / lines 1799-1799,NOT_APPLICABLE
CAN-LAM-ARCH-308,Lamha must provide Permanent deletion disabled unless enabled in Settings.,SUPERSEDED_GENERATED_TEMPLATE,"Generated wrapper asserted behavior or proof without a record-specific actor, trigger, observable result, and failure criterion.",01-EVERYTHING-WE-ARE-KEEPING.md / lines 2042-2042,NOT_APPLICABLE
CAN-LAM-ARCH-321,The final Lamha desktop runtime must not retain or require Review feedback.,SUPERSEDED_GENERATED_TEMPLATE,"Generated wrapper asserted behavior or proof without a record-specific actor, trigger, observable result, and failure criterion.",01-EVERYTHING-WE-ARE-KEEPING.md / lines 2118-2118,NOT_APPLICABLE
CAN-LAM-ARCH-322,The final Lamha desktop runtime must not retain or require Responsive desktop sizing.,SUPERSEDED_GENERATED_TEMPLATE,"Generated wrapper asserted behavior or proof without a record-specific actor, trigger, observable result, and failure criterion.",01-EVERYTHING-WE-ARE-KEEPING.md / lines 2120-2120,NOT_APPLICABLE
CAN-LAM-ARCH-323,The final Lamha desktop runtime must not retain or require Selection toolbar.,SUPERSEDED_GENERATED_TEMPLATE,"Generated wrapper asserted behavior or proof without a record-specific actor, trigger, observable result, and failure criterion.",01-EVERYTHING-WE-ARE-KEEPING.md / lines 2122-2122,NOT_APPLICABLE
CAN-LAM-ARCH-324,The final Lamha desktop runtime must not retain or require Bulk actions.,SUPERSEDED_GENERATED_TEMPLATE,"Generated wrapper asserted behavior or proof without a record-specific actor, trigger, observable result, and failure criterion.",01-EVERYTHING-WE-ARE-KEEPING.md / lines 2123-2123,NOT_APPLICABLE
CAN-LAM-ARCH-327,The final Lamha desktop runtime must not retain or require Pause and resume.,SUPERSEDED_GENERATED_TEMPLATE,"Generated wrapper asserted behavior or proof without a record-specific actor, trigger, observable result, and failure criterion.",01-EVERYTHING-WE-ARE-KEEPING.md / lines 2126-2126,NOT_APPLICABLE
CAN-LAM-ARCH-328,The final Lamha desktop runtime must not retain or require Clear offline status.,SUPERSEDED_GENERATED_TEMPLATE,"Generated wrapper asserted behavior or proof without a record-specific actor, trigger, observable result, and failure criterion.",01-EVERYTHING-WE-ARE-KEEPING.md / lines 2127-2127,NOT_APPLICABLE
CAN-LAM-ARCH-329,The final Lamha desktop runtime must not retain or require Clear read-only status.,SUPERSEDED_GENERATED_TEMPLATE,"Generated wrapper asserted behavior or proof without a record-specific actor, trigger, observable result, and failure criterion.",01-EVERYTHING-WE-ARE-KEEPING.md / lines 2128-2128,NOT_APPLICABLE
CAN-LAM-ARCH-334,"Implementation must honor this constraint: The final application must not require a Node/SvelteKit server runtime, server-side routes, SSR endpoints, or browser-to-HTTP data loading.",SUPERSEDED_GENERATED_TEMPLATE,"Generated wrapper asserted behavior or proof without a record-specific actor, trigger, observable result, and failure criterion.",01-EVERYTHING-WE-ARE-KEEPING.md / lines 2163-2163,NOT_APPLICABLE
CAN-LAM-ARCH-336,"Lamha must provide It does not silently enable network use, and it does not prohibit a separately disclosed, user-enabled outbound client for an optional feature such as map tiles.",SUPERSEDED_GENERATED_TEMPLATE,"Generated wrapper asserted behavior or proof without a record-specific actor, trigger, observable result, and failure criterion.",01-EVERYTHING-WE-ARE-KEEPING.md / lines 2165-2165,NOT_APPLICABLE
CAN-LAM-ARCH-337,Implementation must honor this constraint: Optional outbound clients must never become required for core behaviour or expose a listener.,SUPERSEDED_GENERATED_TEMPLATE,"Generated wrapper asserted behavior or proof without a record-specific actor, trigger, observable result, and failure criterion.",01-EVERYTHING-WE-ARE-KEEPING.md / lines 2165-2165,NOT_APPLICABLE
CAN-LAM-ARCH-348,Implementation must honor this constraint: The app must remain usable while background work runs.,SUPERSEDED_GENERATED_TEMPLATE,"Generated wrapper asserted behavior or proof without a record-specific actor, trigger, observable result, and failure criterion.",01-EVERYTHING-WE-ARE-KEEPING.md / lines 2219-2219,NOT_APPLICABLE
CAN-LAM-ARCH-362,The final Lamha desktop runtime must not retain or require Its intended user behaviour exists in Lamha.,SUPERSEDED_GENERATED_TEMPLATE,"Generated wrapper asserted behavior or proof without a record-specific actor, trigger, observable result, and failure criterion.",01-EVERYTHING-WE-ARE-KEEPING.md / lines 2274-2274,NOT_APPLICABLE
CAN-LAM-ARCH-369,Implementation must honor this constraint: Keep compatibility while migration continues.,SUPERSEDED_GENERATED_TEMPLATE,"Generated wrapper asserted behavior or proof without a record-specific actor, trigger, observable result, and failure criterion.",03-HOW-WE-WILL-KEEP-DELETE-AND-CHANGE.md / lines 1371-1371,NOT_APPLICABLE
CAN-LAM-ARCH-371,Implementation must honor this constraint: Create only the capabilities and commands mapped to this phase.,SUPERSEDED_GENERATED_TEMPLATE,"Generated wrapper asserted behavior or proof without a record-specific actor, trigger, observable result, and failure criterion.",03-HOW-WE-WILL-KEEP-DELETE-AND-CHANGE.md / lines 1379-1379,NOT_APPLICABLE
CAN-LAM-ARCH-372,Implementation must honor this constraint: Add local settings and root selection.,SUPERSEDED_GENERATED_TEMPLATE,"Generated wrapper asserted behavior or proof without a record-specific actor, trigger, observable result, and failure criterion.",03-HOW-WE-WILL-KEEP-DELETE-AND-CHANGE.md / lines 1380-1380,NOT_APPLICABLE
CAN-LAM-ARCH-377,Implementation must honor this constraint: Offline coordinate/map browsing without required tiles.,SUPERSEDED_GENERATED_TEMPLATE,"Generated wrapper asserted behavior or proof without a record-specific actor, trigger, observable result, and failure criterion.",03-HOW-WE-WILL-KEEP-DELETE-AND-CHANGE.md / lines 1410-1410,NOT_APPLICABLE
CAN-LAM-ARCH-378,Implementation must honor this constraint: Generic Review Centre shell for conflicts and non-AI queues.,SUPERSEDED_GENERATED_TEMPLATE,"Generated wrapper asserted behavior or proof without a record-specific actor, trigger, observable result, and failure criterion.",03-HOW-WE-WILL-KEEP-DELETE-AND-CHANGE.md / lines 1412-1412,NOT_APPLICABLE
CAN-LAM-ARCH-379,Implementation must honor this constraint: Tauri commands replacing REST.,SUPERSEDED_GENERATED_TEMPLATE,"Generated wrapper asserted behavior or proof without a record-specific actor, trigger, observable result, and failure criterion.",03-HOW-WE-WILL-KEEP-DELETE-AND-CHANGE.md / lines 1413-1413,NOT_APPLICABLE
CAN-LAM-ARCH-388,Implementation must honor this constraint: Effective-dated active/former edge changes with notes and history.,SUPERSEDED_GENERATED_TEMPLATE,"Generated wrapper asserted behavior or proof without a record-specific actor, trigger, observable result, and failure criterion.",03-HOW-WE-WILL-KEEP-DELETE-AND-CHANGE.md / lines 1452-1452,NOT_APPLICABLE
CAN-LAM-ARCH-389,Implementation must honor this constraint: Visible versus attendee distinction.,SUPERSEDED_GENERATED_TEMPLATE,"Generated wrapper asserted behavior or proof without a record-specific actor, trigger, observable result, and failure criterion.",03-HOW-WE-WILL-KEEP-DELETE-AND-CHANGE.md / lines 1455-1455,NOT_APPLICABLE
CAN-LAM-ARCH-397,Recorded evidence must demonstrate: Targeted invalidation.,SUPERSEDED_GENERATED_TEMPLATE,"Generated wrapper asserted behavior or proof without a record-specific actor, trigger, observable result, and failure criterion.",03-HOW-WE-WILL-KEEP-DELETE-AND-CHANGE.md / lines 1486-1486,NOT_APPLICABLE
CAN-LAM-ARCH-410,Implementation must honor this constraint: Complete retained-feature integration matrix.,SUPERSEDED_GENERATED_TEMPLATE,"Generated wrapper asserted behavior or proof without a record-specific actor, trigger, observable result, and failure criterion.",03-HOW-WE-WILL-KEEP-DELETE-AND-CHANGE.md / lines 1547-1547,NOT_APPLICABLE
CAN-LAM-ARCH-411,Recorded evidence must demonstrate: Preserve the signed Phase 15 graph/report hash as pre-removal evidence.,SUPERSEDED_GENERATED_TEMPLATE,"Generated wrapper asserted behavior or proof without a record-specific actor, trigger, observable result, and failure criterion.",03-HOW-WE-WILL-KEEP-DELETE-AND-CHANGE.md / lines 1572-1572,NOT_APPLICABLE
CAN-LAM-ARCH-414,Recorded evidence must demonstrate: Pre-existing failures may remain only when.,SUPERSEDED_GENERATED_TEMPLATE,"Generated wrapper asserted behavior or proof without a record-specific actor, trigger, observable result, and failure criterion.",03-HOW-WE-WILL-KEEP-DELETE-AND-CHANGE.md / lines 1603-1603,NOT_APPLICABLE
CAN-LAM-ARCH-419,Recorded evidence must demonstrate: No upload is required.,SUPERSEDED_GENERATED_TEMPLATE,"Generated wrapper asserted behavior or proof without a record-specific actor, trigger, observable result, and failure criterion.",03-HOW-WE-WILL-KEEP-DELETE-AND-CHANGE.md / lines 1675-1675,NOT_APPLICABLE
CAN-LAM-ARCH-420,Recorded evidence must demonstrate: No server listener starts.,SUPERSEDED_GENERATED_TEMPLATE,"Generated wrapper asserted behavior or proof without a record-specific actor, trigger, observable result, and failure criterion.",03-HOW-WE-WILL-KEEP-DELETE-AND-CHANGE.md / lines 1676-1676,NOT_APPLICABLE
CAN-LAM-ARCH-421,Recorded evidence must demonstrate: No file outside selected roots is modified without selection.,SUPERSEDED_GENERATED_TEMPLATE,"Generated wrapper asserted behavior or proof without a record-specific actor, trigger, observable result, and failure criterion.",03-HOW-WE-WILL-KEEP-DELETE-AND-CHANGE.md / lines 1677-1677,NOT_APPLICABLE
CAN-LAM-ARCH-422,Recorded evidence must demonstrate: Interrupted operations recover.,SUPERSEDED_GENERATED_TEMPLATE,"Generated wrapper asserted behavior or proof without a record-specific actor, trigger, observable result, and failure criterion.",03-HOW-WE-WILL-KEEP-DELETE-AND-CHANGE.md / lines 1679-1679,NOT_APPLICABLE
CAN-LAM-ARCH-423,Recorded evidence must demonstrate: Rejected suggestions stay rejected.,SUPERSEDED_GENERATED_TEMPLATE,"Generated wrapper asserted behavior or proof without a record-specific actor, trigger, observable result, and failure criterion.",03-HOW-WE-WILL-KEEP-DELETE-AND-CHANGE.md / lines 1681-1681,NOT_APPLICABLE
CAN-LAM-ARCH-445,Recorded evidence must demonstrate: For implementation statuses use the defined status system.,SUPERSEDED_GENERATED_TEMPLATE,"Generated wrapper asserted behavior or proof without a record-specific actor, trigger, observable result, and failure criterion.",03-HOW-WE-WILL-KEEP-DELETE-AND-CHANGE.md / lines 1807-1807,NOT_APPLICABLE
CAN-LAM-ARCH-458,Implementation must honor this constraint: Final planning status must be exactly one of: PLANNING COMPLETE — READY FOR IMPLEMENTATION.,SUPERSEDED_GENERATED_TEMPLATE,"Generated wrapper asserted behavior or proof without a record-specific actor, trigger, observable result, and failure criterion.",03-HOW-WE-WILL-KEEP-DELETE-AND-CHANGE.md / lines 1839-1843,NOT_APPLICABLE
CAN-LAM-ARCH-459,Recorded evidence must demonstrate: Planning is complete only when.,SUPERSEDED_GENERATED_TEMPLATE,"Generated wrapper asserted behavior or proof without a record-specific actor, trigger, observable result, and failure criterion.",03-HOW-WE-WILL-KEEP-DELETE-AND-CHANGE.md / lines 1855-1855,NOT_APPLICABLE
CAN-LAM-ARCH-460,Recorded evidence must demonstrate: Repository roots are resolved.,SUPERSEDED_GENERATED_TEMPLATE,"Generated wrapper asserted behavior or proof without a record-specific actor, trigger, observable result, and failure criterion.",03-HOW-WE-WILL-KEEP-DELETE-AND-CHANGE.md / lines 1857-1857,NOT_APPLICABLE
CAN-LAM-ARCH-461,Recorded evidence must demonstrate: Meaningful code is inventoried.,SUPERSEDED_GENERATED_TEMPLATE,"Generated wrapper asserted behavior or proof without a record-specific actor, trigger, observable result, and failure criterion.",03-HOW-WE-WILL-KEEP-DELETE-AND-CHANGE.md / lines 1858-1858,NOT_APPLICABLE
CAN-LAM-ARCH-462,Recorded evidence must demonstrate: Architecture is mapped.,SUPERSEDED_GENERATED_TEMPLATE,"Generated wrapper asserted behavior or proof without a record-specific actor, trigger, observable result, and failure criterion.",03-HOW-WE-WILL-KEEP-DELETE-AND-CHANGE.md / lines 1859-1859,NOT_APPLICABLE
CAN-LAM-ARCH-463,Recorded evidence must demonstrate: Features are mapped.,SUPERSEDED_GENERATED_TEMPLATE,"Generated wrapper asserted behavior or proof without a record-specific actor, trigger, observable result, and failure criterion.",03-HOW-WE-WILL-KEEP-DELETE-AND-CHANGE.md / lines 1860-1860,NOT_APPLICABLE
CAN-LAM-ARCH-464,Recorded evidence must demonstrate: Dependencies are mapped.,SUPERSEDED_GENERATED_TEMPLATE,"Generated wrapper asserted behavior or proof without a record-specific actor, trigger, observable result, and failure criterion.",03-HOW-WE-WILL-KEEP-DELETE-AND-CHANGE.md / lines 1861-1861,NOT_APPLICABLE
CAN-LAM-ARCH-465,Recorded evidence must demonstrate: ML is mapped.,SUPERSEDED_GENERATED_TEMPLATE,"Generated wrapper asserted behavior or proof without a record-specific actor, trigger, observable result, and failure criterion.",03-HOW-WE-WILL-KEEP-DELETE-AND-CHANGE.md / lines 1862-1862,NOT_APPLICABLE
CAN-LAM-ARCH-466,Recorded evidence must demonstrate: Storage is mapped.,SUPERSEDED_GENERATED_TEMPLATE,"Generated wrapper asserted behavior or proof without a record-specific actor, trigger, observable result, and failure criterion.",03-HOW-WE-WILL-KEEP-DELETE-AND-CHANGE.md / lines 1863-1863,NOT_APPLICABLE
CAN-LAM-ARCH-467,Recorded evidence must demonstrate: Every requirement has an ID.,SUPERSEDED_GENERATED_TEMPLATE,"Generated wrapper asserted behavior or proof without a record-specific actor, trigger, observable result, and failure criterion.",03-HOW-WE-WILL-KEEP-DELETE-AND-CHANGE.md / lines 1864-1864,NOT_APPLICABLE
CAN-LAM-ARCH-468,Recorded evidence must demonstrate: Every requirement maps to code or confirmed absence.,SUPERSEDED_GENERATED_TEMPLATE,"Generated wrapper asserted behavior or proof without a record-specific actor, trigger, observable result, and failure criterion.",03-HOW-WE-WILL-KEEP-DELETE-AND-CHANGE.md / lines 1865-1865,NOT_APPLICABLE
CAN-LAM-ARCH-469,Recorded evidence must demonstrate: Every requirement has a target location.,SUPERSEDED_GENERATED_TEMPLATE,"Generated wrapper asserted behavior or proof without a record-specific actor, trigger, observable result, and failure criterion.",03-HOW-WE-WILL-KEEP-DELETE-AND-CHANGE.md / lines 1866-1866,NOT_APPLICABLE
CAN-LAM-ARCH-470,Recorded evidence must demonstrate: Every current feature is classified.,SUPERSEDED_GENERATED_TEMPLATE,"Generated wrapper asserted behavior or proof without a record-specific actor, trigger, observable result, and failure criterion.",03-HOW-WE-WILL-KEEP-DELETE-AND-CHANGE.md / lines 1868-1868,NOT_APPLICABLE
CAN-LAM-ARCH-471,Recorded evidence must demonstrate: Every removal has prerequisites.,SUPERSEDED_GENERATED_TEMPLATE,"Generated wrapper asserted behavior or proof without a record-specific actor, trigger, observable result, and failure criterion.",03-HOW-WE-WILL-KEEP-DELETE-AND-CHANGE.md / lines 1869-1869,NOT_APPLICABLE
CAN-LAM-ARCH-472,Recorded evidence must demonstrate: Baseline commands are recorded.,SUPERSEDED_GENERATED_TEMPLATE,"Generated wrapper asserted behavior or proof without a record-specific actor, trigger, observable result, and failure criterion.",03-HOW-WE-WILL-KEEP-DELETE-AND-CHANGE.md / lines 1871-1871,NOT_APPLICABLE
CAN-LAM-ARCH-473,Recorded evidence must demonstrate: Top-down and bottom-up audits agree.,SUPERSEDED_GENERATED_TEMPLATE,"Generated wrapper asserted behavior or proof without a record-specific actor, trigger, observable result, and failure criterion.",03-HOW-WE-WILL-KEEP-DELETE-AND-CHANGE.md / lines 1873-1873,NOT_APPLICABLE
CAN-LAM-ARCH-474,Recorded evidence must demonstrate: Locked unmapped requirements equal zero.,SUPERSEDED_GENERATED_TEMPLATE,"Generated wrapper asserted behavior or proof without a record-specific actor, trigger, observable result, and failure criterion.",03-HOW-WE-WILL-KEEP-DELETE-AND-CHANGE.md / lines 1874-1874,NOT_APPLICABLE
CAN-LAM-ARCH-475,Recorded evidence must demonstrate: Significant unknown code areas equal zero.,SUPERSEDED_GENERATED_TEMPLATE,"Generated wrapper asserted behavior or proof without a record-specific actor, trigger, observable result, and failure criterion.",03-HOW-WE-WILL-KEEP-DELETE-AND-CHANGE.md / lines 1875-1875,NOT_APPLICABLE
CAN-LAM-ARCH-476,Recorded evidence must demonstrate: Final handoff is complete.,SUPERSEDED_GENERATED_TEMPLATE,"Generated wrapper asserted behavior or proof without a record-specific actor, trigger, observable result, and failure criterion.",03-HOW-WE-WILL-KEEP-DELETE-AND-CHANGE.md / lines 1876-1876,NOT_APPLICABLE
CAN-LAM-ARCH-477,Recorded evidence must demonstrate: Lamha is complete only when.,SUPERSEDED_GENERATED_TEMPLATE,"Generated wrapper asserted behavior or proof without a record-specific actor, trigger, observable result, and failure criterion.",03-HOW-WE-WILL-KEEP-DELETE-AND-CHANGE.md / lines 1882-1882,NOT_APPLICABLE
CAN-LAM-ARCH-478,"Recorded evidence must demonstrate: Desktop app runs on Windows, macOS, and Linux.",SUPERSEDED_GENERATED_TEMPLATE,"Generated wrapper asserted behavior or proof without a record-specific actor, trigger, observable result, and failure criterion.",03-HOW-WE-WILL-KEEP-DELETE-AND-CHANGE.md / lines 1886-1886,NOT_APPLICABLE
CAN-LAM-ARCH-479,Recorded evidence must demonstrate: No Docker is required.,SUPERSEDED_GENERATED_TEMPLATE,"Generated wrapper asserted behavior or proof without a record-specific actor, trigger, observable result, and failure criterion.",03-HOW-WE-WILL-KEEP-DELETE-AND-CHANGE.md / lines 1887-1887,NOT_APPLICABLE
CAN-LAM-ARCH-480,Recorded evidence must demonstrate: No PostgreSQL server is required.,SUPERSEDED_GENERATED_TEMPLATE,"Generated wrapper asserted behavior or proof without a record-specific actor, trigger, observable result, and failure criterion.",03-HOW-WE-WILL-KEEP-DELETE-AND-CHANGE.md / lines 1888-1888,NOT_APPLICABLE
CAN-LAM-ARCH-481,Recorded evidence must demonstrate: No Redis is required.,SUPERSEDED_GENERATED_TEMPLATE,"Generated wrapper asserted behavior or proof without a record-specific actor, trigger, observable result, and failure criterion.",03-HOW-WE-WILL-KEEP-DELETE-AND-CHANGE.md / lines 1889-1889,NOT_APPLICABLE
CAN-LAM-ARCH-482,Recorded evidence must demonstrate: No account is required.,SUPERSEDED_GENERATED_TEMPLATE,"Generated wrapper asserted behavior or proof without a record-specific actor, trigger, observable result, and failure criterion.",03-HOW-WE-WILL-KEEP-DELETE-AND-CHANGE.md / lines 1890-1890,NOT_APPLICABLE
CAN-LAM-ARCH-483,Recorded evidence must demonstrate: No cloud is required.,SUPERSEDED_GENERATED_TEMPLATE,"Generated wrapper asserted behavior or proof without a record-specific actor, trigger, observable result, and failure criterion.",03-HOW-WE-WILL-KEEP-DELETE-AND-CHANGE.md / lines 1891-1891,NOT_APPLICABLE
CAN-LAM-ARCH-484,Recorded evidence must demonstrate: No remote server is required.,SUPERSEDED_GENERATED_TEMPLATE,"Generated wrapper asserted behavior or proof without a record-specific actor, trigger, observable result, and failure criterion.",03-HOW-WE-WILL-KEEP-DELETE-AND-CHANGE.md / lines 1892-1892,NOT_APPLICABLE
CAN-LAM-ARCH-485,Recorded evidence must demonstrate: Local and external libraries work.,SUPERSEDED_GENERATED_TEMPLATE,"Generated wrapper asserted behavior or proof without a record-specific actor, trigger, observable result, and failure criterion.",03-HOW-WE-WILL-KEEP-DELETE-AND-CHANGE.md / lines 1893-1893,NOT_APPLICABLE
CAN-LAM-ARCH-486,Recorded evidence must demonstrate: Merge/link/split work.,SUPERSEDED_GENERATED_TEMPLATE,"Generated wrapper asserted behavior or proof without a record-specific actor, trigger, observable result, and failure criterion.",03-HOW-WE-WILL-KEEP-DELETE-AND-CHANGE.md / lines 1896-1896,NOT_APPLICABLE
CAN-LAM-ARCH-487,Recorded evidence must demonstrate: Stable IDs and canonical names work.,SUPERSEDED_GENERATED_TEMPLATE,"Generated wrapper asserted behavior or proof without a record-specific actor, trigger, observable result, and failure criterion.",03-HOW-WE-WILL-KEEP-DELETE-AND-CHANGE.md / lines 1904-1904,NOT_APPLICABLE
CAN-LAM-ARCH-488,Recorded evidence must demonstrate: Historical membership works.,SUPERSEDED_GENERATED_TEMPLATE,"Generated wrapper asserted behavior or proof without a record-specific actor, trigger, observable result, and failure criterion.",03-HOW-WE-WILL-KEEP-DELETE-AND-CHANGE.md / lines 1905-1905,NOT_APPLICABLE
CAN-LAM-ARCH-489,Recorded evidence must demonstrate: Both mind maps work.,SUPERSEDED_GENERATED_TEMPLATE,"Generated wrapper asserted behavior or proof without a record-specific actor, trigger, observable result, and failure criterion.",03-HOW-WE-WILL-KEEP-DELETE-AND-CHANGE.md / lines 1906-1906,NOT_APPLICABLE
CAN-LAM-ARCH-490,Recorded evidence must demonstrate: Review-first tags work.,SUPERSEDED_GENERATED_TEMPLATE,"Generated wrapper asserted behavior or proof without a record-specific actor, trigger, observable result, and failure criterion.",03-HOW-WE-WILL-KEEP-DELETE-AND-CHANGE.md / lines 1910-1910,NOT_APPLICABLE
CAN-LAM-ARCH-491,Recorded evidence must demonstrate: Review Centre works.,SUPERSEDED_GENERATED_TEMPLATE,"Generated wrapper asserted behavior or proof without a record-specific actor, trigger, observable result, and failure criterion.",03-HOW-WE-WILL-KEEP-DELETE-AND-CHANGE.md / lines 1912-1912,NOT_APPLICABLE
CAN-LAM-ARCH-492,Recorded evidence must demonstrate: Clean-machine packages pass.,SUPERSEDED_GENERATED_TEMPLATE,"Generated wrapper asserted behavior or proof without a record-specific actor, trigger, observable result, and failure criterion.",03-HOW-WE-WILL-KEEP-DELETE-AND-CHANGE.md / lines 1917-1917,NOT_APPLICABLE
CAN-LAM-ARCH-494,Implementation must honor this constraint: Work one bounded phase or batch at a time.,SUPERSEDED_GENERATED_TEMPLATE,"Generated wrapper asserted behavior or proof without a record-specific actor, trigger, observable result, and failure criterion.",03-HOW-WE-WILL-KEEP-DELETE-AND-CHANGE.md / lines 1930-1930,NOT_APPLICABLE
CAN-LAM-ARCH-501,Implementation must honor this constraint: Never modify files assigned to Phase N+1 while executing Phase N.,SUPERSEDED_GENERATED_TEMPLATE,"Generated wrapper asserted behavior or proof without a record-specific actor, trigger, observable result, and failure criterion.",03-HOW-WE-WILL-KEEP-DELETE-AND-CHANGE.md / lines 1943-1943,NOT_APPLICABLE
CAN-LAM-ASSET-001,"Lamha must provide Managed Asset (LAM-ASSET-001): A photo or video file located inside an approved Library Root whose metadata, relationships, and AI processing state are actively tracked by Lamha via co-located sidecars and embedded SQLite indexing.",SUPERSEDED_GENERATED_TEMPLATE,"Generated wrapper asserted behavior or proof without a record-specific actor, trigger, observable result, and failure criterion.",01-EVERYTHING-WE-ARE-KEEPING.md / lines 59-59,NOT_APPLICABLE
CAN-LAM-ASSET-003,"Lamha must provide Companion Set (LAM-ASSET-003): Two or more distinct managed asset bundles linked by stable UUIDs because they form one capture experience, such as a Live Photo still+video or RAW+JPEG pair. Each media container keeps its own UUID and two sidecars; a companion set is never implemented by one sidecar ambiguously owning multiple media files.",SUPERSEDED_GENERATED_TEMPLATE,"Generated wrapper asserted behavior or proof without a record-specific actor, trigger, observable result, and failure criterion.",01-EVERYTHING-WE-ARE-KEEPING.md / lines 82-82,NOT_APPLICABLE
CAN-LAM-ASSET-005,"Lamha must provide Co-located Sidecar: A metadata file stored in the exact same physical directory as its primary media container, sharing the exact same base filename with an added extension (.asset.json or .xmp).",SUPERSEDED_GENERATED_TEMPLATE,"Generated wrapper asserted behavior or proof without a record-specific actor, trigger, observable result, and failure criterion.",01-EVERYTHING-WE-ARE-KEEPING.md / lines 62-62,NOT_APPLICABLE
CAN-LAM-ASSET-006,"Lamha must preserve this invariant: Authoritative Metadata: Versioned transparent JSON stored in the correct domain record: .asset.json for asset facts, the canonical event.json for event facts, person.json for person facts, group.json for group facts, relationship.json for relationship edges, and map/tag/album/operation JSON for their own domains.",SUPERSEDED_GENERATED_TEMPLATE,"Generated wrapper asserted behavior or proof without a record-specific actor, trigger, observable result, and failure criterion.",01-EVERYTHING-WE-ARE-KEEPING.md / lines 63-63,NOT_APPLICABLE
CAN-LAM-ASSET-007,"Lamha must provide Temporal Membership Interval: An explicit start and end date defining when a person belonged to a group (e.g., college roommate years), ensuring historical photos retain accurate contextual grouping.",SUPERSEDED_GENERATED_TEMPLATE,"Generated wrapper asserted behavior or proof without a record-specific actor, trigger, observable result, and failure criterion.",01-EVERYTHING-WE-ARE-KEEPING.md / lines 72-72,NOT_APPLICABLE
CAN-LAM-ASSET-008,"Lamha must preserve this invariant: Filesystem path and filename; OS Filesystem; Asset JSON current-location concept; SQLite index; Filesystem rules. If a file moves on disk, update authoritative metadata mirrors and the derived index.",SUPERSEDED_GENERATED_TEMPLATE,"Generated wrapper asserted behavior or proof without a record-specific actor, trigger, observable result, and failure criterion.",01-EVERYTHING-WE-ARE-KEEPING.md / lines 127-127,NOT_APPLICABLE
CAN-LAM-ASSET-009,Lamha must provide Stable asset UUID; Asset JSON; XMP unique-ID field where compatible; SQLite index; Immutable once generated by the desktop core at ingestion.,SUPERSEDED_GENERATED_TEMPLATE,"Generated wrapper asserted behavior or proof without a record-specific actor, trigger, observable result, and failure criterion.",01-EVERYTHING-WE-ARE-KEEPING.md / lines 128-128,NOT_APPLICABLE
CAN-LAM-ASSET-010,Lamha must provide Original filename; Asset JSON; None; SQLite index; Written once at ingestion and never overwritten by renames.,SUPERSEDED_GENERATED_TEMPLATE,"Generated wrapper asserted behavior or proof without a record-specific actor, trigger, observable result, and failure criterion.",01-EVERYTHING-WE-ARE-KEEPING.md / lines 129-129,NOT_APPLICABLE
CAN-LAM-ASSET-012,Lamha must provide Normalized capture timestamp; Asset JSON; Compatible XMP date fields; SQLite index; Initialize from embedded metadata. A user-approved correction updates JSON first and then mirrors to XMP; it never rewrites the original snapshot.,SUPERSEDED_GENERATED_TEMPLATE,"Generated wrapper asserted behavior or proof without a record-specific actor, trigger, observable result, and failure criterion.",01-EVERYTHING-WE-ARE-KEEPING.md / lines 132-132,NOT_APPLICABLE
CAN-LAM-ASSET-014,Lamha must provide Camera-owner default rule; Library JSON/settings; None; SQLite rule index; Maps a device identity to a default owner suggestion. Changing the rule does not silently rewrite existing asset facts.,SUPERSEDED_GENERATED_TEMPLATE,"Generated wrapper asserted behavior or proof without a record-specific actor, trigger, observable result, and failure criterion.",01-EVERYTHING-WE-ARE-KEEPING.md / lines 135-135,NOT_APPLICABLE
CAN-LAM-ASSET-015,Lamha must provide Photographer; Asset JSON; Compatible XMP creator field; SQLite index; Distinct from owner. Set manually or through a reviewed suggestion.,SUPERSEDED_GENERATED_TEMPLATE,"Generated wrapper asserted behavior or proof without a record-specific actor, trigger, observable result, and failure criterion.",01-EVERYTHING-WE-ARE-KEEPING.md / lines 136-136,NOT_APPLICABLE
CAN-LAM-ASSET-016,Lamha must provide Uploader/importer; Asset JSON; None; SQLite index; Tracks the desktop OS profile or ingestion source that imported the bundle.,SUPERSEDED_GENERATED_TEMPLATE,"Generated wrapper asserted behavior or proof without a record-specific actor, trigger, observable result, and failure criterion.",01-EVERYTHING-WE-ARE-KEEPING.md / lines 137-137,NOT_APPLICABLE
CAN-LAM-ASSET-017,Lamha must preserve this invariant: Visible people and approved face regions; Asset JSON; Compatible XMP person field; SQLite face index; Authoritative list of approved face bounding boxes and linked person UUIDs.,SUPERSEDED_GENERATED_TEMPLATE,"Generated wrapper asserted behavior or proof without a record-specific actor, trigger, observable result, and failure criterion.",01-EVERYTHING-WE-ARE-KEEPING.md / lines 138-138,NOT_APPLICABLE
CAN-LAM-ASSET-019,Lamha must provide Original GPS coordinates; Embedded EXIF at ingestion; Asset JSON source snapshot; SQLite index; Preserve for provenance until a reviewed privacy operation deliberately removes it from the media; the pre-mutation snapshot remains in backup.,SUPERSEDED_GENERATED_TEMPLATE,"Generated wrapper asserted behavior or proof without a record-specific actor, trigger, observable result, and failure criterion.",01-EVERYTHING-WE-ARE-KEEPING.md / lines 145-145,NOT_APPLICABLE
CAN-LAM-ASSET-020,"Lamha must provide Normalized GPS coordinates; Asset JSON; Compatible XMP GPS fields; SQLite index; Initialize from EXIF. Manual pin changes JSON first and then XMP. External disagreement creates Review, never a silent overwrite.",SUPERSEDED_GENERATED_TEMPLATE,"Generated wrapper asserted behavior or proof without a record-specific actor, trigger, observable result, and failure criterion.",01-EVERYTHING-WE-ARE-KEEPING.md / lines 146-146,NOT_APPLICABLE
CAN-LAM-ASSET-021,Lamha must preserve this invariant: Review state; Asset JSON or the authoritative domain decision record; None; SQLite review index; Tracks review lifecycle for Review Centre cards without making SQLite the only decision copy.,SUPERSEDED_GENERATED_TEMPLATE,"Generated wrapper asserted behavior or proof without a record-specific actor, trigger, observable result, and failure criterion.",01-EVERYTHING-WE-ARE-KEEPING.md / lines 147-147,NOT_APPLICABLE
CAN-LAM-ASSET-022,Lamha must provide Draft edits never mutate media folders.,SUPERSEDED_GENERATED_TEMPLATE,"Generated wrapper asserted behavior or proof without a record-specific actor, trigger, observable result, and failure criterion.",01-EVERYTHING-WE-ARE-KEEPING.md / lines 148-148,NOT_APPLICABLE
CAN-LAM-ASSET-023,Lamha must provide Event assignment; Canonical Event JSON membership; Asset JSON event UUID reference; SQLite index; Event membership changes update the event record and asset reference in one transaction; disagreement becomes Review.,SUPERSEDED_GENERATED_TEMPLATE,"Generated wrapper asserted behavior or proof without a record-specific actor, trigger, observable result, and failure criterion.",01-EVERYTHING-WE-ARE-KEEPING.md / lines 149-149,NOT_APPLICABLE
CAN-LAM-ASSET-025,"Recorded evidence must demonstrate: The rows above lock authority and behaviour, not serialization. Phase 1 target-schema mapping must select the exact schema-version field name and initial value, JSON key spellings, database filename, table/column/index names, and migration framework. Each authoritative JSON format requires formal validation, migration rules, backward compatibility, appropriate unknown-field preservation, future-version safety, corruption handling, backup/restore, and tests.",SUPERSEDED_GENERATED_TEMPLATE,"Generated wrapper asserted behavior or proof without a record-specific actor, trigger, observable result, and failure criterion.",01-EVERYTHING-WE-ARE-KEEPING.md / lines 154-154,NOT_APPLICABLE
CAN-LAM-ASSET-034,"Lamha must provide Physical Storage: Exactly one physical media file on disk per asset bundle, strictly organized under Year/YYYY-MM-DDEvent-Name/Photos/ (or Videos/, .backup/) or Unknown Date/Unknown-DateEvent-Name/.",SUPERSEDED_GENERATED_TEMPLATE,"Generated wrapper asserted behavior or proof without a record-specific actor, trigger, observable result, and failure criterion.",01-EVERYTHING-WE-ARE-KEEPING.md / lines 331-331,NOT_APPLICABLE
CAN-LAM-ASSET-035,"Lamha must provide Tagging an asset, dragging a node in a Mind Map, or adding to an Album modifies only JSON sidecars and the SQLite index.",SUPERSEDED_GENERATED_TEMPLATE,"Generated wrapper asserted behavior or proof without a record-specific actor, trigger, observable result, and failure criterion.",01-EVERYTHING-WE-ARE-KEEPING.md / lines 333-333,NOT_APPLICABLE
CAN-LAM-ASSET-041,The final Lamha desktop runtime must not retain or require Backup before direct media mutation.,SUPERSEDED_GENERATED_TEMPLATE,"Generated wrapper asserted behavior or proof without a record-specific actor, trigger, observable result, and failure criterion.",01-EVERYTHING-WE-ARE-KEEPING.md / lines 411-411,NOT_APPLICABLE
CAN-LAM-ASSET-051,"Lamha must provide The complete media extension remains part of each sidecar filename to prevent collisions. Notice that .asset.json is the mandatory canonical extension for asset sidecars (distinguishing them from event.json, person.json, group.json, and relationship.json).",SUPERSEDED_GENERATED_TEMPLATE,"Generated wrapper asserted behavior or proof without a record-specific actor, trigger, observable result, and failure criterion.",01-EVERYTHING-WE-ARE-KEEPING.md / lines 615-615,NOT_APPLICABLE
CAN-LAM-ASSET-053,Implementation must honor this constraint: An edited derivative inside the library receives a new asset UUID and a reference to the source asset; it is not a second location for the original UUID. The serialized key spelling is selected by the Phase 1 target-schema map.,SUPERSEDED_GENERATED_TEMPLATE,"Generated wrapper asserted behavior or proof without a record-specific actor, trigger, observable result, and failure criterion.",01-EVERYTHING-WE-ARE-KEEPING.md / lines 637-637,NOT_APPLICABLE
CAN-LAM-ASSET-054,"Lamha must provide A Live Photo still+video or RAW+JPEG pair is a Companion Set of two complete bundles. Pair-level actions coordinate both bundles, but each container and sidecar pair remains independently identifiable and recoverable.",SUPERSEDED_GENERATED_TEMPLATE,"Generated wrapper asserted behavior or proof without a record-specific actor, trigger, observable result, and failure criterion.",01-EVERYTHING-WE-ARE-KEEPING.md / lines 638-638,NOT_APPLICABLE
CAN-LAM-ASSET-059,Lamha must provide Live Photo or Motion Photo pairing where supported.,SUPERSEDED_GENERATED_TEMPLATE,"Generated wrapper asserted behavior or proof without a record-specific actor, trigger, observable result, and failure criterion.",01-EVERYTHING-WE-ARE-KEEPING.md / lines 686-686,NOT_APPLICABLE
CAN-LAM-ASSET-061,Lamha must preserve this invariant: The selected filesystem roots remain authoritative for physical filename and path.,SUPERSEDED_GENERATED_TEMPLATE,"Generated wrapper asserted behavior or proof without a record-specific actor, trigger, observable result, and failure criterion.",01-EVERYTHING-WE-ARE-KEEPING.md / lines 723-723,NOT_APPLICABLE
CAN-LAM-ASSET-064,"Lamha must provide This restriction does not erase historical friend-group membership, prohibit Family and friends from attending the same event or appearing in the same media, or exclude other simultaneous/historical/custom relationship edges.",SUPERSEDED_GENERATED_TEMPLATE,"Generated wrapper asserted behavior or proof without a record-specific actor, trigger, observable result, and failure criterion.",01-EVERYTHING-WE-ARE-KEEPING.md / lines 957-957,NOT_APPLICABLE
CAN-LAM-ASSET-067,"Lamha must provide Review affected relationships, groups, events, tags, and assets.",SUPERSEDED_GENERATED_TEMPLATE,"Generated wrapper asserted behavior or proof without a record-specific actor, trigger, observable result, and failure criterion.",01-EVERYTHING-WE-ARE-KEEPING.md / lines 1043-1043,NOT_APPLICABLE
CAN-LAM-ASSET-073,Lamha must provide Explicit approved asset/content/user tags are stored in .asset.json and mirrored to XMP where compatible.,SUPERSEDED_GENERATED_TEMPLATE,"Generated wrapper asserted behavior or proof without a record-specific actor, trigger, observable result, and failure criterion.",01-EVERYTHING-WE-ARE-KEEPING.md / lines 1201-1201,NOT_APPLICABLE
CAN-LAM-ASSET-074,"Lamha must provide Event, event-type, attendee, and event-group labels are derived from the canonical event record and asset event assignment.",SUPERSEDED_GENERATED_TEMPLATE,"Generated wrapper asserted behavior or proof without a record-specific actor, trigger, observable result, and failure criterion.",01-EVERYTHING-WE-ARE-KEEPING.md / lines 1203-1203,NOT_APPLICABLE
CAN-LAM-ASSET-076,Lamha must provide on all event assets without being falsely marked visible. This label is computed from the event record and asset event assignment; it is not persisted as an approved per-asset visible-person tag unless the user explicitly adds a separate user tag.,SUPERSEDED_GENERATED_TEMPLATE,"Generated wrapper asserted behavior or proof without a record-specific actor, trigger, observable result, and failure criterion.",01-EVERYTHING-WE-ARE-KEEPING.md / lines 1222-1222,NOT_APPLICABLE
CAN-LAM-ASSET-078,Lamha must provide An event’s group presence does not automatically create a visible-group tag on every asset.,SUPERSEDED_GENERATED_TEMPLATE,"Generated wrapper asserted behavior or proof without a record-specific actor, trigger, observable result, and failure criterion.",01-EVERYTHING-WE-ARE-KEEPING.md / lines 1236-1236,NOT_APPLICABLE
CAN-LAM-ASSET-080,Lamha must provide No confirmed visible people produces No People for an asset.,SUPERSEDED_GENERATED_TEMPLATE,"Generated wrapper asserted behavior or proof without a record-specific actor, trigger, observable result, and failure criterion.",01-EVERYTHING-WE-ARE-KEEPING.md / lines 1301-1301,NOT_APPLICABLE
CAN-LAM-ASSET-085,Lamha must provide Visible Person; Visible Person/<Name; A confirmed human whose face or physical body appears visually inside the frame of the photo or video.; Can ONLY be added when face detection/recognition confirms presence or user manually tags them as visible in the image.,SUPERSEDED_GENERATED_TEMPLATE,"Generated wrapper asserted behavior or proof without a record-specific actor, trigger, observable result, and failure criterion.",01-EVERYTHING-WE-ARE-KEEPING.md / lines 1334-1334,NOT_APPLICABLE
CAN-LAM-ASSET-086,Lamha must provide Event Attendee; Event Attendee/<Name; A person present at the Event (recorded in event.json attendees list).; Being an attendee does NOT mean the person is visible in every photo of that event! Never automatically mark attendees as Visible Person.,SUPERSEDED_GENERATED_TEMPLATE,"Generated wrapper asserted behavior or proof without a record-specific actor, trigger, observable result, and failure criterion.",01-EVERYTHING-WE-ARE-KEEPING.md / lines 1335-1335,NOT_APPLICABLE
CAN-LAM-ASSET-087,"Lamha must provide Photographer; Photographer/<Name; The entity (human, self-timer, tripod, remote shutter, screenshot, scanner) that captured the media.; Do NOT assume the photographer is visible in the frame, and do NOT assume the photographer is the camera owner.",SUPERSEDED_GENERATED_TEMPLATE,"Generated wrapper asserted behavior or proof without a record-specific actor, trigger, observable result, and failure criterion.",01-EVERYTHING-WE-ARE-KEEPING.md / lines 1336-1336,NOT_APPLICABLE
CAN-LAM-ASSET-089,Lamha must provide Uploader / Importer; Importer/<Name; The user or system process that imported the files from an external drive or folder into Lamha.; Stored in asset JSON and operation history. Does not imply ownership or photographer status.,SUPERSEDED_GENERATED_TEMPLATE,"Generated wrapper asserted behavior or proof without a record-specific actor, trigger, observable result, and failure criterion.",01-EVERYTHING-WE-ARE-KEEPING.md / lines 1338-1338,NOT_APPLICABLE
CAN-LAM-ASSET-093,Lamha must provide Initial video support keeps one primary photographer per video.,SUPERSEDED_GENERATED_TEMPLATE,"Generated wrapper asserted behavior or proof without a record-specific actor, trigger, observable result, and failure criterion.",01-EVERYTHING-WE-ARE-KEEPING.md / lines 1373-1373,NOT_APPLICABLE
CAN-LAM-ASSET-095,Lamha must provide Coordinate Companion Set renames without merging their UUIDs or sidecars.,SUPERSEDED_GENERATED_TEMPLATE,"Generated wrapper asserted behavior or proof without a record-specific actor, trigger, observable result, and failure criterion.",01-EVERYTHING-WE-ARE-KEEPING.md / lines 1399-1399,NOT_APPLICABLE
CAN-LAM-ASSET-097,Lamha must provide Preserve filenames in Linked Folders and Manage Later until the user explicitly confirms normalization.,SUPERSEDED_GENERATED_TEMPLATE,"Generated wrapper asserted behavior or proof without a record-specific actor, trigger, observable result, and failure criterion.",01-EVERYTHING-WE-ARE-KEEPING.md / lines 1403-1403,NOT_APPLICABLE
CAN-LAM-ASSET-101,Lamha must provide Original embedded camera metadata; Embedded media at ingestion plus immutable snapshot; Asset JSON backup.,SUPERSEDED_GENERATED_TEMPLATE,"Generated wrapper asserted behavior or proof without a record-specific actor, trigger, observable result, and failure criterion.",01-EVERYTHING-WE-ARE-KEEPING.md / lines 1424-1424,NOT_APPLICABLE
CAN-LAM-ASSET-102,Lamha must provide Normalized capture date; Asset JSON; XMP mirror; embedded source is import evidence.,SUPERSEDED_GENERATED_TEMPLATE,"Generated wrapper asserted behavior or proof without a record-specific actor, trigger, observable result, and failure criterion.",01-EVERYTHING-WE-ARE-KEEPING.md / lines 1425-1425,NOT_APPLICABLE
CAN-LAM-ASSET-103,Lamha must provide People visible; Asset JSON; XMP where compatible.,SUPERSEDED_GENERATED_TEMPLATE,"Generated wrapper asserted behavior or proof without a record-specific actor, trigger, observable result, and failure criterion.",01-EVERYTHING-WE-ARE-KEEPING.md / lines 1427-1427,NOT_APPLICABLE
CAN-LAM-ASSET-104,Lamha must provide Approved face boxes/person links; Asset JSON; SQLite/cache.,SUPERSEDED_GENERATED_TEMPLATE,"Generated wrapper asserted behavior or proof without a record-specific actor, trigger, observable result, and failure criterion.",01-EVERYTHING-WE-ARE-KEEPING.md / lines 1428-1428,NOT_APPLICABLE
CAN-LAM-ASSET-105,Lamha must provide Event assignment; Canonical Event JSON membership; Asset JSON event UUID reference and XMP mirror.,SUPERSEDED_GENERATED_TEMPLATE,"Generated wrapper asserted behavior or proof without a record-specific actor, trigger, observable result, and failure criterion.",01-EVERYTHING-WE-ARE-KEEPING.md / lines 1432-1432,NOT_APPLICABLE
CAN-LAM-ASSET-110,Lamha must provide Event tags; Event JSON; Asset inherited references.,SUPERSEDED_GENERATED_TEMPLATE,"Generated wrapper asserted behavior or proof without a record-specific actor, trigger, observable result, and failure criterion.",01-EVERYTHING-WE-ARE-KEEPING.md / lines 1437-1437,NOT_APPLICABLE
CAN-LAM-ASSET-111,Lamha must provide Favorite state; Asset JSON; XMP rating where compatible.,SUPERSEDED_GENERATED_TEMPLATE,"Generated wrapper asserted behavior or proof without a record-specific actor, trigger, observable result, and failure criterion.",01-EVERYTHING-WE-ARE-KEEPING.md / lines 1438-1438,NOT_APPLICABLE
CAN-LAM-ASSET-112,Lamha must provide Album definitions and membership; Album JSON; Asset UUID references and SQLite index.,SUPERSEDED_GENERATED_TEMPLATE,"Generated wrapper asserted behavior or proof without a record-specific actor, trigger, observable result, and failure criterion.",01-EVERYTHING-WE-ARE-KEEPING.md / lines 1439-1439,NOT_APPLICABLE
CAN-LAM-ASSET-119,"Lamha must preserve this invariant: Approved User Metadata: Explicitly confirmed or manually entered user metadata (confirmed person names, confirmed relationships, approved tags, assigned events, manual dates). Stored authoritatively in .asset.json, event.json, person.json, etc., and backed up in .backup/.",SUPERSEDED_GENERATED_TEMPLATE,"Generated wrapper asserted behavior or proof without a record-specific actor, trigger, observable result, and failure criterion.",01-EVERYTHING-WE-ARE-KEEPING.md / lines 1685-1685,NOT_APPLICABLE
CAN-LAM-ASSET-122,Implementation must honor this constraint: An edited copy stored inside a managed Library Root is a new derivative asset with its own UUID and a reference to the source asset; the serialized key spelling is selected by the Phase 1 target-schema map. An export outside the library is not indexed unless the user explicitly imports it. Neither case creates a second authoritative location for the original UUID.,SUPERSEDED_GENERATED_TEMPLATE,"Generated wrapper asserted behavior or proof without a record-specific actor, trigger, observable result, and failure criterion.",01-EVERYTHING-WE-ARE-KEEPING.md / lines 1801-1801,NOT_APPLICABLE
CAN-LAM-ASSET-136,"Lamha must provide The original metadata and the exact pre-mutation media hash are snapshotted first. This is an explicit user-confirmed exception to normal primary-container immutability, never an automatic organization or tagging action.",SUPERSEDED_GENERATED_TEMPLATE,"Generated wrapper asserted behavior or proof without a record-specific actor, trigger, observable result, and failure criterion.",01-EVERYTHING-WE-ARE-KEEPING.md / lines 1941-1941,NOT_APPLICABLE
CAN-LAM-ASSET-144,The final Lamha desktop runtime must not retain or require Fast media-first UI.,SUPERSEDED_GENERATED_TEMPLATE,"Generated wrapper asserted behavior or proof without a record-specific actor, trigger, observable result, and failure criterion.",01-EVERYTHING-WE-ARE-KEEPING.md / lines 2112-2112,NOT_APPLICABLE
CAN-LAM-ASSET-149,"The final Lamha desktop runtime must not retain or require “Delete” never includes user media, user metadata, legal material, reusable neutral code, or retained behaviour without a proven replacement.",SUPERSEDED_GENERATED_TEMPLATE,"Generated wrapper asserted behavior or proof without a record-specific actor, trigger, observable result, and failure criterion.",02-EVERYTHING-WE-ARE-DELETING.md / lines 19-19,NOT_APPLICABLE
CAN-LAM-ASSET-150,The final Lamha desktop runtime must not retain or require Server-hosted asset APIs.,SUPERSEDED_GENERATED_TEMPLATE,"Generated wrapper asserted behavior or proof without a record-specific actor, trigger, observable result, and failure criterion.",02-EVERYTHING-WE-ARE-DELETING.md / lines 142-142,NOT_APPLICABLE
CAN-LAM-ASSET-151,The final Lamha desktop runtime must not retain or require User-to-user asset visibility.,SUPERSEDED_GENERATED_TEMPLATE,"Generated wrapper asserted behavior or proof without a record-specific actor, trigger, observable result, and failure criterion.",02-EVERYTHING-WE-ARE-DELETING.md / lines 276-276,NOT_APPLICABLE
CAN-LAM-ASSET-152,The final Lamha desktop runtime must not retain or require Remote asset links.,SUPERSEDED_GENERATED_TEMPLATE,"Generated wrapper asserted behavior or proof without a record-specific actor, trigger, observable result, and failure criterion.",02-EVERYTHING-WE-ARE-DELETING.md / lines 297-297,NOT_APPLICABLE
CAN-LAM-ASSET-153,The final Lamha desktop runtime must not retain or require Remote media ingestion from the mobile app.,SUPERSEDED_GENERATED_TEMPLATE,"Generated wrapper asserted behavior or proof without a record-specific actor, trigger, observable result, and failure criterion.",02-EVERYTHING-WE-ARE-DELETING.md / lines 330-330,NOT_APPLICABLE
CAN-LAM-ASSET-154,The final Lamha desktop runtime must not retain or require Server-managed asset ownership.,SUPERSEDED_GENERATED_TEMPLATE,"Generated wrapper asserted behavior or proof without a record-specific actor, trigger, observable result, and failure criterion.",02-EVERYTHING-WE-ARE-DELETING.md / lines 414-414,NOT_APPLICABLE
CAN-LAM-ASSET-155,The final Lamha desktop runtime must not retain or require Server-owned media root assumptions.,SUPERSEDED_GENERATED_TEMPLATE,"Generated wrapper asserted behavior or proof without a record-specific actor, trigger, observable result, and failure criterion.",02-EVERYTHING-WE-ARE-DELETING.md / lines 416-416,NOT_APPLICABLE
CAN-LAM-ASSET-156,The final Lamha desktop runtime must not retain or require Internet access for core media functions.,SUPERSEDED_GENERATED_TEMPLATE,"Generated wrapper asserted behavior or proof without a record-specific actor, trigger, observable result, and failure criterion.",02-EVERYTHING-WE-ARE-DELETING.md / lines 478-478,NOT_APPLICABLE
CAN-LAM-ASSET-157,The final Lamha desktop runtime must not retain or require Automatic media analysis by third parties.,SUPERSEDED_GENERATED_TEMPLATE,"Generated wrapper asserted behavior or proof without a record-specific actor, trigger, observable result, and failure criterion.",02-EVERYTHING-WE-ARE-DELETING.md / lines 494-494,NOT_APPLICABLE
CAN-LAM-ASSET-159,The final Lamha desktop runtime must not retain or require Delete the idea of physically organizing media under.,SUPERSEDED_GENERATED_TEMPLATE,"Generated wrapper asserted behavior or proof without a record-specific actor, trigger, observable result, and failure criterion.",02-EVERYTHING-WE-ARE-DELETING.md / lines 590-590,NOT_APPLICABLE
CAN-LAM-ASSET-160,The final Lamha desktop runtime must not retain or require One asset would need several copies.,SUPERSEDED_GENERATED_TEMPLATE,"Generated wrapper asserted behavior or proof without a record-specific actor, trigger, observable result, and failure criterion.",02-EVERYTHING-WE-ARE-DELETING.md / lines 608-608,NOT_APPLICABLE
CAN-LAM-ASSET-161,The final Lamha desktop runtime must not retain or require Copying an asset into every person folder.,SUPERSEDED_GENERATED_TEMPLATE,"Generated wrapper asserted behavior or proof without a record-specific actor, trigger, observable result, and failure criterion.",02-EVERYTHING-WE-ARE-DELETING.md / lines 645-645,NOT_APPLICABLE
CAN-LAM-ASSET-162,The final Lamha desktop runtime must not retain or require Copying an asset into every group folder.,SUPERSEDED_GENERATED_TEMPLATE,"Generated wrapper asserted behavior or proof without a record-specific actor, trigger, observable result, and failure criterion.",02-EVERYTHING-WE-ARE-DELETING.md / lines 646-646,NOT_APPLICABLE
CAN-LAM-ASSET-163,The final Lamha desktop runtime must not retain or require Copying an asset into every album.,SUPERSEDED_GENERATED_TEMPLATE,"Generated wrapper asserted behavior or proof without a record-specific actor, trigger, observable result, and failure criterion.",02-EVERYTHING-WE-ARE-DELETING.md / lines 647-647,NOT_APPLICABLE
CAN-LAM-ASSET-164,The final Lamha desktop runtime must not retain or require Copying an asset into every relationship view.,SUPERSEDED_GENERATED_TEMPLATE,"Generated wrapper asserted behavior or proof without a record-specific actor, trigger, observable result, and failure criterion.",02-EVERYTHING-WE-ARE-DELETING.md / lines 648-648,NOT_APPLICABLE
CAN-LAM-ASSET-165,The final Lamha desktop runtime must not retain or require Copying an asset into every tag folder.,SUPERSEDED_GENERATED_TEMPLATE,"Generated wrapper asserted behavior or proof without a record-specific actor, trigger, observable result, and failure criterion.",02-EVERYTHING-WE-ARE-DELETING.md / lines 649-649,NOT_APPLICABLE
CAN-LAM-ASSET-166,The final Lamha desktop runtime must not retain or require Copying an asset into every event-attendee folder.,SUPERSEDED_GENERATED_TEMPLATE,"Generated wrapper asserted behavior or proof without a record-specific actor, trigger, observable result, and failure criterion.",02-EVERYTHING-WE-ARE-DELETING.md / lines 650-650,NOT_APPLICABLE
CAN-LAM-ASSET-167,The final Lamha desktop runtime must not retain or require Applies a final photographer.,SUPERSEDED_GENERATED_TEMPLATE,"Generated wrapper asserted behavior or proof without a record-specific actor, trigger, observable result, and failure criterion.",02-EVERYTHING-WE-ARE-DELETING.md / lines 664-664,NOT_APPLICABLE
CAN-LAM-ASSET-168,The final Lamha desktop runtime must not retain or require Asset Roles Disambiguation Reinforcement.,SUPERSEDED_GENERATED_TEMPLATE,"Generated wrapper asserted behavior or proof without a record-specific actor, trigger, observable result, and failure criterion.",02-EVERYTHING-WE-ARE-DELETING.md / lines 708-708,NOT_APPLICABLE
CAN-LAM-ASSET-169,"The final Lamha desktop runtime must not retain or require Photographer: The entity (human, self-timer, tripod, screenshot, scanner) that captured the frame.",SUPERSEDED_GENERATED_TEMPLATE,"Generated wrapper asserted behavior or proof without a record-specific actor, trigger, observable result, and failure criterion.",02-EVERYTHING-WE-ARE-DELETING.md / lines 711-711,NOT_APPLICABLE
CAN-LAM-ASSET-170,The final Lamha desktop runtime must not retain or require Event Attendee: A person present at the event (who may not appear in the photo at all).,SUPERSEDED_GENERATED_TEMPLATE,"Generated wrapper asserted behavior or proof without a record-specific actor, trigger, observable result, and failure criterion.",02-EVERYTHING-WE-ARE-DELETING.md / lines 713-713,NOT_APPLICABLE
CAN-LAM-ASSET-171,The final Lamha desktop runtime must not retain or require Delete any rule that marks every attendee as visible in every asset.,SUPERSEDED_GENERATED_TEMPLATE,"Generated wrapper asserted behavior or proof without a record-specific actor, trigger, observable result, and failure criterion.",02-EVERYTHING-WE-ARE-DELETING.md / lines 719-719,NOT_APPLICABLE
CAN-LAM-ASSET-172,The final Lamha desktop runtime must not retain or require Delete any rule that gives every event asset.,SUPERSEDED_GENERATED_TEMPLATE,"Generated wrapper asserted behavior or proof without a record-specific actor, trigger, observable result, and failure criterion.",02-EVERYTHING-WE-ARE-DELETING.md / lines 733-733,NOT_APPLICABLE
CAN-LAM-ASSET-173,The final Lamha desktop runtime must not retain or require Rewriting media without backup.,SUPERSEDED_GENERATED_TEMPLATE,"Generated wrapper asserted behavior or proof without a record-specific actor, trigger, observable result, and failure criterion.",02-EVERYTHING-WE-ARE-DELETING.md / lines 782-782,NOT_APPLICABLE
CAN-LAM-ASSET-175,The final Lamha desktop runtime must not retain or require Automatic video overwrite.,SUPERSEDED_GENERATED_TEMPLATE,"Generated wrapper asserted behavior or proof without a record-specific actor, trigger, observable result, and failure criterion.",02-EVERYTHING-WE-ARE-DELETING.md / lines 799-799,NOT_APPLICABLE
CAN-LAM-ASSET-176,The final Lamha desktop runtime must not retain or require Deleting sidecars while leaving media.,SUPERSEDED_GENERATED_TEMPLATE,"Generated wrapper asserted behavior or proof without a record-specific actor, trigger, observable result, and failure criterion.",02-EVERYTHING-WE-ARE-DELETING.md / lines 819-819,NOT_APPLICABLE
CAN-LAM-ASSET-177,The final Lamha desktop runtime must not retain or require Deleting media while leaving orphan sidecars.,SUPERSEDED_GENERATED_TEMPLATE,"Generated wrapper asserted behavior or proof without a record-specific actor, trigger, observable result, and failure criterion.",02-EVERYTHING-WE-ARE-DELETING.md / lines 820-820,NOT_APPLICABLE
CAN-LAM-ASSET-178,"The final Lamha desktop runtime must not retain or require Permanent deletion remains disabled unless deliberately enabled. Even when enabled, it requires an explicit scoped action and must remove the complete bundle only after identity/path verification.",SUPERSEDED_GENERATED_TEMPLATE,"Generated wrapper asserted behavior or proof without a record-specific actor, trigger, observable result, and failure criterion.",02-EVERYTHING-WE-ARE-DELETING.md / lines 822-822,NOT_APPLICABLE
CAN-LAM-ASSET-179,The final Lamha desktop runtime must not retain or require Creating folders immediately while the user is drafting.,SUPERSEDED_GENERATED_TEMPLATE,"Generated wrapper asserted behavior or proof without a record-specific actor, trigger, observable result, and failure criterion.",02-EVERYTHING-WE-ARE-DELETING.md / lines 831-831,NOT_APPLICABLE
CAN-LAM-ASSET-180,The final Lamha desktop runtime must not retain or require Delete matching external moves based only on filename.,SUPERSEDED_GENERATED_TEMPLATE,"Generated wrapper asserted behavior or proof without a record-specific actor, trigger, observable result, and failure criterion.",02-EVERYTHING-WE-ARE-DELETING.md / lines 845-845,NOT_APPLICABLE
CAN-LAM-ASSET-181,The final Lamha desktop runtime must not retain or require deleting thumbnail/video processing before local replacement.,SUPERSEDED_GENERATED_TEMPLATE,"Generated wrapper asserted behavior or proof without a record-specific actor, trigger, observable result, and failure criterion.",02-EVERYTHING-WE-ARE-DELETING.md / lines 994-994,NOT_APPLICABLE
CAN-LAM-ASSET-182,The final Lamha desktop runtime must not retain or require User media.,SUPERSEDED_GENERATED_TEMPLATE,"Generated wrapper asserted behavior or proof without a record-specific actor, trigger, observable result, and failure criterion.",02-EVERYTHING-WE-ARE-DELETING.md / lines 1011-1011,NOT_APPLICABLE
CAN-LAM-ASSET-183,The final Lamha desktop runtime must not retain or require Original filenames.,SUPERSEDED_GENERATED_TEMPLATE,"Generated wrapper asserted behavior or proof without a record-specific actor, trigger, observable result, and failure criterion.",02-EVERYTHING-WE-ARE-DELETING.md / lines 1014-1014,NOT_APPLICABLE
CAN-LAM-ASSET-184,Recorded evidence must demonstrate: Useful media-processing logic that can be ported.,SUPERSEDED_GENERATED_TEMPLATE,"Generated wrapper asserted behavior or proof without a record-specific actor, trigger, observable result, and failure criterion.",02-EVERYTHING-WE-ARE-DELETING.md / lines 1022-1022,NOT_APPLICABLE
CAN-LAM-ASSET-185,Implementation must honor this constraint: Load retained UI as a client/static bundle.,SUPERSEDED_GENERATED_TEMPLATE,"Generated wrapper asserted behavior or proof without a record-specific actor, trigger, observable result, and failure criterion.",03-HOW-WE-WILL-KEEP-DELETE-AND-CHANGE.md / lines 1378-1378,NOT_APPLICABLE
CAN-LAM-ASSET-187,Implementation must honor this constraint: Companion Set links (Live Photo / RAW+JPEG) with independent UUIDs.,SUPERSEDED_GENERATED_TEMPLATE,"Generated wrapper asserted behavior or proof without a record-specific actor, trigger, observable result, and failure criterion.",03-HOW-WE-WILL-KEEP-DELETE-AND-CHANGE.md / lines 1392-1392,NOT_APPLICABLE
CAN-LAM-ASSET-188,"Recorded evidence must demonstrate: Gate: A test library scans and rebuilds after deleting SQLite; managed bundles, saved JSON, and sandbox boundaries pass applicable Gates 1–4, 7, and 8.",SUPERSEDED_GENERATED_TEMPLATE,"Generated wrapper asserted behavior or proof without a record-specific actor, trigger, observable result, and failure criterion.",03-HOW-WE-WILL-KEEP-DELETE-AND-CHANGE.md / lines 1399-1399,NOT_APPLICABLE
CAN-LAM-ASSET-190,"Implementation must honor this constraint: No listening TCP/UDP port, HTTP service, WebSocket service, media/private-metadata upload, cloud dependency, or unrelated-client access.",SUPERSEDED_GENERATED_TEMPLATE,"Generated wrapper asserted behavior or proof without a record-specific actor, trigger, observable result, and failure criterion.",03-HOW-WE-WILL-KEEP-DELETE-AND-CHANGE.md / lines 1488-1488,NOT_APPLICABLE
CAN-LAM-ASSET-192,Recorded evidence must demonstrate: Gate: Direct media mutation is backed up and reversible.,SUPERSEDED_GENERATED_TEMPLATE,"Generated wrapper asserted behavior or proof without a record-specific actor, trigger, observable result, and failure criterion.",03-HOW-WE-WILL-KEEP-DELETE-AND-CHANGE.md / lines 1504-1504,NOT_APPLICABLE
CAN-LAM-ASSET-193,Implementation must honor this constraint: Companion Set partial/offline/relink handling.,SUPERSEDED_GENERATED_TEMPLATE,"Generated wrapper asserted behavior or proof without a record-specific actor, trigger, observable result, and failure criterion.",03-HOW-WE-WILL-KEEP-DELETE-AND-CHANGE.md / lines 1513-1513,NOT_APPLICABLE
CAN-LAM-ASSET-194,Recorded evidence must demonstrate: Gate: Interrupted operations do not orphan asset bundles.,SUPERSEDED_GENERATED_TEMPLATE,"Generated wrapper asserted behavior or proof without a record-specific actor, trigger, observable result, and failure criterion.",03-HOW-WE-WILL-KEEP-DELETE-AND-CHANGE.md / lines 1519-1519,NOT_APPLICABLE
CAN-LAM-ASSET-196,Recorded evidence must demonstrate: Bundles remain synchronized.,SUPERSEDED_GENERATED_TEMPLATE,"Generated wrapper asserted behavior or proof without a record-specific actor, trigger, observable result, and failure criterion.",03-HOW-WE-WILL-KEEP-DELETE-AND-CHANGE.md / lines 1678-1678,NOT_APPLICABLE
CAN-LAM-ASSET-199,Recorded evidence must demonstrate: JSON and XMP exist for managed assets.,SUPERSEDED_GENERATED_TEMPLATE,"Generated wrapper asserted behavior or proof without a record-specific actor, trigger, observable result, and failure criterion.",03-HOW-WE-WILL-KEEP-DELETE-AND-CHANGE.md / lines 1898-1898,NOT_APPLICABLE
CAN-LAM-ASSET-200,Recorded evidence must demonstrate: Bundles stay synchronized.,SUPERSEDED_GENERATED_TEMPLATE,"Generated wrapper asserted behavior or proof without a record-specific actor, trigger, observable result, and failure criterion.",03-HOW-WE-WILL-KEEP-DELETE-AND-CHANGE.md / lines 1899-1899,NOT_APPLICABLE
CAN-LAM-ASSET-201,"Recorded evidence must demonstrate: Photographer, camera owner, importer, visible people, and attendees remain separate.",SUPERSEDED_GENERATED_TEMPLATE,"Generated wrapper asserted behavior or proof without a record-specific actor, trigger, observable result, and failure criterion.",03-HOW-WE-WILL-KEEP-DELETE-AND-CHANGE.md / lines 1911-1911,NOT_APPLICABLE
CAN-LAM-BACKUP-001,The final Lamha desktop runtime must not retain or require Backup.,SUPERSEDED_GENERATED_TEMPLATE,"Generated wrapper asserted behavior or proof without a record-specific actor, trigger, observable result, and failure criterion.",01-EVERYTHING-WE-ARE-KEEPING.md / lines 302-302,NOT_APPLICABLE
CAN-LAM-BACKUP-006,The final Lamha desktop runtime must not retain or require Backup actions.,SUPERSEDED_GENERATED_TEMPLATE,"Generated wrapper asserted behavior or proof without a record-specific actor, trigger, observable result, and failure criterion.",01-EVERYTHING-WE-ARE-KEEPING.md / lines 1113-1113,NOT_APPLICABLE
CAN-LAM-BACKUP-008,The final Lamha desktop runtime must not retain or require Mobile backup infrastructure.,SUPERSEDED_GENERATED_TEMPLATE,"Generated wrapper asserted behavior or proof without a record-specific actor, trigger, observable result, and failure criterion.",02-EVERYTHING-WE-ARE-DELETING.md / lines 38-38,NOT_APPLICABLE
CAN-LAM-BACKUP-009,"Recorded evidence must demonstrate: Phase 16: Final cleanup removes remaining obsolete server, Docker, PostgreSQL, Redis, auth, sharing, mobile-backup, administration, dependency, generated-client, environment, documentation, and runtime-launch remnants, then performs repository-wide scans and packaging proof. It does not postpone already safe removals merely because of phase numbering.",SUPERSEDED_GENERATED_TEMPLATE,"Generated wrapper asserted behavior or proof without a record-specific actor, trigger, observable result, and failure criterion.",02-EVERYTHING-WE-ARE-DELETING.md / lines 61-61,NOT_APPLICABLE
CAN-LAM-BACKUP-010,The final Lamha desktop runtime must not retain or require Server database backups as the only backup method.,SUPERSEDED_GENERATED_TEMPLATE,"Generated wrapper asserted behavior or proof without a record-specific actor, trigger, observable result, and failure criterion.",02-EVERYTHING-WE-ARE-DELETING.md / lines 198-198,NOT_APPLICABLE
CAN-LAM-BACKUP-011,The final Lamha desktop runtime must not retain or require Delete the Immich server-side mobile backup product.,SUPERSEDED_GENERATED_TEMPLATE,"Generated wrapper asserted behavior or proof without a record-specific actor, trigger, observable result, and failure criterion.",02-EVERYTHING-WE-ARE-DELETING.md / lines 317-317,NOT_APPLICABLE
CAN-LAM-BACKUP-012,The final Lamha desktop runtime must not retain or require Mobile backup endpoints.,SUPERSEDED_GENERATED_TEMPLATE,"Generated wrapper asserted behavior or proof without a record-specific actor, trigger, observable result, and failure criterion.",02-EVERYTHING-WE-ARE-DELETING.md / lines 320-320,NOT_APPLICABLE
CAN-LAM-BACKUP-013,The final Lamha desktop runtime must not retain or require Remote camera roll backup.,SUPERSEDED_GENERATED_TEMPLATE,"Generated wrapper asserted behavior or proof without a record-specific actor, trigger, observable result, and failure criterion.",02-EVERYTHING-WE-ARE-DELETING.md / lines 323-323,NOT_APPLICABLE
CAN-LAM-BACKUP-014,The final Lamha desktop runtime must not retain or require Mobile backup status pages.,SUPERSEDED_GENERATED_TEMPLATE,"Generated wrapper asserted behavior or proof without a record-specific actor, trigger, observable result, and failure criterion.",02-EVERYTHING-WE-ARE-DELETING.md / lines 327-327,NOT_APPLICABLE
CAN-LAM-BACKUP-015,The final Lamha desktop runtime must not retain or require Server notifications for mobile backup.,SUPERSEDED_GENERATED_TEMPLATE,"Generated wrapper asserted behavior or proof without a record-specific actor, trigger, observable result, and failure criterion.",02-EVERYTHING-WE-ARE-DELETING.md / lines 329-329,NOT_APPLICABLE
CAN-LAM-BACKUP-016,The final Lamha desktop runtime must not retain or require Backup state.,SUPERSEDED_GENERATED_TEMPLATE,"Generated wrapper asserted behavior or proof without a record-specific actor, trigger, observable result, and failure criterion.",02-EVERYTHING-WE-ARE-DELETING.md / lines 402-402,NOT_APPLICABLE
CAN-LAM-BACKUP-017,The final Lamha desktop runtime must not retain or require Cloud backup.,SUPERSEDED_GENERATED_TEMPLATE,"Generated wrapper asserted behavior or proof without a record-specific actor, trigger, observable result, and failure criterion.",02-EVERYTHING-WE-ARE-DELETING.md / lines 431-431,NOT_APPLICABLE
CAN-LAM-BACKUP-018,The final Lamha desktop runtime must not retain or require Mobile backup.,SUPERSEDED_GENERATED_TEMPLATE,"Generated wrapper asserted behavior or proof without a record-specific actor, trigger, observable result, and failure criterion.",02-EVERYTHING-WE-ARE-DELETING.md / lines 895-895,NOT_APPLICABLE
CAN-LAM-BACKUP-019,The final Lamha desktop runtime must not retain or require dead mobile-backup modules.,SUPERSEDED_GENERATED_TEMPLATE,"Generated wrapper asserted behavior or proof without a record-specific actor, trigger, observable result, and failure criterion.",02-EVERYTHING-WE-ARE-DELETING.md / lines 926-926,NOT_APPLICABLE
CAN-LAM-BACKUP-022,"Recorded evidence must demonstrate: Remove remaining auth, sharing, mobile-backup, and administration remnants.",SUPERSEDED_GENERATED_TEMPLATE,"Generated wrapper asserted behavior or proof without a record-specific actor, trigger, observable result, and failure criterion.",03-HOW-WE-WILL-KEEP-DELETE-AND-CHANGE.md / lines 1569-1569,NOT_APPLICABLE
CAN-LAM-BACKUP-023,"Recorded evidence must demonstrate: Perform an intentional full final Graphify rebuild after deletion, then update curated maps to prove removed nodes/edges and final retained target locations.",SUPERSEDED_GENERATED_TEMPLATE,"Generated wrapper asserted behavior or proof without a record-specific actor, trigger, observable result, and failure criterion.",03-HOW-WE-WILL-KEEP-DELETE-AND-CHANGE.md / lines 1573-1573,NOT_APPLICABLE
CAN-LAM-BACKUP-025,Recorded evidence must demonstrate: Backup works.,SUPERSEDED_GENERATED_TEMPLATE,"Generated wrapper asserted behavior or proof without a record-specific actor, trigger, observable result, and failure criterion.",03-HOW-WE-WILL-KEEP-DELETE-AND-CHANGE.md / lines 1913-1913,NOT_APPLICABLE
CAN-LAM-BACKUP-026,Recorded evidence must demonstrate: Rebuild works.,SUPERSEDED_GENERATED_TEMPLATE,"Generated wrapper asserted behavior or proof without a record-specific actor, trigger, observable result, and failure criterion.",03-HOW-WE-WILL-KEEP-DELETE-AND-CHANGE.md / lines 1915-1915,NOT_APPLICABLE
CAN-LAM-DELETE-001,The final Lamha desktop runtime must not retain or require The user may remove.,SUPERSEDED_GENERATED_TEMPLATE,"Generated wrapper asserted behavior or proof without a record-specific actor, trigger, observable result, and failure criterion.",01-EVERYTHING-WE-ARE-KEEPING.md / lines 1690-1690,NOT_APPLICABLE
CAN-LAM-DELETE-005,The final Lamha desktop runtime must not retain or require this file defines the final removal target. It does not authorize premature deletion. Every removal must follow the dependency-aware process in File 3.,SUPERSEDED_GENERATED_TEMPLATE,"Generated wrapper asserted behavior or proof without a record-specific actor, trigger, observable result, and failure criterion.",02-EVERYTHING-WE-ARE-DELETING.md / lines 12-12,NOT_APPLICABLE
CAN-LAM-DELETE-006,"The final Lamha desktop runtime must not retain or require a DELETE requirement describes the final Lamha state, not permission to remove code before its evidence-backed replacement and verification prerequisites pass.",SUPERSEDED_GENERATED_TEMPLATE,"Generated wrapper asserted behavior or proof without a record-specific actor, trigger, observable result, and failure criterion.",02-EVERYTHING-WE-ARE-DELETING.md / lines 16-16,NOT_APPLICABLE
CAN-LAM-DELETE-007,The final Lamha desktop runtime must not retain or require keeping legacy source available for evidence or isolated parity comparison does not make it part of the Lamha desktop runtime.,SUPERSEDED_GENERATED_TEMPLATE,"Generated wrapper asserted behavior or proof without a record-specific actor, trigger, observable result, and failure criterion.",02-EVERYTHING-WE-ARE-DELETING.md / lines 17-17,NOT_APPLICABLE
CAN-LAM-DELETE-009,The final Lamha desktop runtime must not retain or require docker.,SUPERSEDED_GENERATED_TEMPLATE,"Generated wrapper asserted behavior or proof without a record-specific actor, trigger, observable result, and failure criterion.",02-EVERYTHING-WE-ARE-DELETING.md / lines 30-30,NOT_APPLICABLE
CAN-LAM-DELETE-010,The final Lamha desktop runtime must not retain or require postgreSQL server administration.,SUPERSEDED_GENERATED_TEMPLATE,"Generated wrapper asserted behavior or proof without a record-specific actor, trigger, observable result, and failure criterion.",02-EVERYTHING-WE-ARE-DELETING.md / lines 31-31,NOT_APPLICABLE
CAN-LAM-DELETE-011,The final Lamha desktop runtime must not retain or require redis.,SUPERSEDED_GENERATED_TEMPLATE,"Generated wrapper asserted behavior or proof without a record-specific actor, trigger, observable result, and failure criterion.",02-EVERYTHING-WE-ARE-DELETING.md / lines 32-32,NOT_APPLICABLE
CAN-LAM-DELETE-012,The final Lamha desktop runtime must not retain or require User accounts.,SUPERSEDED_GENERATED_TEMPLATE,"Generated wrapper asserted behavior or proof without a record-specific actor, trigger, observable result, and failure criterion.",02-EVERYTHING-WE-ARE-DELETING.md / lines 33-33,NOT_APPLICABLE
CAN-LAM-DELETE-013,The final Lamha desktop runtime must not retain or require Remote server URLs.,SUPERSEDED_GENERATED_TEMPLATE,"Generated wrapper asserted behavior or proof without a record-specific actor, trigger, observable result, and failure criterion.",02-EVERYTHING-WE-ARE-DELETING.md / lines 34-34,NOT_APPLICABLE
CAN-LAM-DELETE-016,The final Lamha desktop runtime must not retain or require Cloud synchronization.,SUPERSEDED_GENERATED_TEMPLATE,"Generated wrapper asserted behavior or proof without a record-specific actor, trigger, observable result, and failure criterion.",02-EVERYTHING-WE-ARE-DELETING.md / lines 37-37,NOT_APPLICABLE
CAN-LAM-DELETE-017,The final Lamha desktop runtime must not retain or require remote machine learning.,SUPERSEDED_GENERATED_TEMPLATE,"Generated wrapper asserted behavior or proof without a record-specific actor, trigger, observable result, and failure criterion.",02-EVERYTHING-WE-ARE-DELETING.md / lines 39-39,NOT_APPLICABLE
CAN-LAM-DELETE-018,The final Lamha desktop runtime must not retain or require the unwanted architecture must be removed after its retained behaviours are replaced.,SUPERSEDED_GENERATED_TEMPLATE,"Generated wrapper asserted behavior or proof without a record-specific actor, trigger, observable result, and failure criterion.",02-EVERYTHING-WE-ARE-DELETING.md / lines 41-41,NOT_APPLICABLE
CAN-LAM-DELETE-019,The final Lamha desktop runtime must not retain or require Every user capability defined in 01-EVERYTHING-WE-ARE-KEEPING.md MUST have a fully functioning local desktop equivalent in the target architecture before any corresponding server or database code is removed.,SUPERSEDED_GENERATED_TEMPLATE,"Generated wrapper asserted behavior or proof without a record-specific actor, trigger, observable result, and failure criterion.",02-EVERYTHING-WE-ARE-DELETING.md / lines 47-47,NOT_APPLICABLE
CAN-LAM-DELETE-020,Recorded evidence must demonstrate: Phase 0 and Phase 1: No source is removed; planning maps safe removal phases and prerequisites only.,SUPERSEDED_GENERATED_TEMPLATE,"Generated wrapper asserted behavior or proof without a record-specific actor, trigger, observable result, and failure criterion.",02-EVERYTHING-WE-ARE-DELETING.md / lines 58-58,NOT_APPLICABLE
CAN-LAM-DELETE-022,The final Lamha desktop runtime must not retain or require runtime Execution Isolation: The compiled desktop application launches and operates with zero background server daemon spawning.,SUPERSEDED_GENERATED_TEMPLATE,"Generated wrapper asserted behavior or proof without a record-specific actor, trigger, observable result, and failure criterion.",02-EVERYTHING-WE-ARE-DELETING.md / lines 68-68,NOT_APPLICABLE
CAN-LAM-DELETE-023,"The final Lamha desktop runtime must not retain or require import Tree Eradication: Zero SvelteKit, TypeScript, or Rust source files contain import or use statements referencing the target module or package.",SUPERSEDED_GENERATED_TEMPLATE,"Generated wrapper asserted behavior or proof without a record-specific actor, trigger, observable result, and failure criterion.",02-EVERYTHING-WE-ARE-DELETING.md / lines 69-69,NOT_APPLICABLE
CAN-LAM-DELETE-024,The final Lamha desktop runtime must not retain or require clean Autonomous Build: The repository-derived release build and package commands succeed with the legacy server directories absent from disk.,SUPERSEDED_GENERATED_TEMPLATE,"Generated wrapper asserted behavior or proof without a record-specific actor, trigger, observable result, and failure criterion.",02-EVERYTHING-WE-ARE-DELETING.md / lines 70-70,NOT_APPLICABLE
CAN-LAM-DELETE-025,"The final Lamha desktop runtime must not retain or require user account / login session; Violates single-user desktop application identity.; local desktop user, library profile.; All UI authentication stubs and stores.",SUPERSEDED_GENERATED_TEMPLATE,"Generated wrapper asserted behavior or proof without a record-specific actor, trigger, observable result, and failure criterion.",02-EVERYTHING-WE-ARE-DELETING.md / lines 86-86,NOT_APPLICABLE
CAN-LAM-DELETE-026,The final Lamha desktop runtime must not retain or require Immich server runtime.,SUPERSEDED_GENERATED_TEMPLATE,"Generated wrapper asserted behavior or proof without a record-specific actor, trigger, observable result, and failure criterion.",02-EVERYTHING-WE-ARE-DELETING.md / lines 137-137,NOT_APPLICABLE
CAN-LAM-DELETE-027,The final Lamha desktop runtime must not retain or require Standalone backend server process.,SUPERSEDED_GENERATED_TEMPLATE,"Generated wrapper asserted behavior or proof without a record-specific actor, trigger, observable result, and failure criterion.",02-EVERYTHING-WE-ARE-DELETING.md / lines 138-138,NOT_APPLICABLE
CAN-LAM-DELETE-028,The final Lamha desktop runtime must not retain or require Externally accessible HTTP API.,SUPERSEDED_GENERATED_TEMPLATE,"Generated wrapper asserted behavior or proof without a record-specific actor, trigger, observable result, and failure criterion.",02-EVERYTHING-WE-ARE-DELETING.md / lines 139-139,NOT_APPLICABLE
CAN-LAM-DELETE-029,The final Lamha desktop runtime must not retain or require REST server used by the desktop frontend.,SUPERSEDED_GENERATED_TEMPLATE,"Generated wrapper asserted behavior or proof without a record-specific actor, trigger, observable result, and failure criterion.",02-EVERYTHING-WE-ARE-DELETING.md / lines 140-140,NOT_APPLICABLE
CAN-LAM-DELETE-030,The final Lamha desktop runtime must not retain or require WebSocket server used as a remote service.,SUPERSEDED_GENERATED_TEMPLATE,"Generated wrapper asserted behavior or proof without a record-specific actor, trigger, observable result, and failure criterion.",02-EVERYTHING-WE-ARE-DELETING.md / lines 141-141,NOT_APPLICABLE
CAN-LAM-DELETE-031,The final Lamha desktop runtime must not retain or require Server-hosted album APIs.,SUPERSEDED_GENERATED_TEMPLATE,"Generated wrapper asserted behavior or proof without a record-specific actor, trigger, observable result, and failure criterion.",02-EVERYTHING-WE-ARE-DELETING.md / lines 146-146,NOT_APPLICABLE
CAN-LAM-DELETE-032,The final Lamha desktop runtime must not retain or require Server-hosted sharing APIs.,SUPERSEDED_GENERATED_TEMPLATE,"Generated wrapper asserted behavior or proof without a record-specific actor, trigger, observable result, and failure criterion.",02-EVERYTHING-WE-ARE-DELETING.md / lines 147-147,NOT_APPLICABLE
CAN-LAM-DELETE-033,The final Lamha desktop runtime must not retain or require Server-hosted administration APIs.,SUPERSEDED_GENERATED_TEMPLATE,"Generated wrapper asserted behavior or proof without a record-specific actor, trigger, observable result, and failure criterion.",02-EVERYTHING-WE-ARE-DELETING.md / lines 148-148,NOT_APPLICABLE
CAN-LAM-DELETE-034,The final Lamha desktop runtime must not retain or require Remote job-control APIs.,SUPERSEDED_GENERATED_TEMPLATE,"Generated wrapper asserted behavior or proof without a record-specific actor, trigger, observable result, and failure criterion.",02-EVERYTHING-WE-ARE-DELETING.md / lines 149-149,NOT_APPLICABLE
CAN-LAM-DELETE-035,The final Lamha desktop runtime must not retain or require Remote machine-learning APIs.,SUPERSEDED_GENERATED_TEMPLATE,"Generated wrapper asserted behavior or proof without a record-specific actor, trigger, observable result, and failure criterion.",02-EVERYTHING-WE-ARE-DELETING.md / lines 150-150,NOT_APPLICABLE
CAN-LAM-DELETE-036,The final Lamha desktop runtime must not retain or require Server URL configuration.,SUPERSEDED_GENERATED_TEMPLATE,"Generated wrapper asserted behavior or proof without a record-specific actor, trigger, observable result, and failure criterion.",02-EVERYTHING-WE-ARE-DELETING.md / lines 151-151,NOT_APPLICABLE
CAN-LAM-DELETE-037,The final Lamha desktop runtime must not retain or require Reverse-proxy assumptions.,SUPERSEDED_GENERATED_TEMPLATE,"Generated wrapper asserted behavior or proof without a record-specific actor, trigger, observable result, and failure criterion.",02-EVERYTHING-WE-ARE-DELETING.md / lines 152-152,NOT_APPLICABLE
CAN-LAM-DELETE-038,The final Lamha desktop runtime must not retain or require Network deployment configuration.,SUPERSEDED_GENERATED_TEMPLATE,"Generated wrapper asserted behavior or proof without a record-specific actor, trigger, observable result, and failure criterion.",02-EVERYTHING-WE-ARE-DELETING.md / lines 153-153,NOT_APPLICABLE
CAN-LAM-DELETE-039,The final Lamha desktop runtime must not retain or require Domain and certificate setup.,SUPERSEDED_GENERATED_TEMPLATE,"Generated wrapper asserted behavior or proof without a record-specific actor, trigger, observable result, and failure criterion.",02-EVERYTHING-WE-ARE-DELETING.md / lines 154-154,NOT_APPLICABLE
CAN-LAM-DELETE-040,The final Lamha desktop runtime must not retain or require Multi-host deployment assumptions.,SUPERSEDED_GENERATED_TEMPLATE,"Generated wrapper asserted behavior or proof without a record-specific actor, trigger, observable result, and failure criterion.",02-EVERYTHING-WE-ARE-DELETING.md / lines 155-155,NOT_APPLICABLE
CAN-LAM-DELETE-041,The final Lamha desktop runtime must not retain or require Self-hosting instructions in the final user experience.,SUPERSEDED_GENERATED_TEMPLATE,"Generated wrapper asserted behavior or proof without a record-specific actor, trigger, observable result, and failure criterion.",02-EVERYTHING-WE-ARE-DELETING.md / lines 156-156,NOT_APPLICABLE
CAN-LAM-DELETE-042,The final Lamha desktop runtime must not retain or require Docker Compose.,SUPERSEDED_GENERATED_TEMPLATE,"Generated wrapper asserted behavior or proof without a record-specific actor, trigger, observable result, and failure criterion.",02-EVERYTHING-WE-ARE-DELETING.md / lines 167-167,NOT_APPLICABLE
CAN-LAM-DELETE-043,The final Lamha desktop runtime must not retain or require Container orchestration.,SUPERSEDED_GENERATED_TEMPLATE,"Generated wrapper asserted behavior or proof without a record-specific actor, trigger, observable result, and failure criterion.",02-EVERYTHING-WE-ARE-DELETING.md / lines 168-168,NOT_APPLICABLE
CAN-LAM-DELETE-044,The final Lamha desktop runtime must not retain or require Container volumes.,SUPERSEDED_GENERATED_TEMPLATE,"Generated wrapper asserted behavior or proof without a record-specific actor, trigger, observable result, and failure criterion.",02-EVERYTHING-WE-ARE-DELETING.md / lines 169-169,NOT_APPLICABLE
CAN-LAM-DELETE-045,The final Lamha desktop runtime must not retain or require Container networking.,SUPERSEDED_GENERATED_TEMPLATE,"Generated wrapper asserted behavior or proof without a record-specific actor, trigger, observable result, and failure criterion.",02-EVERYTHING-WE-ARE-DELETING.md / lines 170-170,NOT_APPLICABLE
CAN-LAM-DELETE-046,The final Lamha desktop runtime must not retain or require Docker Desktop.,SUPERSEDED_GENERATED_TEMPLATE,"Generated wrapper asserted behavior or proof without a record-specific actor, trigger, observable result, and failure criterion.",02-EVERYTHING-WE-ARE-DELETING.md / lines 171-171,NOT_APPLICABLE
CAN-LAM-DELETE-047,The final Lamha desktop runtime must not retain or require WSL2 for ordinary Windows use.,SUPERSEDED_GENERATED_TEMPLATE,"Generated wrapper asserted behavior or proof without a record-specific actor, trigger, observable result, and failure criterion.",02-EVERYTHING-WE-ARE-DELETING.md / lines 172-172,NOT_APPLICABLE
CAN-LAM-DELETE-048,The final Lamha desktop runtime must not retain or require Linux-only self-hosting setup.,SUPERSEDED_GENERATED_TEMPLATE,"Generated wrapper asserted behavior or proof without a record-specific actor, trigger, observable result, and failure criterion.",02-EVERYTHING-WE-ARE-DELETING.md / lines 173-173,NOT_APPLICABLE
CAN-LAM-DELETE-049,The final Lamha desktop runtime must not retain or require Container health checks.,SUPERSEDED_GENERATED_TEMPLATE,"Generated wrapper asserted behavior or proof without a record-specific actor, trigger, observable result, and failure criterion.",02-EVERYTHING-WE-ARE-DELETING.md / lines 174-174,NOT_APPLICABLE
CAN-LAM-DELETE-050,The final Lamha desktop runtime must not retain or require Container startup scripts.,SUPERSEDED_GENERATED_TEMPLATE,"Generated wrapper asserted behavior or proof without a record-specific actor, trigger, observable result, and failure criterion.",02-EVERYTHING-WE-ARE-DELETING.md / lines 175-175,NOT_APPLICABLE
CAN-LAM-DELETE-051,The final Lamha desktop runtime must not retain or require Container deployment variables.,SUPERSEDED_GENERATED_TEMPLATE,"Generated wrapper asserted behavior or proof without a record-specific actor, trigger, observable result, and failure criterion.",02-EVERYTHING-WE-ARE-DELETING.md / lines 176-176,NOT_APPLICABLE
CAN-LAM-DELETE-052,The final Lamha desktop runtime must not retain or require User-facing Docker troubleshooting.,SUPERSEDED_GENERATED_TEMPLATE,"Generated wrapper asserted behavior or proof without a record-specific actor, trigger, observable result, and failure criterion.",02-EVERYTHING-WE-ARE-DELETING.md / lines 177-177,NOT_APPLICABLE
CAN-LAM-DELETE-053,The final Lamha desktop runtime must not retain or require Docker administration controls.,SUPERSEDED_GENERATED_TEMPLATE,"Generated wrapper asserted behavior or proof without a record-specific actor, trigger, observable result, and failure criterion.",02-EVERYTHING-WE-ARE-DELETING.md / lines 178-178,NOT_APPLICABLE
CAN-LAM-DELETE-054,The final Lamha desktop runtime must not retain or require Docker & Server Dependency Timing Guardrail.,SUPERSEDED_GENERATED_TEMPLATE,"Generated wrapper asserted behavior or proof without a record-specific actor, trigger, observable result, and failure criterion.",02-EVERYTHING-WE-ARE-DELETING.md / lines 181-181,NOT_APPLICABLE
CAN-LAM-DELETE-055,"The final Lamha desktop runtime must not retain or require during Phase 0 and Phase 1, Docker files, database container scripts, and server deployment configs remain untouched while dependencies and baseline evidence are mapped.",SUPERSEDED_GENERATED_TEMPLATE,"Generated wrapper asserted behavior or proof without a record-specific actor, trigger, observable result, and failure criterion.",02-EVERYTHING-WE-ARE-DELETING.md / lines 182-182,NOT_APPLICABLE
CAN-LAM-DELETE-056,"Recorded evidence must demonstrate: In a later assigned safe phase, an item may be removed only after the replacement-before-removal prerequisites in Section 1.1 pass.",SUPERSEDED_GENERATED_TEMPLATE,"Generated wrapper asserted behavior or proof without a record-specific actor, trigger, observable result, and failure criterion.",02-EVERYTHING-WE-ARE-DELETING.md / lines 182-182,NOT_APPLICABLE
CAN-LAM-DELETE-057,The final Lamha desktop runtime must not retain or require PostgreSQL server.,SUPERSEDED_GENERATED_TEMPLATE,"Generated wrapper asserted behavior or proof without a record-specific actor, trigger, observable result, and failure criterion.",02-EVERYTHING-WE-ARE-DELETING.md / lines 190-190,NOT_APPLICABLE
CAN-LAM-DELETE-058,The final Lamha desktop runtime must not retain or require PostgreSQL service setup.,SUPERSEDED_GENERATED_TEMPLATE,"Generated wrapper asserted behavior or proof without a record-specific actor, trigger, observable result, and failure criterion.",02-EVERYTHING-WE-ARE-DELETING.md / lines 191-191,NOT_APPLICABLE
CAN-LAM-DELETE-059,The final Lamha desktop runtime must not retain or require PostgreSQL network connection.,SUPERSEDED_GENERATED_TEMPLATE,"Generated wrapper asserted behavior or proof without a record-specific actor, trigger, observable result, and failure criterion.",02-EVERYTHING-WE-ARE-DELETING.md / lines 192-192,NOT_APPLICABLE
CAN-LAM-DELETE-060,The final Lamha desktop runtime must not retain or require PostgreSQL credentials.,SUPERSEDED_GENERATED_TEMPLATE,"Generated wrapper asserted behavior or proof without a record-specific actor, trigger, observable result, and failure criterion.",02-EVERYTHING-WE-ARE-DELETING.md / lines 193-193,NOT_APPLICABLE
CAN-LAM-DELETE-061,The final Lamha desktop runtime must not retain or require PostgreSQL administration.,SUPERSEDED_GENERATED_TEMPLATE,"Generated wrapper asserted behavior or proof without a record-specific actor, trigger, observable result, and failure criterion.",02-EVERYTHING-WE-ARE-DELETING.md / lines 194-194,NOT_APPLICABLE
CAN-LAM-DELETE-062,The final Lamha desktop runtime must not retain or require PostgreSQL migrations as the sole product data store.,SUPERSEDED_GENERATED_TEMPLATE,"Generated wrapper asserted behavior or proof without a record-specific actor, trigger, observable result, and failure criterion.",02-EVERYTHING-WE-ARE-DELETING.md / lines 195-195,NOT_APPLICABLE
CAN-LAM-DELETE-063,The final Lamha desktop runtime must not retain or require PostgreSQL extensions required for core use.,SUPERSEDED_GENERATED_TEMPLATE,"Generated wrapper asserted behavior or proof without a record-specific actor, trigger, observable result, and failure criterion.",02-EVERYTHING-WE-ARE-DELETING.md / lines 196-196,NOT_APPLICABLE
CAN-LAM-DELETE-064,The final Lamha desktop runtime must not retain or require VectorChord or equivalent server extension requirements.,SUPERSEDED_GENERATED_TEMPLATE,"Generated wrapper asserted behavior or proof without a record-specific actor, trigger, observable result, and failure criterion.",02-EVERYTHING-WE-ARE-DELETING.md / lines 197-197,NOT_APPLICABLE
CAN-LAM-DELETE-066,The final Lamha desktop runtime must not retain or require Redis service.,SUPERSEDED_GENERATED_TEMPLATE,"Generated wrapper asserted behavior or proof without a record-specific actor, trigger, observable result, and failure criterion.",02-EVERYTHING-WE-ARE-DELETING.md / lines 211-211,NOT_APPLICABLE
CAN-LAM-DELETE-067,The final Lamha desktop runtime must not retain or require Redis network connection.,SUPERSEDED_GENERATED_TEMPLATE,"Generated wrapper asserted behavior or proof without a record-specific actor, trigger, observable result, and failure criterion.",02-EVERYTHING-WE-ARE-DELETING.md / lines 212-212,NOT_APPLICABLE
CAN-LAM-DELETE-068,The final Lamha desktop runtime must not retain or require Redis credentials.,SUPERSEDED_GENERATED_TEMPLATE,"Generated wrapper asserted behavior or proof without a record-specific actor, trigger, observable result, and failure criterion.",02-EVERYTHING-WE-ARE-DELETING.md / lines 213-213,NOT_APPLICABLE
CAN-LAM-DELETE-069,The final Lamha desktop runtime must not retain or require Redis-backed job queues.,SUPERSEDED_GENERATED_TEMPLATE,"Generated wrapper asserted behavior or proof without a record-specific actor, trigger, observable result, and failure criterion.",02-EVERYTHING-WE-ARE-DELETING.md / lines 214-214,NOT_APPLICABLE
CAN-LAM-DELETE-070,The final Lamha desktop runtime must not retain or require Server queue dashboards.,SUPERSEDED_GENERATED_TEMPLATE,"Generated wrapper asserted behavior or proof without a record-specific actor, trigger, observable result, and failure criterion.",02-EVERYTHING-WE-ARE-DELETING.md / lines 216-216,NOT_APPLICABLE
CAN-LAM-DELETE-071,The final Lamha desktop runtime must not retain or require Cross-machine job processing.,SUPERSEDED_GENERATED_TEMPLATE,"Generated wrapper asserted behavior or proof without a record-specific actor, trigger, observable result, and failure criterion.",02-EVERYTHING-WE-ARE-DELETING.md / lines 217-217,NOT_APPLICABLE
CAN-LAM-DELETE-072,The final Lamha desktop runtime must not retain or require Server queue retry infrastructure that exists only for distributed deployment.,SUPERSEDED_GENERATED_TEMPLATE,"Generated wrapper asserted behavior or proof without a record-specific actor, trigger, observable result, and failure criterion.",02-EVERYTHING-WE-ARE-DELETING.md / lines 218-218,NOT_APPLICABLE
CAN-LAM-DELETE-073,The final Lamha desktop runtime must not retain or require Pause.,SUPERSEDED_GENERATED_TEMPLATE,"Generated wrapper asserted behavior or proof without a record-specific actor, trigger, observable result, and failure criterion.",02-EVERYTHING-WE-ARE-DELETING.md / lines 222-222,NOT_APPLICABLE
CAN-LAM-DELETE-074,The final Lamha desktop runtime must not retain or require Resume.,SUPERSEDED_GENERATED_TEMPLATE,"Generated wrapper asserted behavior or proof without a record-specific actor, trigger, observable result, and failure criterion.",02-EVERYTHING-WE-ARE-DELETING.md / lines 223-223,NOT_APPLICABLE
CAN-LAM-DELETE-075,The final Lamha desktop runtime must not retain or require Recovery.,SUPERSEDED_GENERATED_TEMPLATE,"Generated wrapper asserted behavior or proof without a record-specific actor, trigger, observable result, and failure criterion.",02-EVERYTHING-WE-ARE-DELETING.md / lines 224-224,NOT_APPLICABLE
CAN-LAM-DELETE-076,The final Lamha desktop runtime must not retain or require Progress.,SUPERSEDED_GENERATED_TEMPLATE,"Generated wrapper asserted behavior or proof without a record-specific actor, trigger, observable result, and failure criterion.",02-EVERYTHING-WE-ARE-DELETING.md / lines 225-225,NOT_APPLICABLE
CAN-LAM-DELETE-077,The final Lamha desktop runtime must not retain or require Local persistence.,SUPERSEDED_GENERATED_TEMPLATE,"Generated wrapper asserted behavior or proof without a record-specific actor, trigger, observable result, and failure criterion.",02-EVERYTHING-WE-ARE-DELETING.md / lines 226-226,NOT_APPLICABLE
CAN-LAM-DELETE-078,The final Lamha desktop runtime must not retain or require Per-task state.,SUPERSEDED_GENERATED_TEMPLATE,"Generated wrapper asserted behavior or proof without a record-specific actor, trigger, observable result, and failure criterion.",02-EVERYTHING-WE-ARE-DELETING.md / lines 227-227,NOT_APPLICABLE
CAN-LAM-DELETE-079,The final Lamha desktop runtime must not retain or require No network service.,SUPERSEDED_GENERATED_TEMPLATE,"Generated wrapper asserted behavior or proof without a record-specific actor, trigger, observable result, and failure criterion.",02-EVERYTHING-WE-ARE-DELETING.md / lines 228-228,NOT_APPLICABLE
CAN-LAM-DELETE-080,The final Lamha desktop runtime must not retain or require Delete.,SUPERSEDED_GENERATED_TEMPLATE,"Generated wrapper asserted behavior or proof without a record-specific actor, trigger, observable result, and failure criterion.",02-EVERYTHING-WE-ARE-DELETING.md / lines 236-236,NOT_APPLICABLE
CAN-LAM-DELETE-081,The final Lamha desktop runtime must not retain or require Registration.,SUPERSEDED_GENERATED_TEMPLATE,"Generated wrapper asserted behavior or proof without a record-specific actor, trigger, observable result, and failure criterion.",02-EVERYTHING-WE-ARE-DELETING.md / lines 238-238,NOT_APPLICABLE
CAN-LAM-DELETE-082,The final Lamha desktop runtime must not retain or require Login.,SUPERSEDED_GENERATED_TEMPLATE,"Generated wrapper asserted behavior or proof without a record-specific actor, trigger, observable result, and failure criterion.",02-EVERYTHING-WE-ARE-DELETING.md / lines 239-239,NOT_APPLICABLE
CAN-LAM-DELETE-083,The final Lamha desktop runtime must not retain or require Logout.,SUPERSEDED_GENERATED_TEMPLATE,"Generated wrapper asserted behavior or proof without a record-specific actor, trigger, observable result, and failure criterion.",02-EVERYTHING-WE-ARE-DELETING.md / lines 240-240,NOT_APPLICABLE
CAN-LAM-DELETE-084,The final Lamha desktop runtime must not retain or require Password authentication.,SUPERSEDED_GENERATED_TEMPLATE,"Generated wrapper asserted behavior or proof without a record-specific actor, trigger, observable result, and failure criterion.",02-EVERYTHING-WE-ARE-DELETING.md / lines 241-241,NOT_APPLICABLE
CAN-LAM-DELETE-085,The final Lamha desktop runtime must not retain or require Password reset.,SUPERSEDED_GENERATED_TEMPLATE,"Generated wrapper asserted behavior or proof without a record-specific actor, trigger, observable result, and failure criterion.",02-EVERYTHING-WE-ARE-DELETING.md / lines 242-242,NOT_APPLICABLE
CAN-LAM-DELETE-086,The final Lamha desktop runtime must not retain or require Email verification.,SUPERSEDED_GENERATED_TEMPLATE,"Generated wrapper asserted behavior or proof without a record-specific actor, trigger, observable result, and failure criterion.",02-EVERYTHING-WE-ARE-DELETING.md / lines 243-243,NOT_APPLICABLE
CAN-LAM-DELETE-087,The final Lamha desktop runtime must not retain or require OAuth.,SUPERSEDED_GENERATED_TEMPLATE,"Generated wrapper asserted behavior or proof without a record-specific actor, trigger, observable result, and failure criterion.",02-EVERYTHING-WE-ARE-DELETING.md / lines 244-244,NOT_APPLICABLE
CAN-LAM-DELETE-088,The final Lamha desktop runtime must not retain or require OpenID Connect.,SUPERSEDED_GENERATED_TEMPLATE,"Generated wrapper asserted behavior or proof without a record-specific actor, trigger, observable result, and failure criterion.",02-EVERYTHING-WE-ARE-DELETING.md / lines 245-245,NOT_APPLICABLE
CAN-LAM-DELETE-089,The final Lamha desktop runtime must not retain or require Session cookies.,SUPERSEDED_GENERATED_TEMPLATE,"Generated wrapper asserted behavior or proof without a record-specific actor, trigger, observable result, and failure criterion.",02-EVERYTHING-WE-ARE-DELETING.md / lines 246-246,NOT_APPLICABLE
CAN-LAM-DELETE-090,The final Lamha desktop runtime must not retain or require Access tokens.,SUPERSEDED_GENERATED_TEMPLATE,"Generated wrapper asserted behavior or proof without a record-specific actor, trigger, observable result, and failure criterion.",02-EVERYTHING-WE-ARE-DELETING.md / lines 247-247,NOT_APPLICABLE
CAN-LAM-DELETE-091,The final Lamha desktop runtime must not retain or require Refresh tokens.,SUPERSEDED_GENERATED_TEMPLATE,"Generated wrapper asserted behavior or proof without a record-specific actor, trigger, observable result, and failure criterion.",02-EVERYTHING-WE-ARE-DELETING.md / lines 248-248,NOT_APPLICABLE
CAN-LAM-DELETE-092,The final Lamha desktop runtime must not retain or require Account recovery.,SUPERSEDED_GENERATED_TEMPLATE,"Generated wrapper asserted behavior or proof without a record-specific actor, trigger, observable result, and failure criterion.",02-EVERYTHING-WE-ARE-DELETING.md / lines 249-249,NOT_APPLICABLE
CAN-LAM-DELETE-093,The final Lamha desktop runtime must not retain or require User invitations.,SUPERSEDED_GENERATED_TEMPLATE,"Generated wrapper asserted behavior or proof without a record-specific actor, trigger, observable result, and failure criterion.",02-EVERYTHING-WE-ARE-DELETING.md / lines 250-250,NOT_APPLICABLE
CAN-LAM-DELETE-094,The final Lamha desktop runtime must not retain or require User onboarding for multiple accounts.,SUPERSEDED_GENERATED_TEMPLATE,"Generated wrapper asserted behavior or proof without a record-specific actor, trigger, observable result, and failure criterion.",02-EVERYTHING-WE-ARE-DELETING.md / lines 251-251,NOT_APPLICABLE
CAN-LAM-DELETE-095,The final Lamha desktop runtime must not retain or require User profile switching.,SUPERSEDED_GENERATED_TEMPLATE,"Generated wrapper asserted behavior or proof without a record-specific actor, trigger, observable result, and failure criterion.",02-EVERYTHING-WE-ARE-DELETING.md / lines 252-252,NOT_APPLICABLE
CAN-LAM-DELETE-096,The final Lamha desktop runtime must not retain or require User role management.,SUPERSEDED_GENERATED_TEMPLATE,"Generated wrapper asserted behavior or proof without a record-specific actor, trigger, observable result, and failure criterion.",02-EVERYTHING-WE-ARE-DELETING.md / lines 253-253,NOT_APPLICABLE
CAN-LAM-DELETE-097,The final Lamha desktop runtime must not retain or require Admin roles.,SUPERSEDED_GENERATED_TEMPLATE,"Generated wrapper asserted behavior or proof without a record-specific actor, trigger, observable result, and failure criterion.",02-EVERYTHING-WE-ARE-DELETING.md / lines 254-254,NOT_APPLICABLE
CAN-LAM-DELETE-098,The final Lamha desktop runtime must not retain or require User permission tables.,SUPERSEDED_GENERATED_TEMPLATE,"Generated wrapper asserted behavior or proof without a record-specific actor, trigger, observable result, and failure criterion.",02-EVERYTHING-WE-ARE-DELETING.md / lines 255-255,NOT_APPLICABLE
CAN-LAM-DELETE-099,The final Lamha desktop runtime must not retain or require Per-user storage ownership.,SUPERSEDED_GENERATED_TEMPLATE,"Generated wrapper asserted behavior or proof without a record-specific actor, trigger, observable result, and failure criterion.",02-EVERYTHING-WE-ARE-DELETING.md / lines 256-256,NOT_APPLICABLE
CAN-LAM-DELETE-100,The final Lamha desktop runtime must not retain or require User quota enforcement.,SUPERSEDED_GENERATED_TEMPLATE,"Generated wrapper asserted behavior or proof without a record-specific actor, trigger, observable result, and failure criterion.",02-EVERYTHING-WE-ARE-DELETING.md / lines 257-257,NOT_APPLICABLE
CAN-LAM-DELETE-101,The final Lamha desktop runtime must not retain or require Account deletion flows.,SUPERSEDED_GENERATED_TEMPLATE,"Generated wrapper asserted behavior or proof without a record-specific actor, trigger, observable result, and failure criterion.",02-EVERYTHING-WE-ARE-DELETING.md / lines 258-258,NOT_APPLICABLE
CAN-LAM-DELETE-102,The final Lamha desktop runtime must not retain or require User audit tools.,SUPERSEDED_GENERATED_TEMPLATE,"Generated wrapper asserted behavior or proof without a record-specific actor, trigger, observable result, and failure criterion.",02-EVERYTHING-WE-ARE-DELETING.md / lines 259-259,NOT_APPLICABLE
CAN-LAM-DELETE-103,The final Lamha desktop runtime must not retain or require Authentication middleware.,SUPERSEDED_GENERATED_TEMPLATE,"Generated wrapper asserted behavior or proof without a record-specific actor, trigger, observable result, and failure criterion.",02-EVERYTHING-WE-ARE-DELETING.md / lines 260-260,NOT_APPLICABLE
CAN-LAM-DELETE-104,The final Lamha desktop runtime must not retain or require Authentication guards.,SUPERSEDED_GENERATED_TEMPLATE,"Generated wrapper asserted behavior or proof without a record-specific actor, trigger, observable result, and failure criterion.",02-EVERYTHING-WE-ARE-DELETING.md / lines 261-261,NOT_APPLICABLE
CAN-LAM-DELETE-105,The final Lamha desktop runtime must not retain or require Login route redirection.,SUPERSEDED_GENERATED_TEMPLATE,"Generated wrapper asserted behavior or proof without a record-specific actor, trigger, observable result, and failure criterion.",02-EVERYTHING-WE-ARE-DELETING.md / lines 262-262,NOT_APPLICABLE
CAN-LAM-DELETE-106,The final Lamha desktop runtime must not retain or require Remote session management.,SUPERSEDED_GENERATED_TEMPLATE,"Generated wrapper asserted behavior or proof without a record-specific actor, trigger, observable result, and failure criterion.",02-EVERYTHING-WE-ARE-DELETING.md / lines 263-263,NOT_APPLICABLE
CAN-LAM-DELETE-108,The final Lamha desktop runtime must not retain or require Multi-user accounts.,SUPERSEDED_GENERATED_TEMPLATE,"Generated wrapper asserted behavior or proof without a record-specific actor, trigger, observable result, and failure criterion.",02-EVERYTHING-WE-ARE-DELETING.md / lines 273-273,NOT_APPLICABLE
CAN-LAM-DELETE-109,The final Lamha desktop runtime must not retain or require Per-user libraries.,SUPERSEDED_GENERATED_TEMPLATE,"Generated wrapper asserted behavior or proof without a record-specific actor, trigger, observable result, and failure criterion.",02-EVERYTHING-WE-ARE-DELETING.md / lines 274-274,NOT_APPLICABLE
CAN-LAM-DELETE-110,The final Lamha desktop runtime must not retain or require Partner sharing.,SUPERSEDED_GENERATED_TEMPLATE,"Generated wrapper asserted behavior or proof without a record-specific actor, trigger, observable result, and failure criterion.",02-EVERYTHING-WE-ARE-DELETING.md / lines 275-275,NOT_APPLICABLE
CAN-LAM-DELETE-111,The final Lamha desktop runtime must not retain or require Shared ownership.,SUPERSEDED_GENERATED_TEMPLATE,"Generated wrapper asserted behavior or proof without a record-specific actor, trigger, observable result, and failure criterion.",02-EVERYTHING-WE-ARE-DELETING.md / lines 277-277,NOT_APPLICABLE
CAN-LAM-DELETE-112,The final Lamha desktop runtime must not retain or require Shared album permissions.,SUPERSEDED_GENERATED_TEMPLATE,"Generated wrapper asserted behavior or proof without a record-specific actor, trigger, observable result, and failure criterion.",02-EVERYTHING-WE-ARE-DELETING.md / lines 278-278,NOT_APPLICABLE
CAN-LAM-DELETE-113,The final Lamha desktop runtime must not retain or require User invite workflows.,SUPERSEDED_GENERATED_TEMPLATE,"Generated wrapper asserted behavior or proof without a record-specific actor, trigger, observable result, and failure criterion.",02-EVERYTHING-WE-ARE-DELETING.md / lines 279-279,NOT_APPLICABLE
CAN-LAM-DELETE-114,The final Lamha desktop runtime must not retain or require User-level quotas.,SUPERSEDED_GENERATED_TEMPLATE,"Generated wrapper asserted behavior or proof without a record-specific actor, trigger, observable result, and failure criterion.",02-EVERYTHING-WE-ARE-DELETING.md / lines 280-280,NOT_APPLICABLE
CAN-LAM-DELETE-115,The final Lamha desktop runtime must not retain or require User administration.,SUPERSEDED_GENERATED_TEMPLATE,"Generated wrapper asserted behavior or proof without a record-specific actor, trigger, observable result, and failure criterion.",02-EVERYTHING-WE-ARE-DELETING.md / lines 281-281,NOT_APPLICABLE
CAN-LAM-DELETE-116,The final Lamha desktop runtime must not retain or require User activity dashboards.,SUPERSEDED_GENERATED_TEMPLATE,"Generated wrapper asserted behavior or proof without a record-specific actor, trigger, observable result, and failure criterion.",02-EVERYTHING-WE-ARE-DELETING.md / lines 282-282,NOT_APPLICABLE
CAN-LAM-DELETE-117,The final Lamha desktop runtime must not retain or require User-scoped server storage.,SUPERSEDED_GENERATED_TEMPLATE,"Generated wrapper asserted behavior or proof without a record-specific actor, trigger, observable result, and failure criterion.",02-EVERYTHING-WE-ARE-DELETING.md / lines 283-283,NOT_APPLICABLE
CAN-LAM-DELETE-118,The final Lamha desktop runtime must not retain or require Cross-user album collaboration.,SUPERSEDED_GENERATED_TEMPLATE,"Generated wrapper asserted behavior or proof without a record-specific actor, trigger, observable result, and failure criterion.",02-EVERYTHING-WE-ARE-DELETING.md / lines 285-285,NOT_APPLICABLE
CAN-LAM-DELETE-119,The final Lamha desktop runtime must not retain or require Multi-user API permissions.,SUPERSEDED_GENERATED_TEMPLATE,"Generated wrapper asserted behavior or proof without a record-specific actor, trigger, observable result, and failure criterion.",02-EVERYTHING-WE-ARE-DELETING.md / lines 286-286,NOT_APPLICABLE
CAN-LAM-DELETE-120,The final Lamha desktop runtime must not retain or require Public sharing links.,SUPERSEDED_GENERATED_TEMPLATE,"Generated wrapper asserted behavior or proof without a record-specific actor, trigger, observable result, and failure criterion.",02-EVERYTHING-WE-ARE-DELETING.md / lines 296-296,NOT_APPLICABLE
CAN-LAM-DELETE-121,The final Lamha desktop runtime must not retain or require Remote album links.,SUPERSEDED_GENERATED_TEMPLATE,"Generated wrapper asserted behavior or proof without a record-specific actor, trigger, observable result, and failure criterion.",02-EVERYTHING-WE-ARE-DELETING.md / lines 298-298,NOT_APPLICABLE
CAN-LAM-DELETE-122,The final Lamha desktop runtime must not retain or require Expiring server links.,SUPERSEDED_GENERATED_TEMPLATE,"Generated wrapper asserted behavior or proof without a record-specific actor, trigger, observable result, and failure criterion.",02-EVERYTHING-WE-ARE-DELETING.md / lines 299-299,NOT_APPLICABLE
CAN-LAM-DELETE-123,The final Lamha desktop runtime must not retain or require Link passwords.,SUPERSEDED_GENERATED_TEMPLATE,"Generated wrapper asserted behavior or proof without a record-specific actor, trigger, observable result, and failure criterion.",02-EVERYTHING-WE-ARE-DELETING.md / lines 300-300,NOT_APPLICABLE
CAN-LAM-DELETE-124,The final Lamha desktop runtime must not retain or require Public download pages.,SUPERSEDED_GENERATED_TEMPLATE,"Generated wrapper asserted behavior or proof without a record-specific actor, trigger, observable result, and failure criterion.",02-EVERYTHING-WE-ARE-DELETING.md / lines 301-301,NOT_APPLICABLE
CAN-LAM-DELETE-125,The final Lamha desktop runtime must not retain or require Public presentation pages.,SUPERSEDED_GENERATED_TEMPLATE,"Generated wrapper asserted behavior or proof without a record-specific actor, trigger, observable result, and failure criterion.",02-EVERYTHING-WE-ARE-DELETING.md / lines 302-302,NOT_APPLICABLE
CAN-LAM-DELETE-126,The final Lamha desktop runtime must not retain or require Remote guest access.,SUPERSEDED_GENERATED_TEMPLATE,"Generated wrapper asserted behavior or proof without a record-specific actor, trigger, observable result, and failure criterion.",02-EVERYTHING-WE-ARE-DELETING.md / lines 303-303,NOT_APPLICABLE
CAN-LAM-DELETE-127,The final Lamha desktop runtime must not retain or require Internet-based shared albums.,SUPERSEDED_GENERATED_TEMPLATE,"Generated wrapper asserted behavior or proof without a record-specific actor, trigger, observable result, and failure criterion.",02-EVERYTHING-WE-ARE-DELETING.md / lines 304-304,NOT_APPLICABLE
CAN-LAM-DELETE-128,The final Lamha desktop runtime must not retain or require Public API exposure.,SUPERSEDED_GENERATED_TEMPLATE,"Generated wrapper asserted behavior or proof without a record-specific actor, trigger, observable result, and failure criterion.",02-EVERYTHING-WE-ARE-DELETING.md / lines 306-306,NOT_APPLICABLE
CAN-LAM-DELETE-129,The final Lamha desktop runtime must not retain or require External client API keys.,SUPERSEDED_GENERATED_TEMPLATE,"Generated wrapper asserted behavior or proof without a record-specific actor, trigger, observable result, and failure criterion.",02-EVERYTHING-WE-ARE-DELETING.md / lines 307-307,NOT_APPLICABLE
CAN-LAM-DELETE-130,The final Lamha desktop runtime must not retain or require Remote webhook delivery.,SUPERSEDED_GENERATED_TEMPLATE,"Generated wrapper asserted behavior or proof without a record-specific actor, trigger, observable result, and failure criterion.",02-EVERYTHING-WE-ARE-DELETING.md / lines 308-308,NOT_APPLICABLE
CAN-LAM-DELETE-131,The final Lamha desktop runtime must not retain or require Remote integrations that require Lamha to run as a server.,SUPERSEDED_GENERATED_TEMPLATE,"Generated wrapper asserted behavior or proof without a record-specific actor, trigger, observable result, and failure criterion.",02-EVERYTHING-WE-ARE-DELETING.md / lines 309-309,NOT_APPLICABLE
CAN-LAM-DELETE-132,The final Lamha desktop runtime must not retain or require Phone auto-upload.,SUPERSEDED_GENERATED_TEMPLATE,"Generated wrapper asserted behavior or proof without a record-specific actor, trigger, observable result, and failure criterion.",02-EVERYTHING-WE-ARE-DELETING.md / lines 319-319,NOT_APPLICABLE
CAN-LAM-DELETE-133,The final Lamha desktop runtime must not retain or require Background phone synchronization.,SUPERSEDED_GENERATED_TEMPLATE,"Generated wrapper asserted behavior or proof without a record-specific actor, trigger, observable result, and failure criterion.",02-EVERYTHING-WE-ARE-DELETING.md / lines 321-321,NOT_APPLICABLE
CAN-LAM-DELETE-134,The final Lamha desktop runtime must not retain or require Upload queues from mobile devices.,SUPERSEDED_GENERATED_TEMPLATE,"Generated wrapper asserted behavior or proof without a record-specific actor, trigger, observable result, and failure criterion.",02-EVERYTHING-WE-ARE-DELETING.md / lines 322-322,NOT_APPLICABLE
CAN-LAM-DELETE-135,The final Lamha desktop runtime must not retain or require Mobile-device server pairing.,SUPERSEDED_GENERATED_TEMPLATE,"Generated wrapper asserted behavior or proof without a record-specific actor, trigger, observable result, and failure criterion.",02-EVERYTHING-WE-ARE-DELETING.md / lines 324-324,NOT_APPLICABLE
CAN-LAM-DELETE-136,The final Lamha desktop runtime must not retain or require Server-side upload sessions.,SUPERSEDED_GENERATED_TEMPLATE,"Generated wrapper asserted behavior or proof without a record-specific actor, trigger, observable result, and failure criterion.",02-EVERYTHING-WE-ARE-DELETING.md / lines 325-325,NOT_APPLICABLE
CAN-LAM-DELETE-137,The final Lamha desktop runtime must not retain or require Remote deduplication for phone uploads.,SUPERSEDED_GENERATED_TEMPLATE,"Generated wrapper asserted behavior or proof without a record-specific actor, trigger, observable result, and failure criterion.",02-EVERYTHING-WE-ARE-DELETING.md / lines 326-326,NOT_APPLICABLE
CAN-LAM-DELETE-138,The final Lamha desktop runtime must not retain or require Phone device management.,SUPERSEDED_GENERATED_TEMPLATE,"Generated wrapper asserted behavior or proof without a record-specific actor, trigger, observable result, and failure criterion.",02-EVERYTHING-WE-ARE-DELETING.md / lines 328-328,NOT_APPLICABLE
CAN-LAM-DELETE-139,The final Lamha desktop runtime must not retain or require Browser upload to remote server.,SUPERSEDED_GENERATED_TEMPLATE,"Generated wrapper asserted behavior or proof without a record-specific actor, trigger, observable result, and failure criterion.",02-EVERYTHING-WE-ARE-DELETING.md / lines 340-340,NOT_APPLICABLE
CAN-LAM-DELETE-140,The final Lamha desktop runtime must not retain or require Network upload endpoints.,SUPERSEDED_GENERATED_TEMPLATE,"Generated wrapper asserted behavior or proof without a record-specific actor, trigger, observable result, and failure criterion.",02-EVERYTHING-WE-ARE-DELETING.md / lines 341-341,NOT_APPLICABLE
CAN-LAM-DELETE-141,The final Lamha desktop runtime must not retain or require Chunked remote upload.,SUPERSEDED_GENERATED_TEMPLATE,"Generated wrapper asserted behavior or proof without a record-specific actor, trigger, observable result, and failure criterion.",02-EVERYTHING-WE-ARE-DELETING.md / lines 342-342,NOT_APPLICABLE
CAN-LAM-DELETE-142,The final Lamha desktop runtime must not retain or require Remote multipart upload.,SUPERSEDED_GENERATED_TEMPLATE,"Generated wrapper asserted behavior or proof without a record-specific actor, trigger, observable result, and failure criterion.",02-EVERYTHING-WE-ARE-DELETING.md / lines 343-343,NOT_APPLICABLE
CAN-LAM-DELETE-143,The final Lamha desktop runtime must not retain or require Remote upload sessions.,SUPERSEDED_GENERATED_TEMPLATE,"Generated wrapper asserted behavior or proof without a record-specific actor, trigger, observable result, and failure criterion.",02-EVERYTHING-WE-ARE-DELETING.md / lines 344-344,NOT_APPLICABLE
CAN-LAM-DELETE-144,The final Lamha desktop runtime must not retain or require Upload authentication.,SUPERSEDED_GENERATED_TEMPLATE,"Generated wrapper asserted behavior or proof without a record-specific actor, trigger, observable result, and failure criterion.",02-EVERYTHING-WE-ARE-DELETING.md / lines 346-346,NOT_APPLICABLE
CAN-LAM-DELETE-145,The final Lamha desktop runtime must not retain or require Remote storage ownership.,SUPERSEDED_GENERATED_TEMPLATE,"Generated wrapper asserted behavior or proof without a record-specific actor, trigger, observable result, and failure criterion.",02-EVERYTHING-WE-ARE-DELETING.md / lines 347-347,NOT_APPLICABLE
CAN-LAM-DELETE-146,The final Lamha desktop runtime must not retain or require Upload quotas.,SUPERSEDED_GENERATED_TEMPLATE,"Generated wrapper asserted behavior or proof without a record-specific actor, trigger, observable result, and failure criterion.",02-EVERYTHING-WE-ARE-DELETING.md / lines 348-348,NOT_APPLICABLE
CAN-LAM-DELETE-147,The final Lamha desktop runtime must not retain or require Remote background import jobs.,SUPERSEDED_GENERATED_TEMPLATE,"Generated wrapper asserted behavior or proof without a record-specific actor, trigger, observable result, and failure criterion.",02-EVERYTHING-WE-ARE-DELETING.md / lines 349-349,NOT_APPLICABLE
CAN-LAM-DELETE-148,The final Lamha desktop runtime must not retain or require SMTP configuration.,SUPERSEDED_GENERATED_TEMPLATE,"Generated wrapper asserted behavior or proof without a record-specific actor, trigger, observable result, and failure criterion.",02-EVERYTHING-WE-ARE-DELETING.md / lines 359-359,NOT_APPLICABLE
CAN-LAM-DELETE-149,The final Lamha desktop runtime must not retain or require Email templates for accounts.,SUPERSEDED_GENERATED_TEMPLATE,"Generated wrapper asserted behavior or proof without a record-specific actor, trigger, observable result, and failure criterion.",02-EVERYTHING-WE-ARE-DELETING.md / lines 360-360,NOT_APPLICABLE
CAN-LAM-DELETE-150,The final Lamha desktop runtime must not retain or require Password-reset emails.,SUPERSEDED_GENERATED_TEMPLATE,"Generated wrapper asserted behavior or proof without a record-specific actor, trigger, observable result, and failure criterion.",02-EVERYTHING-WE-ARE-DELETING.md / lines 362-362,NOT_APPLICABLE
CAN-LAM-DELETE-151,The final Lamha desktop runtime must not retain or require Invitation emails.,SUPERSEDED_GENERATED_TEMPLATE,"Generated wrapper asserted behavior or proof without a record-specific actor, trigger, observable result, and failure criterion.",02-EVERYTHING-WE-ARE-DELETING.md / lines 363-363,NOT_APPLICABLE
CAN-LAM-DELETE-152,The final Lamha desktop runtime must not retain or require Sharing emails.,SUPERSEDED_GENERATED_TEMPLATE,"Generated wrapper asserted behavior or proof without a record-specific actor, trigger, observable result, and failure criterion.",02-EVERYTHING-WE-ARE-DELETING.md / lines 364-364,NOT_APPLICABLE
CAN-LAM-DELETE-153,The final Lamha desktop runtime must not retain or require Server notification emails.,SUPERSEDED_GENERATED_TEMPLATE,"Generated wrapper asserted behavior or proof without a record-specific actor, trigger, observable result, and failure criterion.",02-EVERYTHING-WE-ARE-DELETING.md / lines 365-365,NOT_APPLICABLE
CAN-LAM-DELETE-154,The final Lamha desktop runtime must not retain or require Email delivery jobs.,SUPERSEDED_GENERATED_TEMPLATE,"Generated wrapper asserted behavior or proof without a record-specific actor, trigger, observable result, and failure criterion.",02-EVERYTHING-WE-ARE-DELETING.md / lines 366-366,NOT_APPLICABLE
CAN-LAM-DELETE-155,The final Lamha desktop runtime must not retain or require Email administration.,SUPERSEDED_GENERATED_TEMPLATE,"Generated wrapper asserted behavior or proof without a record-specific actor, trigger, observable result, and failure criterion.",02-EVERYTHING-WE-ARE-DELETING.md / lines 367-367,NOT_APPLICABLE
CAN-LAM-DELETE-156,The final Lamha desktop runtime must not retain or require Mail-provider dependencies.,SUPERSEDED_GENERATED_TEMPLATE,"Generated wrapper asserted behavior or proof without a record-specific actor, trigger, observable result, and failure criterion.",02-EVERYTHING-WE-ARE-DELETING.md / lines 368-368,NOT_APPLICABLE
CAN-LAM-DELETE-157,The final Lamha desktop runtime must not retain or require Lamha does not need email to function.,SUPERSEDED_GENERATED_TEMPLATE,"Generated wrapper asserted behavior or proof without a record-specific actor, trigger, observable result, and failure criterion.",02-EVERYTHING-WE-ARE-DELETING.md / lines 370-370,NOT_APPLICABLE
CAN-LAM-DELETE-158,The final Lamha desktop runtime must not retain or require Delete final-user access to.,SUPERSEDED_GENERATED_TEMPLATE,"Generated wrapper asserted behavior or proof without a record-specific actor, trigger, observable result, and failure criterion.",02-EVERYTHING-WE-ARE-DELETING.md / lines 376-376,NOT_APPLICABLE
CAN-LAM-DELETE-159,The final Lamha desktop runtime must not retain or require Server dashboard.,SUPERSEDED_GENERATED_TEMPLATE,"Generated wrapper asserted behavior or proof without a record-specific actor, trigger, observable result, and failure criterion.",02-EVERYTHING-WE-ARE-DELETING.md / lines 378-378,NOT_APPLICABLE
CAN-LAM-DELETE-160,The final Lamha desktop runtime must not retain or require Server statistics.,SUPERSEDED_GENERATED_TEMPLATE,"Generated wrapper asserted behavior or proof without a record-specific actor, trigger, observable result, and failure criterion.",02-EVERYTHING-WE-ARE-DELETING.md / lines 380-380,NOT_APPLICABLE
CAN-LAM-DELETE-161,The final Lamha desktop runtime must not retain or require Server health administration.,SUPERSEDED_GENERATED_TEMPLATE,"Generated wrapper asserted behavior or proof without a record-specific actor, trigger, observable result, and failure criterion.",02-EVERYTHING-WE-ARE-DELETING.md / lines 381-381,NOT_APPLICABLE
CAN-LAM-DELETE-162,The final Lamha desktop runtime must not retain or require Queue administration.,SUPERSEDED_GENERATED_TEMPLATE,"Generated wrapper asserted behavior or proof without a record-specific actor, trigger, observable result, and failure criterion.",02-EVERYTHING-WE-ARE-DELETING.md / lines 382-382,NOT_APPLICABLE
CAN-LAM-DELETE-163,The final Lamha desktop runtime must not retain or require Storage quota administration.,SUPERSEDED_GENERATED_TEMPLATE,"Generated wrapper asserted behavior or proof without a record-specific actor, trigger, observable result, and failure criterion.",02-EVERYTHING-WE-ARE-DELETING.md / lines 383-383,NOT_APPLICABLE
CAN-LAM-DELETE-164,The final Lamha desktop runtime must not retain or require Remote machine-learning administration.,SUPERSEDED_GENERATED_TEMPLATE,"Generated wrapper asserted behavior or proof without a record-specific actor, trigger, observable result, and failure criterion.",02-EVERYTHING-WE-ARE-DELETING.md / lines 384-384,NOT_APPLICABLE
CAN-LAM-DELETE-165,The final Lamha desktop runtime must not retain or require Server version management.,SUPERSEDED_GENERATED_TEMPLATE,"Generated wrapper asserted behavior or proof without a record-specific actor, trigger, observable result, and failure criterion.",02-EVERYTHING-WE-ARE-DELETING.md / lines 385-385,NOT_APPLICABLE
CAN-LAM-DELETE-166,The final Lamha desktop runtime must not retain or require Network configuration.,SUPERSEDED_GENERATED_TEMPLATE,"Generated wrapper asserted behavior or proof without a record-specific actor, trigger, observable result, and failure criterion.",02-EVERYTHING-WE-ARE-DELETING.md / lines 387-387,NOT_APPLICABLE
CAN-LAM-DELETE-167,The final Lamha desktop runtime must not retain or require API-key management.,SUPERSEDED_GENERATED_TEMPLATE,"Generated wrapper asserted behavior or proof without a record-specific actor, trigger, observable result, and failure criterion.",02-EVERYTHING-WE-ARE-DELETING.md / lines 388-388,NOT_APPLICABLE
CAN-LAM-DELETE-168,The final Lamha desktop runtime must not retain or require SMTP management.,SUPERSEDED_GENERATED_TEMPLATE,"Generated wrapper asserted behavior or proof without a record-specific actor, trigger, observable result, and failure criterion.",02-EVERYTHING-WE-ARE-DELETING.md / lines 389-389,NOT_APPLICABLE
CAN-LAM-DELETE-169,The final Lamha desktop runtime must not retain or require OAuth management.,SUPERSEDED_GENERATED_TEMPLATE,"Generated wrapper asserted behavior or proof without a record-specific actor, trigger, observable result, and failure criterion.",02-EVERYTHING-WE-ARE-DELETING.md / lines 390-390,NOT_APPLICABLE
CAN-LAM-DELETE-170,The final Lamha desktop runtime must not retain or require Reverse-proxy configuration.,SUPERSEDED_GENERATED_TEMPLATE,"Generated wrapper asserted behavior or proof without a record-specific actor, trigger, observable result, and failure criterion.",02-EVERYTHING-WE-ARE-DELETING.md / lines 391-391,NOT_APPLICABLE
CAN-LAM-DELETE-171,The final Lamha desktop runtime must not retain or require Container management.,SUPERSEDED_GENERATED_TEMPLATE,"Generated wrapper asserted behavior or proof without a record-specific actor, trigger, observable result, and failure criterion.",02-EVERYTHING-WE-ARE-DELETING.md / lines 392-392,NOT_APPLICABLE
CAN-LAM-DELETE-172,The final Lamha desktop runtime must not retain or require Database administration.,SUPERSEDED_GENERATED_TEMPLATE,"Generated wrapper asserted behavior or proof without a record-specific actor, trigger, observable result, and failure criterion.",02-EVERYTHING-WE-ARE-DELETING.md / lines 393-393,NOT_APPLICABLE
CAN-LAM-DELETE-173,The final Lamha desktop runtime must not retain or require Server logs intended for self-hosting operations.,SUPERSEDED_GENERATED_TEMPLATE,"Generated wrapper asserted behavior or proof without a record-specific actor, trigger, observable result, and failure criterion.",02-EVERYTHING-WE-ARE-DELETING.md / lines 394-394,NOT_APPLICABLE
CAN-LAM-DELETE-174,The final Lamha desktop runtime must not retain or require Lamha may retain a local diagnostics page for.,SUPERSEDED_GENERATED_TEMPLATE,"Generated wrapper asserted behavior or proof without a record-specific actor, trigger, observable result, and failure criterion.",02-EVERYTHING-WE-ARE-DELETING.md / lines 396-396,NOT_APPLICABLE
CAN-LAM-DELETE-175,The final Lamha desktop runtime must not retain or require Local index health.,SUPERSEDED_GENERATED_TEMPLATE,"Generated wrapper asserted behavior or proof without a record-specific actor, trigger, observable result, and failure criterion.",02-EVERYTHING-WE-ARE-DELETING.md / lines 398-398,NOT_APPLICABLE
CAN-LAM-DELETE-176,The final Lamha desktop runtime must not retain or require Local logs.,SUPERSEDED_GENERATED_TEMPLATE,"Generated wrapper asserted behavior or proof without a record-specific actor, trigger, observable result, and failure criterion.",02-EVERYTHING-WE-ARE-DELETING.md / lines 403-403,NOT_APPLICABLE
CAN-LAM-DELETE-177,The final Lamha desktop runtime must not retain or require Per-user storage quotas.,SUPERSEDED_GENERATED_TEMPLATE,"Generated wrapper asserted behavior or proof without a record-specific actor, trigger, observable result, and failure criterion.",02-EVERYTHING-WE-ARE-DELETING.md / lines 413-413,NOT_APPLICABLE
CAN-LAM-DELETE-178,The final Lamha desktop runtime must not retain or require Server upload allocation.,SUPERSEDED_GENERATED_TEMPLATE,"Generated wrapper asserted behavior or proof without a record-specific actor, trigger, observable result, and failure criterion.",02-EVERYTHING-WE-ARE-DELETING.md / lines 415-415,NOT_APPLICABLE
CAN-LAM-DELETE-179,The final Lamha desktop runtime must not retain or require Remote storage quota warnings.,SUPERSEDED_GENERATED_TEMPLATE,"Generated wrapper asserted behavior or proof without a record-specific actor, trigger, observable result, and failure criterion.",02-EVERYTHING-WE-ARE-DELETING.md / lines 417-417,NOT_APPLICABLE
CAN-LAM-DELETE-180,The final Lamha desktop runtime must not retain or require Admin quota overrides.,SUPERSEDED_GENERATED_TEMPLATE,"Generated wrapper asserted behavior or proof without a record-specific actor, trigger, observable result, and failure criterion.",02-EVERYTHING-WE-ARE-DELETING.md / lines 418-418,NOT_APPLICABLE
CAN-LAM-DELETE-181,The final Lamha desktop runtime must not retain or require User storage reports.,SUPERSEDED_GENERATED_TEMPLATE,"Generated wrapper asserted behavior or proof without a record-specific actor, trigger, observable result, and failure criterion.",02-EVERYTHING-WE-ARE-DELETING.md / lines 419-419,NOT_APPLICABLE
CAN-LAM-DELETE-182,The final Lamha desktop runtime must not retain or require Storage limits tied to accounts.,SUPERSEDED_GENERATED_TEMPLATE,"Generated wrapper asserted behavior or proof without a record-specific actor, trigger, observable result, and failure criterion.",02-EVERYTHING-WE-ARE-DELETING.md / lines 420-420,NOT_APPLICABLE
CAN-LAM-DELETE-183,The final Lamha desktop runtime must not retain or require SaaS storage.,SUPERSEDED_GENERATED_TEMPLATE,"Generated wrapper asserted behavior or proof without a record-specific actor, trigger, observable result, and failure criterion.",02-EVERYTHING-WE-ARE-DELETING.md / lines 432-432,NOT_APPLICABLE
CAN-LAM-DELETE-184,The final Lamha desktop runtime must not retain or require Remote storage accounts.,SUPERSEDED_GENERATED_TEMPLATE,"Generated wrapper asserted behavior or proof without a record-specific actor, trigger, observable result, and failure criterion.",02-EVERYTHING-WE-ARE-DELETING.md / lines 433-433,NOT_APPLICABLE
CAN-LAM-DELETE-185,The final Lamha desktop runtime must not retain or require Cloud-provider credentials.,SUPERSEDED_GENERATED_TEMPLATE,"Generated wrapper asserted behavior or proof without a record-specific actor, trigger, observable result, and failure criterion.",02-EVERYTHING-WE-ARE-DELETING.md / lines 434-434,NOT_APPLICABLE
CAN-LAM-DELETE-186,The final Lamha desktop runtime must not retain or require Automatic off-device upload.,SUPERSEDED_GENERATED_TEMPLATE,"Generated wrapper asserted behavior or proof without a record-specific actor, trigger, observable result, and failure criterion.",02-EVERYTHING-WE-ARE-DELETING.md / lines 435-435,NOT_APPLICABLE
CAN-LAM-DELETE-187,The final Lamha desktop runtime must not retain or require Cloud-hosted thumbnails.,SUPERSEDED_GENERATED_TEMPLATE,"Generated wrapper asserted behavior or proof without a record-specific actor, trigger, observable result, and failure criterion.",02-EVERYTHING-WE-ARE-DELETING.md / lines 437-437,NOT_APPLICABLE
CAN-LAM-DELETE-188,The final Lamha desktop runtime must not retain or require Cloud-hosted embeddings.,SUPERSEDED_GENERATED_TEMPLATE,"Generated wrapper asserted behavior or proof without a record-specific actor, trigger, observable result, and failure criterion.",02-EVERYTHING-WE-ARE-DELETING.md / lines 438-438,NOT_APPLICABLE
CAN-LAM-DELETE-189,The final Lamha desktop runtime must not retain or require Remote machine-learning URL.,SUPERSEDED_GENERATED_TEMPLATE,"Generated wrapper asserted behavior or proof without a record-specific actor, trigger, observable result, and failure criterion.",02-EVERYTHING-WE-ARE-DELETING.md / lines 451-451,NOT_APPLICABLE
CAN-LAM-DELETE-190,The final Lamha desktop runtime must not retain or require Network ML requests.,SUPERSEDED_GENERATED_TEMPLATE,"Generated wrapper asserted behavior or proof without a record-specific actor, trigger, observable result, and failure criterion.",02-EVERYTHING-WE-ARE-DELETING.md / lines 452-452,NOT_APPLICABLE
CAN-LAM-DELETE-191,The final Lamha desktop runtime must not retain or require HTTP ML service exposed as a server.,SUPERSEDED_GENERATED_TEMPLATE,"Generated wrapper asserted behavior or proof without a record-specific actor, trigger, observable result, and failure criterion.",02-EVERYTHING-WE-ARE-DELETING.md / lines 453-453,NOT_APPLICABLE
CAN-LAM-DELETE-192,The final Lamha desktop runtime must not retain or require Cloud object detection.,SUPERSEDED_GENERATED_TEMPLATE,"Generated wrapper asserted behavior or proof without a record-specific actor, trigger, observable result, and failure criterion.",02-EVERYTHING-WE-ARE-DELETING.md / lines 457-457,NOT_APPLICABLE
CAN-LAM-DELETE-193,The final Lamha desktop runtime must not retain or require Remote embeddings.,SUPERSEDED_GENERATED_TEMPLATE,"Generated wrapper asserted behavior or proof without a record-specific actor, trigger, observable result, and failure criterion.",02-EVERYTHING-WE-ARE-DELETING.md / lines 458-458,NOT_APPLICABLE
CAN-LAM-DELETE-194,The final Lamha desktop runtime must not retain or require A local browser connecting to a server.,SUPERSEDED_GENERATED_TEMPLATE,"Generated wrapper asserted behavior or proof without a record-specific actor, trigger, observable result, and failure criterion.",02-EVERYTHING-WE-ARE-DELETING.md / lines 470-470,NOT_APPLICABLE
CAN-LAM-DELETE-195,The final Lamha desktop runtime must not retain or require A configured hostname.,SUPERSEDED_GENERATED_TEMPLATE,"Generated wrapper asserted behavior or proof without a record-specific actor, trigger, observable result, and failure criterion.",02-EVERYTHING-WE-ARE-DELETING.md / lines 471-471,NOT_APPLICABLE
CAN-LAM-DELETE-196,The final Lamha desktop runtime must not retain or require A server IP address.,SUPERSEDED_GENERATED_TEMPLATE,"Generated wrapper asserted behavior or proof without a record-specific actor, trigger, observable result, and failure criterion.",02-EVERYTHING-WE-ARE-DELETING.md / lines 472-472,NOT_APPLICABLE
CAN-LAM-DELETE-197,The final Lamha desktop runtime must not retain or require An open TCP port.,SUPERSEDED_GENERATED_TEMPLATE,"Generated wrapper asserted behavior or proof without a record-specific actor, trigger, observable result, and failure criterion.",02-EVERYTHING-WE-ARE-DELETING.md / lines 473-473,NOT_APPLICABLE
CAN-LAM-DELETE-198,The final Lamha desktop runtime must not retain or require LAN discovery.,SUPERSEDED_GENERATED_TEMPLATE,"Generated wrapper asserted behavior or proof without a record-specific actor, trigger, observable result, and failure criterion.",02-EVERYTHING-WE-ARE-DELETING.md / lines 474-474,NOT_APPLICABLE
CAN-LAM-DELETE-199,The final Lamha desktop runtime must not retain or require Internet discovery.,SUPERSEDED_GENERATED_TEMPLATE,"Generated wrapper asserted behavior or proof without a record-specific actor, trigger, observable result, and failure criterion.",02-EVERYTHING-WE-ARE-DELETING.md / lines 475-475,NOT_APPLICABLE
CAN-LAM-DELETE-200,The final Lamha desktop runtime must not retain or require TLS certificates.,SUPERSEDED_GENERATED_TEMPLATE,"Generated wrapper asserted behavior or proof without a record-specific actor, trigger, observable result, and failure criterion.",02-EVERYTHING-WE-ARE-DELETING.md / lines 476-476,NOT_APPLICABLE
CAN-LAM-DELETE-201,The final Lamha desktop runtime must not retain or require Remote API availability.,SUPERSEDED_GENERATED_TEMPLATE,"Generated wrapper asserted behavior or proof without a record-specific actor, trigger, observable result, and failure criterion.",02-EVERYTHING-WE-ARE-DELETING.md / lines 477-477,NOT_APPLICABLE
CAN-LAM-DELETE-202,The final Lamha desktop runtime must not retain or require Network database access.,SUPERSEDED_GENERATED_TEMPLATE,"Generated wrapper asserted behavior or proof without a record-specific actor, trigger, observable result, and failure criterion.",02-EVERYTHING-WE-ARE-DELETING.md / lines 479-479,NOT_APPLICABLE
CAN-LAM-DELETE-203,The final Lamha desktop runtime must not retain or require Network cache access.,SUPERSEDED_GENERATED_TEMPLATE,"Generated wrapper asserted behavior or proof without a record-specific actor, trigger, observable result, and failure criterion.",02-EVERYTHING-WE-ARE-DELETING.md / lines 480-480,NOT_APPLICABLE
CAN-LAM-DELETE-204,"The final Lamha desktop runtime must not retain or require Optional online map tiles or manually triggered updates may be offered later, but they must remain optional and disabled by default.",SUPERSEDED_GENERATED_TEMPLATE,"Generated wrapper asserted behavior or proof without a record-specific actor, trigger, observable result, and failure criterion.",02-EVERYTHING-WE-ARE-DELETING.md / lines 483-483,NOT_APPLICABLE
CAN-LAM-DELETE-205,The final Lamha desktop runtime must not retain or require Delete or disable by default.,SUPERSEDED_GENERATED_TEMPLATE,"Generated wrapper asserted behavior or proof without a record-specific actor, trigger, observable result, and failure criterion.",02-EVERYTHING-WE-ARE-DELETING.md / lines 489-489,NOT_APPLICABLE
CAN-LAM-DELETE-206,The final Lamha desktop runtime must not retain or require Usage telemetry.,SUPERSEDED_GENERATED_TEMPLATE,"Generated wrapper asserted behavior or proof without a record-specific actor, trigger, observable result, and failure criterion.",02-EVERYTHING-WE-ARE-DELETING.md / lines 491-491,NOT_APPLICABLE
CAN-LAM-DELETE-207,The final Lamha desktop runtime must not retain or require Product analytics.,SUPERSEDED_GENERATED_TEMPLATE,"Generated wrapper asserted behavior or proof without a record-specific actor, trigger, observable result, and failure criterion.",02-EVERYTHING-WE-ARE-DELETING.md / lines 492-492,NOT_APPLICABLE
CAN-LAM-DELETE-208,The final Lamha desktop runtime must not retain or require Remote error reporting.,SUPERSEDED_GENERATED_TEMPLATE,"Generated wrapper asserted behavior or proof without a record-specific actor, trigger, observable result, and failure criterion.",02-EVERYTHING-WE-ARE-DELETING.md / lines 493-493,NOT_APPLICABLE
CAN-LAM-DELETE-209,The final Lamha desktop runtime must not retain or require Hidden update checks.,SUPERSEDED_GENERATED_TEMPLATE,"Generated wrapper asserted behavior or proof without a record-specific actor, trigger, observable result, and failure criterion.",02-EVERYTHING-WE-ARE-DELETING.md / lines 496-496,NOT_APPLICABLE
CAN-LAM-DELETE-210,The final Lamha desktop runtime must not retain or require Advertising identifiers.,SUPERSEDED_GENERATED_TEMPLATE,"Generated wrapper asserted behavior or proof without a record-specific actor, trigger, observable result, and failure criterion.",02-EVERYTHING-WE-ARE-DELETING.md / lines 497-497,NOT_APPLICABLE
CAN-LAM-DELETE-211,The final Lamha desktop runtime must not retain or require Remote feature flags required for core behaviour.,SUPERSEDED_GENERATED_TEMPLATE,"Generated wrapper asserted behavior or proof without a record-specific actor, trigger, observable result, and failure criterion.",02-EVERYTHING-WE-ARE-DELETING.md / lines 498-498,NOT_APPLICABLE
CAN-LAM-DELETE-212,The final Lamha desktop runtime must not retain or require Background internet communication not explicitly initiated by the user.,SUPERSEDED_GENERATED_TEMPLATE,"Generated wrapper asserted behavior or proof without a record-specific actor, trigger, observable result, and failure criterion.",02-EVERYTHING-WE-ARE-DELETING.md / lines 499-499,NOT_APPLICABLE
CAN-LAM-DELETE-213,The final Lamha desktop runtime must not retain or require Local logs remain.,SUPERSEDED_GENERATED_TEMPLATE,"Generated wrapper asserted behavior or proof without a record-specific actor, trigger, observable result, and failure criterion.",02-EVERYTHING-WE-ARE-DELETING.md / lines 501-501,NOT_APPLICABLE
CAN-LAM-DELETE-214,"The final Lamha desktop runtime must not retain or require Any optional diagnostics submission must be explicit, visible, and user-controlled if ever added.",SUPERSEDED_GENERATED_TEMPLATE,"Generated wrapper asserted behavior or proof without a record-specific actor, trigger, observable result, and failure criterion.",02-EVERYTHING-WE-ARE-DELETING.md / lines 503-503,NOT_APPLICABLE
CAN-LAM-DELETE-215,Recorded evidence must demonstrate: Subscription tiers.,SUPERSEDED_GENERATED_TEMPLATE,"Generated wrapper asserted behavior or proof without a record-specific actor, trigger, observable result, and failure criterion.",02-EVERYTHING-WE-ARE-DELETING.md / lines 511-511,NOT_APPLICABLE
CAN-LAM-DELETE-216,Recorded evidence must demonstrate: SaaS billing.,SUPERSEDED_GENERATED_TEMPLATE,"Generated wrapper asserted behavior or proof without a record-specific actor, trigger, observable result, and failure criterion.",02-EVERYTHING-WE-ARE-DELETING.md / lines 512-512,NOT_APPLICABLE
CAN-LAM-DELETE-217,The final Lamha desktop runtime must not retain or require Cloud storage plans.,SUPERSEDED_GENERATED_TEMPLATE,"Generated wrapper asserted behavior or proof without a record-specific actor, trigger, observable result, and failure criterion.",02-EVERYTHING-WE-ARE-DELETING.md / lines 513-513,NOT_APPLICABLE
CAN-LAM-DELETE-218,The final Lamha desktop runtime must not retain or require Account upgrade prompts.,SUPERSEDED_GENERATED_TEMPLATE,"Generated wrapper asserted behavior or proof without a record-specific actor, trigger, observable result, and failure criterion.",02-EVERYTHING-WE-ARE-DELETING.md / lines 514-514,NOT_APPLICABLE
CAN-LAM-DELETE-219,The final Lamha desktop runtime must not retain or require Paid remote features.,SUPERSEDED_GENERATED_TEMPLATE,"Generated wrapper asserted behavior or proof without a record-specific actor, trigger, observable result, and failure criterion.",02-EVERYTHING-WE-ARE-DELETING.md / lines 515-515,NOT_APPLICABLE
CAN-LAM-DELETE-220,Recorded evidence must demonstrate: Server licensing screens unrelated to open-source obligations.,SUPERSEDED_GENERATED_TEMPLATE,"Generated wrapper asserted behavior or proof without a record-specific actor, trigger, observable result, and failure criterion.",02-EVERYTHING-WE-ARE-DELETING.md / lines 516-516,NOT_APPLICABLE
CAN-LAM-DELETE-221,The final Lamha desktop runtime must not retain or require Usage-based remote quotas.,SUPERSEDED_GENERATED_TEMPLATE,"Generated wrapper asserted behavior or proof without a record-specific actor, trigger, observable result, and failure criterion.",02-EVERYTHING-WE-ARE-DELETING.md / lines 517-517,NOT_APPLICABLE
CAN-LAM-DELETE-222,The final Lamha desktop runtime must not retain or require Cloud entitlement checks.,SUPERSEDED_GENERATED_TEMPLATE,"Generated wrapper asserted behavior or proof without a record-specific actor, trigger, observable result, and failure criterion.",02-EVERYTHING-WE-ARE-DELETING.md / lines 518-518,NOT_APPLICABLE
CAN-LAM-DELETE-223,The final Lamha desktop runtime must not retain or require Online account gating.,SUPERSEDED_GENERATED_TEMPLATE,"Generated wrapper asserted behavior or proof without a record-specific actor, trigger, observable result, and failure criterion.",02-EVERYTHING-WE-ARE-DELETING.md / lines 519-519,NOT_APPLICABLE
CAN-LAM-DELETE-224,The final Lamha desktop runtime must not retain or require Remote push infrastructure.,SUPERSEDED_GENERATED_TEMPLATE,"Generated wrapper asserted behavior or proof without a record-specific actor, trigger, observable result, and failure criterion.",02-EVERYTHING-WE-ARE-DELETING.md / lines 529-529,NOT_APPLICABLE
CAN-LAM-DELETE-225,The final Lamha desktop runtime must not retain or require User-targeted server notifications.,SUPERSEDED_GENERATED_TEMPLATE,"Generated wrapper asserted behavior or proof without a record-specific actor, trigger, observable result, and failure criterion.",02-EVERYTHING-WE-ARE-DELETING.md / lines 531-531,NOT_APPLICABLE
CAN-LAM-DELETE-226,The final Lamha desktop runtime must not retain or require Mobile push dependencies.,SUPERSEDED_GENERATED_TEMPLATE,"Generated wrapper asserted behavior or proof without a record-specific actor, trigger, observable result, and failure criterion.",02-EVERYTHING-WE-ARE-DELETING.md / lines 532-532,NOT_APPLICABLE
CAN-LAM-DELETE-227,The final Lamha desktop runtime must not retain or require Network notification brokers.,SUPERSEDED_GENERATED_TEMPLATE,"Generated wrapper asserted behavior or proof without a record-specific actor, trigger, observable result, and failure criterion.",02-EVERYTHING-WE-ARE-DELETING.md / lines 533-533,NOT_APPLICABLE
CAN-LAM-DELETE-228,The final Lamha desktop runtime must not retain or require Replace retained notification behaviour with.,SUPERSEDED_GENERATED_TEMPLATE,"Generated wrapper asserted behavior or proof without a record-specific actor, trigger, observable result, and failure criterion.",02-EVERYTHING-WE-ARE-DELETING.md / lines 536-536,NOT_APPLICABLE
CAN-LAM-DELETE-229,The final Lamha desktop runtime must not retain or require Local desktop notifications.,SUPERSEDED_GENERATED_TEMPLATE,"Generated wrapper asserted behavior or proof without a record-specific actor, trigger, observable result, and failure criterion.",02-EVERYTHING-WE-ARE-DELETING.md / lines 538-538,NOT_APPLICABLE
CAN-LAM-DELETE-230,The final Lamha desktop runtime must not retain or require In-app Review Centre.,SUPERSEDED_GENERATED_TEMPLATE,"Generated wrapper asserted behavior or proof without a record-specific actor, trigger, observable result, and failure criterion.",02-EVERYTHING-WE-ARE-DELETING.md / lines 539-539,NOT_APPLICABLE
CAN-LAM-DELETE-231,The final Lamha desktop runtime must not retain or require Local job progress.,SUPERSEDED_GENERATED_TEMPLATE,"Generated wrapper asserted behavior or proof without a record-specific actor, trigger, observable result, and failure criterion.",02-EVERYTHING-WE-ARE-DELETING.md / lines 540-540,NOT_APPLICABLE
CAN-LAM-DELETE-232,The final Lamha desktop runtime must not retain or require Local warnings.,SUPERSEDED_GENERATED_TEMPLATE,"Generated wrapper asserted behavior or proof without a record-specific actor, trigger, observable result, and failure criterion.",02-EVERYTHING-WE-ARE-DELETING.md / lines 541-541,NOT_APPLICABLE
CAN-LAM-DELETE-233,Recorded evidence must demonstrate: Local operation completion messages.,SUPERSEDED_GENERATED_TEMPLATE,"Generated wrapper asserted behavior or proof without a record-specific actor, trigger, observable result, and failure criterion.",02-EVERYTHING-WE-ARE-DELETING.md / lines 542-542,NOT_APPLICABLE
CAN-LAM-DELETE-234,The final Lamha desktop runtime must not retain or require Delete the design assumption that the database is the only authoritative copy of.,SUPERSEDED_GENERATED_TEMPLATE,"Generated wrapper asserted behavior or proof without a record-specific actor, trigger, observable result, and failure criterion.",02-EVERYTHING-WE-ARE-DELETING.md / lines 548-548,NOT_APPLICABLE
CAN-LAM-DELETE-235,The final Lamha desktop runtime must not retain or require Map layouts.,SUPERSEDED_GENERATED_TEMPLATE,"Generated wrapper asserted behavior or proof without a record-specific actor, trigger, observable result, and failure criterion.",02-EVERYTHING-WE-ARE-DELETING.md / lines 559-559,NOT_APPLICABLE
CAN-LAM-DELETE-236,The final Lamha desktop runtime must not retain or require Time gaps.,SUPERSEDED_GENERATED_TEMPLATE,"Generated wrapper asserted behavior or proof without a record-specific actor, trigger, observable result, and failure criterion.",02-EVERYTHING-WE-ARE-DELETING.md / lines 573-573,NOT_APPLICABLE
CAN-LAM-DELETE-237,The final Lamha desktop runtime must not retain or require GPS proximity.,SUPERSEDED_GENERATED_TEMPLATE,"Generated wrapper asserted behavior or proof without a record-specific actor, trigger, observable result, and failure criterion.",02-EVERYTHING-WE-ARE-DELETING.md / lines 574-574,NOT_APPLICABLE
CAN-LAM-DELETE-238,The final Lamha desktop runtime must not retain or require Same day.,SUPERSEDED_GENERATED_TEMPLATE,"Generated wrapper asserted behavior or proof without a record-specific actor, trigger, observable result, and failure criterion.",02-EVERYTHING-WE-ARE-DELETING.md / lines 575-575,NOT_APPLICABLE
CAN-LAM-DELETE-239,The final Lamha desktop runtime must not retain or require Same camera.,SUPERSEDED_GENERATED_TEMPLATE,"Generated wrapper asserted behavior or proof without a record-specific actor, trigger, observable result, and failure criterion.",02-EVERYTHING-WE-ARE-DELETING.md / lines 577-577,NOT_APPLICABLE
CAN-LAM-DELETE-240,The final Lamha desktop runtime must not retain or require Similar content.,SUPERSEDED_GENERATED_TEMPLATE,"Generated wrapper asserted behavior or proof without a record-specific actor, trigger, observable result, and failure criterion.",02-EVERYTHING-WE-ARE-DELETING.md / lines 578-578,NOT_APPLICABLE
CAN-LAM-DELETE-241,The final Lamha desktop runtime must not retain or require These remain smart views only.,SUPERSEDED_GENERATED_TEMPLATE,"Generated wrapper asserted behavior or proof without a record-specific actor, trigger, observable result, and failure criterion.",02-EVERYTHING-WE-ARE-DELETING.md / lines 630-630,NOT_APPLICABLE
CAN-LAM-DELETE-242,The final Lamha desktop runtime must not retain or require Virtual references must be used instead.,SUPERSEDED_GENERATED_TEMPLATE,"Generated wrapper asserted behavior or proof without a record-specific actor, trigger, observable result, and failure criterion.",02-EVERYTHING-WE-ARE-DELETING.md / lines 652-652,NOT_APPLICABLE
CAN-LAM-DELETE-243,The final Lamha desktop runtime must not retain or require Changes a date.,SUPERSEDED_GENERATED_TEMPLATE,"Generated wrapper asserted behavior or proof without a record-specific actor, trigger, observable result, and failure criterion.",02-EVERYTHING-WE-ARE-DELETING.md / lines 666-666,NOT_APPLICABLE
CAN-LAM-DELETE-244,The final Lamha desktop runtime must not retain or require Moves a file.,SUPERSEDED_GENERATED_TEMPLATE,"Generated wrapper asserted behavior or proof without a record-specific actor, trigger, observable result, and failure criterion.",02-EVERYTHING-WE-ARE-DELETING.md / lines 667-667,NOT_APPLICABLE
CAN-LAM-DELETE-245,The final Lamha desktop runtime must not retain or require Changes a location.,SUPERSEDED_GENERATED_TEMPLATE,"Generated wrapper asserted behavior or proof without a record-specific actor, trigger, observable result, and failure criterion.",02-EVERYTHING-WE-ARE-DELETING.md / lines 668-668,NOT_APPLICABLE
CAN-LAM-DELETE-246,Recorded evidence must demonstrate: Delete the design.,SUPERSEDED_GENERATED_TEMPLATE,"Generated wrapper asserted behavior or proof without a record-specific actor, trigger, observable result, and failure criterion.",02-EVERYTHING-WE-ARE-DELETING.md / lines 678-678,NOT_APPLICABLE
CAN-LAM-DELETE-247,The final Lamha desktop runtime must not retain or require Delete any rule that assumes.,SUPERSEDED_GENERATED_TEMPLATE,"Generated wrapper asserted behavior or proof without a record-specific actor, trigger, observable result, and failure criterion.",02-EVERYTHING-WE-ARE-DELETING.md / lines 694-694,NOT_APPLICABLE
CAN-LAM-DELETE-248,The final Lamha desktop runtime must not retain or require Camera Owner: The hardware owner of the capture device.,SUPERSEDED_GENERATED_TEMPLATE,"Generated wrapper asserted behavior or proof without a record-specific actor, trigger, observable result, and failure criterion.",02-EVERYTHING-WE-ARE-DELETING.md / lines 710-710,NOT_APPLICABLE
CAN-LAM-DELETE-249,The final Lamha desktop runtime must not retain or require Use separate tags.,SUPERSEDED_GENERATED_TEMPLATE,"Generated wrapper asserted behavior or proof without a record-specific actor, trigger, observable result, and failure criterion.",02-EVERYTHING-WE-ARE-DELETING.md / lines 721-721,NOT_APPLICABLE
CAN-LAM-DELETE-250,Recorded evidence must demonstrate: Removing old Gooners context because Ali later left.,SUPERSEDED_GENERATED_TEMPLATE,"Generated wrapper asserted behavior or proof without a record-specific actor, trigger, observable result, and failure criterion.",02-EVERYTHING-WE-ARE-DELETING.md / lines 751-751,NOT_APPLICABLE
CAN-LAM-DELETE-251,Recorded evidence must demonstrate: Changing historical active membership to current former-member status.,SUPERSEDED_GENERATED_TEMPLATE,"Generated wrapper asserted behavior or proof without a record-specific actor, trigger, observable result, and failure criterion.",02-EVERYTHING-WE-ARE-DELETING.md / lines 752-752,NOT_APPLICABLE
CAN-LAM-DELETE-252,The final Lamha desktop runtime must not retain or require Removing GPS silently.,SUPERSEDED_GENERATED_TEMPLATE,"Generated wrapper asserted behavior or proof without a record-specific actor, trigger, observable result, and failure criterion.",02-EVERYTHING-WE-ARE-DELETING.md / lines 781-781,NOT_APPLICABLE
CAN-LAM-DELETE-253,The final Lamha desktop runtime must not retain or require Batch stripping without scope display.,SUPERSEDED_GENERATED_TEMPLATE,"Generated wrapper asserted behavior or proof without a record-specific actor, trigger, observable result, and failure criterion.",02-EVERYTHING-WE-ARE-DELETING.md / lines 784-784,NOT_APPLICABLE
CAN-LAM-DELETE-254,Recorded evidence must demonstrate: Automatic recompression.,SUPERSEDED_GENERATED_TEMPLATE,"Generated wrapper asserted behavior or proof without a record-specific actor, trigger, observable result, and failure criterion.",02-EVERYTHING-WE-ARE-DELETING.md / lines 800-800,NOT_APPLICABLE
CAN-LAM-DELETE-255,Recorded evidence must demonstrate: Automatic transcoding of originals.,SUPERSEDED_GENERATED_TEMPLATE,"Generated wrapper asserted behavior or proof without a record-specific actor, trigger, observable result, and failure criterion.",02-EVERYTHING-WE-ARE-DELETING.md / lines 801-801,NOT_APPLICABLE
CAN-LAM-DELETE-256,Recorded evidence must demonstrate: Automatic pixel changes.,SUPERSEDED_GENERATED_TEMPLATE,"Generated wrapper asserted behavior or proof without a record-specific actor, trigger, observable result, and failure criterion.",02-EVERYTHING-WE-ARE-DELETING.md / lines 802-802,NOT_APPLICABLE
CAN-LAM-DELETE-257,The final Lamha desktop runtime must not retain or require Automatic container rewrite.,SUPERSEDED_GENERATED_TEMPLATE,"Generated wrapper asserted behavior or proof without a record-specific actor, trigger, observable result, and failure criterion.",02-EVERYTHING-WE-ARE-DELETING.md / lines 803-803,NOT_APPLICABLE
CAN-LAM-DELETE-258,Recorded evidence must demonstrate: Fixed 30-day purge.,SUPERSEDED_GENERATED_TEMPLATE,"Generated wrapper asserted behavior or proof without a record-specific actor, trigger, observable result, and failure criterion.",02-EVERYTHING-WE-ARE-DELETING.md / lines 816-816,NOT_APPLICABLE
CAN-LAM-DELETE-259,Recorded evidence must demonstrate: Silent permanent deletion.,SUPERSEDED_GENERATED_TEMPLATE,"Generated wrapper asserted behavior or proof without a record-specific actor, trigger, observable result, and failure criterion.",02-EVERYTHING-WE-ARE-DELETING.md / lines 817-817,NOT_APPLICABLE
CAN-LAM-DELETE-260,Recorded evidence must demonstrate: Permanent-delete button enabled by default.,SUPERSEDED_GENERATED_TEMPLATE,"Generated wrapper asserted behavior or proof without a record-specific actor, trigger, observable result, and failure criterion.",02-EVERYTHING-WE-ARE-DELETING.md / lines 818-818,NOT_APPLICABLE
CAN-LAM-DELETE-261,The final Lamha desktop runtime must not retain or require Moving a file after a map drag without confirmation.,SUPERSEDED_GENERATED_TEMPLATE,"Generated wrapper asserted behavior or proof without a record-specific actor, trigger, observable result, and failure criterion.",02-EVERYTHING-WE-ARE-DELETING.md / lines 830-830,NOT_APPLICABLE
CAN-LAM-DELETE-262,The final Lamha desktop runtime must not retain or require Moving files merely because a date conflict was detected.,SUPERSEDED_GENERATED_TEMPLATE,"Generated wrapper asserted behavior or proof without a record-specific actor, trigger, observable result, and failure criterion.",02-EVERYTHING-WE-ARE-DELETING.md / lines 836-836,NOT_APPLICABLE
CAN-LAM-DELETE-263,The final Lamha desktop runtime must not retain or require Draft / Safe map mode remains non-mutating.,SUPERSEDED_GENERATED_TEMPLATE,"Generated wrapper asserted behavior or proof without a record-specific actor, trigger, observable result, and failure criterion.",02-EVERYTHING-WE-ARE-DELETING.md / lines 839-839,NOT_APPLICABLE
CAN-LAM-DELETE-264,The final Lamha desktop runtime must not retain or require Hash.,SUPERSEDED_GENERATED_TEMPLATE,"Generated wrapper asserted behavior or proof without a record-specific actor, trigger, observable result, and failure criterion.",02-EVERYTHING-WE-ARE-DELETING.md / lines 850-850,NOT_APPLICABLE
CAN-LAM-DELETE-265,The final Lamha desktop runtime must not retain or require Dates.,SUPERSEDED_GENERATED_TEMPLATE,"Generated wrapper asserted behavior or proof without a record-specific actor, trigger, observable result, and failure criterion.",02-EVERYTHING-WE-ARE-DELETING.md / lines 853-853,NOT_APPLICABLE
CAN-LAM-DELETE-266,Recorded evidence must demonstrate: Delete the poor implementation of showing the same popup three times.,SUPERSEDED_GENERATED_TEMPLATE,"Generated wrapper asserted behavior or proof without a record-specific actor, trigger, observable result, and failure criterion.",02-EVERYTHING-WE-ARE-DELETING.md / lines 863-863,NOT_APPLICABLE
CAN-LAM-DELETE-268,Recorded evidence must demonstrate: Change selection.,SUPERSEDED_GENERATED_TEMPLATE,"Generated wrapper asserted behavior or proof without a record-specific actor, trigger, observable result, and failure criterion.",02-EVERYTHING-WE-ARE-DELETING.md / lines 867-867,NOT_APPLICABLE
CAN-LAM-DELETE-269,The final Lamha desktop runtime must not retain or require Impact review.,SUPERSEDED_GENERATED_TEMPLATE,"Generated wrapper asserted behavior or proof without a record-specific actor, trigger, observable result, and failure criterion.",02-EVERYTHING-WE-ARE-DELETING.md / lines 868-868,NOT_APPLICABLE
CAN-LAM-DELETE-270,Recorded evidence must demonstrate: Final explicit confirmation.,SUPERSEDED_GENERATED_TEMPLATE,"Generated wrapper asserted behavior or proof without a record-specific actor, trigger, observable result, and failure criterion.",02-EVERYTHING-WE-ARE-DELETING.md / lines 869-869,NOT_APPLICABLE
CAN-LAM-DELETE-271,The final Lamha desktop runtime must not retain or require Delete or replace user-facing UI for.,SUPERSEDED_GENERATED_TEMPLATE,"Generated wrapper asserted behavior or proof without a record-specific actor, trigger, observable result, and failure criterion.",02-EVERYTHING-WE-ARE-DELETING.md / lines 885-885,NOT_APPLICABLE
CAN-LAM-DELETE-272,Recorded evidence must demonstrate: Server selection.,SUPERSEDED_GENERATED_TEMPLATE,"Generated wrapper asserted behavior or proof without a record-specific actor, trigger, observable result, and failure criterion.",02-EVERYTHING-WE-ARE-DELETING.md / lines 889-889,NOT_APPLICABLE
CAN-LAM-DELETE-273,The final Lamha desktop runtime must not retain or require Server URL.,SUPERSEDED_GENERATED_TEMPLATE,"Generated wrapper asserted behavior or proof without a record-specific actor, trigger, observable result, and failure criterion.",02-EVERYTHING-WE-ARE-DELETING.md / lines 890-890,NOT_APPLICABLE
CAN-LAM-DELETE-274,The final Lamha desktop runtime must not retain or require Account management.,SUPERSEDED_GENERATED_TEMPLATE,"Generated wrapper asserted behavior or proof without a record-specific actor, trigger, observable result, and failure criterion.",02-EVERYTHING-WE-ARE-DELETING.md / lines 891-891,NOT_APPLICABLE
CAN-LAM-DELETE-275,Recorded evidence must demonstrate: Public links.,SUPERSEDED_GENERATED_TEMPLATE,"Generated wrapper asserted behavior or proof without a record-specific actor, trigger, observable result, and failure criterion.",02-EVERYTHING-WE-ARE-DELETING.md / lines 894-894,NOT_APPLICABLE
CAN-LAM-DELETE-276,The final Lamha desktop runtime must not retain or require Remote upload.,SUPERSEDED_GENERATED_TEMPLATE,"Generated wrapper asserted behavior or proof without a record-specific actor, trigger, observable result, and failure criterion.",02-EVERYTHING-WE-ARE-DELETING.md / lines 896-896,NOT_APPLICABLE
CAN-LAM-DELETE-277,Recorded evidence must demonstrate: API keys.,SUPERSEDED_GENERATED_TEMPLATE,"Generated wrapper asserted behavior or proof without a record-specific actor, trigger, observable result, and failure criterion.",02-EVERYTHING-WE-ARE-DELETING.md / lines 897-897,NOT_APPLICABLE
CAN-LAM-DELETE-278,The final Lamha desktop runtime must not retain or require SMTP.,SUPERSEDED_GENERATED_TEMPLATE,"Generated wrapper asserted behavior or proof without a record-specific actor, trigger, observable result, and failure criterion.",02-EVERYTHING-WE-ARE-DELETING.md / lines 898-898,NOT_APPLICABLE
CAN-LAM-DELETE-279,The final Lamha desktop runtime must not retain or require Server storage quotas.,SUPERSEDED_GENERATED_TEMPLATE,"Generated wrapper asserted behavior or proof without a record-specific actor, trigger, observable result, and failure criterion.",02-EVERYTHING-WE-ARE-DELETING.md / lines 900-900,NOT_APPLICABLE
CAN-LAM-DELETE-280,The final Lamha desktop runtime must not retain or require Server jobs.,SUPERSEDED_GENERATED_TEMPLATE,"Generated wrapper asserted behavior or proof without a record-specific actor, trigger, observable result, and failure criterion.",02-EVERYTHING-WE-ARE-DELETING.md / lines 901-901,NOT_APPLICABLE
CAN-LAM-DELETE-281,Recorded evidence must demonstrate: Server health.,SUPERSEDED_GENERATED_TEMPLATE,"Generated wrapper asserted behavior or proof without a record-specific actor, trigger, observable result, and failure criterion.",02-EVERYTHING-WE-ARE-DELETING.md / lines 902-902,NOT_APPLICABLE
CAN-LAM-DELETE-282,Recorded evidence must demonstrate: Database management.,SUPERSEDED_GENERATED_TEMPLATE,"Generated wrapper asserted behavior or proof without a record-specific actor, trigger, observable result, and failure criterion.",02-EVERYTHING-WE-ARE-DELETING.md / lines 904-904,NOT_APPLICABLE
CAN-LAM-DELETE-283,The final Lamha desktop runtime must not retain or require Remote ML configuration.,SUPERSEDED_GENERATED_TEMPLATE,"Generated wrapper asserted behavior or proof without a record-specific actor, trigger, observable result, and failure criterion.",02-EVERYTHING-WE-ARE-DELETING.md / lines 905-905,NOT_APPLICABLE
CAN-LAM-DELETE-284,Recorded evidence must demonstrate: Self-hosting setup.,SUPERSEDED_GENERATED_TEMPLATE,"Generated wrapper asserted behavior or proof without a record-specific actor, trigger, observable result, and failure criterion.",02-EVERYTHING-WE-ARE-DELETING.md / lines 906-906,NOT_APPLICABLE
CAN-LAM-DELETE-286,Recorded evidence must demonstrate: Graphify must classify shared components first.,SUPERSEDED_GENERATED_TEMPLATE,"Generated wrapper asserted behavior or proof without a record-specific actor, trigger, observable result, and failure criterion.",02-EVERYTHING-WE-ARE-DELETING.md / lines 908-908,NOT_APPLICABLE
CAN-LAM-DELETE-287,Recorded evidence must demonstrate: Dead server controllers.,SUPERSEDED_GENERATED_TEMPLATE,"Generated wrapper asserted behavior or proof without a record-specific actor, trigger, observable result, and failure criterion.",02-EVERYTHING-WE-ARE-DELETING.md / lines 916-916,NOT_APPLICABLE
CAN-LAM-DELETE-288,Recorded evidence must demonstrate: Dead services.,SUPERSEDED_GENERATED_TEMPLATE,"Generated wrapper asserted behavior or proof without a record-specific actor, trigger, observable result, and failure criterion.",02-EVERYTHING-WE-ARE-DELETING.md / lines 917-917,NOT_APPLICABLE
CAN-LAM-DELETE-289,Recorded evidence must demonstrate: Dead repositories.,SUPERSEDED_GENERATED_TEMPLATE,"Generated wrapper asserted behavior or proof without a record-specific actor, trigger, observable result, and failure criterion.",02-EVERYTHING-WE-ARE-DELETING.md / lines 918-918,NOT_APPLICABLE
CAN-LAM-DELETE-290,Recorded evidence must demonstrate: Dead database entities.,SUPERSEDED_GENERATED_TEMPLATE,"Generated wrapper asserted behavior or proof without a record-specific actor, trigger, observable result, and failure criterion.",02-EVERYTHING-WE-ARE-DELETING.md / lines 919-919,NOT_APPLICABLE
CAN-LAM-DELETE-291,Recorded evidence must demonstrate: Dead migrations.,SUPERSEDED_GENERATED_TEMPLATE,"Generated wrapper asserted behavior or proof without a record-specific actor, trigger, observable result, and failure criterion.",02-EVERYTHING-WE-ARE-DELETING.md / lines 920-920,NOT_APPLICABLE
CAN-LAM-DELETE-292,Recorded evidence must demonstrate: Dead API clients.,SUPERSEDED_GENERATED_TEMPLATE,"Generated wrapper asserted behavior or proof without a record-specific actor, trigger, observable result, and failure criterion.",02-EVERYTHING-WE-ARE-DELETING.md / lines 921-921,NOT_APPLICABLE
CAN-LAM-DELETE-293,Recorded evidence must demonstrate: Dead generated API bindings.,SUPERSEDED_GENERATED_TEMPLATE,"Generated wrapper asserted behavior or proof without a record-specific actor, trigger, observable result, and failure criterion.",02-EVERYTHING-WE-ARE-DELETING.md / lines 922-922,NOT_APPLICABLE
CAN-LAM-DELETE-294,The final Lamha desktop runtime must not retain or require dead auth middleware.,SUPERSEDED_GENERATED_TEMPLATE,"Generated wrapper asserted behavior or proof without a record-specific actor, trigger, observable result, and failure criterion.",02-EVERYTHING-WE-ARE-DELETING.md / lines 923-923,NOT_APPLICABLE
CAN-LAM-DELETE-295,The final Lamha desktop runtime must not retain or require dead account stores.,SUPERSEDED_GENERATED_TEMPLATE,"Generated wrapper asserted behavior or proof without a record-specific actor, trigger, observable result, and failure criterion.",02-EVERYTHING-WE-ARE-DELETING.md / lines 924-924,NOT_APPLICABLE
CAN-LAM-DELETE-296,The final Lamha desktop runtime must not retain or require dead sharing modules.,SUPERSEDED_GENERATED_TEMPLATE,"Generated wrapper asserted behavior or proof without a record-specific actor, trigger, observable result, and failure criterion.",02-EVERYTHING-WE-ARE-DELETING.md / lines 925-925,NOT_APPLICABLE
CAN-LAM-DELETE-297,The final Lamha desktop runtime must not retain or require dead email modules.,SUPERSEDED_GENERATED_TEMPLATE,"Generated wrapper asserted behavior or proof without a record-specific actor, trigger, observable result, and failure criterion.",02-EVERYTHING-WE-ARE-DELETING.md / lines 927-927,NOT_APPLICABLE
CAN-LAM-DELETE-298,The final Lamha desktop runtime must not retain or require dead admin modules.,SUPERSEDED_GENERATED_TEMPLATE,"Generated wrapper asserted behavior or proof without a record-specific actor, trigger, observable result, and failure criterion.",02-EVERYTHING-WE-ARE-DELETING.md / lines 928-928,NOT_APPLICABLE
CAN-LAM-DELETE-299,The final Lamha desktop runtime must not retain or require dead Docker scripts.,SUPERSEDED_GENERATED_TEMPLATE,"Generated wrapper asserted behavior or proof without a record-specific actor, trigger, observable result, and failure criterion.",02-EVERYTHING-WE-ARE-DELETING.md / lines 929-929,NOT_APPLICABLE
CAN-LAM-DELETE-300,The final Lamha desktop runtime must not retain or require dead server deployment configs.,SUPERSEDED_GENERATED_TEMPLATE,"Generated wrapper asserted behavior or proof without a record-specific actor, trigger, observable result, and failure criterion.",02-EVERYTHING-WE-ARE-DELETING.md / lines 930-930,NOT_APPLICABLE
CAN-LAM-DELETE-301,The final Lamha desktop runtime must not retain or require dead Redis clients.,SUPERSEDED_GENERATED_TEMPLATE,"Generated wrapper asserted behavior or proof without a record-specific actor, trigger, observable result, and failure criterion.",02-EVERYTHING-WE-ARE-DELETING.md / lines 931-931,NOT_APPLICABLE
CAN-LAM-DELETE-302,The final Lamha desktop runtime must not retain or require dead PostgreSQL clients.,SUPERSEDED_GENERATED_TEMPLATE,"Generated wrapper asserted behavior or proof without a record-specific actor, trigger, observable result, and failure criterion.",02-EVERYTHING-WE-ARE-DELETING.md / lines 932-932,NOT_APPLICABLE
CAN-LAM-DELETE-303,Recorded evidence must demonstrate: Dead server-only fixtures.,SUPERSEDED_GENERATED_TEMPLATE,"Generated wrapper asserted behavior or proof without a record-specific actor, trigger, observable result, and failure criterion.",02-EVERYTHING-WE-ARE-DELETING.md / lines 934-934,NOT_APPLICABLE
CAN-LAM-DELETE-304,Recorded evidence must demonstrate: Dead dependencies.,SUPERSEDED_GENERATED_TEMPLATE,"Generated wrapper asserted behavior or proof without a record-specific actor, trigger, observable result, and failure criterion.",02-EVERYTHING-WE-ARE-DELETING.md / lines 935-935,NOT_APPLICABLE
CAN-LAM-DELETE-305,The final Lamha desktop runtime must not retain or require dead exports.,SUPERSEDED_GENERATED_TEMPLATE,"Generated wrapper asserted behavior or proof without a record-specific actor, trigger, observable result, and failure criterion.",02-EVERYTHING-WE-ARE-DELETING.md / lines 936-936,NOT_APPLICABLE
CAN-LAM-DELETE-306,Recorded evidence must demonstrate: Dead routes.,SUPERSEDED_GENERATED_TEMPLATE,"Generated wrapper asserted behavior or proof without a record-specific actor, trigger, observable result, and failure criterion.",02-EVERYTHING-WE-ARE-DELETING.md / lines 937-937,NOT_APPLICABLE
CAN-LAM-DELETE-307,Recorded evidence must demonstrate: Dead environment variables.,SUPERSEDED_GENERATED_TEMPLATE,"Generated wrapper asserted behavior or proof without a record-specific actor, trigger, observable result, and failure criterion.",02-EVERYTHING-WE-ARE-DELETING.md / lines 938-938,NOT_APPLICABLE
CAN-LAM-DELETE-308,Recorded evidence must demonstrate: Dead documentation for removed user workflows.,SUPERSEDED_GENERATED_TEMPLATE,"Generated wrapper asserted behavior or proof without a record-specific actor, trigger, observable result, and failure criterion.",02-EVERYTHING-WE-ARE-DELETING.md / lines 939-939,NOT_APPLICABLE
CAN-LAM-DELETE-309,Recorded evidence must demonstrate: Obsolete architecture.,SUPERSEDED_GENERATED_TEMPLATE,"Generated wrapper asserted behavior or proof without a record-specific actor, trigger, observable result, and failure criterion.",02-EVERYTHING-WE-ARE-DELETING.md / lines 940-940,NOT_APPLICABLE
CAN-LAM-DELETE-310,Recorded evidence must demonstrate: Deterministic Deletion Prerequisites.,SUPERSEDED_GENERATED_TEMPLATE,"Generated wrapper asserted behavior or proof without a record-specific actor, trigger, observable result, and failure criterion.",02-EVERYTHING-WE-ARE-DELETING.md / lines 944-944,NOT_APPLICABLE
CAN-LAM-DELETE-311,"Recorded evidence must demonstrate: Lamha planning, mapping, tracking, audit, status, completion, handoff, and Graphify-generated Markdown must not be scattered through Codebase/.",SUPERSEDED_GENERATED_TEMPLATE,"Generated wrapper asserted behavior or proof without a record-specific actor, trigger, observable result, and failure criterion.",02-EVERYTHING-WE-ARE-DELETING.md / lines 951-951,NOT_APPLICABLE
CAN-LAM-DELETE-312,Recorded evidence must demonstrate: Graphify must classify every meaningful Markdown file.,SUPERSEDED_GENERATED_TEMPLATE,"Generated wrapper asserted behavior or proof without a record-specific actor, trigger, observable result, and failure criterion.",02-EVERYTHING-WE-ARE-DELETING.md / lines 959-959,NOT_APPLICABLE
CAN-LAM-DELETE-313,Recorded evidence must demonstrate: Product name.,SUPERSEDED_GENERATED_TEMPLATE,"Generated wrapper asserted behavior or proof without a record-specific actor, trigger, observable result, and failure criterion.",02-EVERYTHING-WE-ARE-DELETING.md / lines 973-973,NOT_APPLICABLE
CAN-LAM-DELETE-314,Recorded evidence must demonstrate: App title.,SUPERSEDED_GENERATED_TEMPLATE,"Generated wrapper asserted behavior or proof without a record-specific actor, trigger, observable result, and failure criterion.",02-EVERYTHING-WE-ARE-DELETING.md / lines 974-974,NOT_APPLICABLE
CAN-LAM-DELETE-315,Recorded evidence must demonstrate: Executable display name.,SUPERSEDED_GENERATED_TEMPLATE,"Generated wrapper asserted behavior or proof without a record-specific actor, trigger, observable result, and failure criterion.",02-EVERYTHING-WE-ARE-DELETING.md / lines 975-975,NOT_APPLICABLE
CAN-LAM-DELETE-316,The final Lamha desktop runtime must not retain or require User-visible package references.,SUPERSEDED_GENERATED_TEMPLATE,"Generated wrapper asserted behavior or proof without a record-specific actor, trigger, observable result, and failure criterion.",02-EVERYTHING-WE-ARE-DELETING.md / lines 976-976,NOT_APPLICABLE
CAN-LAM-DELETE-317,The final Lamha desktop runtime must not retain or require User-facing icons.,SUPERSEDED_GENERATED_TEMPLATE,"Generated wrapper asserted behavior or proof without a record-specific actor, trigger, observable result, and failure criterion.",02-EVERYTHING-WE-ARE-DELETING.md / lines 977-977,NOT_APPLICABLE
CAN-LAM-DELETE-318,The final Lamha desktop runtime must not retain or require User-facing descriptions.,SUPERSEDED_GENERATED_TEMPLATE,"Generated wrapper asserted behavior or proof without a record-specific actor, trigger, observable result, and failure criterion.",02-EVERYTHING-WE-ARE-DELETING.md / lines 978-978,NOT_APPLICABLE
CAN-LAM-DELETE-319,Recorded evidence must demonstrate: Server-oriented wording.,SUPERSEDED_GENERATED_TEMPLATE,"Generated wrapper asserted behavior or proof without a record-specific actor, trigger, observable result, and failure criterion.",02-EVERYTHING-WE-ARE-DELETING.md / lines 979-979,NOT_APPLICABLE
CAN-LAM-DELETE-320,Recorded evidence must demonstrate: Self-hosting wording.,SUPERSEDED_GENERATED_TEMPLATE,"Generated wrapper asserted behavior or proof without a record-specific actor, trigger, observable result, and failure criterion.",02-EVERYTHING-WE-ARE-DELETING.md / lines 980-980,NOT_APPLICABLE
CAN-LAM-DELETE-321,The final Lamha desktop runtime must not retain or require deleting all server code before replacing frontend APIs.,SUPERSEDED_GENERATED_TEMPLATE,"Generated wrapper asserted behavior or proof without a record-specific actor, trigger, observable result, and failure criterion.",02-EVERYTHING-WE-ARE-DELETING.md / lines 990-990,NOT_APPLICABLE
CAN-LAM-DELETE-322,The final Lamha desktop runtime must not retain or require deleting shared types before creating local equivalents.,SUPERSEDED_GENERATED_TEMPLATE,"Generated wrapper asserted behavior or proof without a record-specific actor, trigger, observable result, and failure criterion.",02-EVERYTHING-WE-ARE-DELETING.md / lines 991-991,NOT_APPLICABLE
CAN-LAM-DELETE-325,The final Lamha desktop runtime must not retain or require deleting generated API clients before every caller is migrated.,SUPERSEDED_GENERATED_TEMPLATE,"Generated wrapper asserted behavior or proof without a record-specific actor, trigger, observable result, and failure criterion.",02-EVERYTHING-WE-ARE-DELETING.md / lines 997-997,NOT_APPLICABLE
CAN-LAM-DELETE-326,The final Lamha desktop runtime must not retain or require deleting authentication before the app can boot without it.,SUPERSEDED_GENERATED_TEMPLATE,"Generated wrapper asserted behavior or proof without a record-specific actor, trigger, observable result, and failure criterion.",02-EVERYTHING-WE-ARE-DELETING.md / lines 998-998,NOT_APPLICABLE
CAN-LAM-DELETE-327,"The final Lamha desktop runtime must not retain or require deleting Docker before a baseline is captured, when Docker is temporarily needed to prove the current app.",SUPERSEDED_GENERATED_TEMPLATE,"Generated wrapper asserted behavior or proof without a record-specific actor, trigger, observable result, and failure criterion.",02-EVERYTHING-WE-ARE-DELETING.md / lines 999-999,NOT_APPLICABLE
CAN-LAM-DELETE-329,The final Lamha desktop runtime must not retain or require replacement must precede removal in all circumstances.,SUPERSEDED_GENERATED_TEMPLATE,"Generated wrapper asserted behavior or proof without a record-specific actor, trigger, observable result, and failure criterion.",02-EVERYTHING-WE-ARE-DELETING.md / lines 1003-1003,NOT_APPLICABLE
CAN-LAM-DELETE-330,The final Lamha desktop runtime must not retain or require User sidecars.,SUPERSEDED_GENERATED_TEMPLATE,"Generated wrapper asserted behavior or proof without a record-specific actor, trigger, observable result, and failure criterion.",02-EVERYTHING-WE-ARE-DELETING.md / lines 1012-1012,NOT_APPLICABLE
CAN-LAM-DELETE-331,Recorded evidence must demonstrate: Required source licence text.,SUPERSEDED_GENERATED_TEMPLATE,"Generated wrapper asserted behavior or proof without a record-specific actor, trigger, observable result, and failure criterion.",02-EVERYTHING-WE-ARE-DELETING.md / lines 1017-1017,NOT_APPLICABLE
CAN-LAM-DELETE-332,Recorded evidence must demonstrate: Reusable UI without dependency analysis.,SUPERSEDED_GENERATED_TEMPLATE,"Generated wrapper asserted behavior or proof without a record-specific actor, trigger, observable result, and failure criterion.",02-EVERYTHING-WE-ARE-DELETING.md / lines 1019-1019,NOT_APPLICABLE
CAN-LAM-DELETE-333,Recorded evidence must demonstrate: Current code before Graphify maps it.,SUPERSEDED_GENERATED_TEMPLATE,"Generated wrapper asserted behavior or proof without a record-specific actor, trigger, observable result, and failure criterion.",02-EVERYTHING-WE-ARE-DELETING.md / lines 1023-1023,NOT_APPLICABLE
CAN-LAM-DELETE-334,The final Lamha desktop runtime must not retain or require Uncommitted user work.,SUPERSEDED_GENERATED_TEMPLATE,"Generated wrapper asserted behavior or proof without a record-specific actor, trigger, observable result, and failure criterion.",02-EVERYTHING-WE-ARE-DELETING.md / lines 1024-1024,NOT_APPLICABLE
CAN-LAM-DELETE-335,Recorded evidence must demonstrate: Repository history.,SUPERSEDED_GENERATED_TEMPLATE,"Generated wrapper asserted behavior or proof without a record-specific actor, trigger, observable result, and failure criterion.",02-EVERYTHING-WE-ARE-DELETING.md / lines 1025-1025,NOT_APPLICABLE
CAN-LAM-DELETE-336,The final Lamha desktop runtime must not retain or require deletion requirement ID.,SUPERSEDED_GENERATED_TEMPLATE,"Generated wrapper asserted behavior or proof without a record-specific actor, trigger, observable result, and failure criterion.",02-EVERYTHING-WE-ARE-DELETING.md / lines 1033-1033,NOT_APPLICABLE
CAN-LAM-DELETE-337,The final Lamha desktop runtime must not retain or require symbol.,SUPERSEDED_GENERATED_TEMPLATE,"Generated wrapper asserted behavior or proof without a record-specific actor, trigger, observable result, and failure criterion.",02-EVERYTHING-WE-ARE-DELETING.md / lines 1038-1038,NOT_APPLICABLE
CAN-LAM-DELETE-338,The final Lamha desktop runtime must not retain or require current purpose.,SUPERSEDED_GENERATED_TEMPLATE,"Generated wrapper asserted behavior or proof without a record-specific actor, trigger, observable result, and failure criterion.",02-EVERYTHING-WE-ARE-DELETING.md / lines 1039-1039,NOT_APPLICABLE
CAN-LAM-DELETE-339,The final Lamha desktop runtime must not retain or require every caller.,SUPERSEDED_GENERATED_TEMPLATE,"Generated wrapper asserted behavior or proof without a record-specific actor, trigger, observable result, and failure criterion.",02-EVERYTHING-WE-ARE-DELETING.md / lines 1040-1040,NOT_APPLICABLE
CAN-LAM-DELETE-340,The final Lamha desktop runtime must not retain or require every import.,SUPERSEDED_GENERATED_TEMPLATE,"Generated wrapper asserted behavior or proof without a record-specific actor, trigger, observable result, and failure criterion.",02-EVERYTHING-WE-ARE-DELETING.md / lines 1041-1041,NOT_APPLICABLE
CAN-LAM-DELETE-341,The final Lamha desktop runtime must not retain or require every route.,SUPERSEDED_GENERATED_TEMPLATE,"Generated wrapper asserted behavior or proof without a record-specific actor, trigger, observable result, and failure criterion.",02-EVERYTHING-WE-ARE-DELETING.md / lines 1042-1042,NOT_APPLICABLE
CAN-LAM-DELETE-342,The final Lamha desktop runtime must not retain or require every API endpoint.,SUPERSEDED_GENERATED_TEMPLATE,"Generated wrapper asserted behavior or proof without a record-specific actor, trigger, observable result, and failure criterion.",02-EVERYTHING-WE-ARE-DELETING.md / lines 1043-1043,NOT_APPLICABLE
CAN-LAM-DELETE-343,The final Lamha desktop runtime must not retain or require every shared type.,SUPERSEDED_GENERATED_TEMPLATE,"Generated wrapper asserted behavior or proof without a record-specific actor, trigger, observable result, and failure criterion.",02-EVERYTHING-WE-ARE-DELETING.md / lines 1044-1044,NOT_APPLICABLE
CAN-LAM-DELETE-344,The final Lamha desktop runtime must not retain or require every database dependency.,SUPERSEDED_GENERATED_TEMPLATE,"Generated wrapper asserted behavior or proof without a record-specific actor, trigger, observable result, and failure criterion.",02-EVERYTHING-WE-ARE-DELETING.md / lines 1045-1045,NOT_APPLICABLE
CAN-LAM-DELETE-345,The final Lamha desktop runtime must not retain or require retained behaviour relying on it.,SUPERSEDED_GENERATED_TEMPLATE,"Generated wrapper asserted behavior or proof without a record-specific actor, trigger, observable result, and failure criterion.",02-EVERYTHING-WE-ARE-DELETING.md / lines 1048-1048,NOT_APPLICABLE
CAN-LAM-DELETE-346,The final Lamha desktop runtime must not retain or require replacement requirement.,SUPERSEDED_GENERATED_TEMPLATE,"Generated wrapper asserted behavior or proof without a record-specific actor, trigger, observable result, and failure criterion.",02-EVERYTHING-WE-ARE-DELETING.md / lines 1049-1049,NOT_APPLICABLE
CAN-LAM-DELETE-347,The final Lamha desktop runtime must not retain or require safe removal phase.,SUPERSEDED_GENERATED_TEMPLATE,"Generated wrapper asserted behavior or proof without a record-specific actor, trigger, observable result, and failure criterion.",02-EVERYTHING-WE-ARE-DELETING.md / lines 1050-1050,NOT_APPLICABLE
CAN-LAM-DELETE-348,The final Lamha desktop runtime must not retain or require it must be mapped file by file and symbol by symbol.,SUPERSEDED_GENERATED_TEMPLATE,"Generated wrapper asserted behavior or proof without a record-specific actor, trigger, observable result, and failure criterion.",02-EVERYTHING-WE-ARE-DELETING.md / lines 1061-1061,NOT_APPLICABLE
CAN-LAM-DELETE-349,The final Lamha desktop runtime must not retain or require Its user-facing behaviour is absent.,SUPERSEDED_GENERATED_TEMPLATE,"Generated wrapper asserted behavior or proof without a record-specific actor, trigger, observable result, and failure criterion.",02-EVERYTHING-WE-ARE-DELETING.md / lines 1069-1069,NOT_APPLICABLE
CAN-LAM-DELETE-350,Recorded evidence must demonstrate: Its routes are absent.,SUPERSEDED_GENERATED_TEMPLATE,"Generated wrapper asserted behavior or proof without a record-specific actor, trigger, observable result, and failure criterion.",02-EVERYTHING-WE-ARE-DELETING.md / lines 1070-1070,NOT_APPLICABLE
CAN-LAM-DELETE-351,Recorded evidence must demonstrate: Its code is absent or proven required as a neutral shared utility.,SUPERSEDED_GENERATED_TEMPLATE,"Generated wrapper asserted behavior or proof without a record-specific actor, trigger, observable result, and failure criterion.",02-EVERYTHING-WE-ARE-DELETING.md / lines 1071-1071,NOT_APPLICABLE
CAN-LAM-DELETE-352,Recorded evidence must demonstrate: Its dependencies are removed when no longer needed.,SUPERSEDED_GENERATED_TEMPLATE,"Generated wrapper asserted behavior or proof without a record-specific actor, trigger, observable result, and failure criterion.",02-EVERYTHING-WE-ARE-DELETING.md / lines 1072-1072,NOT_APPLICABLE
CAN-LAM-DELETE-353,Recorded evidence must demonstrate: Its environment variables are removed.,SUPERSEDED_GENERATED_TEMPLATE,"Generated wrapper asserted behavior or proof without a record-specific actor, trigger, observable result, and failure criterion.",02-EVERYTHING-WE-ARE-DELETING.md / lines 1073-1073,NOT_APPLICABLE
CAN-LAM-DELETE-354,Recorded evidence must demonstrate: No retained feature imports it.,SUPERSEDED_GENERATED_TEMPLATE,"Generated wrapper asserted behavior or proof without a record-specific actor, trigger, observable result, and failure criterion.",02-EVERYTHING-WE-ARE-DELETING.md / lines 1075-1075,NOT_APPLICABLE
CAN-LAM-DELETE-355,Recorded evidence must demonstrate: No runtime starts it.,SUPERSEDED_GENERATED_TEMPLATE,"Generated wrapper asserted behavior or proof without a record-specific actor, trigger, observable result, and failure criterion.",02-EVERYTHING-WE-ARE-DELETING.md / lines 1076-1076,NOT_APPLICABLE
CAN-LAM-DELETE-356,Recorded evidence must demonstrate: No installer requires it.,SUPERSEDED_GENERATED_TEMPLATE,"Generated wrapper asserted behavior or proof without a record-specific actor, trigger, observable result, and failure criterion.",02-EVERYTHING-WE-ARE-DELETING.md / lines 1077-1077,NOT_APPLICABLE
CAN-LAM-DELETE-357,Recorded evidence must demonstrate: No hidden network service remains.,SUPERSEDED_GENERATED_TEMPLATE,"Generated wrapper asserted behavior or proof without a record-specific actor, trigger, observable result, and failure criterion.",02-EVERYTHING-WE-ARE-DELETING.md / lines 1078-1078,NOT_APPLICABLE
CAN-LAM-DELETE-358,"The final Lamha desktop runtime must not retain or require Builds pass without Docker, PostgreSQL, or Redis running.",SUPERSEDED_GENERATED_TEMPLATE,"Generated wrapper asserted behavior or proof without a record-specific actor, trigger, observable result, and failure criterion.",02-EVERYTHING-WE-ARE-DELETING.md / lines 1079-1079,NOT_APPLICABLE
CAN-LAM-DELETE-359,Recorded evidence must demonstrate: A final automated dependency scan confirms the removed subsystem is no longer load-bearing or imported by any retained file in Codebase/.,SUPERSEDED_GENERATED_TEMPLATE,"Generated wrapper asserted behavior or proof without a record-specific actor, trigger, observable result, and failure criterion.",02-EVERYTHING-WE-ARE-DELETING.md / lines 1082-1082,NOT_APPLICABLE
CAN-LAM-DELETE-360,Recorded evidence must demonstrate: Remove any remaining obsolete server code.,SUPERSEDED_GENERATED_TEMPLATE,"Generated wrapper asserted behavior or proof without a record-specific actor, trigger, observable result, and failure criterion.",03-HOW-WE-WILL-KEEP-DELETE-AND-CHANGE.md / lines 1565-1565,NOT_APPLICABLE
CAN-LAM-DELETE-361,Recorded evidence must demonstrate: Remove any remaining PostgreSQL material.,SUPERSEDED_GENERATED_TEMPLATE,"Generated wrapper asserted behavior or proof without a record-specific actor, trigger, observable result, and failure criterion.",03-HOW-WE-WILL-KEEP-DELETE-AND-CHANGE.md / lines 1566-1566,NOT_APPLICABLE
CAN-LAM-DELETE-362,Recorded evidence must demonstrate: Remove any remaining Redis material.,SUPERSEDED_GENERATED_TEMPLATE,"Generated wrapper asserted behavior or proof without a record-specific actor, trigger, observable result, and failure criterion.",03-HOW-WE-WILL-KEEP-DELETE-AND-CHANGE.md / lines 1567-1567,NOT_APPLICABLE
CAN-LAM-DELETE-363,Recorded evidence must demonstrate: Remove any remaining Docker material.,SUPERSEDED_GENERATED_TEMPLATE,"Generated wrapper asserted behavior or proof without a record-specific actor, trigger, observable result, and failure criterion.",03-HOW-WE-WILL-KEEP-DELETE-AND-CHANGE.md / lines 1568-1568,NOT_APPLICABLE
CAN-LAM-DELETE-364,Implementation must honor this constraint: Remove other obsolete code whose replacement-before-removal prerequisites now pass.,SUPERSEDED_GENERATED_TEMPLATE,"Generated wrapper asserted behavior or proof without a record-specific actor, trigger, observable result, and failure criterion.",03-HOW-WE-WILL-KEEP-DELETE-AND-CHANGE.md / lines 1571-1571,NOT_APPLICABLE
CAN-LAM-DELETE-365,"Recorded evidence must demonstrate: Every final removal requirement extracted from File 2 is Verified Removed at repository, runtime, installer, dependency, and UI scope.",SUPERSEDED_GENERATED_TEMPLATE,"Generated wrapper asserted behavior or proof without a record-specific actor, trigger, observable result, and failure criterion.",03-HOW-WE-WILL-KEEP-DELETE-AND-CHANGE.md / lines 1885-1885,NOT_APPLICABLE
CAN-LAM-DELETE-366,Recorded evidence must demonstrate: Graphify confirms no retained feature depends on removed architecture.,SUPERSEDED_GENERATED_TEMPLATE,"Generated wrapper asserted behavior or proof without a record-specific actor, trigger, observable result, and failure criterion.",03-HOW-WE-WILL-KEEP-DELETE-AND-CHANGE.md / lines 1916-1916,NOT_APPLICABLE
CAN-LAM-DUPLICATE-003,Lamha must provide These graph links do not duplicate or move files.,SUPERSEDED_GENERATED_TEMPLATE,"Generated wrapper asserted behavior or proof without a record-specific actor, trigger, observable result, and failure criterion.",01-EVERYTHING-WE-ARE-KEEPING.md / lines 1154-1154,NOT_APPLICABLE
CAN-LAM-DUPLICATE-010,The final Lamha desktop runtime must not retain or require Deletes a duplicate.,SUPERSEDED_GENERATED_TEMPLATE,"Generated wrapper asserted behavior or proof without a record-specific actor, trigger, observable result, and failure criterion.",02-EVERYTHING-WE-ARE-DELETING.md / lines 670-670,NOT_APPLICABLE
CAN-LAM-DUPLICATE-011,The final Lamha desktop runtime must not retain or require Automatic duplicate deletion.,SUPERSEDED_GENERATED_TEMPLATE,"Generated wrapper asserted behavior or proof without a record-specific actor, trigger, observable result, and failure criterion.",02-EVERYTHING-WE-ARE-DELETING.md / lines 814-814,NOT_APPLICABLE
CAN-LAM-DUPLICATE-012,The final Lamha desktop runtime must not retain or require duplicate implementations.,SUPERSEDED_GENERATED_TEMPLATE,"Generated wrapper asserted behavior or proof without a record-specific actor, trigger, observable result, and failure criterion.",02-EVERYTHING-WE-ARE-DELETING.md / lines 941-941,NOT_APPLICABLE
CAN-LAM-EDGE-01,"Recorded evidence must demonstrate: LAM-EDGE-01; Sidecars; Media File Missing .asset.json; Scanner finds media.ext with no matching .asset.json.; In a writable normalized managed location, generate the minimum versioned sidecars and log it. In Manage Later, Linked, or read-only locations, index as unmanaged/degraded and offer reviewed sidecar creation or a Pending Overlay.; Do NOT delete media, invent approved metadata, or treat a read-only overlay as co-located completion.; After sidecars are committed, verify UUID/path/hash and clear the warning.",SUPERSEDED_GENERATED_TEMPLATE,"Generated wrapper asserted behavior or proof without a record-specific actor, trigger, observable result, and failure criterion.",01-EVERYTHING-WE-ARE-KEEPING.md / lines 248-248,NOT_APPLICABLE
CAN-LAM-EDGE-02,"Recorded evidence must demonstrate: LAM-EDGE-02; Sidecars; Detached Sidecar (Missing Media File); Scanner finds .asset.json or .xmp with no matching primary media file on disk.; Retain the sidecar on disk; index the detached-sidecar state in the rebuildable SQLite store using names chosen during target-schema mapping; display a warning card in Review Centre.; Do NOT delete sidecar automatically; do NOT crash scanner.; If media file reappears later with matching UUID/hash, automatically reunite bundle and clear warning.",SUPERSEDED_GENERATED_TEMPLATE,"Generated wrapper asserted behavior or proof without a record-specific actor, trigger, observable result, and failure criterion.",01-EVERYTHING-WE-ARE-KEEPING.md / lines 249-249,NOT_APPLICABLE
CAN-LAM-EDGE-08,"Recorded evidence must demonstrate: LAM-EDGE-08; Storage; Disk Full During Batch Move or Copy; OS returns ENOSPC during file write.; Abort the batch, retain source files, and roll back partial destinations using the coordinator/root manifest pair.; Do NOT delete sources, leave partial bundles, or rely on SQLite alone.; Clean only manifest-listed verified temporaries; reconcile/retain manifest history and notify the user.",SUPERSEDED_GENERATED_TEMPLATE,"Generated wrapper asserted behavior or proof without a record-specific actor, trigger, observable result, and failure criterion.",01-EVERYTHING-WE-ARE-KEEPING.md / lines 255-255,NOT_APPLICABLE
CAN-LAM-EDGE-17,"Recorded evidence must demonstrate: LAM-EDGE-17; Media; Incomplete Companion Set; One member of a Live Photo, Motion Photo pair, or RAW+JPEG link is missing/offline.; Keep each surviving bundle independently viewable and mark the companion link degraded.; Do NOT delete the survivor, fabricate the missing container, or collapse two UUIDs into one.; Relink by stored companion UUID/full hash when the member returns; otherwise allow explicit unlink with history.",SUPERSEDED_GENERATED_TEMPLATE,"Generated wrapper asserted behavior or proof without a record-specific actor, trigger, observable result, and failure criterion.",01-EVERYTHING-WE-ARE-KEEPING.md / lines 264-264,NOT_APPLICABLE
CAN-LAM-EDIT-002,Lamha must provide A privacy-clean export is outside the managed library unless explicitly imported.,SUPERSEDED_GENERATED_TEMPLATE,"Generated wrapper asserted behavior or proof without a record-specific actor, trigger, observable result, and failure criterion.",01-EVERYTHING-WE-ARE-KEEPING.md / lines 636-636,NOT_APPLICABLE
CAN-LAM-EDIT-008,The final Lamha desktop runtime must not retain or require Treating privacy export and original mutation as the same action.,SUPERSEDED_GENERATED_TEMPLATE,"Generated wrapper asserted behavior or proof without a record-specific actor, trigger, observable result, and failure criterion.",02-EVERYTHING-WE-ARE-DELETING.md / lines 786-786,NOT_APPLICABLE
CAN-LAM-EDIT-009,Recorded evidence must demonstrate: Automatic image overwrite after editing.,SUPERSEDED_GENERATED_TEMPLATE,"Generated wrapper asserted behavior or proof without a record-specific actor, trigger, observable result, and failure criterion.",02-EVERYTHING-WE-ARE-DELETING.md / lines 798-798,NOT_APPLICABLE
CAN-LAM-EDIT-010,Recorded evidence must demonstrate: Non-destructive edited copies remain.,SUPERSEDED_GENERATED_TEMPLATE,"Generated wrapper asserted behavior or proof without a record-specific actor, trigger, observable result, and failure criterion.",02-EVERYTHING-WE-ARE-DELETING.md / lines 806-806,NOT_APPLICABLE
CAN-LAM-EDIT-011,Implementation must honor this constraint: Non-destructive edit instructions.,SUPERSEDED_GENERATED_TEMPLATE,"Generated wrapper asserted behavior or proof without a record-specific actor, trigger, observable result, and failure criterion.",03-HOW-WE-WILL-KEEP-DELETE-AND-CHANGE.md / lines 1494-1494,NOT_APPLICABLE
CAN-LAM-EDIT-012,Implementation must honor this constraint: Derivative/export creation with new UUID or unmanaged-export rules.,SUPERSEDED_GENERATED_TEMPLATE,"Generated wrapper asserted behavior or proof without a record-specific actor, trigger, observable result, and failure criterion.",03-HOW-WE-WILL-KEEP-DELETE-AND-CHANGE.md / lines 1495-1495,NOT_APPLICABLE
CAN-LAM-EDIT-014,Implementation must honor this constraint: Inspect actual code before editing.,SUPERSEDED_GENERATED_TEMPLATE,"Generated wrapper asserted behavior or proof without a record-specific actor, trigger, observable result, and failure criterion.",03-HOW-WE-WILL-KEEP-DELETE-AND-CHANGE.md / lines 1929-1929,NOT_APPLICABLE
CAN-LAM-EVENT-001,Lamha must provide Event attendees; Event JSON; None; SQLite event index; List of people present at the event; it NEVER auto-populates visible people.,SUPERSEDED_GENERATED_TEMPLATE,"Generated wrapper asserted behavior or proof without a record-specific actor, trigger, observable result, and failure criterion.",01-EVERYTHING-WE-ARE-KEEPING.md / lines 139-139,NOT_APPLICABLE
CAN-LAM-EVENT-010,Lamha must provide A multi-day event also uses its starting date. The full start and end date/time remain in event.json.,SUPERSEDED_GENERATED_TEMPLATE,"Generated wrapper asserted behavior or proof without a record-specific actor, trigger, observable result, and failure criterion.",01-EVERYTHING-WE-ARE-KEEPING.md / lines 525-525,NOT_APPLICABLE
CAN-LAM-EVENT-027,"Lamha must provide Eid Day 1, 2, and 3 represented as one event.",SUPERSEDED_GENERATED_TEMPLATE,"Generated wrapper asserted behavior or proof without a record-specific actor, trigger, observable result, and failure criterion.",01-EVERYTHING-WE-ARE-KEEPING.md / lines 777-777,NOT_APPLICABLE
CAN-LAM-EVENT-035,Lamha must provide Keep selected folders in place and link them to one event.,SUPERSEDED_GENERATED_TEMPLATE,"Generated wrapper asserted behavior or proof without a record-specific actor, trigger, observable result, and failure criterion.",01-EVERYTHING-WE-ARE-KEEPING.md / lines 828-828,NOT_APPLICABLE
CAN-LAM-EVENT-036,Lamha must provide Select one primary event folder and retain other linked folders.,SUPERSEDED_GENERATED_TEMPLATE,"Generated wrapper asserted behavior or proof without a record-specific actor, trigger, observable result, and failure criterion.",01-EVERYTHING-WE-ARE-KEEPING.md / lines 832-832,NOT_APPLICABLE
CAN-LAM-EVENT-037,Lamha must provide Create several event assignments from one folder and optionally materialize separate folders.,SUPERSEDED_GENERATED_TEMPLATE,"Generated wrapper asserted behavior or proof without a record-specific actor, trigger, observable result, and failure criterion.",01-EVERYTHING-WE-ARE-KEEPING.md / lines 836-836,NOT_APPLICABLE
CAN-LAM-EVENT-043,Lamha must provide Lamha keeps a dedicated folder and event map as the main organizational workspace.,SUPERSEDED_GENERATED_TEMPLATE,"Generated wrapper asserted behavior or proof without a record-specific actor, trigger, observable result, and failure criterion.",01-EVERYTHING-WE-ARE-KEEPING.md / lines 1064-1064,NOT_APPLICABLE
CAN-LAM-EVENT-064,The final Lamha desktop runtime must not retain or require Server event broadcasting to remote clients.,SUPERSEDED_GENERATED_TEMPLATE,"Generated wrapper asserted behavior or proof without a record-specific actor, trigger, observable result, and failure criterion.",02-EVERYTHING-WE-ARE-DELETING.md / lines 530-530,NOT_APPLICABLE
CAN-LAM-EVENT-065,The final Lamha desktop runtime must not retain or require Distributed event buses used only for server clients.,SUPERSEDED_GENERATED_TEMPLATE,"Generated wrapper asserted behavior or proof without a record-specific actor, trigger, observable result, and failure criterion.",02-EVERYTHING-WE-ARE-DELETING.md / lines 534-534,NOT_APPLICABLE
CAN-LAM-EVENT-066,The final Lamha desktop runtime must not retain or require Event membership.,SUPERSEDED_GENERATED_TEMPLATE,"Generated wrapper asserted behavior or proof without a record-specific actor, trigger, observable result, and failure criterion.",02-EVERYTHING-WE-ARE-DELETING.md / lines 554-554,NOT_APPLICABLE
CAN-LAM-EVENT-067,The final Lamha desktop runtime must not retain or require Delete automatic event creation and automatic event claims based on.,SUPERSEDED_GENERATED_TEMPLATE,"Generated wrapper asserted behavior or proof without a record-specific actor, trigger, observable result, and failure criterion.",02-EVERYTHING-WE-ARE-DELETING.md / lines 571-571,NOT_APPLICABLE
CAN-LAM-EVENT-068,The final Lamha desktop runtime must not retain or require Lamha may summarize these facts to help the user manually create an event.,SUPERSEDED_GENERATED_TEMPLATE,"Generated wrapper asserted behavior or proof without a record-specific actor, trigger, observable result, and failure criterion.",02-EVERYTHING-WE-ARE-DELETING.md / lines 582-582,NOT_APPLICABLE
CAN-LAM-EVENT-069,The final Lamha desktop runtime must not retain or require An event contains many relationship categories.,SUPERSEDED_GENERATED_TEMPLATE,"Generated wrapper asserted behavior or proof without a record-specific actor, trigger, observable result, and failure criterion.",02-EVERYTHING-WE-ARE-DELETING.md / lines 607-607,NOT_APPLICABLE
CAN-LAM-EVENT-070,The final Lamha desktop runtime must not retain or require Creates an event.,SUPERSEDED_GENERATED_TEMPLATE,"Generated wrapper asserted behavior or proof without a record-specific actor, trigger, observable result, and failure criterion.",02-EVERYTHING-WE-ARE-DELETING.md / lines 665-665,NOT_APPLICABLE
CAN-LAM-EVENT-071,The final Lamha desktop runtime must not retain or require Removing old event participation after a group rename.,SUPERSEDED_GENERATED_TEMPLATE,"Generated wrapper asserted behavior or proof without a record-specific actor, trigger, observable result, and failure criterion.",02-EVERYTHING-WE-ARE-DELETING.md / lines 754-754,NOT_APPLICABLE
CAN-LAM-EVENT-072,The final Lamha desktop runtime must not retain or require Current state and state-at-event-time must remain distinguishable.,SUPERSEDED_GENERATED_TEMPLATE,"Generated wrapper asserted behavior or proof without a record-specific actor, trigger, observable result, and failure criterion.",02-EVERYTHING-WE-ARE-DELETING.md / lines 756-756,NOT_APPLICABLE
CAN-LAM-EVENT-073,The final Lamha desktop runtime must not retain or require Merging event folders without review.,SUPERSEDED_GENERATED_TEMPLATE,"Generated wrapper asserted behavior or proof without a record-specific actor, trigger, observable result, and failure criterion.",02-EVERYTHING-WE-ARE-DELETING.md / lines 833-833,NOT_APPLICABLE
CAN-LAM-EVENT-074,The final Lamha desktop runtime must not retain or require Splitting an event automatically.,SUPERSEDED_GENERATED_TEMPLATE,"Generated wrapper asserted behavior or proof without a record-specific actor, trigger, observable result, and failure criterion.",02-EVERYTHING-WE-ARE-DELETING.md / lines 834-834,NOT_APPLICABLE
CAN-LAM-EVENT-075,The final Lamha desktop runtime must not retain or require Delete automatic visible-group tagging based solely on event group membership.,SUPERSEDED_GENERATED_TEMPLATE,"Generated wrapper asserted behavior or proof without a record-specific actor, trigger, observable result, and failure criterion.",02-EVERYTHING-WE-ARE-DELETING.md / lines 875-875,NOT_APPLICABLE
CAN-LAM-EVENT-076,The final Lamha desktop runtime must not retain or require Event metadata may still record groups present.,SUPERSEDED_GENERATED_TEMPLATE,"Generated wrapper asserted behavior or proof without a record-specific actor, trigger, observable result, and failure criterion.",02-EVERYTHING-WE-ARE-DELETING.md / lines 877-877,NOT_APPLICABLE
CAN-LAM-EVENT-081,Implementation must honor this constraint: User-approved event start dates and unknown-date events.,SUPERSEDED_GENERATED_TEMPLATE,"Generated wrapper asserted behavior or proof without a record-specific actor, trigger, observable result, and failure criterion.",03-HOW-WE-WILL-KEEP-DELETE-AND-CHANGE.md / lines 1427-1427,NOT_APPLICABLE
CAN-LAM-EVENT-082,Recorded evidence must demonstrate: Gate: Scanning Manage Later does not mutate intake; unsorted files can be organized through reversible reviewed operations; no automatic event creation occurs.,SUPERSEDED_GENERATED_TEMPLATE,"Generated wrapper asserted behavior or proof without a record-specific actor, trigger, observable result, and failure criterion.",03-HOW-WE-WILL-KEEP-DELETE-AND-CHANGE.md / lines 1430-1430,NOT_APPLICABLE
CAN-LAM-EVENT-086,Recorded evidence must demonstrate: Manage Later works.,SUPERSEDED_GENERATED_TEMPLATE,"Generated wrapper asserted behavior or proof without a record-specific actor, trigger, observable result, and failure criterion.",03-HOW-WE-WILL-KEEP-DELETE-AND-CHANGE.md / lines 1894-1894,NOT_APPLICABLE
CAN-LAM-EVENT-087,Recorded evidence must demonstrate: Events work.,SUPERSEDED_GENERATED_TEMPLATE,"Generated wrapper asserted behavior or proof without a record-specific actor, trigger, observable result, and failure criterion.",03-HOW-WE-WILL-KEEP-DELETE-AND-CHANGE.md / lines 1895-1895,NOT_APPLICABLE
CAN-LAM-EVENT-088,Recorded evidence must demonstrate: Year-to-event folders work.,SUPERSEDED_GENERATED_TEMPLATE,"Generated wrapper asserted behavior or proof without a record-specific actor, trigger, observable result, and failure criterion.",03-HOW-WE-WILL-KEEP-DELETE-AND-CHANGE.md / lines 1897-1897,NOT_APPLICABLE
CAN-LAM-EXTERNAL-001,"Lamha must provide Detached Index Mode (LAM-EXTERNAL-001): An operational state activated when a Library Root is unavailable or read-only. Cached browsing/search remain available; filesystem mutations are disabled; metadata edits are stored as transparent pending overlays until an explicit, conflict-checked flush is possible.",SUPERSEDED_GENERATED_TEMPLATE,"Generated wrapper asserted behavior or proof without a record-specific actor, trigger, observable result, and failure criterion.",01-EVERYTHING-WE-ARE-KEEPING.md / lines 78-78,NOT_APPLICABLE
CAN-LAM-FACE-001,"Lamha must provide Face Cluster (LAM-FACE-001): A model-versioned grouping of face embeddings whose dimension is declared by the selected local model, never hard-coded by the application. Rebuildable embeddings remain in the AI cache; approved face regions and Person Profile links are stored in .asset.json using normalized bounding boxes.",SUPERSEDED_GENERATED_TEMPLATE,"Generated wrapper asserted behavior or proof without a record-specific actor, trigger, observable result, and failure criterion.",01-EVERYTHING-WE-ARE-KEEPING.md / lines 70-70,NOT_APPLICABLE
CAN-LAM-FOLDER-002,Lamha must provide Linked Folder (LAM-FOLDER-002): An existing user directory indexed in place via non-destructive reference. Assets in linked folders are never moved or renamed by Lamha unless explicitly commanded by the user.,SUPERSEDED_GENERATED_TEMPLATE,"Generated wrapper asserted behavior or proof without a record-specific actor, trigger, observable result, and failure criterion.",01-EVERYTHING-WE-ARE-KEEPING.md / lines 66-66,NOT_APPLICABLE
CAN-LAM-FOLDER-022,Lamha must provide A planned node becomes a physical folder only after user approval.,SUPERSEDED_GENERATED_TEMPLATE,"Generated wrapper asserted behavior or proof without a record-specific actor, trigger, observable result, and failure criterion.",01-EVERYTHING-WE-ARE-KEEPING.md / lines 1068-1068,NOT_APPLICABLE
CAN-LAM-FOLDER-028,Lamha must provide Dragging an existing folder into the map creates a link first.,SUPERSEDED_GENERATED_TEMPLATE,"Generated wrapper asserted behavior or proof without a record-specific actor, trigger, observable result, and failure criterion.",01-EVERYTHING-WE-ARE-KEEPING.md / lines 1118-1118,NOT_APPLICABLE
CAN-LAM-FOLDER-044,Lamha must provide Canonical location: the source root’s root-scoped .app-data/trash/ when writable; otherwise use a reviewed cross-drive transaction into the Primary Library Root’s Trash.,SUPERSEDED_GENERATED_TEMPLATE,"Generated wrapper asserted behavior or proof without a record-specific actor, trigger, observable result, and failure criterion.",01-EVERYTHING-WE-ARE-KEEPING.md / lines 2035-2035,NOT_APPLICABLE
CAN-LAM-FOLDER-055,The final Lamha desktop runtime must not retain or require the desktop launch/build path must become server-independent before the legacy source tree is removed.,SUPERSEDED_GENERATED_TEMPLATE,"Generated wrapper asserted behavior or proof without a record-specific actor, trigger, observable result, and failure criterion.",02-EVERYTHING-WE-ARE-DELETING.md / lines 18-18,NOT_APPLICABLE
CAN-LAM-FOLDER-056,"Recorded evidence must demonstrate: Automated Dependency Rescan: The verified dependency scanner defined during Phase 1 returns zero final-state server violations across source, manifests, installers, and runtime launch paths.",SUPERSEDED_GENERATED_TEMPLATE,"Generated wrapper asserted behavior or proof without a record-specific actor, trigger, observable result, and failure criterion.",02-EVERYTHING-WE-ARE-DELETING.md / lines 71-71,NOT_APPLICABLE
CAN-LAM-FOLDER-057,"The final Lamha desktop runtime must not retain or require sync to cloud / cloud storage; Violates local-first, offline-only architectural invariant.; local library root, offline storage, external drive.; All UI text, documentation, comments.",SUPERSEDED_GENERATED_TEMPLATE,"Generated wrapper asserted behavior or proof without a record-specific actor, trigger, observable result, and failure criterion.",02-EVERYTHING-WE-ARE-DELETING.md / lines 84-84,NOT_APPLICABLE
CAN-LAM-FOLDER-058,The final Lamha desktop runtime must not retain or require Server ingestion paths.,SUPERSEDED_GENERATED_TEMPLATE,"Generated wrapper asserted behavior or proof without a record-specific actor, trigger, observable result, and failure criterion.",02-EVERYTHING-WE-ARE-DELETING.md / lines 345-345,NOT_APPLICABLE
CAN-LAM-FOLDER-059,The final Lamha desktop runtime must not retain or require Drive state.,SUPERSEDED_GENERATED_TEMPLATE,"Generated wrapper asserted behavior or proof without a record-specific actor, trigger, observable result, and failure criterion.",02-EVERYTHING-WE-ARE-DELETING.md / lines 401-401,NOT_APPLICABLE
CAN-LAM-FOLDER-060,The final Lamha desktop runtime must not retain or require Local external drives and local backups remain supported.,SUPERSEDED_GENERATED_TEMPLATE,"Generated wrapper asserted behavior or proof without a record-specific actor, trigger, observable result, and failure criterion.",02-EVERYTHING-WE-ARE-DELETING.md / lines 443-443,NOT_APPLICABLE
CAN-LAM-FOLDER-061,The final Lamha desktop runtime must not retain or require Folder-name guesses.,SUPERSEDED_GENERATED_TEMPLATE,"Generated wrapper asserted behavior or proof without a record-specific actor, trigger, observable result, and failure criterion.",02-EVERYTHING-WE-ARE-DELETING.md / lines 579-579,NOT_APPLICABLE
CAN-LAM-FOLDER-062,The final Lamha desktop runtime must not retain or require Physical Folders vs. Virtual Views Reinforcement.,SUPERSEDED_GENERATED_TEMPLATE,"Generated wrapper asserted behavior or proof without a record-specific actor, trigger, observable result, and failure criterion.",02-EVERYTHING-WE-ARE-DELETING.md / lines 613-613,NOT_APPLICABLE
CAN-LAM-FOLDER-063,The final Lamha desktop runtime must not retain or require Delete physical root folders such as.,SUPERSEDED_GENERATED_TEMPLATE,"Generated wrapper asserted behavior or proof without a record-specific actor, trigger, observable result, and failure criterion.",02-EVERYTHING-WE-ARE-DELETING.md / lines 620-620,NOT_APPLICABLE
CAN-LAM-FOLDER-064,The final Lamha desktop runtime must not retain or require Renaming a folder without preview.,SUPERSEDED_GENERATED_TEMPLATE,"Generated wrapper asserted behavior or proof without a record-specific actor, trigger, observable result, and failure criterion.",02-EVERYTHING-WE-ARE-DELETING.md / lines 832-832,NOT_APPLICABLE
CAN-LAM-FOLDER-065,The final Lamha desktop runtime must not retain or require Changing external-drive content without an explicit transaction.,SUPERSEDED_GENERATED_TEMPLATE,"Generated wrapper asserted behavior or proof without a record-specific actor, trigger, observable result, and failure criterion.",02-EVERYTHING-WE-ARE-DELETING.md / lines 837-837,NOT_APPLICABLE
CAN-LAM-FOLDER-066,Recorded evidence must demonstrate: Remove Docker/server startup from the desktop launch path while retaining legacy source for parity evidence.,SUPERSEDED_GENERATED_TEMPLATE,"Generated wrapper asserted behavior or proof without a record-specific actor, trigger, observable result, and failure criterion.",03-HOW-WE-WILL-KEEP-DELETE-AND-CHANGE.md / lines 1381-1381,NOT_APPLICABLE
CAN-LAM-FOLDER-070,Recorded evidence must demonstrate: Gate: Draft saves without filesystem change; confirmed plans are reversible.,SUPERSEDED_GENERATED_TEMPLATE,"Generated wrapper asserted behavior or proof without a record-specific actor, trigger, observable result, and failure criterion.",03-HOW-WE-WILL-KEEP-DELETE-AND-CHANGE.md / lines 1473-1473,NOT_APPLICABLE
CAN-LAM-FOLDER-074,"Recorded evidence must demonstrate: Remove dead dependencies, generated clients, environment variables, removed-workflow documentation, and residual runtime launch paths.",SUPERSEDED_GENERATED_TEMPLATE,"Generated wrapper asserted behavior or proof without a record-specific actor, trigger, observable result, and failure criterion.",03-HOW-WE-WILL-KEEP-DELETE-AND-CHANGE.md / lines 1570-1570,NOT_APPLICABLE
CAN-LAM-FOLDER-075,Recorded evidence must demonstrate: Gate: Repository-wide Gate 6 plus all affected applicable gates pass with obsolete runtime/source/dependency paths absent; clean Windows/macOS/Linux packages and final Graphify traceability are reverified.,SUPERSEDED_GENERATED_TEMPLATE,"Generated wrapper asserted behavior or proof without a record-specific actor, trigger, observable result, and failure criterion.",03-HOW-WE-WILL-KEEP-DELETE-AND-CHANGE.md / lines 1577-1577,NOT_APPLICABLE
CAN-LAM-FOLDER-079,Recorded evidence must demonstrate: Current paths are validated.,SUPERSEDED_GENERATED_TEMPLATE,"Generated wrapper asserted behavior or proof without a record-specific actor, trigger, observable result, and failure criterion.",03-HOW-WE-WILL-KEEP-DELETE-AND-CHANGE.md / lines 1872-1872,NOT_APPLICABLE
CAN-LAM-FOLDER-081,"Lamha must provide If those questions cannot be answered with exact paths, symbols, line locations, and tests, planning is not complete.",SUPERSEDED_GENERATED_TEMPLATE,"Generated wrapper asserted behavior or proof without a record-specific actor, trigger, observable result, and failure criterion.",03-HOW-WE-WILL-KEEP-DELETE-AND-CHANGE.md / lines 1964-1964,NOT_APPLICABLE
CAN-LAM-GOV-001,"Recorded evidence must demonstrate: This file defines how Codex and Graphify must work. It does not permit skipping repository discovery, replacing the product with a prototype, or claiming completion without proof.",SUPERSEDED_GENERATED_TEMPLATE,"Generated wrapper asserted behavior or proof without a record-specific actor, trigger, observable result, and failure criterion.",03-HOW-WE-WILL-KEEP-DELETE-AND-CHANGE.md / lines 12-12,NOT_APPLICABLE
CAN-LAM-GOV-002,"Recorded evidence must demonstrate: Within the Lamha project tree, only the three files in Graphify/Master Plan/ may be substantively inspected or edited; external tool/skill instructions may be read without starting project mapping.",SUPERSEDED_GENERATED_TEMPLATE,"Generated wrapper asserted behavior or proof without a record-specific actor, trigger, observable result, and failure criterion.",03-HOW-WE-WILL-KEEP-DELETE-AND-CHANGE.md / lines 18-18,NOT_APPLICABLE
CAN-LAM-GOV-003,"Recorded evidence must demonstrate: Before the repair, a strictly mechanical safety snapshot may resolve roots and Git state, enumerate reparse points, and hash/inventory Codebase/ only to prove later non-modification.",SUPERSEDED_GENERATED_TEMPLATE,"Generated wrapper asserted behavior or proof without a record-specific actor, trigger, observable result, and failure criterion.",03-HOW-WE-WILL-KEEP-DELETE-AND-CHANGE.md / lines 19-19,NOT_APPLICABLE
CAN-LAM-GOV-004,"Recorded evidence must demonstrate: It must not perform semantic source mapping, execute repository commands, or change Codebase/.",SUPERSEDED_GENERATED_TEMPLATE,"Generated wrapper asserted behavior or proof without a record-specific actor, trigger, observable result, and failure criterion.",03-HOW-WE-WILL-KEEP-DELETE-AND-CHANGE.md / lines 19-19,NOT_APPLICABLE
CAN-LAM-GOV-005,Recorded evidence must demonstrate: Graphify extraction/mapping must not begin.,SUPERSEDED_GENERATED_TEMPLATE,"Generated wrapper asserted behavior or proof without a record-specific actor, trigger, observable result, and failure criterion.",03-HOW-WE-WILL-KEEP-DELETE-AND-CHANGE.md / lines 20-20,NOT_APPLICABLE
CAN-LAM-GOV-006,"Recorded evidence must demonstrate: No source, test, script, package, database, Tauri, Rust, Svelte, or AI-worker artifact may be created.",SUPERSEDED_GENERATED_TEMPLATE,"Generated wrapper asserted behavior or proof without a record-specific actor, trigger, observable result, and failure criterion.",03-HOW-WE-WILL-KEEP-DELETE-AND-CHANGE.md / lines 21-21,NOT_APPLICABLE
CAN-LAM-GOV-007,"Recorded evidence must demonstrate: After this gate is explicitly complete, Phase 0—not implementation—is the next allowed activity.",SUPERSEDED_GENERATED_TEMPLATE,"Generated wrapper asserted behavior or proof without a record-specific actor, trigger, observable result, and failure criterion.",03-HOW-WE-WILL-KEEP-DELETE-AND-CHANGE.md / lines 23-23,NOT_APPLICABLE
CAN-LAM-GOV-008,"Implementation must honor this constraint: If an autonomous coding model encounters an underspecified requirement, an unmapped legacy file path, or an ambiguous product choice during implementation, it is strictly illegal to guess, invent a simplified implementation, or substitute a prototype stub. The model MUST log the item in Graphify/05-keep-port-rewrite-remove/BLOCKEDORUNKNOWN.md under DEFERRED — REQUIRES PRODUCT DECISION and halt execution on that specific item while continuing independent tasks.",SUPERSEDED_GENERATED_TEMPLATE,"Generated wrapper asserted behavior or proof without a record-specific actor, trigger, observable result, and failure criterion.",03-HOW-WE-WILL-KEEP-DELETE-AND-CHANGE.md / lines 31-31,NOT_APPLICABLE
CAN-LAM-GOV-009,"Implementation must honor this constraint: An autonomous coding model MUST fully implement, test, and verify every assigned requirement.",SUPERSEDED_GENERATED_TEMPLATE,"Generated wrapper asserted behavior or proof without a record-specific actor, trigger, observable result, and failure criterion.",03-HOW-WE-WILL-KEEP-DELETE-AND-CHANGE.md / lines 35-35,NOT_APPLICABLE
CAN-LAM-GOV-010,"The final Lamha desktop runtime must not retain or require Outputting homework for the user to write code, complete stubs, or fix builds is a critical failure.",SUPERSEDED_GENERATED_TEMPLATE,"Generated wrapper asserted behavior or proof without a record-specific actor, trigger, observable result, and failure criterion.",03-HOW-WE-WILL-KEEP-DELETE-AND-CHANGE.md / lines 35-35,NOT_APPLICABLE
CAN-LAM-GOV-011,"Implementation must honor this constraint: An explicit user stop/pause, bounded-phase request, approval boundary, or genuine blocker always controls scope.",SUPERSEDED_GENERATED_TEMPLATE,"Generated wrapper asserted behavior or proof without a record-specific actor, trigger, observable result, and failure criterion.",03-HOW-WE-WILL-KEEP-DELETE-AND-CHANGE.md / lines 35-35,NOT_APPLICABLE
CAN-LAM-GOV-012,"Implementation must honor this constraint: Never Mutate Codebase During Mapping: During Phase 0 and Phase 1, creating, modifying, moving, or deleting content inside Codebase/ is prohibited, including dependency installs, formatters, generated sources, caches, logs, snapshots, and build outputs.",SUPERSEDED_GENERATED_TEMPLATE,"Generated wrapper asserted behavior or proof without a record-specific actor, trigger, observable result, and failure criterion.",03-HOW-WE-WILL-KEEP-DELETE-AND-CHANGE.md / lines 38-38,NOT_APPLICABLE
CAN-LAM-GOV-013,"Implementation must honor this constraint: All mapping artifacts and tool caches must be redirected to Graphify/, OS temporary/application-data storage, or a disposable snapshot outside Codebase/.",SUPERSEDED_GENERATED_TEMPLATE,"Generated wrapper asserted behavior or proof without a record-specific actor, trigger, observable result, and failure criterion.",03-HOW-WE-WILL-KEEP-DELETE-AND-CHANGE.md / lines 38-38,NOT_APPLICABLE
CAN-LAM-GOV-014,"Recorded evidence must demonstrate: Keep Planning Markdown Out of Codebase: Lamha planning, mapping, tracking, audit, status, completion, handoff, and Graphify-generated Markdown must not be scattered inside Codebase/.",SUPERSEDED_GENERATED_TEMPLATE,"Generated wrapper asserted behavior or proof without a record-specific actor, trigger, observable result, and failure criterion.",03-HOW-WE-WILL-KEEP-DELETE-AND-CHANGE.md / lines 39-39,NOT_APPLICABLE
CAN-LAM-GOV-015,"Implementation must honor this constraint: README files, licences, notices, security/contribution/source-architecture/build/package/generated/vendor/upstream documentation, and documentation required by CI, packaging, or release may remain when required and must be classified rather than deleted by extension.",SUPERSEDED_GENERATED_TEMPLATE,"Generated wrapper asserted behavior or proof without a record-specific actor, trigger, observable result, and failure criterion.",03-HOW-WE-WILL-KEEP-DELETE-AND-CHANGE.md / lines 39-39,NOT_APPLICABLE
CAN-LAM-GOV-016,Implementation must honor this constraint: Preserve Baseline Evidence and Remove Only When Safe: No source is removed in Phase 0 or Phase 1.,SUPERSEDED_GENERATED_TEMPLATE,"Generated wrapper asserted behavior or proof without a record-specific actor, trigger, observable result, and failure criterion.",03-HOW-WE-WILL-KEEP-DELETE-AND-CHANGE.md / lines 40-40,NOT_APPLICABLE
CAN-LAM-GOV-017,"Recorded evidence must demonstrate: In a later assigned phase, a legacy subsystem may be removed only after complete mapping, replacement, caller migration, applicable focused/regression/build/desktop-launch proof, Graphify/Ponytail agreement, baseline or rollback preservation, and recorded removal proof.",SUPERSEDED_GENERATED_TEMPLATE,"Generated wrapper asserted behavior or proof without a record-specific actor, trigger, observable result, and failure criterion.",03-HOW-WE-WILL-KEEP-DELETE-AND-CHANGE.md / lines 40-40,NOT_APPLICABLE
CAN-LAM-GOV-021,Recorded evidence must demonstrate: A requirement may be checked [x] only when every applicable gate passes. A non-applicable gate must be recorded as N/A with a specific reason; it may not be silently omitted. Phase gates in Section 22 supplement these gates rather than replacing them.,SUPERSEDED_GENERATED_TEMPLATE,"Generated wrapper asserted behavior or proof without a record-specific actor, trigger, observable result, and failure criterion.",03-HOW-WE-WILL-KEEP-DELETE-AND-CHANGE.md / lines 47-47,NOT_APPLICABLE
CAN-LAM-GOV-022,Recorded evidence must demonstrate: Exact executable commands are evidence discovered in Phase 0 and normalized in Graphify/08-test-and-proof-plan/RELEASEPROOFGATES.md during Phase 1. Command and script names elsewhere in these plans are planned examples until that registry proves they exist or assigns their creation to a later phase.,SUPERSEDED_GENERATED_TEMPLATE,"Generated wrapper asserted behavior or proof without a record-specific actor, trigger, observable result, and failure criterion.",03-HOW-WE-WILL-KEEP-DELETE-AND-CHANGE.md / lines 49-49,NOT_APPLICABLE
CAN-LAM-GOV-023,"Recorded evidence must demonstrate: Gate 1; Build, Syntax & Type Safety; The mapped build/type commands pass for the affected workspace; no new warning/error is introduced.; Every production-code change; Phase 0 records baseline instead of changing code.; Command, environment, exit code, and log.",SUPERSEDED_GENERATED_TEMPLATE,"Generated wrapper asserted behavior or proof without a record-specific actor, trigger, observable result, and failure criterion.",03-HOW-WE-WILL-KEEP-DELETE-AND-CHANGE.md / lines 53-53,NOT_APPLICABLE
CAN-LAM-GOV-024,"Recorded evidence must demonstrate: Gate 2; No Placeholder Production Behaviour; No stub, dummy success, hard-coded production mock, disabled failure, or TODO implementation stands in for the requirement.; Every production-code change.; Scoped scan plus reviewer-readable symbol evidence.",SUPERSEDED_GENERATED_TEMPLATE,"Generated wrapper asserted behavior or proof without a record-specific actor, trigger, observable result, and failure criterion.",03-HOW-WE-WILL-KEEP-DELETE-AND-CHANGE.md / lines 54-54,NOT_APPLICABLE
CAN-LAM-GOV-025,Recorded evidence must demonstrate: Meaningful focused tests and the mapped affected regression set pass.,SUPERSEDED_GENERATED_TEMPLATE,"Generated wrapper asserted behavior or proof without a record-specific actor, trigger, observable result, and failure criterion.",03-HOW-WE-WILL-KEEP-DELETE-AND-CHANGE.md / lines 55-55,NOT_APPLICABLE
CAN-LAM-GOV-026,Recorded evidence must demonstrate: Every behaviour change; documentation/mapping-only items use structural validation instead.,SUPERSEDED_GENERATED_TEMPLATE,"Generated wrapper asserted behavior or proof without a record-specific actor, trigger, observable result, and failure criterion.",03-HOW-WE-WILL-KEEP-DELETE-AND-CHANGE.md / lines 55-55,NOT_APPLICABLE
CAN-LAM-GOV-027,Recorded evidence must demonstrate: Test selection rationale and clean logs.,SUPERSEDED_GENERATED_TEMPLATE,"Generated wrapper asserted behavior or proof without a record-specific actor, trigger, observable result, and failure criterion.",03-HOW-WE-WILL-KEEP-DELETE-AND-CHANGE.md / lines 55-55,NOT_APPLICABLE
CAN-LAM-GOV-028,"Recorded evidence must demonstrate: Gate 4; Cross-Platform Path & Permission Safety; Windows, macOS, and Linux semantics, sandbox roots, read-only state, and separators are covered.; Filesystem, path, drive, packaging, or permission work.; Platform/simulation matrix and logs.",SUPERSEDED_GENERATED_TEMPLATE,"Generated wrapper asserted behavior or proof without a record-specific actor, trigger, observable result, and failure criterion.",03-HOW-WE-WILL-KEEP-DELETE-AND-CHANGE.md / lines 56-56,NOT_APPLICABLE
CAN-LAM-GOV-029,"Recorded evidence must demonstrate: Gate 5; Tauri IPC & UI Wiring; Target UI uses live mapped Tauri IPC and real local state; no target screen is completed on mock data.; UI, command, DTO, or user-workflow work.; End-to-end result plus command/symbol links and visual evidence where relevant.",SUPERSEDED_GENERATED_TEMPLATE,"Generated wrapper asserted behavior or proof without a record-specific actor, trigger, observable result, and failure criterion.",03-HOW-WE-WILL-KEEP-DELETE-AND-CHANGE.md / lines 57-57,NOT_APPLICABLE
CAN-LAM-GOV-030,"Recorded evidence must demonstrate: Architecture work from Phase 2 onward, every subsystem removal, and final Phase 16 cleanup.",SUPERSEDED_GENERATED_TEMPLATE,"Generated wrapper asserted behavior or proof without a record-specific actor, trigger, observable result, and failure criterion.",03-HOW-WE-WILL-KEEP-DELETE-AND-CHANGE.md / lines 58-58,NOT_APPLICABLE
CAN-LAM-GOV-031,Recorded evidence must demonstrate: Dependency/runtime scan with declared scope plus Graphify/Ponytail evidence and rollback/baseline reference.,SUPERSEDED_GENERATED_TEMPLATE,"Generated wrapper asserted behavior or proof without a record-specific actor, trigger, observable result, and failure criterion.",03-HOW-WE-WILL-KEEP-DELETE-AND-CHANGE.md / lines 58-58,NOT_APPLICABLE
CAN-LAM-GOV-032,"Recorded evidence must demonstrate: Gate 7; Transaction, Recovery & Data-Safety Proof; Failure injection proves no authoritative bundle/metadata loss, partial commit, or unrecoverable mutation.; Filesystem or authoritative metadata mutation, Trash, backup, overlay, and recovery work.; Failure scenario, pre/post hashes/state, and recovery log.",SUPERSEDED_GENERATED_TEMPLATE,"Generated wrapper asserted behavior or proof without a record-specific actor, trigger, observable result, and failure criterion.",03-HOW-WE-WILL-KEEP-DELETE-AND-CHANGE.md / lines 59-59,NOT_APPLICABLE
CAN-LAM-GOV-033,"Recorded evidence must demonstrate: Gate 8; Traceability & Proof Linkage; Requirement ID links source clause, current evidence, target symbol, classification, phase, applicable gates, and commit/worktree proof.; Every mapped or completed requirement.; Updated canonical trackers with no dangling references.",SUPERSEDED_GENERATED_TEMPLATE,"Generated wrapper asserted behavior or proof without a record-specific actor, trigger, observable result, and failure criterion.",03-HOW-WE-WILL-KEEP-DELETE-AND-CHANGE.md / lines 60-60,NOT_APPLICABLE
CAN-LAM-GOV-034,"Implementation must honor this constraint: To enforce disciplined tracking across all 17 implementation phases, every requirement ID (LAM-) tracked in Graphify MUST follow this exact 8-state lifecycle transition graph: stateDiagram-v2 / [] -- NotMapped: Requirement Identified in Master Plan / NotMapped -- Mapped: Current Evidence and Target Recorded in Traceability Matrices / Mapped -- NotStarted: Phase Execution Initiated / NotStarted -- InProgress: Coding Model Begins Implementation / InProgress -- Implemented: Code Written & Compiles (Gate 1 Passed) / InProgress -- Blocked: Ambiguity / Missing Dependency (Logged in BLOCKEDORUNKNOWN.md) / Blocked -- InProgress: Dependency Resolved / Decision Provided / Implemented -- Testing: Automated Test Suites Executing / Testing -- Failed: Any Applicable Gate Fails / Failed -- InProgress: Code Fixes Applied / Testing -- Verified: All Applicable Gates Pass; Others Have Reasoned N/A / Verified -- Complete: Proof Link Recorded in Tracker (Gate 8 Satisfied) / Complete -- []: Phase Signed Off.",SUPERSEDED_GENERATED_TEMPLATE,"Generated wrapper asserted behavior or proof without a record-specific actor, trigger, observable result, and failure criterion.",03-HOW-WE-WILL-KEEP-DELETE-AND-CHANGE.md / lines 66-83,NOT_APPLICABLE
CAN-LAM-GOV-035,"Recorded evidence must demonstrate: 0; Repository Proof & Corpus Inventory; Roots, worktree, exclusions, current commands, legal files, and non-destructive baseline are recorded; Codebase/ is unchanged.",SUPERSEDED_GENERATED_TEMPLATE,"Generated wrapper asserted behavior or proof without a record-specific actor, trigger, observable result, and failure criterion.",03-HOW-WE-WILL-KEEP-DELETE-AND-CHANGE.md / lines 93-93,NOT_APPLICABLE
CAN-LAM-GOV-036,"Recorded evidence must demonstrate: 1; Graphify Mapping & Master-Plan Traceability; Raw directed graph plus verified current architecture, bottom-up features, dependencies, tests, requirement IDs, classifications, target locations, phase ownership, and applicable gates reach the planning-complete criteria.",SUPERSEDED_GENERATED_TEMPLATE,"Generated wrapper asserted behavior or proof without a record-specific actor, trigger, observable result, and failure criterion.",03-HOW-WE-WILL-KEEP-DELETE-AND-CHANGE.md / lines 94-94,NOT_APPLICABLE
CAN-LAM-GOV-037,Implementation must honor this constraint: 2; Rebranding Foundation; Lamha identity is introduced without removing attribution or breaking baseline compatibility.,SUPERSEDED_GENERATED_TEMPLATE,"Generated wrapper asserted behavior or proof without a record-specific actor, trigger, observable result, and failure criterion.",03-HOW-WE-WILL-KEEP-DELETE-AND-CHANGE.md / lines 95-95,NOT_APPLICABLE
CAN-LAM-GOV-038,Implementation must honor this constraint: 3; Tauri Desktop Shell; A Tauri 2 client/static Svelte/SvelteKit shell launches without a server in its desktop runtime path.,SUPERSEDED_GENERATED_TEMPLATE,"Generated wrapper asserted behavior or proof without a record-specific actor, trigger, observable result, and failure criterion.",03-HOW-WE-WILL-KEEP-DELETE-AND-CHANGE.md / lines 96-96,NOT_APPLICABLE
CAN-LAM-GOV-039,"Implementation must honor this constraint: 4; Local Data Foundation; Authorized paths, scanning/watchers, canonical sidecars, derived SQLite, saved JSON, and transaction foundations work together.",SUPERSEDED_GENERATED_TEMPLATE,"Generated wrapper asserted behavior or proof without a record-specific actor, trigger, observable result, and failure criterion.",03-HOW-WE-WILL-KEEP-DELETE-AND-CHANGE.md / lines 97-97,NOT_APPLICABLE
CAN-LAM-GOV-040,Implementation must honor this constraint: 5; Asset API Replacement; Gallery/viewer/metadata/album/favorite/basic-search/memory/map-browsing and the generic Review shell use local Tauri IPC and real local data.,SUPERSEDED_GENERATED_TEMPLATE,"Generated wrapper asserted behavior or proof without a record-specific actor, trigger, observable result, and failure criterion.",03-HOW-WE-WILL-KEEP-DELETE-AND-CHANGE.md / lines 98-98,NOT_APPLICABLE
CAN-LAM-GOV-041,Implementation must honor this constraint: 6; Manage Later & Events; Non-mutating intake plus reviewed event create/merge/link/split/normalization works.,SUPERSEDED_GENERATED_TEMPLATE,"Generated wrapper asserted behavior or proof without a record-specific actor, trigger, observable result, and failure criterion.",03-HOW-WE-WILL-KEEP-DELETE-AND-CHANGE.md / lines 99-99,NOT_APPLICABLE
CAN-LAM-GOV-042,"Implementation must honor this constraint: 7; Faces, People & Groups; The face-specific local-AI inference slice, stable people, corrections, groups, subgroups, aliases, and temporal memberships work; broader AI tasks remain Phase 10.",SUPERSEDED_GENERATED_TEMPLATE,"Generated wrapper asserted behavior or proof without a record-specific actor, trigger, observable result, and failure criterion.",03-HOW-WE-WILL-KEEP-DELETE-AND-CHANGE.md / lines 100-100,NOT_APPLICABLE
CAN-LAM-GOV-043,"Implementation must honor this constraint: 8; Tags, Relationships, Smart Views & Attribution; Tag provenance/review, multiple simultaneous/historical built-in and custom relationship edges, certainty, explicit three-bucket projection, nine views, photographer, camera owner, importer, visible people, and attendees remain distinct.",SUPERSEDED_GENERATED_TEMPLATE,"Generated wrapper asserted behavior or proof without a record-specific actor, trigger, observable result, and failure criterion.",03-HOW-WE-WILL-KEEP-DELETE-AND-CHANGE.md / lines 101-101,NOT_APPLICABLE
CAN-LAM-GOV-044,"Implementation must honor this constraint: 9; Mind Maps; Folder/event and relationship maps save safely; materialization is explicit, transactional, and reversible.",SUPERSEDED_GENERATED_TEMPLATE,"Generated wrapper asserted behavior or proof without a record-specific actor, trigger, observable result, and failure criterion.",03-HOW-WE-WILL-KEEP-DELETE-AND-CHANGE.md / lines 102-102,NOT_APPLICABLE
CAN-LAM-GOV-045,"Recorded evidence must demonstrate: 10; Local AI Completeness; Shared local-worker supervision, selected non-network IPC, hardware scheduling, OCR/semantic/duplicate/similarity processing, task invalidation, and AI suggestion review work with no network listener.",SUPERSEDED_GENERATED_TEMPLATE,"Generated wrapper asserted behavior or proof without a record-specific actor, trigger, observable result, and failure criterion.",03-HOW-WE-WILL-KEEP-DELETE-AND-CHANGE.md / lines 103-103,NOT_APPLICABLE
CAN-LAM-GOV-046,"Implementation must honor this constraint: 11; Metadata Mutation, Editing & Privacy; Non-destructive editing/derivatives plus scoped clear/unmanage, embedded-metadata removal, snapshots, restore, and privacy-clean export work safely.",SUPERSEDED_GENERATED_TEMPLATE,"Generated wrapper asserted behavior or proof without a record-specific actor, trigger, observable result, and failure criterion.",03-HOW-WE-WILL-KEEP-DELETE-AND-CHANGE.md / lines 104-104,NOT_APPLICABLE
CAN-LAM-GOV-047,"Implementation must honor this constraint: 12; External Drives & Filesystem Resilience; Drive identity, Detached Index Mode, Pending Overlays, cross-drive transfer, reconciliation, and crash recovery are proven.",SUPERSEDED_GENERATED_TEMPLATE,"Generated wrapper asserted behavior or proof without a record-specific actor, trigger, observable result, and failure criterion.",03-HOW-WE-WILL-KEEP-DELETE-AND-CHANGE.md / lines 105-105,NOT_APPLICABLE
CAN-LAM-GOV-048,"Implementation must honor this constraint: 13; Backup, Trash & Rebuild; Durable backup/history, root-scoped Trash, restore, and recovery after deleting SQLite/rebuildable caches are proven.",SUPERSEDED_GENERATED_TEMPLATE,"Generated wrapper asserted behavior or proof without a record-specific actor, trigger, observable result, and failure criterion.",03-HOW-WE-WILL-KEEP-DELETE-AND-CHANGE.md / lines 106-106,NOT_APPLICABLE
CAN-LAM-GOV-049,"Implementation must honor this constraint: 14; Performance, Accessibility & Desktop UX; 10k/50k/100k tiers, virtualization, memory/background work, accessibility, and desktop interaction targets are measured and met.",SUPERSEDED_GENERATED_TEMPLATE,"Generated wrapper asserted behavior or proof without a record-specific actor, trigger, observable result, and failure criterion.",03-HOW-WE-WILL-KEEP-DELETE-AND-CHANGE.md / lines 107-107,NOT_APPLICABLE
CAN-LAM-GOV-050,"Recorded evidence must demonstrate: 15; Full Integration, Parity & Cross-Platform Packaging; Retained-feature parity, clean-machine Windows/macOS/Linux packages, legal inventory, and all applicable pre-removal gates pass while legacy source remains available as evidence.",SUPERSEDED_GENERATED_TEMPLATE,"Generated wrapper asserted behavior or proof without a record-specific actor, trigger, observable result, and failure criterion.",03-HOW-WE-WILL-KEEP-DELETE-AND-CHANGE.md / lines 108-108,NOT_APPLICABLE
CAN-LAM-GOV-051,Recorded evidence must demonstrate: 16; Final Cleanup & Release Reverification; Remaining obsolete server/auth/sharing/mobile/admin/container/database/queue remnants and dependencies are removed symbol-by-symbol; final packages and repository-wide scans prove no residual runtime path remains.,SUPERSEDED_GENERATED_TEMPLATE,"Generated wrapper asserted behavior or proof without a record-specific actor, trigger, observable result, and failure criterion.",03-HOW-WE-WILL-KEEP-DELETE-AND-CHANGE.md / lines 109-109,NOT_APPLICABLE
CAN-LAM-GOV-053,"Recorded evidence must demonstrate: Mapping must attach each LAM-EDGE- item to detection, transaction, UI, and recovery symbols/tests.",SUPERSEDED_GENERATED_TEMPLATE,"Generated wrapper asserted behavior or proof without a record-specific actor, trigger, observable result, and failure criterion.",03-HOW-WE-WILL-KEEP-DELETE-AND-CHANGE.md / lines 115-115,NOT_APPLICABLE
CAN-LAM-GOV-056,Implementation must honor this constraint: Planned command assigned to a specific implementation phase.,SUPERSEDED_GENERATED_TEMPLATE,"Generated wrapper asserted behavior or proof without a record-specific actor, trigger, observable result, and failure criterion.",03-HOW-WE-WILL-KEEP-DELETE-AND-CHANGE.md / lines 124-124,NOT_APPLICABLE
CAN-LAM-GOV-060,"Recorded evidence must demonstrate: No model may execute a command merely because an illustrative command name appears in a Master Plan, create an unplanned script during mapping, or mark a gate passed when the registered command does not exist or did not run.",SUPERSEDED_GENERATED_TEMPLATE,"Generated wrapper asserted behavior or proof without a record-specific actor, trigger, observable result, and failure criterion.",03-HOW-WE-WILL-KEEP-DELETE-AND-CHANGE.md / lines 129-129,NOT_APPLICABLE
CAN-LAM-GOV-061,Recorded evidence must demonstrate: A failing applicable gate blocks completion of the affected requirement; pre-existing unrelated failures must be recorded and proven unrelated.,SUPERSEDED_GENERATED_TEMPLATE,"Generated wrapper asserted behavior or proof without a record-specific actor, trigger, observable result, and failure criterion.",03-HOW-WE-WILL-KEEP-DELETE-AND-CHANGE.md / lines 129-129,NOT_APPLICABLE
CAN-LAM-GOV-064,Recorded evidence must demonstrate: Required tests.,SUPERSEDED_GENERATED_TEMPLATE,"Generated wrapper asserted behavior or proof without a record-specific actor, trigger, observable result, and failure criterion.",03-HOW-WE-WILL-KEEP-DELETE-AND-CHANGE.md / lines 150-150,NOT_APPLICABLE
CAN-LAM-GOV-066,Implementation must honor this constraint: Required upstream documentation until classified.,SUPERSEDED_GENERATED_TEMPLATE,"Generated wrapper asserted behavior or proof without a record-specific actor, trigger, observable result, and failure criterion.",03-HOW-WE-WILL-KEEP-DELETE-AND-CHANGE.md / lines 152-152,NOT_APPLICABLE
CAN-LAM-GOV-067,Implementation must honor this constraint: Required generated sources until replaced.,SUPERSEDED_GENERATED_TEMPLATE,"Generated wrapper asserted behavior or proof without a record-specific actor, trigger, observable result, and failure criterion.",03-HOW-WE-WILL-KEEP-DELETE-AND-CHANGE.md / lines 153-153,NOT_APPLICABLE
CAN-LAM-GOV-068,"Recorded evidence must demonstrate: Codebase/ must not contain scattered Lamha planning, tracking, mapping, audit, status, completion, handoff, or Graphify-generated Markdown files.",SUPERSEDED_GENERATED_TEMPLATE,"Generated wrapper asserted behavior or proof without a record-specific actor, trigger, observable result, and failure criterion.",03-HOW-WE-WILL-KEEP-DELETE-AND-CHANGE.md / lines 155-155,NOT_APPLICABLE
CAN-LAM-GOV-070,Recorded evidence must demonstrate: Test plans.,SUPERSEDED_GENERATED_TEMPLATE,"Generated wrapper asserted behavior or proof without a record-specific actor, trigger, observable result, and failure criterion.",03-HOW-WE-WILL-KEEP-DELETE-AND-CHANGE.md / lines 170-170,NOT_APPLICABLE
CAN-LAM-GOV-072,"Lamha must provide Within the three-file authority set, apply domain ownership rather than filename precedence.",SUPERSEDED_GENERATED_TEMPLATE,"Generated wrapper asserted behavior or proof without a record-specific actor, trigger, observable result, and failure criterion.",03-HOW-WE-WILL-KEEP-DELETE-AND-CHANGE.md / lines 205-205,NOT_APPLICABLE
CAN-LAM-GOV-073,"Lamha must provide File 2 decides which final behaviours, architectures, and dependencies are absent, while never authorizing early deletion.",SUPERSEDED_GENERATED_TEMPLATE,"Generated wrapper asserted behavior or proof without a record-specific actor, trigger, observable result, and failure criterion.",03-HOW-WE-WILL-KEEP-DELETE-AND-CHANGE.md / lines 208-208,NOT_APPLICABLE
CAN-LAM-GOV-074,"Implementation must honor this constraint: Examples never override a MUST, MUST NOT, closed enum, controlled exception, or phase boundary.",SUPERSEDED_GENERATED_TEMPLATE,"Generated wrapper asserted behavior or proof without a record-specific actor, trigger, observable result, and failure criterion.",03-HOW-WE-WILL-KEEP-DELETE-AND-CHANGE.md / lines 211-211,NOT_APPLICABLE
CAN-LAM-GOV-077,Lamha must provide Check existing codebase data models and type definitions first.,SUPERSEDED_GENERATED_TEMPLATE,"Generated wrapper asserted behavior or proof without a record-specific actor, trigger, observable result, and failure criterion.",03-HOW-WE-WILL-KEEP-DELETE-AND-CHANGE.md / lines 226-226,NOT_APPLICABLE
CAN-LAM-GOV-078,Lamha must provide Check the Disambiguation Matrices and explicit schemas in File 1 and File 2.,SUPERSEDED_GENERATED_TEMPLATE,"Generated wrapper asserted behavior or proof without a record-specific actor, trigger, observable result, and failure criterion.",03-HOW-WE-WILL-KEEP-DELETE-AND-CHANGE.md / lines 227-227,NOT_APPLICABLE
CAN-LAM-GOV-079,"Recorded evidence must demonstrate: If still undefined or ambiguous, explicitly log the item in Graphify/05-keep-port-rewrite-remove/BLOCKEDORUNKNOWN.md as DEFERRED — REQUIRES PRODUCT DECISION and halt that specific task rather than inventing a solution.",SUPERSEDED_GENERATED_TEMPLATE,"Generated wrapper asserted behavior or proof without a record-specific actor, trigger, observable result, and failure criterion.",03-HOW-WE-WILL-KEEP-DELETE-AND-CHANGE.md / lines 228-228,NOT_APPLICABLE
CAN-LAM-GOV-080,Implementation must honor this constraint: Read all three master-plan files.,SUPERSEDED_GENERATED_TEMPLATE,"Generated wrapper asserted behavior or proof without a record-specific actor, trigger, observable result, and failure criterion.",03-HOW-WE-WILL-KEEP-DELETE-AND-CHANGE.md / lines 236-236,NOT_APPLICABLE
CAN-LAM-GOV-081,Implementation must honor this constraint: Resolve the real repository root.,SUPERSEDED_GENERATED_TEMPLATE,"Generated wrapper asserted behavior or proof without a record-specific actor, trigger, observable result, and failure criterion.",03-HOW-WE-WILL-KEEP-DELETE-AND-CHANGE.md / lines 237-237,NOT_APPLICABLE
CAN-LAM-GOV-085,Implementation must honor this constraint: Map every master-plan requirement.,SUPERSEDED_GENERATED_TEMPLATE,"Generated wrapper asserted behavior or proof without a record-specific actor, trigger, observable result, and failure criterion.",03-HOW-WE-WILL-KEEP-DELETE-AND-CHANGE.md / lines 241-241,NOT_APPLICABLE
CAN-LAM-GOV-087,Recorded evidence must demonstrate: Map tests.,SUPERSEDED_GENERATED_TEMPLATE,"Generated wrapper asserted behavior or proof without a record-specific actor, trigger, observable result, and failure criterion.",03-HOW-WE-WILL-KEEP-DELETE-AND-CHANGE.md / lines 243-243,NOT_APPLICABLE
CAN-LAM-GOV-090,Implementation must honor this constraint: Produce a safe implementation order.,SUPERSEDED_GENERATED_TEMPLATE,"Generated wrapper asserted behavior or proof without a record-specific actor, trigger, observable result, and failure criterion.",03-HOW-WE-WILL-KEEP-DELETE-AND-CHANGE.md / lines 246-246,NOT_APPLICABLE
CAN-LAM-GOV-091,Implementation must honor this constraint: Produce a safe deletion order.,SUPERSEDED_GENERATED_TEMPLATE,"Generated wrapper asserted behavior or proof without a record-specific actor, trigger, observable result, and failure criterion.",03-HOW-WE-WILL-KEEP-DELETE-AND-CHANGE.md / lines 247-247,NOT_APPLICABLE
CAN-LAM-GOV-092,Recorded evidence must demonstrate: Produce test gates.,SUPERSEDED_GENERATED_TEMPLATE,"Generated wrapper asserted behavior or proof without a record-specific actor, trigger, observable result, and failure criterion.",03-HOW-WE-WILL-KEEP-DELETE-AND-CHANGE.md / lines 248-248,NOT_APPLICABLE
CAN-LAM-GOV-103,"Implementation must honor this constraint: Dependency installation, formatting, code generation, and commands with unknown write behaviour are forbidden in Phase 0/1.",SUPERSEDED_GENERATED_TEMPLATE,"Generated wrapper asserted behavior or proof without a record-specific actor, trigger, observable result, and failure criterion.",03-HOW-WE-WILL-KEEP-DELETE-AND-CHANGE.md / lines 262-262,NOT_APPLICABLE
CAN-LAM-GOV-104,"Recorded evidence must demonstrate: When operating in Phase 0 or Phase 1, any content change or generated artifact inside Codebase/ is a task failure. Verify the before/after worktree and generated-file inventory; do not “clean up” by deleting unknown user files.",SUPERSEDED_GENERATED_TEMPLATE,"Generated wrapper asserted behavior or proof without a record-specific actor, trigger, observable result, and failure criterion.",03-HOW-WE-WILL-KEEP-DELETE-AND-CHANGE.md / lines 266-266,NOT_APPLICABLE
CAN-LAM-GOV-105,"Implementation must honor this constraint: When executing Implementation Phase N, modifying or deleting files assigned exclusively to Phase N+1 is strictly forbidden.",SUPERSEDED_GENERATED_TEMPLATE,"Generated wrapper asserted behavior or proof without a record-specific actor, trigger, observable result, and failure criterion.",03-HOW-WE-WILL-KEEP-DELETE-AND-CHANGE.md / lines 267-267,NOT_APPLICABLE
CAN-LAM-GOV-106,"Recorded evidence must demonstrate: You must complete, test, and verify Phase N before transitioning to the next phase.",SUPERSEDED_GENERATED_TEMPLATE,"Generated wrapper asserted behavior or proof without a record-specific actor, trigger, observable result, and failure criterion.",03-HOW-WE-WILL-KEEP-DELETE-AND-CHANGE.md / lines 267-267,NOT_APPLICABLE
CAN-LAM-GOV-107,Recorded evidence must demonstrate: Graphify must create: Graphify/ / ├── Master Plan/ / │ ├── 01-EVERYTHING-WE-ARE-KEEPING.md / │ ├── 02-EVERYTHING-WE-ARE-DELETING.md / │ └── 03-HOW-WE-WILL-KEEP-DELETE-AND-CHANGE.md / │ / ├── graphify-out/ / │ ├── graph.json / │ ├── graph.html / │ ├── GRAPHREPORT.md / │ └── cost.json / │ / ├── 00-corpus-inventory/ / │ ├── RESOLVEDPATHS.md / │ ├── REPOSITORYINVENTORY.md / │ ├── DIRECTORYSUMMARY.md / │ ├── TECHNOLOGYSTACK.md / │ ├── GENERATEDANDVENDOREXCLUSIONS.md / │ └── BASELINESTATUS.md / │ / ├── 01-current-architecture/ / │ ├── ARCHITECTUREOVERVIEW.md / │ ├── PROCESSANDSERVICEMAP.md / │ ├── DATAFLOWMAP.md / │ ├── STORAGEMODEL.md / │ ├── FRONTENDARCHITECTURE.md / │ ├── SERVERARCHITECTURE.md / │ ├── MACHINELEARNINGARCHITECTURE.md / │ ├── JOBANDQUEUEARCHITECTURE.md / │ └── PLATFORMANDDEPLOYMENTMAP.md / │ / ├── 02-existing-feature-map/ / │ ├── FEATUREINDEX.md / │ ├── GALLERYANDTIMELINE.md / │ ├── ASSETVIEWER.md / │ ├── METADATA.md / │ ├── PEOPLEANDFACES.md / │ ├── SEARCHANDOCR.md / │ ├── TAGS.md / │ ├── ALBUMSANDFAVORITES.md / │ ├── MEMORIES.md / │ ├── MAPANDLOCATION.md / │ ├── DUPLICATES.md / │ ├── EDITING.md / │ ├── LIBRARIESANDSTORAGE.md / │ ├── JOBSANDNOTIFICATIONS.md / │ ├── AUTHENTICATIONANDUSERS.md / │ ├── SHARINGANDMOBILEBACKUP.md / │ ├── ADMINISTRATION.md / │ └── SETTINGS.md / │ / ├── 03-dependency-graphs/ / │ ├── FRONTENDTOAPIMAP.md / │ ├── APITOSERVICEMAP.md / │ ├── SERVICETODATABASEMAP.md / │ ├── UICOMPONENTDEPENDENCIES.md / │ ├── SHAREDTYPESMAP.md / │ ├── MACHINELEARNINGDEPENDENCIES.md / │ ├── JOBQUEUEDEPENDENCIES.md / │ ├── STORAGEDEPENDENCIES.md / │ ├── AUTHDEPENDENCIES.md / │ └── REMOVALBLOCKERS.md / │ / ├── 04-master-plan-traceability/ / │ ├── MASTERPLANREQUIREMENTINDEX.md / │ ├── REQUIREMENTTOCODEMATRIX.md / │ ├── REQUIREMENTTOTESTMATRIX.md / │ ├── UNMAPPEDREQUIREMENTS.md / │ ├── PARTIALLYMAPPEDREQUIREMENTS.md / │ ├── CODEWITHOUTTARGETREQUIREMENT.md / │ └── TRACEABILITYCOVERAGE.md / │ / ├── 05-keep-port-rewrite-remove/ / │ ├── DECISIONMATRIX.md / │ ├── KEEP.md / │ ├── PORT.md / │ ├── REWRITE.md / │ ├── REPLACE.md / │ ├── REMOVE.md / │ ├── TEMPORARILYRETAIN.md / │ └── BLOCKEDORUNKNOWN.md / │ / ├── 06-target-desktop-architecture/ / │ ├── TARGETARCHITECTURE.md / │ ├── TAURICOMMANDMAP.md / │ ├── RUSTMODULEMAP.md / │ ├── SQLITEINDEXMAP.md / │ ├── SIDECARANDSCHEMAMAP.md / │ ├── LOCALAIWORKERMAP.md / │ ├── FILESYSTEMTRANSACTIONMAP.md / │ ├── REVIEWCENTREMAP.md / │ └── CROSSPLATFORMBOUNDARIES.md / │ / ├── 07-removal-and-implementation-order/ / │ ├── SAFEREMOVALORDER.md / │ ├── REPLACEMENTBEFOREREMOVAL.md / │ ├── IMPLEMENTATIONPHASES.md / │ ├── FILESBYPHASE.md / │ ├── DEPENDENCYGATES.md / │ └── NOEARLYDELETERULES.md / │ / ├── 08-test-and-proof-plan/ / │ ├── CURRENTTESTINVENTORY.md / │ ├── BASELINETESTRESULTS.md / │ ├── TESTGAPANALYSIS.md / │ ├── TESTSBYREQUIREMENT.md / │ ├── TESTSBYIMPLEMENTATIONPHASE.md / │ ├── FILESYSTEMSAFETYTESTS.md / │ ├── AIVALIDATIONTESTS.md / │ ├── CROSSPLATFORMTESTS.md / │ ├── PERFORMANCETESTS.md / │ └── RELEASEPROOFGATES.md / │ / ├── 09-risk-register/ / │ ├── RISKREGISTER.md / │ ├── DATALOSSRISKS.md / │ ├── LICENSINGRISKS.md / │ ├── PERFORMANCERISKS.md / │ ├── CROSSPLATFORMRISKS.md / │ └── MIGRATIONRISKS.md / │ / └── 10-completion-tracker/ / ├── PLANNINGCOMPLETIONTRACKER.md / ├── COVERAGEAUDIT.md / ├── DOUBLECHECKREPORT.md / ├── OPENDECISIONS.md / └── FINALPLANNINGHANDOFF.md.,SUPERSEDED_GENERATED_TEMPLATE,"Generated wrapper asserted behavior or proof without a record-specific actor, trigger, observable result, and failure criterion.",03-HOW-WE-WILL-KEEP-DELETE-AND-CHANGE.md / lines 273-403,NOT_APPLICABLE
CAN-LAM-GOV-108,Recorded evidence must demonstrate: The directory names (00-corpus-inventory to 10-completion-tracker) and curated markdown filenames listed above are immutable canonical paths.,SUPERSEDED_GENERATED_TEMPLATE,"Generated wrapper asserted behavior or proof without a record-specific actor, trigger, observable result, and failure criterion.",03-HOW-WE-WILL-KEEP-DELETE-AND-CHANGE.md / lines 407-407,NOT_APPLICABLE
CAN-LAM-GOV-109,"Implementation must honor this constraint: A weaker coding model MUST NEVER rename them, invent parallel shorthand directories, or treat a generated graph report as a substitute for the verified curated maps.",SUPERSEDED_GENERATED_TEMPLATE,"Generated wrapper asserted behavior or proof without a record-specific actor, trigger, observable result, and failure criterion.",03-HOW-WE-WILL-KEEP-DELETE-AND-CHANGE.md / lines 407-407,NOT_APPLICABLE
CAN-LAM-GOV-110,"Recorded evidence must demonstrate: Graphify mapping begins only in Phase 1, after the specification-repair gate and Phase 0 inventory are complete.",SUPERSEDED_GENERATED_TEMPLATE,"Generated wrapper asserted behavior or proof without a record-specific actor, trigger, observable result, and failure criterion.",03-HOW-WE-WILL-KEEP-DELETE-AND-CHANGE.md / lines 413-413,NOT_APPLICABLE
CAN-LAM-GOV-111,Implementation must honor this constraint: It must run with Graphify/ as the working directory and ../Codebase as the scan corpus.,SUPERSEDED_GENERATED_TEMPLATE,"Generated wrapper asserted behavior or proof without a record-specific actor, trigger, observable result, and failure criterion.",03-HOW-WE-WILL-KEEP-DELETE-AND-CHANGE.md / lines 413-413,NOT_APPLICABLE
CAN-LAM-GOV-112,"Implementation must honor this constraint: Before execution, confirm that output, extraction cache, converted sidecars, and temporary paths resolve outside Codebase/; if the installed version cannot guarantee that, use a disposable read-only snapshot outside Codebase/ and preserve repository-relative source mapping.",SUPERSEDED_GENERATED_TEMPLATE,"Generated wrapper asserted behavior or proof without a record-specific actor, trigger, observable result, and failure criterion.",03-HOW-WE-WILL-KEEP-DELETE-AND-CHANGE.md / lines 413-413,NOT_APPLICABLE
CAN-LAM-GOV-113,Implementation must honor this constraint: The intended later invocation is a deep directed graph build against ../Codebase; the exact installed CLI syntax must be confirmed before execution.,SUPERSEDED_GENERATED_TEMPLATE,"Generated wrapper asserted behavior or proof without a record-specific actor, trigger, observable result, and failure criterion.",03-HOW-WE-WILL-KEEP-DELETE-AND-CHANGE.md / lines 415-415,NOT_APPLICABLE
CAN-LAM-GOV-114,"Implementation must honor this constraint: Directed edges are required because caller/callee, importer/imported, route/handler, producer/consumer, and replacement/blocker direction matters.",SUPERSEDED_GENERATED_TEMPLATE,"Generated wrapper asserted behavior or proof without a record-specific actor, trigger, observable result, and failure criterion.",03-HOW-WE-WILL-KEEP-DELETE-AND-CHANGE.md / lines 415-415,NOT_APPLICABLE
CAN-LAM-GOV-116,Implementation must honor this constraint: Any external semantic provider requires separate explicit user authorization for that mapping run.,SUPERSEDED_GENERATED_TEMPLATE,"Generated wrapper asserted behavior or proof without a record-specific actor, trigger, observable result, and failure criterion.",03-HOW-WE-WILL-KEEP-DELETE-AND-CHANGE.md / lines 417-417,NOT_APPLICABLE
CAN-LAM-GOV-117,Implementation must honor this constraint: The mapping backend is a development tool and is never a Lamha runtime dependency.,SUPERSEDED_GENERATED_TEMPLATE,"Generated wrapper asserted behavior or proof without a record-specific actor, trigger, observable result, and failure criterion.",03-HOW-WE-WILL-KEEP-DELETE-AND-CHANGE.md / lines 417-417,NOT_APPLICABLE
CAN-LAM-GOV-124,Implementation must honor this constraint: Manual/source verification result.,SUPERSEDED_GENERATED_TEMPLATE,"Generated wrapper asserted behavior or proof without a record-specific actor, trigger, observable result, and failure criterion.",03-HOW-WE-WILL-KEEP-DELETE-AND-CHANGE.md / lines 439-439,NOT_APPLICABLE
CAN-LAM-GOV-130,Implementation must honor this constraint: Every exclusion must be documented.,SUPERSEDED_GENERATED_TEMPLATE,"Generated wrapper asserted behavior or proof without a record-specific actor, trigger, observable result, and failure criterion.",03-HOW-WE-WILL-KEEP-DELETE-AND-CHANGE.md / lines 514-514,NOT_APPLICABLE
CAN-LAM-GOV-158,Implementation must honor this constraint: Bottom-up codebase coverage is also required.,SUPERSEDED_GENERATED_TEMPLATE,"Generated wrapper asserted behavior or proof without a record-specific actor, trigger, observable result, and failure criterion.",03-HOW-WE-WILL-KEEP-DELETE-AND-CHANGE.md / lines 593-593,NOT_APPLICABLE
CAN-LAM-GOV-159,Implementation must honor this constraint: Product requirements use LAM-<DOMAIN-<three-digit sequence.,SUPERSEDED_GENERATED_TEMPLATE,"Generated wrapper asserted behavior or proof without a record-specific actor, trigger, observable result, and failure criterion.",03-HOW-WE-WILL-KEEP-DELETE-AND-CHANGE.md / lines 640-640,NOT_APPLICABLE
CAN-LAM-GOV-160,Implementation must honor this constraint: System invariants use LAM-INV-<DOMAIN-<two-digit sequence.,SUPERSEDED_GENERATED_TEMPLATE,"Generated wrapper asserted behavior or proof without a record-specific actor, trigger, observable result, and failure criterion.",03-HOW-WE-WILL-KEEP-DELETE-AND-CHANGE.md / lines 641-641,NOT_APPLICABLE
CAN-LAM-GOV-161,Implementation must honor this constraint: Operational edge cases use LAM-EDGE-<two-digit sequence.,SUPERSEDED_GENERATED_TEMPLATE,"Generated wrapper asserted behavior or proof without a record-specific actor, trigger, observable result, and failure criterion.",03-HOW-WE-WILL-KEEP-DELETE-AND-CHANGE.md / lines 642-642,NOT_APPLICABLE
CAN-LAM-GOV-162,Lamha must provide Defensive model failures use FAIL-<two-digit sequence.,SUPERSEDED_GENERATED_TEMPLATE,"Generated wrapper asserted behavior or proof without a record-specific actor, trigger, observable result, and failure criterion.",03-HOW-WE-WILL-KEEP-DELETE-AND-CHANGE.md / lines 643-643,NOT_APPLICABLE
CAN-LAM-GOV-163,Implementation must honor this constraint: IDs already present in the three Master Plans are reserved and must not be reassigned.,SUPERSEDED_GENERATED_TEMPLATE,"Generated wrapper asserted behavior or proof without a record-specific actor, trigger, observable result, and failure criterion.",03-HOW-WE-WILL-KEEP-DELETE-AND-CHANGE.md / lines 644-644,NOT_APPLICABLE
CAN-LAM-GOV-164,Implementation must honor this constraint: Phase 1 allocates missing IDs in MASTERPLANREQUIREMENTINDEX.md; IDs never derive from mutable line numbers and are never renumbered after allocation.,SUPERSEDED_GENERATED_TEMPLATE,"Generated wrapper asserted behavior or proof without a record-specific actor, trigger, observable result, and failure criterion.",03-HOW-WE-WILL-KEEP-DELETE-AND-CHANGE.md / lines 645-645,NOT_APPLICABLE
CAN-LAM-GOV-166,Implementation must honor this constraint: Examples and explanatory prose receive source anchors but no requirement ID unless they contain normative MUST/MUST NOT behaviour.,SUPERSEDED_GENERATED_TEMPLATE,"Generated wrapper asserted behavior or proof without a record-specific actor, trigger, observable result, and failure criterion.",03-HOW-WE-WILL-KEEP-DELETE-AND-CHANGE.md / lines 647-647,NOT_APPLICABLE
CAN-LAM-GOV-167,Implementation must honor this constraint: Source master-plan file.,SUPERSEDED_GENERATED_TEMPLATE,"Generated wrapper asserted behavior or proof without a record-specific actor, trigger, observable result, and failure criterion.",03-HOW-WE-WILL-KEEP-DELETE-AND-CHANGE.md / lines 662-662,NOT_APPLICABLE
CAN-LAM-GOV-191,Recorded evidence must demonstrate: Related tests.,SUPERSEDED_GENERATED_TEMPLATE,"Generated wrapper asserted behavior or proof without a record-specific actor, trigger, observable result, and failure criterion.",03-HOW-WE-WILL-KEEP-DELETE-AND-CHANGE.md / lines 694-694,NOT_APPLICABLE
CAN-LAM-GOV-197,Implementation must honor this constraint: Graph node/edge/query provenance when Graphify contributed.,SUPERSEDED_GENERATED_TEMPLATE,"Generated wrapper asserted behavior or proof without a record-specific actor, trigger, observable result, and failure criterion.",03-HOW-WE-WILL-KEEP-DELETE-AND-CHANGE.md / lines 703-703,NOT_APPLICABLE
CAN-LAM-GOV-198,"Recorded evidence must demonstrate: A Confirmed Absence is evidence, not a default. It must record repositories/scopes searched, excluded paths, requirement synonyms, likely symbols/routes/types/tables/tests, Graphify queries/communities inspected, and a bottom-up cross-check showing no implementation. One failed text search or a missing expected filename is insufficient.",SUPERSEDED_GENERATED_TEMPLATE,"Generated wrapper asserted behavior or proof without a record-specific actor, trigger, observable result, and failure criterion.",03-HOW-WE-WILL-KEEP-DELETE-AND-CHANGE.md / lines 741-741,NOT_APPLICABLE
CAN-LAM-GOV-201,Implementation must honor this constraint: It must eventually be removed but remains until replacement is proven.,SUPERSEDED_GENERATED_TEMPLATE,"Generated wrapper asserted behavior or proof without a record-specific actor, trigger, observable result, and failure criterion.",03-HOW-WE-WILL-KEEP-DELETE-AND-CHANGE.md / lines 782-782,NOT_APPLICABLE
CAN-LAM-GOV-202,Recorded evidence must demonstrate: Graphify must use: Not Mapped / Mapped / Not Started / In Progress / Implemented / Testing / Blocked / Failed / Verified / Complete.,SUPERSEDED_GENERATED_TEMPLATE,"Generated wrapper asserted behavior or proof without a record-specific actor, trigger, observable result, and failure criterion.",03-HOW-WE-WILL-KEEP-DELETE-AND-CHANGE.md / lines 796-809,NOT_APPLICABLE
CAN-LAM-GOV-205,"Recorded evidence must demonstrate: A planning/mapping deliverable is Complete when its required evidence fields, source verification, cross-links, coverage checks, and applicable structural validations pass. It does not require nonexistent implementation code.",SUPERSEDED_GENERATED_TEMPLATE,"Generated wrapper asserted behavior or proof without a record-specific actor, trigger, observable result, and failure criterion.",03-HOW-WE-WILL-KEEP-DELETE-AND-CHANGE.md / lines 815-815,NOT_APPLICABLE
CAN-LAM-GOV-206,"Recorded evidence must demonstrate: A product implementation requirement is Complete only when target code exists, every applicable gate passes, no caused regression remains, exact final paths/symbols are recorded, and File 1 behaviour is verified.",SUPERSEDED_GENERATED_TEMPLATE,"Generated wrapper asserted behavior or proof without a record-specific actor, trigger, observable result, and failure criterion.",03-HOW-WE-WILL-KEEP-DELETE-AND-CHANGE.md / lines 816-816,NOT_APPLICABLE
CAN-LAM-GOV-207,"Recorded evidence must demonstrate: A removal requirement is Complete in its assigned safe phase only when complete dependency mapping, replacement proof, caller migration, affected tests/build/desktop-launch checks, Graphify/Ponytail agreement, baseline/rollback evidence, and scoped absence proof exist. Phase 16 adds repository-wide final-eradication proof for all residual obsolete dependencies.",SUPERSEDED_GENERATED_TEMPLATE,"Generated wrapper asserted behavior or proof without a record-specific actor, trigger, observable result, and failure criterion.",03-HOW-WE-WILL-KEEP-DELETE-AND-CHANGE.md / lines 817-817,NOT_APPLICABLE
CAN-LAM-GOV-208,"Implementation must honor this constraint: Before Phase 16, each completed removal must be absent at its verified scope and the target desktop bundle/launch path must remain server-independent; Phase 16 confirms repository-wide residual cleanup.",SUPERSEDED_GENERATED_TEMPLATE,"Generated wrapper asserted behavior or proof without a record-specific actor, trigger, observable result, and failure criterion.",03-HOW-WE-WILL-KEEP-DELETE-AND-CHANGE.md / lines 818-818,NOT_APPLICABLE
CAN-LAM-GOV-209,"Recorded evidence must demonstrate: In every case, Gate 8 proof must be recorded before Complete.",SUPERSEDED_GENERATED_TEMPLATE,"Generated wrapper asserted behavior or proof without a record-specific actor, trigger, observable result, and failure criterion.",03-HOW-WE-WILL-KEEP-DELETE-AND-CHANGE.md / lines 819-819,NOT_APPLICABLE
CAN-LAM-GOV-210,Recorded evidence must demonstrate: Complete ([x]): Verified proof is linked in the canonical tracker and the artifact-aware completion rule above is satisfied.,SUPERSEDED_GENERATED_TEMPLATE,"Generated wrapper asserted behavior or proof without a record-specific actor, trigger, observable result, and failure criterion.",03-HOW-WE-WILL-KEEP-DELETE-AND-CHANGE.md / lines 825-825,NOT_APPLICABLE
CAN-LAM-GOV-211,Implementation must honor this constraint: Execution Guardrail: A weaker coding model MUST NEVER mark any checklist item [x] or change status to Complete / Verified without explicitly recording the verification proof in the corresponding Graphify tracker.,SUPERSEDED_GENERATED_TEMPLATE,"Generated wrapper asserted behavior or proof without a record-specific actor, trigger, observable result, and failure criterion.",03-HOW-WE-WILL-KEEP-DELETE-AND-CHANGE.md / lines 826-826,NOT_APPLICABLE
CAN-LAM-GOV-212,"Recorded evidence must demonstrate: Local IPC only describes internal Lamha component transport. Any permitted optional outbound provider client is a separately disclosed, user-enabled leaf dependency; it cannot replace Tauri/non-network worker transport, gate core behaviour, or expose a listener.",SUPERSEDED_GENERATED_TEMPLATE,"Generated wrapper asserted behavior or proof without a record-specific actor, trigger, observable result, and failure criterion.",03-HOW-WE-WILL-KEEP-DELETE-AND-CHANGE.md / lines 844-844,NOT_APPLICABLE
CAN-LAM-GOV-216,Lamha must provide Map existing calls to target commands such as the following ILLUSTRATIVE — NOT LOCKED IMPLEMENTATION NAMES.,SUPERSEDED_GENERATED_TEMPLATE,"Generated wrapper asserted behavior or proof without a record-specific actor, trigger, observable result, and failure criterion.",03-HOW-WE-WILL-KEEP-DELETE-AND-CHANGE.md / lines 875-875,NOT_APPLICABLE
CAN-LAM-GOV-217,"Implementation must honor this constraint: These names are capability examples, not authorization to create commands before mapping.",SUPERSEDED_GENERATED_TEMPLATE,"Generated wrapper asserted behavior or proof without a record-specific actor, trigger, observable result, and failure criterion.",03-HOW-WE-WILL-KEEP-DELETE-AND-CHANGE.md / lines 893-893,NOT_APPLICABLE
CAN-LAM-GOV-220,Lamha must provide Initially retain or adapt proven local ML logic as a bundled child process.,SUPERSEDED_GENERATED_TEMPLATE,"Generated wrapper asserted behavior or proof without a record-specific actor, trigger, observable result, and failure criterion.",03-HOW-WE-WILL-KEEP-DELETE-AND-CHANGE.md / lines 941-941,NOT_APPLICABLE
CAN-LAM-GOV-221,Lamha must provide The Svelte client never speaks directly to it.,SUPERSEDED_GENERATED_TEMPLATE,"Generated wrapper asserted behavior or proof without a record-specific actor, trigger, observable result, and failure criterion.",03-HOW-WE-WILL-KEEP-DELETE-AND-CHANGE.md / lines 941-941,NOT_APPLICABLE
CAN-LAM-GOV-222,"Lamha must provide Permitted candidates include standard input/output, named pipes, Unix-domain sockets, Tauri sidecar communication, or another validated non-network mechanism.",SUPERSEDED_GENERATED_TEMPLATE,"Generated wrapper asserted behavior or proof without a record-specific actor, trigger, observable result, and failure criterion.",03-HOW-WE-WILL-KEEP-DELETE-AND-CHANGE.md / lines 941-941,NOT_APPLICABLE
CAN-LAM-GOV-223,"Implementation must honor this constraint: Lamha uses a local embedded SQLite index and working-state store in its OS application-data area. The exact database filename, table/column/index names, and migration framework are selected during Phase 1 target-schema mapping. It stores fast, rebuildable or working state.",SUPERSEDED_GENERATED_TEMPLATE,"Generated wrapper asserted behavior or proof without a record-specific actor, trigger, observable result, and failure criterion.",03-HOW-WE-WILL-KEEP-DELETE-AND-CHANGE.md / lines 945-945,NOT_APPLICABLE
CAN-LAM-GOV-225,"Implementation must honor this constraint: Every file, symbol, route, import, generated binding, build reference, configuration entry, and runtime dependency.",SUPERSEDED_GENERATED_TEMPLATE,"Generated wrapper asserted behavior or proof without a record-specific actor, trigger, observable result, and failure criterion.",03-HOW-WE-WILL-KEEP-DELETE-AND-CHANGE.md / lines 981-981,NOT_APPLICABLE
CAN-LAM-GOV-228,The final Lamha desktop runtime must not retain or require Every retained user behaviour relying on the subsystem.,SUPERSEDED_GENERATED_TEMPLATE,"Generated wrapper asserted behavior or proof without a record-specific actor, trigger, observable result, and failure criterion.",03-HOW-WE-WILL-KEEP-DELETE-AND-CHANGE.md / lines 986-986,NOT_APPLICABLE
CAN-LAM-GOV-233,"Lamha must provide Focused, regression, affected-build, and desktop-launch proof.",SUPERSEDED_GENERATED_TEMPLATE,"Generated wrapper asserted behavior or proof without a record-specific actor, trigger, observable result, and failure criterion.",03-HOW-WE-WILL-KEEP-DELETE-AND-CHANGE.md / lines 991-991,NOT_APPLICABLE
CAN-LAM-GOV-234,Implementation must honor this constraint: Graphify/Ponytail agreement that the subsystem is no longer load-bearing.,SUPERSEDED_GENERATED_TEMPLATE,"Generated wrapper asserted behavior or proof without a record-specific actor, trigger, observable result, and failure criterion.",03-HOW-WE-WILL-KEEP-DELETE-AND-CHANGE.md / lines 992-992,NOT_APPLICABLE
CAN-LAM-GOV-235,Implementation must honor this constraint: Rollback point or immutable baseline reference.,SUPERSEDED_GENERATED_TEMPLATE,"Generated wrapper asserted behavior or proof without a record-specific actor, trigger, observable result, and failure criterion.",03-HOW-WE-WILL-KEEP-DELETE-AND-CHANGE.md / lines 993-993,NOT_APPLICABLE
CAN-LAM-GOV-236,Recorded evidence must demonstrate: Recorded removal proof.,SUPERSEDED_GENERATED_TEMPLATE,"Generated wrapper asserted behavior or proof without a record-specific actor, trigger, observable result, and failure criterion.",03-HOW-WE-WILL-KEEP-DELETE-AND-CHANGE.md / lines 994-994,NOT_APPLICABLE
CAN-LAM-GOV-239,"Lamha must provide Domain-scoped JSON owns Lamha-specific metadata: asset, event, person, group, relationship, map, tag, album, and operation records each own their domain.",SUPERSEDED_GENERATED_TEMPLATE,"Generated wrapper asserted behavior or proof without a record-specific actor, trigger, observable result, and failure criterion.",03-HOW-WE-WILL-KEEP-DELETE-AND-CHANGE.md / lines 1015-1015,NOT_APPLICABLE
CAN-LAM-GOV-259,Lamha must provide Each AI task records the following concepts across the SQLite working store and local cache (matching File 1 Section 22.3 and File 2 Section 26).,SUPERSEDED_GENERATED_TEMPLATE,"Generated wrapper asserted behavior or proof without a record-specific actor, trigger, observable result, and failure criterion.",03-HOW-WE-WILL-KEEP-DELETE-AND-CHANGE.md / lines 1158-1158,NOT_APPLICABLE
CAN-LAM-GOV-260,Implementation must honor this constraint: Phase 1 target-schema mapping selects exact serialized names and values. The legacy single Boolean aiChecked remains prohibited.,SUPERSEDED_GENERATED_TEMPLATE,"Generated wrapper asserted behavior or proof without a record-specific actor, trigger, observable result, and failure criterion.",03-HOW-WE-WILL-KEEP-DELETE-AND-CHANGE.md / lines 1168-1168,NOT_APPLICABLE
CAN-LAM-GOV-269,"Recorded evidence must demonstrate: Run non-destructive builds, tests, type checks, and linters.",SUPERSEDED_GENERATED_TEMPLATE,"Generated wrapper asserted behavior or proof without a record-specific actor, trigger, observable result, and failure criterion.",03-HOW-WE-WILL-KEEP-DELETE-AND-CHANGE.md / lines 1226-1226,NOT_APPLICABLE
CAN-LAM-GOV-271,"Recorded evidence must demonstrate: For every master-plan requirement, verify.",SUPERSEDED_GENERATED_TEMPLATE,"Generated wrapper asserted behavior or proof without a record-specific actor, trigger, observable result, and failure criterion.",03-HOW-WE-WILL-KEEP-DELETE-AND-CHANGE.md / lines 1240-1240,NOT_APPLICABLE
CAN-LAM-GOV-272,"Recorded evidence must demonstrate: For every meaningful codebase feature, verify.",SUPERSEDED_GENERATED_TEMPLATE,"Generated wrapper asserted behavior or proof without a record-specific actor, trigger, observable result, and failure criterion.",03-HOW-WE-WILL-KEEP-DELETE-AND-CHANGE.md / lines 1251-1251,NOT_APPLICABLE
CAN-LAM-GOV-275,Recorded evidence must demonstrate: Temporarily retain.,SUPERSEDED_GENERATED_TEMPLATE,"Generated wrapper asserted behavior or proof without a record-specific actor, trigger, observable result, and failure criterion.",03-HOW-WE-WILL-KEEP-DELETE-AND-CHANGE.md / lines 1258-1258,NOT_APPLICABLE
CAN-LAM-GOV-276,Recorded evidence must demonstrate: Retained UI.,SUPERSEDED_GENERATED_TEMPLATE,"Generated wrapper asserted behavior or proof without a record-specific actor, trigger, observable result, and failure criterion.",03-HOW-WE-WILL-KEEP-DELETE-AND-CHANGE.md / lines 1266-1266,NOT_APPLICABLE
CAN-LAM-GOV-277,Recorded evidence must demonstrate: Build tooling.,SUPERSEDED_GENERATED_TEMPLATE,"Generated wrapper asserted behavior or proof without a record-specific actor, trigger, observable result, and failure criterion.",03-HOW-WE-WILL-KEEP-DELETE-AND-CHANGE.md / lines 1269-1269,NOT_APPLICABLE
CAN-LAM-GOV-278,Recorded evidence must demonstrate: Generated clients.,SUPERSEDED_GENERATED_TEMPLATE,"Generated wrapper asserted behavior or proof without a record-specific actor, trigger, observable result, and failure criterion.",03-HOW-WE-WILL-KEEP-DELETE-AND-CHANGE.md / lines 1275-1275,NOT_APPLICABLE
CAN-LAM-GOV-279,Recorded evidence must demonstrate: Every phase needs.,SUPERSEDED_GENERATED_TEMPLATE,"Generated wrapper asserted behavior or proof without a record-specific actor, trigger, observable result, and failure criterion.",03-HOW-WE-WILL-KEEP-DELETE-AND-CHANGE.md / lines 1279-1279,NOT_APPLICABLE
CAN-LAM-GOV-280,Lamha must provide Verify that every cited current path exists.,SUPERSEDED_GENERATED_TEMPLATE,"Generated wrapper asserted behavior or proof without a record-specific actor, trigger, observable result, and failure criterion.",03-HOW-WE-WILL-KEEP-DELETE-AND-CHANGE.md / lines 1289-1289,NOT_APPLICABLE
CAN-LAM-GOV-282,Recorded evidence must demonstrate: Test → feature.,SUPERSEDED_GENERATED_TEMPLATE,"Generated wrapper asserted behavior or proof without a record-specific actor, trigger, observable result, and failure criterion.",03-HOW-WE-WILL-KEEP-DELETE-AND-CHANGE.md / lines 1322-1322,NOT_APPLICABLE
CAN-LAM-GOV-287,Implementation must honor this constraint: Record authoritative source files versus generated files.,SUPERSEDED_GENERATED_TEMPLATE,"Generated wrapper asserted behavior or proof without a record-specific actor, trigger, observable result, and failure criterion.",03-HOW-WE-WILL-KEEP-DELETE-AND-CHANGE.md / lines 1335-1335,NOT_APPLICABLE
CAN-LAM-GOV-288,Recorded evidence must demonstrate: Resolve roots.,SUPERSEDED_GENERATED_TEMPLATE,"Generated wrapper asserted behavior or proof without a record-specific actor, trigger, observable result, and failure criterion.",03-HOW-WE-WILL-KEEP-DELETE-AND-CHANGE.md / lines 1343-1343,NOT_APPLICABLE
CAN-LAM-GOV-289,Recorded evidence must demonstrate: Inventory meaningful files and exclusions without semantic mapping.,SUPERSEDED_GENERATED_TEMPLATE,"Generated wrapper asserted behavior or proof without a record-specific actor, trigger, observable result, and failure criterion.",03-HOW-WE-WILL-KEEP-DELETE-AND-CHANGE.md / lines 1344-1344,NOT_APPLICABLE
CAN-LAM-GOV-290,"Recorded evidence must demonstrate: Record worktree state, legal/generated/vendor boundaries, technology stack, and real current commands.",SUPERSEDED_GENERATED_TEMPLATE,"Generated wrapper asserted behavior or proof without a record-specific actor, trigger, observable result, and failure criterion.",03-HOW-WE-WILL-KEEP-DELETE-AND-CHANGE.md / lines 1345-1345,NOT_APPLICABLE
CAN-LAM-GOV-291,Recorded evidence must demonstrate: Establish a non-destructive baseline or document pre-existing blockers.,SUPERSEDED_GENERATED_TEMPLATE,"Generated wrapper asserted behavior or proof without a record-specific actor, trigger, observable result, and failure criterion.",03-HOW-WE-WILL-KEEP-DELETE-AND-CHANGE.md / lines 1346-1346,NOT_APPLICABLE
CAN-LAM-GOV-294,Recorded evidence must demonstrate: Gate: All 00-corpus-inventory/ artifacts are complete; current paths/commands are evidence-backed; Codebase/ remains unchanged.,SUPERSEDED_GENERATED_TEMPLATE,"Generated wrapper asserted behavior or proof without a record-specific actor, trigger, observable result, and failure criterion.",03-HOW-WE-WILL-KEEP-DELETE-AND-CHANGE.md / lines 1350-1350,NOT_APPLICABLE
CAN-LAM-GOV-295,"Implementation must honor this constraint: Run the deep directed Graphify build from Graphify/ against ../Codebase, keeping generated output in Graphify/graphify-out/.",SUPERSEDED_GENERATED_TEMPLATE,"Generated wrapper asserted behavior or proof without a record-specific actor, trigger, observable result, and failure criterion.",03-HOW-WE-WILL-KEEP-DELETE-AND-CHANGE.md / lines 1354-1354,NOT_APPLICABLE
CAN-LAM-GOV-297,"Recorded evidence must demonstrate: Map current architecture, bottom-up features, dependencies, callers/consumers, tests, generated/vendor boundaries, and removal blockers.",SUPERSEDED_GENERATED_TEMPLATE,"Generated wrapper asserted behavior or proof without a record-specific actor, trigger, observable result, and failure criterion.",03-HOW-WE-WILL-KEEP-DELETE-AND-CHANGE.md / lines 1356-1356,NOT_APPLICABLE
CAN-LAM-GOV-299,"Implementation must honor this constraint: Complete target-schema mapping for versioned JSON, the embedded SQLite store, AI-task concepts, and storage authority without inventing implementation names.",SUPERSEDED_GENERATED_TEMPLATE,"Generated wrapper asserted behavior or proof without a record-specific actor, trigger, observable result, and failure criterion.",03-HOW-WE-WILL-KEEP-DELETE-AND-CHANGE.md / lines 1358-1358,NOT_APPLICABLE
CAN-LAM-GOV-300,Implementation must honor this constraint: Classify every meaningful item using Section 12.,SUPERSEDED_GENERATED_TEMPLATE,"Generated wrapper asserted behavior or proof without a record-specific actor, trigger, observable result, and failure criterion.",03-HOW-WE-WILL-KEEP-DELETE-AND-CHANGE.md / lines 1359-1359,NOT_APPLICABLE
CAN-LAM-GOV-301,Recorded evidence must demonstrate: Record evidence class/direction and source-verify all deletion-critical graph edges.,SUPERSEDED_GENERATED_TEMPLATE,"Generated wrapper asserted behavior or proof without a record-specific actor, trigger, observable result, and failure criterion.",03-HOW-WE-WILL-KEEP-DELETE-AND-CHANGE.md / lines 1360-1360,NOT_APPLICABLE
CAN-LAM-GOV-302,"Recorded evidence must demonstrate: Complete top-down, bottom-up, path, test, removal, and coverage audits.",SUPERSEDED_GENERATED_TEMPLATE,"Generated wrapper asserted behavior or proof without a record-specific actor, trigger, observable result, and failure criterion.",03-HOW-WE-WILL-KEEP-DELETE-AND-CHANGE.md / lines 1361-1361,NOT_APPLICABLE
CAN-LAM-GOV-303,Recorded evidence must demonstrate: Gate: Section 30 planning-completion criteria pass; no locked requirement or meaningful code area remains unaccounted for; final handoff says PLANNING COMPLETE — READY FOR IMPLEMENTATION.,SUPERSEDED_GENERATED_TEMPLATE,"Generated wrapper asserted behavior or proof without a record-specific actor, trigger, observable result, and failure criterion.",03-HOW-WE-WILL-KEEP-DELETE-AND-CHANGE.md / lines 1364-1364,NOT_APPLICABLE
CAN-LAM-INV-AI-01,"Lamha must preserve this invariant: LAM-INV-AI-01; AI Workers; Zero AI Autonomous Authority; ML workers have zero write authority over authoritative JSON. They may write only typed results to the Rust core, which stores rebuildable outputs in caches/queues. Only an explicit user action or an already-approved narrow rule may cause the Rust core to persist approved metadata.",SUPERSEDED_GENERATED_TEMPLATE,"Generated wrapper asserted behavior or proof without a record-specific actor, trigger, observable result, and failure criterion.",01-EVERYTHING-WE-ARE-KEEPING.md / lines 110-110,NOT_APPLICABLE
CAN-LAM-INV-AI-02-A,Lamha must preserve this invariant: LAM-INV-AI-02.,SUPERSEDED_GENERATED_TEMPLATE,"Generated wrapper asserted behavior or proof without a record-specific actor, trigger, observable result, and failure criterion.",01-EVERYTHING-WE-ARE-KEEPING.md / lines 111-111,NOT_APPLICABLE
CAN-LAM-INV-COMP-01,Implementation must honor this constraint: LAM-INV-COMP-01; Execution; Autonomous Codex Execution; Autonomous coding models MUST fully implement and verify assigned requirements without requesting manual user code completion or TODO stubs.,SUPERSEDED_GENERATED_TEMPLATE,"Generated wrapper asserted behavior or proof without a record-specific actor, trigger, observable result, and failure criterion.",01-EVERYTHING-WE-ARE-KEEPING.md / lines 115-115,NOT_APPLICABLE
CAN-LAM-INV-COMP-03,"Recorded evidence must demonstrate: LAM-INV-COMP-03; Execution; Replacement-Before-Removal Guardrail; A legacy subsystem may be removed in its assigned safe phase only after every file/symbol/caller/consumer/route/import/test/generated binding/build/config/runtime dependency is mapped, retained behaviour has a working local replacement, callers are migrated, focused/regression/build/desktop-launch proof passes, Graphify and Ponytail evidence agree it is no longer load-bearing, and rollback/baseline plus removal proof exist. Phase 16 removes residual obsolete material and performs final release verification; it is not an artificial delay for already safe removals.",SUPERSEDED_GENERATED_TEMPLATE,"Generated wrapper asserted behavior or proof without a record-specific actor, trigger, observable result, and failure criterion.",01-EVERYTHING-WE-ARE-KEEPING.md / lines 117-117,NOT_APPLICABLE
CAN-LAM-LEGAL-003,"The final Lamha desktop runtime must not retain or require README files, licences, copyright and AGPL text, third-party notices, security and contribution documentation, source-repository architecture documentation, build-required/package/generated-source/vendored/upstream technical documentation, and documentation required by CI, packaging, or release workflows may remain in Codebase/ when required.",SUPERSEDED_GENERATED_TEMPLATE,"Generated wrapper asserted behavior or proof without a record-specific actor, trigger, observable result, and failure criterion.",02-EVERYTHING-WE-ARE-DELETING.md / lines 959-959,NOT_APPLICABLE
CAN-LAM-LEGAL-004,The final Lamha desktop runtime must not retain or require Delete visible Immich branding from the final Lamha product.,SUPERSEDED_GENERATED_TEMPLATE,"Generated wrapper asserted behavior or proof without a record-specific actor, trigger, observable result, and failure criterion.",02-EVERYTHING-WE-ARE-DELETING.md / lines 971-971,NOT_APPLICABLE
CAN-LAM-LEGAL-005,The final Lamha desktop runtime must not retain or require Required legal attribution and copyright notices must remain.,SUPERSEDED_GENERATED_TEMPLATE,"Generated wrapper asserted behavior or proof without a record-specific actor, trigger, observable result, and failure criterion.",02-EVERYTHING-WE-ARE-DELETING.md / lines 982-982,NOT_APPLICABLE
CAN-LAM-LEGAL-006,"Recorded evidence must demonstrate: If a test fails after deleting a module, it is illegal to delete or disable the failing test unless Graphify explicitly proves the test targeted an exclusively server-only workflow that has no retained desktop equivalent.",SUPERSEDED_GENERATED_TEMPLATE,"Generated wrapper asserted behavior or proof without a record-specific actor, trigger, observable result, and failure criterion.",02-EVERYTHING-WE-ARE-DELETING.md / lines 1003-1003,NOT_APPLICABLE
CAN-LAM-LEGAL-007,The final Lamha desktop runtime must not retain or require Required legal notices.,SUPERSEDED_GENERATED_TEMPLATE,"Generated wrapper asserted behavior or proof without a record-specific actor, trigger, observable result, and failure criterion.",02-EVERYTHING-WE-ARE-DELETING.md / lines 1016-1016,NOT_APPLICABLE
CAN-LAM-LEGAL-008,The final Lamha desktop runtime must not retain or require Required attribution.,SUPERSEDED_GENERATED_TEMPLATE,"Generated wrapper asserted behavior or proof without a record-specific actor, trigger, observable result, and failure criterion.",02-EVERYTHING-WE-ARE-DELETING.md / lines 1018-1018,NOT_APPLICABLE
CAN-LAM-LEGAL-009,Implementation must honor this constraint: Replace visible branding carefully.,SUPERSEDED_GENERATED_TEMPLATE,"Generated wrapper asserted behavior or proof without a record-specific actor, trigger, observable result, and failure criterion.",03-HOW-WE-WILL-KEEP-DELETE-AND-CHANGE.md / lines 1369-1369,NOT_APPLICABLE
CAN-LAM-LEGAL-011,Recorded evidence must demonstrate: Gate: App builds with Lamha working branding and required attribution.,SUPERSEDED_GENERATED_TEMPLATE,"Generated wrapper asserted behavior or proof without a record-specific actor, trigger, observable result, and failure criterion.",03-HOW-WE-WILL-KEEP-DELETE-AND-CHANGE.md / lines 1373-1373,NOT_APPLICABLE
CAN-LAM-LEGAL-012,Recorded evidence must demonstrate: Gate: All retained requirements pass their applicable gates; clean-machine packages need no server or separate runtime installation; parity and legal sign-off are recorded; baseline evidence is immutable; and any legacy source still active is justified by a mapped dependency rather than ceremonial retention.,SUPERSEDED_GENERATED_TEMPLATE,"Generated wrapper asserted behavior or proof without a record-specific actor, trigger, observable result, and failure criterion.",03-HOW-WE-WILL-KEEP-DELETE-AND-CHANGE.md / lines 1559-1559,NOT_APPLICABLE
CAN-LAM-LEGAL-015,Recorded evidence must demonstrate: Legal work is complete.,SUPERSEDED_GENERATED_TEMPLATE,"Generated wrapper asserted behavior or proof without a record-specific actor, trigger, observable result, and failure criterion.",03-HOW-WE-WILL-KEEP-DELETE-AND-CHANGE.md / lines 1918-1918,NOT_APPLICABLE
CAN-LAM-LOCAL-001,Lamha must provide Library Root (LAM-LOCAL-001): An absolute OS filesystem path explicitly authorized by the user for recursive media scanning and managed storage.,SUPERSEDED_GENERATED_TEMPLATE,"Generated wrapper asserted behavior or proof without a record-specific actor, trigger, observable result, and failure criterion.",01-EVERYTHING-WE-ARE-KEEPING.md / lines 77-77,NOT_APPLICABLE
CAN-LAM-META-001,"Recorded evidence must demonstrate: It is strictly illegal to write stub functions (// TODO: implement later), mock implementations, static dummy JSON returns, or comment out failing tests to achieve completion.",SUPERSEDED_GENERATED_TEMPLATE,"Generated wrapper asserted behavior or proof without a record-specific actor, trigger, observable result, and failure criterion.",01-EVERYTHING-WE-ARE-KEEPING.md / lines 51-51,NOT_APPLICABLE
CAN-LAM-META-004,Lamha must provide Derived Index: Lamha uses a local embedded SQLite index and working-state store in its OS application-data area.,SUPERSEDED_GENERATED_TEMPLATE,"Generated wrapper asserted behavior or proof without a record-specific actor, trigger, observable result, and failure criterion.",01-EVERYTHING-WE-ARE-KEEPING.md / lines 64-64,NOT_APPLICABLE
CAN-LAM-META-007,"Lamha must provide Transaction Manifest: Versioned transparent JSON keyed by an immutable transaction UUID. Before mutation, Lamha fsyncs a coordinator copy in OS application data and a mirror under every affected writable Library Root’s .app-data/manifests/; SQLite only indexes it. Commit/recovery reconciles the copies and appends durable operation history.",SUPERSEDED_GENERATED_TEMPLATE,"Generated wrapper asserted behavior or proof without a record-specific actor, trigger, observable result, and failure criterion.",01-EVERYTHING-WE-ARE-KEEPING.md / lines 83-83,NOT_APPLICABLE
CAN-LAM-META-008,Lamha must provide AI-suggested tags; SQLite suggestion working state; None; SQLite suggestion index; Temporary staging only; never written to sidecars until approved.,SUPERSEDED_GENERATED_TEMPLATE,"Generated wrapper asserted behavior or proof without a record-specific actor, trigger, observable result, and failure criterion.",01-EVERYTHING-WE-ARE-KEEPING.md / lines 143-143,NOT_APPLICABLE
CAN-LAM-META-010,Lamha must provide Saving a draft persists transparent map JSON; only confirmed materialization mutates disk.,SUPERSEDED_GENERATED_TEMPLATE,"Generated wrapper asserted behavior or proof without a record-specific actor, trigger, observable result, and failure criterion.",01-EVERYTHING-WE-ARE-KEEPING.md / lines 148-148,NOT_APPLICABLE
CAN-LAM-META-020,"Lamha must provide Explicit system-controlled backup, Trash, transaction staging, cache, overlay, or export locations.",SUPERSEDED_GENERATED_TEMPLATE,"Generated wrapper asserted behavior or proof without a record-specific actor, trigger, observable result, and failure criterion.",01-EVERYTHING-WE-ARE-KEEPING.md / lines 503-503,NOT_APPLICABLE
CAN-LAM-META-022,Lamha must provide A read-only Pending Overlay is durable but is not falsely reported as co-located.,SUPERSEDED_GENERATED_TEMPLATE,"Generated wrapper asserted behavior or proof without a record-specific actor, trigger, observable result, and failure criterion.",01-EVERYTHING-WE-ARE-KEEPING.md / lines 633-633,NOT_APPLICABLE
CAN-LAM-META-027,Implementation must honor this constraint: The serialized key spellings for these concepts are selected by the Phase 1 target-schema map.,SUPERSEDED_GENERATED_TEMPLATE,"Generated wrapper asserted behavior or proof without a record-specific actor, trigger, observable result, and failure criterion.",01-EVERYTHING-WE-ARE-KEEPING.md / lines 971-971,NOT_APPLICABLE
CAN-LAM-META-028,Lamha must provide Original capture date; Embedded EXIF/IPTC; JSON snapshot.,SUPERSEDED_GENERATED_TEMPLATE,"Generated wrapper asserted behavior or proof without a record-specific actor, trigger, observable result, and failure criterion.",01-EVERYTHING-WE-ARE-KEEPING.md / lines 1426-1426,NOT_APPLICABLE
CAN-LAM-META-030,Lamha must provide Map positions and saved drafts; Map JSON; SQLite working cache.,SUPERSEDED_GENERATED_TEMPLATE,"Generated wrapper asserted behavior or proof without a record-specific actor, trigger, observable result, and failure criterion.",01-EVERYTHING-WE-ARE-KEEPING.md / lines 1442-1442,NOT_APPLICABLE
CAN-LAM-META-031,Lamha must provide History; Append-only operation JSON/journal; SQLite index and snapshots.,SUPERSEDED_GENERATED_TEMPLATE,"Generated wrapper asserted behavior or proof without a record-specific actor, trigger, observable result, and failure criterion.",01-EVERYTHING-WE-ARE-KEEPING.md / lines 1443-1443,NOT_APPLICABLE
CAN-LAM-META-052,"The final Lamha desktop runtime must not retain or require postgreSQL database migration in the target runtime; Confuses embedded SQLite index initialization with PG migrations.; SQLite index initialization, index schema upgrade, rebuildable index sync.; Target Rust index modules; documented legacy PG contexts are allowed.",SUPERSEDED_GENERATED_TEMPLATE,"Generated wrapper asserted behavior or proof without a record-specific actor, trigger, observable result, and failure criterion.",02-EVERYTHING-WE-ARE-DELETING.md / lines 87-87,NOT_APPLICABLE
CAN-LAM-META-053,The final Lamha desktop runtime must not retain or require Server-hosted metadata APIs.,SUPERSEDED_GENERATED_TEMPLATE,"Generated wrapper asserted behavior or proof without a record-specific actor, trigger, observable result, and failure criterion.",02-EVERYTHING-WE-ARE-DELETING.md / lines 143-143,NOT_APPLICABLE
CAN-LAM-META-054,The final Lamha desktop runtime must not retain or require Database-only user metadata.,SUPERSEDED_GENERATED_TEMPLATE,"Generated wrapper asserted behavior or proof without a record-specific actor, trigger, observable result, and failure criterion.",02-EVERYTHING-WE-ARE-DELETING.md / lines 199-199,NOT_APPLICABLE
CAN-LAM-META-055,"The final Lamha desktop runtime must not retain or require Local export of files or metadata may remain, but that is not remote sharing.",SUPERSEDED_GENERATED_TEMPLATE,"Generated wrapper asserted behavior or proof without a record-specific actor, trigger, observable result, and failure criterion.",02-EVERYTHING-WE-ARE-DELETING.md / lines 311-311,NOT_APPLICABLE
CAN-LAM-META-056,The final Lamha desktop runtime must not retain or require Cloud-only metadata.,SUPERSEDED_GENERATED_TEMPLATE,"Generated wrapper asserted behavior or proof without a record-specific actor, trigger, observable result, and failure criterion.",02-EVERYTHING-WE-ARE-DELETING.md / lines 436-436,NOT_APPLICABLE
CAN-LAM-META-057,The final Lamha desktop runtime must not retain or require User metadata corrections.,SUPERSEDED_GENERATED_TEMPLATE,"Generated wrapper asserted behavior or proof without a record-specific actor, trigger, observable result, and failure criterion.",02-EVERYTHING-WE-ARE-DELETING.md / lines 563-563,NOT_APPLICABLE
CAN-LAM-META-058,The final Lamha desktop runtime must not retain or require The local SQLite database remains a rebuildable index/working-state store only.,SUPERSEDED_GENERATED_TEMPLATE,"Generated wrapper asserted behavior or proof without a record-specific actor, trigger, observable result, and failure criterion.",02-EVERYTHING-WE-ARE-DELETING.md / lines 565-565,NOT_APPLICABLE
CAN-LAM-META-059,"The final Lamha desktop runtime must not retain or require Saved user decisions, durable operation history, and unresolved read-only overlays must survive SQLite loss through transparent JSON records.",SUPERSEDED_GENERATED_TEMPLATE,"Generated wrapper asserted behavior or proof without a record-specific actor, trigger, observable result, and failure criterion.",02-EVERYTHING-WE-ARE-DELETING.md / lines 565-565,NOT_APPLICABLE
CAN-LAM-META-060,The final Lamha desktop runtime must not retain or require Removes metadata.,SUPERSEDED_GENERATED_TEMPLATE,"Generated wrapper asserted behavior or proof without a record-specific actor, trigger, observable result, and failure criterion.",02-EVERYTHING-WE-ARE-DELETING.md / lines 669-669,NOT_APPLICABLE
CAN-LAM-META-061,The final Lamha desktop runtime must not retain or require Removing embedded metadata without a snapshot.,SUPERSEDED_GENERATED_TEMPLATE,"Generated wrapper asserted behavior or proof without a record-specific actor, trigger, observable result, and failure criterion.",02-EVERYTHING-WE-ARE-DELETING.md / lines 780-780,NOT_APPLICABLE
CAN-LAM-META-062,The final Lamha desktop runtime must not retain or require Overwriting metadata without preview.,SUPERSEDED_GENERATED_TEMPLATE,"Generated wrapper asserted behavior or proof without a record-specific actor, trigger, observable result, and failure criterion.",02-EVERYTHING-WE-ARE-DELETING.md / lines 783-783,NOT_APPLICABLE
CAN-LAM-META-063,The final Lamha desktop runtime must not retain or require Deleting app metadata and embedded metadata through one ambiguous action.,SUPERSEDED_GENERATED_TEMPLATE,"Generated wrapper asserted behavior or proof without a record-specific actor, trigger, observable result, and failure criterion.",02-EVERYTHING-WE-ARE-DELETING.md / lines 785-785,NOT_APPLICABLE
CAN-LAM-META-064,The final Lamha desktop runtime must not retain or require Automatic metadata rewrite without backup.,SUPERSEDED_GENERATED_TEMPLATE,"Generated wrapper asserted behavior or proof without a record-specific actor, trigger, observable result, and failure criterion.",02-EVERYTHING-WE-ARE-DELETING.md / lines 804-804,NOT_APPLICABLE
CAN-LAM-META-065,"Recorded evidence must demonstrate: Deletion must occur only after: (1) every caller, consumer, import, and route is mapped in Graphify; (2) a local desktop replacement in Rust/Tauri/SQLite is implemented; and (3) focused and regression tests prove the replacement passes without relying on the legacy dependency.",SUPERSEDED_GENERATED_TEMPLATE,"Generated wrapper asserted behavior or proof without a record-specific actor, trigger, observable result, and failure criterion.",02-EVERYTHING-WE-ARE-DELETING.md / lines 945-945,NOT_APPLICABLE
CAN-LAM-META-066,The final Lamha desktop runtime must not retain or require User metadata.,SUPERSEDED_GENERATED_TEMPLATE,"Generated wrapper asserted behavior or proof without a record-specific actor, trigger, observable result, and failure criterion.",02-EVERYTHING-WE-ARE-DELETING.md / lines 1013-1013,NOT_APPLICABLE
CAN-LAM-META-067,Implementation must honor this constraint: Domain-scoped versioned JSON.,SUPERSEDED_GENERATED_TEMPLATE,"Generated wrapper asserted behavior or proof without a record-specific actor, trigger, observable result, and failure criterion.",03-HOW-WE-WILL-KEEP-DELETE-AND-CHANGE.md / lines 1389-1389,NOT_APPLICABLE
CAN-LAM-META-069,Implementation must honor this constraint: Saved draft/operation JSON.,SUPERSEDED_GENERATED_TEMPLATE,"Generated wrapper asserted behavior or proof without a record-specific actor, trigger, observable result, and failure criterion.",03-HOW-WE-WILL-KEEP-DELETE-AND-CHANGE.md / lines 1396-1396,NOT_APPLICABLE
CAN-LAM-META-072,Implementation must honor this constraint: Pending Overlays and conflict-checked reconciliation.,SUPERSEDED_GENERATED_TEMPLATE,"Generated wrapper asserted behavior or proof without a record-specific actor, trigger, observable result, and failure criterion.",03-HOW-WE-WILL-KEEP-DELETE-AND-CHANGE.md / lines 1515-1515,NOT_APPLICABLE
CAN-LAM-META-073,Recorded evidence must demonstrate: Gate: Delete SQLite in a test copy and rebuild essential state.,SUPERSEDED_GENERATED_TEMPLATE,"Generated wrapper asserted behavior or proof without a record-specific actor, trigger, observable result, and failure criterion.",03-HOW-WE-WILL-KEEP-DELETE-AND-CHANGE.md / lines 1531-1531,NOT_APPLICABLE
CAN-LAM-META-078,Recorded evidence must demonstrate: Metadata inspector matches the plan.,SUPERSEDED_GENERATED_TEMPLATE,"Generated wrapper asserted behavior or proof without a record-specific actor, trigger, observable result, and failure criterion.",03-HOW-WE-WILL-KEEP-DELETE-AND-CHANGE.md / lines 1900-1900,NOT_APPLICABLE
CAN-LAM-META-079,Recorded evidence must demonstrate: Metadata removal and restore work.,SUPERSEDED_GENERATED_TEMPLATE,"Generated wrapper asserted behavior or proof without a record-specific actor, trigger, observable result, and failure criterion.",03-HOW-WE-WILL-KEEP-DELETE-AND-CHANGE.md / lines 1901-1901,NOT_APPLICABLE
CAN-LAM-PERF-007,Recorded evidence must demonstrate: Gate: Recorded 10k/50k/100k performance budgets and accessibility/desktop interaction acceptance tests pass on declared hardware.,SUPERSEDED_GENERATED_TEMPLATE,"Generated wrapper asserted behavior or proof without a record-specific actor, trigger, observable result, and failure criterion.",03-HOW-WE-WILL-KEEP-DELETE-AND-CHANGE.md / lines 1543-1543,NOT_APPLICABLE
CAN-LAM-PERF-009,Recorded evidence must demonstrate: Phase 1 must define a versioned performance budget table for each tier and representative hardware class before a Phase 14 item can be marked Complete.,SUPERSEDED_GENERATED_TEMPLATE,"Generated wrapper asserted behavior or proof without a record-specific actor, trigger, observable result, and failure criterion.",03-HOW-WE-WILL-KEEP-DELETE-AND-CHANGE.md / lines 1718-1718,NOT_APPLICABLE
CAN-LAM-PERF-010,"Lamha must provide Budgets include measurement method, warm/cold state, percentile or sample count, maximum memory, acceptable UI responsiveness during background work, and regression tolerance.",SUPERSEDED_GENERATED_TEMPLATE,"Generated wrapper asserted behavior or proof without a record-specific actor, trigger, observable result, and failure criterion.",03-HOW-WE-WILL-KEEP-DELETE-AND-CHANGE.md / lines 1718-1718,NOT_APPLICABLE
CAN-LAM-PERSON-001,"Lamha must provide Person Profile (LAM-PERSON-001): A persistent identity entity bearing a stable UUID, canonical name, historical membership timeline, and optional aliases, linking face clusters across the library.",SUPERSEDED_GENERATED_TEMPLATE,"Generated wrapper asserted behavior or proof without a record-specific actor, trigger, observable result, and failure criterion.",01-EVERYTHING-WE-ARE-KEEPING.md / lines 69-69,NOT_APPLICABLE
CAN-LAM-PERSON-003,Lamha must preserve this invariant: Group memberships; Group JSON; Person UUID references; SQLite group index; Authoritative recursive group hierarchy and temporal intervals. Person records may cache references but do not compete for authority.,SUPERSEDED_GENERATED_TEMPLATE,"Generated wrapper asserted behavior or proof without a record-specific actor, trigger, observable result, and failure criterion.",01-EVERYTHING-WE-ARE-KEEPING.md / lines 141-141,NOT_APPLICABLE
CAN-LAM-PERSON-005,"Lamha must provide The nine composition views use three derived buckets: Family, Friends, and Family Friends.",SUPERSEDED_GENERATED_TEMPLATE,"Generated wrapper asserted behavior or proof without a record-specific actor, trigger, observable result, and failure criterion.",01-EVERYTHING-WE-ARE-KEEPING.md / lines 238-238,NOT_APPLICABLE
CAN-LAM-PERSON-006,"Lamha must provide Classmate, colleague, teacher, student, manager, team member, and custom relationships do not contribute unless an approved built-in or user-defined projection says so.",SUPERSEDED_GENERATED_TEMPLATE,"Generated wrapper asserted behavior or proof without a record-specific actor, trigger, observable result, and failure criterion.",01-EVERYTHING-WE-ARE-KEEPING.md / lines 238-238,NOT_APPLICABLE
CAN-LAM-PERSON-015,"Lamha must provide Virtual Views: People pages, Group pages, Relationship views, Albums, Tags, Favorites, Memories, and Mind Map node placements.",SUPERSEDED_GENERATED_TEMPLATE,"Generated wrapper asserted behavior or proof without a record-specific actor, trigger, observable result, and failure criterion.",01-EVERYTHING-WE-ARE-KEEPING.md / lines 332-332,NOT_APPLICABLE
CAN-LAM-PERSON-016,Lamha must provide People and relationship categories remain metadata and smart views.,SUPERSEDED_GENERATED_TEMPLATE,"Generated wrapper asserted behavior or proof without a record-specific actor, trigger, observable result, and failure criterion.",01-EVERYTHING-WE-ARE-KEEPING.md / lines 345-345,NOT_APPLICABLE
CAN-LAM-PERSON-042,Lamha must provide Several detailed/custom relationship edges to the user.,SUPERSEDED_GENERATED_TEMPLATE,"Generated wrapper asserted behavior or proof without a record-specific actor, trigger, observable result, and failure criterion.",01-EVERYTHING-WE-ARE-KEEPING.md / lines 894-894,NOT_APPLICABLE
CAN-LAM-PERSON-052,Lamha must provide Every group has a main visible name.,SUPERSEDED_GENERATED_TEMPLATE,"Generated wrapper asserted behavior or proof without a record-specific actor, trigger, observable result, and failure criterion.",01-EVERYTHING-WE-ARE-KEEPING.md / lines 967-967,NOT_APPLICABLE
CAN-LAM-PERSON-053,Lamha must provide A stable UUID is the permanent internal group reference.,SUPERSEDED_GENERATED_TEMPLATE,"Generated wrapper asserted behavior or proof without a record-specific actor, trigger, observable result, and failure criterion.",01-EVERYTHING-WE-ARE-KEEPING.md / lines 970-970,NOT_APPLICABLE
CAN-LAM-PERSON-054,Lamha must provide Lamha keeps a dedicated person relationship mind map.,SUPERSEDED_GENERATED_TEMPLATE,"Generated wrapper asserted behavior or proof without a record-specific actor, trigger, observable result, and failure criterion.",01-EVERYTHING-WE-ARE-KEEPING.md / lines 985-985,NOT_APPLICABLE
CAN-LAM-PERSON-069,"Lamha must provide Parent, child, sibling, spouse, cousin, guardian, and dependent contribute to Family by approved built-in rule.",SUPERSEDED_GENERATED_TEMPLATE,"Generated wrapper asserted behavior or proof without a record-specific actor, trigger, observable result, and failure criterion.",01-EVERYTHING-WE-ARE-KEEPING.md / lines 1296-1296,NOT_APPLICABLE
CAN-LAM-PERSON-070,Lamha must provide Friend contributes to Friends by approved built-in rule.,SUPERSEDED_GENERATED_TEMPLATE,"Generated wrapper asserted behavior or proof without a record-specific actor, trigger, observable result, and failure criterion.",01-EVERYTHING-WE-ARE-KEEPING.md / lines 1297-1297,NOT_APPLICABLE
CAN-LAM-PERSON-071,Lamha must provide Family Friend contributes to Family Friends by approved built-in rule.,SUPERSEDED_GENERATED_TEMPLATE,"Generated wrapper asserted behavior or proof without a record-specific actor, trigger, observable result, and failure criterion.",01-EVERYTHING-WE-ARE-KEEPING.md / lines 1298-1298,NOT_APPLICABLE
CAN-LAM-PERSON-072,"Lamha must provide Classmate, colleague, teacher, student, manager, team member, and custom relationships do not automatically contribute unless the user assigns a projection rule.",SUPERSEDED_GENERATED_TEMPLATE,"Generated wrapper asserted behavior or proof without a record-specific actor, trigger, observable result, and failure criterion.",01-EVERYTHING-WE-ARE-KEEPING.md / lines 1299-1299,NOT_APPLICABLE
CAN-LAM-PERSON-074,Lamha must provide People exist but no applicable relationship maps to a bucket produces Unknown Group.,SUPERSEDED_GENERATED_TEMPLATE,"Generated wrapper asserted behavior or proof without a record-specific actor, trigger, observable result, and failure criterion.",01-EVERYTHING-WE-ARE-KEEPING.md / lines 1302-1302,NOT_APPLICABLE
CAN-LAM-PERSON-075,Lamha must provide Exactly one bucket produces the matching Only view; exactly two produce the corresponding named combination; all three produce Mixed Relationships.,SUPERSEDED_GENERATED_TEMPLATE,"Generated wrapper asserted behavior or proof without a record-specific actor, trigger, observable result, and failure criterion.",01-EVERYTHING-WE-ARE-KEEPING.md / lines 1303-1303,NOT_APPLICABLE
CAN-LAM-PERSON-076,Lamha must provide A mixture of mapped and unresolved people produces Mixed Relationships unless the user resolves or suppresses the unresolved contribution.,SUPERSEDED_GENERATED_TEMPLATE,"Generated wrapper asserted behavior or proof without a record-specific actor, trigger, observable result, and failure criterion.",01-EVERYTHING-WE-ARE-KEEPING.md / lines 1304-1304,NOT_APPLICABLE
CAN-LAM-PERSON-079,Lamha must provide Suggested face boxes/person links; SQLite suggestion/cache; None until approved.,SUPERSEDED_GENERATED_TEMPLATE,"Generated wrapper asserted behavior or proof without a record-specific actor, trigger, observable result, and failure criterion.",01-EVERYTHING-WE-ARE-KEEPING.md / lines 1429-1429,NOT_APPLICABLE
CAN-LAM-PERSON-080,Lamha must provide Relationship edges and explicit projection rules; Relationship JSON; Derived composition views and Person UUID references.,SUPERSEDED_GENERATED_TEMPLATE,"Generated wrapper asserted behavior or proof without a record-specific actor, trigger, observable result, and failure criterion.",01-EVERYTHING-WE-ARE-KEEPING.md / lines 1430-1430,NOT_APPLICABLE
CAN-LAM-PERSON-081,Lamha must provide Group membership intervals; Group JSON; Person UUID references and derived tags.,SUPERSEDED_GENERATED_TEMPLATE,"Generated wrapper asserted behavior or proof without a record-specific actor, trigger, observable result, and failure criterion.",01-EVERYTHING-WE-ARE-KEEPING.md / lines 1431-1431,NOT_APPLICABLE
CAN-LAM-PERSON-099,The final Lamha desktop runtime must not retain or require The interface must be adapted for desktop workflows rather than left as a web-server administration interface.,SUPERSEDED_GENERATED_TEMPLATE,"Generated wrapper asserted behavior or proof without a record-specific actor, trigger, observable result, and failure criterion.",01-EVERYTHING-WE-ARE-KEEPING.md / lines 2131-2131,NOT_APPLICABLE
CAN-LAM-PERSON-101,"The final Lamha desktop runtime must not retain or require tag folder / person folder; Implies illegal physical directory creation on disk for virtual views.; tag view, person gallery tab, virtual smart view.; All filesystem organizer scripts.",SUPERSEDED_GENERATED_TEMPLATE,"Generated wrapper asserted behavior or proof without a record-specific actor, trigger, observable result, and failure criterion.",02-EVERYTHING-WE-ARE-DELETING.md / lines 88-88,NOT_APPLICABLE
CAN-LAM-PERSON-102,The final Lamha desktop runtime must not retain or require Server-hosted people APIs.,SUPERSEDED_GENERATED_TEMPLATE,"Generated wrapper asserted behavior or proof without a record-specific actor, trigger, observable result, and failure criterion.",02-EVERYTHING-WE-ARE-DELETING.md / lines 145-145,NOT_APPLICABLE
CAN-LAM-PERSON-103,The final Lamha desktop runtime must not retain or require Cross-user face data.,SUPERSEDED_GENERATED_TEMPLATE,"Generated wrapper asserted behavior or proof without a record-specific actor, trigger, observable result, and failure criterion.",02-EVERYTHING-WE-ARE-DELETING.md / lines 284-284,NOT_APPLICABLE
CAN-LAM-PERSON-104,The final Lamha desktop runtime must not retain or require Cloud-hosted face data.,SUPERSEDED_GENERATED_TEMPLATE,"Generated wrapper asserted behavior or proof without a record-specific actor, trigger, observable result, and failure criterion.",02-EVERYTHING-WE-ARE-DELETING.md / lines 439-439,NOT_APPLICABLE
CAN-LAM-PERSON-105,The final Lamha desktop runtime must not retain or require Cloud face recognition.,SUPERSEDED_GENERATED_TEMPLATE,"Generated wrapper asserted behavior or proof without a record-specific actor, trigger, observable result, and failure criterion.",02-EVERYTHING-WE-ARE-DELETING.md / lines 454-454,NOT_APPLICABLE
CAN-LAM-PERSON-106,The final Lamha desktop runtime must not retain or require Person names.,SUPERSEDED_GENERATED_TEMPLATE,"Generated wrapper asserted behavior or proof without a record-specific actor, trigger, observable result, and failure criterion.",02-EVERYTHING-WE-ARE-DELETING.md / lines 550-550,NOT_APPLICABLE
CAN-LAM-PERSON-107,The final Lamha desktop runtime must not retain or require Face assignments.,SUPERSEDED_GENERATED_TEMPLATE,"Generated wrapper asserted behavior or proof without a record-specific actor, trigger, observable result, and failure criterion.",02-EVERYTHING-WE-ARE-DELETING.md / lines 551-551,NOT_APPLICABLE
CAN-LAM-PERSON-108,The final Lamha desktop runtime must not retain or require Same people.,SUPERSEDED_GENERATED_TEMPLATE,"Generated wrapper asserted behavior or proof without a record-specific actor, trigger, observable result, and failure criterion.",02-EVERYTHING-WE-ARE-DELETING.md / lines 576-576,NOT_APPLICABLE
CAN-LAM-PERSON-109,The final Lamha desktop runtime must not retain or require Several people appear.,SUPERSEDED_GENERATED_TEMPLATE,"Generated wrapper asserted behavior or proof without a record-specific actor, trigger, observable result, and failure criterion.",02-EVERYTHING-WE-ARE-DELETING.md / lines 603-603,NOT_APPLICABLE
CAN-LAM-PERSON-110,The final Lamha desktop runtime must not retain or require Family and friends appear together.,SUPERSEDED_GENERATED_TEMPLATE,"Generated wrapper asserted behavior or proof without a record-specific actor, trigger, observable result, and failure criterion.",02-EVERYTHING-WE-ARE-DELETING.md / lines 604-604,NOT_APPLICABLE
CAN-LAM-PERSON-111,The final Lamha desktop runtime must not retain or require Relationships change.,SUPERSEDED_GENERATED_TEMPLATE,"Generated wrapper asserted behavior or proof without a record-specific actor, trigger, observable result, and failure criterion.",02-EVERYTHING-WE-ARE-DELETING.md / lines 605-605,NOT_APPLICABLE
CAN-LAM-PERSON-112,The final Lamha desktop runtime must not retain or require A person belongs to several groups.,SUPERSEDED_GENERATED_TEMPLATE,"Generated wrapper asserted behavior or proof without a record-specific actor, trigger, observable result, and failure criterion.",02-EVERYTHING-WE-ARE-DELETING.md / lines 606-606,NOT_APPLICABLE
CAN-LAM-PERSON-113,The final Lamha desktop runtime must not retain or require People remain metadata and virtual views.,SUPERSEDED_GENERATED_TEMPLATE,"Generated wrapper asserted behavior or proof without a record-specific actor, trigger, observable result, and failure criterion.",02-EVERYTHING-WE-ARE-DELETING.md / lines 610-610,NOT_APPLICABLE
CAN-LAM-PERSON-114,The final Lamha desktop runtime must not retain or require Names a person.,SUPERSEDED_GENERATED_TEMPLATE,"Generated wrapper asserted behavior or proof without a record-specific actor, trigger, observable result, and failure criterion.",02-EVERYTHING-WE-ARE-DELETING.md / lines 660-660,NOT_APPLICABLE
CAN-LAM-PERSON-115,The final Lamha desktop runtime must not retain or require Confirms a face.,SUPERSEDED_GENERATED_TEMPLATE,"Generated wrapper asserted behavior or proof without a record-specific actor, trigger, observable result, and failure criterion.",02-EVERYTHING-WE-ARE-DELETING.md / lines 661-661,NOT_APPLICABLE
CAN-LAM-PERSON-116,The final Lamha desktop runtime must not retain or require Applies a final relationship.,SUPERSEDED_GENERATED_TEMPLATE,"Generated wrapper asserted behavior or proof without a record-specific actor, trigger, observable result, and failure criterion.",02-EVERYTHING-WE-ARE-DELETING.md / lines 662-662,NOT_APPLICABLE
CAN-LAM-PERSON-117,The final Lamha desktop runtime must not retain or require Applies a final group.,SUPERSEDED_GENERATED_TEMPLATE,"Generated wrapper asserted behavior or proof without a record-specific actor, trigger, observable result, and failure criterion.",02-EVERYTHING-WE-ARE-DELETING.md / lines 663-663,NOT_APPLICABLE
CAN-LAM-PERSON-118,The final Lamha desktop runtime must not retain or require Visible Person: A human visually appearing inside the image frame.,SUPERSEDED_GENERATED_TEMPLATE,"Generated wrapper asserted behavior or proof without a record-specific actor, trigger, observable result, and failure criterion.",02-EVERYTHING-WE-ARE-DELETING.md / lines 712-712,NOT_APPLICABLE
CAN-LAM-PERSON-119,The final Lamha desktop runtime must not retain or require Delete behaviour that rewrites history merely because a current relationship or membership changed.,SUPERSEDED_GENERATED_TEMPLATE,"Generated wrapper asserted behavior or proof without a record-specific actor, trigger, observable result, and failure criterion.",02-EVERYTHING-WE-ARE-DELETING.md / lines 747-747,NOT_APPLICABLE
CAN-LAM-PERSON-120,The final Lamha desktop runtime must not retain or require Erasing old relationship context because a person became Family.,SUPERSEDED_GENERATED_TEMPLATE,"Generated wrapper asserted behavior or proof without a record-specific actor, trigger, observable result, and failure criterion.",02-EVERYTHING-WE-ARE-DELETING.md / lines 753-753,NOT_APPLICABLE
CAN-LAM-PERSON-122,Recorded evidence must demonstrate: Gate: A wrong face correction updates only affected records.,SUPERSEDED_GENERATED_TEMPLATE,"Generated wrapper asserted behavior or proof without a record-specific actor, trigger, observable result, and failure criterion.",03-HOW-WE-WILL-KEEP-DELETE-AND-CHANGE.md / lines 1445-1445,NOT_APPLICABLE
CAN-LAM-PERSON-123,Implementation must honor this constraint: Multiple simultaneous and historical built-in/custom relationship edges and certainty.,SUPERSEDED_GENERATED_TEMPLATE,"Generated wrapper asserted behavior or proof without a record-specific actor, trigger, observable result, and failure criterion.",03-HOW-WE-WILL-KEEP-DELETE-AND-CHANGE.md / lines 1451-1451,NOT_APPLICABLE
CAN-LAM-PERSON-124,"Implementation must honor this constraint: User-defined or explicitly approved built-in projection rules into Family, Friends, and Family Friends.",SUPERSEDED_GENERATED_TEMPLATE,"Generated wrapper asserted behavior or proof without a record-specific actor, trigger, observable result, and failure criterion.",03-HOW-WE-WILL-KEEP-DELETE-AND-CHANGE.md / lines 1453-1453,NOT_APPLICABLE
CAN-LAM-PERSON-125,"Implementation must honor this constraint: Deterministic derivation of the nine composition views, including Spouse as Family and Classmate not automatically Friend.",SUPERSEDED_GENERATED_TEMPLATE,"Generated wrapper asserted behavior or proof without a record-specific actor, trigger, observable result, and failure criterion.",03-HOW-WE-WILL-KEEP-DELETE-AND-CHANGE.md / lines 1454-1454,NOT_APPLICABLE
CAN-LAM-PERSON-126,"Recorded evidence must demonstrate: Gate: Every tag/view can explain its provenance; multi-edge, custom-type, certainty, history, friend-group restriction, projection, and nine-view tests pass; all five attribution roles remain distinct.",SUPERSEDED_GENERATED_TEMPLATE,"Generated wrapper asserted behavior or proof without a record-specific actor, trigger, observable result, and failure criterion.",03-HOW-WE-WILL-KEEP-DELETE-AND-CHANGE.md / lines 1462-1462,NOT_APPLICABLE
CAN-LAM-PERSON-127,Implementation must honor this constraint: Relationship-edge/category certainty (Sure / Not Sure).,SUPERSEDED_GENERATED_TEMPLATE,"Generated wrapper asserted behavior or proof without a record-specific actor, trigger, observable result, and failure criterion.",03-HOW-WE-WILL-KEEP-DELETE-AND-CHANGE.md / lines 1470-1470,NOT_APPLICABLE
CAN-LAM-PERSON-129,Recorded evidence must demonstrate: Faces and corrections work.,SUPERSEDED_GENERATED_TEMPLATE,"Generated wrapper asserted behavior or proof without a record-specific actor, trigger, observable result, and failure criterion.",03-HOW-WE-WILL-KEEP-DELETE-AND-CHANGE.md / lines 1902-1902,NOT_APPLICABLE
CAN-LAM-PERSON-130,Recorded evidence must demonstrate: People and groups work.,SUPERSEDED_GENERATED_TEMPLATE,"Generated wrapper asserted behavior or proof without a record-specific actor, trigger, observable result, and failure criterion.",03-HOW-WE-WILL-KEEP-DELETE-AND-CHANGE.md / lines 1903-1903,NOT_APPLICABLE
CAN-LAM-PERSON-131,Recorded evidence must demonstrate: Relationship-edge certainty (Sure / Not Sure) works across multiple simultaneous/historical built-in and custom edges; explicit three-bucket projection derives the nine smart views without a closed person-category enum.,SUPERSEDED_GENERATED_TEMPLATE,"Generated wrapper asserted behavior or proof without a record-specific actor, trigger, observable result, and failure criterion.",03-HOW-WE-WILL-KEEP-DELETE-AND-CHANGE.md / lines 1907-1907,NOT_APPLICABLE
CAN-LAM-REL-001,"Lamha must provide Relationship Composition View (LAM-REL-001): A specialized virtual gallery tab that derives the nine approved composition views from effective-dated relationship edges and three composition buckets: Family, Friends, and Family Friends. These buckets are projections, not a stored closed person enum.",SUPERSEDED_GENERATED_TEMPLATE,"Generated wrapper asserted behavior or proof without a record-specific actor, trigger, observable result, and failure criterion.",01-EVERYTHING-WE-ARE-KEEPING.md / lines 68-68,NOT_APPLICABLE
CAN-LAM-REMOVE-001,The final Lamha desktop runtime must not retain or require LAM-REMOVE-001; Retained user behaviour must have a verified local replacement before its legacy subsystem is removed.,SUPERSEDED_GENERATED_TEMPLATE,"Generated wrapper asserted behavior or proof without a record-specific actor, trigger, observable result, and failure criterion.",03-HOW-WE-WILL-KEEP-DELETE-AND-CHANGE.md / lines 653-653,NOT_APPLICABLE
CAN-LAM-REMOVE-003,Lamha must provide LAM-REMOVE-003; Event attendance and visible-person presence never auto-populate one another.,SUPERSEDED_GENERATED_TEMPLATE,"Generated wrapper asserted behavior or proof without a record-specific actor, trigger, observable result, and failure criterion.",03-HOW-WE-WILL-KEEP-DELETE-AND-CHANGE.md / lines 655-655,NOT_APPLICABLE
CAN-LAM-SEARCH-015,Recorded evidence must demonstrate: Confirmed-absence search scope and proof when no current implementation exists.,SUPERSEDED_GENERATED_TEMPLATE,"Generated wrapper asserted behavior or proof without a record-specific actor, trigger, observable result, and failure criterion.",01-EVERYTHING-WE-ARE-KEEPING.md / lines 2264-2264,NOT_APPLICABLE
CAN-LAM-SEARCH-016,The final Lamha desktop runtime must not retain or require Server-hosted search APIs.,SUPERSEDED_GENERATED_TEMPLATE,"Generated wrapper asserted behavior or proof without a record-specific actor, trigger, observable result, and failure criterion.",02-EVERYTHING-WE-ARE-DELETING.md / lines 144-144,NOT_APPLICABLE
CAN-LAM-SEARCH-017,The final Lamha desktop runtime must not retain or require Cloud dependency for memories or search.,SUPERSEDED_GENERATED_TEMPLATE,"Generated wrapper asserted behavior or proof without a record-specific actor, trigger, observable result, and failure criterion.",02-EVERYTHING-WE-ARE-DELETING.md / lines 441-441,NOT_APPLICABLE
CAN-LAM-SEARCH-018,The final Lamha desktop runtime must not retain or require Cloud semantic search.,SUPERSEDED_GENERATED_TEMPLATE,"Generated wrapper asserted behavior or proof without a record-specific actor, trigger, observable result, and failure criterion.",02-EVERYTHING-WE-ARE-DELETING.md / lines 455-455,NOT_APPLICABLE
CAN-LAM-SEARCH-019,Implementation must honor this constraint: Basic local search and filters.,SUPERSEDED_GENERATED_TEMPLATE,"Generated wrapper asserted behavior or proof without a record-specific actor, trigger, observable result, and failure criterion.",03-HOW-WE-WILL-KEEP-DELETE-AND-CHANGE.md / lines 1408-1408,NOT_APPLICABLE
CAN-LAM-TEST-001,Recorded evidence must demonstrate: Current tests.,SUPERSEDED_GENERATED_TEMPLATE,"Generated wrapper asserted behavior or proof without a record-specific actor, trigger, observable result, and failure criterion.",01-EVERYTHING-WE-ARE-KEEPING.md / lines 2257-2257,NOT_APPLICABLE
CAN-LAM-TEST-002,Recorded evidence must demonstrate: Test plan.,SUPERSEDED_GENERATED_TEMPLATE,"Generated wrapper asserted behavior or proof without a record-specific actor, trigger, observable result, and failure criterion.",01-EVERYTHING-WE-ARE-KEEPING.md / lines 2261-2261,NOT_APPLICABLE
CAN-LAM-TEST-003,Recorded evidence must demonstrate: It has relevant tests.,SUPERSEDED_GENERATED_TEMPLATE,"Generated wrapper asserted behavior or proof without a record-specific actor, trigger, observable result, and failure criterion.",01-EVERYTHING-WE-ARE-KEEPING.md / lines 2279-2279,NOT_APPLICABLE
CAN-LAM-TEST-004,"Recorded evidence must demonstrate: Baseline preservation: Git history, a recorded commit, signed inventory, verified archive, disposable snapshot, behaviour logs, Graphify graph hashes, or recorded test results may preserve baseline evidence.",SUPERSEDED_GENERATED_TEMPLATE,"Generated wrapper asserted behavior or proof without a record-specific actor, trigger, observable result, and failure criterion.",02-EVERYTHING-WE-ARE-DELETING.md / lines 60-60,NOT_APPLICABLE
CAN-LAM-TEST-005,Recorded evidence must demonstrate: Dead server-only tests.,SUPERSEDED_GENERATED_TEMPLATE,"Generated wrapper asserted behavior or proof without a record-specific actor, trigger, observable result, and failure criterion.",02-EVERYTHING-WE-ARE-DELETING.md / lines 933-933,NOT_APPLICABLE
CAN-LAM-TEST-006,Recorded evidence must demonstrate: Deleting tests merely because they target old architecture.,SUPERSEDED_GENERATED_TEMPLATE,"Generated wrapper asserted behavior or proof without a record-specific actor, trigger, observable result, and failure criterion.",02-EVERYTHING-WE-ARE-DELETING.md / lines 995-995,NOT_APPLICABLE
CAN-LAM-TEST-007,Recorded evidence must demonstrate: Useful tests that can be adapted.,SUPERSEDED_GENERATED_TEMPLATE,"Generated wrapper asserted behavior or proof without a record-specific actor, trigger, observable result, and failure criterion.",02-EVERYTHING-WE-ARE-DELETING.md / lines 1020-1020,NOT_APPLICABLE
CAN-LAM-TEST-008,Recorded evidence must demonstrate: Every test.,SUPERSEDED_GENERATED_TEMPLATE,"Generated wrapper asserted behavior or proof without a record-specific actor, trigger, observable result, and failure criterion.",02-EVERYTHING-WE-ARE-DELETING.md / lines 1047-1047,NOT_APPLICABLE
CAN-LAM-TEST-009,Recorded evidence must demonstrate: Proof required.,SUPERSEDED_GENERATED_TEMPLATE,"Generated wrapper asserted behavior or proof without a record-specific actor, trigger, observable result, and failure criterion.",02-EVERYTHING-WE-ARE-DELETING.md / lines 1051-1051,NOT_APPLICABLE
CAN-LAM-TEST-010,Recorded evidence must demonstrate: Final absence/dependency-scan proof scope.,SUPERSEDED_GENERATED_TEMPLATE,"Generated wrapper asserted behavior or proof without a record-specific actor, trigger, observable result, and failure criterion.",02-EVERYTHING-WE-ARE-DELETING.md / lines 1053-1053,NOT_APPLICABLE
CAN-LAM-TEST-011,Recorded evidence must demonstrate: Its tests are removed or adapted appropriately.,SUPERSEDED_GENERATED_TEMPLATE,"Generated wrapper asserted behavior or proof without a record-specific actor, trigger, observable result, and failure criterion.",02-EVERYTHING-WE-ARE-DELETING.md / lines 1074-1074,NOT_APPLICABLE
CAN-LAM-TEST-012,Recorded evidence must demonstrate: Focused and regression tests pass cleanly.,SUPERSEDED_GENERATED_TEMPLATE,"Generated wrapper asserted behavior or proof without a record-specific actor, trigger, observable result, and failure criterion.",02-EVERYTHING-WE-ARE-DELETING.md / lines 1080-1080,NOT_APPLICABLE
CAN-LAM-TEST-013,Recorded evidence must demonstrate: Graphify marks it Verified Removed with explicit proof (commit/test logs).,SUPERSEDED_GENERATED_TEMPLATE,"Generated wrapper asserted behavior or proof without a record-specific actor, trigger, observable result, and failure criterion.",02-EVERYTHING-WE-ARE-DELETING.md / lines 1081-1081,NOT_APPLICABLE
CAN-LAM-TEST-014,"Recorded evidence must demonstrate: Gate: Desktop shell opens with no server process/listener; applicable Gates 1, 4, 5, 6, and 8 pass.",SUPERSEDED_GENERATED_TEMPLATE,"Generated wrapper asserted behavior or proof without a record-specific actor, trigger, observable result, and failure criterion.",03-HOW-WE-WILL-KEEP-DELETE-AND-CHANGE.md / lines 1384-1384,NOT_APPLICABLE
CAN-LAM-TEST-015,Recorded evidence must demonstrate: Gate: Gallery and viewer work without the Immich server.,SUPERSEDED_GENERATED_TEMPLATE,"Generated wrapper asserted behavior or proof without a record-specific actor, trigger, observable result, and failure criterion.",03-HOW-WE-WILL-KEEP-DELETE-AND-CHANGE.md / lines 1415-1415,NOT_APPLICABLE
CAN-LAM-TEST-016,"Recorded evidence must demonstrate: Selective legacy baseline comparison using isolated evidence, Git history, recorded commits, signed inventories, verified archives/snapshots, behaviour logs, graph hashes, or recorded test results as applicable.",SUPERSEDED_GENERATED_TEMPLATE,"Generated wrapper asserted behavior or proof without a record-specific actor, trigger, observable result, and failure criterion.",03-HOW-WE-WILL-KEEP-DELETE-AND-CHANGE.md / lines 1548-1548,NOT_APPLICABLE
CAN-LAM-TEST-017,Recorded evidence must demonstrate: Clean-machine tests.,SUPERSEDED_GENERATED_TEMPLATE,"Generated wrapper asserted behavior or proof without a record-specific actor, trigger, observable result, and failure criterion.",03-HOW-WE-WILL-KEEP-DELETE-AND-CHANGE.md / lines 1555-1555,NOT_APPLICABLE
CAN-LAM-TEST-018,"Recorded evidence must demonstrate: Phase 16 must not postpone a subsystem that became safely removable earlier. Its role is residual cleanup, final repository-wide scans, clean packaging proof, and release reverification.",SUPERSEDED_GENERATED_TEMPLATE,"Generated wrapper asserted behavior or proof without a record-specific actor, trigger, observable result, and failure criterion.",03-HOW-WE-WILL-KEEP-DELETE-AND-CHANGE.md / lines 1575-1575,NOT_APPLICABLE
CAN-LAM-TEST-019,Recorded evidence must demonstrate: Test tiers.,SUPERSEDED_GENERATED_TEMPLATE,"Generated wrapper asserted behavior or proof without a record-specific actor, trigger, observable result, and failure criterion.",03-HOW-WE-WILL-KEEP-DELETE-AND-CHANGE.md / lines 1690-1690,NOT_APPLICABLE
CAN-LAM-TEST-023,Recorded evidence must demonstrate: Baseline tests.,SUPERSEDED_GENERATED_TEMPLATE,"Generated wrapper asserted behavior or proof without a record-specific actor, trigger, observable result, and failure criterion.",03-HOW-WE-WILL-KEEP-DELETE-AND-CHANGE.md / lines 1832-1832,NOT_APPLICABLE
CAN-LAM-TEST-024,Recorded evidence must demonstrate: Exact tests.,SUPERSEDED_GENERATED_TEMPLATE,"Generated wrapper asserted behavior or proof without a record-specific actor, trigger, observable result, and failure criterion.",03-HOW-WE-WILL-KEEP-DELETE-AND-CHANGE.md / lines 1835-1835,NOT_APPLICABLE
CAN-LAM-TEST-025,Recorded evidence must demonstrate: Completion gate.,SUPERSEDED_GENERATED_TEMPLATE,"Generated wrapper asserted behavior or proof without a record-specific actor, trigger, observable result, and failure criterion.",03-HOW-WE-WILL-KEEP-DELETE-AND-CHANGE.md / lines 1837-1837,NOT_APPLICABLE
CAN-LAM-TEST-026,Recorded evidence must demonstrate: Every requirement has an applicable automated test or an objective structural/manual verification proof with a justified N/A for irrelevant gates.,SUPERSEDED_GENERATED_TEMPLATE,"Generated wrapper asserted behavior or proof without a record-specific actor, trigger, observable result, and failure criterion.",03-HOW-WE-WILL-KEEP-DELETE-AND-CHANGE.md / lines 1867-1867,NOT_APPLICABLE
CAN-LAM-TEST-027,Recorded evidence must demonstrate: Every phase has files and gates.,SUPERSEDED_GENERATED_TEMPLATE,"Generated wrapper asserted behavior or proof without a record-specific actor, trigger, observable result, and failure criterion.",03-HOW-WE-WILL-KEEP-DELETE-AND-CHANGE.md / lines 1870-1870,NOT_APPLICABLE
CAN-LAM-TEST-028,Recorded evidence must demonstrate: Every locked retained requirement extracted from File 1 is Complete with applicable-gate proof.,SUPERSEDED_GENERATED_TEMPLATE,"Generated wrapper asserted behavior or proof without a record-specific actor, trigger, observable result, and failure criterion.",03-HOW-WE-WILL-KEEP-DELETE-AND-CHANGE.md / lines 1884-1884,NOT_APPLICABLE
CAN-LAM-TEST-029,Recorded evidence must demonstrate: Every completed requirement has documented verification proof in Graphify/10-completion-tracker/.,SUPERSEDED_GENERATED_TEMPLATE,"Generated wrapper asserted behavior or proof without a record-specific actor, trigger, observable result, and failure criterion.",03-HOW-WE-WILL-KEEP-DELETE-AND-CHANGE.md / lines 1919-1919,NOT_APPLICABLE
CAN-LAM-TEST-030,Recorded evidence must demonstrate: Test after every meaningful batch.,SUPERSEDED_GENERATED_TEMPLATE,"Generated wrapper asserted behavior or proof without a record-specific actor, trigger, observable result, and failure criterion.",03-HOW-WE-WILL-KEEP-DELETE-AND-CHANGE.md / lines 1931-1931,NOT_APPLICABLE
CAN-LAM-TEST-031,Recorded evidence must demonstrate: Never claim completion without proof.,SUPERSEDED_GENERATED_TEMPLATE,"Generated wrapper asserted behavior or proof without a record-specific actor, trigger, observable result, and failure criterion.",03-HOW-WE-WILL-KEEP-DELETE-AND-CHANGE.md / lines 1935-1935,NOT_APPLICABLE
CAN-LAM-TEST-032,Recorded evidence must demonstrate: Never hide failed tests.,SUPERSEDED_GENERATED_TEMPLATE,"Generated wrapper asserted behavior or proof without a record-specific actor, trigger, observable result, and failure criterion.",03-HOW-WE-WILL-KEEP-DELETE-AND-CHANGE.md / lines 1940-1940,NOT_APPLICABLE
CAN-LAM-TRANSACTION-004,"Lamha must provide Backup, Trash, and rollback copies are excluded from gallery/category scanning.",SUPERSEDED_GENERATED_TEMPLATE,"Generated wrapper asserted behavior or proof without a record-specific actor, trigger, observable result, and failure criterion.",01-EVERYTHING-WE-ARE-KEEPING.md / lines 635-635,NOT_APPLICABLE
CAN-LAM-TRANSACTION-006,The final Lamha desktop runtime must not retain or require Clear warning and rollback messages.,SUPERSEDED_GENERATED_TEMPLATE,"Generated wrapper asserted behavior or proof without a record-specific actor, trigger, observable result, and failure criterion.",01-EVERYTHING-WE-ARE-KEEPING.md / lines 2129-2129,NOT_APPLICABLE
CAN-LAM-TRANSACTION-007,Implementation must honor this constraint: Source section and atomic requirement text.,SUPERSEDED_GENERATED_TEMPLATE,"Generated wrapper asserted behavior or proof without a record-specific actor, trigger, observable result, and failure criterion.",01-EVERYTHING-WE-ARE-KEEPING.md / lines 2251-2251,NOT_APPLICABLE
CAN-LAM-TRANSACTION-008,"Recorded evidence must demonstrate: No legacy subsystem may be removed until its exact dependencies and retained behaviours are mapped, its local replacement is implemented, callers are migrated, applicable tests/build/desktop-launch checks pass, Graphify and Ponytail evidence agree that it is no longer load-bearing, and rollback or immutable baseline evidence exists.",SUPERSEDED_GENERATED_TEMPLATE,"Generated wrapper asserted behavior or proof without a record-specific actor, trigger, observable result, and failure criterion.",02-EVERYTHING-WE-ARE-DELETING.md / lines 55-55,NOT_APPLICABLE
CAN-LAM-TRANSACTION-009,"Recorded evidence must demonstrate: Assigned safe implementation phase: A subsystem may be removed when every file, symbol, caller, consumer, route, import, test, generated binding, build reference, configuration entry, and runtime dependency is mapped; retained behaviour has a working replacement; callers are migrated; focused/regression/build/desktop-launch checks pass; Graphify and Ponytail agree it is no longer load-bearing; baseline/rollback evidence exists; and removal proof is recorded.",SUPERSEDED_GENERATED_TEMPLATE,"Generated wrapper asserted behavior or proof without a record-specific actor, trigger, observable result, and failure criterion.",02-EVERYTHING-WE-ARE-DELETING.md / lines 59-59,NOT_APPLICABLE
CAN-LAM-TRANSACTION-010,The final Lamha desktop runtime must not retain or require source section and atomic deletion text.,SUPERSEDED_GENERATED_TEMPLATE,"Generated wrapper asserted behavior or proof without a record-specific actor, trigger, observable result, and failure criterion.",02-EVERYTHING-WE-ARE-DELETING.md / lines 1034-1034,NOT_APPLICABLE
CAN-LAM-TRANSACTION-011,Implementation must honor this constraint: Durable transaction prepare/commit foundation.,SUPERSEDED_GENERATED_TEMPLATE,"Generated wrapper asserted behavior or proof without a record-specific actor, trigger, observable result, and failure criterion.",03-HOW-WE-WILL-KEEP-DELETE-AND-CHANGE.md / lines 1397-1397,NOT_APPLICABLE
CAN-LAM-TRANSACTION-013,Implementation must honor this constraint: Final pre-removal backup and rollback point.,SUPERSEDED_GENERATED_TEMPLATE,"Generated wrapper asserted behavior or proof without a record-specific actor, trigger, observable result, and failure criterion.",03-HOW-WE-WILL-KEEP-DELETE-AND-CHANGE.md / lines 1557-1557,NOT_APPLICABLE
CAN-LAM-TRASH-001,Lamha must provide LAM-TRASH-001; Trash is reversible bundle staging; permanent deletion is a separate explicit action.,SUPERSEDED_GENERATED_TEMPLATE,"Generated wrapper asserted behavior or proof without a record-specific actor, trigger, observable result, and failure criterion.",03-HOW-WE-WILL-KEEP-DELETE-AND-CHANGE.md / lines 657-657,NOT_APPLICABLE
CAN-LAM-TRASH-005,The final Lamha desktop runtime must not retain or require Automatic Trash purge.,SUPERSEDED_GENERATED_TEMPLATE,"Generated wrapper asserted behavior or proof without a record-specific actor, trigger, observable result, and failure criterion.",02-EVERYTHING-WE-ARE-DELETING.md / lines 815-815,NOT_APPLICABLE
CAN-LAM-TRASH-006,Implementation must honor this constraint: Root-scoped .app-data/trash/.,SUPERSEDED_GENERATED_TEMPLATE,"Generated wrapper asserted behavior or proof without a record-specific actor, trigger, observable result, and failure criterion.",03-HOW-WE-WILL-KEEP-DELETE-AND-CHANGE.md / lines 1525-1525,NOT_APPLICABLE
CAN-LAM-TRASH-007,Recorded evidence must demonstrate: Trash works.,SUPERSEDED_GENERATED_TEMPLATE,"Generated wrapper asserted behavior or proof without a record-specific actor, trigger, observable result, and failure criterion.",03-HOW-WE-WILL-KEEP-DELETE-AND-CHANGE.md / lines 1914-1914,NOT_APPLICABLE
CAN-LAM-UI-002,"Lamha must provide Virtual Smart View (LAM-UI-002): A dynamic, non-physical gallery view generated at runtime by querying SQLite for specific criteria (e.g., People, Groups, Tags, Favorites, Memories). No physical directories are ever created on disk for virtual views.",SUPERSEDED_GENERATED_TEMPLATE,"Generated wrapper asserted behavior or proof without a record-specific actor, trigger, observable result, and failure criterion.",01-EVERYTHING-WE-ARE-KEEPING.md / lines 67-67,NOT_APPLICABLE
CAN-SECTION-0001,The final Lamha desktop runtime must not retain or require synthesized from fragmented clauses in this source section.,SUPERSEDED_GENERATED_TEMPLATE,"Generated wrapper asserted behavior or proof without a record-specific actor, trigger, observable result, and failure criterion.",02-EVERYTHING-WE-ARE-DELETING.md / section aggregate,NOT_APPLICABLE
CAN-SECTION-0002,The final Lamha desktop runtime must not retain or require synthesized from fragmented clauses in this source section.,SUPERSEDED_GENERATED_TEMPLATE,"Generated wrapper asserted behavior or proof without a record-specific actor, trigger, observable result, and failure criterion.",02-EVERYTHING-WE-ARE-DELETING.md / section aggregate,NOT_APPLICABLE
CAN-SECTION-0003,The final Lamha desktop runtime must not retain or require synthesized from fragmented clauses in this source section.,SUPERSEDED_GENERATED_TEMPLATE,"Generated wrapper asserted behavior or proof without a record-specific actor, trigger, observable result, and failure criterion.",02-EVERYTHING-WE-ARE-DELETING.md / section aggregate,NOT_APPLICABLE
CAN-SECTION-0004,The final Lamha desktop runtime must not retain or require synthesized from fragmented clauses in this source section.,SUPERSEDED_GENERATED_TEMPLATE,"Generated wrapper asserted behavior or proof without a record-specific actor, trigger, observable result, and failure criterion.",02-EVERYTHING-WE-ARE-DELETING.md / section aggregate,NOT_APPLICABLE
CAN-SECTION-0005,The final Lamha desktop runtime must not retain or require synthesized from fragmented clauses in this source section.,SUPERSEDED_GENERATED_TEMPLATE,"Generated wrapper asserted behavior or proof without a record-specific actor, trigger, observable result, and failure criterion.",02-EVERYTHING-WE-ARE-DELETING.md / section aggregate,NOT_APPLICABLE
CAN-SECTION-0006,The final Lamha desktop runtime must not retain or require synthesized from fragmented clauses in this source section.,SUPERSEDED_GENERATED_TEMPLATE,"Generated wrapper asserted behavior or proof without a record-specific actor, trigger, observable result, and failure criterion.",02-EVERYTHING-WE-ARE-DELETING.md / section aggregate,NOT_APPLICABLE
CAN-SECTION-0007,The final Lamha desktop runtime must not retain or require synthesized from fragmented clauses in this source section.,SUPERSEDED_GENERATED_TEMPLATE,"Generated wrapper asserted behavior or proof without a record-specific actor, trigger, observable result, and failure criterion.",02-EVERYTHING-WE-ARE-DELETING.md / section aggregate,NOT_APPLICABLE
CAN-SECTION-0008,The final Lamha desktop runtime must not retain or require synthesized from fragmented clauses in this source section.,SUPERSEDED_GENERATED_TEMPLATE,"Generated wrapper asserted behavior or proof without a record-specific actor, trigger, observable result, and failure criterion.",02-EVERYTHING-WE-ARE-DELETING.md / section aggregate,NOT_APPLICABLE
CAN-SECTION-0009,The final Lamha desktop runtime must not retain or require synthesized from fragmented clauses in this source section.,SUPERSEDED_GENERATED_TEMPLATE,"Generated wrapper asserted behavior or proof without a record-specific actor, trigger, observable result, and failure criterion.",02-EVERYTHING-WE-ARE-DELETING.md / section aggregate,NOT_APPLICABLE
CAN-SECTION-0010,The final Lamha desktop runtime must not retain or require synthesized from fragmented clauses in this source section.,SUPERSEDED_GENERATED_TEMPLATE,"Generated wrapper asserted behavior or proof without a record-specific actor, trigger, observable result, and failure criterion.",02-EVERYTHING-WE-ARE-DELETING.md / section aggregate,NOT_APPLICABLE
CAN-SECTION-0011,The final Lamha desktop runtime must not retain or require synthesized from fragmented clauses in this source section.,SUPERSEDED_GENERATED_TEMPLATE,"Generated wrapper asserted behavior or proof without a record-specific actor, trigger, observable result, and failure criterion.",02-EVERYTHING-WE-ARE-DELETING.md / section aggregate,NOT_APPLICABLE
CAN-SECTION-0012,The final Lamha desktop runtime must not retain or require synthesized from fragmented clauses in this source section.,SUPERSEDED_GENERATED_TEMPLATE,"Generated wrapper asserted behavior or proof without a record-specific actor, trigger, observable result, and failure criterion.",02-EVERYTHING-WE-ARE-DELETING.md / section aggregate,NOT_APPLICABLE
CAN-SECTION-0013,Lamha must implement the 2.1 Local-first operation behavior for Search and OCR and satisfy every linked acceptance criterion.,SUPERSEDED_GENERATED_TEMPLATE,"Generated wrapper asserted behavior or proof without a record-specific actor, trigger, observable result, and failure criterion.",01-EVERYTHING-WE-ARE-KEEPING.md / section aggregate,NOT_APPLICABLE
CAN-SECTION-0014,Lamha must implement the 2.5 Review before final acceptance behavior for Search and OCR and satisfy every linked acceptance criterion.,SUPERSEDED_GENERATED_TEMPLATE,"Generated wrapper asserted behavior or proof without a record-specific actor, trigger, observable result, and failure criterion.",01-EVERYTHING-WE-ARE-KEEPING.md / section aggregate,NOT_APPLICABLE
CAN-SECTION-0015,Lamha must implement the 2.5 Review before final acceptance behavior for Review Centre and satisfy every linked acceptance criterion.,SUPERSEDED_GENERATED_TEMPLATE,"Generated wrapper asserted behavior or proof without a record-specific actor, trigger, observable result, and failure criterion.",01-EVERYTHING-WE-ARE-KEEPING.md / section aggregate,NOT_APPLICABLE
CAN-SECTION-0016,Lamha must implement the 12. Groups and Subgroups behavior for People and faces and satisfy every linked acceptance criterion.,SUPERSEDED_GENERATED_TEMPLATE,"Generated wrapper asserted behavior or proof without a record-specific actor, trigger, observable result, and failure criterion.",01-EVERYTHING-WE-ARE-KEEPING.md / section aggregate,NOT_APPLICABLE
CAN-SECTION-0017,Lamha must implement the 19. Metadata Storage behavior for Metadata and satisfy every linked acceptance criterion.,SUPERSEDED_GENERATED_TEMPLATE,"Generated wrapper asserted behavior or proof without a record-specific actor, trigger, observable result, and failure criterion.",01-EVERYTHING-WE-ARE-KEEPING.md / section aggregate,NOT_APPLICABLE
CAN-SECTION-0018,Lamha must implement the 20.6 Inspector capabilities behavior for Local AI worker and satisfy every linked acceptance criterion.,SUPERSEDED_GENERATED_TEMPLATE,"Generated wrapper asserted behavior or proof without a record-specific actor, trigger, observable result, and failure criterion.",01-EVERYTHING-WE-ARE-KEEPING.md / section aggregate,NOT_APPLICABLE
CAN-SECTION-0019,Lamha must implement the 21. Search behavior for Search and OCR and satisfy every linked acceptance criterion.,SUPERSEDED_GENERATED_TEMPLATE,"Generated wrapper asserted behavior or proof without a record-specific actor, trigger, observable result, and failure criterion.",01-EVERYTHING-WE-ARE-KEEPING.md / section aggregate,NOT_APPLICABLE
CAN-SECTION-0020,Lamha must implement the 22. Local AI behavior for Jobs and notifications and satisfy every linked acceptance criterion.,SUPERSEDED_GENERATED_TEMPLATE,"Generated wrapper asserted behavior or proof without a record-specific actor, trigger, observable result, and failure criterion.",01-EVERYTHING-WE-ARE-KEEPING.md / section aggregate,NOT_APPLICABLE
CAN-SECTION-0021,Lamha must implement the 22.3 Processing state behavior for Local AI worker and satisfy every linked acceptance criterion.,SUPERSEDED_GENERATED_TEMPLATE,"Generated wrapper asserted behavior or proof without a record-specific actor, trigger, observable result, and failure criterion.",01-EVERYTHING-WE-ARE-KEEPING.md / section aggregate,NOT_APPLICABLE
CAN-SECTION-0022,Lamha must implement the 25. Duplicate Management behavior for Duplicates and satisfy every linked acceptance criterion.,SUPERSEDED_GENERATED_TEMPLATE,"Generated wrapper asserted behavior or proof without a record-specific actor, trigger, observable result, and failure criterion.",01-EVERYTHING-WE-ARE-KEEPING.md / section aggregate,NOT_APPLICABLE
CAN-SECTION-0023,Lamha must implement the 30.4 Face and AI privacy behavior for Metadata and satisfy every linked acceptance criterion.,SUPERSEDED_GENERATED_TEMPLATE,"Generated wrapper asserted behavior or proof without a record-specific actor, trigger, observable result, and failure criterion.",01-EVERYTHING-WE-ARE-KEEPING.md / section aggregate,NOT_APPLICABLE
CAN-SECTION-0024,Lamha must implement the originals behavior for Review Centre and satisfy every linked acceptance criterion.,SUPERSEDED_GENERATED_TEMPLATE,"Generated wrapper asserted behavior or proof without a record-specific actor, trigger, observable result, and failure criterion.",01-EVERYTHING-WE-ARE-KEEPING.md / section aggregate,NOT_APPLICABLE
CAN-SECTION-0025,Lamha must implement the originals behavior for Search and OCR and satisfy every linked acceptance criterion.,SUPERSEDED_GENERATED_TEMPLATE,"Generated wrapper asserted behavior or proof without a record-specific actor, trigger, observable result, and failure criterion.",01-EVERYTHING-WE-ARE-KEEPING.md / section aggregate,NOT_APPLICABLE
CAN-SECTION-0026,Lamha must implement the 36. Target Local Architecture We Are Keeping behavior for Local AI worker and satisfy every linked acceptance criterion.,SUPERSEDED_GENERATED_TEMPLATE,"Generated wrapper asserted behavior or proof without a record-specific actor, trigger, observable result, and failure criterion.",01-EVERYTHING-WE-ARE-KEEPING.md / section aggregate,NOT_APPLICABLE
CAN-SECTION-0027,Lamha must implement the 39. Required Legal and Attribution Material We Are Keeping behavior for Local AI worker and satisfy every linked acceptance criterion.,SUPERSEDED_GENERATED_TEMPLATE,"Generated wrapper asserted behavior or proof without a record-specific actor, trigger, observable result, and failure criterion.",01-EVERYTHING-WE-ARE-KEEPING.md / section aggregate,NOT_APPLICABLE
CAN-SECTION-0028,Lamha must implement the 26. Risk Management behavior for Local AI worker and satisfy every linked acceptance criterion.,SUPERSEDED_GENERATED_TEMPLATE,"Generated wrapper asserted behavior or proof without a record-specific actor, trigger, observable result, and failure criterion.",03-HOW-WE-WILL-KEEP-DELETE-AND-CHANGE.md / section aggregate,NOT_APPLICABLE
CAN-SECTION-0029,Lamha must implement the 27. Legal and Rebranding Method behavior for Local AI worker and satisfy every linked acceptance criterion.,SUPERSEDED_GENERATED_TEMPLATE,"Generated wrapper asserted behavior or proof without a record-specific actor, trigger, observable result, and failure criterion.",03-HOW-WE-WILL-KEEP-DELETE-AND-CHANGE.md / section aggregate,NOT_APPLICABLE
CAN-SECTION-0030,Lamha must implement the Authoritative Master Plan File 1 of 3 behavior for Legal and rebranding and satisfy every linked acceptance criterion.,SUPERSEDED_GENERATED_TEMPLATE,"Generated wrapper asserted behavior or proof without a record-specific actor, trigger, observable result, and failure criterion.",01-EVERYTHING-WE-ARE-KEEPING.md / section aggregate,NOT_APPLICABLE
CAN-SECTION-0031,Lamha must implement the 2.1 Local-first operation behavior for Duplicates and satisfy every linked acceptance criterion.,SUPERSEDED_GENERATED_TEMPLATE,"Generated wrapper asserted behavior or proof without a record-specific actor, trigger, observable result, and failure criterion.",01-EVERYTHING-WE-ARE-KEEPING.md / section aggregate,NOT_APPLICABLE
CAN-SECTION-0032,Lamha must implement the 2.1 Local-first operation behavior for Tags and satisfy every linked acceptance criterion.,SUPERSEDED_GENERATED_TEMPLATE,"Generated wrapper asserted behavior or proof without a record-specific actor, trigger, observable result, and failure criterion.",01-EVERYTHING-WE-ARE-KEEPING.md / section aggregate,NOT_APPLICABLE
CAN-SECTION-0033,Lamha must implement the 2.1 Local-first operation behavior for Map and location and satisfy every linked acceptance criterion.,SUPERSEDED_GENERATED_TEMPLATE,"Generated wrapper asserted behavior or proof without a record-specific actor, trigger, observable result, and failure criterion.",01-EVERYTHING-WE-ARE-KEEPING.md / section aggregate,NOT_APPLICABLE
CAN-SECTION-0034,Lamha must implement the 2.1 Local-first operation behavior for Albums and favorites and satisfy every linked acceptance criterion.,SUPERSEDED_GENERATED_TEMPLATE,"Generated wrapper asserted behavior or proof without a record-specific actor, trigger, observable result, and failure criterion.",01-EVERYTHING-WE-ARE-KEEPING.md / section aggregate,NOT_APPLICABLE
CAN-SECTION-0035,Lamha must implement the 2.1 Local-first operation behavior for Gallery and timeline and satisfy every linked acceptance criterion.,SUPERSEDED_GENERATED_TEMPLATE,"Generated wrapper asserted behavior or proof without a record-specific actor, trigger, observable result, and failure criterion.",01-EVERYTHING-WE-ARE-KEEPING.md / section aggregate,NOT_APPLICABLE
CAN-SECTION-0036,Lamha must implement the 2.1 Local-first operation behavior for Memories and satisfy every linked acceptance criterion.,SUPERSEDED_GENERATED_TEMPLATE,"Generated wrapper asserted behavior or proof without a record-specific actor, trigger, observable result, and failure criterion.",01-EVERYTHING-WE-ARE-KEEPING.md / section aggregate,NOT_APPLICABLE
CAN-SECTION-0037,Lamha must implement the 2.1 Local-first operation behavior for Jobs and notifications and satisfy every linked acceptance criterion.,SUPERSEDED_GENERATED_TEMPLATE,"Generated wrapper asserted behavior or proof without a record-specific actor, trigger, observable result, and failure criterion.",01-EVERYTHING-WE-ARE-KEEPING.md / section aggregate,NOT_APPLICABLE
CAN-SECTION-0038,Lamha must implement the 2.2 Single physical media copy behavior for Map and location and satisfy every linked acceptance criterion.,SUPERSEDED_GENERATED_TEMPLATE,"Generated wrapper asserted behavior or proof without a record-specific actor, trigger, observable result, and failure criterion.",01-EVERYTHING-WE-ARE-KEEPING.md / section aggregate,NOT_APPLICABLE
CAN-SECTION-0039,Lamha must implement the 2.3 Event-first physical organization behavior for Map and location and satisfy every linked acceptance criterion.,SUPERSEDED_GENERATED_TEMPLATE,"Generated wrapper asserted behavior or proof without a record-specific actor, trigger, observable result, and failure criterion.",01-EVERYTHING-WE-ARE-KEEPING.md / section aggregate,NOT_APPLICABLE
CAN-SECTION-0040,Lamha must implement the 2.3 Event-first physical organization behavior for Events and organization and satisfy every linked acceptance criterion.,SUPERSEDED_GENERATED_TEMPLATE,"Generated wrapper asserted behavior or proof without a record-specific actor, trigger, observable result, and failure criterion.",01-EVERYTHING-WE-ARE-KEEPING.md / section aggregate,NOT_APPLICABLE
CAN-SECTION-0041,Lamha must implement the 2.4 Transparent and recoverable metadata behavior for Metadata and satisfy every linked acceptance criterion.,SUPERSEDED_GENERATED_TEMPLATE,"Generated wrapper asserted behavior or proof without a record-specific actor, trigger, observable result, and failure criterion.",01-EVERYTHING-WE-ARE-KEEPING.md / section aggregate,NOT_APPLICABLE
CAN-SECTION-0042,Lamha must implement the 2.5 Review before final acceptance behavior for Tags and satisfy every linked acceptance criterion.,SUPERSEDED_GENERATED_TEMPLATE,"Generated wrapper asserted behavior or proof without a record-specific actor, trigger, observable result, and failure criterion.",01-EVERYTHING-WE-ARE-KEEPING.md / section aggregate,NOT_APPLICABLE
CAN-SECTION-0043,Lamha must implement the 2.5 Review before final acceptance behavior for Duplicates and satisfy every linked acceptance criterion.,SUPERSEDED_GENERATED_TEMPLATE,"Generated wrapper asserted behavior or proof without a record-specific actor, trigger, observable result, and failure criterion.",01-EVERYTHING-WE-ARE-KEEPING.md / section aggregate,NOT_APPLICABLE
CAN-SECTION-0044,Lamha must implement the 2.5 Review before final acceptance behavior for Map and location and satisfy every linked acceptance criterion.,SUPERSEDED_GENERATED_TEMPLATE,"Generated wrapper asserted behavior or proof without a record-specific actor, trigger, observable result, and failure criterion.",01-EVERYTHING-WE-ARE-KEEPING.md / section aggregate,NOT_APPLICABLE
CAN-SECTION-0045,Lamha must implement the 2.6 Non-destructive defaults behavior for Events and organization and satisfy every linked acceptance criterion.,SUPERSEDED_GENERATED_TEMPLATE,"Generated wrapper asserted behavior or proof without a record-specific actor, trigger, observable result, and failure criterion.",01-EVERYTHING-WE-ARE-KEEPING.md / section aggregate,NOT_APPLICABLE
CAN-SECTION-0046,Lamha must implement the 4. Manage Later behavior for Metadata and satisfy every linked acceptance criterion.,SUPERSEDED_GENERATED_TEMPLATE,"Generated wrapper asserted behavior or proof without a record-specific actor, trigger, observable result, and failure criterion.",01-EVERYTHING-WE-ARE-KEEPING.md / section aggregate,NOT_APPLICABLE
CAN-SECTION-0047,Lamha must implement the 4. Manage Later behavior for Events and organization and satisfy every linked acceptance criterion.,SUPERSEDED_GENERATED_TEMPLATE,"Generated wrapper asserted behavior or proof without a record-specific actor, trigger, observable result, and failure criterion.",01-EVERYTHING-WE-ARE-KEEPING.md / section aggregate,NOT_APPLICABLE
CAN-SECTION-0048,Lamha must implement the 5. Asset Bundle Standard behavior for Asset viewer and satisfy every linked acceptance criterion.,SUPERSEDED_GENERATED_TEMPLATE,"Generated wrapper asserted behavior or proof without a record-specific actor, trigger, observable result, and failure criterion.",01-EVERYTHING-WE-ARE-KEEPING.md / section aggregate,NOT_APPLICABLE
CAN-SECTION-0049,Lamha must implement the 6. Gallery and Timeline behavior for Gallery and timeline and satisfy every linked acceptance criterion.,SUPERSEDED_GENERATED_TEMPLATE,"Generated wrapper asserted behavior or proof without a record-specific actor, trigger, observable result, and failure criterion.",01-EVERYTHING-WE-ARE-KEEPING.md / section aggregate,NOT_APPLICABLE
CAN-SECTION-0050,Lamha must implement the 7. Asset Viewer behavior for Asset viewer and satisfy every linked acceptance criterion.,SUPERSEDED_GENERATED_TEMPLATE,"Generated wrapper asserted behavior or proof without a record-specific actor, trigger, observable result, and failure criterion.",01-EVERYTHING-WE-ARE-KEEPING.md / section aggregate,NOT_APPLICABLE
CAN-SECTION-0051,Lamha must implement the 8. Local Library Scanning behavior for Libraries and storage and satisfy every linked acceptance criterion.,SUPERSEDED_GENERATED_TEMPLATE,"Generated wrapper asserted behavior or proof without a record-specific actor, trigger, observable result, and failure criterion.",01-EVERYTHING-WE-ARE-KEEPING.md / section aggregate,NOT_APPLICABLE
CAN-SECTION-0052,Lamha must implement the 8. Local Library Scanning behavior for Duplicates and satisfy every linked acceptance criterion.,SUPERSEDED_GENERATED_TEMPLATE,"Generated wrapper asserted behavior or proof without a record-specific actor, trigger, observable result, and failure criterion.",01-EVERYTHING-WE-ARE-KEEPING.md / section aggregate,NOT_APPLICABLE
CAN-SECTION-0053,Lamha must implement the 8. Local Library Scanning behavior for Metadata and satisfy every linked acceptance criterion.,SUPERSEDED_GENERATED_TEMPLATE,"Generated wrapper asserted behavior or proof without a record-specific actor, trigger, observable result, and failure criterion.",01-EVERYTHING-WE-ARE-KEEPING.md / section aggregate,NOT_APPLICABLE
CAN-SECTION-0054,Lamha must implement the 9. Event System behavior for Events and organization and satisfy every linked acceptance criterion.,SUPERSEDED_GENERATED_TEMPLATE,"Generated wrapper asserted behavior or proof without a record-specific actor, trigger, observable result, and failure criterion.",01-EVERYTHING-WE-ARE-KEEPING.md / section aggregate,NOT_APPLICABLE
CAN-SECTION-0055,Lamha must implement the 9.1 Manual event creation behavior for Events and organization and satisfy every linked acceptance criterion.,SUPERSEDED_GENERATED_TEMPLATE,"Generated wrapper asserted behavior or proof without a record-specific actor, trigger, observable result, and failure criterion.",01-EVERYTHING-WE-ARE-KEEPING.md / section aggregate,NOT_APPLICABLE
CAN-SECTION-0056,Lamha must implement the 9.1 Manual event creation behavior for Map and location and satisfy every linked acceptance criterion.,SUPERSEDED_GENERATED_TEMPLATE,"Generated wrapper asserted behavior or proof without a record-specific actor, trigger, observable result, and failure criterion.",01-EVERYTHING-WE-ARE-KEEPING.md / section aggregate,NOT_APPLICABLE
CAN-SECTION-0057,Lamha must implement the 10.2 Face corrections behavior for People and faces and satisfy every linked acceptance criterion.,SUPERSEDED_GENERATED_TEMPLATE,"Generated wrapper asserted behavior or proof without a record-specific actor, trigger, observable result, and failure criterion.",01-EVERYTHING-WE-ARE-KEEPING.md / section aggregate,NOT_APPLICABLE
CAN-SECTION-0058,Lamha must implement the 11. People behavior for People and faces and satisfy every linked acceptance criterion.,SUPERSEDED_GENERATED_TEMPLATE,"Generated wrapper asserted behavior or proof without a record-specific actor, trigger, observable result, and failure criterion.",01-EVERYTHING-WE-ARE-KEEPING.md / section aggregate,NOT_APPLICABLE
CAN-SECTION-0059,Lamha must implement the 12.1 Canonical group name behavior for People and faces and satisfy every linked acceptance criterion.,SUPERSEDED_GENERATED_TEMPLATE,"Generated wrapper asserted behavior or proof without a record-specific actor, trigger, observable result, and failure criterion.",01-EVERYTHING-WE-ARE-KEEPING.md / section aggregate,NOT_APPLICABLE
CAN-SECTION-0060,Lamha must implement the 13.2 Relationships behavior for People and faces and satisfy every linked acceptance criterion.,SUPERSEDED_GENERATED_TEMPLATE,"Generated wrapper asserted behavior or proof without a record-specific actor, trigger, observable result, and failure criterion.",01-EVERYTHING-WE-ARE-KEEPING.md / section aggregate,NOT_APPLICABLE
CAN-SECTION-0061,Lamha must implement the 13.3 Sure relationship changes behavior for People and faces and satisfy every linked acceptance criterion.,SUPERSEDED_GENERATED_TEMPLATE,"Generated wrapper asserted behavior or proof without a record-specific actor, trigger, observable result, and failure criterion.",01-EVERYTHING-WE-ARE-KEEPING.md / section aggregate,NOT_APPLICABLE
CAN-SECTION-0062,Lamha must implement the 14.2 Draft / Safe mode behavior for Jobs and notifications and satisfy every linked acceptance criterion.,SUPERSEDED_GENERATED_TEMPLATE,"Generated wrapper asserted behavior or proof without a record-specific actor, trigger, observable result, and failure criterion.",01-EVERYTHING-WE-ARE-KEEPING.md / section aggregate,NOT_APPLICABLE
CAN-SECTION-0063,Lamha must implement the 14.3 Materialization behavior for Metadata and satisfy every linked acceptance criterion.,SUPERSEDED_GENERATED_TEMPLATE,"Generated wrapper asserted behavior or proof without a record-specific actor, trigger, observable result, and failure criterion.",01-EVERYTHING-WE-ARE-KEEPING.md / section aggregate,NOT_APPLICABLE
CAN-SECTION-0064,Lamha must implement the 14.4 Dragging existing folders behavior for Libraries and storage and satisfy every linked acceptance criterion.,SUPERSEDED_GENERATED_TEMPLATE,"Generated wrapper asserted behavior or proof without a record-specific actor, trigger, observable result, and failure criterion.",01-EVERYTHING-WE-ARE-KEEPING.md / section aggregate,NOT_APPLICABLE
CAN-SECTION-0065,Lamha must implement the 14.5 Folder blocks behavior for Libraries and storage and satisfy every linked acceptance criterion.,SUPERSEDED_GENERATED_TEMPLATE,"Generated wrapper asserted behavior or proof without a record-specific actor, trigger, observable result, and failure criterion.",01-EVERYTHING-WE-ARE-KEEPING.md / section aggregate,NOT_APPLICABLE
CAN-SECTION-0066,Lamha must implement the 14.6 Backdrop events behavior for Events and organization and satisfy every linked acceptance criterion.,SUPERSEDED_GENERATED_TEMPLATE,"Generated wrapper asserted behavior or proof without a record-specific actor, trigger, observable result, and failure criterion.",01-EVERYTHING-WE-ARE-KEEPING.md / section aggregate,NOT_APPLICABLE
CAN-SECTION-0067,Lamha must implement the 15. Tag System behavior for Tags and satisfy every linked acceptance criterion.,SUPERSEDED_GENERATED_TEMPLATE,"Generated wrapper asserted behavior or proof without a record-specific actor, trigger, observable result, and failure criterion.",01-EVERYTHING-WE-ARE-KEEPING.md / section aggregate,NOT_APPLICABLE
CAN-SECTION-0068,Lamha must implement the 15.3 Review states behavior for Tags and satisfy every linked acceptance criterion.,SUPERSEDED_GENERATED_TEMPLATE,"Generated wrapper asserted behavior or proof without a record-specific actor, trigger, observable result, and failure criterion.",01-EVERYTHING-WE-ARE-KEEPING.md / section aggregate,NOT_APPLICABLE
CAN-SECTION-0069,Lamha must implement the 15.3 Review states behavior for Review Centre and satisfy every linked acceptance criterion.,SUPERSEDED_GENERATED_TEMPLATE,"Generated wrapper asserted behavior or proof without a record-specific actor, trigger, observable result, and failure criterion.",01-EVERYTHING-WE-ARE-KEEPING.md / section aggregate,NOT_APPLICABLE
CAN-SECTION-0070,"Lamha must implement the 17. Photographer, Camera Owner, and Importer behavior for Metadata and satisfy every linked acceptance criterion.",SUPERSEDED_GENERATED_TEMPLATE,"Generated wrapper asserted behavior or proof without a record-specific actor, trigger, observable result, and failure criterion.",01-EVERYTHING-WE-ARE-KEEPING.md / section aggregate,NOT_APPLICABLE
CAN-SECTION-0071,Lamha must implement the 20.6 Inspector capabilities behavior for Review Centre and satisfy every linked acceptance criterion.,SUPERSEDED_GENERATED_TEMPLATE,"Generated wrapper asserted behavior or proof without a record-specific actor, trigger, observable result, and failure criterion.",01-EVERYTHING-WE-ARE-KEEPING.md / section aggregate,NOT_APPLICABLE
CAN-SECTION-0072,Lamha must implement the 20.6 Inspector capabilities behavior for Metadata and satisfy every linked acceptance criterion.,SUPERSEDED_GENERATED_TEMPLATE,"Generated wrapper asserted behavior or proof without a record-specific actor, trigger, observable result, and failure criterion.",01-EVERYTHING-WE-ARE-KEEPING.md / section aggregate,NOT_APPLICABLE
CAN-SECTION-0073,Lamha must implement the 20.6 Inspector capabilities behavior for Editing and satisfy every linked acceptance criterion.,SUPERSEDED_GENERATED_TEMPLATE,"Generated wrapper asserted behavior or proof without a record-specific actor, trigger, observable result, and failure criterion.",01-EVERYTHING-WE-ARE-KEEPING.md / section aggregate,NOT_APPLICABLE
CAN-SECTION-0074,Lamha must implement the 21. Search behavior for Metadata and satisfy every linked acceptance criterion.,SUPERSEDED_GENERATED_TEMPLATE,"Generated wrapper asserted behavior or proof without a record-specific actor, trigger, observable result, and failure criterion.",01-EVERYTHING-WE-ARE-KEEPING.md / section aggregate,NOT_APPLICABLE
CAN-SECTION-0075,Lamha must implement the 22. Local AI behavior for Local AI worker and satisfy every linked acceptance criterion.,SUPERSEDED_GENERATED_TEMPLATE,"Generated wrapper asserted behavior or proof without a record-specific actor, trigger, observable result, and failure criterion.",01-EVERYTHING-WE-ARE-KEEPING.md / section aggregate,NOT_APPLICABLE
CAN-SECTION-0076,Lamha must implement the 22. Local AI behavior for Search and OCR and satisfy every linked acceptance criterion.,SUPERSEDED_GENERATED_TEMPLATE,"Generated wrapper asserted behavior or proof without a record-specific actor, trigger, observable result, and failure criterion.",01-EVERYTHING-WE-ARE-KEEPING.md / section aggregate,NOT_APPLICABLE
CAN-SECTION-0077,Lamha must implement the 22. Local AI behavior for Map and location and satisfy every linked acceptance criterion.,SUPERSEDED_GENERATED_TEMPLATE,"Generated wrapper asserted behavior or proof without a record-specific actor, trigger, observable result, and failure criterion.",01-EVERYTHING-WE-ARE-KEEPING.md / section aggregate,NOT_APPLICABLE
CAN-SECTION-0078,Lamha must implement the 22.1 Hardware assessment behavior for Local AI worker and satisfy every linked acceptance criterion.,SUPERSEDED_GENERATED_TEMPLATE,"Generated wrapper asserted behavior or proof without a record-specific actor, trigger, observable result, and failure criterion.",01-EVERYTHING-WE-ARE-KEEPING.md / section aggregate,NOT_APPLICABLE
CAN-SECTION-0079,Lamha must implement the 22.3 Processing state behavior for Duplicates and satisfy every linked acceptance criterion.,SUPERSEDED_GENERATED_TEMPLATE,"Generated wrapper asserted behavior or proof without a record-specific actor, trigger, observable result, and failure criterion.",01-EVERYTHING-WE-ARE-KEEPING.md / section aggregate,NOT_APPLICABLE
CAN-SECTION-0080,Lamha must implement the 22.4 AI data control behavior for Search and OCR and satisfy every linked acceptance criterion.,SUPERSEDED_GENERATED_TEMPLATE,"Generated wrapper asserted behavior or proof without a record-specific actor, trigger, observable result, and failure criterion.",01-EVERYTHING-WE-ARE-KEEPING.md / section aggregate,NOT_APPLICABLE
CAN-SECTION-0081,Lamha must implement the 22.4 AI data control behavior for Local AI worker and satisfy every linked acceptance criterion.,SUPERSEDED_GENERATED_TEMPLATE,"Generated wrapper asserted behavior or proof without a record-specific actor, trigger, observable result, and failure criterion.",01-EVERYTHING-WE-ARE-KEEPING.md / section aggregate,NOT_APPLICABLE
CAN-SECTION-0082,Lamha must implement the Albums behavior for Albums and favorites and satisfy every linked acceptance criterion.,SUPERSEDED_GENERATED_TEMPLATE,"Generated wrapper asserted behavior or proof without a record-specific actor, trigger, observable result, and failure criterion.",01-EVERYTHING-WE-ARE-KEEPING.md / section aggregate,NOT_APPLICABLE
CAN-SECTION-0083,Lamha must implement the Favorites behavior for Gallery and timeline and satisfy every linked acceptance criterion.,SUPERSEDED_GENERATED_TEMPLATE,"Generated wrapper asserted behavior or proof without a record-specific actor, trigger, observable result, and failure criterion.",01-EVERYTHING-WE-ARE-KEEPING.md / section aggregate,NOT_APPLICABLE
CAN-SECTION-0084,Lamha must implement the Favorites behavior for Metadata and satisfy every linked acceptance criterion.,SUPERSEDED_GENERATED_TEMPLATE,"Generated wrapper asserted behavior or proof without a record-specific actor, trigger, observable result, and failure criterion.",01-EVERYTHING-WE-ARE-KEEPING.md / section aggregate,NOT_APPLICABLE
CAN-SECTION-0085,Lamha must implement the Memories behavior for Memories and satisfy every linked acceptance criterion.,SUPERSEDED_GENERATED_TEMPLATE,"Generated wrapper asserted behavior or proof without a record-specific actor, trigger, observable result, and failure criterion.",01-EVERYTHING-WE-ARE-KEEPING.md / section aggregate,NOT_APPLICABLE
CAN-SECTION-0086,Lamha must implement the Memories behavior for Albums and favorites and satisfy every linked acceptance criterion.,SUPERSEDED_GENERATED_TEMPLATE,"Generated wrapper asserted behavior or proof without a record-specific actor, trigger, observable result, and failure criterion.",01-EVERYTHING-WE-ARE-KEEPING.md / section aggregate,NOT_APPLICABLE
CAN-SECTION-0087,Lamha must implement the 24. Map and Location behavior for Map and location and satisfy every linked acceptance criterion.,SUPERSEDED_GENERATED_TEMPLATE,"Generated wrapper asserted behavior or proof without a record-specific actor, trigger, observable result, and failure criterion.",01-EVERYTHING-WE-ARE-KEEPING.md / section aggregate,NOT_APPLICABLE
CAN-SECTION-0088,Lamha must implement the 25. Duplicate Management behavior for Albums and favorites and satisfy every linked acceptance criterion.,SUPERSEDED_GENERATED_TEMPLATE,"Generated wrapper asserted behavior or proof without a record-specific actor, trigger, observable result, and failure criterion.",01-EVERYTHING-WE-ARE-KEEPING.md / section aggregate,NOT_APPLICABLE
CAN-SECTION-0089,Lamha must implement the 25. Duplicate Management behavior for Tags and satisfy every linked acceptance criterion.,SUPERSEDED_GENERATED_TEMPLATE,"Generated wrapper asserted behavior or proof without a record-specific actor, trigger, observable result, and failure criterion.",01-EVERYTHING-WE-ARE-KEEPING.md / section aggregate,NOT_APPLICABLE
CAN-SECTION-0090,Lamha must implement the 27. Review Centre behavior for Jobs and notifications and satisfy every linked acceptance criterion.,SUPERSEDED_GENERATED_TEMPLATE,"Generated wrapper asserted behavior or proof without a record-specific actor, trigger, observable result, and failure criterion.",01-EVERYTHING-WE-ARE-KEEPING.md / section aggregate,NOT_APPLICABLE
CAN-SECTION-0091,Lamha must implement the 27. Review Centre behavior for Review Centre and satisfy every linked acceptance criterion.,SUPERSEDED_GENERATED_TEMPLATE,"Generated wrapper asserted behavior or proof without a record-specific actor, trigger, observable result, and failure criterion.",01-EVERYTHING-WE-ARE-KEEPING.md / section aggregate,NOT_APPLICABLE
CAN-SECTION-0092,Lamha must implement the 28. File and Folder Management behavior for Libraries and storage and satisfy every linked acceptance criterion.,SUPERSEDED_GENERATED_TEMPLATE,"Generated wrapper asserted behavior or proof without a record-specific actor, trigger, observable result, and failure criterion.",01-EVERYTHING-WE-ARE-KEEPING.md / section aggregate,NOT_APPLICABLE
CAN-SECTION-0093,Lamha must implement the 28. File and Folder Management behavior for Duplicates and satisfy every linked acceptance criterion.,SUPERSEDED_GENERATED_TEMPLATE,"Generated wrapper asserted behavior or proof without a record-specific actor, trigger, observable result, and failure criterion.",01-EVERYTHING-WE-ARE-KEEPING.md / section aggregate,NOT_APPLICABLE
CAN-SECTION-0094,Lamha must implement the 28. File and Folder Management behavior for Metadata and satisfy every linked acceptance criterion.,SUPERSEDED_GENERATED_TEMPLATE,"Generated wrapper asserted behavior or proof without a record-specific actor, trigger, observable result, and failure criterion.",01-EVERYTHING-WE-ARE-KEEPING.md / section aggregate,NOT_APPLICABLE
CAN-SECTION-0095,Lamha must implement the 29. Consistency Detection behavior for Duplicates and satisfy every linked acceptance criterion.,SUPERSEDED_GENERATED_TEMPLATE,"Generated wrapper asserted behavior or proof without a record-specific actor, trigger, observable result, and failure criterion.",01-EVERYTHING-WE-ARE-KEEPING.md / section aggregate,NOT_APPLICABLE
CAN-SECTION-0096,Lamha must implement the 29. Consistency Detection behavior for Metadata and satisfy every linked acceptance criterion.,SUPERSEDED_GENERATED_TEMPLATE,"Generated wrapper asserted behavior or proof without a record-specific actor, trigger, observable result, and failure criterion.",01-EVERYTHING-WE-ARE-KEEPING.md / section aggregate,NOT_APPLICABLE
CAN-SECTION-0097,Lamha must implement the 30.2 Remove embedded metadata behavior for Metadata and satisfy every linked acceptance criterion.,SUPERSEDED_GENERATED_TEMPLATE,"Generated wrapper asserted behavior or proof without a record-specific actor, trigger, observable result, and failure criterion.",01-EVERYTHING-WE-ARE-KEEPING.md / section aggregate,NOT_APPLICABLE
CAN-SECTION-0098,Lamha must implement the originals behavior for Map and location and satisfy every linked acceptance criterion.,SUPERSEDED_GENERATED_TEMPLATE,"Generated wrapper asserted behavior or proof without a record-specific actor, trigger, observable result, and failure criterion.",01-EVERYTHING-WE-ARE-KEEPING.md / section aggregate,NOT_APPLICABLE
CAN-SECTION-0099,Lamha must implement the originals behavior for Settings and satisfy every linked acceptance criterion.,SUPERSEDED_GENERATED_TEMPLATE,"Generated wrapper asserted behavior or proof without a record-specific actor, trigger, observable result, and failure criterion.",01-EVERYTHING-WE-ARE-KEEPING.md / section aggregate,NOT_APPLICABLE
CAN-SECTION-0100,Lamha must implement the 32. Trash behavior for Local data authority and satisfy every linked acceptance criterion.,SUPERSEDED_GENERATED_TEMPLATE,"Generated wrapper asserted behavior or proof without a record-specific actor, trigger, observable result, and failure criterion.",01-EVERYTHING-WE-ARE-KEEPING.md / section aggregate,NOT_APPLICABLE
CAN-SECTION-0101,Lamha must implement the 33. External Filesystem and Drive Behaviour behavior for Libraries and storage and satisfy every linked acceptance criterion.,SUPERSEDED_GENERATED_TEMPLATE,"Generated wrapper asserted behavior or proof without a record-specific actor, trigger, observable result, and failure criterion.",01-EVERYTHING-WE-ARE-KEEPING.md / section aggregate,NOT_APPLICABLE
CAN-SECTION-0102,Lamha must implement the 33. External Filesystem and Drive Behaviour behavior for Metadata and satisfy every linked acceptance criterion.,SUPERSEDED_GENERATED_TEMPLATE,"Generated wrapper asserted behavior or proof without a record-specific actor, trigger, observable result, and failure criterion.",01-EVERYTHING-WE-ARE-KEEPING.md / section aggregate,NOT_APPLICABLE
CAN-SECTION-0103,Lamha must implement the 35. Desktop User Experience behavior for Gallery and timeline and satisfy every linked acceptance criterion.,SUPERSEDED_GENERATED_TEMPLATE,"Generated wrapper asserted behavior or proof without a record-specific actor, trigger, observable result, and failure criterion.",01-EVERYTHING-WE-ARE-KEEPING.md / section aggregate,NOT_APPLICABLE
CAN-SECTION-0104,Lamha must implement the 35. Desktop User Experience behavior for Asset viewer and satisfy every linked acceptance criterion.,SUPERSEDED_GENERATED_TEMPLATE,"Generated wrapper asserted behavior or proof without a record-specific actor, trigger, observable result, and failure criterion.",01-EVERYTHING-WE-ARE-KEEPING.md / section aggregate,NOT_APPLICABLE
CAN-SECTION-0105,Lamha must implement the 35. Desktop User Experience behavior for Jobs and notifications and satisfy every linked acceptance criterion.,SUPERSEDED_GENERATED_TEMPLATE,"Generated wrapper asserted behavior or proof without a record-specific actor, trigger, observable result, and failure criterion.",01-EVERYTHING-WE-ARE-KEEPING.md / section aggregate,NOT_APPLICABLE
CAN-SECTION-0106,Lamha must implement the 36. Target Local Architecture We Are Keeping behavior for Gallery and timeline and satisfy every linked acceptance criterion.,SUPERSEDED_GENERATED_TEMPLATE,"Generated wrapper asserted behavior or proof without a record-specific actor, trigger, observable result, and failure criterion.",01-EVERYTHING-WE-ARE-KEEPING.md / section aggregate,NOT_APPLICABLE
CAN-SECTION-0107,Lamha must implement the 36. Target Local Architecture We Are Keeping behavior for Asset viewer and satisfy every linked acceptance criterion.,SUPERSEDED_GENERATED_TEMPLATE,"Generated wrapper asserted behavior or proof without a record-specific actor, trigger, observable result, and failure criterion.",01-EVERYTHING-WE-ARE-KEEPING.md / section aggregate,NOT_APPLICABLE
CAN-SECTION-0108,Lamha must implement the 38. Performance and Scale behavior for Gallery and timeline and satisfy every linked acceptance criterion.,SUPERSEDED_GENERATED_TEMPLATE,"Generated wrapper asserted behavior or proof without a record-specific actor, trigger, observable result, and failure criterion.",01-EVERYTHING-WE-ARE-KEEPING.md / section aggregate,NOT_APPLICABLE
CAN-SECTION-0109,Lamha must implement the 38. Performance and Scale behavior for Map and location and satisfy every linked acceptance criterion.,SUPERSEDED_GENERATED_TEMPLATE,"Generated wrapper asserted behavior or proof without a record-specific actor, trigger, observable result, and failure criterion.",01-EVERYTHING-WE-ARE-KEEPING.md / section aggregate,NOT_APPLICABLE
CAN-SECTION-0110,Lamha must implement the 39. Required Legal and Attribution Material We Are Keeping behavior for Legal and rebranding and satisfy every linked acceptance criterion.,SUPERSEDED_GENERATED_TEMPLATE,"Generated wrapper asserted behavior or proof without a record-specific actor, trigger, observable result, and failure criterion.",01-EVERYTHING-WE-ARE-KEEPING.md / section aggregate,NOT_APPLICABLE
CAN-SECTION-0111,Lamha must implement the 24.3 Functional tests behavior for Map and location and satisfy every linked acceptance criterion.,SUPERSEDED_GENERATED_TEMPLATE,"Generated wrapper asserted behavior or proof without a record-specific actor, trigger, observable result, and failure criterion.",03-HOW-WE-WILL-KEEP-DELETE-AND-CHANGE.md / section aggregate,NOT_APPLICABLE
CAN-SECTION-0112,Lamha must implement the 26. Risk Management behavior for Metadata and satisfy every linked acceptance criterion.,SUPERSEDED_GENERATED_TEMPLATE,"Generated wrapper asserted behavior or proof without a record-specific actor, trigger, observable result, and failure criterion.",03-HOW-WE-WILL-KEEP-DELETE-AND-CHANGE.md / section aggregate,NOT_APPLICABLE
CAN-SECTION-0113,Lamha must implement the 27. Legal and Rebranding Method behavior for Legal and rebranding and satisfy every linked acceptance criterion.,SUPERSEDED_GENERATED_TEMPLATE,"Generated wrapper asserted behavior or proof without a record-specific actor, trigger, observable result, and failure criterion.",03-HOW-WE-WILL-KEEP-DELETE-AND-CHANGE.md / section aggregate,NOT_APPLICABLE
CAN-SECTION-0114,Lamha must implement the 2.1 Local-first operation behavior for Libraries and storage and satisfy every linked acceptance criterion.,SUPERSEDED_GENERATED_TEMPLATE,"Generated wrapper asserted behavior or proof without a record-specific actor, trigger, observable result, and failure criterion.",01-EVERYTHING-WE-ARE-KEEPING.md / section aggregate,NOT_APPLICABLE
CAN-SECTION-0115,Lamha must implement the 2.1 Local-first operation behavior for Asset viewer and satisfy every linked acceptance criterion.,SUPERSEDED_GENERATED_TEMPLATE,"Generated wrapper asserted behavior or proof without a record-specific actor, trigger, observable result, and failure criterion.",01-EVERYTHING-WE-ARE-KEEPING.md / section aggregate,NOT_APPLICABLE
CAN-SECTION-0116,Lamha must implement the 2.2 Single physical media copy behavior for Metadata and satisfy every linked acceptance criterion.,SUPERSEDED_GENERATED_TEMPLATE,"Generated wrapper asserted behavior or proof without a record-specific actor, trigger, observable result, and failure criterion.",01-EVERYTHING-WE-ARE-KEEPING.md / section aggregate,NOT_APPLICABLE
CAN-SECTION-0117,Lamha must implement the 2.3 Event-first physical organization behavior for Gallery and timeline and satisfy every linked acceptance criterion.,SUPERSEDED_GENERATED_TEMPLATE,"Generated wrapper asserted behavior or proof without a record-specific actor, trigger, observable result, and failure criterion.",01-EVERYTHING-WE-ARE-KEEPING.md / section aggregate,NOT_APPLICABLE
CAN-SECTION-0118,Lamha must implement the 2.3 Event-first physical organization behavior for Metadata and satisfy every linked acceptance criterion.,SUPERSEDED_GENERATED_TEMPLATE,"Generated wrapper asserted behavior or proof without a record-specific actor, trigger, observable result, and failure criterion.",01-EVERYTHING-WE-ARE-KEEPING.md / section aggregate,NOT_APPLICABLE
CAN-SECTION-0119,Lamha must implement the 2.4 Transparent and recoverable metadata behavior for Asset viewer and satisfy every linked acceptance criterion.,SUPERSEDED_GENERATED_TEMPLATE,"Generated wrapper asserted behavior or proof without a record-specific actor, trigger, observable result, and failure criterion.",01-EVERYTHING-WE-ARE-KEEPING.md / section aggregate,NOT_APPLICABLE
CAN-SECTION-0121,Lamha must implement the 9.1 Manual event creation behavior for Asset viewer and satisfy every linked acceptance criterion.,SUPERSEDED_GENERATED_TEMPLATE,"Generated wrapper asserted behavior or proof without a record-specific actor, trigger, observable result, and failure criterion.",01-EVERYTHING-WE-ARE-KEEPING.md / section aggregate,NOT_APPLICABLE
CAN-SECTION-0122,Lamha must implement the 14.3 Materialization behavior for Asset viewer and satisfy every linked acceptance criterion.,SUPERSEDED_GENERATED_TEMPLATE,"Generated wrapper asserted behavior or proof without a record-specific actor, trigger, observable result, and failure criterion.",01-EVERYTHING-WE-ARE-KEEPING.md / section aggregate,NOT_APPLICABLE
CAN-SECTION-0123,Lamha must implement the 14.5 Folder blocks behavior for Asset viewer and satisfy every linked acceptance criterion.,SUPERSEDED_GENERATED_TEMPLATE,"Generated wrapper asserted behavior or proof without a record-specific actor, trigger, observable result, and failure criterion.",01-EVERYTHING-WE-ARE-KEEPING.md / section aggregate,NOT_APPLICABLE
CAN-SECTION-0124,Lamha must implement the 15. Tag System behavior for Metadata and satisfy every linked acceptance criterion.,SUPERSEDED_GENERATED_TEMPLATE,"Generated wrapper asserted behavior or proof without a record-specific actor, trigger, observable result, and failure criterion.",01-EVERYTHING-WE-ARE-KEEPING.md / section aggregate,NOT_APPLICABLE
CAN-SECTION-0125,Lamha must implement the 15.1 Visible people versus attendees behavior for Metadata and satisfy every linked acceptance criterion.,SUPERSEDED_GENERATED_TEMPLATE,"Generated wrapper asserted behavior or proof without a record-specific actor, trigger, observable result, and failure criterion.",01-EVERYTHING-WE-ARE-KEEPING.md / section aggregate,NOT_APPLICABLE
CAN-SECTION-0126,Lamha must implement the 15.3 Review states behavior for Asset viewer and satisfy every linked acceptance criterion.,SUPERSEDED_GENERATED_TEMPLATE,"Generated wrapper asserted behavior or proof without a record-specific actor, trigger, observable result, and failure criterion.",01-EVERYTHING-WE-ARE-KEEPING.md / section aggregate,NOT_APPLICABLE
CAN-SECTION-0127,Lamha must implement the 16. Relationship-Composition Smart Views behavior for Asset viewer and satisfy every linked acceptance criterion.,SUPERSEDED_GENERATED_TEMPLATE,"Generated wrapper asserted behavior or proof without a record-specific actor, trigger, observable result, and failure criterion.",01-EVERYTHING-WE-ARE-KEEPING.md / section aggregate,NOT_APPLICABLE
CAN-SECTION-0128,Lamha must implement the 19. Metadata Storage behavior for Libraries and storage and satisfy every linked acceptance criterion.,SUPERSEDED_GENERATED_TEMPLATE,"Generated wrapper asserted behavior or proof without a record-specific actor, trigger, observable result, and failure criterion.",01-EVERYTHING-WE-ARE-KEEPING.md / section aggregate,NOT_APPLICABLE
CAN-SECTION-0129,Lamha must implement the 19. Metadata Storage behavior for Asset viewer and satisfy every linked acceptance criterion.,SUPERSEDED_GENERATED_TEMPLATE,"Generated wrapper asserted behavior or proof without a record-specific actor, trigger, observable result, and failure criterion.",01-EVERYTHING-WE-ARE-KEEPING.md / section aggregate,NOT_APPLICABLE
CAN-SECTION-0130,Lamha must implement the 22.1 Hardware assessment behavior for Asset viewer and satisfy every linked acceptance criterion.,SUPERSEDED_GENERATED_TEMPLATE,"Generated wrapper asserted behavior or proof without a record-specific actor, trigger, observable result, and failure criterion.",01-EVERYTHING-WE-ARE-KEEPING.md / section aggregate,NOT_APPLICABLE
CAN-SECTION-0131,Lamha must implement the Albums behavior for Asset viewer and satisfy every linked acceptance criterion.,SUPERSEDED_GENERATED_TEMPLATE,"Generated wrapper asserted behavior or proof without a record-specific actor, trigger, observable result, and failure criterion.",01-EVERYTHING-WE-ARE-KEEPING.md / section aggregate,NOT_APPLICABLE
CAN-SECTION-0132,Lamha must implement the 27. Review Centre behavior for Asset viewer and satisfy every linked acceptance criterion.,SUPERSEDED_GENERATED_TEMPLATE,"Generated wrapper asserted behavior or proof without a record-specific actor, trigger, observable result, and failure criterion.",01-EVERYTHING-WE-ARE-KEEPING.md / section aggregate,NOT_APPLICABLE
CAN-SECTION-0133,Lamha must implement the 28. File and Folder Management behavior for Asset viewer and satisfy every linked acceptance criterion.,SUPERSEDED_GENERATED_TEMPLATE,"Generated wrapper asserted behavior or proof without a record-specific actor, trigger, observable result, and failure criterion.",01-EVERYTHING-WE-ARE-KEEPING.md / section aggregate,NOT_APPLICABLE
CAN-SECTION-0134,Lamha must implement the 29. Consistency Detection behavior for Asset viewer and satisfy every linked acceptance criterion.,SUPERSEDED_GENERATED_TEMPLATE,"Generated wrapper asserted behavior or proof without a record-specific actor, trigger, observable result, and failure criterion.",01-EVERYTHING-WE-ARE-KEEPING.md / section aggregate,NOT_APPLICABLE
CAN-SECTION-0135,Lamha must implement the 30.4 Face and AI privacy behavior for Asset viewer and satisfy every linked acceptance criterion.,SUPERSEDED_GENERATED_TEMPLATE,"Generated wrapper asserted behavior or proof without a record-specific actor, trigger, observable result, and failure criterion.",01-EVERYTHING-WE-ARE-KEEPING.md / section aggregate,NOT_APPLICABLE
CAN-SECTION-0136,Lamha must implement the originals behavior for Asset viewer and satisfy every linked acceptance criterion.,SUPERSEDED_GENERATED_TEMPLATE,"Generated wrapper asserted behavior or proof without a record-specific actor, trigger, observable result, and failure criterion.",01-EVERYTHING-WE-ARE-KEEPING.md / section aggregate,NOT_APPLICABLE
CAN-SECTION-0137,Lamha must implement the 32. Trash behavior for Asset viewer and satisfy every linked acceptance criterion.,SUPERSEDED_GENERATED_TEMPLATE,"Generated wrapper asserted behavior or proof without a record-specific actor, trigger, observable result, and failure criterion.",01-EVERYTHING-WE-ARE-KEEPING.md / section aggregate,NOT_APPLICABLE
CAN-SECTION-0138,Lamha must implement the 24.4 Safety proofs behavior for Metadata and satisfy every linked acceptance criterion.,SUPERSEDED_GENERATED_TEMPLATE,"Generated wrapper asserted behavior or proof without a record-specific actor, trigger, observable result, and failure criterion.",03-HOW-WE-WILL-KEEP-DELETE-AND-CHANGE.md / section aggregate,NOT_APPLICABLE
CAN-SECTION-0139,Lamha must implement the 27. Legal and Rebranding Method behavior for Asset viewer and satisfy every linked acceptance criterion.,SUPERSEDED_GENERATED_TEMPLATE,"Generated wrapper asserted behavior or proof without a record-specific actor, trigger, observable result, and failure criterion.",03-HOW-WE-WILL-KEEP-DELETE-AND-CHANGE.md / section aggregate,NOT_APPLICABLE
CAN-SECTION-0140,Lamha must implement the 2.1 Local-first operation behavior for Editing and satisfy every linked acceptance criterion.,SUPERSEDED_GENERATED_TEMPLATE,"Generated wrapper asserted behavior or proof without a record-specific actor, trigger, observable result, and failure criterion.",01-EVERYTHING-WE-ARE-KEEPING.md / section aggregate,NOT_APPLICABLE
CAN-SECTION-0141,The final Lamha desktop runtime must not retain or require synthesized from fragmented clauses in this source section.,SUPERSEDED_GENERATED_TEMPLATE,"Generated wrapper asserted behavior or proof without a record-specific actor, trigger, observable result, and failure criterion.",02-EVERYTHING-WE-ARE-DELETING.md / section aggregate,NOT_APPLICABLE
CAN-SECTION-0142,The final Lamha desktop runtime must not retain or require synthesized from fragmented clauses in this source section.,SUPERSEDED_GENERATED_TEMPLATE,"Generated wrapper asserted behavior or proof without a record-specific actor, trigger, observable result, and failure criterion.",02-EVERYTHING-WE-ARE-DELETING.md / section aggregate,NOT_APPLICABLE
CAN-SECTION-0143,The final Lamha desktop runtime must not retain or require synthesized from fragmented clauses in this source section.,SUPERSEDED_GENERATED_TEMPLATE,"Generated wrapper asserted behavior or proof without a record-specific actor, trigger, observable result, and failure criterion.",02-EVERYTHING-WE-ARE-DELETING.md / section aggregate,NOT_APPLICABLE
CAN-SECTION-0144,The final Lamha desktop runtime must not retain or require synthesized from fragmented clauses in this source section.,SUPERSEDED_GENERATED_TEMPLATE,"Generated wrapper asserted behavior or proof without a record-specific actor, trigger, observable result, and failure criterion.",02-EVERYTHING-WE-ARE-DELETING.md / section aggregate,NOT_APPLICABLE
CAN-SECTION-0145,Lamha must implement the 22. Local AI behavior for Duplicates and satisfy every linked acceptance criterion.,SUPERSEDED_GENERATED_TEMPLATE,"Generated wrapper asserted behavior or proof without a record-specific actor, trigger, observable result, and failure criterion.",01-EVERYTHING-WE-ARE-KEEPING.md / section aggregate,NOT_APPLICABLE
CAN-SECTION-0146,Lamha must implement the 22.4 AI data control behavior for Duplicates and satisfy every linked acceptance criterion.,SUPERSEDED_GENERATED_TEMPLATE,"Generated wrapper asserted behavior or proof without a record-specific actor, trigger, observable result, and failure criterion.",01-EVERYTHING-WE-ARE-KEEPING.md / section aggregate,NOT_APPLICABLE
CAN-SECTION-0147,Lamha must implement the 38. Performance and Scale behavior for Duplicates and satisfy every linked acceptance criterion.,SUPERSEDED_GENERATED_TEMPLATE,"Generated wrapper asserted behavior or proof without a record-specific actor, trigger, observable result, and failure criterion.",01-EVERYTHING-WE-ARE-KEEPING.md / section aggregate,NOT_APPLICABLE
CAN-SECTION-0148,"Lamha must implement the 1.5 Operational Edge-Case Registry for Files, Sidecars, Dates, and Metadata behavior for Metadata and satisfy every linked acceptance criterion.",SUPERSEDED_GENERATED_TEMPLATE,"Generated wrapper asserted behavior or proof without a record-specific actor, trigger, observable result, and failure criterion.",01-EVERYTHING-WE-ARE-KEEPING.md / section aggregate,NOT_APPLICABLE
CAN-SECTION-0149,Lamha must implement the 26. Non-Destructive Editing behavior for Editing and satisfy every linked acceptance criterion.,SUPERSEDED_GENERATED_TEMPLATE,"Generated wrapper asserted behavior or proof without a record-specific actor, trigger, observable result, and failure criterion.",01-EVERYTHING-WE-ARE-KEEPING.md / section aggregate,NOT_APPLICABLE
CAN-SECTION-0150,Lamha must implement the 2.1 Local-first operation behavior for Events and organization and satisfy every linked acceptance criterion.,SUPERSEDED_GENERATED_TEMPLATE,"Generated wrapper asserted behavior or proof without a record-specific actor, trigger, observable result, and failure criterion.",01-EVERYTHING-WE-ARE-KEEPING.md / section aggregate,NOT_APPLICABLE
CAN-SECTION-0151,Lamha must implement the 2.2 Single physical media copy behavior for Events and organization and satisfy every linked acceptance criterion.,SUPERSEDED_GENERATED_TEMPLATE,"Generated wrapper asserted behavior or proof without a record-specific actor, trigger, observable result, and failure criterion.",01-EVERYTHING-WE-ARE-KEEPING.md / section aggregate,NOT_APPLICABLE
CAN-SECTION-0152,Lamha must implement the 3. Final Physical Media Library behavior for Libraries and storage and satisfy every linked acceptance criterion.,SUPERSEDED_GENERATED_TEMPLATE,"Generated wrapper asserted behavior or proof without a record-specific actor, trigger, observable result, and failure criterion.",01-EVERYTHING-WE-ARE-KEEPING.md / section aggregate,NOT_APPLICABLE
CAN-SECTION-0153,Lamha must implement the 3. Final Physical Media Library behavior for Events and organization and satisfy every linked acceptance criterion.,SUPERSEDED_GENERATED_TEMPLATE,"Generated wrapper asserted behavior or proof without a record-specific actor, trigger, observable result, and failure criterion.",01-EVERYTHING-WE-ARE-KEEPING.md / section aggregate,NOT_APPLICABLE
CAN-SECTION-0154,Lamha must implement the 3.1 Event-folder naming behavior for Libraries and storage and satisfy every linked acceptance criterion.,SUPERSEDED_GENERATED_TEMPLATE,"Generated wrapper asserted behavior or proof without a record-specific actor, trigger, observable result, and failure criterion.",01-EVERYTHING-WE-ARE-KEEPING.md / section aggregate,NOT_APPLICABLE
CAN-SECTION-0155,Lamha must implement the 5. Asset Bundle Standard behavior for Events and organization and satisfy every linked acceptance criterion.,SUPERSEDED_GENERATED_TEMPLATE,"Generated wrapper asserted behavior or proof without a record-specific actor, trigger, observable result, and failure criterion.",01-EVERYTHING-WE-ARE-KEEPING.md / section aggregate,NOT_APPLICABLE
CAN-SECTION-0156,Lamha must implement the 9. Event System behavior for Map and location and satisfy every linked acceptance criterion.,SUPERSEDED_GENERATED_TEMPLATE,"Generated wrapper asserted behavior or proof without a record-specific actor, trigger, observable result, and failure criterion.",01-EVERYTHING-WE-ARE-KEEPING.md / section aggregate,NOT_APPLICABLE
CAN-SECTION-0157,Lamha must implement the 9. Event System behavior for Libraries and storage and satisfy every linked acceptance criterion.,SUPERSEDED_GENERATED_TEMPLATE,"Generated wrapper asserted behavior or proof without a record-specific actor, trigger, observable result, and failure criterion.",01-EVERYTHING-WE-ARE-KEEPING.md / section aggregate,NOT_APPLICABLE
CAN-SECTION-0158,Lamha must implement the 9. Event System behavior for Tags and satisfy every linked acceptance criterion.,SUPERSEDED_GENERATED_TEMPLATE,"Generated wrapper asserted behavior or proof without a record-specific actor, trigger, observable result, and failure criterion.",01-EVERYTHING-WE-ARE-KEEPING.md / section aggregate,NOT_APPLICABLE
CAN-SECTION-0159,Lamha must implement the 9. Event System behavior for People and faces and satisfy every linked acceptance criterion.,SUPERSEDED_GENERATED_TEMPLATE,"Generated wrapper asserted behavior or proof without a record-specific actor, trigger, observable result, and failure criterion.",01-EVERYTHING-WE-ARE-KEEPING.md / section aggregate,NOT_APPLICABLE
CAN-SECTION-0160,Lamha must implement the 13.1 Nodes behavior for Events and organization and satisfy every linked acceptance criterion.,SUPERSEDED_GENERATED_TEMPLATE,"Generated wrapper asserted behavior or proof without a record-specific actor, trigger, observable result, and failure criterion.",01-EVERYTHING-WE-ARE-KEEPING.md / section aggregate,NOT_APPLICABLE
CAN-SECTION-0161,Lamha must implement the 14.2 Draft / Safe mode behavior for Events and organization and satisfy every linked acceptance criterion.,SUPERSEDED_GENERATED_TEMPLATE,"Generated wrapper asserted behavior or proof without a record-specific actor, trigger, observable result, and failure criterion.",01-EVERYTHING-WE-ARE-KEEPING.md / section aggregate,NOT_APPLICABLE
CAN-SECTION-0162,Lamha must implement the 27. Review Centre behavior for Events and organization and satisfy every linked acceptance criterion.,SUPERSEDED_GENERATED_TEMPLATE,"Generated wrapper asserted behavior or proof without a record-specific actor, trigger, observable result, and failure criterion.",01-EVERYTHING-WE-ARE-KEEPING.md / section aggregate,NOT_APPLICABLE
CAN-SECTION-0163,Lamha must implement the 28. File and Folder Management behavior for Events and organization and satisfy every linked acceptance criterion.,SUPERSEDED_GENERATED_TEMPLATE,"Generated wrapper asserted behavior or proof without a record-specific actor, trigger, observable result, and failure criterion.",01-EVERYTHING-WE-ARE-KEEPING.md / section aggregate,NOT_APPLICABLE
CAN-SECTION-0164,Lamha must implement the 29. Consistency Detection behavior for Libraries and storage and satisfy every linked acceptance criterion.,SUPERSEDED_GENERATED_TEMPLATE,"Generated wrapper asserted behavior or proof without a record-specific actor, trigger, observable result, and failure criterion.",01-EVERYTHING-WE-ARE-KEEPING.md / section aggregate,NOT_APPLICABLE
CAN-SECTION-0165,Lamha must implement the 32. Trash behavior for Tags and satisfy every linked acceptance criterion.,SUPERSEDED_GENERATED_TEMPLATE,"Generated wrapper asserted behavior or proof without a record-specific actor, trigger, observable result, and failure criterion.",01-EVERYTHING-WE-ARE-KEEPING.md / section aggregate,NOT_APPLICABLE
CAN-SECTION-0166,Lamha must implement the 1. Final Product Identity behavior for Libraries and storage and satisfy every linked acceptance criterion.,SUPERSEDED_GENERATED_TEMPLATE,"Generated wrapper asserted behavior or proof without a record-specific actor, trigger, observable result, and failure criterion.",01-EVERYTHING-WE-ARE-KEEPING.md / section aggregate,NOT_APPLICABLE
CAN-SECTION-0167,Lamha must implement the 2.6 Non-destructive defaults behavior for Libraries and storage and satisfy every linked acceptance criterion.,SUPERSEDED_GENERATED_TEMPLATE,"Generated wrapper asserted behavior or proof without a record-specific actor, trigger, observable result, and failure criterion.",01-EVERYTHING-WE-ARE-KEEPING.md / section aggregate,NOT_APPLICABLE
CAN-SECTION-0168,Lamha must implement the 9.1 Manual event creation behavior for Libraries and storage and satisfy every linked acceptance criterion.,SUPERSEDED_GENERATED_TEMPLATE,"Generated wrapper asserted behavior or proof without a record-specific actor, trigger, observable result, and failure criterion.",01-EVERYTHING-WE-ARE-KEEPING.md / section aggregate,NOT_APPLICABLE
CAN-SECTION-0169,Lamha must implement the 14.2 Draft / Safe mode behavior for Libraries and storage and satisfy every linked acceptance criterion.,SUPERSEDED_GENERATED_TEMPLATE,"Generated wrapper asserted behavior or proof without a record-specific actor, trigger, observable result, and failure criterion.",01-EVERYTHING-WE-ARE-KEEPING.md / section aggregate,NOT_APPLICABLE
CAN-SECTION-0170,Lamha must implement the 14.3 Materialization behavior for Libraries and storage and satisfy every linked acceptance criterion.,SUPERSEDED_GENERATED_TEMPLATE,"Generated wrapper asserted behavior or proof without a record-specific actor, trigger, observable result, and failure criterion.",01-EVERYTHING-WE-ARE-KEEPING.md / section aggregate,NOT_APPLICABLE
CAN-SECTION-0171,Lamha must implement the 14.6 Backdrop events behavior for Libraries and storage and satisfy every linked acceptance criterion.,SUPERSEDED_GENERATED_TEMPLATE,"Generated wrapper asserted behavior or proof without a record-specific actor, trigger, observable result, and failure criterion.",01-EVERYTHING-WE-ARE-KEEPING.md / section aggregate,NOT_APPLICABLE
CAN-SECTION-0172,Lamha must implement the 20.6 Inspector capabilities behavior for Libraries and storage and satisfy every linked acceptance criterion.,SUPERSEDED_GENERATED_TEMPLATE,"Generated wrapper asserted behavior or proof without a record-specific actor, trigger, observable result, and failure criterion.",01-EVERYTHING-WE-ARE-KEEPING.md / section aggregate,NOT_APPLICABLE
CAN-SECTION-0173,Lamha must implement the Memories behavior for Tags and satisfy every linked acceptance criterion.,SUPERSEDED_GENERATED_TEMPLATE,"Generated wrapper asserted behavior or proof without a record-specific actor, trigger, observable result, and failure criterion.",01-EVERYTHING-WE-ARE-KEEPING.md / section aggregate,NOT_APPLICABLE
CAN-SECTION-0174,Lamha must implement the 27. Review Centre behavior for Libraries and storage and satisfy every linked acceptance criterion.,SUPERSEDED_GENERATED_TEMPLATE,"Generated wrapper asserted behavior or proof without a record-specific actor, trigger, observable result, and failure criterion.",01-EVERYTHING-WE-ARE-KEEPING.md / section aggregate,NOT_APPLICABLE
CAN-SECTION-0175,Lamha must implement the 28. File and Folder Management behavior for Map and location and satisfy every linked acceptance criterion.,SUPERSEDED_GENERATED_TEMPLATE,"Generated wrapper asserted behavior or proof without a record-specific actor, trigger, observable result, and failure criterion.",01-EVERYTHING-WE-ARE-KEEPING.md / section aggregate,NOT_APPLICABLE
CAN-SECTION-0176,Lamha must implement the originals behavior for Libraries and storage and satisfy every linked acceptance criterion.,SUPERSEDED_GENERATED_TEMPLATE,"Generated wrapper asserted behavior or proof without a record-specific actor, trigger, observable result, and failure criterion.",01-EVERYTHING-WE-ARE-KEEPING.md / section aggregate,NOT_APPLICABLE
CAN-SECTION-0177,Lamha must implement the 32. Trash behavior for Libraries and storage and satisfy every linked acceptance criterion.,SUPERSEDED_GENERATED_TEMPLATE,"Generated wrapper asserted behavior or proof without a record-specific actor, trigger, observable result, and failure criterion.",01-EVERYTHING-WE-ARE-KEEPING.md / section aggregate,NOT_APPLICABLE
CAN-SECTION-0178,Lamha must implement the 37. Cross-Platform Support behavior for Libraries and storage and satisfy every linked acceptance criterion.,SUPERSEDED_GENERATED_TEMPLATE,"Generated wrapper asserted behavior or proof without a record-specific actor, trigger, observable result, and failure criterion.",01-EVERYTHING-WE-ARE-KEEPING.md / section aggregate,NOT_APPLICABLE
CAN-SECTION-0179,Lamha must implement the 38. Performance and Scale behavior for Libraries and storage and satisfy every linked acceptance criterion.,SUPERSEDED_GENERATED_TEMPLATE,"Generated wrapper asserted behavior or proof without a record-specific actor, trigger, observable result, and failure criterion.",01-EVERYTHING-WE-ARE-KEEPING.md / section aggregate,NOT_APPLICABLE
CAN-SECTION-0180,Lamha must implement the 26. Risk Management behavior for Libraries and storage and satisfy every linked acceptance criterion.,SUPERSEDED_GENERATED_TEMPLATE,"Generated wrapper asserted behavior or proof without a record-specific actor, trigger, observable result, and failure criterion.",03-HOW-WE-WILL-KEEP-DELETE-AND-CHANGE.md / section aggregate,NOT_APPLICABLE
CAN-SECTION-0181,Lamha must implement the 0.6 Pre-Commit Linter & Verification CLI Execution Commands behavior for Desktop shell and satisfy every linked acceptance criterion.,SUPERSEDED_GENERATED_TEMPLATE,"Generated wrapper asserted behavior or proof without a record-specific actor, trigger, observable result, and failure criterion.",03-HOW-WE-WILL-KEEP-DELETE-AND-CHANGE.md / section aggregate,NOT_APPLICABLE
CAN-SECTION-0182,Lamha must implement the 2. Authority Order behavior for Local data authority and satisfy every linked acceptance criterion.,SUPERSEDED_GENERATED_TEMPLATE,"Generated wrapper asserted behavior or proof without a record-specific actor, trigger, observable result, and failure criterion.",03-HOW-WE-WILL-KEEP-DELETE-AND-CHANGE.md / section aggregate,NOT_APPLICABLE
CAN-SECTION-0183,Lamha must implement the 6. Resolve the Real Repository First behavior for Libraries and storage and satisfy every linked acceptance criterion.,SUPERSEDED_GENERATED_TEMPLATE,"Generated wrapper asserted behavior or proof without a record-specific actor, trigger, observable result, and failure criterion.",03-HOW-WE-WILL-KEEP-DELETE-AND-CHANGE.md / section aggregate,NOT_APPLICABLE
CAN-SECTION-0184,Lamha must implement the 10. Requirement Extraction behavior for Libraries and storage and satisfy every linked acceptance criterion.,SUPERSEDED_GENERATED_TEMPLATE,"Generated wrapper asserted behavior or proof without a record-specific actor, trigger, observable result, and failure criterion.",03-HOW-WE-WILL-KEEP-DELETE-AND-CHANGE.md / section aggregate,NOT_APPLICABLE
CAN-SECTION-0185,Lamha must implement the 16.1 Asset bundle behavior for Asset viewer and satisfy every linked acceptance criterion.,SUPERSEDED_GENERATED_TEMPLATE,"Generated wrapper asserted behavior or proof without a record-specific actor, trigger, observable result, and failure criterion.",03-HOW-WE-WILL-KEEP-DELETE-AND-CHANGE.md / section aggregate,NOT_APPLICABLE
CAN-SECTION-0186,Lamha must implement the 16.3 Conflicts behavior for Review Centre and satisfy every linked acceptance criterion.,SUPERSEDED_GENERATED_TEMPLATE,"Generated wrapper asserted behavior or proof without a record-specific actor, trigger, observable result, and failure criterion.",03-HOW-WE-WILL-KEEP-DELETE-AND-CHANGE.md / section aggregate,NOT_APPLICABLE
CAN-SECTION-0187,Lamha must implement the 16.4 Schema work behavior for Asset viewer and satisfy every linked acceptance criterion.,SUPERSEDED_GENERATED_TEMPLATE,"Generated wrapper asserted behavior or proof without a record-specific actor, trigger, observable result, and failure criterion.",03-HOW-WE-WILL-KEEP-DELETE-AND-CHANGE.md / section aggregate,NOT_APPLICABLE
CAN-SECTION-0188,Lamha must implement the 16.4 Schema work behavior for People and faces and satisfy every linked acceptance criterion.,SUPERSEDED_GENERATED_TEMPLATE,"Generated wrapper asserted behavior or proof without a record-specific actor, trigger, observable result, and failure criterion.",03-HOW-WE-WILL-KEEP-DELETE-AND-CHANGE.md / section aggregate,NOT_APPLICABLE
CAN-SECTION-0189,Lamha must implement the 16.4 Schema work behavior for Events and organization and satisfy every linked acceptance criterion.,SUPERSEDED_GENERATED_TEMPLATE,"Generated wrapper asserted behavior or proof without a record-specific actor, trigger, observable result, and failure criterion.",03-HOW-WE-WILL-KEEP-DELETE-AND-CHANGE.md / section aggregate,NOT_APPLICABLE
CAN-SECTION-0190,Lamha must implement the 16.4 Schema work behavior for Local data authority and satisfy every linked acceptance criterion.,SUPERSEDED_GENERATED_TEMPLATE,"Generated wrapper asserted behavior or proof without a record-specific actor, trigger, observable result, and failure criterion.",03-HOW-WE-WILL-KEEP-DELETE-AND-CHANGE.md / section aggregate,NOT_APPLICABLE
CAN-SECTION-0191,Lamha must implement the 16.4 Schema work behavior for Review Centre and satisfy every linked acceptance criterion.,SUPERSEDED_GENERATED_TEMPLATE,"Generated wrapper asserted behavior or proof without a record-specific actor, trigger, observable result, and failure criterion.",03-HOW-WE-WILL-KEEP-DELETE-AND-CHANGE.md / section aggregate,NOT_APPLICABLE
CAN-SECTION-0192,Lamha must implement the 16.4 Schema work behavior for Libraries and storage and satisfy every linked acceptance criterion.,SUPERSEDED_GENERATED_TEMPLATE,"Generated wrapper asserted behavior or proof without a record-specific actor, trigger, observable result, and failure criterion.",03-HOW-WE-WILL-KEEP-DELETE-AND-CHANGE.md / section aggregate,NOT_APPLICABLE
CAN-SECTION-0193,Lamha must implement the 17. Filesystem Transaction Method behavior for Libraries and storage and satisfy every linked acceptance criterion.,SUPERSEDED_GENERATED_TEMPLATE,"Generated wrapper asserted behavior or proof without a record-specific actor, trigger, observable result, and failure criterion.",03-HOW-WE-WILL-KEEP-DELETE-AND-CHANGE.md / section aggregate,NOT_APPLICABLE
CAN-SECTION-0194,Lamha must implement the 18.5 Review behavior for Review Centre and satisfy every linked acceptance criterion.,SUPERSEDED_GENERATED_TEMPLATE,"Generated wrapper asserted behavior or proof without a record-specific actor, trigger, observable result, and failure criterion.",03-HOW-WE-WILL-KEEP-DELETE-AND-CHANGE.md / section aggregate,NOT_APPLICABLE
CAN-SECTION-0195,Lamha must implement the Pass 1 — Corpus inventory behavior for Map and location and satisfy every linked acceptance criterion.,SUPERSEDED_GENERATED_TEMPLATE,"Generated wrapper asserted behavior or proof without a record-specific actor, trigger, observable result, and failure criterion.",03-HOW-WE-WILL-KEEP-DELETE-AND-CHANGE.md / section aggregate,NOT_APPLICABLE
CAN-SECTION-0196,Lamha must implement the Pass 2 — Current architecture behavior for Map and location and satisfy every linked acceptance criterion.,SUPERSEDED_GENERATED_TEMPLATE,"Generated wrapper asserted behavior or proof without a record-specific actor, trigger, observable result, and failure criterion.",03-HOW-WE-WILL-KEEP-DELETE-AND-CHANGE.md / section aggregate,NOT_APPLICABLE
CAN-SECTION-0197,Lamha must implement the Pass 3 — Existing features behavior for Map and location and satisfy every linked acceptance criterion.,SUPERSEDED_GENERATED_TEMPLATE,"Generated wrapper asserted behavior or proof without a record-specific actor, trigger, observable result, and failure criterion.",03-HOW-WE-WILL-KEEP-DELETE-AND-CHANGE.md / section aggregate,NOT_APPLICABLE
CAN-SECTION-0198,Lamha must implement the 1.3 Directional Source-of-Truth & Authority Matrix behavior for Local data authority and satisfy every linked acceptance criterion.,SUPERSEDED_GENERATED_TEMPLATE,"Generated wrapper asserted behavior or proof without a record-specific actor, trigger, observable result, and failure criterion.",01-EVERYTHING-WE-ARE-KEEPING.md / section aggregate,NOT_APPLICABLE
CAN-SECTION-0199,Lamha must implement the 2.1 Local-first operation behavior for Metadata and satisfy every linked acceptance criterion.,SUPERSEDED_GENERATED_TEMPLATE,"Generated wrapper asserted behavior or proof without a record-specific actor, trigger, observable result, and failure criterion.",01-EVERYTHING-WE-ARE-KEEPING.md / section aggregate,NOT_APPLICABLE
CAN-SECTION-0200,Lamha must implement the 5. Asset Bundle Standard behavior for Metadata and satisfy every linked acceptance criterion.,SUPERSEDED_GENERATED_TEMPLATE,"Generated wrapper asserted behavior or proof without a record-specific actor, trigger, observable result, and failure criterion.",01-EVERYTHING-WE-ARE-KEEPING.md / section aggregate,NOT_APPLICABLE
CAN-SECTION-0201,Lamha must implement the Albums behavior for Metadata and satisfy every linked acceptance criterion.,SUPERSEDED_GENERATED_TEMPLATE,"Generated wrapper asserted behavior or proof without a record-specific actor, trigger, observable result, and failure criterion.",01-EVERYTHING-WE-ARE-KEEPING.md / section aggregate,NOT_APPLICABLE
CAN-SECTION-0202,Lamha must implement the 24. Map and Location behavior for Metadata and satisfy every linked acceptance criterion.,SUPERSEDED_GENERATED_TEMPLATE,"Generated wrapper asserted behavior or proof without a record-specific actor, trigger, observable result, and failure criterion.",01-EVERYTHING-WE-ARE-KEEPING.md / section aggregate,NOT_APPLICABLE
CAN-SECTION-0203,Lamha must implement the 25. Duplicate Management behavior for Metadata and satisfy every linked acceptance criterion.,SUPERSEDED_GENERATED_TEMPLATE,"Generated wrapper asserted behavior or proof without a record-specific actor, trigger, observable result, and failure criterion.",01-EVERYTHING-WE-ARE-KEEPING.md / section aggregate,NOT_APPLICABLE
CAN-SECTION-0204,Lamha must implement the 29. Consistency Detection behavior for Local data authority and satisfy every linked acceptance criterion.,SUPERSEDED_GENERATED_TEMPLATE,"Generated wrapper asserted behavior or proof without a record-specific actor, trigger, observable result, and failure criterion.",01-EVERYTHING-WE-ARE-KEEPING.md / section aggregate,NOT_APPLICABLE
CAN-SECTION-0205,Lamha must implement the originals behavior for Metadata and satisfy every linked acceptance criterion.,SUPERSEDED_GENERATED_TEMPLATE,"Generated wrapper asserted behavior or proof without a record-specific actor, trigger, observable result, and failure criterion.",01-EVERYTHING-WE-ARE-KEEPING.md / section aggregate,NOT_APPLICABLE
CAN-SECTION-0206,Lamha must implement the originals behavior for Local data authority and satisfy every linked acceptance criterion.,SUPERSEDED_GENERATED_TEMPLATE,"Generated wrapper asserted behavior or proof without a record-specific actor, trigger, observable result, and failure criterion.",01-EVERYTHING-WE-ARE-KEEPING.md / section aggregate,NOT_APPLICABLE
CAN-SECTION-0207,Lamha must implement the 35. Desktop User Experience behavior for Metadata and satisfy every linked acceptance criterion.,SUPERSEDED_GENERATED_TEMPLATE,"Generated wrapper asserted behavior or proof without a record-specific actor, trigger, observable result, and failure criterion.",01-EVERYTHING-WE-ARE-KEEPING.md / section aggregate,NOT_APPLICABLE
CAN-SECTION-0208,Lamha must implement the 36. Target Local Architecture We Are Keeping behavior for Metadata and satisfy every linked acceptance criterion.,SUPERSEDED_GENERATED_TEMPLATE,"Generated wrapper asserted behavior or proof without a record-specific actor, trigger, observable result, and failure criterion.",01-EVERYTHING-WE-ARE-KEEPING.md / section aggregate,NOT_APPLICABLE
CAN-SECTION-0209,Lamha must implement the 38. Performance and Scale behavior for Local data authority and satisfy every linked acceptance criterion.,SUPERSEDED_GENERATED_TEMPLATE,"Generated wrapper asserted behavior or proof without a record-specific actor, trigger, observable result, and failure criterion.",01-EVERYTHING-WE-ARE-KEEPING.md / section aggregate,NOT_APPLICABLE
CAN-SECTION-0210,Lamha must implement the 24.4 Safety proofs behavior for Local data authority and satisfy every linked acceptance criterion.,SUPERSEDED_GENERATED_TEMPLATE,"Generated wrapper asserted behavior or proof without a record-specific actor, trigger, observable result, and failure criterion.",03-HOW-WE-WILL-KEEP-DELETE-AND-CHANGE.md / section aggregate,NOT_APPLICABLE
CAN-SECTION-0211,Lamha must implement the 22.1 Hardware assessment behavior for Memories and satisfy every linked acceptance criterion.,SUPERSEDED_GENERATED_TEMPLATE,"Generated wrapper asserted behavior or proof without a record-specific actor, trigger, observable result, and failure criterion.",01-EVERYTHING-WE-ARE-KEEPING.md / section aggregate,NOT_APPLICABLE
CAN-SECTION-0212,Lamha must implement the 36. Target Local Architecture We Are Keeping behavior for Memories and satisfy every linked acceptance criterion.,SUPERSEDED_GENERATED_TEMPLATE,"Generated wrapper asserted behavior or proof without a record-specific actor, trigger, observable result, and failure criterion.",01-EVERYTHING-WE-ARE-KEEPING.md / section aggregate,NOT_APPLICABLE
CAN-SECTION-0213,Lamha must implement the 38. Performance and Scale behavior for Memories and satisfy every linked acceptance criterion.,SUPERSEDED_GENERATED_TEMPLATE,"Generated wrapper asserted behavior or proof without a record-specific actor, trigger, observable result, and failure criterion.",01-EVERYTHING-WE-ARE-KEEPING.md / section aggregate,NOT_APPLICABLE
CAN-SECTION-0214,Lamha must implement the 25. Performance Proof behavior for Local AI worker and satisfy every linked acceptance criterion.,SUPERSEDED_GENERATED_TEMPLATE,"Generated wrapper asserted behavior or proof without a record-specific actor, trigger, observable result, and failure criterion.",03-HOW-WE-WILL-KEEP-DELETE-AND-CHANGE.md / section aggregate,NOT_APPLICABLE
CAN-SECTION-0215,Lamha must implement the 2.1 Local-first operation behavior for People and faces and satisfy every linked acceptance criterion.,SUPERSEDED_GENERATED_TEMPLATE,"Generated wrapper asserted behavior or proof without a record-specific actor, trigger, observable result, and failure criterion.",01-EVERYTHING-WE-ARE-KEEPING.md / section aggregate,NOT_APPLICABLE
CAN-SECTION-0216,Lamha must implement the 2.2 Single physical media copy behavior for People and faces and satisfy every linked acceptance criterion.,SUPERSEDED_GENERATED_TEMPLATE,"Generated wrapper asserted behavior or proof without a record-specific actor, trigger, observable result, and failure criterion.",01-EVERYTHING-WE-ARE-KEEPING.md / section aggregate,NOT_APPLICABLE
CAN-SECTION-0217,Lamha must implement the 2.3 Event-first physical organization behavior for People and faces and satisfy every linked acceptance criterion.,SUPERSEDED_GENERATED_TEMPLATE,"Generated wrapper asserted behavior or proof without a record-specific actor, trigger, observable result, and failure criterion.",01-EVERYTHING-WE-ARE-KEEPING.md / section aggregate,NOT_APPLICABLE
CAN-SECTION-0218,Lamha must implement the 2.5 Review before final acceptance behavior for People and faces and satisfy every linked acceptance criterion.,SUPERSEDED_GENERATED_TEMPLATE,"Generated wrapper asserted behavior or proof without a record-specific actor, trigger, observable result, and failure criterion.",01-EVERYTHING-WE-ARE-KEEPING.md / section aggregate,NOT_APPLICABLE
CAN-SECTION-0219,Lamha must implement the 9.1 Manual event creation behavior for People and faces and satisfy every linked acceptance criterion.,SUPERSEDED_GENERATED_TEMPLATE,"Generated wrapper asserted behavior or proof without a record-specific actor, trigger, observable result, and failure criterion.",01-EVERYTHING-WE-ARE-KEEPING.md / section aggregate,NOT_APPLICABLE
CAN-SECTION-0220,Lamha must implement the 13.1 Nodes behavior for People and faces and satisfy every linked acceptance criterion.,SUPERSEDED_GENERATED_TEMPLATE,"Generated wrapper asserted behavior or proof without a record-specific actor, trigger, observable result, and failure criterion.",01-EVERYTHING-WE-ARE-KEEPING.md / section aggregate,NOT_APPLICABLE
CAN-SECTION-0221,Lamha must implement the 13.4 Visual placement behavior for People and faces and satisfy every linked acceptance criterion.,SUPERSEDED_GENERATED_TEMPLATE,"Generated wrapper asserted behavior or proof without a record-specific actor, trigger, observable result, and failure criterion.",01-EVERYTHING-WE-ARE-KEEPING.md / section aggregate,NOT_APPLICABLE
CAN-SECTION-0222,Lamha must implement the 14.5 Folder blocks behavior for People and faces and satisfy every linked acceptance criterion.,SUPERSEDED_GENERATED_TEMPLATE,"Generated wrapper asserted behavior or proof without a record-specific actor, trigger, observable result, and failure criterion.",01-EVERYTHING-WE-ARE-KEEPING.md / section aggregate,NOT_APPLICABLE
CAN-SECTION-0223,Lamha must implement the 15. Tag System behavior for People and faces and satisfy every linked acceptance criterion.,SUPERSEDED_GENERATED_TEMPLATE,"Generated wrapper asserted behavior or proof without a record-specific actor, trigger, observable result, and failure criterion.",01-EVERYTHING-WE-ARE-KEEPING.md / section aggregate,NOT_APPLICABLE
CAN-SECTION-0224,Lamha must implement the 21. Search behavior for People and faces and satisfy every linked acceptance criterion.,SUPERSEDED_GENERATED_TEMPLATE,"Generated wrapper asserted behavior or proof without a record-specific actor, trigger, observable result, and failure criterion.",01-EVERYTHING-WE-ARE-KEEPING.md / section aggregate,NOT_APPLICABLE
CAN-SECTION-0225,Lamha must implement the 22.4 AI data control behavior for People and faces and satisfy every linked acceptance criterion.,SUPERSEDED_GENERATED_TEMPLATE,"Generated wrapper asserted behavior or proof without a record-specific actor, trigger, observable result, and failure criterion.",01-EVERYTHING-WE-ARE-KEEPING.md / section aggregate,NOT_APPLICABLE
CAN-SECTION-0226,Lamha must implement the Memories behavior for People and faces and satisfy every linked acceptance criterion.,SUPERSEDED_GENERATED_TEMPLATE,"Generated wrapper asserted behavior or proof without a record-specific actor, trigger, observable result, and failure criterion.",01-EVERYTHING-WE-ARE-KEEPING.md / section aggregate,NOT_APPLICABLE
CAN-SECTION-0227,Lamha must implement the 27. Review Centre behavior for People and faces and satisfy every linked acceptance criterion.,SUPERSEDED_GENERATED_TEMPLATE,"Generated wrapper asserted behavior or proof without a record-specific actor, trigger, observable result, and failure criterion.",01-EVERYTHING-WE-ARE-KEEPING.md / section aggregate,NOT_APPLICABLE
CAN-SECTION-0228,Lamha must implement the 30.4 Face and AI privacy behavior for People and faces and satisfy every linked acceptance criterion.,SUPERSEDED_GENERATED_TEMPLATE,"Generated wrapper asserted behavior or proof without a record-specific actor, trigger, observable result, and failure criterion.",01-EVERYTHING-WE-ARE-KEEPING.md / section aggregate,NOT_APPLICABLE
CAN-SECTION-0229,Lamha must implement the originals behavior for People and faces and satisfy every linked acceptance criterion.,SUPERSEDED_GENERATED_TEMPLATE,"Generated wrapper asserted behavior or proof without a record-specific actor, trigger, observable result, and failure criterion.",01-EVERYTHING-WE-ARE-KEEPING.md / section aggregate,NOT_APPLICABLE
CAN-SECTION-0230,Lamha must implement the 35. Desktop User Experience behavior for People and faces and satisfy every linked acceptance criterion.,SUPERSEDED_GENERATED_TEMPLATE,"Generated wrapper asserted behavior or proof without a record-specific actor, trigger, observable result, and failure criterion.",01-EVERYTHING-WE-ARE-KEEPING.md / section aggregate,NOT_APPLICABLE
CAN-SECTION-0231,Lamha must implement the 36. Target Local Architecture We Are Keeping behavior for People and faces and satisfy every linked acceptance criterion.,SUPERSEDED_GENERATED_TEMPLATE,"Generated wrapper asserted behavior or proof without a record-specific actor, trigger, observable result, and failure criterion.",01-EVERYTHING-WE-ARE-KEEPING.md / section aggregate,NOT_APPLICABLE
CAN-SECTION-0232,Lamha must implement the 26. Risk Management behavior for People and faces and satisfy every linked acceptance criterion.,SUPERSEDED_GENERATED_TEMPLATE,"Generated wrapper asserted behavior or proof without a record-specific actor, trigger, observable result, and failure criterion.",03-HOW-WE-WILL-KEEP-DELETE-AND-CHANGE.md / section aggregate,NOT_APPLICABLE
CAN-SECTION-0233,Lamha must implement the 2.2 Single physical media copy behavior for Search and OCR and satisfy every linked acceptance criterion.,SUPERSEDED_GENERATED_TEMPLATE,"Generated wrapper asserted behavior or proof without a record-specific actor, trigger, observable result, and failure criterion.",01-EVERYTHING-WE-ARE-KEEPING.md / section aggregate,NOT_APPLICABLE
CAN-SECTION-0234,Lamha must implement the 36. Target Local Architecture We Are Keeping behavior for Search and OCR and satisfy every linked acceptance criterion.,SUPERSEDED_GENERATED_TEMPLATE,"Generated wrapper asserted behavior or proof without a record-specific actor, trigger, observable result, and failure criterion.",01-EVERYTHING-WE-ARE-KEEPING.md / section aggregate,NOT_APPLICABLE
CAN-SECTION-0235,Lamha must implement the 2.1 Local-first operation behavior for Local data authority and satisfy every linked acceptance criterion.,SUPERSEDED_GENERATED_TEMPLATE,"Generated wrapper asserted behavior or proof without a record-specific actor, trigger, observable result, and failure criterion.",01-EVERYTHING-WE-ARE-KEEPING.md / section aggregate,NOT_APPLICABLE
CAN-SECTION-0236,Lamha must implement the 2.6 Non-destructive defaults behavior for Local data authority and satisfy every linked acceptance criterion.,SUPERSEDED_GENERATED_TEMPLATE,"Generated wrapper asserted behavior or proof without a record-specific actor, trigger, observable result, and failure criterion.",01-EVERYTHING-WE-ARE-KEEPING.md / section aggregate,NOT_APPLICABLE
