Package ID,Canonical ID,Candidate placement,Final placement,Exact authority owner,Exact implementation owner,Exact shared mechanism,Exact Codebase evidence,Exact contract evidence,Exact schema evidence,Exact test evidence,Exact failure/recovery evidence,Alternative considered,Final decision,Item-specific rationale,Evidence sources,Reviewer role,Review revision,Verification status
WP-I0-011,CAN-FAIL-02,WP-I0-011,WP-I0-011,Active-plan authority adoption,Active-plan authority adoption,"Every member governs planning execution authority, evidence completion, or audit completeness rather than a product feature.",Codebase/mobile/packages/ui/lib/src/previews/password_input.dart;Codebase/server/test/repositories/config.repository.mock.ts;Codebase/server/test/repositories/metadata.repository.mock.ts;Codebase/server/test/repositories/system-metadata.repository.mock.ts,Planning tracker and completion-status contracts,Completion tracker and planning evidence records,No-placeholder production behavior gate.,Typed failure result; no partial authoritative state is claimed; No unrelated authoritative state is modified,,VERIFIED,"Requirement CAN-FAIL-02 source locator lines 99-99 and Codebase evidence ['Codebase/mobile/packages/ui/lib/src/previews/password_input.dart', 'Codebase/server/test/repositories/config.repository.mock.ts'] support placement in WP-I0-011.",requirements.csv:lines 99-99; reviewed-actionable-requirements-v3.csv:CAN-FAIL-02; code_evidence_references,PASS_B_INDEPENDENT_EVIDENCE_REVIEWER,2026-08-06-pass-b-v2,VERIFIED
WP-I3-006,CAN-FAIL-04,WP-I3-006,WP-I3-006,Sidecar write protocol,Sidecar write protocol,All members concern writing or separating authoritative sidecar content without corrupting existing bytes.,Codebase/docs/docs/features/xmp-sidecars.md;Codebase/server/src/schema/migrations/1764698859174-SidecarInAssetFile.ts;Codebase/web/src/lib/components/AssetViewerEvents.svelte;Codebase/web/src/lib/components/sharedlinks-page/covers/__tests__/AssetCover.spec.ts,Sidecar write protocol contracts,Asset and XMP sidecar records,Sidecar coexistence and reconciliation gate.,Typed failure result; no partial authoritative state is claimed; No unrelated authoritative state is modified,,VERIFIED,"Requirement CAN-FAIL-04 source locator lines 101-101 and Codebase evidence ['Codebase/docs/docs/features/xmp-sidecars.md', 'Codebase/server/src/schema/migrations/1764698859174-SidecarInAssetFile.ts'] support placement in WP-I3-006.",requirements.csv:lines 101-101; reviewed-actionable-requirements-v3.csv:CAN-FAIL-04; code_evidence_references,PASS_B_INDEPENDENT_EVIDENCE_REVIEWER,2026-08-06-pass-b-v2,VERIFIED
WP-I6-009,CAN-FAIL-05,WP-I6-009,WP-I6-009,Event filesystem materialization plan,Event filesystem materialization plan,"The package is bounded to the event filesystem materialization plan architectural surface and its direct contracts, records, and tests.",Codebase/mobile/lib/domain/services/sync_linked_album.service.dart;Codebase/web/src/lib/managers/event-manager.svelte.ts;Codebase/web/src/lib/utils/base-event-manager.svelte.ts;Codebase/web/src/routes/(user)/people/manage/ManagePeopleVisibility.test-wrapper.svelte,"Contracts affected by requirements CAN-FAIL-05, CAN-FAIL-11, CAN-LAM-ARCH-037, CAN-LAM-ASSET-070, CAN-LAM-EVENT-002, CAN-LAM-EVENT-045, CAN-LAM-EVENT-057, CAN-LAM-EVENT-058...; registry references are resolved in the package packet.","Schemas affected by requirements CAN-FAIL-05, CAN-FAIL-11, CAN-LAM-ARCH-037, CAN-LAM-ASSET-070, CAN-LAM-EVENT-002, CAN-LAM-EVENT-045, CAN-LAM-EVENT-057, CAN-LAM-EVENT-058...; schema paths are resolved in the package packet.",Zero-category-folder materialization gate.,Explicit failure/preservation clause in the statement is preserved; Explicit preservation clause in the statement is preserved,,VERIFIED,"Requirement CAN-FAIL-05 source locator lines 102-102 and Codebase evidence ['Codebase/mobile/lib/domain/services/sync_linked_album.service.dart', 'Codebase/web/src/lib/managers/event-manager.svelte.ts'] support placement in WP-I6-009.",requirements.csv:lines 102-102; reviewed-actionable-requirements-v3.csv:CAN-FAIL-05; code_evidence_references,PASS_B_INDEPENDENT_EVIDENCE_REVIEWER,2026-08-06-pass-b-v2,VERIFIED
WP-I3-009,CAN-FAIL-10,WP-I3-009,WP-I3-009,Derived-index rebuild contract,Derived-index rebuild contract,"Reviewed cross-capability package: Derived-index rebuild contract is a shared architectural surface used by Filesystem transactions and recovery, Local data authority, Sidecars and metadata authority. Membership is linked by the same contract/record/workflow boundary, not source order or capacity.",Codebase/mobile/openapi/lib/model/sync_album_to_asset_delete_v1.dart;Codebase/server/src/schema/migrations/1750780093818-AddAlbumToAssetDeleteTrigger.ts;Codebase/server/test/medium/specs/sync/sync-album-asset.spec.ts;Codebase/server/test/medium/specs/sync/sync-album-to-asset.spec.ts,"Contracts affected by requirements CAN-FAIL-10, CAN-LAM-AI-006, CAN-LAM-AI-027, CAN-LAM-ASSET-040, CAN-LAM-ASSET-044, CAN-LAM-EVENT-005, CAN-LAM-INV-META-03, CAN-LAM-META-032...; registry references are resolved in the package packet.","Schemas affected by requirements CAN-FAIL-10, CAN-LAM-AI-006, CAN-LAM-AI-027, CAN-LAM-ASSET-040, CAN-LAM-ASSET-044, CAN-LAM-EVENT-005, CAN-LAM-INV-META-03, CAN-LAM-META-032...; schema paths are resolved in the package packet.",Derived-index rebuild and decision-survival gate.,Explicit failure/preservation clause in the statement is preserved; Explicit preservation clause in the statement is preserved,,VERIFIED,"Requirement CAN-FAIL-10 source locator lines 107-107 and Codebase evidence ['Codebase/mobile/openapi/lib/model/sync_album_to_asset_delete_v1.dart', 'Codebase/server/src/schema/migrations/1750780093818-AddAlbumToAssetDeleteTrigger.ts'] support placement in WP-I3-009.",requirements.csv:lines 107-107; reviewed-actionable-requirements-v3.csv:CAN-FAIL-10; code_evidence_references,PASS_B_INDEPENDENT_EVIDENCE_REVIEWER,2026-08-06-pass-b-v2,VERIFIED
WP-I6-009,CAN-FAIL-11,WP-I6-009,WP-I6-009,Event filesystem materialization plan,Event filesystem materialization plan,"The package is bounded to the event filesystem materialization plan architectural surface and its direct contracts, records, and tests.",Codebase/machine-learning/test_main.py;Codebase/mobile/test/modules/map/map_theme_override_test.dart;Codebase/web/src/lib/assets/empty-folders.svg;Codebase/web/src/lib/components/AssetViewerEvents.svelte,"Contracts affected by requirements CAN-FAIL-05, CAN-FAIL-11, CAN-LAM-ARCH-037, CAN-LAM-ASSET-070, CAN-LAM-EVENT-002, CAN-LAM-EVENT-045, CAN-LAM-EVENT-057, CAN-LAM-EVENT-058...; registry references are resolved in the package packet.","Schemas affected by requirements CAN-FAIL-05, CAN-FAIL-11, CAN-LAM-ARCH-037, CAN-LAM-ASSET-070, CAN-LAM-EVENT-002, CAN-LAM-EVENT-045, CAN-LAM-EVENT-057, CAN-LAM-EVENT-058...; schema paths are resolved in the package packet.",Linked-folder immobility gate.,Typed failure result; no partial authoritative state is claimed; No unrelated authoritative state is modified,,VERIFIED,"Requirement CAN-FAIL-11 source locator lines 108-108 and Codebase evidence ['Codebase/machine-learning/test_main.py', 'Codebase/mobile/test/modules/map/map_theme_override_test.dart'] support placement in WP-I6-009.",requirements.csv:lines 108-108; reviewed-actionable-requirements-v3.csv:CAN-FAIL-11; code_evidence_references,PASS_B_INDEPENDENT_EVIDENCE_REVIEWER,2026-08-06-pass-b-v2,VERIFIED
WP-I8-007,CAN-FAIL-12,WP-I8-007,WP-I8-007,Photographer camera-owner importer attribution,Photographer camera-owner importer attribution,"The package is bounded to the photographer camera-owner importer attribution architectural surface and its direct contracts, records, and tests.",Codebase/server/src/dtos/system-metadata.dto.ts;Codebase/server/src/services/metadata.service.spec.ts;Codebase/server/src/services/metadata.service.ts;Codebase/web/src/lib/utils/duplicate-utils.ts,"Contracts affected by requirements CAN-FAIL-12, CAN-LAM-ARCH-177, CAN-LAM-ARCH-390, CAN-LAM-ASSET-013, CAN-LAM-ASSET-037, CAN-LAM-ASSET-060, CAN-LAM-ASSET-066, CAN-LAM-ASSET-088...; registry references are resolved in the package packet.","Schemas affected by requirements CAN-FAIL-12, CAN-LAM-ARCH-177, CAN-LAM-ARCH-390, CAN-LAM-ASSET-013, CAN-LAM-ASSET-037, CAN-LAM-ASSET-060, CAN-LAM-ASSET-066, CAN-LAM-ASSET-088...; schema paths are resolved in the package packet.",Attribution role-separation gate.,Explicit failure/preservation clause in the statement is preserved; Explicit preservation clause in the statement is preserved,,VERIFIED,"Requirement CAN-FAIL-12 source locator lines 109-109 and Codebase evidence ['Codebase/server/src/dtos/system-metadata.dto.ts', 'Codebase/server/src/services/metadata.service.spec.ts'] support placement in WP-I8-007.",requirements.csv:lines 109-109; reviewed-actionable-requirements-v3.csv:CAN-FAIL-12; code_evidence_references,PASS_B_INDEPENDENT_EVIDENCE_REVIEWER,2026-08-06-pass-b-v2,VERIFIED
WP-I6-002,CAN-FAIL-13,WP-I6-002,WP-I6-002,Event authoritative records,Event authoritative records,"All members define, persist, or project authoritative event records and keep them consistent with reviewed schemas.",Codebase/web/src/lib/components/AssetViewerEvents.svelte;Codebase/web/src/lib/components/asset-viewer/PhotoViewer.svelte;Codebase/web/src/routes/(user)/people/[personId]/[[photos=photos]]/[[assetId=id]]/+page.svelte;Codebase/web/src/routes/(user)/people/[personId]/[[photos=photos]]/[[assetId=id]]/+page.ts,Event authoritative record and projection contracts,Event record and event projection schemas,Attendee-versus-visible-person separation gate.,Typed failure result; no partial authoritative state is claimed; Explicit preservation clause in the statement is preserved,,VERIFIED,"Requirement CAN-FAIL-13 source locator lines 110-110 and Codebase evidence ['Codebase/web/src/lib/components/AssetViewerEvents.svelte', 'Codebase/web/src/lib/components/asset-viewer/PhotoViewer.svelte'] support placement in WP-I6-002.",requirements.csv:lines 110-110; reviewed-actionable-requirements-v3.csv:CAN-FAIL-13; code_evidence_references,PASS_B_INDEPENDENT_EVIDENCE_REVIEWER,2026-08-06-pass-b-v2,VERIFIED
WP-I7-007,CAN-FAIL-15,WP-I7-007,WP-I7-007,Group identity model,Group identity model,"The package is bounded to the group identity model architectural surface and its direct contracts, records, and tests.",Codebase/mobile/lib/widgets/settings/asset_list_settings/asset_list_group_settings.dart;Codebase/server/src/dtos/duplicate.dto.ts;Codebase/server/src/schema/migrations/1775165531374-AddPersonNameTrigramIndex.ts;Codebase/web/src/lib/utils/album-utils.ts,"Contracts affected by requirements CAN-FAIL-15, CAN-LAM-ARCH-120, CAN-LAM-ARCH-383, CAN-LAM-ARCH-384, CAN-LAM-EVENT-041, CAN-LAM-INV-PERSON-01, CAN-LAM-PERSON-010, CAN-LAM-PERSON-013...; registry references are resolved in the package packet.","Schemas affected by requirements CAN-FAIL-15, CAN-LAM-ARCH-120, CAN-LAM-ARCH-383, CAN-LAM-ARCH-384, CAN-LAM-EVENT-041, CAN-LAM-INV-PERSON-01, CAN-LAM-PERSON-010, CAN-LAM-PERSON-013...; schema paths are resolved in the package packet.",Nested-group and cycle-rejection gate.,Typed failure result; no partial authoritative state is claimed; Explicit preservation clause in the statement is preserved,,VERIFIED,"Requirement CAN-FAIL-15 source locator lines 112-112 and Codebase evidence ['Codebase/mobile/lib/widgets/settings/asset_list_settings/asset_list_group_settings.dart', 'Codebase/server/src/dtos/duplicate.dto.ts'] support placement in WP-I7-007.",requirements.csv:lines 112-112; reviewed-actionable-requirements-v3.csv:CAN-FAIL-15; code_evidence_references,PASS_B_INDEPENDENT_EVIDENCE_REVIEWER,2026-08-06-pass-b-v2,VERIFIED
WP-I6-008,CAN-FAIL-17,WP-I6-008,WP-I6-008,Date and location boundaries,Date and location boundaries,"Reviewed cross-capability package: Date and location boundaries is a shared architectural surface used by Events and organization, Libraries and storage, Map and location. Membership is linked by the same contract/record/workflow boundary, not source order or capacity.",Codebase/mobile/lib/domain/models/events.model.dart;Codebase/mobile/openapi/lib/model/folders_update.dart;Codebase/mobile/test/modules/extensions/datetime_extensions_test.dart;Codebase/mobile/test/modules/utils/datetime_helpers_test.dart,"Contracts affected by requirements CAN-FAIL-17, CAN-LAM-ARCH-036, CAN-LAM-ARCH-054, CAN-LAM-ASSET-038, CAN-LAM-ASSET-047, CAN-LAM-EVENT-009, CAN-LAM-EVENT-020, CAN-LAM-EVENT-021...; registry references are resolved in the package packet.","Schemas affected by requirements CAN-FAIL-17, CAN-LAM-ARCH-036, CAN-LAM-ARCH-054, CAN-LAM-ASSET-038, CAN-LAM-ASSET-047, CAN-LAM-EVENT-009, CAN-LAM-EVENT-020, CAN-LAM-EVENT-021...; schema paths are resolved in the package packet.",Midnight continuity and suggestion-only gate.,Typed failure result; no partial authoritative state is claimed; Explicit preservation clause in the statement is preserved,,VERIFIED,"Requirement CAN-FAIL-17 source locator lines 114-114 and Codebase evidence ['Codebase/mobile/lib/domain/models/events.model.dart', 'Codebase/mobile/openapi/lib/model/folders_update.dart'] support placement in WP-I6-008.",requirements.csv:lines 114-114; reviewed-actionable-requirements-v3.csv:CAN-FAIL-17; code_evidence_references,PASS_B_INDEPENDENT_EVIDENCE_REVIEWER,2026-08-06-pass-b-v2,VERIFIED
WP-I0-011,CAN-FAIL-19,WP-I0-011,WP-I0-011,Active-plan authority adoption,Active-plan authority adoption,"Every member governs planning execution authority, evidence completion, or audit completeness rather than a product feature.",Codebase/mobile/android/app/src/main/kotlin/app/alextran/immich/sync/MediaTrashDelegate.kt;Codebase/mobile/integration_test/module_login/login_input_validation_test.dart;Codebase/mobile/lib/widgets/settings/asset_viewer_settings/image_viewer_tap_to_navigate_setting.dart;Codebase/mobile/test/presentation/widgets/images/cache_aware_listener_tracker_mixin_test.dart,Planning tracker and completion-status contracts,Completion tracker and planning evidence records,Tracker proof-linkage gate.,Typed failure result; no partial authoritative state is claimed; No unrelated authoritative state is modified,,VERIFIED,"Requirement CAN-FAIL-19 source locator lines 116-116 and Codebase evidence ['Codebase/mobile/android/app/src/main/kotlin/app/alextran/immich/sync/MediaTrashDelegate.kt', 'Codebase/mobile/integration_test/module_login/login_input_validation_test.dart'] support placement in WP-I0-011.",requirements.csv:lines 116-116; reviewed-actionable-requirements-v3.csv:CAN-FAIL-19; code_evidence_references,PASS_B_INDEPENDENT_EVIDENCE_REVIEWER,2026-08-06-pass-b-v2,VERIFIED
WP-I0-011,CAN-FAIL-23,WP-I0-011,WP-I0-011,Active-plan authority adoption,Active-plan authority adoption,"Every member governs planning execution authority, evidence completion, or audit completeness rather than a product feature.",Codebase/server/src/schema/migrations/1776332807985-SetOAuthAllowInsecureRequests.ts;Codebase/server/src/services/storage.service.ts;Codebase/web/src/lib/components/layouts/AuthPageLayout.svelte;Codebase/web/src/lib/components/shared-components/side-bar/UserSidebar.svelte,Planning tracker and completion-status contracts,Completion tracker and planning evidence records,Execution transcript and handoff gate.,Explicit failure/preservation clause in the statement is preserved; No unrelated authoritative state is modified,,VERIFIED,"Requirement CAN-FAIL-23 source locator lines 120-120 and Codebase evidence ['Codebase/server/src/schema/migrations/1776332807985-SetOAuthAllowInsecureRequests.ts', 'Codebase/server/src/services/storage.service.ts'] support placement in WP-I0-011.",requirements.csv:lines 120-120; reviewed-actionable-requirements-v3.csv:CAN-FAIL-23; code_evidence_references,PASS_B_INDEPENDENT_EVIDENCE_REVIEWER,2026-08-06-pass-b-v2,VERIFIED
WP-I0-011,CAN-FAIL-24,WP-I0-011,WP-I0-011,Active-plan authority adoption,Active-plan authority adoption,"Every member governs planning execution authority, evidence completion, or audit completeness rather than a product feature.",Codebase/mobile/openapi/lib/model/asset_metadata_upsert_dto.dart;Codebase/mobile/openapi/lib/model/search_album_response_dto.dart;Codebase/open-api/templates/mobile/serialization/native/native_class_nullable_items_in_arrays.patch;Codebase/web/src/lib/components/shared-components/tree/TreeItems.svelte,Planning tracker and completion-status contracts,Completion tracker and planning evidence records,Anti-guessing evidence gate.,Typed failure result; no partial authoritative state is claimed; Explicit preservation clause in the statement is preserved,,VERIFIED,"Requirement CAN-FAIL-24 source locator lines 121-121 and Codebase evidence ['Codebase/mobile/openapi/lib/model/asset_metadata_upsert_dto.dart', 'Codebase/mobile/openapi/lib/model/search_album_response_dto.dart'] support placement in WP-I0-011.",requirements.csv:lines 121-121; reviewed-actionable-requirements-v3.csv:CAN-FAIL-24; code_evidence_references,PASS_B_INDEPENDENT_EVIDENCE_REVIEWER,2026-08-06-pass-b-v2,VERIFIED
WP-I8-006,CAN-FAIL-25,WP-I8-006,WP-I8-006,Relationship projections and views,Relationship projections and views,"Reviewed cross-capability package: Relationship projections and views is a shared architectural surface used by Metadata, People and faces, Relationships and attribution. Membership is linked by the same contract/record/workflow boundary, not source order or capacity.",Codebase/mobile/openapi/lib/api/views_api.dart;Codebase/mobile/packages/ui/lib/src/previews.dart;Codebase/mobile/packages/ui/lib/src/previews/form.dart;Codebase/web/src/lib/components/asset-viewer/DetailPanelPeople.svelte,"Contracts affected by requirements CAN-FAIL-25, CAN-LAM-ASSET-045, CAN-LAM-ASSET-082, CAN-LAM-ASSET-083, CAN-LAM-PERSON-004, CAN-LAM-PERSON-014, CAN-LAM-PERSON-073, CAN-LAM-PERSON-077; registry references are resolved in the package packet.","Schemas affected by requirements CAN-FAIL-25, CAN-LAM-ASSET-045, CAN-LAM-ASSET-082, CAN-LAM-ASSET-083, CAN-LAM-PERSON-004, CAN-LAM-PERSON-014, CAN-LAM-PERSON-073, CAN-LAM-PERSON-077; schema paths are resolved in the package packet.",Relationship history and nine-view projection gate.,Typed failure result; no partial authoritative state is claimed; Explicit preservation clause in the statement is preserved,,VERIFIED,"Requirement CAN-FAIL-25 source locator lines 122-122 and Codebase evidence ['Codebase/mobile/openapi/lib/api/views_api.dart', 'Codebase/mobile/packages/ui/lib/src/previews.dart'] support placement in WP-I8-006.",requirements.csv:lines 122-122; reviewed-actionable-requirements-v3.csv:CAN-FAIL-25; code_evidence_references,PASS_B_INDEPENDENT_EVIDENCE_REVIEWER,2026-08-06-pass-b-v2,VERIFIED
WP-I0-011,CAN-FAIL-27,WP-I0-011,WP-I0-011,Active-plan authority adoption,Active-plan authority adoption,"Every member governs planning execution authority, evidence completion, or audit completeness rather than a product feature.",Codebase/mobile/test/medium/repositories/backup_repository_test.dart;Codebase/mobile/test/medium/repositories/settings_repository_test.dart;Codebase/mobile/test/medium/repositories/timeline_repository_test.dart;Codebase/mobile/test/unit/repositories/settings_repository_test.dart,Planning tracker and completion-status contracts,Completion tracker and planning evidence records,Workspace-boundary structural gate.,Explicit failure/preservation clause in the statement is preserved; Explicit preservation clause in the statement is preserved,,VERIFIED,"Requirement CAN-FAIL-27 source locator lines 124-124 and Codebase evidence ['Codebase/mobile/test/medium/repositories/backup_repository_test.dart', 'Codebase/mobile/test/medium/repositories/settings_repository_test.dart'] support placement in WP-I0-011.",requirements.csv:lines 124-124; reviewed-actionable-requirements-v3.csv:CAN-FAIL-27; code_evidence_references,PASS_B_INDEPENDENT_EVIDENCE_REVIEWER,2026-08-06-pass-b-v2,VERIFIED
WP-I0-011,CAN-FAIL-32,WP-I0-011,WP-I0-011,Active-plan authority adoption,Active-plan authority adoption,"Every member governs planning execution authority, evidence completion, or audit completeness rather than a product feature.",Codebase/mobile/lib/widgets/forms/pin_verification_form.dart;Codebase/server/src/utils/workflow.ts;Codebase/server/test/medium/specs/services/workflow.service.spec.ts;Codebase/server/test/medium/specs/workflow/workflow-core-plugin.spec.ts,Planning tracker and completion-status contracts,Completion tracker and planning evidence records,Phase-transition audit gate.,Typed failure result; no partial authoritative state is claimed; No unrelated authoritative state is modified,,VERIFIED,"Requirement CAN-FAIL-32 source locator lines 129-129 and Codebase evidence ['Codebase/mobile/lib/widgets/forms/pin_verification_form.dart', 'Codebase/server/src/utils/workflow.ts'] support placement in WP-I0-011.",requirements.csv:lines 129-129; reviewed-actionable-requirements-v3.csv:CAN-FAIL-32; code_evidence_references,PASS_B_INDEPENDENT_EVIDENCE_REVIEWER,2026-08-06-pass-b-v2,VERIFIED
WP-I3-009,CAN-LAM-AI-006,WP-I3-009,WP-I3-009,Sidecars and metadata authority,Derived-index rebuild contract,"Reviewed cross-capability package: Derived-index rebuild contract is a shared architectural surface used by Filesystem transactions and recovery, Local data authority, Sidecars and metadata authority. Membership is linked by the same contract/record/workflow boundary, not source order or capacity.",Codebase/server/src/dtos/system-metadata.dto.ts;Codebase/server/src/repositories/metadata.repository.ts;Codebase/server/src/services/metadata.service.spec.ts;Codebase/server/src/services/metadata.service.ts,"Contracts affected by requirements CAN-FAIL-10, CAN-LAM-AI-006, CAN-LAM-AI-027, CAN-LAM-ASSET-040, CAN-LAM-ASSET-044, CAN-LAM-EVENT-005, CAN-LAM-INV-META-03, CAN-LAM-META-032...; registry references are resolved in the package packet.","Schemas affected by requirements CAN-FAIL-10, CAN-LAM-AI-006, CAN-LAM-AI-027, CAN-LAM-ASSET-040, CAN-LAM-ASSET-044, CAN-LAM-EVENT-005, CAN-LAM-INV-META-03, CAN-LAM-META-032...; schema paths are resolved in the package packet.","Given versioned AI authority records and a populated SQLite projection, when SQLite is deleted and rebuilt, then every saved decision, suppression, pending overlay, and history revision reappears with matching identifiers and values.",Typed failure result; no partial authoritative state is claimed; Explicit preservation clause in the statement is preserved,,VERIFIED,"Requirement CAN-LAM-AI-006 source locator lines 64-64 and Codebase evidence ['Codebase/server/src/dtos/system-metadata.dto.ts', 'Codebase/server/src/repositories/metadata.repository.ts'] support placement in WP-I3-009.",requirements.csv:lines 64-64; reviewed-actionable-requirements-v3.csv:CAN-LAM-AI-006; code_evidence_references,PASS_B_INDEPENDENT_EVIDENCE_REVIEWER,2026-08-06-pass-b-v2,VERIFIED
WP-I10-011,CAN-LAM-AI-018,WP-I10-011,WP-I10-011,Duplicates,Duplicate and similarity candidates,All members produce or compare duplicate/similarity evidence and keep every destructive outcome behind explicit review/plan approval.,Codebase/server/src/dtos/duplicate.dto.ts;Codebase/server/src/utils/duplicate.spec.ts;Codebase/server/src/utils/duplicate.ts;Codebase/web/src/lib/utils/duplicate-utils.ts,"Duplicate candidate, comparison, burst, preview, retained-file, and AI-data-control contracts","Duplicate candidate, comparison evidence, burst group, and similarity projection records",Duplicate-candidate fixture with evidence checks.,Explicit failure/preservation clause in the statement is preserved; No unrelated authoritative state is modified,,VERIFIED,"Requirement CAN-LAM-AI-018 source locator lines 392-392 and Codebase evidence ['Codebase/server/src/dtos/duplicate.dto.ts', 'Codebase/server/src/utils/duplicate.spec.ts'] support placement in WP-I10-011.",requirements.csv:lines 392-392; reviewed-actionable-requirements-v3.csv:CAN-LAM-AI-018; code_evidence_references,PASS_B_INDEPENDENT_EVIDENCE_REVIEWER,2026-08-06-pass-b-v2,VERIFIED
WP-I3-009,CAN-LAM-AI-027,WP-I3-009,WP-I3-009,Local data authority,Derived-index rebuild contract,"Reviewed cross-capability package: Derived-index rebuild contract is a shared architectural surface used by Filesystem transactions and recovery, Local data authority, Sidecars and metadata authority. Membership is linked by the same contract/record/workflow boundary, not source order or capacity.",Codebase/mobile/lib/utils/migration.dart;Codebase/server/src/repositories/database.repository.ts;Codebase/server/src/repositories/search.repository.ts;Codebase/web/src/lib/managers/memory-manager.svelte.ts,"Contracts affected by requirements CAN-FAIL-10, CAN-LAM-AI-006, CAN-LAM-AI-027, CAN-LAM-ASSET-040, CAN-LAM-ASSET-044, CAN-LAM-EVENT-005, CAN-LAM-INV-META-03, CAN-LAM-META-032...; registry references are resolved in the package packet.","Schemas affected by requirements CAN-FAIL-10, CAN-LAM-AI-006, CAN-LAM-AI-027, CAN-LAM-ASSET-040, CAN-LAM-ASSET-044, CAN-LAM-EVENT-005, CAN-LAM-INV-META-03, CAN-LAM-META-032...; schema paths are resolved in the package packet.",Rebuild fixture must restore embeddings/index from authority records.,Typed failure result; no partial authoritative state is claimed; No unrelated authoritative state is modified,,VERIFIED,"Requirement CAN-LAM-AI-027 source locator lines 1445-1445 and Codebase evidence ['Codebase/mobile/lib/utils/migration.dart', 'Codebase/server/src/repositories/database.repository.ts'] support placement in WP-I3-009.",requirements.csv:lines 1445-1445; reviewed-actionable-requirements-v3.csv:CAN-LAM-AI-027; code_evidence_references,PASS_B_INDEPENDENT_EVIDENCE_REVIEWER,2026-08-06-pass-b-v2,VERIFIED
WP-I10-011,CAN-LAM-AI-039,WP-I10-011,WP-I10-011,Duplicates,Duplicate and similarity candidates,All members produce or compare duplicate/similarity evidence and keep every destructive outcome behind explicit review/plan approval.,Codebase/mobile/lib/services/background_upload.service.dart;Codebase/mobile/lib/services/cleanup.service.dart;Codebase/mobile/lib/services/foreground_upload.service.dart;Codebase/server/src/services/metadata.service.ts,"Duplicate candidate, comparison, burst, preview, retained-file, and AI-data-control contracts","Duplicate candidate, comparison evidence, burst group, and similarity projection records",Similar-photo candidate fixture.,Explicit failure/preservation clause in the statement is preserved; No unrelated authoritative state is modified,,VERIFIED,"Requirement CAN-LAM-AI-039 source locator lines 1766-1766 and Codebase evidence ['Codebase/mobile/lib/services/background_upload.service.dart', 'Codebase/mobile/lib/services/cleanup.service.dart'] support placement in WP-I10-011.",requirements.csv:lines 1766-1766; reviewed-actionable-requirements-v3.csv:CAN-LAM-AI-039; code_evidence_references,PASS_B_INDEPENDENT_EVIDENCE_REVIEWER,2026-08-06-pass-b-v2,VERIFIED
WP-I8-001,CAN-LAM-AI-042,WP-I8-001,WP-I8-001,Metadata,Tag records and namespaces,"Reviewed cross-capability package: Tag records and namespaces is a shared architectural surface used by Metadata, Relationships and attribution, Tags. Membership is linked by the same contract/record/workflow boundary, not source order or capacity.",Codebase/server/src/controllers/asset.controller.ts;Codebase/server/src/repositories/metadata.repository.ts;Codebase/server/src/services/metadata.service.ts;Codebase/web/src/lib/components/asset-viewer/DetailPanelTags.svelte,"Contracts affected by requirements CAN-LAM-AI-042, CAN-LAM-ARCH-164, CAN-LAM-ARCH-386, CAN-LAM-ASSET-075, CAN-LAM-PERSON-068; registry references are resolved in the package packet.","Schemas affected by requirements CAN-LAM-AI-042, CAN-LAM-ARCH-164, CAN-LAM-ARCH-386, CAN-LAM-ASSET-075, CAN-LAM-PERSON-068; schema paths are resolved in the package packet.",AI-tag privacy fixture.,Explicit failure/preservation clause in the statement is preserved; Explicit preservation clause in the statement is preserved,,VERIFIED,"Requirement CAN-LAM-AI-042 source locator lines 1957-1957 and Codebase evidence ['Codebase/server/src/controllers/asset.controller.ts', 'Codebase/server/src/repositories/metadata.repository.ts'] support placement in WP-I8-001.",requirements.csv:lines 1957-1957; reviewed-actionable-requirements-v3.csv:CAN-LAM-AI-042; code_evidence_references,PASS_B_INDEPENDENT_EVIDENCE_REVIEWER,2026-08-06-pass-b-v2,VERIFIED
WP-I5-010,CAN-LAM-AI-043,WP-I5-010,WP-I5-010,Review Centre,Review-state mutations,"All members mutate or persist review-item state; read-only navigation, filtering, and reveal behaviors were moved to dedicated I5 packages.",Codebase/server/src/repositories/workflow.repository.ts;Codebase/server/src/services/workflow.service.ts;Codebase/web/src/lib/components/asset-viewer/PhotoSphereViewerAdapter.svelte,Review decision and transition contracts,Review item and review decision records,Suppression-rule fixture.,Typed failure result; no partial authoritative state is claimed; No unrelated authoritative state is modified,,VERIFIED,"Requirement CAN-LAM-AI-043 source locator lines 2014-2014 and Codebase evidence ['Codebase/server/src/repositories/workflow.repository.ts', 'Codebase/server/src/services/workflow.service.ts'] support placement in WP-I5-010.",requirements.csv:lines 2014-2014; reviewed-actionable-requirements-v3.csv:CAN-LAM-AI-043; code_evidence_references,PASS_B_INDEPENDENT_EVIDENCE_REVIEWER,2026-08-06-pass-b-v2,VERIFIED
WP-I8-002,CAN-LAM-AI-076,WP-I8-002,WP-I8-002,Relationships and attribution,Tag candidates and review,All members manage the candidate-to-approved tag lifecycle and suppression without bypassing review.,Codebase/web/src/lib/components/faces-page/AssignFaceSidePanel.svelte;Codebase/web/src/lib/components/faces-page/PeopleSearch.svelte;Codebase/web/src/routes/(user)/people/[personId]/[[photos=photos]]/[[assetId=id]]/MergeFaceSelector.svelte;Codebase/web/src/routes/(user)/people/[personId]/[[photos=photos]]/[[assetId=id]]/UnmergeFaceSelector.svelte,"Tag candidate, suggestion, and suppression contracts","Tag candidate, suggestion, and suppression records",Suppression fixture.,Typed failure result; no partial authoritative state is claimed; No unrelated authoritative state is modified,,VERIFIED,"Requirement CAN-LAM-AI-076 source locator lines 1459-1459 and Codebase evidence ['Codebase/web/src/lib/components/faces-page/AssignFaceSidePanel.svelte', 'Codebase/web/src/lib/components/faces-page/PeopleSearch.svelte'] support placement in WP-I8-002.",requirements.csv:lines 1459-1459; reviewed-actionable-requirements-v3.csv:CAN-LAM-AI-076; code_evidence_references,PASS_B_INDEPENDENT_EVIDENCE_REVIEWER,2026-08-06-pass-b-v2,VERIFIED
WP-I3-001,CAN-LAM-ARCH-021,WP-I3-001,WP-I3-001,Filesystem transactions and recovery,Authoritative record envelope,"Reviewed cross-capability package: Authoritative record envelope is a shared architectural surface used by Filesystem transactions and recovery, Local data authority, Metadata, Sidecars and metadata authority. Membership is linked by the same contract/record/workflow boundary, not source order or capacity.",Codebase/mobile/openapi/lib/model/metadata_search_dto.dart;Codebase/server/src/dtos/asset.dto.ts;Codebase/server/tsconfig.json;Codebase/web/src/lib/utils.ts,"Contracts affected by requirements CAN-LAM-ARCH-021, CAN-LAM-ARCH-038, CAN-LAM-ARCH-144, CAN-LAM-ASSET-039, CAN-LAM-ASSET-098, CAN-LAM-ASSET-099, CAN-LAM-ASSET-108, CAN-LAM-ASSET-109...; registry references are resolved in the package packet.","Schemas affected by requirements CAN-LAM-ARCH-021, CAN-LAM-ARCH-038, CAN-LAM-ARCH-144, CAN-LAM-ASSET-039, CAN-LAM-ASSET-098, CAN-LAM-ASSET-099, CAN-LAM-ASSET-108, CAN-LAM-ASSET-109...; schema paths are resolved in the package packet.",Transaction failure-injection fixture with pre-commit recovery check.,Explicit failure/preservation clause in the statement is preserved; Explicit preservation clause in the statement is preserved,,VERIFIED,"Requirement CAN-LAM-ARCH-021 source locator lines 131-131 and Codebase evidence ['Codebase/mobile/openapi/lib/model/metadata_search_dto.dart', 'Codebase/server/src/dtos/asset.dto.ts'] support placement in WP-I3-001.",requirements.csv:lines 131-131; reviewed-actionable-requirements-v3.csv:CAN-LAM-ARCH-021; code_evidence_references,PASS_B_INDEPENDENT_EVIDENCE_REVIEWER,2026-08-06-pass-b-v2,VERIFIED
WP-I10-011,CAN-LAM-ARCH-024,WP-I10-011,WP-I10-011,Duplicates,Duplicate and similarity candidates,All members produce or compare duplicate/similarity evidence and keep every destructive outcome behind explicit review/plan approval.,Codebase/machine-learning/immich_ml/models/facial_recognition/detection.py;Codebase/machine-learning/immich_ml/models/ocr/detection.py;Codebase/mobile/openapi/lib/model/duplicate_detection_config.dart;Codebase/server/src/utils/misc.ts,"Duplicate candidate, comparison, burst, preview, retained-file, and AI-data-control contracts","Duplicate candidate, comparison evidence, burst group, and similarity projection records",Similar-image detection fixture with candidate checks.,Explicit failure/preservation clause in the statement is preserved; No unrelated authoritative state is modified,,VERIFIED,"Requirement CAN-LAM-ARCH-024 source locator lines 289-289 and Codebase evidence ['Codebase/machine-learning/immich_ml/models/facial_recognition/detection.py', 'Codebase/machine-learning/immich_ml/models/ocr/detection.py'] support placement in WP-I10-011.",requirements.csv:lines 289-289; reviewed-actionable-requirements-v3.csv:CAN-LAM-ARCH-024; code_evidence_references,PASS_B_INDEPENDENT_EVIDENCE_REVIEWER,2026-08-06-pass-b-v2,VERIFIED
WP-I8-002,CAN-LAM-ARCH-025,WP-I8-002,WP-I8-002,Tag candidates and review,Tag candidates and review,All members manage the candidate-to-approved tag lifecycle and suppression without bypassing review.,Codebase/web/src/lib/components/asset-viewer/DetailPanelTags.svelte;Codebase/web/src/lib/components/shared-components/search-bar/SearchTagsSection.svelte;Codebase/web/src/routes/(user)/tags/[[photos=photos]]/[[assetId=id]]/+page.svelte;Codebase/web/src/routes/(user)/tags/[[photos=photos]]/[[assetId=id]]/+page.ts,"Tag candidate, suggestion, and suppression contracts","Tag candidate, suggestion, and suppression records","Given an asset with an existing tag, when a new tag candidate is approved and a storage failure is injected, then the prior assignment remains authoritative and the failed revision is visible for retry.",Explicit failure/preservation clause in the statement is preserved; Explicit preservation clause in the statement is preserved,,VERIFIED,"Requirement CAN-LAM-ARCH-025 source locator lines 290-290 and Codebase evidence ['Codebase/web/src/lib/components/asset-viewer/DetailPanelTags.svelte', 'Codebase/web/src/lib/components/shared-components/search-bar/SearchTagsSection.svelte'] support placement in WP-I8-002.",requirements.csv:lines 290-290; reviewed-actionable-requirements-v3.csv:CAN-LAM-ARCH-025; code_evidence_references,PASS_B_INDEPENDENT_EVIDENCE_REVIEWER,2026-08-06-pass-b-v2,VERIFIED
WP-I5-006,CAN-LAM-ARCH-027,WP-I5-006,WP-I5-006,Albums and favorites,Albums and favorites,"Reviewed cross-capability package: Albums and favorites is a shared architectural surface used by Albums and favorites, Asset viewer, Gallery and timeline, Metadata. Membership is linked by the same contract/record/workflow boundary, not source order or capacity.",Codebase/web/src/lib/components/album-page/AlbumsList.svelte;Codebase/web/src/routes/(user)/albums/+page.svelte;Codebase/web/src/routes/(user)/albums/+page.ts;Codebase/web/src/routes/(user)/albums/AlbumsControls.svelte,"Contracts affected by requirements CAN-LAM-ARCH-027, CAN-LAM-ARCH-028, CAN-LAM-ARCH-079, CAN-LAM-ARCH-080, CAN-LAM-ARCH-231, CAN-LAM-ARCH-232, CAN-LAM-ARCH-233, CAN-LAM-ARCH-234...; registry references are resolved in the package packet.","Schemas affected by requirements CAN-LAM-ARCH-027, CAN-LAM-ARCH-028, CAN-LAM-ARCH-079, CAN-LAM-ARCH-080, CAN-LAM-ARCH-231, CAN-LAM-ARCH-232, CAN-LAM-ARCH-233, CAN-LAM-ARCH-234...; schema paths are resolved in the package packet.","Given an asset in an album, when membership is removed with an injected write failure, then the UI reports failure and the prior authoritative membership remains visible after reload.",Explicit failure/preservation clause in the statement is preserved; Explicit preservation clause in the statement is preserved,,VERIFIED,"Requirement CAN-LAM-ARCH-027 source locator lines 295-295 and Codebase evidence ['Codebase/web/src/lib/components/album-page/AlbumsList.svelte', 'Codebase/web/src/routes/(user)/albums/+page.svelte'] support placement in WP-I5-006.",requirements.csv:lines 295-295; reviewed-actionable-requirements-v3.csv:CAN-LAM-ARCH-027; code_evidence_references,PASS_B_INDEPENDENT_EVIDENCE_REVIEWER,2026-08-06-pass-b-v2,VERIFIED
WP-I5-006,CAN-LAM-ARCH-028,WP-I5-006,WP-I5-006,Gallery and timeline,Albums and favorites,"Reviewed cross-capability package: Albums and favorites is a shared architectural surface used by Albums and favorites, Asset viewer, Gallery and timeline, Metadata. Membership is linked by the same contract/record/workflow boundary, not source order or capacity.",Codebase/mobile/lib/infrastructure/repositories/timeline.repository.dart;Codebase/mobile/lib/providers/cleanup.provider.dart;Codebase/web/src/routes/(user)/favorites/[[photos=photos]]/[[assetId=id]]/+page.svelte;Codebase/web/src/routes/(user)/favorites/[[photos=photos]]/[[assetId=id]]/+page.ts,"Contracts affected by requirements CAN-LAM-ARCH-027, CAN-LAM-ARCH-028, CAN-LAM-ARCH-079, CAN-LAM-ARCH-080, CAN-LAM-ARCH-231, CAN-LAM-ARCH-232, CAN-LAM-ARCH-233, CAN-LAM-ARCH-234...; registry references are resolved in the package packet.","Schemas affected by requirements CAN-LAM-ARCH-027, CAN-LAM-ARCH-028, CAN-LAM-ARCH-079, CAN-LAM-ARCH-080, CAN-LAM-ARCH-231, CAN-LAM-ARCH-232, CAN-LAM-ARCH-233, CAN-LAM-ARCH-234...; schema paths are resolved in the package packet.",Favorites-view fixture with failure retention.,Explicit failure/preservation clause in the statement is preserved; No unrelated authoritative state is modified,,VERIFIED,"Requirement CAN-LAM-ARCH-028 source locator lines 296-296 and Codebase evidence ['Codebase/mobile/lib/infrastructure/repositories/timeline.repository.dart', 'Codebase/mobile/lib/providers/cleanup.provider.dart'] support placement in WP-I5-006.",requirements.csv:lines 296-296; reviewed-actionable-requirements-v3.csv:CAN-LAM-ARCH-028; code_evidence_references,PASS_B_INDEPENDENT_EVIDENCE_REVIEWER,2026-08-06-pass-b-v2,VERIFIED
WP-I5-007,CAN-LAM-ARCH-029,WP-I5-007,WP-I5-007,Memories,Memories experience,"Reviewed cross-capability package: Memories experience is a shared architectural surface used by Memories, People and faces, Tags. Membership is linked by the same contract/record/workflow boundary, not source order or capacity.",Codebase/mobile/openapi/lib/api/memories_api.dart;Codebase/mobile/openapi/lib/model/memories_response.dart;Codebase/mobile/openapi/lib/model/memories_update.dart;Codebase/server/src/services/memory.service.ts,"Contracts affected by requirements CAN-LAM-ARCH-029, CAN-LAM-ARCH-238, CAN-LAM-ARCH-239, CAN-LAM-ARCH-240, CAN-LAM-ARCH-241, CAN-LAM-ARCH-242, CAN-LAM-ARCH-243, CAN-LAM-EVENT-052...; registry references are resolved in the package packet.","Schemas affected by requirements CAN-LAM-ARCH-029, CAN-LAM-ARCH-238, CAN-LAM-ARCH-239, CAN-LAM-ARCH-240, CAN-LAM-ARCH-241, CAN-LAM-ARCH-242, CAN-LAM-ARCH-243, CAN-LAM-EVENT-052...; schema paths are resolved in the package packet.",Memories fixture with derivation checks.,Explicit failure/preservation clause in the statement is preserved; Explicit preservation clause in the statement is preserved,,VERIFIED,"Requirement CAN-LAM-ARCH-029 source locator lines 297-297 and Codebase evidence ['Codebase/mobile/openapi/lib/api/memories_api.dart', 'Codebase/mobile/openapi/lib/model/memories_response.dart'] support placement in WP-I5-007.",requirements.csv:lines 297-297; reviewed-actionable-requirements-v3.csv:CAN-LAM-ARCH-029; code_evidence_references,PASS_B_INDEPENDENT_EVIDENCE_REVIEWER,2026-08-06-pass-b-v2,VERIFIED
WP-I6-008,CAN-LAM-ARCH-036,WP-I6-008,WP-I6-008,Events and organization,Date and location boundaries,"Reviewed cross-capability package: Date and location boundaries is a shared architectural surface used by Events and organization, Libraries and storage, Map and location. Membership is linked by the same contract/record/workflow boundary, not source order or capacity.",Codebase/docs/docs/guides/custom-locations.md;Codebase/mobile/lib/presentation/widgets/map/map_utils.dart;Codebase/mobile/lib/utils/map_utils.dart;Codebase/web/src/lib/components/shared-components/search-bar/SearchLocationSection.svelte,"Contracts affected by requirements CAN-FAIL-17, CAN-LAM-ARCH-036, CAN-LAM-ARCH-054, CAN-LAM-ASSET-038, CAN-LAM-ASSET-047, CAN-LAM-EVENT-009, CAN-LAM-EVENT-020, CAN-LAM-EVENT-021...; registry references are resolved in the package packet.","Schemas affected by requirements CAN-FAIL-17, CAN-LAM-ARCH-036, CAN-LAM-ARCH-054, CAN-LAM-ASSET-038, CAN-LAM-ASSET-047, CAN-LAM-EVENT-009, CAN-LAM-EVENT-020, CAN-LAM-EVENT-021...; schema paths are resolved in the package packet.",Multi-location event fixture.,Explicit failure/preservation clause in the statement is preserved; Explicit preservation clause in the statement is preserved,,VERIFIED,"Requirement CAN-LAM-ARCH-036 source locator lines 356-356 and Codebase evidence ['Codebase/docs/docs/guides/custom-locations.md', 'Codebase/mobile/lib/presentation/widgets/map/map_utils.dart'] support placement in WP-I6-008.",requirements.csv:lines 356-356; reviewed-actionable-requirements-v3.csv:CAN-LAM-ARCH-036; code_evidence_references,PASS_B_INDEPENDENT_EVIDENCE_REVIEWER,2026-08-06-pass-b-v2,VERIFIED
WP-I6-009,CAN-LAM-ARCH-037,WP-I6-009,WP-I6-009,Events and organization,Event filesystem materialization plan,"The package is bounded to the event filesystem materialization plan architectural surface and its direct contracts, records, and tests.",Codebase/mobile/lib/services/activity.service.dart;Codebase/server/src/dtos/activity.dto.ts;Codebase/server/src/services/activity.service.ts;Codebase/web/src/lib/managers/activity-manager.svelte.ts,"Contracts affected by requirements CAN-FAIL-05, CAN-FAIL-11, CAN-LAM-ARCH-037, CAN-LAM-ASSET-070, CAN-LAM-EVENT-002, CAN-LAM-EVENT-045, CAN-LAM-EVENT-057, CAN-LAM-EVENT-058...; registry references are resolved in the package packet.","Schemas affected by requirements CAN-FAIL-05, CAN-FAIL-11, CAN-LAM-ARCH-037, CAN-LAM-ASSET-070, CAN-LAM-EVENT-002, CAN-LAM-EVENT-045, CAN-LAM-EVENT-057, CAN-LAM-EVENT-058...; schema paths are resolved in the package packet.",Multi-day event fixture with split confirmation.,Typed failure result; no partial authoritative state is claimed; No unrelated authoritative state is modified,,VERIFIED,"Requirement CAN-LAM-ARCH-037 source locator lines 358-358 and Codebase evidence ['Codebase/mobile/lib/services/activity.service.dart', 'Codebase/server/src/dtos/activity.dto.ts'] support placement in WP-I6-009.",requirements.csv:lines 358-358; reviewed-actionable-requirements-v3.csv:CAN-LAM-ARCH-037; code_evidence_references,PASS_B_INDEPENDENT_EVIDENCE_REVIEWER,2026-08-06-pass-b-v2,VERIFIED
WP-I3-001,CAN-LAM-ARCH-038,WP-I3-001,WP-I3-001,Sidecars and metadata authority,Authoritative record envelope,"Reviewed cross-capability package: Authoritative record envelope is a shared architectural surface used by Filesystem transactions and recovery, Local data authority, Metadata, Sidecars and metadata authority. Membership is linked by the same contract/record/workflow boundary, not source order or capacity.",Codebase/server/src/controllers/asset.controller.ts;Codebase/server/src/repositories/metadata.repository.ts;Codebase/server/src/services/metadata.service.ts;Codebase/web/src/lib/components/asset-viewer/DetailPanelDate.svelte,"Contracts affected by requirements CAN-LAM-ARCH-021, CAN-LAM-ARCH-038, CAN-LAM-ARCH-144, CAN-LAM-ASSET-039, CAN-LAM-ASSET-098, CAN-LAM-ASSET-099, CAN-LAM-ASSET-108, CAN-LAM-ASSET-109...; registry references are resolved in the package packet.","Schemas affected by requirements CAN-LAM-ARCH-021, CAN-LAM-ARCH-038, CAN-LAM-ARCH-144, CAN-LAM-ASSET-039, CAN-LAM-ASSET-098, CAN-LAM-ASSET-099, CAN-LAM-ASSET-108, CAN-LAM-ASSET-109...; schema paths are resolved in the package packet.",Tag-record fixture with schema checks.,Typed failure result; no partial authoritative state is claimed; No unrelated authoritative state is modified,,VERIFIED,"Requirement CAN-LAM-ARCH-038 source locator lines 375-375 and Codebase evidence ['Codebase/server/src/controllers/asset.controller.ts', 'Codebase/server/src/repositories/metadata.repository.ts'] support placement in WP-I3-001.",requirements.csv:lines 375-375; reviewed-actionable-requirements-v3.csv:CAN-LAM-ARCH-038; code_evidence_references,PASS_B_INDEPENDENT_EVIDENCE_REVIEWER,2026-08-06-pass-b-v2,VERIFIED
WP-I8-002,CAN-LAM-ARCH-039,WP-I8-002,WP-I8-002,Tags,Tag candidates and review,All members manage the candidate-to-approved tag lifecycle and suppression without bypassing review.,Codebase/web/src/lib/components/asset-viewer/DetailPanelTags.svelte;Codebase/web/src/lib/components/shared-components/search-bar/SearchTagsSection.svelte;Codebase/web/src/routes/(user)/tags/[[photos=photos]]/[[assetId=id]]/+page.svelte;Codebase/web/src/routes/(user)/tags/[[photos=photos]]/[[assetId=id]]/+page.ts,"Tag candidate, suggestion, and suppression contracts","Tag candidate, suggestion, and suppression records",Content-tag suggestion fixture.,Typed failure result; no partial authoritative state is claimed; No unrelated authoritative state is modified,,VERIFIED,"Requirement CAN-LAM-ARCH-039 source locator lines 390-390 and Codebase evidence ['Codebase/web/src/lib/components/asset-viewer/DetailPanelTags.svelte', 'Codebase/web/src/lib/components/shared-components/search-bar/SearchTagsSection.svelte'] support placement in WP-I8-002.",requirements.csv:lines 390-390; reviewed-actionable-requirements-v3.csv:CAN-LAM-ARCH-039; code_evidence_references,PASS_B_INDEPENDENT_EVIDENCE_REVIEWER,2026-08-06-pass-b-v2,VERIFIED
WP-I10-011,CAN-LAM-ARCH-040,WP-I10-011,WP-I10-011,Duplicates,Duplicate and similarity candidates,All members produce or compare duplicate/similarity evidence and keep every destructive outcome behind explicit review/plan approval.,Codebase/web/src/lib/utils.ts;Codebase/web/src/routes/(user)/utilities/duplicates/[[photos=photos]]/[[assetId=id]]/+page.svelte;Codebase/web/src/routes/(user)/utilities/duplicates/[[photos=photos]]/[[assetId=id]]/+page.ts;Codebase/web/src/routes/(user)/utilities/duplicates/[[photos=photos]]/[[assetId=id]]/DuplicatesCompareControl.svelte,"Duplicate candidate, comparison, burst, preview, retained-file, and AI-data-control contracts","Duplicate candidate, comparison evidence, burst group, and similarity projection records",Similar-image fixture with candidate checks.,Explicit failure/preservation clause in the statement is preserved; No unrelated authoritative state is modified,,VERIFIED,"Requirement CAN-LAM-ARCH-040 source locator lines 393-393 and Codebase evidence ['Codebase/web/src/lib/utils.ts', 'Codebase/web/src/routes/(user)/utilities/duplicates/[[photos=photos]]/[[assetId=id]]/+page.svelte'] support placement in WP-I10-011.",requirements.csv:lines 393-393; reviewed-actionable-requirements-v3.csv:CAN-LAM-ARCH-040; code_evidence_references,PASS_B_INDEPENDENT_EVIDENCE_REVIEWER,2026-08-06-pass-b-v2,VERIFIED
WP-I6-007,CAN-LAM-ARCH-051,WP-I6-007,WP-I6-007,Events and organization,Event naming and normalization,"Reviewed cross-capability package: Event naming and normalization is a shared architectural surface used by Events and organization, Libraries and storage, Metadata. Membership is linked by the same contract/record/workflow boundary, not source order or capacity.",Codebase/server/src/repositories/move.repository.ts;Codebase/server/src/services/storage-template.service.ts,"Contracts affected by requirements CAN-LAM-ARCH-051, CAN-LAM-EDGE-16, CAN-LAM-EVENT-007, CAN-LAM-FOLDER-068, CAN-LAM-INV-EVENT-01; registry references are resolved in the package packet.","Schemas affected by requirements CAN-LAM-ARCH-051, CAN-LAM-EDGE-16, CAN-LAM-EVENT-007, CAN-LAM-FOLDER-068, CAN-LAM-INV-EVENT-01; schema paths are resolved in the package packet.",Bulk-rename fixture.,Typed failure result; no partial authoritative state is claimed; No unrelated authoritative state is modified,,VERIFIED,"Requirement CAN-LAM-ARCH-051 source locator lines 586-586 and Codebase evidence ['Codebase/server/src/repositories/move.repository.ts', 'Codebase/server/src/services/storage-template.service.ts'] support placement in WP-I6-007.",requirements.csv:lines 586-586; reviewed-actionable-requirements-v3.csv:CAN-LAM-ARCH-051; code_evidence_references,PASS_B_INDEPENDENT_EVIDENCE_REVIEWER,2026-08-06-pass-b-v2,VERIFIED
WP-I6-008,CAN-LAM-ARCH-054,WP-I6-008,WP-I6-008,Events and organization,Date and location boundaries,"Reviewed cross-capability package: Date and location boundaries is a shared architectural surface used by Events and organization, Libraries and storage, Map and location. Membership is linked by the same contract/record/workflow boundary, not source order or capacity.",Codebase/server/src/repositories/move.repository.ts;Codebase/server/src/services/storage-template.service.ts,"Contracts affected by requirements CAN-FAIL-17, CAN-LAM-ARCH-036, CAN-LAM-ARCH-054, CAN-LAM-ASSET-038, CAN-LAM-ASSET-047, CAN-LAM-EVENT-009, CAN-LAM-EVENT-020, CAN-LAM-EVENT-021...; registry references are resolved in the package packet.","Schemas affected by requirements CAN-FAIL-17, CAN-LAM-ARCH-036, CAN-LAM-ARCH-054, CAN-LAM-ASSET-038, CAN-LAM-ASSET-047, CAN-LAM-EVENT-009, CAN-LAM-EVENT-020, CAN-LAM-EVENT-021...; schema paths are resolved in the package packet.",Unknown-date fixture.,Explicit failure/preservation clause in the statement is preserved; No unrelated authoritative state is modified,,VERIFIED,"Requirement CAN-LAM-ARCH-054 source locator lines 589-589 and Codebase evidence ['Codebase/server/src/repositories/move.repository.ts', 'Codebase/server/src/services/storage-template.service.ts'] support placement in WP-I6-008.",requirements.csv:lines 589-589; reviewed-actionable-requirements-v3.csv:CAN-LAM-ARCH-054; code_evidence_references,PASS_B_INDEPENDENT_EVIDENCE_REVIEWER,2026-08-06-pass-b-v2,VERIFIED
WP-I3-011,CAN-LAM-ARCH-057,WP-I3-011,WP-I3-011,File-operation plan contract,File-operation plan contract,"The package is bounded to the file-operation plan contract architectural surface and its direct contracts, records, and tests.",Codebase/web/src/lib/components/asset-viewer/PhotoViewer.svelte;Codebase/web/src/lib/components/asset-viewer/VideoNativeViewer.svelte;Codebase/web/src/lib/components/asset-viewer/VideoPanoramaViewer.svelte;Codebase/web/src/lib/components/asset-viewer/VideoRemoteViewer.svelte,"Contracts affected by requirements CAN-LAM-ARCH-057, CAN-LAM-ARCH-058, CAN-LAM-ARCH-279, CAN-LAM-ARCH-280, CAN-LAM-ARCH-281, CAN-LAM-ASSET-124, CAN-LAM-ASSET-186, CAN-LAM-FOLDER-036...; registry references are resolved in the package packet.","Schemas affected by requirements CAN-LAM-ARCH-057, CAN-LAM-ARCH-058, CAN-LAM-ARCH-279, CAN-LAM-ARCH-280, CAN-LAM-ARCH-281, CAN-LAM-ASSET-124, CAN-LAM-ASSET-186, CAN-LAM-FOLDER-036...; schema paths are resolved in the package packet.","Given a managed companion bundle, when an approved rename commits, then every planned path is updated, originalFilename and asset IDs remain unchanged, and rollback restores all paths after an injected failure.",Typed failure result; no partial authoritative state is claimed; No unrelated authoritative state is modified,,VERIFIED,"Requirement CAN-LAM-ARCH-057 source locator lines 621-621 and Codebase evidence ['Codebase/web/src/lib/components/asset-viewer/PhotoViewer.svelte', 'Codebase/web/src/lib/components/asset-viewer/VideoNativeViewer.svelte'] support placement in WP-I3-011.",requirements.csv:lines 621-621; reviewed-actionable-requirements-v3.csv:CAN-LAM-ARCH-057; code_evidence_references,PASS_B_INDEPENDENT_EVIDENCE_REVIEWER,2026-08-06-pass-b-v2,VERIFIED
WP-I3-011,CAN-LAM-ARCH-058,WP-I3-011,WP-I3-011,File-operation plan contract,File-operation plan contract,"The package is bounded to the file-operation plan contract architectural surface and its direct contracts, records, and tests.",Codebase/web/src/lib/components/asset-viewer/PhotoViewer.svelte;Codebase/web/src/lib/components/asset-viewer/VideoNativeViewer.svelte;Codebase/web/src/lib/components/asset-viewer/VideoPanoramaViewer.svelte;Codebase/web/src/lib/components/asset-viewer/VideoRemoteViewer.svelte,"Contracts affected by requirements CAN-LAM-ARCH-057, CAN-LAM-ARCH-058, CAN-LAM-ARCH-279, CAN-LAM-ARCH-280, CAN-LAM-ARCH-281, CAN-LAM-ASSET-124, CAN-LAM-ASSET-186, CAN-LAM-FOLDER-036...; registry references are resolved in the package packet.","Schemas affected by requirements CAN-LAM-ARCH-057, CAN-LAM-ARCH-058, CAN-LAM-ARCH-279, CAN-LAM-ARCH-280, CAN-LAM-ARCH-281, CAN-LAM-ASSET-124, CAN-LAM-ASSET-186, CAN-LAM-FOLDER-036...; schema paths are resolved in the package packet.","Given a managed bundle and authorized destination, when a move fails before verification, then every source member remains intact and recovery reaches a complete source or verified destination state without a partial bundle.",Typed failure result; no partial authoritative state is claimed; Explicit preservation clause in the statement is preserved,,VERIFIED,"Requirement CAN-LAM-ARCH-058 source locator lines 622-622 and Codebase evidence ['Codebase/web/src/lib/components/asset-viewer/PhotoViewer.svelte', 'Codebase/web/src/lib/components/asset-viewer/VideoNativeViewer.svelte'] support placement in WP-I3-011.",requirements.csv:lines 622-622; reviewed-actionable-requirements-v3.csv:CAN-LAM-ARCH-058; code_evidence_references,PASS_B_INDEPENDENT_EVIDENCE_REVIEWER,2026-08-06-pass-b-v2,VERIFIED
WP-I5-013,CAN-LAM-ARCH-067,WP-I5-013,WP-I5-013,Gallery and timeline,Read and navigation surfaces,Every member is a read or navigation behavior with an explicit no-mutation result.,Codebase/mobile/lib/presentation/widgets/images/thumbnail_tile.widget.dart;Codebase/mobile/lib/widgets/common/immich_sliver_app_bar.dart;Codebase/server/src/services/timeline.service.ts;Codebase/web/src/lib/components/timeline/Month.svelte,Review navigation and display contracts,"Review item, asset, event, and person read projections",Review-indicator fixture.,Explicit failure/preservation clause in the statement is preserved; Explicit preservation clause in the statement is preserved,,VERIFIED,"Requirement CAN-LAM-ARCH-067 source locator lines 662-662 and Codebase evidence ['Codebase/mobile/lib/presentation/widgets/images/thumbnail_tile.widget.dart', 'Codebase/mobile/lib/widgets/common/immich_sliver_app_bar.dart'] support placement in WP-I5-013.",requirements.csv:lines 662-662; reviewed-actionable-requirements-v3.csv:CAN-LAM-ARCH-067; code_evidence_references,PASS_B_INDEPENDENT_EVIDENCE_REVIEWER,2026-08-06-pass-b-v2,VERIFIED
WP-I5-006,CAN-LAM-ARCH-079,WP-I5-006,WP-I5-006,Asset viewer,Albums and favorites,"Reviewed cross-capability package: Albums and favorites is a shared architectural surface used by Albums and favorites, Asset viewer, Gallery and timeline, Metadata. Membership is linked by the same contract/record/workflow boundary, not source order or capacity.",Codebase/mobile/lib/presentation/pages/drift_favorite.page.dart;Codebase/web/src/lib/components/timeline/actions/FavoriteAction.svelte;Codebase/web/src/routes/(user)/favorites/[[photos=photos]]/[[assetId=id]]/+page.svelte;Codebase/web/src/routes/(user)/favorites/[[photos=photos]]/[[assetId=id]]/+page.ts,"Contracts affected by requirements CAN-LAM-ARCH-027, CAN-LAM-ARCH-028, CAN-LAM-ARCH-079, CAN-LAM-ARCH-080, CAN-LAM-ARCH-231, CAN-LAM-ARCH-232, CAN-LAM-ARCH-233, CAN-LAM-ARCH-234...; registry references are resolved in the package packet.","Schemas affected by requirements CAN-LAM-ARCH-027, CAN-LAM-ARCH-028, CAN-LAM-ARCH-079, CAN-LAM-ARCH-080, CAN-LAM-ARCH-231, CAN-LAM-ARCH-232, CAN-LAM-ARCH-233, CAN-LAM-ARCH-234...; schema paths are resolved in the package packet.",Favorite-toggle fixture.,Typed failure result; no partial authoritative state is claimed; No unrelated authoritative state is modified,,VERIFIED,"Requirement CAN-LAM-ARCH-079 source locator lines 689-689 and Codebase evidence ['Codebase/mobile/lib/presentation/pages/drift_favorite.page.dart', 'Codebase/web/src/lib/components/timeline/actions/FavoriteAction.svelte'] support placement in WP-I5-006.",requirements.csv:lines 689-689; reviewed-actionable-requirements-v3.csv:CAN-LAM-ARCH-079; code_evidence_references,PASS_B_INDEPENDENT_EVIDENCE_REVIEWER,2026-08-06-pass-b-v2,VERIFIED
WP-I5-006,CAN-LAM-ARCH-080,WP-I5-006,WP-I5-006,Asset viewer,Albums and favorites,"Reviewed cross-capability package: Albums and favorites is a shared architectural surface used by Albums and favorites, Asset viewer, Gallery and timeline, Metadata. Membership is linked by the same contract/record/workflow boundary, not source order or capacity.",Codebase/web/src/lib/components/asset-viewer/AlbumListItem.svelte;Codebase/web/src/lib/components/asset-viewer/actions/SetAlbumCoverAction.svelte;Codebase/web/src/routes/(user)/albums/[albumId=id]/[[photos=photos]]/[[assetId=id]]/+page.svelte;Codebase/web/src/routes/(user)/albums/[albumId=id]/[[photos=photos]]/[[assetId=id]]/+page.ts,"Contracts affected by requirements CAN-LAM-ARCH-027, CAN-LAM-ARCH-028, CAN-LAM-ARCH-079, CAN-LAM-ARCH-080, CAN-LAM-ARCH-231, CAN-LAM-ARCH-232, CAN-LAM-ARCH-233, CAN-LAM-ARCH-234...; registry references are resolved in the package packet.","Schemas affected by requirements CAN-LAM-ARCH-027, CAN-LAM-ARCH-028, CAN-LAM-ARCH-079, CAN-LAM-ARCH-080, CAN-LAM-ARCH-231, CAN-LAM-ARCH-232, CAN-LAM-ARCH-233, CAN-LAM-ARCH-234...; schema paths are resolved in the package packet.",Album-membership fixture.,Explicit failure/preservation clause in the statement is preserved; Explicit preservation clause in the statement is preserved,,VERIFIED,"Requirement CAN-LAM-ARCH-080 source locator lines 690-690 and Codebase evidence ['Codebase/web/src/lib/components/asset-viewer/AlbumListItem.svelte', 'Codebase/web/src/lib/components/asset-viewer/actions/SetAlbumCoverAction.svelte'] support placement in WP-I5-006.",requirements.csv:lines 690-690; reviewed-actionable-requirements-v3.csv:CAN-LAM-ARCH-080; code_evidence_references,PASS_B_INDEPENDENT_EVIDENCE_REVIEWER,2026-08-06-pass-b-v2,VERIFIED
WP-I4-001,CAN-LAM-ARCH-083,WP-I4-001,WP-I4-001,Media ingestion and derivation,Initial recursive scanner,"Reviewed cross-capability package: Initial recursive scanner is a shared architectural surface used by Libraries and storage, Media ingestion and derivation, Sidecars and metadata authority. Membership is linked by the same contract/record/workflow boundary, not source order or capacity.",Codebase/mobile/lib/models/folder/recursive_folder.model.dart;Codebase/mobile/lib/providers/cleanup.provider.dart;Codebase/server/src/services/library.service.ts;Codebase/server/src/services/storage.service.ts,"Contracts affected by requirements CAN-LAM-ARCH-083, CAN-LAM-ARCH-089, CAN-LAM-ARCH-090, CAN-LAM-ARCH-091, CAN-LAM-ARCH-092, CAN-LAM-ARCH-093, CAN-LAM-ARCH-150, CAN-LAM-ARCH-374...; registry references are resolved in the package packet.","Schemas affected by requirements CAN-LAM-ARCH-083, CAN-LAM-ARCH-089, CAN-LAM-ARCH-090, CAN-LAM-ARCH-091, CAN-LAM-ARCH-092, CAN-LAM-ARCH-093, CAN-LAM-ARCH-150, CAN-LAM-ARCH-374...; schema paths are resolved in the package packet.",Recursive-scan fixture.,Typed failure result; no partial authoritative state is claimed; No unrelated authoritative state is modified,,VERIFIED,"Requirement CAN-LAM-ARCH-083 source locator lines 707-707 and Codebase evidence ['Codebase/mobile/lib/models/folder/recursive_folder.model.dart', 'Codebase/mobile/lib/providers/cleanup.provider.dart'] support placement in WP-I4-001.",requirements.csv:lines 707-707; reviewed-actionable-requirements-v3.csv:CAN-LAM-ARCH-083; code_evidence_references,PASS_B_INDEPENDENT_EVIDENCE_REVIEWER,2026-08-06-pass-b-v2,VERIFIED
WP-I4-001,CAN-LAM-ARCH-089,WP-I4-001,WP-I4-001,Sidecars and metadata authority,Initial recursive scanner,"Reviewed cross-capability package: Initial recursive scanner is a shared architectural surface used by Libraries and storage, Media ingestion and derivation, Sidecars and metadata authority. Membership is linked by the same contract/record/workflow boundary, not source order or capacity.",Codebase/server/src/controllers/asset.controller.ts;Codebase/server/src/repositories/metadata.repository.ts;Codebase/server/src/services/metadata.service.ts;Codebase/web/src/lib/utils/cast/gcast-destination.svelte.ts,"Contracts affected by requirements CAN-LAM-ARCH-083, CAN-LAM-ARCH-089, CAN-LAM-ARCH-090, CAN-LAM-ARCH-091, CAN-LAM-ARCH-092, CAN-LAM-ARCH-093, CAN-LAM-ARCH-150, CAN-LAM-ARCH-374...; registry references are resolved in the package packet.","Schemas affected by requirements CAN-LAM-ARCH-083, CAN-LAM-ARCH-089, CAN-LAM-ARCH-090, CAN-LAM-ARCH-091, CAN-LAM-ARCH-092, CAN-LAM-ARCH-093, CAN-LAM-ARCH-150, CAN-LAM-ARCH-374...; schema paths are resolved in the package packet.",Sidecar-discovery fixture.,Explicit failure/preservation clause in the statement is preserved; Explicit preservation clause in the statement is preserved,,VERIFIED,"Requirement CAN-LAM-ARCH-089 source locator lines 714-714 and Codebase evidence ['Codebase/server/src/controllers/asset.controller.ts', 'Codebase/server/src/repositories/metadata.repository.ts'] support placement in WP-I4-001.",requirements.csv:lines 714-714; reviewed-actionable-requirements-v3.csv:CAN-LAM-ARCH-089; code_evidence_references,PASS_B_INDEPENDENT_EVIDENCE_REVIEWER,2026-08-06-pass-b-v2,VERIFIED
WP-I4-001,CAN-LAM-ARCH-090,WP-I4-001,WP-I4-001,Media ingestion and derivation,Initial recursive scanner,"Reviewed cross-capability package: Initial recursive scanner is a shared architectural surface used by Libraries and storage, Media ingestion and derivation, Sidecars and metadata authority. Membership is linked by the same contract/record/workflow boundary, not source order or capacity.",Codebase/server/src/controllers/asset.controller.ts;Codebase/server/src/repositories/metadata.repository.ts;Codebase/server/src/services/metadata.service.ts;Codebase/web/src/lib/components/asset-viewer/DetailPanelDate.svelte,"Contracts affected by requirements CAN-LAM-ARCH-083, CAN-LAM-ARCH-089, CAN-LAM-ARCH-090, CAN-LAM-ARCH-091, CAN-LAM-ARCH-092, CAN-LAM-ARCH-093, CAN-LAM-ARCH-150, CAN-LAM-ARCH-374...; registry references are resolved in the package packet.","Schemas affected by requirements CAN-LAM-ARCH-083, CAN-LAM-ARCH-089, CAN-LAM-ARCH-090, CAN-LAM-ARCH-091, CAN-LAM-ARCH-092, CAN-LAM-ARCH-093, CAN-LAM-ARCH-150, CAN-LAM-ARCH-374...; schema paths are resolved in the package packet.",Sidecar-creation fixture.,Typed failure result; no partial authoritative state is claimed; No unrelated authoritative state is modified,,VERIFIED,"Requirement CAN-LAM-ARCH-090 source locator lines 715-715 and Codebase evidence ['Codebase/server/src/controllers/asset.controller.ts', 'Codebase/server/src/repositories/metadata.repository.ts'] support placement in WP-I4-001.",requirements.csv:lines 715-715; reviewed-actionable-requirements-v3.csv:CAN-LAM-ARCH-090; code_evidence_references,PASS_B_INDEPENDENT_EVIDENCE_REVIEWER,2026-08-06-pass-b-v2,VERIFIED
WP-I4-001,CAN-LAM-ARCH-091,WP-I4-001,WP-I4-001,Sidecars and metadata authority,Initial recursive scanner,"Reviewed cross-capability package: Initial recursive scanner is a shared architectural surface used by Libraries and storage, Media ingestion and derivation, Sidecars and metadata authority. Membership is linked by the same contract/record/workflow boundary, not source order or capacity.",Codebase/server/src/controllers/asset.controller.ts;Codebase/server/src/repositories/metadata.repository.ts;Codebase/server/src/services/metadata.service.ts;Codebase/web/src/lib/components/asset-viewer/DetailPanelDate.svelte,"Contracts affected by requirements CAN-LAM-ARCH-083, CAN-LAM-ARCH-089, CAN-LAM-ARCH-090, CAN-LAM-ARCH-091, CAN-LAM-ARCH-092, CAN-LAM-ARCH-093, CAN-LAM-ARCH-150, CAN-LAM-ARCH-374...; registry references are resolved in the package packet.","Schemas affected by requirements CAN-LAM-ARCH-083, CAN-LAM-ARCH-089, CAN-LAM-ARCH-090, CAN-LAM-ARCH-091, CAN-LAM-ARCH-092, CAN-LAM-ARCH-093, CAN-LAM-ARCH-150, CAN-LAM-ARCH-374...; schema paths are resolved in the package packet.",Sidecar-health fixture.,Explicit failure/preservation clause in the statement is preserved; Explicit preservation clause in the statement is preserved,,VERIFIED,"Requirement CAN-LAM-ARCH-091 source locator lines 716-716 and Codebase evidence ['Codebase/server/src/controllers/asset.controller.ts', 'Codebase/server/src/repositories/metadata.repository.ts'] support placement in WP-I4-001.",requirements.csv:lines 716-716; reviewed-actionable-requirements-v3.csv:CAN-LAM-ARCH-091; code_evidence_references,PASS_B_INDEPENDENT_EVIDENCE_REVIEWER,2026-08-06-pass-b-v2,VERIFIED
WP-I4-001,CAN-LAM-ARCH-092,WP-I4-001,WP-I4-001,Media ingestion and derivation,Initial recursive scanner,"Reviewed cross-capability package: Initial recursive scanner is a shared architectural surface used by Libraries and storage, Media ingestion and derivation, Sidecars and metadata authority. Membership is linked by the same contract/record/workflow boundary, not source order or capacity.",Codebase/server/src/controllers/library.controller.ts;Codebase/server/src/repositories/library.repository.ts;Codebase/server/src/services/library.service.ts;Codebase/web/src/routes/admin/library-management/[id]/+page.ts,"Contracts affected by requirements CAN-LAM-ARCH-083, CAN-LAM-ARCH-089, CAN-LAM-ARCH-090, CAN-LAM-ARCH-091, CAN-LAM-ARCH-092, CAN-LAM-ARCH-093, CAN-LAM-ARCH-150, CAN-LAM-ARCH-374...; registry references are resolved in the package packet.","Schemas affected by requirements CAN-LAM-ARCH-083, CAN-LAM-ARCH-089, CAN-LAM-ARCH-090, CAN-LAM-ARCH-091, CAN-LAM-ARCH-092, CAN-LAM-ARCH-093, CAN-LAM-ARCH-150, CAN-LAM-ARCH-374...; schema paths are resolved in the package packet.",Read-only-root fixture.,Typed failure result; no partial authoritative state is claimed; No unrelated authoritative state is modified,,VERIFIED,"Requirement CAN-LAM-ARCH-092 source locator lines 718-718 and Codebase evidence ['Codebase/server/src/controllers/library.controller.ts', 'Codebase/server/src/repositories/library.repository.ts'] support placement in WP-I4-001.",requirements.csv:lines 718-718; reviewed-actionable-requirements-v3.csv:CAN-LAM-ARCH-092; code_evidence_references,PASS_B_INDEPENDENT_EVIDENCE_REVIEWER,2026-08-06-pass-b-v2,VERIFIED
WP-I4-001,CAN-LAM-ARCH-093,WP-I4-001,WP-I4-001,Media ingestion and derivation,Initial recursive scanner,"Reviewed cross-capability package: Initial recursive scanner is a shared architectural surface used by Libraries and storage, Media ingestion and derivation, Sidecars and metadata authority. Membership is linked by the same contract/record/workflow boundary, not source order or capacity.",Codebase/server/src/controllers/library.controller.ts;Codebase/server/src/repositories/library.repository.ts;Codebase/server/src/services/library.service.ts;Codebase/server/src/services/storage.service.ts,"Contracts affected by requirements CAN-LAM-ARCH-083, CAN-LAM-ARCH-089, CAN-LAM-ARCH-090, CAN-LAM-ARCH-091, CAN-LAM-ARCH-092, CAN-LAM-ARCH-093, CAN-LAM-ARCH-150, CAN-LAM-ARCH-374...; registry references are resolved in the package packet.","Schemas affected by requirements CAN-LAM-ARCH-083, CAN-LAM-ARCH-089, CAN-LAM-ARCH-090, CAN-LAM-ARCH-091, CAN-LAM-ARCH-092, CAN-LAM-ARCH-093, CAN-LAM-ARCH-150, CAN-LAM-ARCH-374...; schema paths are resolved in the package packet.",Missing-root fixture.,Typed failure result; no partial authoritative state is claimed; No unrelated authoritative state is modified,,VERIFIED,"Requirement CAN-LAM-ARCH-093 source locator lines 720-720 and Codebase evidence ['Codebase/server/src/controllers/library.controller.ts', 'Codebase/server/src/repositories/library.repository.ts'] support placement in WP-I4-001.",requirements.csv:lines 720-720; reviewed-actionable-requirements-v3.csv:CAN-LAM-ARCH-093; code_evidence_references,PASS_B_INDEPENDENT_EVIDENCE_REVIEWER,2026-08-06-pass-b-v2,VERIFIED
WP-I6-002,CAN-LAM-ARCH-095,WP-I6-002,WP-I6-002,Events and organization,Event authoritative records,"All members define, persist, or project authoritative event records and keep them consistent with reviewed schemas.",Codebase/server/src/repositories/move.repository.ts;Codebase/server/src/services/storage-template.service.ts,Event authoritative record and projection contracts,Event record and event projection schemas,Event-type fixture.,Typed failure result; no partial authoritative state is claimed; No unrelated authoritative state is modified,,VERIFIED,"Requirement CAN-LAM-ARCH-095 source locator lines 761-761 and Codebase evidence ['Codebase/server/src/repositories/move.repository.ts', 'Codebase/server/src/services/storage-template.service.ts'] support placement in WP-I6-002.",requirements.csv:lines 761-761; reviewed-actionable-requirements-v3.csv:CAN-LAM-ARCH-095; code_evidence_references,PASS_B_INDEPENDENT_EVIDENCE_REVIEWER,2026-08-06-pass-b-v2,VERIFIED
WP-I6-002,CAN-LAM-ARCH-096,WP-I6-002,WP-I6-002,Events and organization,Event authoritative records,"All members define, persist, or project authoritative event records and keep them consistent with reviewed schemas.",Codebase/server/src/repositories/move.repository.ts;Codebase/server/src/services/storage-template.service.ts,Event authoritative record and projection contracts,Event record and event projection schemas,Trip fixture.,Typed failure result; no partial authoritative state is claimed; No unrelated authoritative state is modified,,VERIFIED,"Requirement CAN-LAM-ARCH-096 source locator lines 765-765 and Codebase evidence ['Codebase/server/src/repositories/move.repository.ts', 'Codebase/server/src/services/storage-template.service.ts'] support placement in WP-I6-002.",requirements.csv:lines 765-765; reviewed-actionable-requirements-v3.csv:CAN-LAM-ARCH-096; code_evidence_references,PASS_B_INDEPENDENT_EVIDENCE_REVIEWER,2026-08-06-pass-b-v2,VERIFIED
WP-I6-002,CAN-LAM-ARCH-097,WP-I6-002,WP-I6-002,Events and organization,Event authoritative records,"All members define, persist, or project authoritative event records and keep them consistent with reviewed schemas.",Codebase/server/src/repositories/move.repository.ts;Codebase/server/src/services/storage-template.service.ts,Event authoritative record and projection contracts,Event record and event projection schemas,Casual-hangout fixture.,Typed failure result; no partial authoritative state is claimed; No unrelated authoritative state is modified,,VERIFIED,"Requirement CAN-LAM-ARCH-097 source locator lines 766-766 and Codebase evidence ['Codebase/server/src/repositories/move.repository.ts', 'Codebase/server/src/services/storage-template.service.ts'] support placement in WP-I6-002.",requirements.csv:lines 766-766; reviewed-actionable-requirements-v3.csv:CAN-LAM-ARCH-097; code_evidence_references,PASS_B_INDEPENDENT_EVIDENCE_REVIEWER,2026-08-06-pass-b-v2,VERIFIED
WP-I7-007,CAN-LAM-ARCH-120,WP-I7-007,WP-I7-007,People and faces,Group identity model,"The package is bounded to the group identity model architectural surface and its direct contracts, records, and tests.",Codebase/server/src/repositories/person.repository.ts;Codebase/web/src/lib/components/faces-page/PersonSidePanel.svelte;Codebase/web/src/lib/elements/Dropdown.svelte;Codebase/web/src/routes/(user)/people/[personId]/[[photos=photos]]/[[assetId=id]]/EditNameInput.svelte,"Contracts affected by requirements CAN-FAIL-15, CAN-LAM-ARCH-120, CAN-LAM-ARCH-383, CAN-LAM-ARCH-384, CAN-LAM-EVENT-041, CAN-LAM-INV-PERSON-01, CAN-LAM-PERSON-010, CAN-LAM-PERSON-013...; registry references are resolved in the package packet.","Schemas affected by requirements CAN-FAIL-15, CAN-LAM-ARCH-120, CAN-LAM-ARCH-383, CAN-LAM-ARCH-384, CAN-LAM-EVENT-041, CAN-LAM-INV-PERSON-01, CAN-LAM-PERSON-010, CAN-LAM-PERSON-013...; schema paths are resolved in the package packet.",Gate 1 scope; Gate 2 compile/build; Gate 3 focused/regression; Gate 8 traceability,Typed failure result; no partial authoritative state is claimed; No unrelated authoritative state is modified,,VERIFIED,"Requirement CAN-LAM-ARCH-120 source locator lines 968-968 and Codebase evidence ['Codebase/server/src/repositories/person.repository.ts', 'Codebase/web/src/lib/components/faces-page/PersonSidePanel.svelte'] support placement in WP-I7-007.",requirements.csv:lines 968-968; reviewed-actionable-requirements-v3.csv:CAN-LAM-ARCH-120; code_evidence_references,PASS_B_INDEPENDENT_EVIDENCE_REVIEWER,2026-08-06-pass-b-v2,VERIFIED
WP-I3-001,CAN-LAM-ARCH-144,WP-I3-001,WP-I3-001,Metadata,Authoritative record envelope,"Reviewed cross-capability package: Authoritative record envelope is a shared architectural surface used by Filesystem transactions and recovery, Local data authority, Metadata, Sidecars and metadata authority. Membership is linked by the same contract/record/workflow boundary, not source order or capacity.",Codebase/docs/docs/features/xmp-sidecars.md;Codebase/server/src/controllers/asset.controller.ts;Codebase/server/src/repositories/metadata.repository.ts;Codebase/server/src/services/metadata.service.ts,"Contracts affected by requirements CAN-LAM-ARCH-021, CAN-LAM-ARCH-038, CAN-LAM-ARCH-144, CAN-LAM-ASSET-039, CAN-LAM-ASSET-098, CAN-LAM-ASSET-099, CAN-LAM-ASSET-108, CAN-LAM-ASSET-109...; registry references are resolved in the package packet.","Schemas affected by requirements CAN-LAM-ARCH-021, CAN-LAM-ARCH-038, CAN-LAM-ARCH-144, CAN-LAM-ASSET-039, CAN-LAM-ASSET-098, CAN-LAM-ASSET-099, CAN-LAM-ASSET-108, CAN-LAM-ASSET-109...; schema paths are resolved in the package packet.",Sidecar-creation fixture with schema and journal checks.,Typed failure result; no partial authoritative state is claimed; No unrelated authoritative state is modified,,VERIFIED,"Requirement CAN-LAM-ARCH-144 source locator lines 1108-1108 and Codebase evidence ['Codebase/docs/docs/features/xmp-sidecars.md', 'Codebase/server/src/controllers/asset.controller.ts'] support placement in WP-I3-001.",requirements.csv:lines 1108-1108; reviewed-actionable-requirements-v3.csv:CAN-LAM-ARCH-144; code_evidence_references,PASS_B_INDEPENDENT_EVIDENCE_REVIEWER,2026-08-06-pass-b-v2,VERIFIED
WP-I4-001,CAN-LAM-ARCH-150,WP-I4-001,WP-I4-001,Libraries and storage,Initial recursive scanner,"Reviewed cross-capability package: Initial recursive scanner is a shared architectural surface used by Libraries and storage, Media ingestion and derivation, Sidecars and metadata authority. Membership is linked by the same contract/record/workflow boundary, not source order or capacity.",Codebase/mobile/openapi/lib/model/job_name.dart;Codebase/server/src/controllers/library.controller.ts;Codebase/server/src/repositories/library.repository.ts;Codebase/server/src/services/library.service.ts,"Contracts affected by requirements CAN-LAM-ARCH-083, CAN-LAM-ARCH-089, CAN-LAM-ARCH-090, CAN-LAM-ARCH-091, CAN-LAM-ARCH-092, CAN-LAM-ARCH-093, CAN-LAM-ARCH-150, CAN-LAM-ARCH-374...; registry references are resolved in the package packet.","Schemas affected by requirements CAN-LAM-ARCH-083, CAN-LAM-ARCH-089, CAN-LAM-ARCH-090, CAN-LAM-ARCH-091, CAN-LAM-ARCH-092, CAN-LAM-ARCH-093, CAN-LAM-ARCH-150, CAN-LAM-ARCH-374...; schema paths are resolved in the package packet.",Move-into-library fixture with identity checks.,Typed failure result; no partial authoritative state is claimed; Explicit preservation clause in the statement is preserved,,VERIFIED,"Requirement CAN-LAM-ARCH-150 source locator lines 1124-1124 and Codebase evidence ['Codebase/mobile/openapi/lib/model/job_name.dart', 'Codebase/server/src/controllers/library.controller.ts'] support placement in WP-I4-001.",requirements.csv:lines 1124-1124; reviewed-actionable-requirements-v3.csv:CAN-LAM-ARCH-150; code_evidence_references,PASS_B_INDEPENDENT_EVIDENCE_REVIEWER,2026-08-06-pass-b-v2,VERIFIED
WP-I8-001,CAN-LAM-ARCH-164,WP-I8-001,WP-I8-001,Tags,Tag records and namespaces,"Reviewed cross-capability package: Tag records and namespaces is a shared architectural surface used by Metadata, Relationships and attribution, Tags. Membership is linked by the same contract/record/workflow boundary, not source order or capacity.",Codebase/machine-learning/immich_ml/schemas.py;Codebase/server/src/types.ts;Codebase/web/src/lib/components/asset-viewer/DetailPanelTags.svelte;Codebase/web/src/routes/(user)/tags/[[photos=photos]]/[[assetId=id]]/+page.ts,"Contracts affected by requirements CAN-LAM-AI-042, CAN-LAM-ARCH-164, CAN-LAM-ARCH-386, CAN-LAM-ASSET-075, CAN-LAM-PERSON-068; registry references are resolved in the package packet.","Schemas affected by requirements CAN-LAM-AI-042, CAN-LAM-ARCH-164, CAN-LAM-ARCH-386, CAN-LAM-ASSET-075, CAN-LAM-PERSON-068; schema paths are resolved in the package packet.",Gate 1 scope; Gate 2 compile/build; Gate 3 focused/regression; Gate 8 traceability; Gate 7 data safety,Typed failure result; no partial authoritative state is claimed; No unrelated authoritative state is modified,,VERIFIED,"Requirement CAN-LAM-ARCH-164 source locator lines 1206-1206 and Codebase evidence ['Codebase/machine-learning/immich_ml/schemas.py', 'Codebase/server/src/types.ts'] support placement in WP-I8-001.",requirements.csv:lines 1206-1206; reviewed-actionable-requirements-v3.csv:CAN-LAM-ARCH-164; code_evidence_references,PASS_B_INDEPENDENT_EVIDENCE_REVIEWER,2026-08-06-pass-b-v2,VERIFIED
WP-I8-002,CAN-LAM-ARCH-165,WP-I8-002,WP-I8-002,Tags,Tag candidates and review,All members manage the candidate-to-approved tag lifecycle and suppression without bypassing review.,Codebase/mobile/lib/services/search.service.dart;Codebase/mobile/openapi/lib/api/search_api.dart;Codebase/server/src/controllers/search.controller.ts;Codebase/server/src/services/search.service.ts,"Tag candidate, suggestion, and suppression contracts","Tag candidate, suggestion, and suppression records",Tag-suggestion fixture with source and approval checks.,Typed failure result; no partial authoritative state is claimed; No unrelated authoritative state is modified,,VERIFIED,"Requirement CAN-LAM-ARCH-165 source locator lines 1242-1242 and Codebase evidence ['Codebase/mobile/lib/services/search.service.dart', 'Codebase/mobile/openapi/lib/api/search_api.dart'] support placement in WP-I8-002.",requirements.csv:lines 1242-1242; reviewed-actionable-requirements-v3.csv:CAN-LAM-ARCH-165; code_evidence_references,PASS_B_INDEPENDENT_EVIDENCE_REVIEWER,2026-08-06-pass-b-v2,VERIFIED
WP-I5-010,CAN-LAM-ARCH-168,WP-I5-010,WP-I5-010,Review Centre,Review-state mutations,"All members mutate or persist review-item state; read-only navigation, filtering, and reveal behaviors were moved to dedicated I5 packages.",Codebase/server/src/repositories/workflow.repository.ts;Codebase/server/src/services/workflow.service.ts;Codebase/web/src/lib/components/asset-viewer/PhotoSphereViewerAdapter.svelte,Review decision and transition contracts,Review item and review decision records,Individual-approval fixture with scope checks.,Typed failure result; no partial authoritative state is claimed; No unrelated authoritative state is modified,,VERIFIED,"Requirement CAN-LAM-ARCH-168 source locator lines 1257-1257 and Codebase evidence ['Codebase/server/src/repositories/workflow.repository.ts', 'Codebase/server/src/services/workflow.service.ts'] support placement in WP-I5-010.",requirements.csv:lines 1257-1257; reviewed-actionable-requirements-v3.csv:CAN-LAM-ARCH-168; code_evidence_references,PASS_B_INDEPENDENT_EVIDENCE_REVIEWER,2026-08-06-pass-b-v2,VERIFIED
WP-I5-010,CAN-LAM-ARCH-169,WP-I5-010,WP-I5-010,Review Centre,Review-state mutations,"All members mutate or persist review-item state; read-only navigation, filtering, and reveal behaviors were moved to dedicated I5 packages.",Codebase/server/src/repositories/workflow.repository.ts;Codebase/server/src/services/workflow.service.ts;Codebase/web/src/lib/components/asset-viewer/PhotoSphereViewerAdapter.svelte,Review decision and transition contracts,Review item and review decision records,Bulk-approval fixture with scope and result checks.,Typed failure result; no partial authoritative state is claimed; No unrelated authoritative state is modified,,VERIFIED,"Requirement CAN-LAM-ARCH-169 source locator lines 1258-1258 and Codebase evidence ['Codebase/server/src/repositories/workflow.repository.ts', 'Codebase/server/src/services/workflow.service.ts'] support placement in WP-I5-010.",requirements.csv:lines 1258-1258; reviewed-actionable-requirements-v3.csv:CAN-LAM-ARCH-169; code_evidence_references,PASS_B_INDEPENDENT_EVIDENCE_REVIEWER,2026-08-06-pass-b-v2,VERIFIED
WP-I5-010,CAN-LAM-ARCH-170,WP-I5-010,WP-I5-010,Review Centre foundation,Review-state mutations,"All members mutate or persist review-item state; read-only navigation, filtering, and reveal behaviors were moved to dedicated I5 packages.",Codebase/server/src/repositories/workflow.repository.ts;Codebase/server/src/services/workflow.service.ts;Codebase/web/src/lib/components/asset-viewer/PhotoSphereViewerAdapter.svelte,Review decision and transition contracts,Review item and review decision records,"Given a pending proposal, when the user rejects it, then reload shows the rejected decision and an equivalent routine rerun does not create a new pending item.",Typed failure result; no partial authoritative state is claimed; Explicit preservation clause in the statement is preserved,,VERIFIED,"Requirement CAN-LAM-ARCH-170 source locator lines 1259-1259 and Codebase evidence ['Codebase/server/src/repositories/workflow.repository.ts', 'Codebase/server/src/services/workflow.service.ts'] support placement in WP-I5-010.",requirements.csv:lines 1259-1259; reviewed-actionable-requirements-v3.csv:CAN-LAM-ARCH-170; code_evidence_references,PASS_B_INDEPENDENT_EVIDENCE_REVIEWER,2026-08-06-pass-b-v2,VERIFIED
WP-I5-010,CAN-LAM-ARCH-171,WP-I5-010,WP-I5-010,Review Centre,Review-state mutations,"All members mutate or persist review-item state; read-only navigation, filtering, and reveal behaviors were moved to dedicated I5 packages.",Codebase/server/src/repositories/workflow.repository.ts;Codebase/server/src/services/workflow.service.ts;Codebase/web/src/lib/components/asset-viewer/PhotoSphereViewerAdapter.svelte,Review decision and transition contracts,Review item and review decision records,Rule-suppression fixture with exclusion checks.,Typed failure result; no partial authoritative state is claimed; No unrelated authoritative state is modified,,VERIFIED,"Requirement CAN-LAM-ARCH-171 source locator lines 1261-1261 and Codebase evidence ['Codebase/server/src/repositories/workflow.repository.ts', 'Codebase/server/src/services/workflow.service.ts'] support placement in WP-I5-010.",requirements.csv:lines 1261-1261; reviewed-actionable-requirements-v3.csv:CAN-LAM-ARCH-171; code_evidence_references,PASS_B_INDEPENDENT_EVIDENCE_REVIEWER,2026-08-06-pass-b-v2,VERIFIED
WP-I5-010,CAN-LAM-ARCH-172,WP-I5-010,WP-I5-010,Review Centre,Review-state mutations,"All members mutate or persist review-item state; read-only navigation, filtering, and reveal behaviors were moved to dedicated I5 packages.",Codebase/server/src/repositories/workflow.repository.ts;Codebase/server/src/services/workflow.service.ts;Codebase/web/src/lib/components/asset-viewer/PhotoSphereViewerAdapter.svelte,Review decision and transition contracts,Review item and review decision records,Defer/reopen fixture with state checks.,Typed failure result; no partial authoritative state is claimed; Explicit preservation clause in the statement is preserved,,VERIFIED,"Requirement CAN-LAM-ARCH-172 source locator lines 1262-1262 and Codebase evidence ['Codebase/server/src/repositories/workflow.repository.ts', 'Codebase/server/src/services/workflow.service.ts'] support placement in WP-I5-010.",requirements.csv:lines 1262-1262; reviewed-actionable-requirements-v3.csv:CAN-LAM-ARCH-172; code_evidence_references,PASS_B_INDEPENDENT_EVIDENCE_REVIEWER,2026-08-06-pass-b-v2,VERIFIED
WP-I5-013,CAN-LAM-ARCH-173,WP-I5-013,WP-I5-013,Review Centre,Read and navigation surfaces,Every member is a read or navigation behavior with an explicit no-mutation result.,Codebase/server/src/repositories/workflow.repository.ts;Codebase/server/src/services/workflow.service.ts;Codebase/web/src/lib/components/asset-viewer/PhotoSphereViewerAdapter.svelte,Review navigation and display contracts,"Review item, asset, event, and person read projections",Provenance-display fixture with no-mutation assertion.,Explicit failure/preservation clause in the statement is preserved; Explicit preservation clause in the statement is preserved,,VERIFIED,"Requirement CAN-LAM-ARCH-173 source locator lines 1263-1263 and Codebase evidence ['Codebase/server/src/repositories/workflow.repository.ts', 'Codebase/server/src/services/workflow.service.ts'] support placement in WP-I5-013.",requirements.csv:lines 1263-1263; reviewed-actionable-requirements-v3.csv:CAN-LAM-ARCH-173; code_evidence_references,PASS_B_INDEPENDENT_EVIDENCE_REVIEWER,2026-08-06-pass-b-v2,VERIFIED
WP-I8-007,CAN-LAM-ARCH-177,WP-I8-007,WP-I8-007,Relationships and attribution,Photographer camera-owner importer attribution,"The package is bounded to the photographer camera-owner importer attribution architectural surface and its direct contracts, records, and tests.",Codebase/server/src/controllers/asset.controller.ts;Codebase/server/src/repositories/metadata.repository.ts;Codebase/server/src/services/metadata.service.ts;Codebase/web/src/lib/components/asset-viewer/DetailPanelDate.svelte,"Contracts affected by requirements CAN-FAIL-12, CAN-LAM-ARCH-177, CAN-LAM-ARCH-390, CAN-LAM-ASSET-013, CAN-LAM-ASSET-037, CAN-LAM-ASSET-060, CAN-LAM-ASSET-066, CAN-LAM-ASSET-088...; registry references are resolved in the package packet.","Schemas affected by requirements CAN-FAIL-12, CAN-LAM-ARCH-177, CAN-LAM-ARCH-390, CAN-LAM-ASSET-013, CAN-LAM-ASSET-037, CAN-LAM-ASSET-060, CAN-LAM-ASSET-066, CAN-LAM-ASSET-088...; schema paths are resolved in the package packet.",Screenshot-classification fixture.,Typed failure result; no partial authoritative state is claimed; No unrelated authoritative state is modified,,VERIFIED,"Requirement CAN-LAM-ARCH-177 source locator lines 1370-1370 and Codebase evidence ['Codebase/server/src/controllers/asset.controller.ts', 'Codebase/server/src/repositories/metadata.repository.ts'] support placement in WP-I8-007.",requirements.csv:lines 1370-1370; reviewed-actionable-requirements-v3.csv:CAN-LAM-ARCH-177; code_evidence_references,PASS_B_INDEPENDENT_EVIDENCE_REVIEWER,2026-08-06-pass-b-v2,VERIFIED
WP-I3-015,CAN-LAM-ARCH-184,WP-I3-015,WP-I3-015,Local data authority,Revision and concurrency preconditions,"Reviewed cross-capability package: Revision and concurrency preconditions is a shared architectural surface used by Local data authority, Metadata, Sidecars and metadata authority. Membership is linked by the same contract/record/workflow boundary, not source order or capacity.",Codebase/mobile/openapi/lib/model/asset_media_size.dart;Codebase/server/src/controllers/asset.controller.ts;Codebase/server/src/repositories/metadata.repository.ts;Codebase/server/src/services/metadata.service.ts,"Contracts affected by requirements CAN-LAM-ARCH-184, CAN-LAM-META-016, CAN-LAM-META-077; registry references are resolved in the package packet.","Schemas affected by requirements CAN-LAM-ARCH-184, CAN-LAM-META-016, CAN-LAM-META-077; schema paths are resolved in the package packet.",Gate 1 scope; Gate 2 compile/build; Gate 3 focused/regression; Gate 8 traceability,Typed failure result; no partial authoritative state is claimed; No unrelated authoritative state is modified,,VERIFIED,"Requirement CAN-LAM-ARCH-184 source locator lines 1448-1448 and Codebase evidence ['Codebase/mobile/openapi/lib/model/asset_media_size.dart', 'Codebase/server/src/controllers/asset.controller.ts'] support placement in WP-I3-015.",requirements.csv:lines 1448-1448; reviewed-actionable-requirements-v3.csv:CAN-LAM-ARCH-184; code_evidence_references,PASS_B_INDEPENDENT_EVIDENCE_REVIEWER,2026-08-06-pass-b-v2,VERIFIED
WP-I5-013,CAN-LAM-ARCH-188,WP-I5-013,WP-I5-013,Asset viewer,Read and navigation surfaces,Every member is a read or navigation behavior with an explicit no-mutation result.,Codebase/server/src/repositories/workflow.repository.ts;Codebase/server/src/services/workflow-execution.service.ts;Codebase/server/src/services/workflow.service.ts;Codebase/web/src/lib/components/asset-viewer/PhotoSphereViewerAdapter.svelte,Review navigation and display contracts,"Review item, asset, event, and person read projections",Conflict-warning fixture.,Typed failure result; no partial authoritative state is claimed; Explicit preservation clause in the statement is preserved,,VERIFIED,"Requirement CAN-LAM-ARCH-188 source locator lines 1546-1546 and Codebase evidence ['Codebase/server/src/repositories/workflow.repository.ts', 'Codebase/server/src/services/workflow-execution.service.ts'] support placement in WP-I5-013.",requirements.csv:lines 1546-1546; reviewed-actionable-requirements-v3.csv:CAN-LAM-ARCH-188; code_evidence_references,PASS_B_INDEPENDENT_EVIDENCE_REVIEWER,2026-08-06-pass-b-v2,VERIFIED
WP-I5-013,CAN-LAM-ARCH-191,WP-I5-013,WP-I5-013,Asset viewer,Read and navigation surfaces,Every member is a read or navigation behavior with an explicit no-mutation result.,Codebase/mobile/packages/ui/lib/src/previews/formatted_text.dart;Codebase/server/src/repositories/workflow.repository.ts;Codebase/server/src/services/workflow.service.ts;Codebase/web/src/lib/components/asset-viewer/PhotoSphereViewerAdapter.svelte,Review navigation and display contracts,"Review item, asset, event, and person read projections",Review-link fixture with no-mutation assertion.,Explicit failure/preservation clause in the statement is preserved; Explicit preservation clause in the statement is preserved,,VERIFIED,"Requirement CAN-LAM-ARCH-191 source locator lines 1549-1549 and Codebase evidence ['Codebase/mobile/packages/ui/lib/src/previews/formatted_text.dart', 'Codebase/server/src/repositories/workflow.repository.ts'] support placement in WP-I5-013.",requirements.csv:lines 1549-1549; reviewed-actionable-requirements-v3.csv:CAN-LAM-ARCH-191; code_evidence_references,PASS_B_INDEPENDENT_EVIDENCE_REVIEWER,2026-08-06-pass-b-v2,VERIFIED
WP-I5-006,CAN-LAM-ARCH-231,WP-I5-006,WP-I5-006,Albums and favorites,Albums and favorites,"Reviewed cross-capability package: Albums and favorites is a shared architectural surface used by Albums and favorites, Asset viewer, Gallery and timeline, Metadata. Membership is linked by the same contract/record/workflow boundary, not source order or capacity.",Codebase/web/src/lib/components/album-page/AlbumsList.svelte;Codebase/web/src/routes/(user)/albums/+page.svelte;Codebase/web/src/routes/(user)/albums/+page.ts;Codebase/web/src/routes/(user)/albums/AlbumsControls.svelte,"Contracts affected by requirements CAN-LAM-ARCH-027, CAN-LAM-ARCH-028, CAN-LAM-ARCH-079, CAN-LAM-ARCH-080, CAN-LAM-ARCH-231, CAN-LAM-ARCH-232, CAN-LAM-ARCH-233, CAN-LAM-ARCH-234...; registry references are resolved in the package packet.","Schemas affected by requirements CAN-LAM-ARCH-027, CAN-LAM-ARCH-028, CAN-LAM-ARCH-079, CAN-LAM-ARCH-080, CAN-LAM-ARCH-231, CAN-LAM-ARCH-232, CAN-LAM-ARCH-233, CAN-LAM-ARCH-234...; schema paths are resolved in the package packet.",Local-album fixture.,Explicit failure/preservation clause in the statement is preserved; Explicit preservation clause in the statement is preserved,,VERIFIED,"Requirement CAN-LAM-ARCH-231 source locator lines 1709-1709 and Codebase evidence ['Codebase/web/src/lib/components/album-page/AlbumsList.svelte', 'Codebase/web/src/routes/(user)/albums/+page.svelte'] support placement in WP-I5-006.",requirements.csv:lines 1709-1709; reviewed-actionable-requirements-v3.csv:CAN-LAM-ARCH-231; code_evidence_references,PASS_B_INDEPENDENT_EVIDENCE_REVIEWER,2026-08-06-pass-b-v2,VERIFIED
WP-I5-006,CAN-LAM-ARCH-232,WP-I5-006,WP-I5-006,Albums and favorites,Albums and favorites,"Reviewed cross-capability package: Albums and favorites is a shared architectural surface used by Albums and favorites, Asset viewer, Gallery and timeline, Metadata. Membership is linked by the same contract/record/workflow boundary, not source order or capacity.",Codebase/web/src/lib/components/album-page/AlbumsList.svelte;Codebase/web/src/routes/(user)/albums/+page.svelte;Codebase/web/src/routes/(user)/albums/+page.ts;Codebase/web/src/routes/(user)/albums/AlbumsControls.svelte,"Contracts affected by requirements CAN-LAM-ARCH-027, CAN-LAM-ARCH-028, CAN-LAM-ARCH-079, CAN-LAM-ARCH-080, CAN-LAM-ARCH-231, CAN-LAM-ARCH-232, CAN-LAM-ARCH-233, CAN-LAM-ARCH-234...; registry references are resolved in the package packet.","Schemas affected by requirements CAN-LAM-ARCH-027, CAN-LAM-ARCH-028, CAN-LAM-ARCH-079, CAN-LAM-ARCH-080, CAN-LAM-ARCH-231, CAN-LAM-ARCH-232, CAN-LAM-ARCH-233, CAN-LAM-ARCH-234...; schema paths are resolved in the package packet.",Album-cover fixture.,Typed failure result; no partial authoritative state is claimed; No unrelated authoritative state is modified,,VERIFIED,"Requirement CAN-LAM-ARCH-232 source locator lines 1711-1711 and Codebase evidence ['Codebase/web/src/lib/components/album-page/AlbumsList.svelte', 'Codebase/web/src/routes/(user)/albums/+page.svelte'] support placement in WP-I5-006.",requirements.csv:lines 1711-1711; reviewed-actionable-requirements-v3.csv:CAN-LAM-ARCH-232; code_evidence_references,PASS_B_INDEPENDENT_EVIDENCE_REVIEWER,2026-08-06-pass-b-v2,VERIFIED
WP-I5-006,CAN-LAM-ARCH-233,WP-I5-006,WP-I5-006,Albums and favorites,Albums and favorites,"Reviewed cross-capability package: Albums and favorites is a shared architectural surface used by Albums and favorites, Asset viewer, Gallery and timeline, Metadata. Membership is linked by the same contract/record/workflow boundary, not source order or capacity.",Codebase/web/src/lib/components/album-page/AlbumsList.svelte;Codebase/web/src/routes/(user)/albums/+page.svelte;Codebase/web/src/routes/(user)/albums/+page.ts;Codebase/web/src/routes/(user)/albums/AlbumsControls.svelte,"Contracts affected by requirements CAN-LAM-ARCH-027, CAN-LAM-ARCH-028, CAN-LAM-ARCH-079, CAN-LAM-ARCH-080, CAN-LAM-ARCH-231, CAN-LAM-ARCH-232, CAN-LAM-ARCH-233, CAN-LAM-ARCH-234...; registry references are resolved in the package packet.","Schemas affected by requirements CAN-LAM-ARCH-027, CAN-LAM-ARCH-028, CAN-LAM-ARCH-079, CAN-LAM-ARCH-080, CAN-LAM-ARCH-231, CAN-LAM-ARCH-232, CAN-LAM-ARCH-233, CAN-LAM-ARCH-234...; schema paths are resolved in the package packet.",Album-sort fixture.,Typed failure result; no partial authoritative state is claimed; No unrelated authoritative state is modified,,VERIFIED,"Requirement CAN-LAM-ARCH-233 source locator lines 1712-1712 and Codebase evidence ['Codebase/web/src/lib/components/album-page/AlbumsList.svelte', 'Codebase/web/src/routes/(user)/albums/+page.svelte'] support placement in WP-I5-006.",requirements.csv:lines 1712-1712; reviewed-actionable-requirements-v3.csv:CAN-LAM-ARCH-233; code_evidence_references,PASS_B_INDEPENDENT_EVIDENCE_REVIEWER,2026-08-06-pass-b-v2,VERIFIED
WP-I5-006,CAN-LAM-ARCH-234,WP-I5-006,WP-I5-006,Albums and favorites,Albums and favorites,"Reviewed cross-capability package: Albums and favorites is a shared architectural surface used by Albums and favorites, Asset viewer, Gallery and timeline, Metadata. Membership is linked by the same contract/record/workflow boundary, not source order or capacity.",Codebase/server/src/utils/database.ts;Codebase/web/src/routes/(user)/albums/+page.svelte;Codebase/web/src/routes/(user)/albums/+page.ts;Codebase/web/src/routes/(user)/albums/AlbumsControls.svelte,"Contracts affected by requirements CAN-LAM-ARCH-027, CAN-LAM-ARCH-028, CAN-LAM-ARCH-079, CAN-LAM-ARCH-080, CAN-LAM-ARCH-231, CAN-LAM-ARCH-232, CAN-LAM-ARCH-233, CAN-LAM-ARCH-234...; registry references are resolved in the package packet.","Schemas affected by requirements CAN-LAM-ARCH-027, CAN-LAM-ARCH-028, CAN-LAM-ARCH-079, CAN-LAM-ARCH-080, CAN-LAM-ARCH-231, CAN-LAM-ARCH-232, CAN-LAM-ARCH-233, CAN-LAM-ARCH-234...; schema paths are resolved in the package packet.",No-duplication fixture.,Typed failure result; no partial authoritative state is claimed; No unrelated authoritative state is modified,,VERIFIED,"Requirement CAN-LAM-ARCH-234 source locator lines 1715-1715 and Codebase evidence ['Codebase/server/src/utils/database.ts', 'Codebase/web/src/routes/(user)/albums/+page.svelte'] support placement in WP-I5-006.",requirements.csv:lines 1715-1715; reviewed-actionable-requirements-v3.csv:CAN-LAM-ARCH-234; code_evidence_references,PASS_B_INDEPENDENT_EVIDENCE_REVIEWER,2026-08-06-pass-b-v2,VERIFIED
WP-I5-006,CAN-LAM-ARCH-235,WP-I5-006,WP-I5-006,Gallery and timeline,Albums and favorites,"Reviewed cross-capability package: Albums and favorites is a shared architectural surface used by Albums and favorites, Asset viewer, Gallery and timeline, Metadata. Membership is linked by the same contract/record/workflow boundary, not source order or capacity.",Codebase/mobile/lib/presentation/widgets/action_buttons/unfavorite_action_button.widget.dart;Codebase/web/src/lib/components/timeline/actions/FavoriteAction.svelte;Codebase/web/src/routes/(user)/favorites/[[photos=photos]]/[[assetId=id]]/+page.svelte;Codebase/web/src/routes/(user)/favorites/[[photos=photos]]/[[assetId=id]]/+page.ts,"Contracts affected by requirements CAN-LAM-ARCH-027, CAN-LAM-ARCH-028, CAN-LAM-ARCH-079, CAN-LAM-ARCH-080, CAN-LAM-ARCH-231, CAN-LAM-ARCH-232, CAN-LAM-ARCH-233, CAN-LAM-ARCH-234...; registry references are resolved in the package packet.","Schemas affected by requirements CAN-LAM-ARCH-027, CAN-LAM-ARCH-028, CAN-LAM-ARCH-079, CAN-LAM-ARCH-080, CAN-LAM-ARCH-231, CAN-LAM-ARCH-232, CAN-LAM-ARCH-233, CAN-LAM-ARCH-234...; schema paths are resolved in the package packet.",Favorite-toggle fixture.,Typed failure result; no partial authoritative state is claimed; No unrelated authoritative state is modified,,VERIFIED,"Requirement CAN-LAM-ARCH-235 source locator lines 1719-1719 and Codebase evidence ['Codebase/mobile/lib/presentation/widgets/action_buttons/unfavorite_action_button.widget.dart', 'Codebase/web/src/lib/components/timeline/actions/FavoriteAction.svelte'] support placement in WP-I5-006.",requirements.csv:lines 1719-1719; reviewed-actionable-requirements-v3.csv:CAN-LAM-ARCH-235; code_evidence_references,PASS_B_INDEPENDENT_EVIDENCE_REVIEWER,2026-08-06-pass-b-v2,VERIFIED
WP-I5-006,CAN-LAM-ARCH-236,WP-I5-006,WP-I5-006,Gallery and timeline,Albums and favorites,"Reviewed cross-capability package: Albums and favorites is a shared architectural surface used by Albums and favorites, Asset viewer, Gallery and timeline, Metadata. Membership is linked by the same contract/record/workflow boundary, not source order or capacity.",Codebase/mobile/lib/infrastructure/repositories/timeline.repository.dart;Codebase/web/src/lib/components/timeline/TimelineAssetViewer.svelte;Codebase/web/src/routes/(user)/favorites/[[photos=photos]]/[[assetId=id]]/+page.svelte;Codebase/web/src/routes/(user)/favorites/[[photos=photos]]/[[assetId=id]]/+page.ts,"Contracts affected by requirements CAN-LAM-ARCH-027, CAN-LAM-ARCH-028, CAN-LAM-ARCH-079, CAN-LAM-ARCH-080, CAN-LAM-ARCH-231, CAN-LAM-ARCH-232, CAN-LAM-ARCH-233, CAN-LAM-ARCH-234...; registry references are resolved in the package packet.","Schemas affected by requirements CAN-LAM-ARCH-027, CAN-LAM-ARCH-028, CAN-LAM-ARCH-079, CAN-LAM-ARCH-080, CAN-LAM-ARCH-231, CAN-LAM-ARCH-232, CAN-LAM-ARCH-233, CAN-LAM-ARCH-234...; schema paths are resolved in the package packet.",Favorites-view fixture.,Typed failure result; no partial authoritative state is claimed; Explicit preservation clause in the statement is preserved,,VERIFIED,"Requirement CAN-LAM-ARCH-236 source locator lines 1720-1720 and Codebase evidence ['Codebase/mobile/lib/infrastructure/repositories/timeline.repository.dart', 'Codebase/web/src/lib/components/timeline/TimelineAssetViewer.svelte'] support placement in WP-I5-006.",requirements.csv:lines 1720-1720; reviewed-actionable-requirements-v3.csv:CAN-LAM-ARCH-236; code_evidence_references,PASS_B_INDEPENDENT_EVIDENCE_REVIEWER,2026-08-06-pass-b-v2,VERIFIED
WP-I5-006,CAN-LAM-ARCH-237,WP-I5-006,WP-I5-006,Metadata,Albums and favorites,"Reviewed cross-capability package: Albums and favorites is a shared architectural surface used by Albums and favorites, Asset viewer, Gallery and timeline, Metadata. Membership is linked by the same contract/record/workflow boundary, not source order or capacity.",Codebase/mobile/openapi/lib/model/queue_name.dart;Codebase/server/src/repositories/asset-job.repository.ts;Codebase/server/src/services/metadata.service.ts;Codebase/server/test/mappers.ts,"Contracts affected by requirements CAN-LAM-ARCH-027, CAN-LAM-ARCH-028, CAN-LAM-ARCH-079, CAN-LAM-ARCH-080, CAN-LAM-ARCH-231, CAN-LAM-ARCH-232, CAN-LAM-ARCH-233, CAN-LAM-ARCH-234...; registry references are resolved in the package packet.","Schemas affected by requirements CAN-LAM-ARCH-027, CAN-LAM-ARCH-028, CAN-LAM-ARCH-079, CAN-LAM-ARCH-080, CAN-LAM-ARCH-231, CAN-LAM-ARCH-232, CAN-LAM-ARCH-233, CAN-LAM-ARCH-234...; schema paths are resolved in the package packet.",Local-storage fixture.,Explicit failure/preservation clause in the statement is preserved; No unrelated authoritative state is modified,,VERIFIED,"Requirement CAN-LAM-ARCH-237 source locator lines 1721-1721 and Codebase evidence ['Codebase/mobile/openapi/lib/model/queue_name.dart', 'Codebase/server/src/repositories/asset-job.repository.ts'] support placement in WP-I5-006.",requirements.csv:lines 1721-1721; reviewed-actionable-requirements-v3.csv:CAN-LAM-ARCH-237; code_evidence_references,PASS_B_INDEPENDENT_EVIDENCE_REVIEWER,2026-08-06-pass-b-v2,VERIFIED
WP-I5-007,CAN-LAM-ARCH-238,WP-I5-007,WP-I5-007,Memories,Memories experience,"Reviewed cross-capability package: Memories experience is a shared architectural surface used by Memories, People and faces, Tags. Membership is linked by the same contract/record/workflow boundary, not source order or capacity.",Codebase/server/src/controllers/memory.controller.ts;Codebase/server/src/repositories/memory.repository.ts;Codebase/server/src/services/memory.service.ts;Codebase/web/src/routes/(user)/memory/[[photos=photos]]/[[assetId=id]]/+page.ts,"Contracts affected by requirements CAN-LAM-ARCH-029, CAN-LAM-ARCH-238, CAN-LAM-ARCH-239, CAN-LAM-ARCH-240, CAN-LAM-ARCH-241, CAN-LAM-ARCH-242, CAN-LAM-ARCH-243, CAN-LAM-EVENT-052...; registry references are resolved in the package packet.","Schemas affected by requirements CAN-LAM-ARCH-029, CAN-LAM-ARCH-238, CAN-LAM-ARCH-239, CAN-LAM-ARCH-240, CAN-LAM-ARCH-241, CAN-LAM-ARCH-242, CAN-LAM-ARCH-243, CAN-LAM-EVENT-052...; schema paths are resolved in the package packet.",On-this-day fixture.,Typed failure result; no partial authoritative state is claimed; No unrelated authoritative state is modified,,VERIFIED,"Requirement CAN-LAM-ARCH-238 source locator lines 1726-1726 and Codebase evidence ['Codebase/server/src/controllers/memory.controller.ts', 'Codebase/server/src/repositories/memory.repository.ts'] support placement in WP-I5-007.",requirements.csv:lines 1726-1726; reviewed-actionable-requirements-v3.csv:CAN-LAM-ARCH-238; code_evidence_references,PASS_B_INDEPENDENT_EVIDENCE_REVIEWER,2026-08-06-pass-b-v2,VERIFIED
WP-I5-007,CAN-LAM-ARCH-239,WP-I5-007,WP-I5-007,Memories,Memories experience,"Reviewed cross-capability package: Memories experience is a shared architectural surface used by Memories, People and faces, Tags. Membership is linked by the same contract/record/workflow boundary, not source order or capacity.",Codebase/mobile/lib/utils/people.utils.dart;Codebase/web/src/lib/components/asset-viewer/actions/PreviousAssetAction.svelte;Codebase/web/src/lib/utils/asset-utils.ts;Codebase/web/src/lib/utils/slideshow-history.ts,"Contracts affected by requirements CAN-LAM-ARCH-029, CAN-LAM-ARCH-238, CAN-LAM-ARCH-239, CAN-LAM-ARCH-240, CAN-LAM-ARCH-241, CAN-LAM-ARCH-242, CAN-LAM-ARCH-243, CAN-LAM-EVENT-052...; registry references are resolved in the package packet.","Schemas affected by requirements CAN-LAM-ARCH-029, CAN-LAM-ARCH-238, CAN-LAM-ARCH-239, CAN-LAM-ARCH-240, CAN-LAM-ARCH-241, CAN-LAM-ARCH-242, CAN-LAM-ARCH-243, CAN-LAM-EVENT-052...; schema paths are resolved in the package packet.",Same-month fixture.,Typed failure result; no partial authoritative state is claimed; No unrelated authoritative state is modified,,VERIFIED,"Requirement CAN-LAM-ARCH-239 source locator lines 1727-1727 and Codebase evidence ['Codebase/mobile/lib/utils/people.utils.dart', 'Codebase/web/src/lib/components/asset-viewer/actions/PreviousAssetAction.svelte'] support placement in WP-I5-007.",requirements.csv:lines 1727-1727; reviewed-actionable-requirements-v3.csv:CAN-LAM-ARCH-239; code_evidence_references,PASS_B_INDEPENDENT_EVIDENCE_REVIEWER,2026-08-06-pass-b-v2,VERIFIED
WP-I5-007,CAN-LAM-ARCH-240,WP-I5-007,WP-I5-007,Memories,Memories experience,"Reviewed cross-capability package: Memories experience is a shared architectural surface used by Memories, People and faces, Tags. Membership is linked by the same contract/record/workflow boundary, not source order or capacity.",Codebase/mobile/openapi/lib/api/memories_api.dart;Codebase/mobile/openapi/lib/model/memories_response.dart;Codebase/mobile/openapi/lib/model/memories_update.dart;Codebase/server/src/commands/media-location.command.ts,"Contracts affected by requirements CAN-LAM-ARCH-029, CAN-LAM-ARCH-238, CAN-LAM-ARCH-239, CAN-LAM-ARCH-240, CAN-LAM-ARCH-241, CAN-LAM-ARCH-242, CAN-LAM-ARCH-243, CAN-LAM-EVENT-052...; registry references are resolved in the package packet.","Schemas affected by requirements CAN-LAM-ARCH-029, CAN-LAM-ARCH-238, CAN-LAM-ARCH-239, CAN-LAM-ARCH-240, CAN-LAM-ARCH-241, CAN-LAM-ARCH-242, CAN-LAM-ARCH-243, CAN-LAM-EVENT-052...; schema paths are resolved in the package packet.",Location-memory fixture.,Typed failure result; no partial authoritative state is claimed; No unrelated authoritative state is modified,,VERIFIED,"Requirement CAN-LAM-ARCH-240 source locator lines 1731-1731 and Codebase evidence ['Codebase/mobile/openapi/lib/api/memories_api.dart', 'Codebase/mobile/openapi/lib/model/memories_response.dart'] support placement in WP-I5-007.",requirements.csv:lines 1731-1731; reviewed-actionable-requirements-v3.csv:CAN-LAM-ARCH-240; code_evidence_references,PASS_B_INDEPENDENT_EVIDENCE_REVIEWER,2026-08-06-pass-b-v2,VERIFIED
WP-I5-007,CAN-LAM-ARCH-241,WP-I5-007,WP-I5-007,Albums and favorites,Memories experience,"Reviewed cross-capability package: Memories experience is a shared architectural surface used by Memories, People and faces, Tags. Membership is linked by the same contract/record/workflow boundary, not source order or capacity.",Codebase/web/src/lib/components/album-page/AlbumsList.svelte;Codebase/web/src/routes/(user)/albums/+page.svelte;Codebase/web/src/routes/(user)/albums/+page.ts;Codebase/web/src/routes/(user)/albums/AlbumsControls.svelte,"Contracts affected by requirements CAN-LAM-ARCH-029, CAN-LAM-ARCH-238, CAN-LAM-ARCH-239, CAN-LAM-ARCH-240, CAN-LAM-ARCH-241, CAN-LAM-ARCH-242, CAN-LAM-ARCH-243, CAN-LAM-EVENT-052...; registry references are resolved in the package packet.","Schemas affected by requirements CAN-LAM-ARCH-029, CAN-LAM-ARCH-238, CAN-LAM-ARCH-239, CAN-LAM-ARCH-240, CAN-LAM-ARCH-241, CAN-LAM-ARCH-242, CAN-LAM-ARCH-243, CAN-LAM-EVENT-052...; schema paths are resolved in the package packet.",Album-memory fixture.,Typed failure result; no partial authoritative state is claimed; No unrelated authoritative state is modified,,VERIFIED,"Requirement CAN-LAM-ARCH-241 source locator lines 1732-1732 and Codebase evidence ['Codebase/web/src/lib/components/album-page/AlbumsList.svelte', 'Codebase/web/src/routes/(user)/albums/+page.svelte'] support placement in WP-I5-007.",requirements.csv:lines 1732-1732; reviewed-actionable-requirements-v3.csv:CAN-LAM-ARCH-241; code_evidence_references,PASS_B_INDEPENDENT_EVIDENCE_REVIEWER,2026-08-06-pass-b-v2,VERIFIED
WP-I5-007,CAN-LAM-ARCH-242,WP-I5-007,WP-I5-007,Memories,Memories experience,"Reviewed cross-capability package: Memories experience is a shared architectural surface used by Memories, People and faces, Tags. Membership is linked by the same contract/record/workflow boundary, not source order or capacity.",Codebase/server/src/controllers/memory.controller.ts;Codebase/server/src/repositories/memory.repository.ts;Codebase/server/src/services/memory.service.ts;Codebase/web/src/routes/(user)/memory/[[photos=photos]]/[[assetId=id]]/+page.ts,"Contracts affected by requirements CAN-LAM-ARCH-029, CAN-LAM-ARCH-238, CAN-LAM-ARCH-239, CAN-LAM-ARCH-240, CAN-LAM-ARCH-241, CAN-LAM-ARCH-242, CAN-LAM-ARCH-243, CAN-LAM-EVENT-052...; registry references are resolved in the package packet.","Schemas affected by requirements CAN-LAM-ARCH-029, CAN-LAM-ARCH-238, CAN-LAM-ARCH-239, CAN-LAM-ARCH-240, CAN-LAM-ARCH-241, CAN-LAM-ARCH-242, CAN-LAM-ARCH-243, CAN-LAM-EVENT-052...; schema paths are resolved in the package packet.",Screenshot-exclusion fixture.,Typed failure result; no partial authoritative state is claimed; No unrelated authoritative state is modified,,VERIFIED,"Requirement CAN-LAM-ARCH-242 source locator lines 1735-1735 and Codebase evidence ['Codebase/server/src/controllers/memory.controller.ts', 'Codebase/server/src/repositories/memory.repository.ts'] support placement in WP-I5-007.",requirements.csv:lines 1735-1735; reviewed-actionable-requirements-v3.csv:CAN-LAM-ARCH-242; code_evidence_references,PASS_B_INDEPENDENT_EVIDENCE_REVIEWER,2026-08-06-pass-b-v2,VERIFIED
WP-I5-007,CAN-LAM-ARCH-243,WP-I5-007,WP-I5-007,Memories,Memories experience,"Reviewed cross-capability package: Memories experience is a shared architectural surface used by Memories, People and faces, Tags. Membership is linked by the same contract/record/workflow boundary, not source order or capacity.",Codebase/mobile/openapi/lib/model/job_name.dart;Codebase/mobile/openapi/lib/model/queue_name.dart;Codebase/server/src/repositories/person.repository.ts;Codebase/server/src/services/media.service.ts,"Contracts affected by requirements CAN-LAM-ARCH-029, CAN-LAM-ARCH-238, CAN-LAM-ARCH-239, CAN-LAM-ARCH-240, CAN-LAM-ARCH-241, CAN-LAM-ARCH-242, CAN-LAM-ARCH-243, CAN-LAM-EVENT-052...; registry references are resolved in the package packet.","Schemas affected by requirements CAN-LAM-ARCH-029, CAN-LAM-ARCH-238, CAN-LAM-ARCH-239, CAN-LAM-ARCH-240, CAN-LAM-ARCH-241, CAN-LAM-ARCH-242, CAN-LAM-ARCH-243, CAN-LAM-EVENT-052...; schema paths are resolved in the package packet.",Local-generation fixture with no-network assertion.,Typed failure result; no partial authoritative state is claimed; No unrelated authoritative state is modified,,VERIFIED,"Requirement CAN-LAM-ARCH-243 source locator lines 1737-1737 and Codebase evidence ['Codebase/mobile/openapi/lib/model/job_name.dart', 'Codebase/mobile/openapi/lib/model/queue_name.dart'] support placement in WP-I5-007.",requirements.csv:lines 1737-1737; reviewed-actionable-requirements-v3.csv:CAN-LAM-ARCH-243; code_evidence_references,PASS_B_INDEPENDENT_EVIDENCE_REVIEWER,2026-08-06-pass-b-v2,VERIFIED
WP-I10-011,CAN-LAM-ARCH-251,WP-I10-011,WP-I10-011,Duplicates,Duplicate and similarity candidates,All members produce or compare duplicate/similarity evidence and keep every destructive outcome behind explicit review/plan approval.,Codebase/docs/docs/overview/comparison.md;Codebase/e2e/tsconfig.json;Codebase/web/src/lib/utils/duplicate-utils.ts;Codebase/web/tsconfig.json,"Duplicate candidate, comparison, burst, preview, retained-file, and AI-data-control contracts","Duplicate candidate, comparison evidence, burst group, and similarity projection records",Resolution-comparison fixture.,Typed failure result; no partial authoritative state is claimed; No unrelated authoritative state is modified,,VERIFIED,"Requirement CAN-LAM-ARCH-251 source locator lines 1768-1768 and Codebase evidence ['Codebase/docs/docs/overview/comparison.md', 'Codebase/e2e/tsconfig.json'] support placement in WP-I10-011.",requirements.csv:lines 1768-1768; reviewed-actionable-requirements-v3.csv:CAN-LAM-ARCH-251; code_evidence_references,PASS_B_INDEPENDENT_EVIDENCE_REVIEWER,2026-08-06-pass-b-v2,VERIFIED
WP-I10-011,CAN-LAM-ARCH-252,WP-I10-011,WP-I10-011,Duplicates,Duplicate and similarity candidates,All members produce or compare duplicate/similarity evidence and keep every destructive outcome behind explicit review/plan approval.,Codebase/docs/docs/overview/comparison.md;Codebase/web/src/lib/utils/duplicate-utils.ts;Codebase/web/src/routes/(user)/utilities/duplicates/[[photos=photos]]/[[assetId=id]]/+page.svelte;Codebase/web/src/routes/(user)/utilities/duplicates/[[photos=photos]]/[[assetId=id]]/+page.ts,"Duplicate candidate, comparison, burst, preview, retained-file, and AI-data-control contracts","Duplicate candidate, comparison evidence, burst group, and similarity projection records",Format-comparison fixture.,Typed failure result; no partial authoritative state is claimed; No unrelated authoritative state is modified,,VERIFIED,"Requirement CAN-LAM-ARCH-252 source locator lines 1769-1769 and Codebase evidence ['Codebase/docs/docs/overview/comparison.md', 'Codebase/web/src/lib/utils/duplicate-utils.ts'] support placement in WP-I10-011.",requirements.csv:lines 1769-1769; reviewed-actionable-requirements-v3.csv:CAN-LAM-ARCH-252; code_evidence_references,PASS_B_INDEPENDENT_EVIDENCE_REVIEWER,2026-08-06-pass-b-v2,VERIFIED
WP-I10-011,CAN-LAM-ARCH-253,WP-I10-011,WP-I10-011,Duplicates,Duplicate and similarity candidates,All members produce or compare duplicate/similarity evidence and keep every destructive outcome behind explicit review/plan approval.,Codebase/docs/docs/overview/comparison.md;Codebase/web/src/lib/utils/duplicate-utils.ts;Codebase/web/src/routes/(user)/utilities/duplicates/[[photos=photos]]/[[assetId=id]]/+page.svelte;Codebase/web/src/routes/(user)/utilities/duplicates/[[photos=photos]]/[[assetId=id]]/+page.ts,"Duplicate candidate, comparison, burst, preview, retained-file, and AI-data-control contracts","Duplicate candidate, comparison evidence, burst group, and similarity projection records",Size-comparison fixture.,Typed failure result; no partial authoritative state is claimed; No unrelated authoritative state is modified,,VERIFIED,"Requirement CAN-LAM-ARCH-253 source locator lines 1770-1770 and Codebase evidence ['Codebase/docs/docs/overview/comparison.md', 'Codebase/web/src/lib/utils/duplicate-utils.ts'] support placement in WP-I10-011.",requirements.csv:lines 1770-1770; reviewed-actionable-requirements-v3.csv:CAN-LAM-ARCH-253; code_evidence_references,PASS_B_INDEPENDENT_EVIDENCE_REVIEWER,2026-08-06-pass-b-v2,VERIFIED
WP-I10-011,CAN-LAM-ARCH-254,WP-I10-011,WP-I10-011,Albums and favorites,Duplicate and similarity candidates,All members produce or compare duplicate/similarity evidence and keep every destructive outcome behind explicit review/plan approval.,Codebase/web/src/lib/components/album-page/AlbumsList.svelte;Codebase/web/src/routes/(user)/albums/+page.svelte;Codebase/web/src/routes/(user)/albums/+page.ts;Codebase/web/src/routes/(user)/albums/AlbumsControls.svelte,"Duplicate candidate, comparison, burst, preview, retained-file, and AI-data-control contracts","Duplicate candidate, comparison evidence, burst group, and similarity projection records",Album-comparison fixture.,Typed failure result; no partial authoritative state is claimed; No unrelated authoritative state is modified,,VERIFIED,"Requirement CAN-LAM-ARCH-254 source locator lines 1772-1772 and Codebase evidence ['Codebase/web/src/lib/components/album-page/AlbumsList.svelte', 'Codebase/web/src/routes/(user)/albums/+page.svelte'] support placement in WP-I10-011.",requirements.csv:lines 1772-1772; reviewed-actionable-requirements-v3.csv:CAN-LAM-ARCH-254; code_evidence_references,PASS_B_INDEPENDENT_EVIDENCE_REVIEWER,2026-08-06-pass-b-v2,VERIFIED
WP-I10-011,CAN-LAM-ARCH-255,WP-I10-011,WP-I10-011,Tags,Duplicate and similarity candidates,All members produce or compare duplicate/similarity evidence and keep every destructive outcome behind explicit review/plan approval.,Codebase/docs/docs/overview/comparison.md;Codebase/web/src/lib/components/asset-viewer/DetailPanelTags.svelte;Codebase/web/src/lib/utils/duplicate-utils.ts;Codebase/web/src/routes/(user)/tags/[[photos=photos]]/[[assetId=id]]/+page.ts,"Duplicate candidate, comparison, burst, preview, retained-file, and AI-data-control contracts","Duplicate candidate, comparison evidence, burst group, and similarity projection records",Tag-comparison fixture.,Typed failure result; no partial authoritative state is claimed; No unrelated authoritative state is modified,,VERIFIED,"Requirement CAN-LAM-ARCH-255 source locator lines 1773-1773 and Codebase evidence ['Codebase/docs/docs/overview/comparison.md', 'Codebase/web/src/lib/components/asset-viewer/DetailPanelTags.svelte'] support placement in WP-I10-011.",requirements.csv:lines 1773-1773; reviewed-actionable-requirements-v3.csv:CAN-LAM-ARCH-255; code_evidence_references,PASS_B_INDEPENDENT_EVIDENCE_REVIEWER,2026-08-06-pass-b-v2,VERIFIED
WP-I10-011,CAN-LAM-ARCH-256,WP-I10-011,WP-I10-011,Duplicates,Duplicate and similarity candidates,All members produce or compare duplicate/similarity evidence and keep every destructive outcome behind explicit review/plan approval.,Codebase/server/src/services/duplicate.service.ts;Codebase/web/src/routes/(user)/utilities/duplicates/[[photos=photos]]/[[assetId=id]]/+page.svelte;Codebase/web/src/routes/(user)/utilities/duplicates/[[photos=photos]]/[[assetId=id]]/+page.ts;Codebase/web/src/routes/(user)/utilities/duplicates/[[photos=photos]]/[[assetId=id]]/DuplicatesCompareControl.svelte,"Duplicate candidate, comparison, burst, preview, retained-file, and AI-data-control contracts","Duplicate candidate, comparison evidence, burst group, and similarity projection records",Side-by-side preview fixture.,Explicit failure/preservation clause in the statement is preserved; Explicit preservation clause in the statement is preserved,,VERIFIED,"Requirement CAN-LAM-ARCH-256 source locator lines 1775-1775 and Codebase evidence ['Codebase/server/src/services/duplicate.service.ts', 'Codebase/web/src/routes/(user)/utilities/duplicates/[[photos=photos]]/[[assetId=id]]/+page.svelte'] support placement in WP-I10-011.",requirements.csv:lines 1775-1775; reviewed-actionable-requirements-v3.csv:CAN-LAM-ARCH-256; code_evidence_references,PASS_B_INDEPENDENT_EVIDENCE_REVIEWER,2026-08-06-pass-b-v2,VERIFIED
WP-I10-011,CAN-LAM-ARCH-257,WP-I10-011,WP-I10-011,Duplicates,Duplicate and similarity candidates,All members produce or compare duplicate/similarity evidence and keep every destructive outcome behind explicit review/plan approval.,Codebase/server/src/services/duplicate.service.ts;Codebase/web/src/routes/(user)/utilities/duplicates/[[photos=photos]]/[[assetId=id]]/+page.svelte;Codebase/web/src/routes/(user)/utilities/duplicates/[[photos=photos]]/[[assetId=id]]/+page.ts;Codebase/web/src/routes/(user)/utilities/duplicates/[[photos=photos]]/[[assetId=id]]/DuplicatesCompareControl.svelte,"Duplicate candidate, comparison, burst, preview, retained-file, and AI-data-control contracts","Duplicate candidate, comparison evidence, burst group, and similarity projection records",Retained-file selection fixture.,Typed failure result; no partial authoritative state is claimed; Explicit preservation clause in the statement is preserved,,VERIFIED,"Requirement CAN-LAM-ARCH-257 source locator lines 1776-1776 and Codebase evidence ['Codebase/server/src/services/duplicate.service.ts', 'Codebase/web/src/routes/(user)/utilities/duplicates/[[photos=photos]]/[[assetId=id]]/+page.svelte'] support placement in WP-I10-011.",requirements.csv:lines 1776-1776; reviewed-actionable-requirements-v3.csv:CAN-LAM-ARCH-257; code_evidence_references,PASS_B_INDEPENDENT_EVIDENCE_REVIEWER,2026-08-06-pass-b-v2,VERIFIED
WP-I10-011,CAN-LAM-ARCH-258,WP-I10-011,WP-I10-011,Duplicates,Duplicate and similarity candidates,All members produce or compare duplicate/similarity evidence and keep every destructive outcome behind explicit review/plan approval.,Codebase/server/src/repositories/asset-job.repository.ts;Codebase/server/src/services/asset.service.ts;Codebase/server/src/services/user.service.ts;Codebase/server/test/mappers.ts,"Duplicate candidate, comparison, burst, preview, retained-file, and AI-data-control contracts","Duplicate candidate, comparison evidence, burst group, and similarity projection records",No-delete fixture.,Typed failure result; no partial authoritative state is claimed; No unrelated authoritative state is modified,,VERIFIED,"Requirement CAN-LAM-ARCH-258 source locator lines 1778-1778 and Codebase evidence ['Codebase/server/src/repositories/asset-job.repository.ts', 'Codebase/server/src/services/asset.service.ts'] support placement in WP-I10-011.",requirements.csv:lines 1778-1778; reviewed-actionable-requirements-v3.csv:CAN-LAM-ARCH-258; code_evidence_references,PASS_B_INDEPENDENT_EVIDENCE_REVIEWER,2026-08-06-pass-b-v2,VERIFIED
WP-I10-011,CAN-LAM-ARCH-259,WP-I10-011,WP-I10-011,Duplicates,Duplicate and similarity candidates,All members produce or compare duplicate/similarity evidence and keep every destructive outcome behind explicit review/plan approval.,Codebase/server/src/repositories/duplicate.repository.ts;Codebase/server/src/services/duplicate.service.ts;Codebase/web/src/routes/(user)/utilities/duplicates/[[photos=photos]]/[[assetId=id]]/+page.svelte;Codebase/web/src/routes/(user)/utilities/duplicates/[[photos=photos]]/[[assetId=id]]/+page.ts,"Duplicate candidate, comparison, burst, preview, retained-file, and AI-data-control contracts","Duplicate candidate, comparison evidence, burst group, and similarity projection records",No-merge fixture.,Typed failure result; no partial authoritative state is claimed; No unrelated authoritative state is modified,,VERIFIED,"Requirement CAN-LAM-ARCH-259 source locator lines 1779-1779 and Codebase evidence ['Codebase/server/src/repositories/duplicate.repository.ts', 'Codebase/server/src/services/duplicate.service.ts'] support placement in WP-I10-011.",requirements.csv:lines 1779-1779; reviewed-actionable-requirements-v3.csv:CAN-LAM-ARCH-259; code_evidence_references,PASS_B_INDEPENDENT_EVIDENCE_REVIEWER,2026-08-06-pass-b-v2,VERIFIED
WP-I5-010,CAN-LAM-ARCH-272,WP-I5-010,WP-I5-010,Review Centre,Review-state mutations,"All members mutate or persist review-item state; read-only navigation, filtering, and reveal behaviors were moved to dedicated I5 packages.",Codebase/server/src/repositories/workflow.repository.ts;Codebase/server/src/services/workflow.service.ts;Codebase/web/src/lib/components/asset-viewer/PhotoSphereViewerAdapter.svelte,Review decision and transition contracts,Review item and review decision records,Approve fixture with scope checks.,Typed failure result; no partial authoritative state is claimed; Explicit preservation clause in the statement is preserved,,VERIFIED,"Requirement CAN-LAM-ARCH-272 source locator lines 1840-1840 and Codebase evidence ['Codebase/server/src/repositories/workflow.repository.ts', 'Codebase/server/src/services/workflow.service.ts'] support placement in WP-I5-010.",requirements.csv:lines 1840-1840; reviewed-actionable-requirements-v3.csv:CAN-LAM-ARCH-272; code_evidence_references,PASS_B_INDEPENDENT_EVIDENCE_REVIEWER,2026-08-06-pass-b-v2,VERIFIED
WP-I5-010,CAN-LAM-ARCH-273,WP-I5-010,WP-I5-010,Review Centre,Review-state mutations,"All members mutate or persist review-item state; read-only navigation, filtering, and reveal behaviors were moved to dedicated I5 packages.",Codebase/server/src/repositories/workflow.repository.ts;Codebase/server/src/services/workflow.service.ts;Codebase/web/src/lib/components/asset-viewer/PhotoSphereViewerAdapter.svelte,Review decision and transition contracts,Review item and review decision records,Suppress fixture with exclusion checks.,Typed failure result; no partial authoritative state is claimed; No unrelated authoritative state is modified,,VERIFIED,"Requirement CAN-LAM-ARCH-273 source locator lines 1842-1842 and Codebase evidence ['Codebase/server/src/repositories/workflow.repository.ts', 'Codebase/server/src/services/workflow.service.ts'] support placement in WP-I5-010.",requirements.csv:lines 1842-1842; reviewed-actionable-requirements-v3.csv:CAN-LAM-ARCH-273; code_evidence_references,PASS_B_INDEPENDENT_EVIDENCE_REVIEWER,2026-08-06-pass-b-v2,VERIFIED
WP-I5-010,CAN-LAM-ARCH-274,WP-I5-010,WP-I5-010,Review Centre,Review-state mutations,"All members mutate or persist review-item state; read-only navigation, filtering, and reveal behaviors were moved to dedicated I5 packages.",Codebase/server/src/repositories/workflow.repository.ts;Codebase/server/src/services/workflow.service.ts;Codebase/web/src/lib/components/asset-viewer/PhotoSphereViewerAdapter.svelte,Review decision and transition contracts,Review item and review decision records,Defer/reopen fixture.,Typed failure result; no partial authoritative state is claimed; Explicit preservation clause in the statement is preserved,,VERIFIED,"Requirement CAN-LAM-ARCH-274 source locator lines 1843-1843 and Codebase evidence ['Codebase/server/src/repositories/workflow.repository.ts', 'Codebase/server/src/services/workflow.service.ts'] support placement in WP-I5-010.",requirements.csv:lines 1843-1843; reviewed-actionable-requirements-v3.csv:CAN-LAM-ARCH-274; code_evidence_references,PASS_B_INDEPENDENT_EVIDENCE_REVIEWER,2026-08-06-pass-b-v2,VERIFIED
WP-I5-010,CAN-LAM-ARCH-276,WP-I5-010,WP-I5-010,Review Centre,Review-state mutations,"All members mutate or persist review-item state; read-only navigation, filtering, and reveal behaviors were moved to dedicated I5 packages.",Codebase/server/src/repositories/workflow.repository.ts;Codebase/server/src/services/workflow.service.ts;Codebase/web/src/lib/components/asset-viewer/PhotoSphereViewerAdapter.svelte,Review decision and transition contracts,Review item and review decision records,Mark-intentional fixture.,Typed failure result; no partial authoritative state is claimed; No unrelated authoritative state is modified,,VERIFIED,"Requirement CAN-LAM-ARCH-276 source locator lines 1845-1845 and Codebase evidence ['Codebase/server/src/repositories/workflow.repository.ts', 'Codebase/server/src/services/workflow.service.ts'] support placement in WP-I5-010.",requirements.csv:lines 1845-1845; reviewed-actionable-requirements-v3.csv:CAN-LAM-ARCH-276; code_evidence_references,PASS_B_INDEPENDENT_EVIDENCE_REVIEWER,2026-08-06-pass-b-v2,VERIFIED
WP-I5-010,CAN-LAM-ARCH-277,WP-I5-010,WP-I5-010,Review Centre,Review-state mutations,"All members mutate or persist review-item state; read-only navigation, filtering, and reveal behaviors were moved to dedicated I5 packages.",Codebase/mobile/lib/providers/cleanup.provider.dart;Codebase/mobile/lib/widgets/common/selection_sliver_app_bar.dart;Codebase/web/src/lib/modals/AssetSelectionChangeDateModal.svelte;Codebase/web/src/lib/modals/PartnerSelectionModal.svelte,Review decision and transition contracts,Review item and review decision records,Apply-to-selection fixture.,Typed failure result; no partial authoritative state is claimed; No unrelated authoritative state is modified,,VERIFIED,"Requirement CAN-LAM-ARCH-277 source locator lines 1846-1846 and Codebase evidence ['Codebase/mobile/lib/providers/cleanup.provider.dart', 'Codebase/mobile/lib/widgets/common/selection_sliver_app_bar.dart'] support placement in WP-I5-010.",requirements.csv:lines 1846-1846; reviewed-actionable-requirements-v3.csv:CAN-LAM-ARCH-277; code_evidence_references,PASS_B_INDEPENDENT_EVIDENCE_REVIEWER,2026-08-06-pass-b-v2,VERIFIED
WP-I5-013,CAN-LAM-ARCH-278,WP-I5-013,WP-I5-013,Review Centre,Read and navigation surfaces,Every member is a read or navigation behavior with an explicit no-mutation result.,Codebase/mobile/openapi/lib/model/search_suggestion_type.dart;Codebase/server/src/dtos/search.dto.ts;Codebase/server/src/services/search.service.ts;Codebase/web/src/lib/modals/PersonMergeSuggestionModal.svelte,Review navigation and display contracts,"Review item, asset, event, and person read projections",Suggestion-reason fixture.,Explicit failure/preservation clause in the statement is preserved; Explicit preservation clause in the statement is preserved,,VERIFIED,"Requirement CAN-LAM-ARCH-278 source locator lines 1852-1852 and Codebase evidence ['Codebase/mobile/openapi/lib/model/search_suggestion_type.dart', 'Codebase/server/src/dtos/search.dto.ts'] support placement in WP-I5-013.",requirements.csv:lines 1852-1852; reviewed-actionable-requirements-v3.csv:CAN-LAM-ARCH-278; code_evidence_references,PASS_B_INDEPENDENT_EVIDENCE_REVIEWER,2026-08-06-pass-b-v2,VERIFIED
WP-I3-011,CAN-LAM-ARCH-279,WP-I3-011,WP-I3-011,Filesystem transactions and recovery,File-operation plan contract,"The package is bounded to the file-operation plan contract architectural surface and its direct contracts, records, and tests.",Codebase/machine-learning/immich_ml/models/facial_recognition/detection.py;Codebase/machine-learning/immich_ml/models/ocr/detection.py;Codebase/mobile/openapi/lib/model/duplicate_detection_config.dart;Codebase/server/src/utils/misc.ts,"Contracts affected by requirements CAN-LAM-ARCH-057, CAN-LAM-ARCH-058, CAN-LAM-ARCH-279, CAN-LAM-ARCH-280, CAN-LAM-ARCH-281, CAN-LAM-ASSET-124, CAN-LAM-ASSET-186, CAN-LAM-FOLDER-036...; registry references are resolved in the package packet.","Schemas affected by requirements CAN-LAM-ARCH-057, CAN-LAM-ARCH-058, CAN-LAM-ARCH-279, CAN-LAM-ARCH-280, CAN-LAM-ARCH-281, CAN-LAM-ASSET-124, CAN-LAM-ASSET-186, CAN-LAM-FOLDER-036...; schema paths are resolved in the package packet.",Collision fixture with approval checks.,Typed failure result; no partial authoritative state is claimed; No unrelated authoritative state is modified,,VERIFIED,"Requirement CAN-LAM-ARCH-279 source locator lines 1872-1872 and Codebase evidence ['Codebase/machine-learning/immich_ml/models/facial_recognition/detection.py', 'Codebase/machine-learning/immich_ml/models/ocr/detection.py'] support placement in WP-I3-011.",requirements.csv:lines 1872-1872; reviewed-actionable-requirements-v3.csv:CAN-LAM-ARCH-279; code_evidence_references,PASS_B_INDEPENDENT_EVIDENCE_REVIEWER,2026-08-06-pass-b-v2,VERIFIED
WP-I3-011,CAN-LAM-ARCH-280,WP-I3-011,WP-I3-011,Filesystem transactions and recovery,File-operation plan contract,"The package is bounded to the file-operation plan contract architectural surface and its direct contracts, records, and tests.",Codebase/server/src/controllers/library.controller.ts;Codebase/server/src/repositories/library.repository.ts;Codebase/server/src/services/library.service.ts;Codebase/server/src/services/storage.service.ts,"Contracts affected by requirements CAN-LAM-ARCH-057, CAN-LAM-ARCH-058, CAN-LAM-ARCH-279, CAN-LAM-ARCH-280, CAN-LAM-ARCH-281, CAN-LAM-ASSET-124, CAN-LAM-ASSET-186, CAN-LAM-FOLDER-036...; registry references are resolved in the package packet.","Schemas affected by requirements CAN-LAM-ARCH-057, CAN-LAM-ARCH-058, CAN-LAM-ARCH-279, CAN-LAM-ARCH-280, CAN-LAM-ARCH-281, CAN-LAM-ASSET-124, CAN-LAM-ASSET-186, CAN-LAM-FOLDER-036...; schema paths are resolved in the package packet.",Mutation-preview fixture.,Typed failure result; no partial authoritative state is claimed; No unrelated authoritative state is modified,,VERIFIED,"Requirement CAN-LAM-ARCH-280 source locator lines 1873-1873 and Codebase evidence ['Codebase/server/src/controllers/library.controller.ts', 'Codebase/server/src/repositories/library.repository.ts'] support placement in WP-I3-011.",requirements.csv:lines 1873-1873; reviewed-actionable-requirements-v3.csv:CAN-LAM-ARCH-280; code_evidence_references,PASS_B_INDEPENDENT_EVIDENCE_REVIEWER,2026-08-06-pass-b-v2,VERIFIED
WP-I3-011,CAN-LAM-ARCH-281,WP-I3-011,WP-I3-011,Filesystem transactions and recovery,File-operation plan contract,"The package is bounded to the file-operation plan contract architectural surface and its direct contracts, records, and tests.",Codebase/mobile/lib/widgets/forms/pin_verification_form.dart;Codebase/mobile/openapi/lib/model/system_config_storage_template_dto.dart;Codebase/web/src/routes/(user)/utilities/duplicates/[[photos=photos]]/[[assetId=id]]/+page.svelte;Codebase/web/src/routes/(user)/utilities/duplicates/[[photos=photos]]/[[assetId=id]]/+page.ts,"Contracts affected by requirements CAN-LAM-ARCH-057, CAN-LAM-ARCH-058, CAN-LAM-ARCH-279, CAN-LAM-ARCH-280, CAN-LAM-ARCH-281, CAN-LAM-ASSET-124, CAN-LAM-ASSET-186, CAN-LAM-FOLDER-036...; registry references are resolved in the package packet.","Schemas affected by requirements CAN-LAM-ARCH-057, CAN-LAM-ARCH-058, CAN-LAM-ARCH-279, CAN-LAM-ARCH-280, CAN-LAM-ARCH-281, CAN-LAM-ASSET-124, CAN-LAM-ASSET-186, CAN-LAM-FOLDER-036...; schema paths are resolved in the package packet.",Hash-verification fixture.,Explicit failure/preservation clause in the statement is preserved; Explicit preservation clause in the statement is preserved,,VERIFIED,"Requirement CAN-LAM-ARCH-281 source locator lines 1874-1874 and Codebase evidence ['Codebase/mobile/lib/widgets/forms/pin_verification_form.dart', 'Codebase/mobile/openapi/lib/model/system_config_storage_template_dto.dart'] support placement in WP-I3-011.",requirements.csv:lines 1874-1874; reviewed-actionable-requirements-v3.csv:CAN-LAM-ARCH-281; code_evidence_references,PASS_B_INDEPENDENT_EVIDENCE_REVIEWER,2026-08-06-pass-b-v2,VERIFIED
WP-I7-010,CAN-LAM-ARCH-298,WP-I7-010,WP-I7-010,Metadata,People and face privacy,"Reviewed cross-capability package: People and face privacy is a shared architectural surface used by Asset viewer, Metadata, People and faces. Membership is linked by the same contract/record/workflow boundary, not source order or capacity.",Codebase/server/src/repositories/database.repository.ts;Codebase/server/src/repositories/metadata.repository.ts;Codebase/server/src/repositories/search.repository.ts;Codebase/server/src/services/metadata.service.ts,"Contracts affected by requirements CAN-LAM-ARCH-298, CAN-LAM-ARCH-299, CAN-LAM-ASSET-137, CAN-LAM-PERSON-093, CAN-LAM-PERSON-094, CAN-LAM-PERSON-096; registry references are resolved in the package packet.","Schemas affected by requirements CAN-LAM-ARCH-298, CAN-LAM-ARCH-299, CAN-LAM-ASSET-137, CAN-LAM-PERSON-093, CAN-LAM-PERSON-094, CAN-LAM-PERSON-096; schema paths are resolved in the package packet.",Embedding-privacy fixture.,Typed failure result; no partial authoritative state is claimed; No unrelated authoritative state is modified,,VERIFIED,"Requirement CAN-LAM-ARCH-298 source locator lines 1955-1955 and Codebase evidence ['Codebase/server/src/repositories/database.repository.ts', 'Codebase/server/src/repositories/metadata.repository.ts'] support placement in WP-I7-010.",requirements.csv:lines 1955-1955; reviewed-actionable-requirements-v3.csv:CAN-LAM-ARCH-298; code_evidence_references,PASS_B_INDEPENDENT_EVIDENCE_REVIEWER,2026-08-06-pass-b-v2,VERIFIED
WP-I7-010,CAN-LAM-ARCH-299,WP-I7-010,WP-I7-010,Metadata,People and face privacy,"Reviewed cross-capability package: People and face privacy is a shared architectural surface used by Asset viewer, Metadata, People and faces. Membership is linked by the same contract/record/workflow boundary, not source order or capacity.",Codebase/server/src/controllers/asset.controller.ts;Codebase/server/src/repositories/metadata.repository.ts;Codebase/server/src/services/metadata.service.ts;Codebase/web/src/lib/components/asset-viewer/DetailPanelDate.svelte,"Contracts affected by requirements CAN-LAM-ARCH-298, CAN-LAM-ARCH-299, CAN-LAM-ASSET-137, CAN-LAM-PERSON-093, CAN-LAM-PERSON-094, CAN-LAM-PERSON-096; registry references are resolved in the package packet.","Schemas affected by requirements CAN-LAM-ARCH-298, CAN-LAM-ARCH-299, CAN-LAM-ASSET-137, CAN-LAM-PERSON-093, CAN-LAM-PERSON-094, CAN-LAM-PERSON-096; schema paths are resolved in the package packet.",Entire-library privacy fixture.,Typed failure result; no partial authoritative state is claimed; Explicit preservation clause in the statement is preserved,,VERIFIED,"Requirement CAN-LAM-ARCH-299 source locator lines 1965-1965 and Codebase evidence ['Codebase/server/src/controllers/asset.controller.ts', 'Codebase/server/src/repositories/metadata.repository.ts'] support placement in WP-I7-010.",requirements.csv:lines 1965-1965; reviewed-actionable-requirements-v3.csv:CAN-LAM-ARCH-299; code_evidence_references,PASS_B_INDEPENDENT_EVIDENCE_REVIEWER,2026-08-06-pass-b-v2,VERIFIED
WP-I5-010,CAN-LAM-ARCH-302,WP-I5-010,WP-I5-010,Review Centre,Review-state mutations,"All members mutate or persist review-item state; read-only navigation, filtering, and reveal behaviors were moved to dedicated I5 packages.",Codebase/server/src/repositories/workflow.repository.ts;Codebase/server/src/services/workflow.service.ts;Codebase/web/src/lib/components/asset-viewer/PhotoSphereViewerAdapter.svelte,Review decision and transition contracts,Review item and review decision records,Review-decision fixture with history checks.,Typed failure result; no partial authoritative state is claimed; Explicit preservation clause in the statement is preserved,,VERIFIED,"Requirement CAN-LAM-ARCH-302 source locator lines 2013-2013 and Codebase evidence ['Codebase/server/src/repositories/workflow.repository.ts', 'Codebase/server/src/services/workflow.service.ts'] support placement in WP-I5-010.",requirements.csv:lines 2013-2013; reviewed-actionable-requirements-v3.csv:CAN-LAM-ARCH-302; code_evidence_references,PASS_B_INDEPENDENT_EVIDENCE_REVIEWER,2026-08-06-pass-b-v2,VERIFIED
WP-I14-003,CAN-LAM-ARCH-318,WP-I14-003,WP-I14-003,Gallery and timeline,Gallery and viewer performance,"The package is bounded to the gallery and viewer performance architectural surface and its direct contracts, records, and tests.",Codebase/server/src/controllers/timeline.controller.ts;Codebase/server/src/services/timeline.service.ts;Codebase/web/src/lib/components/timeline/Month.svelte;Codebase/web/src/lib/components/timeline/Scrubber.svelte,"Contracts affected by requirements CAN-LAM-ARCH-318, CAN-LAM-ARCH-319, CAN-LAM-ARCH-320, CAN-LAM-ARCH-345, CAN-LAM-ARCH-408; registry references are resolved in the package packet.","Schemas affected by requirements CAN-LAM-ARCH-318, CAN-LAM-ARCH-319, CAN-LAM-ARCH-320, CAN-LAM-ARCH-345, CAN-LAM-ARCH-408; schema paths are resolved in the package packet.",Gallery-grid fixture with failure retention.,Explicit failure/preservation clause in the statement is preserved; Explicit preservation clause in the statement is preserved,,VERIFIED,"Requirement CAN-LAM-ARCH-318 source locator lines 2113-2113 and Codebase evidence ['Codebase/server/src/controllers/timeline.controller.ts', 'Codebase/server/src/services/timeline.service.ts'] support placement in WP-I14-003.",requirements.csv:lines 2113-2113; reviewed-actionable-requirements-v3.csv:CAN-LAM-ARCH-318; code_evidence_references,PASS_B_INDEPENDENT_EVIDENCE_REVIEWER,2026-08-06-pass-b-v2,VERIFIED
WP-I14-003,CAN-LAM-ARCH-319,WP-I14-003,WP-I14-003,Asset viewer,Gallery and viewer performance,"The package is bounded to the gallery and viewer performance architectural surface and its direct contracts, records, and tests.",Codebase/web/src/lib/components/asset-viewer/PhotoViewer.svelte;Codebase/web/src/lib/components/asset-viewer/VideoNativeViewer.svelte;Codebase/web/src/lib/components/asset-viewer/VideoPanoramaViewer.svelte;Codebase/web/src/lib/components/asset-viewer/VideoRemoteViewer.svelte,"Contracts affected by requirements CAN-LAM-ARCH-318, CAN-LAM-ARCH-319, CAN-LAM-ARCH-320, CAN-LAM-ARCH-345, CAN-LAM-ARCH-408; registry references are resolved in the package packet.","Schemas affected by requirements CAN-LAM-ARCH-318, CAN-LAM-ARCH-319, CAN-LAM-ARCH-320, CAN-LAM-ARCH-345, CAN-LAM-ARCH-408; schema paths are resolved in the package packet.",Full-screen fixture with exit checks.,Typed failure result; no partial authoritative state is claimed; No unrelated authoritative state is modified,,VERIFIED,"Requirement CAN-LAM-ARCH-319 source locator lines 2114-2114 and Codebase evidence ['Codebase/web/src/lib/components/asset-viewer/PhotoViewer.svelte', 'Codebase/web/src/lib/components/asset-viewer/VideoNativeViewer.svelte'] support placement in WP-I14-003.",requirements.csv:lines 2114-2114; reviewed-actionable-requirements-v3.csv:CAN-LAM-ARCH-319; code_evidence_references,PASS_B_INDEPENDENT_EVIDENCE_REVIEWER,2026-08-06-pass-b-v2,VERIFIED
WP-I14-003,CAN-LAM-ARCH-320,WP-I14-003,WP-I14-003,Gallery and timeline,Gallery and viewer performance,"The package is bounded to the gallery and viewer performance architectural surface and its direct contracts, records, and tests.",Codebase/docs/src/components/timeline.tsx;Codebase/e2e/src/ui/generators/timeline.ts;Codebase/e2e/src/ui/specs/timeline/utils.ts;Codebase/web/src/routes/(user)/map/[[photos=photos]]/[[assetId=id]]/MapTimelinePanel.svelte,"Contracts affected by requirements CAN-LAM-ARCH-318, CAN-LAM-ARCH-319, CAN-LAM-ARCH-320, CAN-LAM-ARCH-345, CAN-LAM-ARCH-408; registry references are resolved in the package packet.","Schemas affected by requirements CAN-LAM-ARCH-318, CAN-LAM-ARCH-319, CAN-LAM-ARCH-320, CAN-LAM-ARCH-345, CAN-LAM-ARCH-408; schema paths are resolved in the package packet.",Timeline-navigation fixture.,Explicit failure/preservation clause in the statement is preserved; Explicit preservation clause in the statement is preserved,,VERIFIED,"Requirement CAN-LAM-ARCH-320 source locator lines 2115-2115 and Codebase evidence ['Codebase/docs/src/components/timeline.tsx', 'Codebase/e2e/src/ui/generators/timeline.ts'] support placement in WP-I14-003.",requirements.csv:lines 2115-2115; reviewed-actionable-requirements-v3.csv:CAN-LAM-ARCH-320; code_evidence_references,PASS_B_INDEPENDENT_EVIDENCE_REVIEWER,2026-08-06-pass-b-v2,VERIFIED
WP-I14-003,CAN-LAM-ARCH-345,WP-I14-003,WP-I14-003,Gallery and timeline,Gallery and viewer performance,"The package is bounded to the gallery and viewer performance architectural surface and its direct contracts, records, and tests.",Codebase/docs/src/components/timeline.tsx;Codebase/e2e/src/ui/generators/timeline.ts;Codebase/e2e/src/ui/specs/timeline/utils.ts;Codebase/web/src/routes/(user)/map/[[photos=photos]]/[[assetId=id]]/MapTimelinePanel.svelte,"Contracts affected by requirements CAN-LAM-ARCH-318, CAN-LAM-ARCH-319, CAN-LAM-ARCH-320, CAN-LAM-ARCH-345, CAN-LAM-ARCH-408; registry references are resolved in the package packet.","Schemas affected by requirements CAN-LAM-ARCH-318, CAN-LAM-ARCH-319, CAN-LAM-ARCH-320, CAN-LAM-ARCH-345, CAN-LAM-ARCH-408; schema paths are resolved in the package packet.",Timeline-scroll benchmark.,Explicit failure/preservation clause in the statement is preserved; Explicit preservation clause in the statement is preserved,,VERIFIED,"Requirement CAN-LAM-ARCH-345 source locator lines 2208-2208 and Codebase evidence ['Codebase/docs/src/components/timeline.tsx', 'Codebase/e2e/src/ui/generators/timeline.ts'] support placement in WP-I14-003.",requirements.csv:lines 2208-2208; reviewed-actionable-requirements-v3.csv:CAN-LAM-ARCH-345; code_evidence_references,PASS_B_INDEPENDENT_EVIDENCE_REVIEWER,2026-08-06-pass-b-v2,VERIFIED
WP-I4-001,CAN-LAM-ARCH-374,WP-I4-001,WP-I4-001,Media ingestion and derivation,Initial recursive scanner,"Reviewed cross-capability package: Initial recursive scanner is a shared architectural surface used by Libraries and storage, Media ingestion and derivation, Sidecars and metadata authority. Membership is linked by the same contract/record/workflow boundary, not source order or capacity.",Codebase/server/src/controllers/library.controller.ts;Codebase/server/src/repositories/library.repository.ts;Codebase/server/src/services/library.service.ts;Codebase/server/src/services/storage.service.ts,"Contracts affected by requirements CAN-LAM-ARCH-083, CAN-LAM-ARCH-089, CAN-LAM-ARCH-090, CAN-LAM-ARCH-091, CAN-LAM-ARCH-092, CAN-LAM-ARCH-093, CAN-LAM-ARCH-150, CAN-LAM-ARCH-374...; registry references are resolved in the package packet.","Schemas affected by requirements CAN-LAM-ARCH-083, CAN-LAM-ARCH-089, CAN-LAM-ARCH-090, CAN-LAM-ARCH-091, CAN-LAM-ARCH-092, CAN-LAM-ARCH-093, CAN-LAM-ARCH-150, CAN-LAM-ARCH-374...; schema paths are resolved in the package packet.",Scanner fixture.,Typed failure result; no partial authoritative state is claimed; Explicit preservation clause in the statement is preserved,,VERIFIED,"Requirement CAN-LAM-ARCH-374 source locator lines 1393-1393 and Codebase evidence ['Codebase/server/src/controllers/library.controller.ts', 'Codebase/server/src/repositories/library.repository.ts'] support placement in WP-I4-001.",requirements.csv:lines 1393-1393; reviewed-actionable-requirements-v3.csv:CAN-LAM-ARCH-374; code_evidence_references,PASS_B_INDEPENDENT_EVIDENCE_REVIEWER,2026-08-06-pass-b-v2,VERIFIED
WP-I7-007,CAN-LAM-ARCH-383,WP-I7-007,WP-I7-007,People and faces,Group identity model,"The package is bounded to the group identity model architectural surface and its direct contracts, records, and tests.",Codebase/web/src/lib/components/faces-page/AssignFaceSidePanel.svelte;Codebase/web/src/lib/components/faces-page/PeopleSearch.svelte;Codebase/web/src/routes/(user)/people/[personId]/[[photos=photos]]/[[assetId=id]]/MergeFaceSelector.svelte;Codebase/web/src/routes/(user)/people/[personId]/[[photos=photos]]/[[assetId=id]]/UnmergeFaceSelector.svelte,"Contracts affected by requirements CAN-FAIL-15, CAN-LAM-ARCH-120, CAN-LAM-ARCH-383, CAN-LAM-ARCH-384, CAN-LAM-EVENT-041, CAN-LAM-INV-PERSON-01, CAN-LAM-PERSON-010, CAN-LAM-PERSON-013...; registry references are resolved in the package packet.","Schemas affected by requirements CAN-FAIL-15, CAN-LAM-ARCH-120, CAN-LAM-ARCH-383, CAN-LAM-ARCH-384, CAN-LAM-EVENT-041, CAN-LAM-INV-PERSON-01, CAN-LAM-PERSON-010, CAN-LAM-PERSON-013...; schema paths are resolved in the package packet.",Naming fixture.,Typed failure result; no partial authoritative state is claimed; Explicit preservation clause in the statement is preserved,,VERIFIED,"Requirement CAN-LAM-ARCH-383 source locator lines 1436-1436 and Codebase evidence ['Codebase/web/src/lib/components/faces-page/AssignFaceSidePanel.svelte', 'Codebase/web/src/lib/components/faces-page/PeopleSearch.svelte'] support placement in WP-I7-007.",requirements.csv:lines 1436-1436; reviewed-actionable-requirements-v3.csv:CAN-LAM-ARCH-383; code_evidence_references,PASS_B_INDEPENDENT_EVIDENCE_REVIEWER,2026-08-06-pass-b-v2,VERIFIED
WP-I7-007,CAN-LAM-ARCH-384,WP-I7-007,WP-I7-007,People and faces,Group identity model,"The package is bounded to the group identity model architectural surface and its direct contracts, records, and tests.",Codebase/web/src/lib/components/faces-page/AssignFaceSidePanel.svelte;Codebase/web/src/lib/components/faces-page/PeopleSearch.svelte;Codebase/web/src/routes/(user)/people/[personId]/[[photos=photos]]/[[assetId=id]]/MergeFaceSelector.svelte;Codebase/web/src/routes/(user)/people/[personId]/[[photos=photos]]/[[assetId=id]]/UnmergeFaceSelector.svelte,"Contracts affected by requirements CAN-FAIL-15, CAN-LAM-ARCH-120, CAN-LAM-ARCH-383, CAN-LAM-ARCH-384, CAN-LAM-EVENT-041, CAN-LAM-INV-PERSON-01, CAN-LAM-PERSON-010, CAN-LAM-PERSON-013...; registry references are resolved in the package packet.","Schemas affected by requirements CAN-FAIL-15, CAN-LAM-ARCH-120, CAN-LAM-ARCH-383, CAN-LAM-ARCH-384, CAN-LAM-EVENT-041, CAN-LAM-INV-PERSON-01, CAN-LAM-PERSON-010, CAN-LAM-PERSON-013...; schema paths are resolved in the package packet.",Hide fixture.,Explicit failure/preservation clause in the statement is preserved; Explicit preservation clause in the statement is preserved,,VERIFIED,"Requirement CAN-LAM-ARCH-384 source locator lines 1439-1439 and Codebase evidence ['Codebase/web/src/lib/components/faces-page/AssignFaceSidePanel.svelte', 'Codebase/web/src/lib/components/faces-page/PeopleSearch.svelte'] support placement in WP-I7-007.",requirements.csv:lines 1439-1439; reviewed-actionable-requirements-v3.csv:CAN-LAM-ARCH-384; code_evidence_references,PASS_B_INDEPENDENT_EVIDENCE_REVIEWER,2026-08-06-pass-b-v2,VERIFIED
WP-I8-001,CAN-LAM-ARCH-386,WP-I8-001,WP-I8-001,Relationships and attribution,Tag records and namespaces,"Reviewed cross-capability package: Tag records and namespaces is a shared architectural surface used by Metadata, Relationships and attribution, Tags. Membership is linked by the same contract/record/workflow boundary, not source order or capacity.",Codebase/web/src/lib/components/asset-viewer/DetailPanelTags.svelte;Codebase/web/src/lib/components/shared-components/search-bar/SearchTagsSection.svelte;Codebase/web/src/routes/(user)/tags/[[photos=photos]]/[[assetId=id]]/+page.svelte;Codebase/web/src/routes/(user)/tags/[[photos=photos]]/[[assetId=id]]/+page.ts,"Contracts affected by requirements CAN-LAM-AI-042, CAN-LAM-ARCH-164, CAN-LAM-ARCH-386, CAN-LAM-ASSET-075, CAN-LAM-PERSON-068; registry references are resolved in the package packet.","Schemas affected by requirements CAN-LAM-AI-042, CAN-LAM-ARCH-164, CAN-LAM-ARCH-386, CAN-LAM-ASSET-075, CAN-LAM-PERSON-068; schema paths are resolved in the package packet.",Namespace fixture.,Typed failure result; no partial authoritative state is claimed; No unrelated authoritative state is modified,,VERIFIED,"Requirement CAN-LAM-ARCH-386 source locator lines 1449-1449 and Codebase evidence ['Codebase/web/src/lib/components/asset-viewer/DetailPanelTags.svelte', 'Codebase/web/src/lib/components/shared-components/search-bar/SearchTagsSection.svelte'] support placement in WP-I8-001.",requirements.csv:lines 1449-1449; reviewed-actionable-requirements-v3.csv:CAN-LAM-ARCH-386; code_evidence_references,PASS_B_INDEPENDENT_EVIDENCE_REVIEWER,2026-08-06-pass-b-v2,VERIFIED
WP-I8-002,CAN-LAM-ARCH-387,WP-I8-002,WP-I8-002,Relationships and attribution,Tag candidates and review,All members manage the candidate-to-approved tag lifecycle and suppression without bypassing review.,Codebase/web/src/lib/components/faces-page/PeopleSearch.svelte;Codebase/web/src/lib/components/shared-components/purchasing/PurchaseActivationSuccess.svelte;Codebase/web/src/routes/(user)/people/[personId]/[[photos=photos]]/[[assetId=id]]/MergeFaceSelector.svelte;Codebase/web/src/routes/(user)/people/[personId]/[[photos=photos]]/[[assetId=id]]/UnmergeFaceSelector.svelte,"Tag candidate, suggestion, and suppression contracts","Tag candidate, suggestion, and suppression records",Review-first fixture.,Typed failure result; no partial authoritative state is claimed; Explicit preservation clause in the statement is preserved,,VERIFIED,"Requirement CAN-LAM-ARCH-387 source locator lines 1450-1450 and Codebase evidence ['Codebase/web/src/lib/components/faces-page/PeopleSearch.svelte', 'Codebase/web/src/lib/components/shared-components/purchasing/PurchaseActivationSuccess.svelte'] support placement in WP-I8-002.",requirements.csv:lines 1450-1450; reviewed-actionable-requirements-v3.csv:CAN-LAM-ARCH-387; code_evidence_references,PASS_B_INDEPENDENT_EVIDENCE_REVIEWER,2026-08-06-pass-b-v2,VERIFIED
WP-I8-007,CAN-LAM-ARCH-390,WP-I8-007,WP-I8-007,Relationships and attribution,Photographer camera-owner importer attribution,"The package is bounded to the photographer camera-owner importer attribution architectural surface and its direct contracts, records, and tests.",Codebase/mobile/ios/Runner/Core/NetworkApiImpl.swift;Codebase/web/src/lib/components/faces-page/PeopleSearch.svelte;Codebase/web/src/routes/(user)/people/[personId]/[[photos=photos]]/[[assetId=id]]/MergeFaceSelector.svelte;Codebase/web/src/routes/(user)/people/[personId]/[[photos=photos]]/[[assetId=id]]/UnmergeFaceSelector.svelte,"Contracts affected by requirements CAN-FAIL-12, CAN-LAM-ARCH-177, CAN-LAM-ARCH-390, CAN-LAM-ASSET-013, CAN-LAM-ASSET-037, CAN-LAM-ASSET-060, CAN-LAM-ASSET-066, CAN-LAM-ASSET-088...; registry references are resolved in the package packet.","Schemas affected by requirements CAN-FAIL-12, CAN-LAM-ARCH-177, CAN-LAM-ARCH-390, CAN-LAM-ASSET-013, CAN-LAM-ASSET-037, CAN-LAM-ASSET-060, CAN-LAM-ASSET-066, CAN-LAM-ASSET-088...; schema paths are resolved in the package packet.",Importer fixture.,Typed failure result; no partial authoritative state is claimed; No unrelated authoritative state is modified,,VERIFIED,"Requirement CAN-LAM-ARCH-390 source locator lines 1458-1458 and Codebase evidence ['Codebase/mobile/ios/Runner/Core/NetworkApiImpl.swift', 'Codebase/web/src/lib/components/faces-page/PeopleSearch.svelte'] support placement in WP-I8-007.",requirements.csv:lines 1458-1458; reviewed-actionable-requirements-v3.csv:CAN-LAM-ARCH-390; code_evidence_references,PASS_B_INDEPENDENT_EVIDENCE_REVIEWER,2026-08-06-pass-b-v2,VERIFIED
WP-I11-010,CAN-LAM-ARCH-398,WP-I11-010,WP-I11-010,Editing,Metadata snapshots and restore,"Reviewed cross-capability package: Metadata snapshots and restore is a shared architectural surface used by Duplicates, Editing, Metadata. Membership is linked by the same contract/record/workflow boundary, not source order or capacity.",Codebase/server/src/controllers/asset.controller.ts;Codebase/server/src/repositories/metadata.repository.ts;Codebase/server/src/services/metadata.service.ts;Codebase/web/src/lib/managers/queue-manager.svelte.ts,"Contracts affected by requirements CAN-LAM-ARCH-398, CAN-LAM-GOV-018, CAN-LAM-META-019, CAN-LAM-META-075, CAN-SECTION-0120; registry references are resolved in the package packet.","Schemas affected by requirements CAN-LAM-ARCH-398, CAN-LAM-GOV-018, CAN-LAM-META-019, CAN-LAM-META-075, CAN-SECTION-0120; schema paths are resolved in the package packet.",Snapshot fixture.,Typed failure result; no partial authoritative state is claimed; No unrelated authoritative state is modified,,VERIFIED,"Requirement CAN-LAM-ARCH-398 source locator lines 1500-1500 and Codebase evidence ['Codebase/server/src/controllers/asset.controller.ts', 'Codebase/server/src/repositories/metadata.repository.ts'] support placement in WP-I11-010.",requirements.csv:lines 1500-1500; reviewed-actionable-requirements-v3.csv:CAN-LAM-ARCH-398; code_evidence_references,PASS_B_INDEPENDENT_EVIDENCE_REVIEWER,2026-08-06-pass-b-v2,VERIFIED
WP-I14-003,CAN-LAM-ARCH-408,WP-I14-003,WP-I14-003,Desktop shell,Gallery and viewer performance,"The package is bounded to the gallery and viewer performance architectural surface and its direct contracts, records, and tests.",Codebase/package.json;Codebase/package.json);Codebase/packages/cli/package.json;Codebase/server/package.json;Codebase/web/package.json,"Contracts affected by requirements CAN-LAM-ARCH-318, CAN-LAM-ARCH-319, CAN-LAM-ARCH-320, CAN-LAM-ARCH-345, CAN-LAM-ARCH-408; registry references are resolved in the package packet.","Schemas affected by requirements CAN-LAM-ARCH-318, CAN-LAM-ARCH-319, CAN-LAM-ARCH-320, CAN-LAM-ARCH-345, CAN-LAM-ARCH-408; schema paths are resolved in the package packet.",Graph-virtualization benchmark.,Typed failure result; no partial authoritative state is claimed; No unrelated authoritative state is modified,,VERIFIED,"Requirement CAN-LAM-ARCH-408 source locator lines 1538-1538 and Codebase evidence ['Codebase/package.json', 'Codebase/package.json)'] support placement in WP-I14-003.",requirements.csv:lines 1538-1538; reviewed-actionable-requirements-v3.csv:CAN-LAM-ARCH-408; code_evidence_references,PASS_B_INDEPENDENT_EVIDENCE_REVIEWER,2026-08-06-pass-b-v2,VERIFIED
WP-I4-001,CAN-LAM-ARCH-416,WP-I4-001,WP-I4-001,Initial recursive scanner,Initial recursive scanner,"Reviewed cross-capability package: Initial recursive scanner is a shared architectural surface used by Libraries and storage, Media ingestion and derivation, Sidecars and metadata authority. Membership is linked by the same contract/record/workflow boundary, not source order or capacity.",,"Contracts affected by requirements CAN-LAM-ARCH-083, CAN-LAM-ARCH-089, CAN-LAM-ARCH-090, CAN-LAM-ARCH-091, CAN-LAM-ARCH-092, CAN-LAM-ARCH-093, CAN-LAM-ARCH-150, CAN-LAM-ARCH-374...; registry references are resolved in the package packet.","Schemas affected by requirements CAN-LAM-ARCH-083, CAN-LAM-ARCH-089, CAN-LAM-ARCH-090, CAN-LAM-ARCH-091, CAN-LAM-ARCH-092, CAN-LAM-ARCH-093, CAN-LAM-ARCH-150, CAN-LAM-ARCH-374...; schema paths are resolved in the package packet.","Given the reviewed scanner fixture, when the scan runs, then every entry has one typed outcome, symlink escape is rejected, counts reconcile to the fixture inventory, and all source hashes remain unchanged.",Explicit failure/preservation clause in the statement is preserved; Explicit preservation clause in the statement is preserved,,VERIFIED,Requirement CAN-LAM-ARCH-416 source locator lines 1639-1639 and Codebase evidence [] support placement in WP-I4-001.,requirements.csv:lines 1639-1639; reviewed-actionable-requirements-v3.csv:CAN-LAM-ARCH-416; code_evidence_references,PASS_B_INDEPENDENT_EVIDENCE_REVIEWER,2026-08-06-pass-b-v2,VERIFIED
WP-I3-006,CAN-LAM-ARCH-425,WP-I3-006,WP-I3-006,Metadata,Sidecar write protocol,All members concern writing or separating authoritative sidecar content without corrupting existing bytes.,Codebase/server/src/controllers/asset.controller.ts;Codebase/server/src/repositories/metadata.repository.ts;Codebase/server/src/services/metadata.service.ts;Codebase/web/src/lib/components/asset-viewer/DetailPanelDate.svelte,Sidecar write protocol contracts,Asset and XMP sidecar records,Sidecar-separation fixture.,Typed failure result; no partial authoritative state is claimed; No unrelated authoritative state is modified,,VERIFIED,"Requirement CAN-LAM-ARCH-425 source locator lines 1727-1727 and Codebase evidence ['Codebase/server/src/controllers/asset.controller.ts', 'Codebase/server/src/repositories/metadata.repository.ts'] support placement in WP-I3-006.",requirements.csv:lines 1727-1727; reviewed-actionable-requirements-v3.csv:CAN-LAM-ARCH-425; code_evidence_references,PASS_B_INDEPENDENT_EVIDENCE_REVIEWER,2026-08-06-pass-b-v2,VERIFIED
WP-I0-011,CAN-LAM-ARCH-444,WP-I0-011,WP-I0-011,Active-plan authority adoption,Active-plan authority adoption,"Every member governs planning execution authority, evidence completion, or audit completeness rather than a product feature.",,Planning tracker and completion-status contracts,Completion tracker and planning evidence records,"Given an existing tracker row, when its status changes, then the new revision links its predecessor and evidence while the previous revision remains queryable.",Typed failure result; no partial authoritative state is claimed; Explicit preservation clause in the statement is preserved,,VERIFIED,Requirement CAN-LAM-ARCH-444 source locator lines 1791-1791 and Codebase evidence [] support placement in WP-I0-011.,requirements.csv:lines 1791-1791; reviewed-actionable-requirements-v3.csv:CAN-LAM-ARCH-444; code_evidence_references,PASS_B_INDEPENDENT_EVIDENCE_REVIEWER,2026-08-06-pass-b-v2,VERIFIED
WP-I8-007,CAN-LAM-ASSET-013,WP-I8-007,WP-I8-007,Relationships and attribution,Photographer camera-owner importer attribution,"The package is bounded to the photographer camera-owner importer attribution architectural surface and its direct contracts, records, and tests.",Codebase/mobile/lib/infrastructure/entities/remote_asset.entity.drift.dart;Codebase/server/src/repositories/asset.repository.ts;Codebase/server/src/schema/migrations/1752004072340-UpdateIndexOverrides.ts;Codebase/web/src/lib/managers/timeline-manager/timeline-manager.svelte.ts,"Contracts affected by requirements CAN-FAIL-12, CAN-LAM-ARCH-177, CAN-LAM-ARCH-390, CAN-LAM-ASSET-013, CAN-LAM-ASSET-037, CAN-LAM-ASSET-060, CAN-LAM-ASSET-066, CAN-LAM-ASSET-088...; registry references are resolved in the package packet.","Schemas affected by requirements CAN-FAIL-12, CAN-LAM-ARCH-177, CAN-LAM-ARCH-390, CAN-LAM-ASSET-013, CAN-LAM-ASSET-037, CAN-LAM-ASSET-060, CAN-LAM-ASSET-066, CAN-LAM-ASSET-088...; schema paths are resolved in the package packet.",Gate 1 scope; Gate 2 compile/build; Gate 3 focused/regression; Gate 8 traceability,Typed failure result; no partial authoritative state is claimed; No unrelated authoritative state is modified,,VERIFIED,"Requirement CAN-LAM-ASSET-013 source locator lines 134-134 and Codebase evidence ['Codebase/mobile/lib/infrastructure/entities/remote_asset.entity.drift.dart', 'Codebase/server/src/repositories/asset.repository.ts'] support placement in WP-I8-007.",requirements.csv:lines 134-134; reviewed-actionable-requirements-v3.csv:CAN-LAM-ASSET-013; code_evidence_references,PASS_B_INDEPENDENT_EVIDENCE_REVIEWER,2026-08-06-pass-b-v2,VERIFIED
WP-I3-008,CAN-LAM-ASSET-018,WP-I3-008,WP-I3-008,Local data authority,SQLite migration framework,"Reviewed cross-capability package: SQLite migration framework is a shared architectural surface used by Asset identity and records, Filesystem transactions and recovery, Local data authority, Metadata, Sidecars and metadata authority. Membership is linked by the same contract/record/workflow boundary, not source order or capacity.",Codebase/mobile/lib/presentation/widgets/asset_viewer/rating_bar.widget.dart;Codebase/web/src/lib/components/asset-viewer/DetailPanelStarRating.svelte;Codebase/web/src/lib/components/asset-viewer/actions/RatingAction.svelte;Codebase/web/src/routes/UploadAssetPreview.svelte,"Contracts affected by requirements CAN-LAM-ASSET-018, CAN-LAM-ASSET-024, CAN-LAM-EDGE-04, CAN-LAM-EDGE-10, CAN-LAM-GOV-224, CAN-LAM-GOV-256, CAN-LAM-META-002, CAN-LAM-META-012...; registry references are resolved in the package packet.","Schemas affected by requirements CAN-LAM-ASSET-018, CAN-LAM-ASSET-024, CAN-LAM-EDGE-04, CAN-LAM-EDGE-10, CAN-LAM-GOV-224, CAN-LAM-GOV-256, CAN-LAM-META-002, CAN-LAM-META-012...; schema paths are resolved in the package packet.",Gate 1 scope; Gate 2 compile/build; Gate 3 focused/regression; Gate 8 traceability; Gate 7 data safety,Typed failure result; no partial authoritative state is claimed; No unrelated authoritative state is modified,,VERIFIED,"Requirement CAN-LAM-ASSET-018 source locator lines 144-144 and Codebase evidence ['Codebase/mobile/lib/presentation/widgets/asset_viewer/rating_bar.widget.dart', 'Codebase/web/src/lib/components/asset-viewer/DetailPanelStarRating.svelte'] support placement in WP-I3-008.",requirements.csv:lines 144-144; reviewed-actionable-requirements-v3.csv:CAN-LAM-ASSET-018; code_evidence_references,PASS_B_INDEPENDENT_EVIDENCE_REVIEWER,2026-08-06-pass-b-v2,VERIFIED
WP-I3-008,CAN-LAM-ASSET-024,WP-I3-008,WP-I3-008,Local data authority,SQLite migration framework,"Reviewed cross-capability package: SQLite migration framework is a shared architectural surface used by Asset identity and records, Filesystem transactions and recovery, Local data authority, Metadata, Sidecars and metadata authority. Membership is linked by the same contract/record/workflow boundary, not source order or capacity.",Codebase/mobile/lib/infrastructure/entities/local_album_asset.entity.drift.dart;Codebase/mobile/lib/infrastructure/entities/remote_album_asset.entity.drift.dart;Codebase/web/src/lib/components/asset-viewer/actions/SetAlbumCoverAction.svelte;Codebase/web/src/routes/(user)/albums/[albumId=id]/[[photos=photos]]/[[assetId=id]]/AlbumTitle.svelte,"Contracts affected by requirements CAN-LAM-ASSET-018, CAN-LAM-ASSET-024, CAN-LAM-EDGE-04, CAN-LAM-EDGE-10, CAN-LAM-GOV-224, CAN-LAM-GOV-256, CAN-LAM-META-002, CAN-LAM-META-012...; registry references are resolved in the package packet.","Schemas affected by requirements CAN-LAM-ASSET-018, CAN-LAM-ASSET-024, CAN-LAM-EDGE-04, CAN-LAM-EDGE-10, CAN-LAM-GOV-224, CAN-LAM-GOV-256, CAN-LAM-META-002, CAN-LAM-META-012...; schema paths are resolved in the package packet.",Gate 1 scope; Gate 2 compile/build; Gate 3 focused/regression; Gate 8 traceability; Gate 5 Tauri/UI,Typed failure result; no partial authoritative state is claimed; No unrelated authoritative state is modified,,VERIFIED,"Requirement CAN-LAM-ASSET-024 source locator lines 150-150 and Codebase evidence ['Codebase/mobile/lib/infrastructure/entities/local_album_asset.entity.drift.dart', 'Codebase/mobile/lib/infrastructure/entities/remote_album_asset.entity.drift.dart'] support placement in WP-I3-008.",requirements.csv:lines 150-150; reviewed-actionable-requirements-v3.csv:CAN-LAM-ASSET-024; code_evidence_references,PASS_B_INDEPENDENT_EVIDENCE_REVIEWER,2026-08-06-pass-b-v2,VERIFIED
WP-I4-001,CAN-LAM-ASSET-027,WP-I4-001,WP-I4-001,Libraries and storage,Initial recursive scanner,"Reviewed cross-capability package: Initial recursive scanner is a shared architectural surface used by Libraries and storage, Media ingestion and derivation, Sidecars and metadata authority. Membership is linked by the same contract/record/workflow boundary, not source order or capacity.",Codebase/server/src/controllers/library.controller.ts;Codebase/server/src/repositories/library.repository.ts;Codebase/server/src/services/library.service.ts;Codebase/server/src/services/storage.service.ts,"Contracts affected by requirements CAN-LAM-ARCH-083, CAN-LAM-ARCH-089, CAN-LAM-ARCH-090, CAN-LAM-ARCH-091, CAN-LAM-ARCH-092, CAN-LAM-ARCH-093, CAN-LAM-ARCH-150, CAN-LAM-ARCH-374...; registry references are resolved in the package packet.","Schemas affected by requirements CAN-LAM-ARCH-083, CAN-LAM-ARCH-089, CAN-LAM-ARCH-090, CAN-LAM-ARCH-091, CAN-LAM-ARCH-092, CAN-LAM-ARCH-093, CAN-LAM-ARCH-150, CAN-LAM-ARCH-374...; schema paths are resolved in the package packet.",Root-selection fixture with authorization checks.,Typed failure result; no partial authoritative state is claimed; No unrelated authoritative state is modified,,VERIFIED,"Requirement CAN-LAM-ASSET-027 source locator lines 275-275 and Codebase evidence ['Codebase/server/src/controllers/library.controller.ts', 'Codebase/server/src/repositories/library.repository.ts'] support placement in WP-I4-001.",requirements.csv:lines 275-275; reviewed-actionable-requirements-v3.csv:CAN-LAM-ASSET-027; code_evidence_references,PASS_B_INDEPENDENT_EVIDENCE_REVIEWER,2026-08-06-pass-b-v2,VERIFIED
WP-I8-007,CAN-LAM-ASSET-037,WP-I8-007,WP-I8-007,Relationships and attribution,Photographer camera-owner importer attribution,"The package is bounded to the photographer camera-owner importer attribution architectural surface and its direct contracts, records, and tests.",Codebase/server/src/controllers/asset.controller.ts;Codebase/server/src/repositories/metadata.repository.ts;Codebase/server/src/services/metadata.service.ts;Codebase/web/src/lib/components/asset-viewer/DetailPanelDate.svelte,"Contracts affected by requirements CAN-FAIL-12, CAN-LAM-ARCH-177, CAN-LAM-ARCH-390, CAN-LAM-ASSET-013, CAN-LAM-ASSET-037, CAN-LAM-ASSET-060, CAN-LAM-ASSET-066, CAN-LAM-ASSET-088...; registry references are resolved in the package packet.","Schemas affected by requirements CAN-FAIL-12, CAN-LAM-ARCH-177, CAN-LAM-ARCH-390, CAN-LAM-ASSET-013, CAN-LAM-ASSET-037, CAN-LAM-ASSET-060, CAN-LAM-ASSET-066, CAN-LAM-ASSET-088...; schema paths are resolved in the package packet.",Multi-photographer fixture with attribution checks.,Typed failure result; no partial authoritative state is claimed; No unrelated authoritative state is modified,,VERIFIED,"Requirement CAN-LAM-ASSET-037 source locator lines 355-355 and Codebase evidence ['Codebase/server/src/controllers/asset.controller.ts', 'Codebase/server/src/repositories/metadata.repository.ts'] support placement in WP-I8-007.",requirements.csv:lines 355-355; reviewed-actionable-requirements-v3.csv:CAN-LAM-ASSET-037; code_evidence_references,PASS_B_INDEPENDENT_EVIDENCE_REVIEWER,2026-08-06-pass-b-v2,VERIFIED
WP-I6-008,CAN-LAM-ASSET-038,WP-I6-008,WP-I6-008,Events and organization,Date and location boundaries,"Reviewed cross-capability package: Date and location boundaries is a shared architectural surface used by Events and organization, Libraries and storage, Map and location. Membership is linked by the same contract/record/workflow boundary, not source order or capacity.",Codebase/server/src/repositories/move.repository.ts;Codebase/server/src/services/storage-template.service.ts,"Contracts affected by requirements CAN-FAIL-17, CAN-LAM-ARCH-036, CAN-LAM-ARCH-054, CAN-LAM-ASSET-038, CAN-LAM-ASSET-047, CAN-LAM-EVENT-009, CAN-LAM-EVENT-020, CAN-LAM-EVENT-021...; registry references are resolved in the package packet.","Schemas affected by requirements CAN-FAIL-17, CAN-LAM-ARCH-036, CAN-LAM-ARCH-054, CAN-LAM-ASSET-038, CAN-LAM-ASSET-047, CAN-LAM-EVENT-009, CAN-LAM-EVENT-020, CAN-LAM-EVENT-021...; schema paths are resolved in the package packet.",Midnight-capture event fixture.,Explicit failure/preservation clause in the statement is preserved; Explicit preservation clause in the statement is preserved,,VERIFIED,"Requirement CAN-LAM-ASSET-038 source locator lines 357-357 and Codebase evidence ['Codebase/server/src/repositories/move.repository.ts', 'Codebase/server/src/services/storage-template.service.ts'] support placement in WP-I6-008.",requirements.csv:lines 357-357; reviewed-actionable-requirements-v3.csv:CAN-LAM-ASSET-038; code_evidence_references,PASS_B_INDEPENDENT_EVIDENCE_REVIEWER,2026-08-06-pass-b-v2,VERIFIED
WP-I3-001,CAN-LAM-ASSET-039,WP-I3-001,WP-I3-001,Sidecars and metadata authority,Authoritative record envelope,"Reviewed cross-capability package: Authoritative record envelope is a shared architectural surface used by Filesystem transactions and recovery, Local data authority, Metadata, Sidecars and metadata authority. Membership is linked by the same contract/record/workflow boundary, not source order or capacity.",Codebase/web/src/lib/components/asset-viewer/PhotoViewer.svelte;Codebase/web/src/lib/components/asset-viewer/VideoNativeViewer.svelte;Codebase/web/src/lib/components/asset-viewer/VideoPanoramaViewer.svelte;Codebase/web/src/lib/components/asset-viewer/VideoRemoteViewer.svelte,"Contracts affected by requirements CAN-LAM-ARCH-021, CAN-LAM-ARCH-038, CAN-LAM-ARCH-144, CAN-LAM-ASSET-039, CAN-LAM-ASSET-098, CAN-LAM-ASSET-099, CAN-LAM-ASSET-108, CAN-LAM-ASSET-109...; registry references are resolved in the package packet.","Schemas affected by requirements CAN-LAM-ARCH-021, CAN-LAM-ARCH-038, CAN-LAM-ARCH-144, CAN-LAM-ASSET-039, CAN-LAM-ASSET-098, CAN-LAM-ASSET-099, CAN-LAM-ASSET-108, CAN-LAM-ASSET-109...; schema paths are resolved in the package packet.",Per-asset JSON fixture.,Explicit failure/preservation clause in the statement is preserved; Explicit preservation clause in the statement is preserved,,VERIFIED,"Requirement CAN-LAM-ASSET-039 source locator lines 366-366 and Codebase evidence ['Codebase/web/src/lib/components/asset-viewer/PhotoViewer.svelte', 'Codebase/web/src/lib/components/asset-viewer/VideoNativeViewer.svelte'] support placement in WP-I3-001.",requirements.csv:lines 366-366; reviewed-actionable-requirements-v3.csv:CAN-LAM-ASSET-039; code_evidence_references,PASS_B_INDEPENDENT_EVIDENCE_REVIEWER,2026-08-06-pass-b-v2,VERIFIED
WP-I3-009,CAN-LAM-ASSET-040,WP-I3-009,WP-I3-009,Sidecars and metadata authority,Derived-index rebuild contract,"Reviewed cross-capability package: Derived-index rebuild contract is a shared architectural surface used by Filesystem transactions and recovery, Local data authority, Sidecars and metadata authority. Membership is linked by the same contract/record/workflow boundary, not source order or capacity.",Codebase/server/src/controllers/asset.controller.ts;Codebase/server/src/repositories/metadata.repository.ts;Codebase/server/src/services/metadata.service.ts;Codebase/web/src/lib/components/asset-viewer/DetailPanelDate.svelte,"Contracts affected by requirements CAN-FAIL-10, CAN-LAM-AI-006, CAN-LAM-AI-027, CAN-LAM-ASSET-040, CAN-LAM-ASSET-044, CAN-LAM-EVENT-005, CAN-LAM-INV-META-03, CAN-LAM-META-032...; registry references are resolved in the package packet.","Schemas affected by requirements CAN-FAIL-10, CAN-LAM-AI-006, CAN-LAM-AI-027, CAN-LAM-ASSET-040, CAN-LAM-ASSET-044, CAN-LAM-EVENT-005, CAN-LAM-INV-META-03, CAN-LAM-META-032...; schema paths are resolved in the package packet.",Per-asset XMP fixture.,Typed failure result; no partial authoritative state is claimed; No unrelated authoritative state is modified,,VERIFIED,"Requirement CAN-LAM-ASSET-040 source locator lines 367-367 and Codebase evidence ['Codebase/server/src/controllers/asset.controller.ts', 'Codebase/server/src/repositories/metadata.repository.ts'] support placement in WP-I3-009.",requirements.csv:lines 367-367; reviewed-actionable-requirements-v3.csv:CAN-LAM-ASSET-040; code_evidence_references,PASS_B_INDEPENDENT_EVIDENCE_REVIEWER,2026-08-06-pass-b-v2,VERIFIED
WP-I3-009,CAN-LAM-ASSET-044,WP-I3-009,WP-I3-009,Filesystem transactions and recovery,Derived-index rebuild contract,"Reviewed cross-capability package: Derived-index rebuild contract is a shared architectural surface used by Filesystem transactions and recovery, Local data authority, Sidecars and metadata authority. Membership is linked by the same contract/record/workflow boundary, not source order or capacity.",Codebase/packages/plugin-core/tsconfig.json;Codebase/packages/plugin-sdk/tsconfig.json;Codebase/server/src/schema/index.ts;Codebase/web/src/lib/components/shared-components/tree/TreeItemThumbnails.svelte,"Contracts affected by requirements CAN-FAIL-10, CAN-LAM-AI-006, CAN-LAM-AI-027, CAN-LAM-ASSET-040, CAN-LAM-ASSET-044, CAN-LAM-EVENT-005, CAN-LAM-INV-META-03, CAN-LAM-META-032...; registry references are resolved in the package packet.","Schemas affected by requirements CAN-FAIL-10, CAN-LAM-AI-006, CAN-LAM-AI-027, CAN-LAM-ASSET-040, CAN-LAM-ASSET-044, CAN-LAM-EVENT-005, CAN-LAM-INV-META-03, CAN-LAM-META-032...; schema paths are resolved in the package packet.",Gate 1 scope; Gate 2 compile/build; Gate 3 focused/regression; Gate 8 traceability; Gate 5 Tauri/UI; Gate 7 data safety,Typed failure result; no partial authoritative state is claimed; Explicit preservation clause in the statement is preserved,,VERIFIED,"Requirement CAN-LAM-ASSET-044 source locator lines 494-494 and Codebase evidence ['Codebase/packages/plugin-core/tsconfig.json', 'Codebase/packages/plugin-sdk/tsconfig.json'] support placement in WP-I3-009.",requirements.csv:lines 494-494; reviewed-actionable-requirements-v3.csv:CAN-LAM-ASSET-044; code_evidence_references,PASS_B_INDEPENDENT_EVIDENCE_REVIEWER,2026-08-06-pass-b-v2,VERIFIED
WP-I8-006,CAN-LAM-ASSET-045,WP-I8-006,WP-I8-006,People and faces,Relationship projections and views,"Reviewed cross-capability package: Relationship projections and views is a shared architectural surface used by Metadata, People and faces, Relationships and attribution. Membership is linked by the same contract/record/workflow boundary, not source order or capacity.",Codebase/mobile/lib/presentation/widgets/asset_viewer/asset_details/people_details.widget.dart;Codebase/mobile/openapi/lib/model/albums_add_assets_dto.dart;Codebase/mobile/openapi/lib/model/asset_face_create_dto.dart;Codebase/web/src/lib/components/asset-viewer/DetailPanelPeople.svelte,"Contracts affected by requirements CAN-FAIL-25, CAN-LAM-ASSET-045, CAN-LAM-ASSET-082, CAN-LAM-ASSET-083, CAN-LAM-PERSON-004, CAN-LAM-PERSON-014, CAN-LAM-PERSON-073, CAN-LAM-PERSON-077; registry references are resolved in the package packet.","Schemas affected by requirements CAN-FAIL-25, CAN-LAM-ASSET-045, CAN-LAM-ASSET-082, CAN-LAM-ASSET-083, CAN-LAM-PERSON-004, CAN-LAM-PERSON-014, CAN-LAM-PERSON-073, CAN-LAM-PERSON-077; schema paths are resolved in the package packet.",Gate 1 scope; Gate 2 compile/build; Gate 3 focused/regression; Gate 8 traceability; Gate 7 data safety,Typed failure result; no partial authoritative state is claimed; No unrelated authoritative state is modified,,VERIFIED,"Requirement CAN-LAM-ASSET-045 source locator lines 505-505 and Codebase evidence ['Codebase/mobile/lib/presentation/widgets/asset_viewer/asset_details/people_details.widget.dart', 'Codebase/mobile/openapi/lib/model/albums_add_assets_dto.dart'] support placement in WP-I8-006.",requirements.csv:lines 505-505; reviewed-actionable-requirements-v3.csv:CAN-LAM-ASSET-045; code_evidence_references,PASS_B_INDEPENDENT_EVIDENCE_REVIEWER,2026-08-06-pass-b-v2,VERIFIED
WP-I6-008,CAN-LAM-ASSET-047,WP-I6-008,WP-I6-008,Metadata,Date and location boundaries,"Reviewed cross-capability package: Date and location boundaries is a shared architectural surface used by Events and organization, Libraries and storage, Map and location. Membership is linked by the same contract/record/workflow boundary, not source order or capacity.",Codebase/mobile/ios/Runner/Assets.xcassets/AppIcon.appiconset/Contents.json;Codebase/mobile/ios/Runner/Assets.xcassets/Contents.json;Codebase/mobile/ios/WidgetExtension/Assets.xcassets/Contents.json;Codebase/web/src/lib/modals/AssetUpdateDescriptionConfirmModal.svelte,"Contracts affected by requirements CAN-FAIL-17, CAN-LAM-ARCH-036, CAN-LAM-ARCH-054, CAN-LAM-ASSET-038, CAN-LAM-ASSET-047, CAN-LAM-EVENT-009, CAN-LAM-EVENT-020, CAN-LAM-EVENT-021...; registry references are resolved in the package packet.","Schemas affected by requirements CAN-FAIL-17, CAN-LAM-ARCH-036, CAN-LAM-ARCH-054, CAN-LAM-ASSET-038, CAN-LAM-ASSET-047, CAN-LAM-EVENT-009, CAN-LAM-EVENT-020, CAN-LAM-EVENT-021...; schema paths are resolved in the package packet.","Given an event with no approved date, when naming or materialization runs, then its typed path uses Unknown Date, required managed records remain present, and capture-time suggestions remain non-authoritative.",Explicit failure/preservation clause in the statement is preserved; No unrelated authoritative state is modified,,VERIFIED,"Requirement CAN-LAM-ASSET-047 source locator lines 558-558 and Codebase evidence ['Codebase/mobile/ios/Runner/Assets.xcassets/AppIcon.appiconset/Contents.json', 'Codebase/mobile/ios/Runner/Assets.xcassets/Contents.json'] support placement in WP-I6-008.",requirements.csv:lines 558-558; reviewed-actionable-requirements-v3.csv:CAN-LAM-ASSET-047; code_evidence_references,PASS_B_INDEPENDENT_EVIDENCE_REVIEWER,2026-08-06-pass-b-v2,VERIFIED
WP-I8-007,CAN-LAM-ASSET-060,WP-I8-007,WP-I8-007,Relationships and attribution,Photographer camera-owner importer attribution,"The package is bounded to the photographer camera-owner importer attribution architectural surface and its direct contracts, records, and tests.",Codebase/web/src/lib/components/asset-viewer/PhotoViewer.svelte;Codebase/web/src/lib/components/asset-viewer/VideoNativeViewer.svelte;Codebase/web/src/lib/components/asset-viewer/VideoPanoramaViewer.svelte;Codebase/web/src/lib/components/asset-viewer/VideoRemoteViewer.svelte,"Contracts affected by requirements CAN-FAIL-12, CAN-LAM-ARCH-177, CAN-LAM-ARCH-390, CAN-LAM-ASSET-013, CAN-LAM-ASSET-037, CAN-LAM-ASSET-060, CAN-LAM-ASSET-066, CAN-LAM-ASSET-088...; registry references are resolved in the package packet.","Schemas affected by requirements CAN-FAIL-12, CAN-LAM-ARCH-177, CAN-LAM-ARCH-390, CAN-LAM-ASSET-013, CAN-LAM-ASSET-037, CAN-LAM-ASSET-060, CAN-LAM-ASSET-066, CAN-LAM-ASSET-088...; schema paths are resolved in the package packet.",Photographer-assignment fixture.,Explicit failure/preservation clause in the statement is preserved; Explicit preservation clause in the statement is preserved,,VERIFIED,"Requirement CAN-LAM-ASSET-060 source locator lines 694-694 and Codebase evidence ['Codebase/web/src/lib/components/asset-viewer/PhotoViewer.svelte', 'Codebase/web/src/lib/components/asset-viewer/VideoNativeViewer.svelte'] support placement in WP-I8-007.",requirements.csv:lines 694-694; reviewed-actionable-requirements-v3.csv:CAN-LAM-ASSET-060; code_evidence_references,PASS_B_INDEPENDENT_EVIDENCE_REVIEWER,2026-08-06-pass-b-v2,VERIFIED
WP-I8-007,CAN-LAM-ASSET-066,WP-I8-007,WP-I8-007,Relationships and attribution,Photographer camera-owner importer attribution,"The package is bounded to the photographer camera-owner importer attribution architectural surface and its direct contracts, records, and tests.",Codebase/mobile/lib/infrastructure/entities/asset_face.entity.drift.dart;Codebase/server/src/dtos/person.dto.ts;Codebase/web/src/routes/(user)/people/[personId]/[[photos=photos]]/[[assetId=id]]/MergeFaceSelector.svelte;Codebase/web/src/routes/(user)/people/[personId]/[[photos=photos]]/[[assetId=id]]/UnmergeFaceSelector.svelte,"Contracts affected by requirements CAN-FAIL-12, CAN-LAM-ARCH-177, CAN-LAM-ARCH-390, CAN-LAM-ASSET-013, CAN-LAM-ASSET-037, CAN-LAM-ASSET-060, CAN-LAM-ASSET-066, CAN-LAM-ASSET-088...; registry references are resolved in the package packet.","Schemas affected by requirements CAN-FAIL-12, CAN-LAM-ARCH-177, CAN-LAM-ARCH-390, CAN-LAM-ASSET-013, CAN-LAM-ASSET-037, CAN-LAM-ASSET-060, CAN-LAM-ASSET-066, CAN-LAM-ASSET-088...; schema paths are resolved in the package packet.",Gate 1 scope; Gate 2 compile/build; Gate 3 focused/regression; Gate 8 traceability,Explicit failure/preservation clause in the statement is preserved; Explicit preservation clause in the statement is preserved,,VERIFIED,"Requirement CAN-LAM-ASSET-066 source locator lines 1005-1005 and Codebase evidence ['Codebase/mobile/lib/infrastructure/entities/asset_face.entity.drift.dart', 'Codebase/server/src/dtos/person.dto.ts'] support placement in WP-I8-007.",requirements.csv:lines 1005-1005; reviewed-actionable-requirements-v3.csv:CAN-LAM-ASSET-066; code_evidence_references,PASS_B_INDEPENDENT_EVIDENCE_REVIEWER,2026-08-06-pass-b-v2,VERIFIED
WP-I6-009,CAN-LAM-ASSET-070,WP-I6-009,WP-I6-009,Events and organization,Event filesystem materialization plan,"The package is bounded to the event filesystem materialization plan architectural surface and its direct contracts, records, and tests.",Codebase/server/src/services/album.service.ts;Codebase/server/src/services/tag.service.ts;Codebase/server/src/utils/asset.util.ts;Codebase/web/src/lib/components/asset-viewer/actions/RemoveAssetFromStack.svelte,"Contracts affected by requirements CAN-FAIL-05, CAN-FAIL-11, CAN-LAM-ARCH-037, CAN-LAM-ASSET-070, CAN-LAM-EVENT-002, CAN-LAM-EVENT-045, CAN-LAM-EVENT-057, CAN-LAM-EVENT-058...; registry references are resolved in the package packet.","Schemas affected by requirements CAN-FAIL-05, CAN-FAIL-11, CAN-LAM-ARCH-037, CAN-LAM-ASSET-070, CAN-LAM-EVENT-002, CAN-LAM-EVENT-045, CAN-LAM-EVENT-057, CAN-LAM-EVENT-058...; schema paths are resolved in the package packet.",Planned-move fixture with scope checks.,Typed failure result; no partial authoritative state is claimed; Explicit preservation clause in the statement is preserved,,VERIFIED,"Requirement CAN-LAM-ASSET-070 source locator lines 1107-1107 and Codebase evidence ['Codebase/server/src/services/album.service.ts', 'Codebase/server/src/services/tag.service.ts'] support placement in WP-I6-009.",requirements.csv:lines 1107-1107; reviewed-actionable-requirements-v3.csv:CAN-LAM-ASSET-070; code_evidence_references,PASS_B_INDEPENDENT_EVIDENCE_REVIEWER,2026-08-06-pass-b-v2,VERIFIED
WP-I8-001,CAN-LAM-ASSET-075,WP-I8-001,WP-I8-001,Relationships and attribution,Tag records and namespaces,"Reviewed cross-capability package: Tag records and namespaces is a shared architectural surface used by Metadata, Relationships and attribution, Tags. Membership is linked by the same contract/record/workflow boundary, not source order or capacity.",Codebase/web/src/lib/components/asset-viewer/PhotoViewer.svelte;Codebase/web/src/lib/components/asset-viewer/VideoNativeViewer.svelte;Codebase/web/src/lib/components/asset-viewer/VideoPanoramaViewer.svelte;Codebase/web/src/lib/components/asset-viewer/VideoRemoteViewer.svelte,"Contracts affected by requirements CAN-LAM-AI-042, CAN-LAM-ARCH-164, CAN-LAM-ARCH-386, CAN-LAM-ASSET-075, CAN-LAM-PERSON-068; registry references are resolved in the package packet.","Schemas affected by requirements CAN-LAM-AI-042, CAN-LAM-ARCH-164, CAN-LAM-ARCH-386, CAN-LAM-ASSET-075, CAN-LAM-PERSON-068; schema paths are resolved in the package packet.",Gate 1 scope; Gate 2 compile/build; Gate 3 focused/regression; Gate 8 traceability; Gate 7 data safety,Typed failure result; no partial authoritative state is claimed; No unrelated authoritative state is modified,,VERIFIED,"Requirement CAN-LAM-ASSET-075 source locator lines 1204-1204 and Codebase evidence ['Codebase/web/src/lib/components/asset-viewer/PhotoViewer.svelte', 'Codebase/web/src/lib/components/asset-viewer/VideoNativeViewer.svelte'] support placement in WP-I8-001.",requirements.csv:lines 1204-1204; reviewed-actionable-requirements-v3.csv:CAN-LAM-ASSET-075; code_evidence_references,PASS_B_INDEPENDENT_EVIDENCE_REVIEWER,2026-08-06-pass-b-v2,VERIFIED
WP-I5-010,CAN-LAM-ASSET-079,WP-I5-010,WP-I5-010,Asset viewer,Review-state mutations,"All members mutate or persist review-item state; read-only navigation, filtering, and reveal behaviors were moved to dedicated I5 packages.",Codebase/web/src/lib/components/asset-viewer/PhotoViewer.svelte;Codebase/web/src/lib/components/asset-viewer/VideoNativeViewer.svelte;Codebase/web/src/lib/components/asset-viewer/VideoPanoramaViewer.svelte;Codebase/web/src/lib/components/asset-viewer/VideoRemoteViewer.svelte,Review decision and transition contracts,Review item and review decision records,Per-asset suppression fixture with exclusion checks.,Typed failure result; no partial authoritative state is claimed; No unrelated authoritative state is modified,,VERIFIED,"Requirement CAN-LAM-ASSET-079 source locator lines 1260-1260 and Codebase evidence ['Codebase/web/src/lib/components/asset-viewer/PhotoViewer.svelte', 'Codebase/web/src/lib/components/asset-viewer/VideoNativeViewer.svelte'] support placement in WP-I5-010.",requirements.csv:lines 1260-1260; reviewed-actionable-requirements-v3.csv:CAN-LAM-ASSET-079; code_evidence_references,PASS_B_INDEPENDENT_EVIDENCE_REVIEWER,2026-08-06-pass-b-v2,VERIFIED
WP-I8-006,CAN-LAM-ASSET-082,WP-I8-006,WP-I8-006,Relationships and attribution,Relationship projections and views,"Reviewed cross-capability package: Relationship projections and views is a shared architectural surface used by Metadata, People and faces, Relationships and attribution. Membership is linked by the same contract/record/workflow boundary, not source order or capacity.",Codebase/web/src/lib/components/asset-viewer/PhotoViewer.svelte;Codebase/web/src/lib/components/asset-viewer/VideoNativeViewer.svelte;Codebase/web/src/lib/components/asset-viewer/VideoPanoramaViewer.svelte;Codebase/web/src/lib/components/asset-viewer/VideoRemoteViewer.svelte,"Contracts affected by requirements CAN-FAIL-25, CAN-LAM-ASSET-045, CAN-LAM-ASSET-082, CAN-LAM-ASSET-083, CAN-LAM-PERSON-004, CAN-LAM-PERSON-014, CAN-LAM-PERSON-073, CAN-LAM-PERSON-077; registry references are resolved in the package packet.","Schemas affected by requirements CAN-FAIL-25, CAN-LAM-ASSET-045, CAN-LAM-ASSET-082, CAN-LAM-ASSET-083, CAN-LAM-PERSON-004, CAN-LAM-PERSON-014, CAN-LAM-PERSON-073, CAN-LAM-PERSON-077; schema paths are resolved in the package packet.",Composition-view fixture with rule and source checks.,Typed failure result; no partial authoritative state is claimed; No unrelated authoritative state is modified,,VERIFIED,"Requirement CAN-LAM-ASSET-082 source locator lines 1311-1311 and Codebase evidence ['Codebase/web/src/lib/components/asset-viewer/PhotoViewer.svelte', 'Codebase/web/src/lib/components/asset-viewer/VideoNativeViewer.svelte'] support placement in WP-I8-006.",requirements.csv:lines 1311-1311; reviewed-actionable-requirements-v3.csv:CAN-LAM-ASSET-082; code_evidence_references,PASS_B_INDEPENDENT_EVIDENCE_REVIEWER,2026-08-06-pass-b-v2,VERIFIED
WP-I8-006,CAN-LAM-ASSET-083,WP-I8-006,WP-I8-006,Relationships and attribution,Relationship projections and views,"Reviewed cross-capability package: Relationship projections and views is a shared architectural surface used by Metadata, People and faces, Relationships and attribution. Membership is linked by the same contract/record/workflow boundary, not source order or capacity.",Codebase/web/src/lib/components/asset-viewer/PhotoSphereViewerAdapter.svelte;Codebase/web/src/lib/components/asset-viewer/PhotoViewer.svelte;Codebase/web/src/routes/(user)/memory/[[photos=photos]]/[[assetId=id]]/MemoryPhotoViewer.svelte;Codebase/web/src/routes/(user)/photos/[[assetId=id]]/+page.ts,"Contracts affected by requirements CAN-FAIL-25, CAN-LAM-ASSET-045, CAN-LAM-ASSET-082, CAN-LAM-ASSET-083, CAN-LAM-PERSON-004, CAN-LAM-PERSON-014, CAN-LAM-PERSON-073, CAN-LAM-PERSON-077; registry references are resolved in the package packet.","Schemas affected by requirements CAN-FAIL-25, CAN-LAM-ASSET-045, CAN-LAM-ASSET-082, CAN-LAM-ASSET-083, CAN-LAM-PERSON-004, CAN-LAM-PERSON-014, CAN-LAM-PERSON-073, CAN-LAM-PERSON-077; schema paths are resolved in the package packet.",Gate 1 scope; Gate 2 compile/build; Gate 3 focused/regression; Gate 8 traceability,Typed failure result; no partial authoritative state is claimed; Explicit preservation clause in the statement is preserved,,VERIFIED,"Requirement CAN-LAM-ASSET-083 source locator lines 1314-1314 and Codebase evidence ['Codebase/web/src/lib/components/asset-viewer/PhotoSphereViewerAdapter.svelte', 'Codebase/web/src/lib/components/asset-viewer/PhotoViewer.svelte'] support placement in WP-I8-006.",requirements.csv:lines 1314-1314; reviewed-actionable-requirements-v3.csv:CAN-LAM-ASSET-083; code_evidence_references,PASS_B_INDEPENDENT_EVIDENCE_REVIEWER,2026-08-06-pass-b-v2,VERIFIED
WP-I8-007,CAN-LAM-ASSET-088,WP-I8-007,WP-I8-007,Relationships and attribution,Photographer camera-owner importer attribution,"The package is bounded to the photographer camera-owner importer attribution architectural surface and its direct contracts, records, and tests.",Codebase/mobile/lib/infrastructure/entities/person.entity.drift.dart;Codebase/mobile/lib/presentation/widgets/people/person_edit_name_modal.widget.dart;Codebase/server/src/schema/migrations/1775165531374-AddPersonNameTrigramIndex.ts;Codebase/web/src/lib/utils/person.ts,"Contracts affected by requirements CAN-FAIL-12, CAN-LAM-ARCH-177, CAN-LAM-ARCH-390, CAN-LAM-ASSET-013, CAN-LAM-ASSET-037, CAN-LAM-ASSET-060, CAN-LAM-ASSET-066, CAN-LAM-ASSET-088...; registry references are resolved in the package packet.","Schemas affected by requirements CAN-FAIL-12, CAN-LAM-ARCH-177, CAN-LAM-ARCH-390, CAN-LAM-ASSET-013, CAN-LAM-ASSET-037, CAN-LAM-ASSET-060, CAN-LAM-ASSET-066, CAN-LAM-ASSET-088...; schema paths are resolved in the package packet.","Given an asset with three distinct attributions, when one field is updated, then its revision changes, the other two values and revisions remain unchanged, and the UI displays each role separately.",Typed failure result; no partial authoritative state is claimed; No unrelated authoritative state is modified,,VERIFIED,"Requirement CAN-LAM-ASSET-088 source locator lines 1337-1337 and Codebase evidence ['Codebase/mobile/lib/infrastructure/entities/person.entity.drift.dart', 'Codebase/mobile/lib/presentation/widgets/people/person_edit_name_modal.widget.dart'] support placement in WP-I8-007.",requirements.csv:lines 1337-1337; reviewed-actionable-requirements-v3.csv:CAN-LAM-ASSET-088; code_evidence_references,PASS_B_INDEPENDENT_EVIDENCE_REVIEWER,2026-08-06-pass-b-v2,VERIFIED
WP-I8-007,CAN-LAM-ASSET-090,WP-I8-007,WP-I8-007,Metadata,Photographer camera-owner importer attribution,"The package is bounded to the photographer camera-owner importer attribution architectural surface and its direct contracts, records, and tests.",Codebase/server/src/controllers/asset.controller.ts;Codebase/server/src/repositories/metadata.repository.ts;Codebase/server/src/services/metadata.service.ts;Codebase/web/src/lib/components/asset-viewer/DetailPanelDate.svelte,"Contracts affected by requirements CAN-FAIL-12, CAN-LAM-ARCH-177, CAN-LAM-ARCH-390, CAN-LAM-ASSET-013, CAN-LAM-ASSET-037, CAN-LAM-ASSET-060, CAN-LAM-ASSET-066, CAN-LAM-ASSET-088...; registry references are resolved in the package packet.","Schemas affected by requirements CAN-FAIL-12, CAN-LAM-ARCH-177, CAN-LAM-ARCH-390, CAN-LAM-ASSET-013, CAN-LAM-ASSET-037, CAN-LAM-ASSET-060, CAN-LAM-ASSET-066, CAN-LAM-ASSET-088...; schema paths are resolved in the package packet.","Given an asset with no approved photographer, when inference runs, then a review candidate may appear while the authoritative field and revision remain unchanged; approval alone may update them.",Typed failure result; no partial authoritative state is claimed; Explicit preservation clause in the statement is preserved,,VERIFIED,"Requirement CAN-LAM-ASSET-090 source locator lines 1355-1355 and Codebase evidence ['Codebase/server/src/controllers/asset.controller.ts', 'Codebase/server/src/repositories/metadata.repository.ts'] support placement in WP-I8-007.",requirements.csv:lines 1355-1355; reviewed-actionable-requirements-v3.csv:CAN-LAM-ASSET-090; code_evidence_references,PASS_B_INDEPENDENT_EVIDENCE_REVIEWER,2026-08-06-pass-b-v2,VERIFIED
WP-I8-007,CAN-LAM-ASSET-091,WP-I8-007,WP-I8-007,Relationships and attribution,Photographer camera-owner importer attribution,"The package is bounded to the photographer camera-owner importer attribution architectural surface and its direct contracts, records, and tests.",Codebase/mobile/lib/domain/models/store.model.dart;Codebase/server/src/services/media.service.ts;Codebase/web/src/lib/stores/media-query-manager.svelte.ts;Codebase/web/src/lib/stores/preferences.store.ts,"Contracts affected by requirements CAN-FAIL-12, CAN-LAM-ARCH-177, CAN-LAM-ARCH-390, CAN-LAM-ASSET-013, CAN-LAM-ASSET-037, CAN-LAM-ASSET-060, CAN-LAM-ASSET-066, CAN-LAM-ASSET-088...; registry references are resolved in the package packet.","Schemas affected by requirements CAN-FAIL-12, CAN-LAM-ARCH-177, CAN-LAM-ARCH-390, CAN-LAM-ASSET-013, CAN-LAM-ASSET-037, CAN-LAM-ASSET-060, CAN-LAM-ASSET-066, CAN-LAM-ASSET-088...; schema paths are resolved in the package packet.",Gate 1 scope; Gate 2 compile/build; Gate 3 focused/regression; Gate 8 traceability,Typed failure result; no partial authoritative state is claimed; No unrelated authoritative state is modified,,VERIFIED,"Requirement CAN-LAM-ASSET-091 source locator lines 1371-1371 and Codebase evidence ['Codebase/mobile/lib/domain/models/store.model.dart', 'Codebase/server/src/services/media.service.ts'] support placement in WP-I8-007.",requirements.csv:lines 1371-1371; reviewed-actionable-requirements-v3.csv:CAN-LAM-ASSET-091; code_evidence_references,PASS_B_INDEPENDENT_EVIDENCE_REVIEWER,2026-08-06-pass-b-v2,VERIFIED
WP-I8-007,CAN-LAM-ASSET-092,WP-I8-007,WP-I8-007,Relationships and attribution,Photographer camera-owner importer attribution,"The package is bounded to the photographer camera-owner importer attribution architectural surface and its direct contracts, records, and tests.",Codebase/server/src/dtos/system-metadata.dto.ts;Codebase/server/src/services/metadata.service.spec.ts;Codebase/server/src/services/metadata.service.ts;Codebase/web/src/lib/stores/media-query-manager.svelte.ts,"Contracts affected by requirements CAN-FAIL-12, CAN-LAM-ARCH-177, CAN-LAM-ARCH-390, CAN-LAM-ASSET-013, CAN-LAM-ASSET-037, CAN-LAM-ASSET-060, CAN-LAM-ASSET-066, CAN-LAM-ASSET-088...; registry references are resolved in the package packet.","Schemas affected by requirements CAN-FAIL-12, CAN-LAM-ARCH-177, CAN-LAM-ARCH-390, CAN-LAM-ASSET-013, CAN-LAM-ASSET-037, CAN-LAM-ASSET-060, CAN-LAM-ASSET-066, CAN-LAM-ASSET-088...; schema paths are resolved in the package packet.",Generated-media fixture with metadata checks.,Typed failure result; no partial authoritative state is claimed; Explicit preservation clause in the statement is preserved,,VERIFIED,"Requirement CAN-LAM-ASSET-092 source locator lines 1372-1372 and Codebase evidence ['Codebase/server/src/dtos/system-metadata.dto.ts', 'Codebase/server/src/services/metadata.service.spec.ts'] support placement in WP-I8-007.",requirements.csv:lines 1372-1372; reviewed-actionable-requirements-v3.csv:CAN-LAM-ASSET-092; code_evidence_references,PASS_B_INDEPENDENT_EVIDENCE_REVIEWER,2026-08-06-pass-b-v2,VERIFIED
WP-I8-007,CAN-LAM-ASSET-096,WP-I8-007,WP-I8-007,Relationships and attribution,Photographer camera-owner importer attribution,"The package is bounded to the photographer camera-owner importer attribution architectural surface and its direct contracts, records, and tests.",Codebase/server/src/controllers/asset.controller.ts;Codebase/server/src/repositories/metadata.repository.ts;Codebase/server/src/services/metadata.service.ts;Codebase/web/src/lib/components/asset-viewer/DetailPanelDate.svelte,"Contracts affected by requirements CAN-FAIL-12, CAN-LAM-ARCH-177, CAN-LAM-ARCH-390, CAN-LAM-ASSET-013, CAN-LAM-ASSET-037, CAN-LAM-ASSET-060, CAN-LAM-ASSET-066, CAN-LAM-ASSET-088...; registry references are resolved in the package packet.","Schemas affected by requirements CAN-FAIL-12, CAN-LAM-ARCH-177, CAN-LAM-ARCH-390, CAN-LAM-ASSET-013, CAN-LAM-ASSET-037, CAN-LAM-ASSET-060, CAN-LAM-ASSET-066, CAN-LAM-ASSET-088...; schema paths are resolved in the package packet.",Gate 1 scope; Gate 2 compile/build; Gate 3 focused/regression; Gate 8 traceability,Typed failure result; no partial authoritative state is claimed; Explicit preservation clause in the statement is preserved,,VERIFIED,"Requirement CAN-LAM-ASSET-096 source locator lines 1401-1401 and Codebase evidence ['Codebase/server/src/controllers/asset.controller.ts', 'Codebase/server/src/repositories/metadata.repository.ts'] support placement in WP-I8-007.",requirements.csv:lines 1401-1401; reviewed-actionable-requirements-v3.csv:CAN-LAM-ASSET-096; code_evidence_references,PASS_B_INDEPENDENT_EVIDENCE_REVIEWER,2026-08-06-pass-b-v2,VERIFIED
WP-I3-001,CAN-LAM-ASSET-098,WP-I3-001,WP-I3-001,Local data authority,Authoritative record envelope,"Reviewed cross-capability package: Authoritative record envelope is a shared architectural surface used by Filesystem transactions and recovery, Local data authority, Metadata, Sidecars and metadata authority. Membership is linked by the same contract/record/workflow boundary, not source order or capacity.",Codebase/mobile/assets/immich-logo.json;Codebase/mobile/ios/Runner/Assets.xcassets/Contents.json;Codebase/mobile/ios/WidgetExtension/Assets.xcassets/Contents.json;Codebase/web/src/lib/utils/asset-utils.ts,"Contracts affected by requirements CAN-LAM-ARCH-021, CAN-LAM-ARCH-038, CAN-LAM-ARCH-144, CAN-LAM-ASSET-039, CAN-LAM-ASSET-098, CAN-LAM-ASSET-099, CAN-LAM-ASSET-108, CAN-LAM-ASSET-109...; registry references are resolved in the package packet.","Schemas affected by requirements CAN-LAM-ARCH-021, CAN-LAM-ARCH-038, CAN-LAM-ARCH-144, CAN-LAM-ASSET-039, CAN-LAM-ASSET-098, CAN-LAM-ASSET-099, CAN-LAM-ASSET-108, CAN-LAM-ASSET-109...; schema paths are resolved in the package packet.",Reconciliation fixture must prefer filesystem filename.,Typed failure result; no partial authoritative state is claimed; No unrelated authoritative state is modified,,VERIFIED,"Requirement CAN-LAM-ASSET-098 source locator lines 1421-1421 and Codebase evidence ['Codebase/mobile/assets/immich-logo.json', 'Codebase/mobile/ios/Runner/Assets.xcassets/Contents.json'] support placement in WP-I3-001.",requirements.csv:lines 1421-1421; reviewed-actionable-requirements-v3.csv:CAN-LAM-ASSET-098; code_evidence_references,PASS_B_INDEPENDENT_EVIDENCE_REVIEWER,2026-08-06-pass-b-v2,VERIFIED
WP-I3-001,CAN-LAM-ASSET-099,WP-I3-001,WP-I3-001,Local data authority,Authoritative record envelope,"Reviewed cross-capability package: Authoritative record envelope is a shared architectural surface used by Filesystem transactions and recovery, Local data authority, Metadata, Sidecars and metadata authority. Membership is linked by the same contract/record/workflow boundary, not source order or capacity.",Codebase/mobile/openapi/lib/model/validate_library_import_path_response_dto.dart;Codebase/server/src/repositories/asset.repository.ts;Codebase/web/src/lib/assets/svg-paths.ts;Codebase/web/src/lib/managers/asset-viewer-manager.svelte.ts,"Contracts affected by requirements CAN-LAM-ARCH-021, CAN-LAM-ARCH-038, CAN-LAM-ARCH-144, CAN-LAM-ASSET-039, CAN-LAM-ASSET-098, CAN-LAM-ASSET-099, CAN-LAM-ASSET-108, CAN-LAM-ASSET-109...; registry references are resolved in the package packet.","Schemas affected by requirements CAN-LAM-ARCH-021, CAN-LAM-ARCH-038, CAN-LAM-ARCH-144, CAN-LAM-ASSET-039, CAN-LAM-ASSET-098, CAN-LAM-ASSET-099, CAN-LAM-ASSET-108, CAN-LAM-ASSET-109...; schema paths are resolved in the package packet.",Reconciliation fixture must prefer filesystem path.,Typed failure result; no partial authoritative state is claimed; No unrelated authoritative state is modified,,VERIFIED,"Requirement CAN-LAM-ASSET-099 source locator lines 1422-1422 and Codebase evidence ['Codebase/mobile/openapi/lib/model/validate_library_import_path_response_dto.dart', 'Codebase/server/src/repositories/asset.repository.ts'] support placement in WP-I3-001.",requirements.csv:lines 1422-1422; reviewed-actionable-requirements-v3.csv:CAN-LAM-ASSET-099; code_evidence_references,PASS_B_INDEPENDENT_EVIDENCE_REVIEWER,2026-08-06-pass-b-v2,VERIFIED
WP-I8-007,CAN-LAM-ASSET-106,WP-I8-007,WP-I8-007,Relationships and attribution,Photographer camera-owner importer attribution,"The package is bounded to the photographer camera-owner importer attribution architectural surface and its direct contracts, records, and tests.",Codebase/mobile/assets/immich-logo.json;Codebase/mobile/ios/Runner/Assets.xcassets/AppIcon.appiconset/Contents.json;Codebase/mobile/ios/Runner/Assets.xcassets/Contents.json;Codebase/mobile/ios/WidgetExtension/Assets.xcassets/Contents.json,"Contracts affected by requirements CAN-FAIL-12, CAN-LAM-ARCH-177, CAN-LAM-ARCH-390, CAN-LAM-ASSET-013, CAN-LAM-ASSET-037, CAN-LAM-ASSET-060, CAN-LAM-ASSET-066, CAN-LAM-ASSET-088...; registry references are resolved in the package packet.","Schemas affected by requirements CAN-FAIL-12, CAN-LAM-ARCH-177, CAN-LAM-ARCH-390, CAN-LAM-ASSET-013, CAN-LAM-ASSET-037, CAN-LAM-ASSET-060, CAN-LAM-ASSET-066, CAN-LAM-ASSET-088...; schema paths are resolved in the package packet.",Attribution fixture must keep JSON and XMP aligned.,Typed failure result; no partial authoritative state is claimed; No unrelated authoritative state is modified,,VERIFIED,"Requirement CAN-LAM-ASSET-106 source locator lines 1433-1433 and Codebase evidence ['Codebase/mobile/assets/immich-logo.json', 'Codebase/mobile/ios/Runner/Assets.xcassets/AppIcon.appiconset/Contents.json'] support placement in WP-I8-007.",requirements.csv:lines 1433-1433; reviewed-actionable-requirements-v3.csv:CAN-LAM-ASSET-106; code_evidence_references,PASS_B_INDEPENDENT_EVIDENCE_REVIEWER,2026-08-06-pass-b-v2,VERIFIED
WP-I8-007,CAN-LAM-ASSET-107,WP-I8-007,WP-I8-007,Relationships and attribution,Photographer camera-owner importer attribution,"The package is bounded to the photographer camera-owner importer attribution architectural surface and its direct contracts, records, and tests.",Codebase/mobile/openapi/lib/model/asset_metadata_upsert_dto.dart;Codebase/mobile/openapi/lib/model/sync_asset_metadata_v1.dart;Codebase/server/src/schema/tables/asset-metadata-audit.table.ts;Codebase/server/src/schema/tables/asset-metadata.table.ts,"Contracts affected by requirements CAN-FAIL-12, CAN-LAM-ARCH-177, CAN-LAM-ARCH-390, CAN-LAM-ASSET-013, CAN-LAM-ASSET-037, CAN-LAM-ASSET-060, CAN-LAM-ASSET-066, CAN-LAM-ASSET-088...; registry references are resolved in the package packet.","Schemas affected by requirements CAN-FAIL-12, CAN-LAM-ARCH-177, CAN-LAM-ARCH-390, CAN-LAM-ASSET-013, CAN-LAM-ASSET-037, CAN-LAM-ASSET-060, CAN-LAM-ASSET-066, CAN-LAM-ASSET-088...; schema paths are resolved in the package packet.",Role-independence fixture for camera owner.,Explicit failure/preservation clause in the statement is preserved; No unrelated authoritative state is modified,,VERIFIED,"Requirement CAN-LAM-ASSET-107 source locator lines 1434-1434 and Codebase evidence ['Codebase/mobile/openapi/lib/model/asset_metadata_upsert_dto.dart', 'Codebase/mobile/openapi/lib/model/sync_asset_metadata_v1.dart'] support placement in WP-I8-007.",requirements.csv:lines 1434-1434; reviewed-actionable-requirements-v3.csv:CAN-LAM-ASSET-107; code_evidence_references,PASS_B_INDEPENDENT_EVIDENCE_REVIEWER,2026-08-06-pass-b-v2,VERIFIED
WP-I3-001,CAN-LAM-ASSET-108,WP-I3-001,WP-I3-001,Local data authority,Authoritative record envelope,"Reviewed cross-capability package: Authoritative record envelope is a shared architectural surface used by Filesystem transactions and recovery, Local data authority, Metadata, Sidecars and metadata authority. Membership is linked by the same contract/record/workflow boundary, not source order or capacity.",Codebase/web/src/lib/components/asset-viewer/PhotoViewer.svelte;Codebase/web/src/lib/components/asset-viewer/VideoNativeViewer.svelte;Codebase/web/src/lib/components/asset-viewer/VideoPanoramaViewer.svelte;Codebase/web/src/lib/components/asset-viewer/VideoRemoteViewer.svelte,"Contracts affected by requirements CAN-LAM-ARCH-021, CAN-LAM-ARCH-038, CAN-LAM-ARCH-144, CAN-LAM-ASSET-039, CAN-LAM-ASSET-098, CAN-LAM-ASSET-099, CAN-LAM-ASSET-108, CAN-LAM-ASSET-109...; registry references are resolved in the package packet.","Schemas affected by requirements CAN-LAM-ARCH-021, CAN-LAM-ARCH-038, CAN-LAM-ARCH-144, CAN-LAM-ASSET-039, CAN-LAM-ASSET-098, CAN-LAM-ASSET-099, CAN-LAM-ASSET-108, CAN-LAM-ASSET-109...; schema paths are resolved in the package packet.",Role-inference fixture must not conflate importer with attribution roles.,Typed failure result; no partial authoritative state is claimed; No unrelated authoritative state is modified,,VERIFIED,"Requirement CAN-LAM-ASSET-108 source locator lines 1435-1435 and Codebase evidence ['Codebase/web/src/lib/components/asset-viewer/PhotoViewer.svelte', 'Codebase/web/src/lib/components/asset-viewer/VideoNativeViewer.svelte'] support placement in WP-I3-001.",requirements.csv:lines 1435-1435; reviewed-actionable-requirements-v3.csv:CAN-LAM-ASSET-108; code_evidence_references,PASS_B_INDEPENDENT_EVIDENCE_REVIEWER,2026-08-06-pass-b-v2,VERIFIED
WP-I3-001,CAN-LAM-ASSET-109,WP-I3-001,WP-I3-001,Local data authority,Authoritative record envelope,"Reviewed cross-capability package: Authoritative record envelope is a shared architectural surface used by Filesystem transactions and recovery, Local data authority, Metadata, Sidecars and metadata authority. Membership is linked by the same contract/record/workflow boundary, not source order or capacity.",Codebase/mobile/assets/immich-logo.json;Codebase/web/src/lib/components/asset-viewer/DetailPanelTags.svelte;Codebase/web/src/routes/(user)/tags/[[photos=photos]]/[[assetId=id]]/+page.svelte;Codebase/web/src/routes/(user)/tags/[[photos=photos]]/[[assetId=id]]/+page.ts,"Contracts affected by requirements CAN-LAM-ARCH-021, CAN-LAM-ARCH-038, CAN-LAM-ARCH-144, CAN-LAM-ASSET-039, CAN-LAM-ASSET-098, CAN-LAM-ASSET-099, CAN-LAM-ASSET-108, CAN-LAM-ASSET-109...; registry references are resolved in the package packet.","Schemas affected by requirements CAN-LAM-ARCH-021, CAN-LAM-ARCH-038, CAN-LAM-ARCH-144, CAN-LAM-ASSET-039, CAN-LAM-ASSET-098, CAN-LAM-ASSET-099, CAN-LAM-ASSET-108, CAN-LAM-ASSET-109...; schema paths are resolved in the package packet.",Tag fixture must keep approved and candidate tags separate.,Typed failure result; no partial authoritative state is claimed; Explicit preservation clause in the statement is preserved,,VERIFIED,"Requirement CAN-LAM-ASSET-109 source locator lines 1436-1436 and Codebase evidence ['Codebase/mobile/assets/immich-logo.json', 'Codebase/web/src/lib/components/asset-viewer/DetailPanelTags.svelte'] support placement in WP-I3-001.",requirements.csv:lines 1436-1436; reviewed-actionable-requirements-v3.csv:CAN-LAM-ASSET-109; code_evidence_references,PASS_B_INDEPENDENT_EVIDENCE_REVIEWER,2026-08-06-pass-b-v2,VERIFIED
WP-I3-001,CAN-LAM-ASSET-113,WP-I3-001,WP-I3-001,Local data authority,Authoritative record envelope,"Reviewed cross-capability package: Authoritative record envelope is a shared architectural surface used by Filesystem transactions and recovery, Local data authority, Metadata, Sidecars and metadata authority. Membership is linked by the same contract/record/workflow boundary, not source order or capacity.",Codebase/mobile/openapi/lib/model/sync_asset_exif_v1.dart;Codebase/server/src/schema/tables/asset-exif.table.ts;Codebase/server/test/factories/asset-exif.factory.ts;Codebase/server/test/medium/specs/sync/sync-asset-exif.spec.ts,"Contracts affected by requirements CAN-LAM-ARCH-021, CAN-LAM-ARCH-038, CAN-LAM-ARCH-144, CAN-LAM-ASSET-039, CAN-LAM-ASSET-098, CAN-LAM-ASSET-099, CAN-LAM-ASSET-108, CAN-LAM-ASSET-109...; registry references are resolved in the package packet.","Schemas affected by requirements CAN-LAM-ARCH-021, CAN-LAM-ARCH-038, CAN-LAM-ARCH-144, CAN-LAM-ASSET-039, CAN-LAM-ASSET-098, CAN-LAM-ASSET-099, CAN-LAM-ASSET-108, CAN-LAM-ASSET-109...; schema paths are resolved in the package packet.",Location fixture with raw-value retention.,Typed failure result; no partial authoritative state is claimed; No unrelated authoritative state is modified,,VERIFIED,"Requirement CAN-LAM-ASSET-113 source locator lines 1441-1441 and Codebase evidence ['Codebase/mobile/openapi/lib/model/sync_asset_exif_v1.dart', 'Codebase/server/src/schema/tables/asset-exif.table.ts'] support placement in WP-I3-001.",requirements.csv:lines 1441-1441; reviewed-actionable-requirements-v3.csv:CAN-LAM-ASSET-113; code_evidence_references,PASS_B_INDEPENDENT_EVIDENCE_REVIEWER,2026-08-06-pass-b-v2,VERIFIED
WP-I5-006,CAN-LAM-ASSET-120,WP-I5-006,WP-I5-006,Asset viewer,Albums and favorites,"Reviewed cross-capability package: Albums and favorites is a shared architectural surface used by Albums and favorites, Asset viewer, Gallery and timeline, Metadata. Membership is linked by the same contract/record/workflow boundary, not source order or capacity.",Codebase/mobile/openapi/lib/model/albums_add_assets_dto.dart;Codebase/mobile/openapi/lib/model/albums_add_assets_response_dto.dart;Codebase/web/src/routes/(user)/albums/[albumId=id]/[[photos=photos]]/[[assetId=id]]/+page.svelte;Codebase/web/src/routes/(user)/albums/[albumId=id]/[[photos=photos]]/[[assetId=id]]/+page.ts,"Contracts affected by requirements CAN-LAM-ARCH-027, CAN-LAM-ARCH-028, CAN-LAM-ARCH-079, CAN-LAM-ARCH-080, CAN-LAM-ARCH-231, CAN-LAM-ARCH-232, CAN-LAM-ARCH-233, CAN-LAM-ARCH-234...; registry references are resolved in the package packet.","Schemas affected by requirements CAN-LAM-ARCH-027, CAN-LAM-ARCH-028, CAN-LAM-ARCH-079, CAN-LAM-ARCH-080, CAN-LAM-ARCH-231, CAN-LAM-ARCH-232, CAN-LAM-ARCH-233, CAN-LAM-ARCH-234...; schema paths are resolved in the package packet.",Multi-album fixture.,Explicit failure/preservation clause in the statement is preserved; Explicit preservation clause in the statement is preserved,,VERIFIED,"Requirement CAN-LAM-ASSET-120 source locator lines 1710-1710 and Codebase evidence ['Codebase/mobile/openapi/lib/model/albums_add_assets_dto.dart', 'Codebase/mobile/openapi/lib/model/albums_add_assets_response_dto.dart'] support placement in WP-I5-006.",requirements.csv:lines 1710-1710; reviewed-actionable-requirements-v3.csv:CAN-LAM-ASSET-120; code_evidence_references,PASS_B_INDEPENDENT_EVIDENCE_REVIEWER,2026-08-06-pass-b-v2,VERIFIED
WP-I5-013,CAN-LAM-ASSET-123,WP-I5-013,WP-I5-013,Asset viewer,Read and navigation surfaces,Every member is a read or navigation behavior with an explicit no-mutation result.,Codebase/web/src/lib/components/asset-viewer/PhotoViewer.svelte;Codebase/web/src/lib/components/asset-viewer/VideoNativeViewer.svelte;Codebase/web/src/lib/components/asset-viewer/VideoPanoramaViewer.svelte;Codebase/web/src/lib/components/asset-viewer/VideoRemoteViewer.svelte,Review navigation and display contracts,"Review item, asset, event, and person read projections",Open-asset fixture with no-mutation assertion.,Explicit failure/preservation clause in the statement is preserved; No unrelated authoritative state is modified,,VERIFIED,"Requirement CAN-LAM-ASSET-123 source locator lines 1848-1848 and Codebase evidence ['Codebase/web/src/lib/components/asset-viewer/PhotoViewer.svelte', 'Codebase/web/src/lib/components/asset-viewer/VideoNativeViewer.svelte'] support placement in WP-I5-013.",requirements.csv:lines 1848-1848; reviewed-actionable-requirements-v3.csv:CAN-LAM-ASSET-123; code_evidence_references,PASS_B_INDEPENDENT_EVIDENCE_REVIEWER,2026-08-06-pass-b-v2,VERIFIED
WP-I3-011,CAN-LAM-ASSET-124,WP-I3-011,WP-I3-011,Filesystem transactions and recovery,File-operation plan contract,"The package is bounded to the file-operation plan contract architectural surface and its direct contracts, records, and tests.",Codebase/web/src/lib/components/asset-viewer/PhotoViewer.svelte;Codebase/web/src/lib/components/asset-viewer/VideoNativeViewer.svelte;Codebase/web/src/lib/components/asset-viewer/VideoPanoramaViewer.svelte;Codebase/web/src/lib/components/asset-viewer/VideoRemoteViewer.svelte,"Contracts affected by requirements CAN-LAM-ARCH-057, CAN-LAM-ARCH-058, CAN-LAM-ARCH-279, CAN-LAM-ARCH-280, CAN-LAM-ARCH-281, CAN-LAM-ASSET-124, CAN-LAM-ASSET-186, CAN-LAM-FOLDER-036...; registry references are resolved in the package packet.","Schemas affected by requirements CAN-LAM-ARCH-057, CAN-LAM-ARCH-058, CAN-LAM-ARCH-279, CAN-LAM-ARCH-280, CAN-LAM-ARCH-281, CAN-LAM-ASSET-124, CAN-LAM-ASSET-186, CAN-LAM-FOLDER-036...; schema paths are resolved in the package packet.",Bundle-rename fixture.,Typed failure result; no partial authoritative state is claimed; Explicit preservation clause in the statement is preserved,,VERIFIED,"Requirement CAN-LAM-ASSET-124 source locator lines 1864-1864 and Codebase evidence ['Codebase/web/src/lib/components/asset-viewer/PhotoViewer.svelte', 'Codebase/web/src/lib/components/asset-viewer/VideoNativeViewer.svelte'] support placement in WP-I3-011.",requirements.csv:lines 1864-1864; reviewed-actionable-requirements-v3.csv:CAN-LAM-ASSET-124; code_evidence_references,PASS_B_INDEPENDENT_EVIDENCE_REVIEWER,2026-08-06-pass-b-v2,VERIFIED
WP-I7-010,CAN-LAM-ASSET-137,WP-I7-010,WP-I7-010,Asset viewer,People and face privacy,"Reviewed cross-capability package: People and face privacy is a shared architectural surface used by Asset viewer, Metadata, People and faces. Membership is linked by the same contract/record/workflow boundary, not source order or capacity.",Codebase/web/src/lib/components/asset-viewer/PhotoViewer.svelte;Codebase/web/src/lib/components/asset-viewer/VideoNativeViewer.svelte;Codebase/web/src/lib/components/asset-viewer/VideoPanoramaViewer.svelte;Codebase/web/src/lib/components/asset-viewer/VideoRemoteViewer.svelte,"Contracts affected by requirements CAN-LAM-ARCH-298, CAN-LAM-ARCH-299, CAN-LAM-ASSET-137, CAN-LAM-PERSON-093, CAN-LAM-PERSON-094, CAN-LAM-PERSON-096; registry references are resolved in the package packet.","Schemas affected by requirements CAN-LAM-ARCH-298, CAN-LAM-ARCH-299, CAN-LAM-ASSET-137, CAN-LAM-PERSON-093, CAN-LAM-PERSON-094, CAN-LAM-PERSON-096; schema paths are resolved in the package packet.",One-asset privacy fixture.,Explicit failure/preservation clause in the statement is preserved; Explicit preservation clause in the statement is preserved,,VERIFIED,"Requirement CAN-LAM-ASSET-137 source locator lines 1962-1962 and Codebase evidence ['Codebase/web/src/lib/components/asset-viewer/PhotoViewer.svelte', 'Codebase/web/src/lib/components/asset-viewer/VideoNativeViewer.svelte'] support placement in WP-I7-010.",requirements.csv:lines 1962-1962; reviewed-actionable-requirements-v3.csv:CAN-LAM-ASSET-137; code_evidence_references,PASS_B_INDEPENDENT_EVIDENCE_REVIEWER,2026-08-06-pass-b-v2,VERIFIED
WP-I3-006,CAN-LAM-ASSET-138,WP-I3-006,WP-I3-006,Sidecars and metadata authority,Sidecar write protocol,All members concern writing or separating authoritative sidecar content without corrupting existing bytes.,Codebase/web/src/lib/components/asset-viewer/PhotoViewer.svelte;Codebase/web/src/lib/components/asset-viewer/VideoNativeViewer.svelte;Codebase/web/src/lib/components/asset-viewer/VideoPanoramaViewer.svelte;Codebase/web/src/lib/components/asset-viewer/VideoRemoteViewer.svelte,Sidecar write protocol contracts,Asset and XMP sidecar records,Asset-JSON fixture.,Explicit failure/preservation clause in the statement is preserved; No unrelated authoritative state is modified,,VERIFIED,"Requirement CAN-LAM-ASSET-138 source locator lines 2001-2001 and Codebase evidence ['Codebase/web/src/lib/components/asset-viewer/PhotoViewer.svelte', 'Codebase/web/src/lib/components/asset-viewer/VideoNativeViewer.svelte'] support placement in WP-I3-006.",requirements.csv:lines 2001-2001; reviewed-actionable-requirements-v3.csv:CAN-LAM-ASSET-138; code_evidence_references,PASS_B_INDEPENDENT_EVIDENCE_REVIEWER,2026-08-06-pass-b-v2,VERIFIED
WP-I3-011,CAN-LAM-ASSET-186,WP-I3-011,WP-I3-011,Local data authority,File-operation plan contract,"The package is bounded to the file-operation plan contract architectural surface and its direct contracts, records, and tests.",Codebase/web/src/lib/components/asset-viewer/PhotoViewer.svelte;Codebase/web/src/lib/components/asset-viewer/VideoNativeViewer.svelte;Codebase/web/src/lib/components/asset-viewer/VideoPanoramaViewer.svelte;Codebase/web/src/lib/components/asset-viewer/VideoRemoteViewer.svelte,"Contracts affected by requirements CAN-LAM-ARCH-057, CAN-LAM-ARCH-058, CAN-LAM-ARCH-279, CAN-LAM-ARCH-280, CAN-LAM-ARCH-281, CAN-LAM-ASSET-124, CAN-LAM-ASSET-186, CAN-LAM-FOLDER-036...; registry references are resolved in the package packet.","Schemas affected by requirements CAN-LAM-ARCH-057, CAN-LAM-ARCH-058, CAN-LAM-ARCH-279, CAN-LAM-ARCH-280, CAN-LAM-ARCH-281, CAN-LAM-ASSET-124, CAN-LAM-ASSET-186, CAN-LAM-FOLDER-036...; schema paths are resolved in the package packet.",Asset-bundle fixture.,Typed failure result; no partial authoritative state is claimed; No unrelated authoritative state is modified,,VERIFIED,"Requirement CAN-LAM-ASSET-186 source locator lines 1391-1391 and Codebase evidence ['Codebase/web/src/lib/components/asset-viewer/PhotoViewer.svelte', 'Codebase/web/src/lib/components/asset-viewer/VideoNativeViewer.svelte'] support placement in WP-I3-011.",requirements.csv:lines 1391-1391; reviewed-actionable-requirements-v3.csv:CAN-LAM-ASSET-186; code_evidence_references,PASS_B_INDEPENDENT_EVIDENCE_REVIEWER,2026-08-06-pass-b-v2,VERIFIED
WP-I10-011,CAN-LAM-DUPLICATE-001,WP-I10-011,WP-I10-011,Duplicates,Duplicate and similarity candidates,All members produce or compare duplicate/similarity evidence and keep every destructive outcome behind explicit review/plan approval.,Codebase/e2e/src/specs/web/duplicates.e2e-spec.ts;Codebase/mobile/openapi/lib/api/duplicates_api.dart;Codebase/mobile/openapi/lib/model/duplicate_detection_config.dart;Codebase/server/src/schema/migrations/1773956345315-DuplicateSharedLinkAssets.ts,"Duplicate candidate, comparison, burst, preview, retained-file, and AI-data-control contracts","Duplicate candidate, comparison evidence, burst group, and similarity projection records",Duplicate-detection fixture with candidate checks.,Typed failure result; no partial authoritative state is claimed; No unrelated authoritative state is modified,,VERIFIED,"Requirement CAN-LAM-DUPLICATE-001 source locator lines 288-288 and Codebase evidence ['Codebase/e2e/src/specs/web/duplicates.e2e-spec.ts', 'Codebase/mobile/openapi/lib/api/duplicates_api.dart'] support placement in WP-I10-011.",requirements.csv:lines 288-288; reviewed-actionable-requirements-v3.csv:CAN-LAM-DUPLICATE-001; code_evidence_references,PASS_B_INDEPENDENT_EVIDENCE_REVIEWER,2026-08-06-pass-b-v2,VERIFIED
WP-I10-011,CAN-LAM-DUPLICATE-005,WP-I10-011,WP-I10-011,Duplicates,Duplicate and similarity candidates,All members produce or compare duplicate/similarity evidence and keep every destructive outcome behind explicit review/plan approval.,Codebase/e2e/src/specs/web/duplicates.e2e-spec.ts;Codebase/mobile/openapi/lib/api/duplicates_api.dart;Codebase/mobile/openapi/lib/model/duplicate_detection_config.dart;Codebase/server/src/schema/migrations/1773956345315-DuplicateSharedLinkAssets.ts,"Duplicate candidate, comparison, burst, preview, retained-file, and AI-data-control contracts","Duplicate candidate, comparison evidence, burst group, and similarity projection records",Exact-duplicate fixture with candidate checks.,Explicit failure/preservation clause in the statement is preserved; Explicit preservation clause in the statement is preserved,,VERIFIED,"Requirement CAN-LAM-DUPLICATE-005 source locator lines 1612-1612 and Codebase evidence ['Codebase/e2e/src/specs/web/duplicates.e2e-spec.ts', 'Codebase/mobile/openapi/lib/api/duplicates_api.dart'] support placement in WP-I10-011.",requirements.csv:lines 1612-1612; reviewed-actionable-requirements-v3.csv:CAN-LAM-DUPLICATE-005; code_evidence_references,PASS_B_INDEPENDENT_EVIDENCE_REVIEWER,2026-08-06-pass-b-v2,VERIFIED
WP-I10-011,CAN-LAM-DUPLICATE-006,WP-I10-011,WP-I10-011,Duplicates,Duplicate and similarity candidates,All members produce or compare duplicate/similarity evidence and keep every destructive outcome behind explicit review/plan approval.,Codebase/e2e/src/specs/web/duplicates.e2e-spec.ts;Codebase/mobile/openapi/lib/api/duplicates_api.dart;Codebase/server/src/schema/migrations/1773956345315-DuplicateSharedLinkAssets.ts;Codebase/web/src/routes/(user)/utilities/duplicates/[[photos=photos]]/[[assetId=id]]/+page.ts,"Duplicate candidate, comparison, burst, preview, retained-file, and AI-data-control contracts","Duplicate candidate, comparison evidence, burst group, and similarity projection records",Similarity-data control fixture.,Explicit failure/preservation clause in the statement is preserved; Explicit preservation clause in the statement is preserved,,VERIFIED,"Requirement CAN-LAM-DUPLICATE-006 source locator lines 1696-1696 and Codebase evidence ['Codebase/e2e/src/specs/web/duplicates.e2e-spec.ts', 'Codebase/mobile/openapi/lib/api/duplicates_api.dart'] support placement in WP-I10-011.",requirements.csv:lines 1696-1696; reviewed-actionable-requirements-v3.csv:CAN-LAM-DUPLICATE-006; code_evidence_references,PASS_B_INDEPENDENT_EVIDENCE_REVIEWER,2026-08-06-pass-b-v2,VERIFIED
WP-I10-011,CAN-LAM-DUPLICATE-007,WP-I10-011,WP-I10-011,Duplicates,Duplicate and similarity candidates,All members produce or compare duplicate/similarity evidence and keep every destructive outcome behind explicit review/plan approval.,Codebase/e2e/src/specs/web/duplicates.e2e-spec.ts;Codebase/mobile/openapi/lib/api/duplicates_api.dart;Codebase/server/src/schema/migrations/1773956345315-DuplicateSharedLinkAssets.ts;Codebase/web/src/routes/(user)/utilities/duplicates/[[photos=photos]]/[[assetId=id]]/+page.ts,"Duplicate candidate, comparison, burst, preview, retained-file, and AI-data-control contracts","Duplicate candidate, comparison evidence, burst group, and similarity projection records",Exact-hash fixture.,Typed failure result; no partial authoritative state is claimed; No unrelated authoritative state is modified,,VERIFIED,"Requirement CAN-LAM-DUPLICATE-007 source locator lines 1765-1765 and Codebase evidence ['Codebase/e2e/src/specs/web/duplicates.e2e-spec.ts', 'Codebase/mobile/openapi/lib/api/duplicates_api.dart'] support placement in WP-I10-011.",requirements.csv:lines 1765-1765; reviewed-actionable-requirements-v3.csv:CAN-LAM-DUPLICATE-007; code_evidence_references,PASS_B_INDEPENDENT_EVIDENCE_REVIEWER,2026-08-06-pass-b-v2,VERIFIED
WP-I4-008,CAN-LAM-EDGE-03,WP-I4-008,WP-I4-008,Media ingestion and derivation,Metadata extraction,"Reviewed cross-capability package: Metadata extraction is a shared architectural surface used by Libraries and storage, Media ingestion and derivation, Metadata, Sidecars and metadata authority. Membership is linked by the same contract/record/workflow boundary, not source order or capacity.",Codebase/mobile/openapi/lib/model/asset_metadata_bulk_delete_dto.dart;Codebase/mobile/openapi/lib/model/asset_metadata_bulk_delete_item_dto.dart;Codebase/mobile/openapi/lib/model/sync_asset_metadata_delete_v1.dart;Codebase/mobile/openapi/lib/model/sync_user_metadata_delete_v1.dart,"Contracts affected by requirements CAN-LAM-EDGE-03, CAN-LAM-INV-META-01, CAN-LAM-META-013, CAN-LAM-META-014, CAN-LAM-META-026, CAN-LAM-META-033, CAN-LAM-META-036, CAN-LAM-META-040...; registry references are resolved in the package packet.","Schemas affected by requirements CAN-LAM-EDGE-03, CAN-LAM-INV-META-01, CAN-LAM-META-013, CAN-LAM-META-014, CAN-LAM-META-026, CAN-LAM-META-033, CAN-LAM-META-036, CAN-LAM-META-040...; schema paths are resolved in the package packet.","External-rename scanner fixture covering exact, partial, and boundary cases.",Typed failure result; no partial authoritative state is claimed; No unrelated authoritative state is modified,,VERIFIED,"Requirement CAN-LAM-EDGE-03 source locator lines 250-250 and Codebase evidence ['Codebase/mobile/openapi/lib/model/asset_metadata_bulk_delete_dto.dart', 'Codebase/mobile/openapi/lib/model/asset_metadata_bulk_delete_item_dto.dart'] support placement in WP-I4-008.",requirements.csv:lines 250-250; reviewed-actionable-requirements-v3.csv:CAN-LAM-EDGE-03; code_evidence_references,PASS_B_INDEPENDENT_EVIDENCE_REVIEWER,2026-08-06-pass-b-v2,VERIFIED
WP-I3-008,CAN-LAM-EDGE-04,WP-I3-008,WP-I3-008,Asset identity and records,SQLite migration framework,"Reviewed cross-capability package: SQLite migration framework is a shared architectural surface used by Asset identity and records, Filesystem transactions and recovery, Local data authority, Metadata, Sidecars and metadata authority. Membership is linked by the same contract/record/workflow boundary, not source order or capacity.",Codebase/mobile/openapi/lib/api/views_api.dart;Codebase/server/src/controllers/view.controller.ts;Codebase/server/src/repositories/view-repository.ts;Codebase/server/src/services/view.service.ts,"Contracts affected by requirements CAN-LAM-ASSET-018, CAN-LAM-ASSET-024, CAN-LAM-EDGE-04, CAN-LAM-EDGE-10, CAN-LAM-GOV-224, CAN-LAM-GOV-256, CAN-LAM-META-002, CAN-LAM-META-012...; registry references are resolved in the package packet.","Schemas affected by requirements CAN-LAM-ASSET-018, CAN-LAM-ASSET-024, CAN-LAM-EDGE-04, CAN-LAM-EDGE-10, CAN-LAM-GOV-224, CAN-LAM-GOV-256, CAN-LAM-META-002, CAN-LAM-META-012...; schema paths are resolved in the package packet.",Collision move fixture with hash-preservation checks.,Typed failure result; no partial authoritative state is claimed; Explicit preservation clause in the statement is preserved,,VERIFIED,"Requirement CAN-LAM-EDGE-04 source locator lines 251-251 and Codebase evidence ['Codebase/mobile/openapi/lib/api/views_api.dart', 'Codebase/server/src/controllers/view.controller.ts'] support placement in WP-I3-008.",requirements.csv:lines 251-251; reviewed-actionable-requirements-v3.csv:CAN-LAM-EDGE-04; code_evidence_references,PASS_B_INDEPENDENT_EVIDENCE_REVIEWER,2026-08-06-pass-b-v2,VERIFIED
WP-I3-008,CAN-LAM-EDGE-10,WP-I3-008,WP-I3-008,Filesystem transactions and recovery,SQLite migration framework,"Reviewed cross-capability package: SQLite migration framework is a shared architectural surface used by Asset identity and records, Filesystem transactions and recovery, Local data authority, Metadata, Sidecars and metadata authority. Membership is linked by the same contract/record/workflow boundary, not source order or capacity.",Codebase/mobile/lib/extensions/maplibrecontroller_extensions.dart;Codebase/open-api/openapitools.json;Codebase/packages/plugin-core/manifest.json;Codebase/web/static/manifest.json,"Contracts affected by requirements CAN-LAM-ASSET-018, CAN-LAM-ASSET-024, CAN-LAM-EDGE-04, CAN-LAM-EDGE-10, CAN-LAM-GOV-224, CAN-LAM-GOV-256, CAN-LAM-META-002, CAN-LAM-META-012...; registry references are resolved in the package packet.","Schemas affected by requirements CAN-LAM-ASSET-018, CAN-LAM-ASSET-024, CAN-LAM-EDGE-04, CAN-LAM-EDGE-10, CAN-LAM-GOV-224, CAN-LAM-GOV-256, CAN-LAM-META-002, CAN-LAM-META-012...; schema paths are resolved in the package packet.",Crash-recovery fixture with manifest reconciliation checks.,Typed failure result; no partial authoritative state is claimed; No unrelated authoritative state is modified,,VERIFIED,"Requirement CAN-LAM-EDGE-10 source locator lines 257-257 and Codebase evidence ['Codebase/mobile/lib/extensions/maplibrecontroller_extensions.dart', 'Codebase/open-api/openapitools.json'] support placement in WP-I3-008.",requirements.csv:lines 257-257; reviewed-actionable-requirements-v3.csv:CAN-LAM-EDGE-10; code_evidence_references,PASS_B_INDEPENDENT_EVIDENCE_REVIEWER,2026-08-06-pass-b-v2,VERIFIED
WP-I3-001,CAN-LAM-EDGE-13,WP-I3-001,WP-I3-001,Metadata,Authoritative record envelope,"Reviewed cross-capability package: Authoritative record envelope is a shared architectural surface used by Filesystem transactions and recovery, Local data authority, Metadata, Sidecars and metadata authority. Membership is linked by the same contract/record/workflow boundary, not source order or capacity.",Codebase/server/src/dtos/system-metadata.dto.ts;Codebase/server/src/schema/migrations/1752250924342-UserMetadataSync.ts;Codebase/server/src/schema/migrations/1752759108283-ConvertToAbsolutePaths.ts;Codebase/server/src/schema/migrations/1756318797207-AssetMetadataTables.ts,"Contracts affected by requirements CAN-LAM-ARCH-021, CAN-LAM-ARCH-038, CAN-LAM-ARCH-144, CAN-LAM-ASSET-039, CAN-LAM-ASSET-098, CAN-LAM-ASSET-099, CAN-LAM-ASSET-108, CAN-LAM-ASSET-109...; registry references are resolved in the package packet.","Schemas affected by requirements CAN-LAM-ARCH-021, CAN-LAM-ARCH-038, CAN-LAM-ARCH-144, CAN-LAM-ASSET-039, CAN-LAM-ASSET-098, CAN-LAM-ASSET-099, CAN-LAM-ASSET-108, CAN-LAM-ASSET-109...; schema paths are resolved in the package packet.",Future-schema fixture with read-only enforcement.,Explicit failure/preservation clause in the statement is preserved; Explicit preservation clause in the statement is preserved,,VERIFIED,"Requirement CAN-LAM-EDGE-13 source locator lines 260-260 and Codebase evidence ['Codebase/server/src/dtos/system-metadata.dto.ts', 'Codebase/server/src/schema/migrations/1752250924342-UserMetadataSync.ts'] support placement in WP-I3-001.",requirements.csv:lines 260-260; reviewed-actionable-requirements-v3.csv:CAN-LAM-EDGE-13; code_evidence_references,PASS_B_INDEPENDENT_EVIDENCE_REVIEWER,2026-08-06-pass-b-v2,VERIFIED
WP-I6-007,CAN-LAM-EDGE-16,WP-I6-007,WP-I6-007,Metadata,Event naming and normalization,"Reviewed cross-capability package: Event naming and normalization is a shared architectural surface used by Events and organization, Libraries and storage, Metadata. Membership is linked by the same contract/record/workflow boundary, not source order or capacity.",Codebase/mobile/lib/utils/timezone.dart;Codebase/mobile/lib/widgets/common/date_time_picker.dart;Codebase/web/src/lib/modals/timezone-utils.ts;Codebase/web/src/lib/utils/actions.ts,"Contracts affected by requirements CAN-LAM-ARCH-051, CAN-LAM-EDGE-16, CAN-LAM-EVENT-007, CAN-LAM-FOLDER-068, CAN-LAM-INV-EVENT-01; registry references are resolved in the package packet.","Schemas affected by requirements CAN-LAM-ARCH-051, CAN-LAM-EDGE-16, CAN-LAM-EVENT-007, CAN-LAM-FOLDER-068, CAN-LAM-INV-EVENT-01; schema paths are resolved in the package packet.",Timestamp-ambiguity fixture with raw-value retention check.,Explicit failure/preservation clause in the statement is preserved; Explicit preservation clause in the statement is preserved,,VERIFIED,"Requirement CAN-LAM-EDGE-16 source locator lines 263-263 and Codebase evidence ['Codebase/mobile/lib/utils/timezone.dart', 'Codebase/mobile/lib/widgets/common/date_time_picker.dart'] support placement in WP-I6-007.",requirements.csv:lines 263-263; reviewed-actionable-requirements-v3.csv:CAN-LAM-EDGE-16; code_evidence_references,PASS_B_INDEPENDENT_EVIDENCE_REVIEWER,2026-08-06-pass-b-v2,VERIFIED
WP-I6-009,CAN-LAM-EVENT-002,WP-I6-009,WP-I6-009,Events and organization,Event filesystem materialization plan,"The package is bounded to the event filesystem materialization plan architectural surface and its direct contracts, records, and tests.",Codebase/server/src/repositories/move.repository.ts;Codebase/server/src/services/storage-template.service.ts,"Contracts affected by requirements CAN-FAIL-05, CAN-FAIL-11, CAN-LAM-ARCH-037, CAN-LAM-ASSET-070, CAN-LAM-EVENT-002, CAN-LAM-EVENT-045, CAN-LAM-EVENT-057, CAN-LAM-EVENT-058...; registry references are resolved in the package packet.","Schemas affected by requirements CAN-FAIL-05, CAN-FAIL-11, CAN-LAM-ARCH-037, CAN-LAM-ASSET-070, CAN-LAM-EVENT-002, CAN-LAM-EVENT-045, CAN-LAM-EVENT-057, CAN-LAM-EVENT-058...; schema paths are resolved in the package packet.",Event-persistence fixture with plan gating.,Typed failure result; no partial authoritative state is claimed; No unrelated authoritative state is modified,,VERIFIED,"Requirement CAN-LAM-EVENT-002 source locator lines 291-291 and Codebase evidence ['Codebase/server/src/repositories/move.repository.ts', 'Codebase/server/src/services/storage-template.service.ts'] support placement in WP-I6-009.",requirements.csv:lines 291-291; reviewed-actionable-requirements-v3.csv:CAN-LAM-EVENT-002; code_evidence_references,PASS_B_INDEPENDENT_EVIDENCE_REVIEWER,2026-08-06-pass-b-v2,VERIFIED
WP-I6-002,CAN-LAM-EVENT-003,WP-I6-002,WP-I6-002,Events and organization,Event authoritative records,"All members define, persist, or project authoritative event records and keep them consistent with reviewed schemas.",Codebase/mobile/lib/pages/common/tab_shell.page.dart;Codebase/mobile/lib/presentation/widgets/asset_viewer/asset_page.widget.dart;Codebase/server/src/repositories/move.repository.ts;Codebase/server/src/services/storage-template.service.ts,Event authoritative record and projection contracts,Event record and event projection schemas,Event-page fixture with no-mutation assertion.,Explicit failure/preservation clause in the statement is preserved; No unrelated authoritative state is modified,,VERIFIED,"Requirement CAN-LAM-EVENT-003 source locator lines 316-316 and Codebase evidence ['Codebase/mobile/lib/pages/common/tab_shell.page.dart', 'Codebase/mobile/lib/presentation/widgets/asset_viewer/asset_page.widget.dart'] support placement in WP-I6-002.",requirements.csv:lines 316-316; reviewed-actionable-requirements-v3.csv:CAN-LAM-EVENT-003; code_evidence_references,PASS_B_INDEPENDENT_EVIDENCE_REVIEWER,2026-08-06-pass-b-v2,VERIFIED
WP-I3-001,CAN-LAM-EVENT-004,WP-I3-001,WP-I3-001,Sidecars and metadata authority,Authoritative record envelope,"Reviewed cross-capability package: Authoritative record envelope is a shared architectural surface used by Filesystem transactions and recovery, Local data authority, Metadata, Sidecars and metadata authority. Membership is linked by the same contract/record/workflow boundary, not source order or capacity.",Codebase/mobile/lib/presentation/widgets/map/map.widget.dart;Codebase/server/src/repositories/storage.repository.ts;Codebase/server/src/services/metadata.service.ts;Codebase/web/src/lib/types.ts,"Contracts affected by requirements CAN-LAM-ARCH-021, CAN-LAM-ARCH-038, CAN-LAM-ARCH-144, CAN-LAM-ASSET-039, CAN-LAM-ASSET-098, CAN-LAM-ASSET-099, CAN-LAM-ASSET-108, CAN-LAM-ASSET-109...; registry references are resolved in the package packet.","Schemas affected by requirements CAN-LAM-ARCH-021, CAN-LAM-ARCH-038, CAN-LAM-ARCH-144, CAN-LAM-ASSET-039, CAN-LAM-ASSET-098, CAN-LAM-ASSET-099, CAN-LAM-ASSET-108, CAN-LAM-ASSET-109...; schema paths are resolved in the package packet.",Event-JSON fixture with schema checks.,Typed failure result; no partial authoritative state is claimed; No unrelated authoritative state is modified,,VERIFIED,"Requirement CAN-LAM-EVENT-004 source locator lines 368-368 and Codebase evidence ['Codebase/mobile/lib/presentation/widgets/map/map.widget.dart', 'Codebase/server/src/repositories/storage.repository.ts'] support placement in WP-I3-001.",requirements.csv:lines 368-368; reviewed-actionable-requirements-v3.csv:CAN-LAM-EVENT-004; code_evidence_references,PASS_B_INDEPENDENT_EVIDENCE_REVIEWER,2026-08-06-pass-b-v2,VERIFIED
WP-I3-009,CAN-LAM-EVENT-005,WP-I3-009,WP-I3-009,Sidecars and metadata authority,Derived-index rebuild contract,"Reviewed cross-capability package: Derived-index rebuild contract is a shared architectural surface used by Filesystem transactions and recovery, Local data authority, Sidecars and metadata authority. Membership is linked by the same contract/record/workflow boundary, not source order or capacity.",Codebase/server/src/controllers/asset.controller.ts;Codebase/server/src/repositories/metadata.repository.ts;Codebase/server/src/services/metadata.service.ts;Codebase/web/src/lib/components/asset-viewer/DetailPanelDate.svelte,"Contracts affected by requirements CAN-FAIL-10, CAN-LAM-AI-006, CAN-LAM-AI-027, CAN-LAM-ASSET-040, CAN-LAM-ASSET-044, CAN-LAM-EVENT-005, CAN-LAM-INV-META-03, CAN-LAM-META-032...; registry references are resolved in the package packet.","Schemas affected by requirements CAN-FAIL-10, CAN-LAM-AI-006, CAN-LAM-AI-027, CAN-LAM-ASSET-040, CAN-LAM-ASSET-044, CAN-LAM-EVENT-005, CAN-LAM-INV-META-03, CAN-LAM-META-032...; schema paths are resolved in the package packet.",Event-XMP fixture with alignment checks.,Typed failure result; no partial authoritative state is claimed; No unrelated authoritative state is modified,,VERIFIED,"Requirement CAN-LAM-EVENT-005 source locator lines 369-369 and Codebase evidence ['Codebase/server/src/controllers/asset.controller.ts', 'Codebase/server/src/repositories/metadata.repository.ts'] support placement in WP-I3-009.",requirements.csv:lines 369-369; reviewed-actionable-requirements-v3.csv:CAN-LAM-EVENT-005; code_evidence_references,PASS_B_INDEPENDENT_EVIDENCE_REVIEWER,2026-08-06-pass-b-v2,VERIFIED
WP-I6-007,CAN-LAM-EVENT-007,WP-I6-007,WP-I6-007,Libraries and storage,Event naming and normalization,"Reviewed cross-capability package: Event naming and normalization is a shared architectural surface used by Events and organization, Libraries and storage, Metadata. Membership is linked by the same contract/record/workflow boundary, not source order or capacity.",Codebase/mobile/lib/utils/editor.utils.dart;Codebase/mobile/lib/utils/url_helper.dart;Codebase/server/src/repositories/storage.repository.ts;Codebase/web/src/lib/utils/editor.spec.ts,"Contracts affected by requirements CAN-LAM-ARCH-051, CAN-LAM-EDGE-16, CAN-LAM-EVENT-007, CAN-LAM-FOLDER-068, CAN-LAM-INV-EVENT-01; registry references are resolved in the package packet.","Schemas affected by requirements CAN-LAM-ARCH-051, CAN-LAM-EDGE-16, CAN-LAM-EVENT-007, CAN-LAM-FOLDER-068, CAN-LAM-INV-EVENT-01; schema paths are resolved in the package packet.",Event-folder naming fixture.,Explicit failure/preservation clause in the statement is preserved; No unrelated authoritative state is modified,,VERIFIED,"Requirement CAN-LAM-EVENT-007 source locator lines 500-500 and Codebase evidence ['Codebase/mobile/lib/utils/editor.utils.dart', 'Codebase/mobile/lib/utils/url_helper.dart'] support placement in WP-I6-007.",requirements.csv:lines 500-500; reviewed-actionable-requirements-v3.csv:CAN-LAM-EVENT-007; code_evidence_references,PASS_B_INDEPENDENT_EVIDENCE_REVIEWER,2026-08-06-pass-b-v2,VERIFIED
WP-I6-008,CAN-LAM-EVENT-009,WP-I6-008,WP-I6-008,Libraries and storage,Date and location boundaries,"Reviewed cross-capability package: Date and location boundaries is a shared architectural surface used by Events and organization, Libraries and storage, Map and location. Membership is linked by the same contract/record/workflow boundary, not source order or capacity.",Codebase/mobile/lib/domain/models/events.model.dart;Codebase/server/src/repositories/event.repository.ts;Codebase/web/src/lib/modals/SearchFilterModal.svelte;Codebase/web/src/lib/stores/websocket.ts,"Contracts affected by requirements CAN-FAIL-17, CAN-LAM-ARCH-036, CAN-LAM-ARCH-054, CAN-LAM-ASSET-038, CAN-LAM-ASSET-047, CAN-LAM-EVENT-009, CAN-LAM-EVENT-020, CAN-LAM-EVENT-021...; registry references are resolved in the package packet.","Schemas affected by requirements CAN-FAIL-17, CAN-LAM-ARCH-036, CAN-LAM-ARCH-054, CAN-LAM-ASSET-038, CAN-LAM-ASSET-047, CAN-LAM-EVENT-009, CAN-LAM-EVENT-020, CAN-LAM-EVENT-021...; schema paths are resolved in the package packet.",Event-start-date fixture.,Typed failure result; no partial authoritative state is claimed; No unrelated authoritative state is modified,,VERIFIED,"Requirement CAN-LAM-EVENT-009 source locator lines 509-509 and Codebase evidence ['Codebase/mobile/lib/domain/models/events.model.dart', 'Codebase/server/src/repositories/event.repository.ts'] support placement in WP-I6-008.",requirements.csv:lines 509-509; reviewed-actionable-requirements-v3.csv:CAN-LAM-EVENT-009; code_evidence_references,PASS_B_INDEPENDENT_EVIDENCE_REVIEWER,2026-08-06-pass-b-v2,VERIFIED
WP-I3-001,CAN-LAM-EVENT-011,WP-I3-001,WP-I3-001,Filesystem transactions and recovery,Authoritative record envelope,"Reviewed cross-capability package: Authoritative record envelope is a shared architectural surface used by Filesystem transactions and recovery, Local data authority, Metadata, Sidecars and metadata authority. Membership is linked by the same contract/record/workflow boundary, not source order or capacity.",Codebase/mobile/lib/domain/models/events.model.dart;Codebase/mobile/lib/models/folder/root_folder.model.dart;Codebase/web/src/lib/components/AssetViewerEvents.svelte;Codebase/web/src/lib/components/OnEvents.svelte,"Contracts affected by requirements CAN-LAM-ARCH-021, CAN-LAM-ARCH-038, CAN-LAM-ARCH-144, CAN-LAM-ASSET-039, CAN-LAM-ASSET-098, CAN-LAM-ASSET-099, CAN-LAM-ASSET-108, CAN-LAM-ASSET-109...; registry references are resolved in the package packet.","Schemas affected by requirements CAN-LAM-ARCH-021, CAN-LAM-ARCH-038, CAN-LAM-ARCH-144, CAN-LAM-ASSET-039, CAN-LAM-ASSET-098, CAN-LAM-ASSET-099, CAN-LAM-ASSET-108, CAN-LAM-ASSET-109...; schema paths are resolved in the package packet.",Gate 1 scope; Gate 2 compile/build; Gate 3 focused/regression; Gate 8 traceability; Gate 5 Tauri/UI; Gate 7 data safety,Typed failure result; no partial authoritative state is claimed; No unrelated authoritative state is modified,,VERIFIED,"Requirement CAN-LAM-EVENT-011 source locator lines 540-540 and Codebase evidence ['Codebase/mobile/lib/domain/models/events.model.dart', 'Codebase/mobile/lib/models/folder/root_folder.model.dart'] support placement in WP-I3-001.",requirements.csv:lines 540-540; reviewed-actionable-requirements-v3.csv:CAN-LAM-EVENT-011; code_evidence_references,PASS_B_INDEPENDENT_EVIDENCE_REVIEWER,2026-08-06-pass-b-v2,VERIFIED
WP-I5-013,CAN-LAM-EVENT-017,WP-I5-013,WP-I5-013,Asset viewer,Read and navigation surfaces,Every member is a read or navigation behavior with an explicit no-mutation result.,Codebase/web/src/lib/components/asset-viewer/PhotoViewer.svelte;Codebase/web/src/lib/components/asset-viewer/VideoNativeViewer.svelte;Codebase/web/src/lib/components/asset-viewer/VideoRemoteViewer.svelte;Codebase/web/src/routes/(user)/memory/[[photos=photos]]/[[assetId=id]]/MemoryPhotoViewer.svelte,Review navigation and display contracts,"Review item, asset, event, and person read projections",Open-in-event fixture.,Explicit failure/preservation clause in the statement is preserved; Explicit preservation clause in the statement is preserved,,VERIFIED,"Requirement CAN-LAM-EVENT-017 source locator lines 697-697 and Codebase evidence ['Codebase/web/src/lib/components/asset-viewer/PhotoViewer.svelte', 'Codebase/web/src/lib/components/asset-viewer/VideoNativeViewer.svelte'] support placement in WP-I5-013.",requirements.csv:lines 697-697; reviewed-actionable-requirements-v3.csv:CAN-LAM-EVENT-017; code_evidence_references,PASS_B_INDEPENDENT_EVIDENCE_REVIEWER,2026-08-06-pass-b-v2,VERIFIED
WP-I6-002,CAN-LAM-EVENT-018,WP-I6-002,WP-I6-002,Events and organization,Event authoritative records,"All members define, persist, or project authoritative event records and keep them consistent with reviewed schemas.",Codebase/server/src/repositories/move.repository.ts;Codebase/server/src/services/storage-template.service.ts,Event authoritative record and projection contracts,Event record and event projection schemas,One-day event fixture.,Typed failure result; no partial authoritative state is claimed; No unrelated authoritative state is modified,,VERIFIED,"Requirement CAN-LAM-EVENT-018 source locator lines 763-763 and Codebase evidence ['Codebase/server/src/repositories/move.repository.ts', 'Codebase/server/src/services/storage-template.service.ts'] support placement in WP-I6-002.",requirements.csv:lines 763-763; reviewed-actionable-requirements-v3.csv:CAN-LAM-EVENT-018; code_evidence_references,PASS_B_INDEPENDENT_EVIDENCE_REVIEWER,2026-08-06-pass-b-v2,VERIFIED
WP-I6-002,CAN-LAM-EVENT-019,WP-I6-002,WP-I6-002,Events and organization,Event authoritative records,"All members define, persist, or project authoritative event records and keep them consistent with reviewed schemas.",Codebase/server/src/repositories/move.repository.ts;Codebase/server/src/services/storage-template.service.ts,Event authoritative record and projection contracts,Event record and event projection schemas,Multi-day fixture.,Explicit failure/preservation clause in the statement is preserved; No unrelated authoritative state is modified,,VERIFIED,"Requirement CAN-LAM-EVENT-019 source locator lines 764-764 and Codebase evidence ['Codebase/server/src/repositories/move.repository.ts', 'Codebase/server/src/services/storage-template.service.ts'] support placement in WP-I6-002.",requirements.csv:lines 764-764; reviewed-actionable-requirements-v3.csv:CAN-LAM-EVENT-019; code_evidence_references,PASS_B_INDEPENDENT_EVIDENCE_REVIEWER,2026-08-06-pass-b-v2,VERIFIED
WP-I6-008,CAN-LAM-EVENT-020,WP-I6-008,WP-I6-008,Events and organization,Date and location boundaries,"Reviewed cross-capability package: Date and location boundaries is a shared architectural surface used by Events and organization, Libraries and storage, Map and location. Membership is linked by the same contract/record/workflow boundary, not source order or capacity.",Codebase/server/src/repositories/move.repository.ts;Codebase/server/src/services/storage-template.service.ts,"Contracts affected by requirements CAN-FAIL-17, CAN-LAM-ARCH-036, CAN-LAM-ARCH-054, CAN-LAM-ASSET-038, CAN-LAM-ASSET-047, CAN-LAM-EVENT-009, CAN-LAM-EVENT-020, CAN-LAM-EVENT-021...; registry references are resolved in the package packet.","Schemas affected by requirements CAN-FAIL-17, CAN-LAM-ARCH-036, CAN-LAM-ARCH-054, CAN-LAM-ASSET-038, CAN-LAM-ASSET-047, CAN-LAM-EVENT-009, CAN-LAM-EVENT-020, CAN-LAM-EVENT-021...; schema paths are resolved in the package packet.",Midnight event fixture.,Explicit failure/preservation clause in the statement is preserved; Explicit preservation clause in the statement is preserved,,VERIFIED,"Requirement CAN-LAM-EVENT-020 source locator lines 767-767 and Codebase evidence ['Codebase/server/src/repositories/move.repository.ts', 'Codebase/server/src/services/storage-template.service.ts'] support placement in WP-I6-008.",requirements.csv:lines 767-767; reviewed-actionable-requirements-v3.csv:CAN-LAM-EVENT-020; code_evidence_references,PASS_B_INDEPENDENT_EVIDENCE_REVIEWER,2026-08-06-pass-b-v2,VERIFIED
WP-I6-008,CAN-LAM-EVENT-021,WP-I6-008,WP-I6-008,Events and organization,Date and location boundaries,"Reviewed cross-capability package: Date and location boundaries is a shared architectural surface used by Events and organization, Libraries and storage, Map and location. Membership is linked by the same contract/record/workflow boundary, not source order or capacity.",Codebase/mobile/lib/domain/models/events.model.dart;Codebase/mobile/lib/presentation/widgets/asset_viewer/asset_page.widget.dart;Codebase/mobile/lib/presentation/widgets/timeline/timeline.widget.dart;Codebase/mobile/lib/services/api.service.dart,"Contracts affected by requirements CAN-FAIL-17, CAN-LAM-ARCH-036, CAN-LAM-ARCH-054, CAN-LAM-ASSET-038, CAN-LAM-ASSET-047, CAN-LAM-EVENT-009, CAN-LAM-EVENT-020, CAN-LAM-EVENT-021...; registry references are resolved in the package packet.","Schemas affected by requirements CAN-FAIL-17, CAN-LAM-ARCH-036, CAN-LAM-ARCH-054, CAN-LAM-ASSET-038, CAN-LAM-ASSET-047, CAN-LAM-EVENT-009, CAN-LAM-EVENT-020, CAN-LAM-EVENT-021...; schema paths are resolved in the package packet.",Unknown-date event fixture.,Explicit failure/preservation clause in the statement is preserved; No unrelated authoritative state is modified,,VERIFIED,"Requirement CAN-LAM-EVENT-021 source locator lines 768-768 and Codebase evidence ['Codebase/mobile/lib/domain/models/events.model.dart', 'Codebase/mobile/lib/presentation/widgets/asset_viewer/asset_page.widget.dart'] support placement in WP-I6-008.",requirements.csv:lines 768-768; reviewed-actionable-requirements-v3.csv:CAN-LAM-EVENT-021; code_evidence_references,PASS_B_INDEPENDENT_EVIDENCE_REVIEWER,2026-08-06-pass-b-v2,VERIFIED
WP-I6-008,CAN-LAM-EVENT-022,WP-I6-008,WP-I6-008,Events and organization,Date and location boundaries,"Reviewed cross-capability package: Date and location boundaries is a shared architectural surface used by Events and organization, Libraries and storage, Map and location. Membership is linked by the same contract/record/workflow boundary, not source order or capacity.",Codebase/docs/docs/guides/custom-locations.md;Codebase/mobile/lib/presentation/widgets/map/map_utils.dart;Codebase/mobile/lib/utils/map_utils.dart;Codebase/web/src/lib/components/shared-components/search-bar/SearchLocationSection.svelte,"Contracts affected by requirements CAN-FAIL-17, CAN-LAM-ARCH-036, CAN-LAM-ARCH-054, CAN-LAM-ASSET-038, CAN-LAM-ASSET-047, CAN-LAM-EVENT-009, CAN-LAM-EVENT-020, CAN-LAM-EVENT-021...; registry references are resolved in the package packet.","Schemas affected by requirements CAN-FAIL-17, CAN-LAM-ARCH-036, CAN-LAM-ARCH-054, CAN-LAM-ASSET-038, CAN-LAM-ASSET-047, CAN-LAM-EVENT-009, CAN-LAM-EVENT-020, CAN-LAM-EVENT-021...; schema paths are resolved in the package packet.",Multi-location event fixture.,Typed failure result; no partial authoritative state is claimed; Explicit preservation clause in the statement is preserved,,VERIFIED,"Requirement CAN-LAM-EVENT-022 source locator lines 769-769 and Codebase evidence ['Codebase/docs/docs/guides/custom-locations.md', 'Codebase/mobile/lib/presentation/widgets/map/map_utils.dart'] support placement in WP-I6-008.",requirements.csv:lines 769-769; reviewed-actionable-requirements-v3.csv:CAN-LAM-EVENT-022; code_evidence_references,PASS_B_INDEPENDENT_EVIDENCE_REVIEWER,2026-08-06-pass-b-v2,VERIFIED
WP-I6-002,CAN-LAM-EVENT-023,WP-I6-002,WP-I6-002,Events and organization,Event authoritative records,"All members define, persist, or project authoritative event records and keep them consistent with reviewed schemas.",Codebase/server/src/controllers/library.controller.ts;Codebase/server/src/repositories/storage.repository.ts;Codebase/server/src/services/library.service.ts;Codebase/server/src/services/storage.service.ts,Event authoritative record and projection contracts,Event record and event projection schemas,Primary-folder event fixture.,Typed failure result; no partial authoritative state is claimed; No unrelated authoritative state is modified,,VERIFIED,"Requirement CAN-LAM-EVENT-023 source locator lines 770-770 and Codebase evidence ['Codebase/server/src/controllers/library.controller.ts', 'Codebase/server/src/repositories/storage.repository.ts'] support placement in WP-I6-002.",requirements.csv:lines 770-770; reviewed-actionable-requirements-v3.csv:CAN-LAM-EVENT-023; code_evidence_references,PASS_B_INDEPENDENT_EVIDENCE_REVIEWER,2026-08-06-pass-b-v2,VERIFIED
WP-I6-002,CAN-LAM-EVENT-025,WP-I6-002,WP-I6-002,Events and organization,Event authoritative records,"All members define, persist, or project authoritative event records and keep them consistent with reviewed schemas.",Codebase/server/src/repositories/move.repository.ts;Codebase/server/src/services/storage-template.service.ts,Event authoritative record and projection contracts,Event record and event projection schemas,Parent-event fixture.,Typed failure result; no partial authoritative state is claimed; Explicit preservation clause in the statement is preserved,,VERIFIED,"Requirement CAN-LAM-EVENT-025 source locator lines 775-775 and Codebase evidence ['Codebase/server/src/repositories/move.repository.ts', 'Codebase/server/src/services/storage-template.service.ts'] support placement in WP-I6-002.",requirements.csv:lines 775-775; reviewed-actionable-requirements-v3.csv:CAN-LAM-EVENT-025; code_evidence_references,PASS_B_INDEPENDENT_EVIDENCE_REVIEWER,2026-08-06-pass-b-v2,VERIFIED
WP-I6-002,CAN-LAM-EVENT-026,WP-I6-002,WP-I6-002,Events and organization,Event authoritative records,"All members define, persist, or project authoritative event records and keep them consistent with reviewed schemas.",Codebase/server/src/repositories/move.repository.ts;Codebase/server/src/services/storage-template.service.ts,Event authoritative record and projection contracts,Event record and event projection schemas,Child-event fixture.,Typed failure result; no partial authoritative state is claimed; Explicit preservation clause in the statement is preserved,,VERIFIED,"Requirement CAN-LAM-EVENT-026 source locator lines 776-776 and Codebase evidence ['Codebase/server/src/repositories/move.repository.ts', 'Codebase/server/src/services/storage-template.service.ts'] support placement in WP-I6-002.",requirements.csv:lines 776-776; reviewed-actionable-requirements-v3.csv:CAN-LAM-EVENT-026; code_evidence_references,PASS_B_INDEPENDENT_EVIDENCE_REVIEWER,2026-08-06-pass-b-v2,VERIFIED
WP-I6-002,CAN-LAM-EVENT-028,WP-I6-002,WP-I6-002,Events and organization,Event authoritative records,"All members define, persist, or project authoritative event records and keep them consistent with reviewed schemas.",Codebase/mobile/lib/domain/services/remote_album.service.dart;Codebase/mobile/lib/providers/infrastructure/album.provider.dart;Codebase/packages/plugin-sdk/tsconfig.json;Codebase/server/src/repositories/media.repository.ts,Event authoritative record and projection contracts,Event record and event projection schemas,Optional-child fixture.,Typed failure result; no partial authoritative state is claimed; Explicit preservation clause in the statement is preserved,,VERIFIED,"Requirement CAN-LAM-EVENT-028 source locator lines 778-778 and Codebase evidence ['Codebase/mobile/lib/domain/services/remote_album.service.dart', 'Codebase/mobile/lib/providers/infrastructure/album.provider.dart'] support placement in WP-I6-002.",requirements.csv:lines 778-778; reviewed-actionable-requirements-v3.csv:CAN-LAM-EVENT-028; code_evidence_references,PASS_B_INDEPENDENT_EVIDENCE_REVIEWER,2026-08-06-pass-b-v2,VERIFIED
WP-I6-002,CAN-LAM-EVENT-029,WP-I6-002,WP-I6-002,Events and organization,Event authoritative records,"All members define, persist, or project authoritative event records and keep them consistent with reviewed schemas.",Codebase/server/src/repositories/move.repository.ts;Codebase/server/src/services/storage-template.service.ts,Event authoritative record and projection contracts,Event record and event projection schemas,Cover-image fixture.,Typed failure result; no partial authoritative state is claimed; No unrelated authoritative state is modified,,VERIFIED,"Requirement CAN-LAM-EVENT-029 source locator lines 779-779 and Codebase evidence ['Codebase/server/src/repositories/move.repository.ts', 'Codebase/server/src/services/storage-template.service.ts'] support placement in WP-I6-002.",requirements.csv:lines 779-779; reviewed-actionable-requirements-v3.csv:CAN-LAM-EVENT-029; code_evidence_references,PASS_B_INDEPENDENT_EVIDENCE_REVIEWER,2026-08-06-pass-b-v2,VERIFIED
WP-I6-002,CAN-LAM-EVENT-030,WP-I6-002,WP-I6-002,Events and organization,Event authoritative records,"All members define, persist, or project authoritative event records and keep them consistent with reviewed schemas.",Codebase/mobile/lib/presentation/pages/drift_create_album.page.dart;Codebase/mobile/lib/presentation/widgets/asset_viewer/asset_details/date_time_details.widget.dart;Codebase/web/src/lib/components/shared-components/settings/SettingInputField.svelte;Codebase/web/src/routes/admin/system-settings/SettingTextarea.svelte,Event authoritative record and projection contracts,Event record and event projection schemas,Description fixture.,Typed failure result; no partial authoritative state is claimed; No unrelated authoritative state is modified,,VERIFIED,"Requirement CAN-LAM-EVENT-030 source locator lines 780-780 and Codebase evidence ['Codebase/mobile/lib/presentation/pages/drift_create_album.page.dart', 'Codebase/mobile/lib/presentation/widgets/asset_viewer/asset_details/date_time_details.widget.dart'] support placement in WP-I6-002.",requirements.csv:lines 780-780; reviewed-actionable-requirements-v3.csv:CAN-LAM-EVENT-030; code_evidence_references,PASS_B_INDEPENDENT_EVIDENCE_REVIEWER,2026-08-06-pass-b-v2,VERIFIED
WP-I6-002,CAN-LAM-EVENT-031,WP-I6-002,WP-I6-002,Events and organization,Event authoritative records,"All members define, persist, or project authoritative event records and keep them consistent with reviewed schemas.",Codebase/web/src/lib/components/asset-viewer/DetailPanelTags.svelte;Codebase/web/src/lib/components/shared-components/search-bar/SearchTagsSection.svelte;Codebase/web/src/routes/(user)/tags/[[photos=photos]]/[[assetId=id]]/+page.svelte;Codebase/web/src/routes/(user)/tags/[[photos=photos]]/[[assetId=id]]/+page.ts,Event authoritative record and projection contracts,Event record and event projection schemas,Event-tag fixture.,Typed failure result; no partial authoritative state is claimed; No unrelated authoritative state is modified,,VERIFIED,"Requirement CAN-LAM-EVENT-031 source locator lines 781-781 and Codebase evidence ['Codebase/web/src/lib/components/asset-viewer/DetailPanelTags.svelte', 'Codebase/web/src/lib/components/shared-components/search-bar/SearchTagsSection.svelte'] support placement in WP-I6-002.",requirements.csv:lines 781-781; reviewed-actionable-requirements-v3.csv:CAN-LAM-EVENT-031; code_evidence_references,PASS_B_INDEPENDENT_EVIDENCE_REVIEWER,2026-08-06-pass-b-v2,VERIFIED
WP-I6-002,CAN-LAM-EVENT-032,WP-I6-002,WP-I6-002,Events and organization,Event authoritative records,"All members define, persist, or project authoritative event records and keep them consistent with reviewed schemas.",Codebase/server/src/repositories/move.repository.ts;Codebase/server/src/services/storage-template.service.ts,Event authoritative record and projection contracts,Event record and event projection schemas,Attendee fixture.,Typed failure result; no partial authoritative state is claimed; No unrelated authoritative state is modified,,VERIFIED,"Requirement CAN-LAM-EVENT-032 source locator lines 782-782 and Codebase evidence ['Codebase/server/src/repositories/move.repository.ts', 'Codebase/server/src/services/storage-template.service.ts'] support placement in WP-I6-002.",requirements.csv:lines 782-782; reviewed-actionable-requirements-v3.csv:CAN-LAM-EVENT-032; code_evidence_references,PASS_B_INDEPENDENT_EVIDENCE_REVIEWER,2026-08-06-pass-b-v2,VERIFIED
WP-I6-002,CAN-LAM-EVENT-033,WP-I6-002,WP-I6-002,Events and organization,Event authoritative records,"All members define, persist, or project authoritative event records and keep them consistent with reviewed schemas.",Codebase/mobile/lib/constants/constants.dart;Codebase/web/src/lib/components/faces-page/PeopleSearch.svelte;Codebase/web/src/routes/(user)/people/[personId]/[[photos=photos]]/[[assetId=id]]/MergeFaceSelector.svelte;Codebase/web/src/routes/(user)/people/[personId]/[[photos=photos]]/[[assetId=id]]/UnmergeFaceSelector.svelte,Event authoritative record and projection contracts,Event record and event projection schemas,Group-presence fixture.,Typed failure result; no partial authoritative state is claimed; No unrelated authoritative state is modified,,VERIFIED,"Requirement CAN-LAM-EVENT-033 source locator lines 783-783 and Codebase evidence ['Codebase/mobile/lib/constants/constants.dart', 'Codebase/web/src/lib/components/faces-page/PeopleSearch.svelte'] support placement in WP-I6-002.",requirements.csv:lines 783-783; reviewed-actionable-requirements-v3.csv:CAN-LAM-EVENT-033; code_evidence_references,PASS_B_INDEPENDENT_EVIDENCE_REVIEWER,2026-08-06-pass-b-v2,VERIFIED
WP-I6-002,CAN-LAM-EVENT-034,WP-I6-002,WP-I6-002,Events and organization,Event authoritative records,"All members define, persist, or project authoritative event records and keep them consistent with reviewed schemas.",Codebase/web/src/lib/components/faces-page/AssignFaceSidePanel.svelte;Codebase/web/src/lib/components/faces-page/PeopleSearch.svelte;Codebase/web/src/routes/(user)/people/[personId]/[[photos=photos]]/[[assetId=id]]/MergeFaceSelector.svelte;Codebase/web/src/routes/(user)/people/[personId]/[[photos=photos]]/[[assetId=id]]/UnmergeFaceSelector.svelte,Event authoritative record and projection contracts,Event record and event projection schemas,Event-composition fixture.,Typed failure result; no partial authoritative state is claimed; No unrelated authoritative state is modified,,VERIFIED,"Requirement CAN-LAM-EVENT-034 source locator lines 784-784 and Codebase evidence ['Codebase/web/src/lib/components/faces-page/AssignFaceSidePanel.svelte', 'Codebase/web/src/lib/components/faces-page/PeopleSearch.svelte'] support placement in WP-I6-002.",requirements.csv:lines 784-784; reviewed-actionable-requirements-v3.csv:CAN-LAM-EVENT-034; code_evidence_references,PASS_B_INDEPENDENT_EVIDENCE_REVIEWER,2026-08-06-pass-b-v2,VERIFIED
WP-I7-007,CAN-LAM-EVENT-041,WP-I7-007,WP-I7-007,People and faces,Group identity model,"The package is bounded to the group identity model architectural surface and its direct contracts, records, and tests.",Codebase/mobile/lib/domain/models/events.model.dart;Codebase/web/src/lib/components/AssetViewerEvents.svelte;Codebase/web/src/lib/components/OnEvents.svelte;Codebase/web/src/lib/utils/slideshow-history.ts,"Contracts affected by requirements CAN-FAIL-15, CAN-LAM-ARCH-120, CAN-LAM-ARCH-383, CAN-LAM-ARCH-384, CAN-LAM-EVENT-041, CAN-LAM-INV-PERSON-01, CAN-LAM-PERSON-010, CAN-LAM-PERSON-013...; registry references are resolved in the package packet.","Schemas affected by requirements CAN-FAIL-15, CAN-LAM-ARCH-120, CAN-LAM-ARCH-383, CAN-LAM-ARCH-384, CAN-LAM-EVENT-041, CAN-LAM-INV-PERSON-01, CAN-LAM-PERSON-010, CAN-LAM-PERSON-013...; schema paths are resolved in the package packet.",Gate 1 scope; Gate 2 compile/build; Gate 3 focused/regression; Gate 8 traceability,Typed failure result; no partial authoritative state is claimed; No unrelated authoritative state is modified,,VERIFIED,"Requirement CAN-LAM-EVENT-041 source locator lines 979-979 and Codebase evidence ['Codebase/mobile/lib/domain/models/events.model.dart', 'Codebase/web/src/lib/components/AssetViewerEvents.svelte'] support placement in WP-I7-007.",requirements.csv:lines 979-979; reviewed-actionable-requirements-v3.csv:CAN-LAM-EVENT-041; code_evidence_references,PASS_B_INDEPENDENT_EVIDENCE_REVIEWER,2026-08-06-pass-b-v2,VERIFIED
WP-I6-009,CAN-LAM-EVENT-045,WP-I6-009,WP-I6-009,Libraries and storage,Event filesystem materialization plan,"The package is bounded to the event filesystem materialization plan architectural surface and its direct contracts, records, and tests.",Codebase/mobile/lib/infrastructure/entities/exif.entity.dart;Codebase/server/src/decorators.ts;Codebase/server/src/repositories/storage.repository.ts;Codebase/server/src/services/library.service.ts,"Contracts affected by requirements CAN-FAIL-05, CAN-FAIL-11, CAN-LAM-ARCH-037, CAN-LAM-ASSET-070, CAN-LAM-EVENT-002, CAN-LAM-EVENT-045, CAN-LAM-EVENT-057, CAN-LAM-EVENT-058...; registry references are resolved in the package packet.","Schemas affected by requirements CAN-FAIL-05, CAN-FAIL-11, CAN-LAM-ARCH-037, CAN-LAM-ASSET-070, CAN-LAM-EVENT-002, CAN-LAM-EVENT-045, CAN-LAM-EVENT-057, CAN-LAM-EVENT-058...; schema paths are resolved in the package packet.",Primary-folder fixture with projection checks.,Explicit failure/preservation clause in the statement is preserved; Explicit preservation clause in the statement is preserved,,VERIFIED,"Requirement CAN-LAM-EVENT-045 source locator lines 1126-1126 and Codebase evidence ['Codebase/mobile/lib/infrastructure/entities/exif.entity.dart', 'Codebase/server/src/decorators.ts'] support placement in WP-I6-009.",requirements.csv:lines 1126-1126; reviewed-actionable-requirements-v3.csv:CAN-LAM-EVENT-045; code_evidence_references,PASS_B_INDEPENDENT_EVIDENCE_REVIEWER,2026-08-06-pass-b-v2,VERIFIED
WP-I5-007,CAN-LAM-EVENT-052,WP-I5-007,WP-I5-007,Memories,Memories experience,"Reviewed cross-capability package: Memories experience is a shared architectural surface used by Memories, People and faces, Tags. Membership is linked by the same contract/record/workflow boundary, not source order or capacity.",Codebase/mobile/openapi/lib/api/memories_api.dart;Codebase/mobile/openapi/lib/model/memories_response.dart;Codebase/mobile/openapi/lib/model/memories_update.dart;Codebase/server/src/services/memory.service.ts,"Contracts affected by requirements CAN-LAM-ARCH-029, CAN-LAM-ARCH-238, CAN-LAM-ARCH-239, CAN-LAM-ARCH-240, CAN-LAM-ARCH-241, CAN-LAM-ARCH-242, CAN-LAM-ARCH-243, CAN-LAM-EVENT-052...; registry references are resolved in the package packet.","Schemas affected by requirements CAN-LAM-ARCH-029, CAN-LAM-ARCH-238, CAN-LAM-ARCH-239, CAN-LAM-ARCH-240, CAN-LAM-ARCH-241, CAN-LAM-ARCH-242, CAN-LAM-ARCH-243, CAN-LAM-EVENT-052...; schema paths are resolved in the package packet.",Event-memory fixture.,Typed failure result; no partial authoritative state is claimed; No unrelated authoritative state is modified,,VERIFIED,"Requirement CAN-LAM-EVENT-052 source locator lines 1730-1730 and Codebase evidence ['Codebase/mobile/openapi/lib/api/memories_api.dart', 'Codebase/mobile/openapi/lib/model/memories_response.dart'] support placement in WP-I5-007.",requirements.csv:lines 1730-1730; reviewed-actionable-requirements-v3.csv:CAN-LAM-EVENT-052; code_evidence_references,PASS_B_INDEPENDENT_EVIDENCE_REVIEWER,2026-08-06-pass-b-v2,VERIFIED
WP-I6-008,CAN-LAM-EVENT-053,WP-I6-008,WP-I6-008,Map and location,Date and location boundaries,"Reviewed cross-capability package: Date and location boundaries is a shared architectural surface used by Events and organization, Libraries and storage, Map and location. Membership is linked by the same contract/record/workflow boundary, not source order or capacity.",Codebase/web/src/lib/managers/geolocation.manager.svelte.ts;Codebase/web/src/lib/modals/GeolocationPointPickerModal.svelte;Codebase/web/src/lib/modals/GeolocationUpdateConfirmModal.svelte;Codebase/web/src/routes/(user)/utilities/geolocation/+page.ts,"Contracts affected by requirements CAN-FAIL-17, CAN-LAM-ARCH-036, CAN-LAM-ARCH-054, CAN-LAM-ASSET-038, CAN-LAM-ASSET-047, CAN-LAM-EVENT-009, CAN-LAM-EVENT-020, CAN-LAM-EVENT-021...; registry references are resolved in the package packet.","Schemas affected by requirements CAN-FAIL-17, CAN-LAM-ARCH-036, CAN-LAM-ARCH-054, CAN-LAM-ASSET-038, CAN-LAM-ASSET-047, CAN-LAM-EVENT-009, CAN-LAM-EVENT-020, CAN-LAM-EVENT-021...; schema paths are resolved in the package packet.",Event-location fixture.,Typed failure result; no partial authoritative state is claimed; No unrelated authoritative state is modified,,VERIFIED,"Requirement CAN-LAM-EVENT-053 source locator lines 1747-1747 and Codebase evidence ['Codebase/web/src/lib/managers/geolocation.manager.svelte.ts', 'Codebase/web/src/lib/modals/GeolocationPointPickerModal.svelte'] support placement in WP-I6-008.",requirements.csv:lines 1747-1747; reviewed-actionable-requirements-v3.csv:CAN-LAM-EVENT-053; code_evidence_references,PASS_B_INDEPENDENT_EVIDENCE_REVIEWER,2026-08-06-pass-b-v2,VERIFIED
WP-I6-008,CAN-LAM-EVENT-054,WP-I6-008,WP-I6-008,Map and location,Date and location boundaries,"Reviewed cross-capability package: Date and location boundaries is a shared architectural surface used by Events and organization, Libraries and storage, Map and location. Membership is linked by the same contract/record/workflow boundary, not source order or capacity.",Codebase/docs/docs/guides/custom-locations.md;Codebase/mobile/lib/presentation/widgets/map/map_utils.dart;Codebase/mobile/lib/utils/map_utils.dart;Codebase/web/src/lib/components/shared-components/search-bar/SearchLocationSection.svelte,"Contracts affected by requirements CAN-FAIL-17, CAN-LAM-ARCH-036, CAN-LAM-ARCH-054, CAN-LAM-ASSET-038, CAN-LAM-ASSET-047, CAN-LAM-EVENT-009, CAN-LAM-EVENT-020, CAN-LAM-EVENT-021...; registry references are resolved in the package packet.","Schemas affected by requirements CAN-FAIL-17, CAN-LAM-ARCH-036, CAN-LAM-ARCH-054, CAN-LAM-ASSET-038, CAN-LAM-ASSET-047, CAN-LAM-EVENT-009, CAN-LAM-EVENT-020, CAN-LAM-EVENT-021...; schema paths are resolved in the package packet.",Multi-location event map fixture.,Typed failure result; no partial authoritative state is claimed; No unrelated authoritative state is modified,,VERIFIED,"Requirement CAN-LAM-EVENT-054 source locator lines 1749-1749 and Codebase evidence ['Codebase/docs/docs/guides/custom-locations.md', 'Codebase/mobile/lib/presentation/widgets/map/map_utils.dart'] support placement in WP-I6-008.",requirements.csv:lines 1749-1749; reviewed-actionable-requirements-v3.csv:CAN-LAM-EVENT-054; code_evidence_references,PASS_B_INDEPENDENT_EVIDENCE_REVIEWER,2026-08-06-pass-b-v2,VERIFIED
WP-I10-011,CAN-LAM-EVENT-055,WP-I10-011,WP-I10-011,Duplicates,Duplicate and similarity candidates,All members produce or compare duplicate/similarity evidence and keep every destructive outcome behind explicit review/plan approval.,Codebase/docs/docs/overview/comparison.md;Codebase/web/src/lib/utils/duplicate-utils.ts;Codebase/web/src/routes/(user)/utilities/duplicates/[[photos=photos]]/[[assetId=id]]/+page.svelte;Codebase/web/src/routes/(user)/utilities/duplicates/[[photos=photos]]/[[assetId=id]]/+page.ts,"Duplicate candidate, comparison, burst, preview, retained-file, and AI-data-control contracts","Duplicate candidate, comparison evidence, burst group, and similarity projection records",Event-comparison fixture.,Typed failure result; no partial authoritative state is claimed; No unrelated authoritative state is modified,,VERIFIED,"Requirement CAN-LAM-EVENT-055 source locator lines 1774-1774 and Codebase evidence ['Codebase/docs/docs/overview/comparison.md', 'Codebase/web/src/lib/utils/duplicate-utils.ts'] support placement in WP-I10-011.",requirements.csv:lines 1774-1774; reviewed-actionable-requirements-v3.csv:CAN-LAM-EVENT-055; code_evidence_references,PASS_B_INDEPENDENT_EVIDENCE_REVIEWER,2026-08-06-pass-b-v2,VERIFIED
WP-I5-013,CAN-LAM-EVENT-056,WP-I5-013,WP-I5-013,Events and organization,Read and navigation surfaces,Every member is a read or navigation behavior with an explicit no-mutation result.,Codebase/server/src/repositories/move.repository.ts;Codebase/server/src/services/storage-template.service.ts;Codebase/web/src/lib/managers/asset-viewer-manager.svelte.ts;Codebase/web/src/lib/stores/websocket.ts,Review navigation and display contracts,"Review item, asset, event, and person read projections",Open-event fixture with no-mutation assertion.,Explicit failure/preservation clause in the statement is preserved; No unrelated authoritative state is modified,,VERIFIED,"Requirement CAN-LAM-EVENT-056 source locator lines 1849-1849 and Codebase evidence ['Codebase/server/src/repositories/move.repository.ts', 'Codebase/server/src/services/storage-template.service.ts'] support placement in WP-I5-013.",requirements.csv:lines 1849-1849; reviewed-actionable-requirements-v3.csv:CAN-LAM-EVENT-056; code_evidence_references,PASS_B_INDEPENDENT_EVIDENCE_REVIEWER,2026-08-06-pass-b-v2,VERIFIED
WP-I6-009,CAN-LAM-EVENT-057,WP-I6-009,WP-I6-009,Events and organization,Event filesystem materialization plan,"The package is bounded to the event filesystem materialization plan architectural surface and its direct contracts, records, and tests.",Codebase/server/src/controllers/library.controller.ts;Codebase/server/src/repositories/storage.repository.ts;Codebase/server/src/services/library.service.ts;Codebase/server/src/services/storage.service.ts,"Contracts affected by requirements CAN-FAIL-05, CAN-FAIL-11, CAN-LAM-ARCH-037, CAN-LAM-ASSET-070, CAN-LAM-EVENT-002, CAN-LAM-EVENT-045, CAN-LAM-EVENT-057, CAN-LAM-EVENT-058...; registry references are resolved in the package packet.","Schemas affected by requirements CAN-FAIL-05, CAN-FAIL-11, CAN-LAM-ARCH-037, CAN-LAM-ASSET-070, CAN-LAM-EVENT-002, CAN-LAM-EVENT-045, CAN-LAM-EVENT-057, CAN-LAM-EVENT-058...; schema paths are resolved in the package packet.",Event-folder rename fixture.,Typed failure result; no partial authoritative state is claimed; Explicit preservation clause in the statement is preserved,,VERIFIED,"Requirement CAN-LAM-EVENT-057 source locator lines 1866-1866 and Codebase evidence ['Codebase/server/src/controllers/library.controller.ts', 'Codebase/server/src/repositories/storage.repository.ts'] support placement in WP-I6-009.",requirements.csv:lines 1866-1866; reviewed-actionable-requirements-v3.csv:CAN-LAM-EVENT-057; code_evidence_references,PASS_B_INDEPENDENT_EVIDENCE_REVIEWER,2026-08-06-pass-b-v2,VERIFIED
WP-I6-009,CAN-LAM-EVENT-058,WP-I6-009,WP-I6-009,Events and organization,Event filesystem materialization plan,"The package is bounded to the event filesystem materialization plan architectural surface and its direct contracts, records, and tests.",Codebase/mobile/lib/presentation/widgets/action_buttons/move_to_lock_folder_action_button.widget.dart;Codebase/mobile/lib/presentation/widgets/action_buttons/remove_from_lock_folder_action_button.widget.dart;Codebase/mobile/lib/providers/infrastructure/action.provider.dart;Codebase/mobile/lib/services/action.service.dart,"Contracts affected by requirements CAN-FAIL-05, CAN-FAIL-11, CAN-LAM-ARCH-037, CAN-LAM-ASSET-070, CAN-LAM-EVENT-002, CAN-LAM-EVENT-045, CAN-LAM-EVENT-057, CAN-LAM-EVENT-058...; registry references are resolved in the package packet.","Schemas affected by requirements CAN-FAIL-05, CAN-FAIL-11, CAN-LAM-ARCH-037, CAN-LAM-ASSET-070, CAN-LAM-EVENT-002, CAN-LAM-EVENT-045, CAN-LAM-EVENT-057, CAN-LAM-EVENT-058...; schema paths are resolved in the package packet.",Event-folder move fixture.,Typed failure result; no partial authoritative state is claimed; No unrelated authoritative state is modified,,VERIFIED,"Requirement CAN-LAM-EVENT-058 source locator lines 1867-1867 and Codebase evidence ['Codebase/mobile/lib/presentation/widgets/action_buttons/move_to_lock_folder_action_button.widget.dart', 'Codebase/mobile/lib/presentation/widgets/action_buttons/remove_from_lock_folder_action_button.widget.dart'] support placement in WP-I6-009.",requirements.csv:lines 1867-1867; reviewed-actionable-requirements-v3.csv:CAN-LAM-EVENT-058; code_evidence_references,PASS_B_INDEPENDENT_EVIDENCE_REVIEWER,2026-08-06-pass-b-v2,VERIFIED
WP-I6-002,CAN-LAM-EVENT-061,WP-I6-002,WP-I6-002,Metadata,Event authoritative records,"All members define, persist, or project authoritative event records and keep them consistent with reviewed schemas.",Codebase/server/src/controllers/asset.controller.ts;Codebase/server/src/repositories/metadata.repository.ts;Codebase/server/src/services/metadata.service.ts;Codebase/web/src/lib/components/asset-viewer/DetailPanelDate.svelte,Event authoritative record and projection contracts,Event record and event projection schemas,One-event privacy fixture.,Explicit failure/preservation clause in the statement is preserved; Explicit preservation clause in the statement is preserved,,VERIFIED,"Requirement CAN-LAM-EVENT-061 source locator lines 1964-1964 and Codebase evidence ['Codebase/server/src/controllers/asset.controller.ts', 'Codebase/server/src/repositories/metadata.repository.ts'] support placement in WP-I6-002.",requirements.csv:lines 1964-1964; reviewed-actionable-requirements-v3.csv:CAN-LAM-EVENT-061; code_evidence_references,PASS_B_INDEPENDENT_EVIDENCE_REVIEWER,2026-08-06-pass-b-v2,VERIFIED
WP-I6-002,CAN-LAM-EVENT-078,WP-I6-002,WP-I6-002,Events and organization,Event authoritative records,"All members define, persist, or project authoritative event records and keep them consistent with reviewed schemas.",Codebase/server/src/repositories/move.repository.ts;Codebase/server/src/services/storage-template.service.ts;Codebase/web/src/lib/types.ts,Event authoritative record and projection contracts,Event record and event projection schemas,Event-schema fixture.,Typed failure result; no partial authoritative state is claimed; No unrelated authoritative state is modified,,VERIFIED,"Requirement CAN-LAM-EVENT-078 source locator lines 1420-1420 and Codebase evidence ['Codebase/server/src/repositories/move.repository.ts', 'Codebase/server/src/services/storage-template.service.ts'] support placement in WP-I6-002.",requirements.csv:lines 1420-1420; reviewed-actionable-requirements-v3.csv:CAN-LAM-EVENT-078; code_evidence_references,PASS_B_INDEPENDENT_EVIDENCE_REVIEWER,2026-08-06-pass-b-v2,VERIFIED
WP-I6-002,CAN-LAM-EVENT-080,WP-I6-002,WP-I6-002,Events and organization,Event authoritative records,"All members define, persist, or project authoritative event records and keep them consistent with reviewed schemas.",Codebase/mobile/lib/presentation/widgets/map/map.widget.dart;Codebase/server/src/repositories/move.repository.ts;Codebase/server/src/repositories/storage.repository.ts;Codebase/web/src/lib/types.ts,Event authoritative record and projection contracts,Event record and event projection schemas,Event-JSON/XMP fixture.,Typed failure result; no partial authoritative state is claimed; No unrelated authoritative state is modified,,VERIFIED,"Requirement CAN-LAM-EVENT-080 source locator lines 1426-1426 and Codebase evidence ['Codebase/mobile/lib/presentation/widgets/map/map.widget.dart', 'Codebase/server/src/repositories/move.repository.ts'] support placement in WP-I6-002.",requirements.csv:lines 1426-1426; reviewed-actionable-requirements-v3.csv:CAN-LAM-EVENT-080; code_evidence_references,PASS_B_INDEPENDENT_EVIDENCE_REVIEWER,2026-08-06-pass-b-v2,VERIFIED
WP-I6-009,CAN-LAM-FOLDER-007,WP-I6-009,WP-I6-009,Events and organization,Event filesystem materialization plan,"The package is bounded to the event filesystem materialization plan architectural surface and its direct contracts, records, and tests.",Codebase/mobile/lib/routing/router.gr.dart;Codebase/server/src/controllers/library.controller.ts;Codebase/server/src/services/library.service.ts;Codebase/server/src/services/storage.service.ts,"Contracts affected by requirements CAN-FAIL-05, CAN-FAIL-11, CAN-LAM-ARCH-037, CAN-LAM-ASSET-070, CAN-LAM-EVENT-002, CAN-LAM-EVENT-045, CAN-LAM-EVENT-057, CAN-LAM-EVENT-058...; registry references are resolved in the package packet.","Schemas affected by requirements CAN-FAIL-05, CAN-FAIL-11, CAN-LAM-ARCH-037, CAN-LAM-ASSET-070, CAN-LAM-EVENT-002, CAN-LAM-EVENT-045, CAN-LAM-EVENT-057, CAN-LAM-EVENT-058...; schema paths are resolved in the package packet.",Materialization-preview fixture.,Typed failure result; no partial authoritative state is claimed; No unrelated authoritative state is modified,,VERIFIED,"Requirement CAN-LAM-FOLDER-007 source locator lines 407-407 and Codebase evidence ['Codebase/mobile/lib/routing/router.gr.dart', 'Codebase/server/src/controllers/library.controller.ts'] support placement in WP-I6-009.",requirements.csv:lines 407-407; reviewed-actionable-requirements-v3.csv:CAN-LAM-FOLDER-007; code_evidence_references,PASS_B_INDEPENDENT_EVIDENCE_REVIEWER,2026-08-06-pass-b-v2,VERIFIED
WP-I4-001,CAN-LAM-FOLDER-015,WP-I4-001,WP-I4-001,Media ingestion and derivation,Initial recursive scanner,"Reviewed cross-capability package: Initial recursive scanner is a shared architectural surface used by Libraries and storage, Media ingestion and derivation, Sidecars and metadata authority. Membership is linked by the same contract/record/workflow boundary, not source order or capacity.",Codebase/server/src/controllers/library.controller.ts;Codebase/server/src/repositories/library.repository.ts;Codebase/server/src/services/library.service.ts;Codebase/web/src/routes/admin/library-management/[id]/+page.ts,"Contracts affected by requirements CAN-LAM-ARCH-083, CAN-LAM-ARCH-089, CAN-LAM-ARCH-090, CAN-LAM-ARCH-091, CAN-LAM-ARCH-092, CAN-LAM-ARCH-093, CAN-LAM-ARCH-150, CAN-LAM-ARCH-374...; registry references are resolved in the package packet.","Schemas affected by requirements CAN-LAM-ARCH-083, CAN-LAM-ARCH-089, CAN-LAM-ARCH-090, CAN-LAM-ARCH-091, CAN-LAM-ARCH-092, CAN-LAM-ARCH-093, CAN-LAM-ARCH-150, CAN-LAM-ARCH-374...; schema paths are resolved in the package packet.",Root-selection fixture.,Typed failure result; no partial authoritative state is claimed; No unrelated authoritative state is modified,,VERIFIED,"Requirement CAN-LAM-FOLDER-015 source locator lines 706-706 and Codebase evidence ['Codebase/server/src/controllers/library.controller.ts', 'Codebase/server/src/repositories/library.repository.ts'] support placement in WP-I4-001.",requirements.csv:lines 706-706; reviewed-actionable-requirements-v3.csv:CAN-LAM-FOLDER-015; code_evidence_references,PASS_B_INDEPENDENT_EVIDENCE_REVIEWER,2026-08-06-pass-b-v2,VERIFIED
WP-I4-001,CAN-LAM-FOLDER-016,WP-I4-001,WP-I4-001,Media ingestion and derivation,Initial recursive scanner,"Reviewed cross-capability package: Initial recursive scanner is a shared architectural surface used by Libraries and storage, Media ingestion and derivation, Sidecars and metadata authority. Membership is linked by the same contract/record/workflow boundary, not source order or capacity.",Codebase/machine-learning/immich_ml/models/facial_recognition/detection.py;Codebase/machine-learning/immich_ml/models/facial_recognition/recognition.py;Codebase/machine-learning/immich_ml/models/ocr/recognition.py;Codebase/mobile/openapi/lib/model/facial_recognition_config.dart,"Contracts affected by requirements CAN-LAM-ARCH-083, CAN-LAM-ARCH-089, CAN-LAM-ARCH-090, CAN-LAM-ARCH-091, CAN-LAM-ARCH-092, CAN-LAM-ARCH-093, CAN-LAM-ARCH-150, CAN-LAM-ARCH-374...; registry references are resolved in the package packet.","Schemas affected by requirements CAN-LAM-ARCH-083, CAN-LAM-ARCH-089, CAN-LAM-ARCH-090, CAN-LAM-ARCH-091, CAN-LAM-ARCH-092, CAN-LAM-ARCH-093, CAN-LAM-ARCH-150, CAN-LAM-ARCH-374...; schema paths are resolved in the package packet.",Existing-folder fixture.,Explicit failure/preservation clause in the statement is preserved; Explicit preservation clause in the statement is preserved,,VERIFIED,"Requirement CAN-LAM-FOLDER-016 source locator lines 717-717 and Codebase evidence ['Codebase/machine-learning/immich_ml/models/facial_recognition/detection.py', 'Codebase/machine-learning/immich_ml/models/facial_recognition/recognition.py'] support placement in WP-I4-001.",requirements.csv:lines 717-717; reviewed-actionable-requirements-v3.csv:CAN-LAM-FOLDER-016; code_evidence_references,PASS_B_INDEPENDENT_EVIDENCE_REVIEWER,2026-08-06-pass-b-v2,VERIFIED
WP-I4-001,CAN-LAM-FOLDER-017,WP-I4-001,WP-I4-001,Media ingestion and derivation,Initial recursive scanner,"Reviewed cross-capability package: Initial recursive scanner is a shared architectural surface used by Libraries and storage, Media ingestion and derivation, Sidecars and metadata authority. Membership is linked by the same contract/record/workflow boundary, not source order or capacity.",Codebase/server/src/controllers/library.controller.ts;Codebase/server/src/repositories/library.repository.ts;Codebase/server/src/services/library.service.ts;Codebase/server/src/services/storage.service.ts,"Contracts affected by requirements CAN-LAM-ARCH-083, CAN-LAM-ARCH-089, CAN-LAM-ARCH-090, CAN-LAM-ARCH-091, CAN-LAM-ARCH-092, CAN-LAM-ARCH-093, CAN-LAM-ARCH-150, CAN-LAM-ARCH-374...; registry references are resolved in the package packet.","Schemas affected by requirements CAN-LAM-ARCH-083, CAN-LAM-ARCH-089, CAN-LAM-ARCH-090, CAN-LAM-ARCH-091, CAN-LAM-ARCH-092, CAN-LAM-ARCH-093, CAN-LAM-ARCH-150, CAN-LAM-ARCH-374...; schema paths are resolved in the package packet.",External-drive root fixture.,Typed failure result; no partial authoritative state is claimed; No unrelated authoritative state is modified,,VERIFIED,"Requirement CAN-LAM-FOLDER-017 source locator lines 719-719 and Codebase evidence ['Codebase/server/src/controllers/library.controller.ts', 'Codebase/server/src/repositories/library.repository.ts'] support placement in WP-I4-001.",requirements.csv:lines 719-719; reviewed-actionable-requirements-v3.csv:CAN-LAM-FOLDER-017; code_evidence_references,PASS_B_INDEPENDENT_EVIDENCE_REVIEWER,2026-08-06-pass-b-v2,VERIFIED
WP-I6-009,CAN-LAM-FOLDER-018,WP-I6-009,WP-I6-009,Events and organization,Event filesystem materialization plan,"The package is bounded to the event filesystem materialization plan architectural surface and its direct contracts, records, and tests.",Codebase/server/src/controllers/library.controller.ts;Codebase/server/src/repositories/library.repository.ts;Codebase/server/src/services/library.service.ts;Codebase/server/src/services/storage.service.ts,"Contracts affected by requirements CAN-FAIL-05, CAN-FAIL-11, CAN-LAM-ARCH-037, CAN-LAM-ASSET-070, CAN-LAM-EVENT-002, CAN-LAM-EVENT-045, CAN-LAM-EVENT-057, CAN-LAM-EVENT-058...; registry references are resolved in the package packet.","Schemas affected by requirements CAN-FAIL-05, CAN-FAIL-11, CAN-LAM-ARCH-037, CAN-LAM-ASSET-070, CAN-LAM-EVENT-002, CAN-LAM-EVENT-045, CAN-LAM-EVENT-057, CAN-LAM-EVENT-058...; schema paths are resolved in the package packet.",Merged-folder fixture.,Typed failure result; no partial authoritative state is claimed; No unrelated authoritative state is modified,,VERIFIED,"Requirement CAN-LAM-FOLDER-018 source locator lines 772-772 and Codebase evidence ['Codebase/server/src/controllers/library.controller.ts', 'Codebase/server/src/repositories/library.repository.ts'] support placement in WP-I6-009.",requirements.csv:lines 772-772; reviewed-actionable-requirements-v3.csv:CAN-LAM-FOLDER-018; code_evidence_references,PASS_B_INDEPENDENT_EVIDENCE_REVIEWER,2026-08-06-pass-b-v2,VERIFIED
WP-I6-009,CAN-LAM-FOLDER-025,WP-I6-009,WP-I6-009,Events and organization,Event filesystem materialization plan,"The package is bounded to the event filesystem materialization plan architectural surface and its direct contracts, records, and tests.",Codebase/server/src/controllers/library.controller.ts;Codebase/server/src/repositories/storage.repository.ts;Codebase/server/src/services/library.service.ts;Codebase/server/src/services/storage.service.ts,"Contracts affected by requirements CAN-FAIL-05, CAN-FAIL-11, CAN-LAM-ARCH-037, CAN-LAM-ASSET-070, CAN-LAM-EVENT-002, CAN-LAM-EVENT-045, CAN-LAM-EVENT-057, CAN-LAM-EVENT-058...; registry references are resolved in the package packet.","Schemas affected by requirements CAN-FAIL-05, CAN-FAIL-11, CAN-LAM-ARCH-037, CAN-LAM-ASSET-070, CAN-LAM-EVENT-002, CAN-LAM-EVENT-045, CAN-LAM-EVENT-057, CAN-LAM-EVENT-058...; schema paths are resolved in the package packet.",Folder-rename fixture with provenance checks.,Typed failure result; no partial authoritative state is claimed; Explicit preservation clause in the statement is preserved,,VERIFIED,"Requirement CAN-LAM-FOLDER-025 source locator lines 1105-1105 and Codebase evidence ['Codebase/server/src/controllers/library.controller.ts', 'Codebase/server/src/repositories/storage.repository.ts'] support placement in WP-I6-009.",requirements.csv:lines 1105-1105; reviewed-actionable-requirements-v3.csv:CAN-LAM-FOLDER-025; code_evidence_references,PASS_B_INDEPENDENT_EVIDENCE_REVIEWER,2026-08-06-pass-b-v2,VERIFIED
WP-I5-007,CAN-LAM-FOLDER-034,WP-I5-007,WP-I5-007,Tags,Memories experience,"Reviewed cross-capability package: Memories experience is a shared architectural surface used by Memories, People and faces, Tags. Membership is linked by the same contract/record/workflow boundary, not source order or capacity.",Codebase/web/src/lib/components/asset-viewer/DetailPanelTags.svelte;Codebase/web/src/lib/components/shared-components/search-bar/SearchTagsSection.svelte;Codebase/web/src/routes/(user)/tags/[[photos=photos]]/[[assetId=id]]/+page.svelte;Codebase/web/src/routes/(user)/tags/[[photos=photos]]/[[assetId=id]]/+page.ts,"Contracts affected by requirements CAN-LAM-ARCH-029, CAN-LAM-ARCH-238, CAN-LAM-ARCH-239, CAN-LAM-ARCH-240, CAN-LAM-ARCH-241, CAN-LAM-ARCH-242, CAN-LAM-ARCH-243, CAN-LAM-EVENT-052...; registry references are resolved in the package packet.","Schemas affected by requirements CAN-LAM-ARCH-029, CAN-LAM-ARCH-238, CAN-LAM-ARCH-239, CAN-LAM-ARCH-240, CAN-LAM-ARCH-241, CAN-LAM-ARCH-242, CAN-LAM-ARCH-243, CAN-LAM-EVENT-052...; schema paths are resolved in the package packet.",Exclusion fixture.,Typed failure result; no partial authoritative state is claimed; No unrelated authoritative state is modified,,VERIFIED,"Requirement CAN-LAM-FOLDER-034 source locator lines 1734-1734 and Codebase evidence ['Codebase/web/src/lib/components/asset-viewer/DetailPanelTags.svelte', 'Codebase/web/src/lib/components/shared-components/search-bar/SearchTagsSection.svelte'] support placement in WP-I5-007.",requirements.csv:lines 1734-1734; reviewed-actionable-requirements-v3.csv:CAN-LAM-FOLDER-034; code_evidence_references,PASS_B_INDEPENDENT_EVIDENCE_REVIEWER,2026-08-06-pass-b-v2,VERIFIED
WP-I3-011,CAN-LAM-FOLDER-036,WP-I3-011,WP-I3-011,Filesystem transactions and recovery,File-operation plan contract,"The package is bounded to the file-operation plan contract architectural surface and its direct contracts, records, and tests.",Codebase/server/src/controllers/library.controller.ts;Codebase/server/src/repositories/library.repository.ts;Codebase/server/src/services/library.service.ts;Codebase/server/src/services/storage.service.ts,"Contracts affected by requirements CAN-LAM-ARCH-057, CAN-LAM-ARCH-058, CAN-LAM-ARCH-279, CAN-LAM-ARCH-280, CAN-LAM-ARCH-281, CAN-LAM-ASSET-124, CAN-LAM-ASSET-186, CAN-LAM-FOLDER-036...; registry references are resolved in the package packet.","Schemas affected by requirements CAN-LAM-ARCH-057, CAN-LAM-ARCH-058, CAN-LAM-ARCH-279, CAN-LAM-ARCH-280, CAN-LAM-ARCH-281, CAN-LAM-ASSET-124, CAN-LAM-ASSET-186, CAN-LAM-FOLDER-036...; schema paths are resolved in the package packet.",Folder-merge fixture.,Typed failure result; no partial authoritative state is claimed; No unrelated authoritative state is modified,,VERIFIED,"Requirement CAN-LAM-FOLDER-036 source locator lines 1868-1868 and Codebase evidence ['Codebase/server/src/controllers/library.controller.ts', 'Codebase/server/src/repositories/library.repository.ts'] support placement in WP-I3-011.",requirements.csv:lines 1868-1868; reviewed-actionable-requirements-v3.csv:CAN-LAM-FOLDER-036; code_evidence_references,PASS_B_INDEPENDENT_EVIDENCE_REVIEWER,2026-08-06-pass-b-v2,VERIFIED
WP-I3-011,CAN-LAM-FOLDER-037,WP-I3-011,WP-I3-011,Filesystem transactions and recovery,File-operation plan contract,"The package is bounded to the file-operation plan contract architectural surface and its direct contracts, records, and tests.",Codebase/mobile/lib/domain/models/user_metadata.model.dart;Codebase/packages/sdk/src/fetch-client.ts;Codebase/server/src/dtos/user-preferences.dto.ts;Codebase/server/src/enum.ts,"Contracts affected by requirements CAN-LAM-ARCH-057, CAN-LAM-ARCH-058, CAN-LAM-ARCH-279, CAN-LAM-ARCH-280, CAN-LAM-ARCH-281, CAN-LAM-ASSET-124, CAN-LAM-ASSET-186, CAN-LAM-FOLDER-036...; registry references are resolved in the package packet.","Schemas affected by requirements CAN-LAM-ARCH-057, CAN-LAM-ARCH-058, CAN-LAM-ARCH-279, CAN-LAM-ARCH-280, CAN-LAM-ARCH-281, CAN-LAM-ASSET-124, CAN-LAM-ASSET-186, CAN-LAM-FOLDER-036...; schema paths are resolved in the package packet.",Folder-link fixture with no-mutation assertion.,Explicit failure/preservation clause in the statement is preserved; Explicit preservation clause in the statement is preserved,,VERIFIED,"Requirement CAN-LAM-FOLDER-037 source locator lines 1870-1870 and Codebase evidence ['Codebase/mobile/lib/domain/models/user_metadata.model.dart', 'Codebase/packages/sdk/src/fetch-client.ts'] support placement in WP-I3-011.",requirements.csv:lines 1870-1870; reviewed-actionable-requirements-v3.csv:CAN-LAM-FOLDER-037; code_evidence_references,PASS_B_INDEPENDENT_EVIDENCE_REVIEWER,2026-08-06-pass-b-v2,VERIFIED
WP-I6-009,CAN-LAM-FOLDER-038,WP-I6-009,WP-I6-009,Events and organization,Event filesystem materialization plan,"The package is bounded to the event filesystem materialization plan architectural surface and its direct contracts, records, and tests.",Codebase/server/src/controllers/map.controller.ts;Codebase/server/src/repositories/map.repository.ts;Codebase/server/src/services/map.service.ts;Codebase/web/src/lib/components/shared-components/map/Map.svelte,"Contracts affected by requirements CAN-FAIL-05, CAN-FAIL-11, CAN-LAM-ARCH-037, CAN-LAM-ASSET-070, CAN-LAM-EVENT-002, CAN-LAM-EVENT-045, CAN-LAM-EVENT-057, CAN-LAM-EVENT-058...; registry references are resolved in the package packet.","Schemas affected by requirements CAN-FAIL-05, CAN-FAIL-11, CAN-LAM-ARCH-037, CAN-LAM-ASSET-070, CAN-LAM-EVENT-002, CAN-LAM-EVENT-045, CAN-LAM-EVENT-057, CAN-LAM-EVENT-058...; schema paths are resolved in the package packet.",Folder-map materialization fixture.,Typed failure result; no partial authoritative state is claimed; No unrelated authoritative state is modified,,VERIFIED,"Requirement CAN-LAM-FOLDER-038 source locator lines 1871-1871 and Codebase evidence ['Codebase/server/src/controllers/map.controller.ts', 'Codebase/server/src/repositories/map.repository.ts'] support placement in WP-I6-009.",requirements.csv:lines 1871-1871; reviewed-actionable-requirements-v3.csv:CAN-LAM-FOLDER-038; code_evidence_references,PASS_B_INDEPENDENT_EVIDENCE_REVIEWER,2026-08-06-pass-b-v2,VERIFIED
WP-I3-011,CAN-LAM-FOLDER-040,WP-I3-011,WP-I3-011,Filesystem transactions and recovery,File-operation plan contract,"The package is bounded to the file-operation plan contract architectural surface and its direct contracts, records, and tests.",Codebase/machine-learning/immich_ml/models/facial_recognition/detection.py;Codebase/machine-learning/immich_ml/models/ocr/detection.py;Codebase/mobile/openapi/lib/model/duplicate_detection_config.dart;Codebase/server/src/utils/misc.ts,"Contracts affected by requirements CAN-LAM-ARCH-057, CAN-LAM-ARCH-058, CAN-LAM-ARCH-279, CAN-LAM-ARCH-280, CAN-LAM-ARCH-281, CAN-LAM-ASSET-124, CAN-LAM-ASSET-186, CAN-LAM-FOLDER-036...; registry references are resolved in the package packet.","Schemas affected by requirements CAN-LAM-ARCH-057, CAN-LAM-ARCH-058, CAN-LAM-ARCH-279, CAN-LAM-ARCH-280, CAN-LAM-ARCH-281, CAN-LAM-ASSET-124, CAN-LAM-ASSET-186, CAN-LAM-FOLDER-036...; schema paths are resolved in the package packet.",Manual-change reconciliation fixture.,Explicit failure/preservation clause in the statement is preserved; Explicit preservation clause in the statement is preserved,,VERIFIED,"Requirement CAN-LAM-FOLDER-040 source locator lines 1879-1879 and Codebase evidence ['Codebase/machine-learning/immich_ml/models/facial_recognition/detection.py', 'Codebase/machine-learning/immich_ml/models/ocr/detection.py'] support placement in WP-I3-011.",requirements.csv:lines 1879-1879; reviewed-actionable-requirements-v3.csv:CAN-LAM-FOLDER-040; code_evidence_references,PASS_B_INDEPENDENT_EVIDENCE_REVIEWER,2026-08-06-pass-b-v2,VERIFIED
WP-I4-001,CAN-LAM-FOLDER-043,WP-I4-001,WP-I4-001,Libraries and storage,Initial recursive scanner,"Reviewed cross-capability package: Initial recursive scanner is a shared architectural surface used by Libraries and storage, Media ingestion and derivation, Sidecars and metadata authority. Membership is linked by the same contract/record/workflow boundary, not source order or capacity.",Codebase/server/src/controllers/library.controller.ts;Codebase/server/src/repositories/library.repository.ts;Codebase/server/src/services/library.service.ts;Codebase/web/src/routes/admin/library-management/[id]/+page.ts,"Contracts affected by requirements CAN-LAM-ARCH-083, CAN-LAM-ARCH-089, CAN-LAM-ARCH-090, CAN-LAM-ARCH-091, CAN-LAM-ARCH-092, CAN-LAM-ARCH-093, CAN-LAM-ARCH-150, CAN-LAM-ARCH-374...; registry references are resolved in the package packet.","Schemas affected by requirements CAN-LAM-ARCH-083, CAN-LAM-ARCH-089, CAN-LAM-ARCH-090, CAN-LAM-ARCH-091, CAN-LAM-ARCH-092, CAN-LAM-ARCH-093, CAN-LAM-ARCH-150, CAN-LAM-ARCH-374...; schema paths are resolved in the package packet.",Library-root fixture.,Typed failure result; no partial authoritative state is claimed; No unrelated authoritative state is modified,,VERIFIED,"Requirement CAN-LAM-FOLDER-043 source locator lines 2012-2012 and Codebase evidence ['Codebase/server/src/controllers/library.controller.ts', 'Codebase/server/src/repositories/library.repository.ts'] support placement in WP-I4-001.",requirements.csv:lines 2012-2012; reviewed-actionable-requirements-v3.csv:CAN-LAM-FOLDER-043; code_evidence_references,PASS_B_INDEPENDENT_EVIDENCE_REVIEWER,2026-08-06-pass-b-v2,VERIFIED
WP-I6-007,CAN-LAM-FOLDER-068,WP-I6-007,WP-I6-007,Events and organization,Event naming and normalization,"Reviewed cross-capability package: Event naming and normalization is a shared architectural surface used by Events and organization, Libraries and storage, Metadata. Membership is linked by the same contract/record/workflow boundary, not source order or capacity.",Codebase/server/src/repositories/move.repository.ts;Codebase/server/src/services/storage-template.service.ts,"Contracts affected by requirements CAN-LAM-ARCH-051, CAN-LAM-EDGE-16, CAN-LAM-EVENT-007, CAN-LAM-FOLDER-068, CAN-LAM-INV-EVENT-01; registry references are resolved in the package packet.","Schemas affected by requirements CAN-LAM-ARCH-051, CAN-LAM-EDGE-16, CAN-LAM-EVENT-007, CAN-LAM-FOLDER-068, CAN-LAM-INV-EVENT-01; schema paths are resolved in the package packet.",Folder-normalization fixture.,Typed failure result; no partial authoritative state is claimed; No unrelated authoritative state is modified,,VERIFIED,"Requirement CAN-LAM-FOLDER-068 source locator lines 1425-1425 and Codebase evidence ['Codebase/server/src/repositories/move.repository.ts', 'Codebase/server/src/services/storage-template.service.ts'] support placement in WP-I6-007.",requirements.csv:lines 1425-1425; reviewed-actionable-requirements-v3.csv:CAN-LAM-FOLDER-068; code_evidence_references,PASS_B_INDEPENDENT_EVIDENCE_REVIEWER,2026-08-06-pass-b-v2,VERIFIED
WP-I11-010,CAN-LAM-GOV-018,WP-I11-010,WP-I11-010,Duplicates,Metadata snapshots and restore,"Reviewed cross-capability package: Metadata snapshots and restore is a shared architectural surface used by Duplicates, Editing, Metadata. Membership is linked by the same contract/record/workflow boundary, not source order or capacity.",Codebase/e2e/src/specs/server/immich-admin/immich-admin.e2e-spec.ts;Codebase/machine-learning/conftest.py;Codebase/server/src/repositories/version-history.repository.ts;Codebase/server/test/small.factory.ts,"Contracts affected by requirements CAN-LAM-ARCH-398, CAN-LAM-GOV-018, CAN-LAM-META-019, CAN-LAM-META-075, CAN-SECTION-0120; registry references are resolved in the package packet.","Schemas affected by requirements CAN-LAM-ARCH-398, CAN-LAM-GOV-018, CAN-LAM-META-019, CAN-LAM-META-075, CAN-SECTION-0120; schema paths are resolved in the package packet.",Gate 1 scope; Gate 2 compile/build; Gate 3 focused/regression; Gate 8 traceability,Typed failure result; no partial authoritative state is claimed; Explicit preservation clause in the statement is preserved,,VERIFIED,"Requirement CAN-LAM-GOV-018 source locator lines 40-40 and Codebase evidence ['Codebase/e2e/src/specs/server/immich-admin/immich-admin.e2e-spec.ts', 'Codebase/machine-learning/conftest.py'] support placement in WP-I11-010.",requirements.csv:lines 40-40; reviewed-actionable-requirements-v3.csv:CAN-LAM-GOV-018; code_evidence_references,PASS_B_INDEPENDENT_EVIDENCE_REVIEWER,2026-08-06-pass-b-v2,VERIFIED
WP-I0-011,CAN-LAM-GOV-052,WP-I0-011,WP-I0-011,Planning and verification governance,Active-plan authority adoption,"Every member governs planning execution authority, evidence completion, or audit completeness rather than a product feature.",Codebase/server/src/dtos/user-preferences.dto.ts;Codebase/server/src/utils/preferences.ts;Codebase/web/src/lib/stores/preferences.store.ts;Codebase/web/src/test-data/factories/preferences-factory.ts,Planning tracker and completion-status contracts,Completion tracker and planning evidence records,"Given a valid ID reference, a missing ID, and a copied divergent statement, when tracker validation runs, then the valid reference resolves and both invalid rows fail with record-specific errors.",Typed failure result; no partial authoritative state is claimed; No unrelated authoritative state is modified,,VERIFIED,"Requirement CAN-LAM-GOV-052 source locator lines 115-115 and Codebase evidence ['Codebase/server/src/dtos/user-preferences.dto.ts', 'Codebase/server/src/utils/preferences.ts'] support placement in WP-I0-011.",requirements.csv:lines 115-115; reviewed-actionable-requirements-v3.csv:CAN-LAM-GOV-052; code_evidence_references,PASS_B_INDEPENDENT_EVIDENCE_REVIEWER,2026-08-06-pass-b-v2,VERIFIED
WP-I0-011,CAN-LAM-GOV-054,WP-I0-011,WP-I0-011,Planning and verification governance,Active-plan authority adoption,"Every member governs planning execution authority, evidence completion, or audit completeness rather than a product feature.",Codebase/mobile/lib/services/download.service.dart;Codebase/mobile/packages/ui/test/formatted_text_test.dart;Codebase/web/src/lib/managers/timeline-manager/timeline-day.svelte.ts;Codebase/web/src/lib/utils/cast/gcast-destination.svelte.ts,Planning tracker and completion-status contracts,Completion tracker and planning evidence records,"Given a discovered edge case, when validation runs before a canonical record exists, then mapping is rejected; after the canonical record exists, the mapping resolves to exactly one phase and primary package.",Typed failure result; no partial authoritative state is claimed; No unrelated authoritative state is modified,,VERIFIED,"Requirement CAN-LAM-GOV-054 source locator lines 115-115 and Codebase evidence ['Codebase/mobile/lib/services/download.service.dart', 'Codebase/mobile/packages/ui/test/formatted_text_test.dart'] support placement in WP-I0-011.",requirements.csv:lines 115-115; reviewed-actionable-requirements-v3.csv:CAN-LAM-GOV-054; code_evidence_references,PASS_B_INDEPENDENT_EVIDENCE_REVIEWER,2026-08-06-pass-b-v2,VERIFIED
WP-I3-001,CAN-LAM-GOV-071,WP-I3-001,WP-I3-001,Filesystem transactions and recovery,Authoritative record envelope,"Reviewed cross-capability package: Authoritative record envelope is a shared architectural surface used by Filesystem transactions and recovery, Local data authority, Metadata, Sidecars and metadata authority. Membership is linked by the same contract/record/workflow boundary, not source order or capacity.",Codebase/mobile/lib/infrastructure/entities/remote_album.entity.dart;Codebase/mobile/lib/infrastructure/entities/remote_album.entity.drift.dart;Codebase/mobile/lib/infrastructure/entities/trashed_local_asset.entity.dart;Codebase/mobile/lib/infrastructure/entities/trashed_local_asset.entity.drift.dart,"Contracts affected by requirements CAN-LAM-ARCH-021, CAN-LAM-ARCH-038, CAN-LAM-ARCH-144, CAN-LAM-ASSET-039, CAN-LAM-ASSET-098, CAN-LAM-ASSET-099, CAN-LAM-ASSET-108, CAN-LAM-ASSET-109...; registry references are resolved in the package packet.","Schemas affected by requirements CAN-LAM-ARCH-021, CAN-LAM-ARCH-038, CAN-LAM-ARCH-144, CAN-LAM-ASSET-039, CAN-LAM-ASSET-098, CAN-LAM-ASSET-099, CAN-LAM-ASSET-108, CAN-LAM-ASSET-109...; schema paths are resolved in the package packet.",Authority-order fixture must prefer the declared source.,Typed failure result; no partial authoritative state is claimed; No unrelated authoritative state is modified,,VERIFIED,"Requirement CAN-LAM-GOV-071 source locator lines 194-194 and Codebase evidence ['Codebase/mobile/lib/infrastructure/entities/remote_album.entity.dart', 'Codebase/mobile/lib/infrastructure/entities/remote_album.entity.drift.dart'] support placement in WP-I3-001.",requirements.csv:lines 194-194; reviewed-actionable-requirements-v3.csv:CAN-LAM-GOV-071; code_evidence_references,PASS_B_INDEPENDENT_EVIDENCE_REVIEWER,2026-08-06-pass-b-v2,VERIFIED
WP-I3-001,CAN-LAM-GOV-075,WP-I3-001,WP-I3-001,Local data authority,Authoritative record envelope,"Reviewed cross-capability package: Authoritative record envelope is a shared architectural surface used by Filesystem transactions and recovery, Local data authority, Metadata, Sidecars and metadata authority. Membership is linked by the same contract/record/workflow boundary, not source order or capacity.",Codebase/docs/docs/guides/custom-locations.md;Codebase/mobile/lib/domain/services/map.service.dart;Codebase/mobile/lib/extensions/maplibrecontroller_extensions.dart;Codebase/web/src/lib/components/shared-components/search-bar/SearchLocationSection.svelte,"Contracts affected by requirements CAN-LAM-ARCH-021, CAN-LAM-ARCH-038, CAN-LAM-ARCH-144, CAN-LAM-ASSET-039, CAN-LAM-ASSET-098, CAN-LAM-ASSET-099, CAN-LAM-ASSET-108, CAN-LAM-ASSET-109...; registry references are resolved in the package packet.","Schemas affected by requirements CAN-LAM-ARCH-021, CAN-LAM-ARCH-038, CAN-LAM-ARCH-144, CAN-LAM-ASSET-039, CAN-LAM-ASSET-098, CAN-LAM-ASSET-099, CAN-LAM-ASSET-108, CAN-LAM-ASSET-109...; schema paths are resolved in the package packet.","Given an unresolved conflict, when package readiness is evaluated, then the affected package and its dependents are blocked, independent packages remain eligible, and both source locations are visible in the decision record.",Typed failure result; no partial authoritative state is claimed; Explicit preservation clause in the statement is preserved,,VERIFIED,"Requirement CAN-LAM-GOV-075 source locator lines 213-213 and Codebase evidence ['Codebase/docs/docs/guides/custom-locations.md', 'Codebase/mobile/lib/domain/services/map.service.dart'] support placement in WP-I3-001.",requirements.csv:lines 213-213; reviewed-actionable-requirements-v3.csv:CAN-LAM-GOV-075; code_evidence_references,PASS_B_INDEPENDENT_EVIDENCE_REVIEWER,2026-08-06-pass-b-v2,VERIFIED
WP-I3-001,CAN-LAM-GOV-076,WP-I3-001,WP-I3-001,Planning and verification governance,Authoritative record envelope,"Reviewed cross-capability package: Authoritative record envelope is a shared architectural surface used by Filesystem transactions and recovery, Local data authority, Metadata, Sidecars and metadata authority. Membership is linked by the same contract/record/workflow boundary, not source order or capacity.",Codebase/docs/docs/install/requirements.md;Codebase/mobile/lib/infrastructure/entities/trashed_local_asset.entity.dart;Codebase/mobile/lib/infrastructure/entities/trashed_local_asset.entity.drift.dart;Codebase/server/src/schema/tables/user-metadata.table.ts,"Contracts affected by requirements CAN-LAM-ARCH-021, CAN-LAM-ARCH-038, CAN-LAM-ARCH-144, CAN-LAM-ASSET-039, CAN-LAM-ASSET-098, CAN-LAM-ASSET-099, CAN-LAM-ASSET-108, CAN-LAM-ASSET-109...; registry references are resolved in the package packet.","Schemas affected by requirements CAN-LAM-ARCH-021, CAN-LAM-ARCH-038, CAN-LAM-ARCH-144, CAN-LAM-ASSET-039, CAN-LAM-ASSET-098, CAN-LAM-ASSET-099, CAN-LAM-ASSET-108, CAN-LAM-ASSET-109...; schema paths are resolved in the package packet.",Plan validation must reject requirements without source trace.,Explicit failure/preservation clause in the statement is preserved; No unrelated authoritative state is modified,,VERIFIED,"Requirement CAN-LAM-GOV-076 source locator lines 221-221 and Codebase evidence ['Codebase/docs/docs/install/requirements.md', 'Codebase/mobile/lib/infrastructure/entities/trashed_local_asset.entity.dart'] support placement in WP-I3-001.",requirements.csv:lines 221-221; reviewed-actionable-requirements-v3.csv:CAN-LAM-GOV-076; code_evidence_references,PASS_B_INDEPENDENT_EVIDENCE_REVIEWER,2026-08-06-pass-b-v2,VERIFIED
WP-I0-011,CAN-LAM-GOV-165,WP-I0-011,WP-I0-011,Planning and verification governance,Active-plan authority adoption,"Every member governs planning execution authority, evidence completion, or audit completeness rather than a product feature.",Codebase/docs/docs/install/requirements.md;Codebase/mobile/lib/widgets/common/feature_check.dart;Codebase/server/src/repositories/move.repository.ts;Codebase/server/src/services/storage-template.service.ts,Planning tracker and completion-status contracts,Completion tracker and planning evidence records,Gate 1 scope; Gate 2 compile/build; Gate 3 focused/regression; Gate 8 traceability; Gate 5 Tauri/UI,Typed failure result; no partial authoritative state is claimed; No unrelated authoritative state is modified,,VERIFIED,"Requirement CAN-LAM-GOV-165 source locator lines 646-646 and Codebase evidence ['Codebase/docs/docs/install/requirements.md', 'Codebase/mobile/lib/widgets/common/feature_check.dart'] support placement in WP-I0-011.",requirements.csv:lines 646-646; reviewed-actionable-requirements-v3.csv:CAN-LAM-GOV-165; code_evidence_references,PASS_B_INDEPENDENT_EVIDENCE_REVIEWER,2026-08-06-pass-b-v2,VERIFIED
WP-I4-001,CAN-LAM-GOV-174,WP-I4-001,WP-I4-001,Planning and verification governance,Initial recursive scanner,"Reviewed cross-capability package: Initial recursive scanner is a shared architectural surface used by Libraries and storage, Media ingestion and derivation, Sidecars and metadata authority. Membership is linked by the same contract/record/workflow boundary, not source order or capacity.",Codebase/server/src/controllers/library.controller.ts;Codebase/server/src/repositories/library.repository.ts;Codebase/server/src/services/library.service.ts;Codebase/server/src/services/storage.service.ts,"Contracts affected by requirements CAN-LAM-ARCH-083, CAN-LAM-ARCH-089, CAN-LAM-ARCH-090, CAN-LAM-ARCH-091, CAN-LAM-ARCH-092, CAN-LAM-ARCH-093, CAN-LAM-ARCH-150, CAN-LAM-ARCH-374...; registry references are resolved in the package packet.","Schemas affected by requirements CAN-LAM-ARCH-083, CAN-LAM-ARCH-089, CAN-LAM-ARCH-090, CAN-LAM-ARCH-091, CAN-LAM-ARCH-092, CAN-LAM-ARCH-093, CAN-LAM-ARCH-150, CAN-LAM-ARCH-374...; schema paths are resolved in the package packet.",Tracker validation must reject mapped requirements without current-path evidence.,Typed failure result; no partial authoritative state is claimed; No unrelated authoritative state is modified,,VERIFIED,"Requirement CAN-LAM-GOV-174 source locator lines 669-669 and Codebase evidence ['Codebase/server/src/controllers/library.controller.ts', 'Codebase/server/src/repositories/library.repository.ts'] support placement in WP-I4-001.",requirements.csv:lines 669-669; reviewed-actionable-requirements-v3.csv:CAN-LAM-GOV-174; code_evidence_references,PASS_B_INDEPENDENT_EVIDENCE_REVIEWER,2026-08-06-pass-b-v2,VERIFIED
WP-I0-011,CAN-LAM-GOV-179,WP-I0-011,WP-I0-011,Active-plan authority adoption,Active-plan authority adoption,"Every member governs planning execution authority, evidence completion, or audit completeness rather than a product feature.",,Planning tracker and completion-status contracts,Completion tracker and planning evidence records,"Given the active canonical registry, when traceability validation runs, then every actionable row links a focused verification and an existing owning package or an explicit reviewed exception.",Typed failure result; no partial authoritative state is claimed; No unrelated authoritative state is modified,,VERIFIED,Requirement CAN-LAM-GOV-179 source locator lines 674-674 and Codebase evidence [] support placement in WP-I0-011.,requirements.csv:lines 674-674; reviewed-actionable-requirements-v3.csv:CAN-LAM-GOV-179; code_evidence_references,PASS_B_INDEPENDENT_EVIDENCE_REVIEWER,2026-08-06-pass-b-v2,VERIFIED
WP-I0-011,CAN-LAM-GOV-180,WP-I0-011,WP-I0-011,Active-plan authority adoption,Active-plan authority adoption,"Every member governs planning execution authority, evidence completion, or audit completeness rather than a product feature.",,Planning tracker and completion-status contracts,Completion tracker and planning evidence records,"Given a requirement proposed as complete, when proof validation runs, then exact evidence exists for every applicable gate and any missing or generic proof blocks completion.",Typed failure result; no partial authoritative state is claimed; No unrelated authoritative state is modified,,VERIFIED,Requirement CAN-LAM-GOV-180 source locator lines 675-675 and Codebase evidence [] support placement in WP-I0-011.,requirements.csv:lines 675-675; reviewed-actionable-requirements-v3.csv:CAN-LAM-GOV-180; code_evidence_references,PASS_B_INDEPENDENT_EVIDENCE_REVIEWER,2026-08-06-pass-b-v2,VERIFIED
WP-I3-008,CAN-LAM-GOV-224,WP-I3-008,WP-I3-008,Sidecars and metadata authority,SQLite migration framework,"Reviewed cross-capability package: SQLite migration framework is a shared architectural surface used by Asset identity and records, Filesystem transactions and recovery, Local data authority, Metadata, Sidecars and metadata authority. Membership is linked by the same contract/record/workflow boundary, not source order or capacity.",Codebase/mobile/ios/Runner/Schemas/Tables.swift;Codebase/mobile/openapi/lib/model/server_version_history_response_dto.dart;Codebase/server/src/schema/migrations/1752169992364-AddIsPendingSyncReset.ts;Codebase/server/src/schema/tables/version-history.table.ts,"Contracts affected by requirements CAN-LAM-ASSET-018, CAN-LAM-ASSET-024, CAN-LAM-EDGE-04, CAN-LAM-EDGE-10, CAN-LAM-GOV-224, CAN-LAM-GOV-256, CAN-LAM-META-002, CAN-LAM-META-012...; registry references are resolved in the package packet.","Schemas affected by requirements CAN-LAM-ASSET-018, CAN-LAM-ASSET-024, CAN-LAM-EDGE-04, CAN-LAM-EDGE-10, CAN-LAM-GOV-224, CAN-LAM-GOV-256, CAN-LAM-META-002, CAN-LAM-META-012...; schema paths are resolved in the package packet.",Gate 1 scope; Gate 2 compile/build; Gate 3 focused/regression; Gate 8 traceability,Typed failure result; no partial authoritative state is claimed; No unrelated authoritative state is modified,,VERIFIED,"Requirement CAN-LAM-GOV-224 source locator lines 956-956 and Codebase evidence ['Codebase/mobile/ios/Runner/Schemas/Tables.swift', 'Codebase/mobile/openapi/lib/model/server_version_history_response_dto.dart'] support placement in WP-I3-008.",requirements.csv:lines 956-956; reviewed-actionable-requirements-v3.csv:CAN-LAM-GOV-224; code_evidence_references,PASS_B_INDEPENDENT_EVIDENCE_REVIEWER,2026-08-06-pass-b-v2,VERIFIED
WP-I5-010,CAN-LAM-GOV-240,WP-I5-010,WP-I5-010,Review Centre,Review-state mutations,"All members mutate or persist review-item state; read-only navigation, filtering, and reveal behaviors were moved to dedicated I5 packages.",Codebase/server/src/repositories/workflow.repository.ts;Codebase/server/src/services/workflow.service.ts;Codebase/server/tsconfig.json;Codebase/web/src/lib/components/asset-viewer/PhotoSphereViewerAdapter.svelte,Review decision and transition contracts,Review item and review decision records,Conflict fixture with value-preservation checks.,Typed failure result; no partial authoritative state is claimed; Explicit preservation clause in the statement is preserved,,VERIFIED,"Requirement CAN-LAM-GOV-240 source locator lines 1026-1026 and Codebase evidence ['Codebase/server/src/repositories/workflow.repository.ts', 'Codebase/server/src/services/workflow.service.ts'] support placement in WP-I5-010.",requirements.csv:lines 1026-1026; reviewed-actionable-requirements-v3.csv:CAN-LAM-GOV-240; code_evidence_references,PASS_B_INDEPENDENT_EVIDENCE_REVIEWER,2026-08-06-pass-b-v2,VERIFIED
WP-I5-010,CAN-LAM-GOV-241,WP-I5-010,WP-I5-010,Review Centre,Review-state mutations,"All members mutate or persist review-item state; read-only navigation, filtering, and reveal behaviors were moved to dedicated I5 packages.",Codebase/mobile/packages/ui/lib/src/previews/form.dart;Codebase/mobile/packages/ui/lib/src/previews/text_button.dart;Codebase/mobile/packages/ui/lib/src/previews/text_input.dart;Codebase/mobile/packages/ui/lib/src/previews/url_input.dart,Review decision and transition contracts,Review item and review decision records,Conflict-to-review fixture with contents checks.,Typed failure result; no partial authoritative state is claimed; No unrelated authoritative state is modified,,VERIFIED,"Requirement CAN-LAM-GOV-241 source locator lines 1027-1027 and Codebase evidence ['Codebase/mobile/packages/ui/lib/src/previews/form.dart', 'Codebase/mobile/packages/ui/lib/src/previews/text_button.dart'] support placement in WP-I5-010.",requirements.csv:lines 1027-1027; reviewed-actionable-requirements-v3.csv:CAN-LAM-GOV-241; code_evidence_references,PASS_B_INDEPENDENT_EVIDENCE_REVIEWER,2026-08-06-pass-b-v2,VERIFIED
WP-I5-013,CAN-LAM-GOV-242,WP-I5-013,WP-I5-013,Review Centre,Read and navigation surfaces,Every member is a read or navigation behavior with an explicit no-mutation result.,Codebase/server/src/repositories/workflow.repository.ts;Codebase/server/src/services/workflow.service.ts;Codebase/web/src/lib/components/asset-viewer/PhotoSphereViewerAdapter.svelte,Review navigation and display contracts,"Review item, asset, event, and person read projections",Source-display fixture with location checks.,Typed failure result; no partial authoritative state is claimed; No unrelated authoritative state is modified,,VERIFIED,"Requirement CAN-LAM-GOV-242 source locator lines 1028-1028 and Codebase evidence ['Codebase/server/src/repositories/workflow.repository.ts', 'Codebase/server/src/services/workflow.service.ts'] support placement in WP-I5-013.",requirements.csv:lines 1028-1028; reviewed-actionable-requirements-v3.csv:CAN-LAM-GOV-242; code_evidence_references,PASS_B_INDEPENDENT_EVIDENCE_REVIEWER,2026-08-06-pass-b-v2,VERIFIED
WP-I5-010,CAN-LAM-GOV-244,WP-I5-010,WP-I5-010,Review Centre,Review-state mutations,"All members mutate or persist review-item state; read-only navigation, filtering, and reveal behaviors were moved to dedicated I5 packages.",Codebase/server/src/repositories/workflow.repository.ts;Codebase/server/src/services/workflow.service.ts;Codebase/web/src/lib/components/asset-viewer/PhotoSphereViewerAdapter.svelte,Review decision and transition contracts,Review item and review decision records,Decision-recording fixture with provenance checks.,Typed failure result; no partial authoritative state is claimed; No unrelated authoritative state is modified,,VERIFIED,"Requirement CAN-LAM-GOV-244 source locator lines 1030-1030 and Codebase evidence ['Codebase/server/src/repositories/workflow.repository.ts', 'Codebase/server/src/services/workflow.service.ts'] support placement in WP-I5-010.",requirements.csv:lines 1030-1030; reviewed-actionable-requirements-v3.csv:CAN-LAM-GOV-244; code_evidence_references,PASS_B_INDEPENDENT_EVIDENCE_REVIEWER,2026-08-06-pass-b-v2,VERIFIED
WP-I3-001,CAN-LAM-GOV-252,WP-I3-001,WP-I3-001,Filesystem transactions and recovery,Authoritative record envelope,"Reviewed cross-capability package: Authoritative record envelope is a shared architectural surface used by Filesystem transactions and recovery, Local data authority, Metadata, Sidecars and metadata authority. Membership is linked by the same contract/record/workflow boundary, not source order or capacity.",Codebase/server/src/repositories/database.repository.ts;Codebase/server/src/schema/index.ts;Codebase/server/src/schema/tables/asset-metadata.table.ts;Codebase/server/src/schema/tables/user-metadata.table.ts,"Contracts affected by requirements CAN-LAM-ARCH-021, CAN-LAM-ARCH-038, CAN-LAM-ARCH-144, CAN-LAM-ASSET-039, CAN-LAM-ASSET-098, CAN-LAM-ASSET-099, CAN-LAM-ASSET-108, CAN-LAM-ASSET-109...; registry references are resolved in the package packet.","Schemas affected by requirements CAN-LAM-ARCH-021, CAN-LAM-ARCH-038, CAN-LAM-ARCH-144, CAN-LAM-ASSET-039, CAN-LAM-ASSET-098, CAN-LAM-ASSET-099, CAN-LAM-ASSET-108, CAN-LAM-ASSET-109...; schema paths are resolved in the package packet.",Schema validation must reject records missing required fields.,Typed failure result; no partial authoritative state is claimed; No unrelated authoritative state is modified,,VERIFIED,"Requirement CAN-LAM-GOV-252 source locator lines 1051-1051 and Codebase evidence ['Codebase/server/src/repositories/database.repository.ts', 'Codebase/server/src/schema/index.ts'] support placement in WP-I3-001.",requirements.csv:lines 1051-1051; reviewed-actionable-requirements-v3.csv:CAN-LAM-GOV-252; code_evidence_references,PASS_B_INDEPENDENT_EVIDENCE_REVIEWER,2026-08-06-pass-b-v2,VERIFIED
WP-I3-001,CAN-LAM-GOV-253,WP-I3-001,WP-I3-001,Filesystem transactions and recovery,Authoritative record envelope,"Reviewed cross-capability package: Authoritative record envelope is a shared architectural surface used by Filesystem transactions and recovery, Local data authority, Metadata, Sidecars and metadata authority. Membership is linked by the same contract/record/workflow boundary, not source order or capacity.",Codebase/mobile/lib/infrastructure/entities/trashed_local_asset.entity.dart;Codebase/mobile/lib/infrastructure/entities/trashed_local_asset.entity.drift.dart;Codebase/server/src/schema/migrations/1750189909087-AddAlbumUserCreateFields.ts;Codebase/server/src/schema/tables/user-metadata.table.ts,"Contracts affected by requirements CAN-LAM-ARCH-021, CAN-LAM-ARCH-038, CAN-LAM-ARCH-144, CAN-LAM-ASSET-039, CAN-LAM-ASSET-098, CAN-LAM-ASSET-099, CAN-LAM-ASSET-108, CAN-LAM-ASSET-109...; registry references are resolved in the package packet.","Schemas affected by requirements CAN-LAM-ARCH-021, CAN-LAM-ARCH-038, CAN-LAM-ARCH-144, CAN-LAM-ASSET-039, CAN-LAM-ASSET-098, CAN-LAM-ASSET-099, CAN-LAM-ASSET-108, CAN-LAM-ASSET-109...; schema paths are resolved in the package packet.",Schema-required-fields fixture with rejection checks.,Typed failure result; no partial authoritative state is claimed; No unrelated authoritative state is modified,,VERIFIED,"Requirement CAN-LAM-GOV-253 source locator lines 1054-1054 and Codebase evidence ['Codebase/mobile/lib/infrastructure/entities/trashed_local_asset.entity.dart', 'Codebase/mobile/lib/infrastructure/entities/trashed_local_asset.entity.drift.dart'] support placement in WP-I3-001.",requirements.csv:lines 1054-1054; reviewed-actionable-requirements-v3.csv:CAN-LAM-GOV-253; code_evidence_references,PASS_B_INDEPENDENT_EVIDENCE_REVIEWER,2026-08-06-pass-b-v2,VERIFIED
WP-I3-011,CAN-LAM-GOV-255,WP-I3-011,WP-I3-011,Filesystem transactions and recovery,File-operation plan contract,"The package is bounded to the file-operation plan contract architectural surface and its direct contracts, records, and tests.",Codebase/server/src/controllers/library.controller.ts;Codebase/server/src/repositories/library.repository.ts;Codebase/server/src/services/library.service.ts;Codebase/server/src/services/storage.service.ts,"Contracts affected by requirements CAN-LAM-ARCH-057, CAN-LAM-ARCH-058, CAN-LAM-ARCH-279, CAN-LAM-ARCH-280, CAN-LAM-ARCH-281, CAN-LAM-ASSET-124, CAN-LAM-ASSET-186, CAN-LAM-FOLDER-036...; registry references are resolved in the package packet.","Schemas affected by requirements CAN-LAM-ARCH-057, CAN-LAM-ARCH-058, CAN-LAM-ARCH-279, CAN-LAM-ARCH-280, CAN-LAM-ARCH-281, CAN-LAM-ASSET-124, CAN-LAM-ASSET-186, CAN-LAM-FOLDER-036...; schema paths are resolved in the package packet.",Gate 1 scope; Gate 2 compile/build; Gate 3 focused/regression; Gate 8 traceability,Typed failure result; no partial authoritative state is claimed; No unrelated authoritative state is modified,,VERIFIED,"Requirement CAN-LAM-GOV-255 source locator lines 1086-1086 and Codebase evidence ['Codebase/server/src/controllers/library.controller.ts', 'Codebase/server/src/repositories/library.repository.ts'] support placement in WP-I3-011.",requirements.csv:lines 1086-1086; reviewed-actionable-requirements-v3.csv:CAN-LAM-GOV-255; code_evidence_references,PASS_B_INDEPENDENT_EVIDENCE_REVIEWER,2026-08-06-pass-b-v2,VERIFIED
WP-I3-008,CAN-LAM-GOV-256,WP-I3-008,WP-I3-008,Filesystem transactions and recovery,SQLite migration framework,"Reviewed cross-capability package: SQLite migration framework is a shared architectural surface used by Asset identity and records, Filesystem transactions and recovery, Local data authority, Metadata, Sidecars and metadata authority. Membership is linked by the same contract/record/workflow boundary, not source order or capacity.",Codebase/packages/plugin-core/manifest.json;Codebase/server/src/dtos/plugin-manifest.dto.ts;Codebase/server/src/schema/index.ts;Codebase/web/static/manifest.json,"Contracts affected by requirements CAN-LAM-ASSET-018, CAN-LAM-ASSET-024, CAN-LAM-EDGE-04, CAN-LAM-EDGE-10, CAN-LAM-GOV-224, CAN-LAM-GOV-256, CAN-LAM-META-002, CAN-LAM-META-012...; registry references are resolved in the package packet.","Schemas affected by requirements CAN-LAM-ASSET-018, CAN-LAM-ASSET-024, CAN-LAM-EDGE-04, CAN-LAM-EDGE-10, CAN-LAM-GOV-224, CAN-LAM-GOV-256, CAN-LAM-META-002, CAN-LAM-META-012...; schema paths are resolved in the package packet.",Gate 1 scope; Gate 2 compile/build; Gate 3 focused/regression; Gate 8 traceability; Gate 7 data safety,Typed failure result; no partial authoritative state is claimed; No unrelated authoritative state is modified,,VERIFIED,"Requirement CAN-LAM-GOV-256 source locator lines 1086-1086 and Codebase evidence ['Codebase/packages/plugin-core/manifest.json', 'Codebase/server/src/dtos/plugin-manifest.dto.ts'] support placement in WP-I3-008.",requirements.csv:lines 1086-1086; reviewed-actionable-requirements-v3.csv:CAN-LAM-GOV-256; code_evidence_references,PASS_B_INDEPENDENT_EVIDENCE_REVIEWER,2026-08-06-pass-b-v2,VERIFIED
WP-I4-001,CAN-LAM-GOV-261,WP-I4-001,WP-I4-001,Media ingestion and derivation,Initial recursive scanner,"Reviewed cross-capability package: Initial recursive scanner is a shared architectural surface used by Libraries and storage, Media ingestion and derivation, Sidecars and metadata authority. Membership is linked by the same contract/record/workflow boundary, not source order or capacity.",Codebase/server/src/controllers/library.controller.ts;Codebase/server/src/repositories/library.repository.ts;Codebase/server/src/services/library.service.ts;Codebase/web/src/routes/admin/library-management/[id]/+page.ts,"Contracts affected by requirements CAN-LAM-ARCH-083, CAN-LAM-ARCH-089, CAN-LAM-ARCH-090, CAN-LAM-ARCH-091, CAN-LAM-ARCH-092, CAN-LAM-ARCH-093, CAN-LAM-ARCH-150, CAN-LAM-ARCH-374...; registry references are resolved in the package packet.","Schemas affected by requirements CAN-LAM-ARCH-083, CAN-LAM-ARCH-089, CAN-LAM-ARCH-090, CAN-LAM-ARCH-091, CAN-LAM-ARCH-092, CAN-LAM-ARCH-093, CAN-LAM-ARCH-150, CAN-LAM-ARCH-374...; schema paths are resolved in the package packet.",Gate 1 scope; Gate 2 compile/build; Gate 3 focused/regression; Gate 8 traceability,Explicit failure/preservation clause in the statement is preserved; No unrelated authoritative state is modified,,VERIFIED,"Requirement CAN-LAM-GOV-261 source locator lines 1179-1179 and Codebase evidence ['Codebase/server/src/controllers/library.controller.ts', 'Codebase/server/src/repositories/library.repository.ts'] support placement in WP-I4-001.",requirements.csv:lines 1179-1179; reviewed-actionable-requirements-v3.csv:CAN-LAM-GOV-261; code_evidence_references,PASS_B_INDEPENDENT_EVIDENCE_REVIEWER,2026-08-06-pass-b-v2,VERIFIED
WP-I5-010,CAN-LAM-GOV-262,WP-I5-010,WP-I5-010,Review Centre,Review-state mutations,"All members mutate or persist review-item state; read-only navigation, filtering, and reveal behaviors were moved to dedicated I5 packages.",Codebase/mobile/lib/services/search.service.dart;Codebase/mobile/openapi/lib/api/search_api.dart;Codebase/server/src/controllers/search.controller.ts;Codebase/server/src/services/search.service.ts,Review decision and transition contracts,Review item and review decision records,Suggestion-source fixture with approval checks.,Typed failure result; no partial authoritative state is claimed; No unrelated authoritative state is modified,,VERIFIED,"Requirement CAN-LAM-GOV-262 source locator lines 1183-1183 and Codebase evidence ['Codebase/mobile/lib/services/search.service.dart', 'Codebase/mobile/openapi/lib/api/search_api.dart'] support placement in WP-I5-010.",requirements.csv:lines 1183-1183; reviewed-actionable-requirements-v3.csv:CAN-LAM-GOV-262; code_evidence_references,PASS_B_INDEPENDENT_EVIDENCE_REVIEWER,2026-08-06-pass-b-v2,VERIFIED
WP-I0-011,CAN-LAM-GOV-264,WP-I0-011,WP-I0-011,Planning and verification governance,Active-plan authority adoption,"Every member governs planning execution authority, evidence completion, or audit completeness rather than a product feature.",Codebase/server/src/controllers/map.controller.ts;Codebase/server/src/repositories/map.repository.ts;Codebase/server/src/services/map.service.ts;Codebase/web/src/lib/components/shared-components/map/Map.svelte,Planning tracker and completion-status contracts,Completion tracker and planning evidence records,Pass-1 completeness check.,Explicit failure/preservation clause in the statement is preserved; Explicit preservation clause in the statement is preserved,,VERIFIED,"Requirement CAN-LAM-GOV-264 source locator lines 1202-1202 and Codebase evidence ['Codebase/server/src/controllers/map.controller.ts', 'Codebase/server/src/repositories/map.repository.ts'] support placement in WP-I0-011.",requirements.csv:lines 1202-1202; reviewed-actionable-requirements-v3.csv:CAN-LAM-GOV-264; code_evidence_references,PASS_B_INDEPENDENT_EVIDENCE_REVIEWER,2026-08-06-pass-b-v2,VERIFIED
WP-I0-011,CAN-LAM-GOV-265,WP-I0-011,WP-I0-011,Planning and verification governance,Active-plan authority adoption,"Every member governs planning execution authority, evidence completion, or audit completeness rather than a product feature.",Codebase/mobile/openapi/lib/api/database_backups_admin_api.dart;Codebase/packages/plugin-sdk/src/types.ts;Codebase/server/src/controllers/database-backup.controller.ts;Codebase/web/src/lib/services/workflow.service.ts,Planning tracker and completion-status contracts,Completion tracker and planning evidence records,Pass-2 completeness check.,Explicit failure/preservation clause in the statement is preserved; No unrelated authoritative state is modified,,VERIFIED,"Requirement CAN-LAM-GOV-265 source locator lines 1206-1206 and Codebase evidence ['Codebase/mobile/openapi/lib/api/database_backups_admin_api.dart', 'Codebase/packages/plugin-sdk/src/types.ts'] support placement in WP-I0-011.",requirements.csv:lines 1206-1206; reviewed-actionable-requirements-v3.csv:CAN-LAM-GOV-265; code_evidence_references,PASS_B_INDEPENDENT_EVIDENCE_REVIEWER,2026-08-06-pass-b-v2,VERIFIED
WP-I0-011,CAN-LAM-GOV-266,WP-I0-011,WP-I0-011,Planning and verification governance,Active-plan authority adoption,"Every member governs planning execution authority, evidence completion, or audit completeness rather than a product feature.",Codebase/mobile/lib/presentation/widgets/asset_viewer/asset_details/technical_details.widget.dart;Codebase/server/src/controllers/map.controller.ts;Codebase/server/src/services/map.service.ts;Codebase/web/src/lib/components/shared-components/map/Map.svelte,Planning tracker and completion-status contracts,Completion tracker and planning evidence records,Pass-3 completeness check.,Explicit failure/preservation clause in the statement is preserved; No unrelated authoritative state is modified,,VERIFIED,"Requirement CAN-LAM-GOV-266 source locator lines 1210-1210 and Codebase evidence ['Codebase/mobile/lib/presentation/widgets/asset_viewer/asset_details/technical_details.widget.dart', 'Codebase/server/src/controllers/map.controller.ts'] support placement in WP-I0-011.",requirements.csv:lines 1210-1210; reviewed-actionable-requirements-v3.csv:CAN-LAM-GOV-266; code_evidence_references,PASS_B_INDEPENDENT_EVIDENCE_REVIEWER,2026-08-06-pass-b-v2,VERIFIED
WP-I0-011,CAN-LAM-GOV-270,WP-I0-011,WP-I0-011,Planning and verification governance,Active-plan authority adoption,"Every member governs planning execution authority, evidence completion, or audit completeness rather than a product feature.",Codebase/mobile/lib/presentation/widgets/images/animated_image_stream_completer.dart;Codebase/mobile/lib/presentation/widgets/images/one_frame_multi_image_stream_completer.dart;Codebase/server/test/medium.factory.ts;Codebase/server/test/medium/specs/sync/sync-complete.spec.ts,Planning tracker and completion-status contracts,Completion tracker and planning evidence records,Double-check validator run.,Typed failure result; no partial authoritative state is claimed; No unrelated authoritative state is modified,,VERIFIED,"Requirement CAN-LAM-GOV-270 source locator lines 1236-1236 and Codebase evidence ['Codebase/mobile/lib/presentation/widgets/images/animated_image_stream_completer.dart', 'Codebase/mobile/lib/presentation/widgets/images/one_frame_multi_image_stream_completer.dart'] support placement in WP-I0-011.",requirements.csv:lines 1236-1236; reviewed-actionable-requirements-v3.csv:CAN-LAM-GOV-270; code_evidence_references,PASS_B_INDEPENDENT_EVIDENCE_REVIEWER,2026-08-06-pass-b-v2,VERIFIED
WP-I0-011,CAN-LAM-GOV-273,WP-I0-011,WP-I0-011,Active-plan authority adoption,Active-plan authority adoption,"Every member governs planning execution authority, evidence completion, or audit completeness rather than a product feature.",,Planning tracker and completion-status contracts,Completion tracker and planning evidence records,"Given the discovered production inventory, when bottom-up audit validation runs, then every kept capability has path/symbol evidence, a target owner, and a verification link.",Typed failure result; no partial authoritative state is claimed; No unrelated authoritative state is modified,,VERIFIED,Requirement CAN-LAM-GOV-273 source locator lines 1253-1253 and Codebase evidence [] support placement in WP-I0-011.,requirements.csv:lines 1253-1253; reviewed-actionable-requirements-v3.csv:CAN-LAM-GOV-273; code_evidence_references,PASS_B_INDEPENDENT_EVIDENCE_REVIEWER,2026-08-06-pass-b-v2,VERIFIED
WP-I3-001,CAN-LAM-INV-ASSET-03,WP-I3-001,WP-I3-001,Metadata,Authoritative record envelope,"Reviewed cross-capability package: Authoritative record envelope is a shared architectural surface used by Filesystem transactions and recovery, Local data authority, Metadata, Sidecars and metadata authority. Membership is linked by the same contract/record/workflow boundary, not source order or capacity.",Codebase/mobile/openapi/lib/api/assets_api.dart;Codebase/server/src/schema/migrations/1773956345315-DuplicateSharedLinkAssets.ts;Codebase/server/src/services/duplicate.service.ts;Codebase/web/src/lib/components/timeline/actions/DeleteAssetsAction.svelte,"Contracts affected by requirements CAN-LAM-ARCH-021, CAN-LAM-ARCH-038, CAN-LAM-ARCH-144, CAN-LAM-ASSET-039, CAN-LAM-ASSET-098, CAN-LAM-ASSET-099, CAN-LAM-ASSET-108, CAN-LAM-ASSET-109...; registry references are resolved in the package packet.","Schemas affected by requirements CAN-LAM-ARCH-021, CAN-LAM-ARCH-038, CAN-LAM-ARCH-144, CAN-LAM-ASSET-039, CAN-LAM-ASSET-098, CAN-LAM-ASSET-099, CAN-LAM-ASSET-108, CAN-LAM-ASSET-109...; schema paths are resolved in the package packet.",Gate 1 scope; Gate 2 compile/build; Gate 3 focused/regression; Gate 8 traceability; Gate 7 data safety,Typed failure result; no partial authoritative state is claimed; No unrelated authoritative state is modified,,VERIFIED,"Requirement CAN-LAM-INV-ASSET-03 source locator lines 95-95 and Codebase evidence ['Codebase/mobile/openapi/lib/api/assets_api.dart', 'Codebase/server/src/schema/migrations/1773956345315-DuplicateSharedLinkAssets.ts'] support placement in WP-I3-001.",requirements.csv:lines 95-95; reviewed-actionable-requirements-v3.csv:CAN-LAM-INV-ASSET-03; code_evidence_references,PASS_B_INDEPENDENT_EVIDENCE_REVIEWER,2026-08-06-pass-b-v2,VERIFIED
WP-I6-007,CAN-LAM-INV-EVENT-01,WP-I6-007,WP-I6-007,Libraries and storage,Event naming and normalization,"Reviewed cross-capability package: Event naming and normalization is a shared architectural surface used by Events and organization, Libraries and storage, Metadata. Membership is linked by the same contract/record/workflow boundary, not source order or capacity.",Codebase/mobile/lib/domain/models/events.model.dart;Codebase/mobile/openapi/lib/model/folders_update.dart;Codebase/web/src/lib/components/AssetViewerEvents.svelte;Codebase/web/src/lib/components/OnEvents.svelte,"Contracts affected by requirements CAN-LAM-ARCH-051, CAN-LAM-EDGE-16, CAN-LAM-EVENT-007, CAN-LAM-FOLDER-068, CAN-LAM-INV-EVENT-01; registry references are resolved in the package packet.","Schemas affected by requirements CAN-LAM-ARCH-051, CAN-LAM-EDGE-16, CAN-LAM-EVENT-007, CAN-LAM-FOLDER-068, CAN-LAM-INV-EVENT-01; schema paths are resolved in the package packet.","Given approved, unapproved, and unknown dates, when event materialization runs, then only approved values determine the directory and unapproved suggestions remain review candidates.",Typed failure result; no partial authoritative state is claimed; No unrelated authoritative state is modified,,VERIFIED,"Requirement CAN-LAM-INV-EVENT-01 source locator lines 100-100 and Codebase evidence ['Codebase/mobile/lib/domain/models/events.model.dart', 'Codebase/mobile/openapi/lib/model/folders_update.dart'] support placement in WP-I6-007.",requirements.csv:lines 100-100; reviewed-actionable-requirements-v3.csv:CAN-LAM-INV-EVENT-01; code_evidence_references,PASS_B_INDEPENDENT_EVIDENCE_REVIEWER,2026-08-06-pass-b-v2,VERIFIED
WP-I4-001,CAN-LAM-INV-FS-01,WP-I4-001,WP-I4-001,Media ingestion and derivation,Initial recursive scanner,"Reviewed cross-capability package: Initial recursive scanner is a shared architectural surface used by Libraries and storage, Media ingestion and derivation, Sidecars and metadata authority. Membership is linked by the same contract/record/workflow boundary, not source order or capacity.",Codebase/mobile/openapi/lib/model/create_library_dto.dart;Codebase/mobile/openapi/lib/model/validate_library_import_path_response_dto.dart;Codebase/server/src/dtos/library.dto.ts;Codebase/server/src/services/library.service.ts,"Contracts affected by requirements CAN-LAM-ARCH-083, CAN-LAM-ARCH-089, CAN-LAM-ARCH-090, CAN-LAM-ARCH-091, CAN-LAM-ARCH-092, CAN-LAM-ARCH-093, CAN-LAM-ARCH-150, CAN-LAM-ARCH-374...; registry references are resolved in the package packet.","Schemas affected by requirements CAN-LAM-ARCH-083, CAN-LAM-ARCH-089, CAN-LAM-ARCH-090, CAN-LAM-ARCH-091, CAN-LAM-ARCH-092, CAN-LAM-ARCH-093, CAN-LAM-ARCH-150, CAN-LAM-ARCH-374...; schema paths are resolved in the package packet.","Given authorized, operation-scoped, traversal, symlink-escape, and unrelated paths, when scan or write authorization runs, then only the first two pass and all others return typed authorization errors without I/O.",Typed failure result; no partial authoritative state is claimed; No unrelated authoritative state is modified,,VERIFIED,"Requirement CAN-LAM-INV-FS-01 source locator lines 114-114 and Codebase evidence ['Codebase/mobile/openapi/lib/model/create_library_dto.dart', 'Codebase/mobile/openapi/lib/model/validate_library_import_path_response_dto.dart'] support placement in WP-I4-001.",requirements.csv:lines 114-114; reviewed-actionable-requirements-v3.csv:CAN-LAM-INV-FS-01; code_evidence_references,PASS_B_INDEPENDENT_EVIDENCE_REVIEWER,2026-08-06-pass-b-v2,VERIFIED
WP-I4-008,CAN-LAM-INV-META-01,WP-I4-008,WP-I4-008,Libraries and storage,Metadata extraction,"Reviewed cross-capability package: Metadata extraction is a shared architectural surface used by Libraries and storage, Media ingestion and derivation, Metadata, Sidecars and metadata authority. Membership is linked by the same contract/record/workflow boundary, not source order or capacity.",Codebase/mobile/lib/infrastructure/entities/user_metadata.entity.dart;Codebase/mobile/lib/infrastructure/entities/user_metadata.entity.drift.dart;Codebase/mobile/lib/infrastructure/repositories/user_metadata.repository.dart;Codebase/mobile/lib/providers/infrastructure/user_metadata.provider.dart,"Contracts affected by requirements CAN-LAM-EDGE-03, CAN-LAM-INV-META-01, CAN-LAM-META-013, CAN-LAM-META-014, CAN-LAM-META-026, CAN-LAM-META-033, CAN-LAM-META-036, CAN-LAM-META-040...; registry references are resolved in the package packet.","Schemas affected by requirements CAN-LAM-EDGE-03, CAN-LAM-INV-META-01, CAN-LAM-META-013, CAN-LAM-META-014, CAN-LAM-META-026, CAN-LAM-META-033, CAN-LAM-META-036, CAN-LAM-META-040...; schema paths are resolved in the package packet.","Given a file moved outside Lamha while projections remain stale, when reconciliation runs, then the current filesystem path becomes authoritative and every projection is updated or a typed missing-file state is reported.",Typed failure result; no partial authoritative state is claimed; No unrelated authoritative state is modified,,VERIFIED,"Requirement CAN-LAM-INV-META-01 source locator lines 106-106 and Codebase evidence ['Codebase/mobile/lib/infrastructure/entities/user_metadata.entity.dart', 'Codebase/mobile/lib/infrastructure/entities/user_metadata.entity.drift.dart'] support placement in WP-I4-008.",requirements.csv:lines 106-106; reviewed-actionable-requirements-v3.csv:CAN-LAM-INV-META-01; code_evidence_references,PASS_B_INDEPENDENT_EVIDENCE_REVIEWER,2026-08-06-pass-b-v2,VERIFIED
WP-I3-009,CAN-LAM-INV-META-03,WP-I3-009,WP-I3-009,Local data authority,Derived-index rebuild contract,"Reviewed cross-capability package: Derived-index rebuild contract is a shared architectural surface used by Filesystem transactions and recovery, Local data authority, Sidecars and metadata authority. Membership is linked by the same contract/record/workflow boundary, not source order or capacity.",Codebase/mobile/drift_schemas/main/drift_schema_v1.json;Codebase/mobile/drift_schemas/main/drift_schema_v2.json;Codebase/mobile/drift_schemas/main/drift_schema_v3.json;Codebase/server/src/dtos/json-schema.dto.ts,"Contracts affected by requirements CAN-FAIL-10, CAN-LAM-AI-006, CAN-LAM-AI-027, CAN-LAM-ASSET-040, CAN-LAM-ASSET-044, CAN-LAM-EVENT-005, CAN-LAM-INV-META-03, CAN-LAM-META-032...; registry references are resolved in the package packet.","Schemas affected by requirements CAN-FAIL-10, CAN-LAM-AI-006, CAN-LAM-AI-027, CAN-LAM-ASSET-040, CAN-LAM-ASSET-044, CAN-LAM-EVENT-005, CAN-LAM-INV-META-03, CAN-LAM-META-032...; schema paths are resolved in the package packet.",Gate 1 scope; Gate 2 compile/build; Gate 3 focused/regression; Gate 8 traceability; Gate 4 cross-platform; Gate 5 Tauri/UI; Gate 7 data safety,Typed failure result; no partial authoritative state is claimed; No unrelated authoritative state is modified,,VERIFIED,"Requirement CAN-LAM-INV-META-03 source locator lines 108-108 and Codebase evidence ['Codebase/mobile/drift_schemas/main/drift_schema_v1.json', 'Codebase/mobile/drift_schemas/main/drift_schema_v2.json'] support placement in WP-I3-009.",requirements.csv:lines 108-108; reviewed-actionable-requirements-v3.csv:CAN-LAM-INV-META-03; code_evidence_references,PASS_B_INDEPENDENT_EVIDENCE_REVIEWER,2026-08-06-pass-b-v2,VERIFIED
WP-I3-001,CAN-LAM-INV-META-04,WP-I3-001,WP-I3-001,Local data authority,Authoritative record envelope,"Reviewed cross-capability package: Authoritative record envelope is a shared architectural surface used by Filesystem transactions and recovery, Local data authority, Metadata, Sidecars and metadata authority. Membership is linked by the same contract/record/workflow boundary, not source order or capacity.",Codebase/server/src/schema/tables/asset-metadata.table.ts;Codebase/server/src/schema/tables/user-metadata.table.ts;Codebase/web/src/lib/components/asset-viewer/SlideshowMetadataOverlay.svelte;Codebase/web/src/lib/stores/slideshow.store.ts,"Contracts affected by requirements CAN-LAM-ARCH-021, CAN-LAM-ARCH-038, CAN-LAM-ARCH-144, CAN-LAM-ASSET-039, CAN-LAM-ASSET-098, CAN-LAM-ASSET-099, CAN-LAM-ASSET-108, CAN-LAM-ASSET-109...; registry references are resolved in the package packet.","Schemas affected by requirements CAN-LAM-ARCH-021, CAN-LAM-ARCH-038, CAN-LAM-ARCH-144, CAN-LAM-ASSET-039, CAN-LAM-ASSET-098, CAN-LAM-ASSET-099, CAN-LAM-ASSET-108, CAN-LAM-ASSET-109...; schema paths are resolved in the package packet.",Gate 1 scope; Gate 2 compile/build; Gate 3 focused/regression; Gate 8 traceability; Gate 7 data safety,Typed failure result; no partial authoritative state is claimed; No unrelated authoritative state is modified,,VERIFIED,"Requirement CAN-LAM-INV-META-04 source locator lines 109-109 and Codebase evidence ['Codebase/server/src/schema/tables/asset-metadata.table.ts', 'Codebase/server/src/schema/tables/user-metadata.table.ts'] support placement in WP-I3-001.",requirements.csv:lines 109-109; reviewed-actionable-requirements-v3.csv:CAN-LAM-INV-META-04; code_evidence_references,PASS_B_INDEPENDENT_EVIDENCE_REVIEWER,2026-08-06-pass-b-v2,VERIFIED
WP-I7-007,CAN-LAM-INV-PERSON-01,WP-I7-007,WP-I7-007,Metadata,Group identity model,"The package is bounded to the group identity model architectural surface and its direct contracts, records, and tests.",Codebase/mobile/lib/presentation/widgets/people/person_edit_birthday_modal.widget.dart;Codebase/mobile/lib/presentation/widgets/people/person_edit_name_modal.widget.dart;Codebase/mobile/lib/presentation/widgets/people/person_option_sheet.widget.dart;Codebase/server/src/repositories/person.repository.ts,"Contracts affected by requirements CAN-FAIL-15, CAN-LAM-ARCH-120, CAN-LAM-ARCH-383, CAN-LAM-ARCH-384, CAN-LAM-EVENT-041, CAN-LAM-INV-PERSON-01, CAN-LAM-PERSON-010, CAN-LAM-PERSON-013...; registry references are resolved in the package packet.","Schemas affected by requirements CAN-FAIL-15, CAN-LAM-ARCH-120, CAN-LAM-ARCH-383, CAN-LAM-ARCH-384, CAN-LAM-EVENT-041, CAN-LAM-INV-PERSON-01, CAN-LAM-PERSON-010, CAN-LAM-PERSON-013...; schema paths are resolved in the package packet.","Given a referenced profile, when its canonical name changes, then all references retain the same profile ID and no relationship or membership edge is duplicated.",Typed failure result; no partial authoritative state is claimed; No unrelated authoritative state is modified,,VERIFIED,"Requirement CAN-LAM-INV-PERSON-01 source locator lines 103-103 and Codebase evidence ['Codebase/mobile/lib/presentation/widgets/people/person_edit_birthday_modal.widget.dart', 'Codebase/mobile/lib/presentation/widgets/people/person_edit_name_modal.widget.dart'] support placement in WP-I7-007.",requirements.csv:lines 103-103; reviewed-actionable-requirements-v3.csv:CAN-LAM-INV-PERSON-01; code_evidence_references,PASS_B_INDEPENDENT_EVIDENCE_REVIEWER,2026-08-06-pass-b-v2,VERIFIED
WP-I3-008,CAN-LAM-META-002,WP-I3-008,WP-I3-008,Metadata,SQLite migration framework,"Reviewed cross-capability package: SQLite migration framework is a shared architectural surface used by Asset identity and records, Filesystem transactions and recovery, Local data authority, Metadata, Sidecars and metadata authority. Membership is linked by the same contract/record/workflow boundary, not source order or capacity.",Codebase/docs/docs/features/xmp-sidecars.md;Codebase/mobile/ios/Runner/Schemas/Tables.swift;Codebase/server/src/repositories/config.repository.ts;Codebase/server/src/repositories/storage.repository.ts,"Contracts affected by requirements CAN-LAM-ASSET-018, CAN-LAM-ASSET-024, CAN-LAM-EDGE-04, CAN-LAM-EDGE-10, CAN-LAM-GOV-224, CAN-LAM-GOV-256, CAN-LAM-META-002, CAN-LAM-META-012...; registry references are resolved in the package packet.","Schemas affected by requirements CAN-LAM-ASSET-018, CAN-LAM-ASSET-024, CAN-LAM-EDGE-04, CAN-LAM-EDGE-10, CAN-LAM-GOV-224, CAN-LAM-GOV-256, CAN-LAM-META-002, CAN-LAM-META-012...; schema paths are resolved in the package packet.","Given one retained persistence workflow, when each declared success and failure case runs, then authority and projection states match the schema and every failure returns a typed outcome without silent data loss.",Explicit failure/preservation clause in the statement is preserved; No unrelated authoritative state is modified,,VERIFIED,"Requirement CAN-LAM-META-002 source locator lines 51-51 and Codebase evidence ['Codebase/docs/docs/features/xmp-sidecars.md', 'Codebase/mobile/ios/Runner/Schemas/Tables.swift'] support placement in WP-I3-008.",requirements.csv:lines 51-51; reviewed-actionable-requirements-v3.csv:CAN-LAM-META-002; code_evidence_references,PASS_B_INDEPENDENT_EVIDENCE_REVIEWER,2026-08-06-pass-b-v2,VERIFIED
WP-I3-001,CAN-LAM-META-006,WP-I3-001,WP-I3-001,Local data authority,Authoritative record envelope,"Reviewed cross-capability package: Authoritative record envelope is a shared architectural surface used by Filesystem transactions and recovery, Local data authority, Metadata, Sidecars and metadata authority. Membership is linked by the same contract/record/workflow boundary, not source order or capacity.",Codebase/mobile/openapi/lib/model/asset_edit_action.dart;Codebase/mobile/openapi/lib/model/sync_asset_edit_v1.dart;Codebase/web/src/lib/components/asset-viewer/editor/transform-tool/CropArea.svelte;Codebase/web/src/routes/(user)/workflows/[workflowId]/WorkflowJsonEditor.svelte,"Contracts affected by requirements CAN-LAM-ARCH-021, CAN-LAM-ARCH-038, CAN-LAM-ARCH-144, CAN-LAM-ASSET-039, CAN-LAM-ASSET-098, CAN-LAM-ASSET-099, CAN-LAM-ASSET-108, CAN-LAM-ASSET-109...; registry references are resolved in the package packet.","Schemas affected by requirements CAN-LAM-ARCH-021, CAN-LAM-ARCH-038, CAN-LAM-ARCH-144, CAN-LAM-ASSET-039, CAN-LAM-ASSET-098, CAN-LAM-ASSET-099, CAN-LAM-ASSET-108, CAN-LAM-ASSET-109...; schema paths are resolved in the package packet.",Gate 1 scope; Gate 2 compile/build; Gate 3 focused/regression; Gate 8 traceability; Gate 7 data safety,Typed failure result; no partial authoritative state is claimed; No unrelated authoritative state is modified,,VERIFIED,"Requirement CAN-LAM-META-006 source locator lines 81-81 and Codebase evidence ['Codebase/mobile/openapi/lib/model/asset_edit_action.dart', 'Codebase/mobile/openapi/lib/model/sync_asset_edit_v1.dart'] support placement in WP-I3-001.",requirements.csv:lines 81-81; reviewed-actionable-requirements-v3.csv:CAN-LAM-META-006; code_evidence_references,PASS_B_INDEPENDENT_EVIDENCE_REVIEWER,2026-08-06-pass-b-v2,VERIFIED
WP-I3-001,CAN-LAM-META-009,WP-I3-001,WP-I3-001,Filesystem transactions and recovery,Authoritative record envelope,"Reviewed cross-capability package: Authoritative record envelope is a shared architectural surface used by Filesystem transactions and recovery, Local data authority, Metadata, Sidecars and metadata authority. Membership is linked by the same contract/record/workflow boundary, not source order or capacity.",Codebase/mobile/lib/domain/models/memory.model.dart;Codebase/mobile/lib/infrastructure/entities/trashed_local_asset.entity.drift.dart;Codebase/mobile/lib/infrastructure/entities/user_metadata.entity.drift.dart;Codebase/mobile/openapi/lib/model/sync_memory_v1.dart,"Contracts affected by requirements CAN-LAM-ARCH-021, CAN-LAM-ARCH-038, CAN-LAM-ARCH-144, CAN-LAM-ASSET-039, CAN-LAM-ASSET-098, CAN-LAM-ASSET-099, CAN-LAM-ASSET-108, CAN-LAM-ASSET-109...; registry references are resolved in the package packet.","Schemas affected by requirements CAN-LAM-ARCH-021, CAN-LAM-ARCH-038, CAN-LAM-ARCH-144, CAN-LAM-ASSET-039, CAN-LAM-ASSET-098, CAN-LAM-ASSET-099, CAN-LAM-ASSET-108, CAN-LAM-ASSET-109...; schema paths are resolved in the package packet.",Draft-save success/failure fixture with restore check.,Explicit failure/preservation clause in the statement is preserved; No unrelated authoritative state is modified,,VERIFIED,"Requirement CAN-LAM-META-009 source locator lines 148-148 and Codebase evidence ['Codebase/mobile/lib/domain/models/memory.model.dart', 'Codebase/mobile/lib/infrastructure/entities/trashed_local_asset.entity.drift.dart'] support placement in WP-I3-001.",requirements.csv:lines 148-148; reviewed-actionable-requirements-v3.csv:CAN-LAM-META-009; code_evidence_references,PASS_B_INDEPENDENT_EVIDENCE_REVIEWER,2026-08-06-pass-b-v2,VERIFIED
WP-I3-008,CAN-LAM-META-012,WP-I3-008,WP-I3-008,Local data authority,SQLite migration framework,"Reviewed cross-capability package: SQLite migration framework is a shared architectural surface used by Asset identity and records, Filesystem transactions and recovery, Local data authority, Metadata, Sidecars and metadata authority. Membership is linked by the same contract/record/workflow boundary, not source order or capacity.",Codebase/docs/static/archived-versions.json;Codebase/mobile/lib/extensions/maplibrecontroller_extensions.dart;Codebase/package.json;Codebase/package.json);Codebase/packages/plugin-sdk/tsconfig.json,"Contracts affected by requirements CAN-LAM-ASSET-018, CAN-LAM-ASSET-024, CAN-LAM-EDGE-04, CAN-LAM-EDGE-10, CAN-LAM-GOV-224, CAN-LAM-GOV-256, CAN-LAM-META-002, CAN-LAM-META-012...; registry references are resolved in the package packet.","Schemas affected by requirements CAN-LAM-ASSET-018, CAN-LAM-ASSET-024, CAN-LAM-EDGE-04, CAN-LAM-EDGE-10, CAN-LAM-GOV-224, CAN-LAM-GOV-256, CAN-LAM-META-002, CAN-LAM-META-012...; schema paths are resolved in the package packet.",Gate 1 scope; Gate 2 compile/build; Gate 3 focused/regression; Gate 8 traceability; Gate 7 data safety,Typed failure result; no partial authoritative state is claimed; No unrelated authoritative state is modified,,VERIFIED,"Requirement CAN-LAM-META-012 source locator lines 152-152 and Codebase evidence ['Codebase/docs/static/archived-versions.json', 'Codebase/mobile/lib/extensions/maplibrecontroller_extensions.dart'] support placement in WP-I3-008.",requirements.csv:lines 152-152; reviewed-actionable-requirements-v3.csv:CAN-LAM-META-012; code_evidence_references,PASS_B_INDEPENDENT_EVIDENCE_REVIEWER,2026-08-06-pass-b-v2,VERIFIED
WP-I4-008,CAN-LAM-META-013,WP-I4-008,WP-I4-008,Metadata,Metadata extraction,"Reviewed cross-capability package: Metadata extraction is a shared architectural surface used by Libraries and storage, Media ingestion and derivation, Metadata, Sidecars and metadata authority. Membership is linked by the same contract/record/workflow boundary, not source order or capacity.",Codebase/server/src/dtos/system-metadata.dto.ts;Codebase/server/src/repositories/metadata.repository.ts;Codebase/server/src/services/metadata.service.spec.ts;Codebase/server/src/services/metadata.service.ts,"Contracts affected by requirements CAN-LAM-EDGE-03, CAN-LAM-INV-META-01, CAN-LAM-META-013, CAN-LAM-META-014, CAN-LAM-META-026, CAN-LAM-META-033, CAN-LAM-META-036, CAN-LAM-META-040...; registry references are resolved in the package packet.","Schemas affected by requirements CAN-LAM-EDGE-03, CAN-LAM-INV-META-01, CAN-LAM-META-013, CAN-LAM-META-014, CAN-LAM-META-026, CAN-LAM-META-033, CAN-LAM-META-036, CAN-LAM-META-040...; schema paths are resolved in the package packet.",Metadata-read fixture with byte-preservation checks.,Explicit failure/preservation clause in the statement is preserved; Explicit preservation clause in the statement is preserved,,VERIFIED,"Requirement CAN-LAM-META-013 source locator lines 279-279 and Codebase evidence ['Codebase/server/src/dtos/system-metadata.dto.ts', 'Codebase/server/src/repositories/metadata.repository.ts'] support placement in WP-I4-008.",requirements.csv:lines 279-279; reviewed-actionable-requirements-v3.csv:CAN-LAM-META-013; code_evidence_references,PASS_B_INDEPENDENT_EVIDENCE_REVIEWER,2026-08-06-pass-b-v2,VERIFIED
WP-I4-008,CAN-LAM-META-014,WP-I4-008,WP-I4-008,Metadata,Metadata extraction,"Reviewed cross-capability package: Metadata extraction is a shared architectural surface used by Libraries and storage, Media ingestion and derivation, Metadata, Sidecars and metadata authority. Membership is linked by the same contract/record/workflow boundary, not source order or capacity.",Codebase/server/src/dtos/system-metadata.dto.ts;Codebase/server/src/repositories/metadata.repository.ts;Codebase/server/src/services/metadata.service.spec.ts;Codebase/server/src/services/metadata.service.ts,"Contracts affected by requirements CAN-LAM-EDGE-03, CAN-LAM-INV-META-01, CAN-LAM-META-013, CAN-LAM-META-014, CAN-LAM-META-026, CAN-LAM-META-033, CAN-LAM-META-036, CAN-LAM-META-040...; registry references are resolved in the package packet.","Schemas affected by requirements CAN-LAM-EDGE-03, CAN-LAM-INV-META-01, CAN-LAM-META-013, CAN-LAM-META-014, CAN-LAM-META-026, CAN-LAM-META-033, CAN-LAM-META-036, CAN-LAM-META-040...; schema paths are resolved in the package packet.",Metadata-edit fixture with hash checks.,Explicit failure/preservation clause in the statement is preserved; Explicit preservation clause in the statement is preserved,,VERIFIED,"Requirement CAN-LAM-META-014 source locator lines 280-280 and Codebase evidence ['Codebase/server/src/dtos/system-metadata.dto.ts', 'Codebase/server/src/repositories/metadata.repository.ts'] support placement in WP-I4-008.",requirements.csv:lines 280-280; reviewed-actionable-requirements-v3.csv:CAN-LAM-META-014; code_evidence_references,PASS_B_INDEPENDENT_EVIDENCE_REVIEWER,2026-08-06-pass-b-v2,VERIFIED
WP-I3-001,CAN-LAM-META-015,WP-I3-001,WP-I3-001,Metadata,Authoritative record envelope,"Reviewed cross-capability package: Authoritative record envelope is a shared architectural surface used by Filesystem transactions and recovery, Local data authority, Metadata, Sidecars and metadata authority. Membership is linked by the same contract/record/workflow boundary, not source order or capacity.",Codebase/docs/docs/features/xmp-sidecars.md;Codebase/server/src/controllers/asset.controller.ts;Codebase/server/src/repositories/metadata.repository.ts;Codebase/server/src/services/metadata.service.ts,"Contracts affected by requirements CAN-LAM-ARCH-021, CAN-LAM-ARCH-038, CAN-LAM-ARCH-144, CAN-LAM-ASSET-039, CAN-LAM-ASSET-098, CAN-LAM-ASSET-099, CAN-LAM-ASSET-108, CAN-LAM-ASSET-109...; registry references are resolved in the package packet.","Schemas affected by requirements CAN-LAM-ARCH-021, CAN-LAM-ARCH-038, CAN-LAM-ARCH-144, CAN-LAM-ASSET-039, CAN-LAM-ASSET-098, CAN-LAM-ASSET-099, CAN-LAM-ASSET-108, CAN-LAM-ASSET-109...; schema paths are resolved in the package packet.",JSON-sidecar fixture with schema and preservation checks.,Explicit failure/preservation clause in the statement is preserved; No unrelated authoritative state is modified,,VERIFIED,"Requirement CAN-LAM-META-015 source locator lines 281-281 and Codebase evidence ['Codebase/docs/docs/features/xmp-sidecars.md', 'Codebase/server/src/controllers/asset.controller.ts'] support placement in WP-I3-001.",requirements.csv:lines 281-281; reviewed-actionable-requirements-v3.csv:CAN-LAM-META-015; code_evidence_references,PASS_B_INDEPENDENT_EVIDENCE_REVIEWER,2026-08-06-pass-b-v2,VERIFIED
WP-I3-015,CAN-LAM-META-016,WP-I3-015,WP-I3-015,Metadata,Revision and concurrency preconditions,"Reviewed cross-capability package: Revision and concurrency preconditions is a shared architectural surface used by Local data authority, Metadata, Sidecars and metadata authority. Membership is linked by the same contract/record/workflow boundary, not source order or capacity.",Codebase/docs/docs/features/xmp-sidecars.md;Codebase/server/src/controllers/asset.controller.ts;Codebase/server/src/repositories/metadata.repository.ts;Codebase/server/src/services/metadata.service.ts,"Contracts affected by requirements CAN-LAM-ARCH-184, CAN-LAM-META-016, CAN-LAM-META-077; registry references are resolved in the package packet.","Schemas affected by requirements CAN-LAM-ARCH-184, CAN-LAM-META-016, CAN-LAM-META-077; schema paths are resolved in the package packet.",XMP-sidecar fixture with alignment checks.,Typed failure result; no partial authoritative state is claimed; No unrelated authoritative state is modified,,VERIFIED,"Requirement CAN-LAM-META-016 source locator lines 282-282 and Codebase evidence ['Codebase/docs/docs/features/xmp-sidecars.md', 'Codebase/server/src/controllers/asset.controller.ts'] support placement in WP-I3-015.",requirements.csv:lines 282-282; reviewed-actionable-requirements-v3.csv:CAN-LAM-META-016; code_evidence_references,PASS_B_INDEPENDENT_EVIDENCE_REVIEWER,2026-08-06-pass-b-v2,VERIFIED
WP-I3-001,CAN-LAM-META-018,WP-I3-001,WP-I3-001,Sidecars and metadata authority,Authoritative record envelope,"Reviewed cross-capability package: Authoritative record envelope is a shared architectural surface used by Filesystem transactions and recovery, Local data authority, Metadata, Sidecars and metadata authority. Membership is linked by the same contract/record/workflow boundary, not source order or capacity.",Codebase/server/src/controllers/asset.controller.ts;Codebase/server/src/repositories/metadata.repository.ts;Codebase/server/src/services/metadata.service.ts;Codebase/web/src/lib/components/asset-viewer/DetailPanelDate.svelte,"Contracts affected by requirements CAN-LAM-ARCH-021, CAN-LAM-ARCH-038, CAN-LAM-ARCH-144, CAN-LAM-ASSET-039, CAN-LAM-ASSET-098, CAN-LAM-ASSET-099, CAN-LAM-ASSET-108, CAN-LAM-ASSET-109...; registry references are resolved in the package packet.","Schemas affected by requirements CAN-LAM-ARCH-021, CAN-LAM-ARCH-038, CAN-LAM-ARCH-144, CAN-LAM-ASSET-039, CAN-LAM-ASSET-098, CAN-LAM-ASSET-099, CAN-LAM-ASSET-108, CAN-LAM-ASSET-109...; schema paths are resolved in the package packet.",Folder-map fixture with rebuild checks.,Typed failure result; no partial authoritative state is claimed; No unrelated authoritative state is modified,,VERIFIED,"Requirement CAN-LAM-META-018 source locator lines 373-373 and Codebase evidence ['Codebase/server/src/controllers/asset.controller.ts', 'Codebase/server/src/repositories/metadata.repository.ts'] support placement in WP-I3-001.",requirements.csv:lines 373-373; reviewed-actionable-requirements-v3.csv:CAN-LAM-META-018; code_evidence_references,PASS_B_INDEPENDENT_EVIDENCE_REVIEWER,2026-08-06-pass-b-v2,VERIFIED
WP-I11-010,CAN-LAM-META-019,WP-I11-010,WP-I11-010,Metadata,Metadata snapshots and restore,"Reviewed cross-capability package: Metadata snapshots and restore is a shared architectural surface used by Duplicates, Editing, Metadata. Membership is linked by the same contract/record/workflow boundary, not source order or capacity.",Codebase/server/src/dtos/system-metadata.dto.ts;Codebase/server/src/repositories/metadata.repository.ts;Codebase/server/src/services/metadata.service.spec.ts;Codebase/server/src/services/metadata.service.ts,"Contracts affected by requirements CAN-LAM-ARCH-398, CAN-LAM-GOV-018, CAN-LAM-META-019, CAN-LAM-META-075, CAN-SECTION-0120; registry references are resolved in the package packet.","Schemas affected by requirements CAN-LAM-ARCH-398, CAN-LAM-GOV-018, CAN-LAM-META-019, CAN-LAM-META-075, CAN-SECTION-0120; schema paths are resolved in the package packet.",Snapshot fixture with rollback verification.,Typed failure result; no partial authoritative state is claimed; No unrelated authoritative state is modified,,VERIFIED,"Requirement CAN-LAM-META-019 source locator lines 410-410 and Codebase evidence ['Codebase/server/src/dtos/system-metadata.dto.ts', 'Codebase/server/src/repositories/metadata.repository.ts'] support placement in WP-I11-010.",requirements.csv:lines 410-410; reviewed-actionable-requirements-v3.csv:CAN-LAM-META-019; code_evidence_references,PASS_B_INDEPENDENT_EVIDENCE_REVIEWER,2026-08-06-pass-b-v2,VERIFIED
WP-I3-001,CAN-LAM-META-023,WP-I3-001,WP-I3-001,Planning and verification governance,Authoritative record envelope,"Reviewed cross-capability package: Authoritative record envelope is a shared architectural surface used by Filesystem transactions and recovery, Local data authority, Metadata, Sidecars and metadata authority. Membership is linked by the same contract/record/workflow boundary, not source order or capacity.",Codebase/server/src/controllers/asset.controller.ts;Codebase/server/src/repositories/metadata.repository.ts;Codebase/server/src/schema/migrations/1764698859174-SidecarInAssetFile.ts;Codebase/server/src/services/metadata.service.ts,"Contracts affected by requirements CAN-LAM-ARCH-021, CAN-LAM-ARCH-038, CAN-LAM-ARCH-144, CAN-LAM-ASSET-039, CAN-LAM-ASSET-098, CAN-LAM-ASSET-099, CAN-LAM-ASSET-108, CAN-LAM-ASSET-109...; registry references are resolved in the package packet.","Schemas affected by requirements CAN-LAM-ARCH-021, CAN-LAM-ARCH-038, CAN-LAM-ARCH-144, CAN-LAM-ASSET-039, CAN-LAM-ASSET-098, CAN-LAM-ASSET-099, CAN-LAM-ASSET-108, CAN-LAM-ASSET-109...; schema paths are resolved in the package packet.",Sidecar-version fixture.,Typed failure result; no partial authoritative state is claimed; Explicit preservation clause in the statement is preserved,,VERIFIED,"Requirement CAN-LAM-META-023 source locator lines 641-641 and Codebase evidence ['Codebase/server/src/controllers/asset.controller.ts', 'Codebase/server/src/repositories/metadata.repository.ts'] support placement in WP-I3-001.",requirements.csv:lines 641-641; reviewed-actionable-requirements-v3.csv:CAN-LAM-META-023; code_evidence_references,PASS_B_INDEPENDENT_EVIDENCE_REVIEWER,2026-08-06-pass-b-v2,VERIFIED
WP-I4-008,CAN-LAM-META-026,WP-I4-008,WP-I4-008,Sidecars and metadata authority,Metadata extraction,"Reviewed cross-capability package: Metadata extraction is a shared architectural surface used by Libraries and storage, Media ingestion and derivation, Metadata, Sidecars and metadata authority. Membership is linked by the same contract/record/workflow boundary, not source order or capacity.",Codebase/mobile/openapi/lib/model/queue_name.dart;Codebase/server/src/repositories/asset.repository.ts;Codebase/server/src/services/metadata.service.ts;Codebase/server/test/mappers.ts,"Contracts affected by requirements CAN-LAM-EDGE-03, CAN-LAM-INV-META-01, CAN-LAM-META-013, CAN-LAM-META-014, CAN-LAM-META-026, CAN-LAM-META-033, CAN-LAM-META-036, CAN-LAM-META-040...; registry references are resolved in the package packet.","Schemas affected by requirements CAN-LAM-EDGE-03, CAN-LAM-INV-META-01, CAN-LAM-META-013, CAN-LAM-META-014, CAN-LAM-META-026, CAN-LAM-META-033, CAN-LAM-META-036, CAN-LAM-META-040...; schema paths are resolved in the package packet.",Metadata-extraction fixture.,Typed failure result; no partial authoritative state is claimed; Explicit preservation clause in the statement is preserved,,VERIFIED,"Requirement CAN-LAM-META-026 source locator lines 712-712 and Codebase evidence ['Codebase/mobile/openapi/lib/model/queue_name.dart', 'Codebase/server/src/repositories/asset.repository.ts'] support placement in WP-I4-008.",requirements.csv:lines 712-712; reviewed-actionable-requirements-v3.csv:CAN-LAM-META-026; code_evidence_references,PASS_B_INDEPENDENT_EVIDENCE_REVIEWER,2026-08-06-pass-b-v2,VERIFIED
WP-I3-001,CAN-LAM-META-029,WP-I3-001,WP-I3-001,Local data authority,Authoritative record envelope,"Reviewed cross-capability package: Authoritative record envelope is a shared architectural surface used by Filesystem transactions and recovery, Local data authority, Metadata, Sidecars and metadata authority. Membership is linked by the same contract/record/workflow boundary, not source order or capacity.",Codebase/server/src/dtos/system-metadata.dto.ts;Codebase/server/src/repositories/metadata.repository.ts;Codebase/server/src/services/metadata.service.spec.ts;Codebase/server/src/services/metadata.service.ts,"Contracts affected by requirements CAN-LAM-ARCH-021, CAN-LAM-ARCH-038, CAN-LAM-ARCH-144, CAN-LAM-ASSET-039, CAN-LAM-ASSET-098, CAN-LAM-ASSET-099, CAN-LAM-ASSET-108, CAN-LAM-ASSET-109...; registry references are resolved in the package packet.","Schemas affected by requirements CAN-LAM-ARCH-021, CAN-LAM-ARCH-038, CAN-LAM-ARCH-144, CAN-LAM-ASSET-039, CAN-LAM-ASSET-098, CAN-LAM-ASSET-099, CAN-LAM-ASSET-108, CAN-LAM-ASSET-109...; schema paths are resolved in the package packet.",Extraction fixture must preserve embedded source on failure.,Explicit failure/preservation clause in the statement is preserved; Explicit preservation clause in the statement is preserved,,VERIFIED,"Requirement CAN-LAM-META-029 source locator lines 1440-1440 and Codebase evidence ['Codebase/server/src/dtos/system-metadata.dto.ts', 'Codebase/server/src/repositories/metadata.repository.ts'] support placement in WP-I3-001.",requirements.csv:lines 1440-1440; reviewed-actionable-requirements-v3.csv:CAN-LAM-META-029; code_evidence_references,PASS_B_INDEPENDENT_EVIDENCE_REVIEWER,2026-08-06-pass-b-v2,VERIFIED
WP-I3-009,CAN-LAM-META-032,WP-I3-009,WP-I3-009,Local data authority,Derived-index rebuild contract,"Reviewed cross-capability package: Derived-index rebuild contract is a shared architectural surface used by Filesystem transactions and recovery, Local data authority, Sidecars and metadata authority. Membership is linked by the same contract/record/workflow boundary, not source order or capacity.",Codebase/mobile/ios/Runner/Schemas/Tables.swift;Codebase/server/src/controllers/asset.controller.ts;Codebase/server/src/repositories/metadata.repository.ts;Codebase/server/src/services/metadata.service.ts,"Contracts affected by requirements CAN-FAIL-10, CAN-LAM-AI-006, CAN-LAM-AI-027, CAN-LAM-ASSET-040, CAN-LAM-ASSET-044, CAN-LAM-EVENT-005, CAN-LAM-INV-META-03, CAN-LAM-META-032...; registry references are resolved in the package packet.","Schemas affected by requirements CAN-FAIL-10, CAN-LAM-AI-006, CAN-LAM-AI-027, CAN-LAM-ASSET-040, CAN-LAM-ASSET-044, CAN-LAM-EVENT-005, CAN-LAM-INV-META-03, CAN-LAM-META-032...; schema paths are resolved in the package packet.",Search-rebuild fixture from authority records.,Typed failure result; no partial authoritative state is claimed; No unrelated authoritative state is modified,,VERIFIED,"Requirement CAN-LAM-META-032 source locator lines 1444-1444 and Codebase evidence ['Codebase/mobile/ios/Runner/Schemas/Tables.swift', 'Codebase/server/src/controllers/asset.controller.ts'] support placement in WP-I3-009.",requirements.csv:lines 1444-1444; reviewed-actionable-requirements-v3.csv:CAN-LAM-META-032; code_evidence_references,PASS_B_INDEPENDENT_EVIDENCE_REVIEWER,2026-08-06-pass-b-v2,VERIFIED
WP-I4-008,CAN-LAM-META-033,WP-I4-008,WP-I4-008,Metadata,Metadata extraction,"Reviewed cross-capability package: Metadata extraction is a shared architectural surface used by Libraries and storage, Media ingestion and derivation, Metadata, Sidecars and metadata authority. Membership is linked by the same contract/record/workflow boundary, not source order or capacity.",Codebase/server/src/dtos/system-metadata.dto.ts;Codebase/server/src/repositories/metadata.repository.ts;Codebase/server/src/services/metadata.service.spec.ts;Codebase/server/src/services/metadata.service.ts,"Contracts affected by requirements CAN-LAM-EDGE-03, CAN-LAM-INV-META-01, CAN-LAM-META-013, CAN-LAM-META-014, CAN-LAM-META-026, CAN-LAM-META-033, CAN-LAM-META-036, CAN-LAM-META-040...; registry references are resolved in the package packet.","Schemas affected by requirements CAN-LAM-EDGE-03, CAN-LAM-INV-META-01, CAN-LAM-META-013, CAN-LAM-META-014, CAN-LAM-META-026, CAN-LAM-META-033, CAN-LAM-META-036, CAN-LAM-META-040...; schema paths are resolved in the package packet.",Missing-metadata query fixture.,Typed failure result; no partial authoritative state is claimed; No unrelated authoritative state is modified,,VERIFIED,"Requirement CAN-LAM-META-033 source locator lines 1593-1593 and Codebase evidence ['Codebase/server/src/dtos/system-metadata.dto.ts', 'Codebase/server/src/repositories/metadata.repository.ts'] support placement in WP-I4-008.",requirements.csv:lines 1593-1593; reviewed-actionable-requirements-v3.csv:CAN-LAM-META-033; code_evidence_references,PASS_B_INDEPENDENT_EVIDENCE_REVIEWER,2026-08-06-pass-b-v2,VERIFIED
WP-I5-006,CAN-LAM-META-035,WP-I5-006,WP-I5-006,Metadata,Albums and favorites,"Reviewed cross-capability package: Albums and favorites is a shared architectural surface used by Albums and favorites, Asset viewer, Gallery and timeline, Metadata. Membership is linked by the same contract/record/workflow boundary, not source order or capacity.",Codebase/server/src/dtos/system-metadata.dto.ts;Codebase/server/src/services/metadata.service.spec.ts;Codebase/server/src/services/metadata.service.ts;Codebase/web/src/lib/utils/album-utils.ts,"Contracts affected by requirements CAN-LAM-ARCH-027, CAN-LAM-ARCH-028, CAN-LAM-ARCH-079, CAN-LAM-ARCH-080, CAN-LAM-ARCH-231, CAN-LAM-ARCH-232, CAN-LAM-ARCH-233, CAN-LAM-ARCH-234...; registry references are resolved in the package packet.","Schemas affected by requirements CAN-LAM-ARCH-027, CAN-LAM-ARCH-028, CAN-LAM-ARCH-079, CAN-LAM-ARCH-080, CAN-LAM-ARCH-231, CAN-LAM-ARCH-232, CAN-LAM-ARCH-233, CAN-LAM-ARCH-234...; schema paths are resolved in the package packet.",Album-metadata fixture.,Typed failure result; no partial authoritative state is claimed; No unrelated authoritative state is modified,,VERIFIED,"Requirement CAN-LAM-META-035 source locator lines 1714-1714 and Codebase evidence ['Codebase/server/src/dtos/system-metadata.dto.ts', 'Codebase/server/src/services/metadata.service.spec.ts'] support placement in WP-I5-006.",requirements.csv:lines 1714-1714; reviewed-actionable-requirements-v3.csv:CAN-LAM-META-035; code_evidence_references,PASS_B_INDEPENDENT_EVIDENCE_REVIEWER,2026-08-06-pass-b-v2,VERIFIED
WP-I4-008,CAN-LAM-META-036,WP-I4-008,WP-I4-008,Metadata,Metadata extraction,"Reviewed cross-capability package: Metadata extraction is a shared architectural surface used by Libraries and storage, Media ingestion and derivation, Metadata, Sidecars and metadata authority. Membership is linked by the same contract/record/workflow boundary, not source order or capacity.",Codebase/mobile/lib/domain/models/exif.model.dart;Codebase/server/src/dtos/exif.dto.ts;Codebase/web/src/lib/utils/exif-utils.spec.ts;Codebase/web/src/lib/utils/exif-utils.ts,"Contracts affected by requirements CAN-LAM-EDGE-03, CAN-LAM-INV-META-01, CAN-LAM-META-013, CAN-LAM-META-014, CAN-LAM-META-026, CAN-LAM-META-033, CAN-LAM-META-036, CAN-LAM-META-040...; registry references are resolved in the package packet.","Schemas affected by requirements CAN-LAM-EDGE-03, CAN-LAM-INV-META-01, CAN-LAM-META-013, CAN-LAM-META-014, CAN-LAM-META-026, CAN-LAM-META-033, CAN-LAM-META-036, CAN-LAM-META-040...; schema paths are resolved in the package packet.",EXIF-GPS fixture with byte-preservation checks.,Typed failure result; no partial authoritative state is claimed; Explicit preservation clause in the statement is preserved,,VERIFIED,"Requirement CAN-LAM-META-036 source locator lines 1745-1745 and Codebase evidence ['Codebase/mobile/lib/domain/models/exif.model.dart', 'Codebase/server/src/dtos/exif.dto.ts'] support placement in WP-I4-008.",requirements.csv:lines 1745-1745; reviewed-actionable-requirements-v3.csv:CAN-LAM-META-036; code_evidence_references,PASS_B_INDEPENDENT_EVIDENCE_REVIEWER,2026-08-06-pass-b-v2,VERIFIED
WP-I10-011,CAN-LAM-META-039,WP-I10-011,WP-I10-011,Metadata,Duplicate and similarity candidates,All members produce or compare duplicate/similarity evidence and keep every destructive outcome behind explicit review/plan approval.,Codebase/server/src/dtos/system-metadata.dto.ts;Codebase/server/src/repositories/metadata.repository.ts;Codebase/server/src/services/metadata.service.spec.ts;Codebase/server/src/services/metadata.service.ts,"Duplicate candidate, comparison, burst, preview, retained-file, and AI-data-control contracts","Duplicate candidate, comparison evidence, burst group, and similarity projection records",Metadata-comparison fixture.,Typed failure result; no partial authoritative state is claimed; No unrelated authoritative state is modified,,VERIFIED,"Requirement CAN-LAM-META-039 source locator lines 1771-1771 and Codebase evidence ['Codebase/server/src/dtos/system-metadata.dto.ts', 'Codebase/server/src/repositories/metadata.repository.ts'] support placement in WP-I10-011.",requirements.csv:lines 1771-1771; reviewed-actionable-requirements-v3.csv:CAN-LAM-META-039; code_evidence_references,PASS_B_INDEPENDENT_EVIDENCE_REVIEWER,2026-08-06-pass-b-v2,VERIFIED
WP-I4-008,CAN-LAM-META-040,WP-I4-008,WP-I4-008,Media ingestion and derivation,Metadata extraction,"Reviewed cross-capability package: Metadata extraction is a shared architectural surface used by Libraries and storage, Media ingestion and derivation, Metadata, Sidecars and metadata authority. Membership is linked by the same contract/record/workflow boundary, not source order or capacity.",Codebase/server/src/controllers/asset.controller.ts;Codebase/server/src/repositories/metadata.repository.ts;Codebase/server/src/services/metadata.service.ts;Codebase/web/src/lib/components/asset-viewer/DetailPanelDate.svelte,"Contracts affected by requirements CAN-LAM-EDGE-03, CAN-LAM-INV-META-01, CAN-LAM-META-013, CAN-LAM-META-014, CAN-LAM-META-026, CAN-LAM-META-033, CAN-LAM-META-036, CAN-LAM-META-040...; registry references are resolved in the package packet.","Schemas affected by requirements CAN-LAM-EDGE-03, CAN-LAM-INV-META-01, CAN-LAM-META-013, CAN-LAM-META-014, CAN-LAM-META-026, CAN-LAM-META-033, CAN-LAM-META-036, CAN-LAM-META-040...; schema paths are resolved in the package packet.",JSON/XMP conflict fixture.,Typed failure result; no partial authoritative state is claimed; No unrelated authoritative state is modified,,VERIFIED,"Requirement CAN-LAM-META-040 source locator lines 1895-1895 and Codebase evidence ['Codebase/server/src/controllers/asset.controller.ts', 'Codebase/server/src/repositories/metadata.repository.ts'] support placement in WP-I4-008.",requirements.csv:lines 1895-1895; reviewed-actionable-requirements-v3.csv:CAN-LAM-META-040; code_evidence_references,PASS_B_INDEPENDENT_EVIDENCE_REVIEWER,2026-08-06-pass-b-v2,VERIFIED
WP-I4-008,CAN-LAM-META-041,WP-I4-008,WP-I4-008,Media ingestion and derivation,Metadata extraction,"Reviewed cross-capability package: Metadata extraction is a shared architectural surface used by Libraries and storage, Media ingestion and derivation, Metadata, Sidecars and metadata authority. Membership is linked by the same contract/record/workflow boundary, not source order or capacity.",Codebase/server/src/dtos/system-metadata.dto.ts;Codebase/server/src/repositories/metadata.repository.ts;Codebase/server/src/services/metadata.service.spec.ts;Codebase/server/src/services/metadata.service.ts,"Contracts affected by requirements CAN-LAM-EDGE-03, CAN-LAM-INV-META-01, CAN-LAM-META-013, CAN-LAM-META-014, CAN-LAM-META-026, CAN-LAM-META-033, CAN-LAM-META-036, CAN-LAM-META-040...; registry references are resolved in the package packet.","Schemas affected by requirements CAN-LAM-EDGE-03, CAN-LAM-INV-META-01, CAN-LAM-META-013, CAN-LAM-META-014, CAN-LAM-META-026, CAN-LAM-META-033, CAN-LAM-META-036, CAN-LAM-META-040...; schema paths are resolved in the package packet.",JSON/embedded conflict fixture.,Typed failure result; no partial authoritative state is claimed; No unrelated authoritative state is modified,,VERIFIED,"Requirement CAN-LAM-META-041 source locator lines 1896-1896 and Codebase evidence ['Codebase/server/src/dtos/system-metadata.dto.ts', 'Codebase/server/src/repositories/metadata.repository.ts'] support placement in WP-I4-008.",requirements.csv:lines 1896-1896; reviewed-actionable-requirements-v3.csv:CAN-LAM-META-041; code_evidence_references,PASS_B_INDEPENDENT_EVIDENCE_REVIEWER,2026-08-06-pass-b-v2,VERIFIED
WP-I3-001,CAN-LAM-META-042,WP-I3-001,WP-I3-001,Filesystem transactions and recovery,Authoritative record envelope,"Reviewed cross-capability package: Authoritative record envelope is a shared architectural surface used by Filesystem transactions and recovery, Local data authority, Metadata, Sidecars and metadata authority. Membership is linked by the same contract/record/workflow boundary, not source order or capacity.",Codebase/mobile/lib/infrastructure/entities/exif.entity.drift.dart;Codebase/mobile/lib/infrastructure/entities/log.entity.drift.dart;Codebase/mobile/lib/infrastructure/entities/trashed_local_asset.entity.drift.dart;Codebase/mobile/lib/infrastructure/entities/user_metadata.entity.drift.dart,"Contracts affected by requirements CAN-LAM-ARCH-021, CAN-LAM-ARCH-038, CAN-LAM-ARCH-144, CAN-LAM-ASSET-039, CAN-LAM-ASSET-098, CAN-LAM-ASSET-099, CAN-LAM-ASSET-108, CAN-LAM-ASSET-109...; registry references are resolved in the package packet.","Schemas affected by requirements CAN-LAM-ARCH-021, CAN-LAM-ARCH-038, CAN-LAM-ARCH-144, CAN-LAM-ASSET-039, CAN-LAM-ASSET-098, CAN-LAM-ASSET-099, CAN-LAM-ASSET-108, CAN-LAM-ASSET-109...; schema paths are resolved in the package packet.",Missing-JSON fixture.,Explicit failure/preservation clause in the statement is preserved; Explicit preservation clause in the statement is preserved,,VERIFIED,"Requirement CAN-LAM-META-042 source locator lines 1900-1900 and Codebase evidence ['Codebase/mobile/lib/infrastructure/entities/exif.entity.drift.dart', 'Codebase/mobile/lib/infrastructure/entities/log.entity.drift.dart'] support placement in WP-I3-001.",requirements.csv:lines 1900-1900; reviewed-actionable-requirements-v3.csv:CAN-LAM-META-042; code_evidence_references,PASS_B_INDEPENDENT_EVIDENCE_REVIEWER,2026-08-06-pass-b-v2,VERIFIED
WP-I4-008,CAN-LAM-META-043,WP-I4-008,WP-I4-008,Media ingestion and derivation,Metadata extraction,"Reviewed cross-capability package: Metadata extraction is a shared architectural surface used by Libraries and storage, Media ingestion and derivation, Metadata, Sidecars and metadata authority. Membership is linked by the same contract/record/workflow boundary, not source order or capacity.",Codebase/server/src/controllers/asset.controller.ts;Codebase/server/src/repositories/metadata.repository.ts;Codebase/server/src/services/metadata.service.ts;Codebase/web/src/lib/components/asset-viewer/DetailPanelDate.svelte,"Contracts affected by requirements CAN-LAM-EDGE-03, CAN-LAM-INV-META-01, CAN-LAM-META-013, CAN-LAM-META-014, CAN-LAM-META-026, CAN-LAM-META-033, CAN-LAM-META-036, CAN-LAM-META-040...; registry references are resolved in the package packet.","Schemas affected by requirements CAN-LAM-EDGE-03, CAN-LAM-INV-META-01, CAN-LAM-META-013, CAN-LAM-META-014, CAN-LAM-META-026, CAN-LAM-META-033, CAN-LAM-META-036, CAN-LAM-META-040...; schema paths are resolved in the package packet.",Missing-XMP fixture.,Explicit failure/preservation clause in the statement is preserved; Explicit preservation clause in the statement is preserved,,VERIFIED,"Requirement CAN-LAM-META-043 source locator lines 1901-1901 and Codebase evidence ['Codebase/server/src/controllers/asset.controller.ts', 'Codebase/server/src/repositories/metadata.repository.ts'] support placement in WP-I4-008.",requirements.csv:lines 1901-1901; reviewed-actionable-requirements-v3.csv:CAN-LAM-META-043; code_evidence_references,PASS_B_INDEPENDENT_EVIDENCE_REVIEWER,2026-08-06-pass-b-v2,VERIFIED
WP-I3-008,CAN-LAM-META-046,WP-I3-008,WP-I3-008,Filesystem transactions and recovery,SQLite migration framework,"Reviewed cross-capability package: SQLite migration framework is a shared architectural surface used by Asset identity and records, Filesystem transactions and recovery, Local data authority, Metadata, Sidecars and metadata authority. Membership is linked by the same contract/record/workflow boundary, not source order or capacity.",Codebase/mobile/ios/Runner/Schemas/Tables.swift;Codebase/mobile/lib/infrastructure/entities/trashed_local_asset.entity.dart;Codebase/mobile/lib/infrastructure/entities/trashed_local_asset.entity.drift.dart;Codebase/server/src/schema/tables/user-metadata.table.ts,"Contracts affected by requirements CAN-LAM-ASSET-018, CAN-LAM-ASSET-024, CAN-LAM-EDGE-04, CAN-LAM-EDGE-10, CAN-LAM-GOV-224, CAN-LAM-GOV-256, CAN-LAM-META-002, CAN-LAM-META-012...; registry references are resolved in the package packet.","Schemas affected by requirements CAN-LAM-ASSET-018, CAN-LAM-ASSET-024, CAN-LAM-EDGE-04, CAN-LAM-EDGE-10, CAN-LAM-GOV-224, CAN-LAM-GOV-256, CAN-LAM-META-002, CAN-LAM-META-012...; schema paths are resolved in the package packet.",SQLite-rebuild fixture.,Typed failure result; no partial authoritative state is claimed; Explicit preservation clause in the statement is preserved,,VERIFIED,"Requirement CAN-LAM-META-046 source locator lines 2022-2022 and Codebase evidence ['Codebase/mobile/ios/Runner/Schemas/Tables.swift', 'Codebase/mobile/lib/infrastructure/entities/trashed_local_asset.entity.dart'] support placement in WP-I3-008.",requirements.csv:lines 2022-2022; reviewed-actionable-requirements-v3.csv:CAN-LAM-META-046; code_evidence_references,PASS_B_INDEPENDENT_EVIDENCE_REVIEWER,2026-08-06-pass-b-v2,VERIFIED
WP-I14-013,CAN-LAM-META-048,WP-I14-013,WP-I14-013,Metadata,Accessibility semantics and keyboard operation,All members require equivalent accessible actions and state for pointer-driven surfaces.,Codebase/server/src/dtos/system-metadata.dto.ts;Codebase/server/src/repositories/metadata.repository.ts;Codebase/server/src/services/metadata.service.spec.ts;Codebase/server/src/services/metadata.service.ts,Accessibility semantics contracts,Accessibility evidence records,Metadata-panel fixture.,Typed failure result; no partial authoritative state is claimed; Explicit preservation clause in the statement is preserved,,VERIFIED,"Requirement CAN-LAM-META-048 source locator lines 2119-2119 and Codebase evidence ['Codebase/server/src/dtos/system-metadata.dto.ts', 'Codebase/server/src/repositories/metadata.repository.ts'] support placement in WP-I14-013.",requirements.csv:lines 2119-2119; reviewed-actionable-requirements-v3.csv:CAN-LAM-META-048; code_evidence_references,PASS_B_INDEPENDENT_EVIDENCE_REVIEWER,2026-08-06-pass-b-v2,VERIFIED
WP-I4-008,CAN-LAM-META-049,WP-I4-008,WP-I4-008,Metadata,Metadata extraction,"Reviewed cross-capability package: Metadata extraction is a shared architectural surface used by Libraries and storage, Media ingestion and derivation, Metadata, Sidecars and metadata authority. Membership is linked by the same contract/record/workflow boundary, not source order or capacity.",Codebase/server/src/dtos/system-metadata.dto.ts;Codebase/server/src/repositories/metadata.repository.ts;Codebase/server/src/services/metadata.service.spec.ts;Codebase/server/src/services/metadata.service.ts,"Contracts affected by requirements CAN-LAM-EDGE-03, CAN-LAM-INV-META-01, CAN-LAM-META-013, CAN-LAM-META-014, CAN-LAM-META-026, CAN-LAM-META-033, CAN-LAM-META-036, CAN-LAM-META-040...; registry references are resolved in the package packet.","Schemas affected by requirements CAN-LAM-EDGE-03, CAN-LAM-INV-META-01, CAN-LAM-META-013, CAN-LAM-META-014, CAN-LAM-META-026, CAN-LAM-META-033, CAN-LAM-META-036, CAN-LAM-META-040...; schema paths are resolved in the package packet.",Metadata-UI fixture.,Typed failure result; no partial authoritative state is claimed; No unrelated authoritative state is modified,,VERIFIED,"Requirement CAN-LAM-META-049 source locator lines 2158-2158 and Codebase evidence ['Codebase/server/src/dtos/system-metadata.dto.ts', 'Codebase/server/src/repositories/metadata.repository.ts'] support placement in WP-I4-008.",requirements.csv:lines 2158-2158; reviewed-actionable-requirements-v3.csv:CAN-LAM-META-049; code_evidence_references,PASS_B_INDEPENDENT_EVIDENCE_REVIEWER,2026-08-06-pass-b-v2,VERIFIED
WP-I3-009,CAN-LAM-META-068,WP-I3-009,WP-I3-009,Local data authority,Derived-index rebuild contract,"Reviewed cross-capability package: Derived-index rebuild contract is a shared architectural surface used by Filesystem transactions and recovery, Local data authority, Sidecars and metadata authority. Membership is linked by the same contract/record/workflow boundary, not source order or capacity.",Codebase/server/src/controllers/asset.controller.ts;Codebase/server/src/repositories/metadata.repository.ts;Codebase/server/src/services/metadata.service.ts;Codebase/web/src/lib/components/asset-viewer/DetailPanelDate.svelte,"Contracts affected by requirements CAN-FAIL-10, CAN-LAM-AI-006, CAN-LAM-AI-027, CAN-LAM-ASSET-040, CAN-LAM-ASSET-044, CAN-LAM-EVENT-005, CAN-LAM-INV-META-03, CAN-LAM-META-032...; registry references are resolved in the package packet.","Schemas affected by requirements CAN-FAIL-10, CAN-LAM-AI-006, CAN-LAM-AI-027, CAN-LAM-ASSET-040, CAN-LAM-ASSET-044, CAN-LAM-EVENT-005, CAN-LAM-INV-META-03, CAN-LAM-META-032...; schema paths are resolved in the package packet.",XMP-adapter fixture.,Typed failure result; no partial authoritative state is claimed; No unrelated authoritative state is modified,,VERIFIED,"Requirement CAN-LAM-META-068 source locator lines 1390-1390 and Codebase evidence ['Codebase/server/src/controllers/asset.controller.ts', 'Codebase/server/src/repositories/metadata.repository.ts'] support placement in WP-I3-009.",requirements.csv:lines 1390-1390; reviewed-actionable-requirements-v3.csv:CAN-LAM-META-068; code_evidence_references,PASS_B_INDEPENDENT_EVIDENCE_REVIEWER,2026-08-06-pass-b-v2,VERIFIED
WP-I11-010,CAN-LAM-META-075,WP-I11-010,WP-I11-010,Metadata,Metadata snapshots and restore,"Reviewed cross-capability package: Metadata snapshots and restore is a shared architectural surface used by Duplicates, Editing, Metadata. Membership is linked by the same contract/record/workflow boundary, not source order or capacity.",Codebase/server/src/dtos/system-metadata.dto.ts;Codebase/server/src/repositories/metadata.repository.ts;Codebase/server/src/services/metadata.service.spec.ts;Codebase/server/src/services/metadata.service.ts,"Contracts affected by requirements CAN-LAM-ARCH-398, CAN-LAM-GOV-018, CAN-LAM-META-019, CAN-LAM-META-075, CAN-SECTION-0120; registry references are resolved in the package packet.","Schemas affected by requirements CAN-LAM-ARCH-398, CAN-LAM-GOV-018, CAN-LAM-META-019, CAN-LAM-META-075, CAN-SECTION-0120; schema paths are resolved in the package packet.",Snapshot-recovery safety proof.,Explicit failure/preservation clause in the statement is preserved; No unrelated authoritative state is modified,,VERIFIED,"Requirement CAN-LAM-META-075 source locator lines 1684-1684 and Codebase evidence ['Codebase/server/src/dtos/system-metadata.dto.ts', 'Codebase/server/src/repositories/metadata.repository.ts'] support placement in WP-I11-010.",requirements.csv:lines 1684-1684; reviewed-actionable-requirements-v3.csv:CAN-LAM-META-075; code_evidence_references,PASS_B_INDEPENDENT_EVIDENCE_REVIEWER,2026-08-06-pass-b-v2,VERIFIED
WP-I3-001,CAN-LAM-META-076,WP-I3-001,WP-I3-001,Sidecars and metadata authority,Authoritative record envelope,"Reviewed cross-capability package: Authoritative record envelope is a shared architectural surface used by Filesystem transactions and recovery, Local data authority, Metadata, Sidecars and metadata authority. Membership is linked by the same contract/record/workflow boundary, not source order or capacity.",Codebase/server/src/dtos/system-metadata.dto.ts;Codebase/server/src/repositories/metadata.repository.ts;Codebase/server/src/services/metadata.service.spec.ts;Codebase/server/src/services/metadata.service.ts,"Contracts affected by requirements CAN-LAM-ARCH-021, CAN-LAM-ARCH-038, CAN-LAM-ARCH-144, CAN-LAM-ASSET-039, CAN-LAM-ASSET-098, CAN-LAM-ASSET-099, CAN-LAM-ASSET-108, CAN-LAM-ASSET-109...; registry references are resolved in the package packet.","Schemas affected by requirements CAN-LAM-ARCH-021, CAN-LAM-ARCH-038, CAN-LAM-ARCH-144, CAN-LAM-ASSET-039, CAN-LAM-ASSET-098, CAN-LAM-ASSET-099, CAN-LAM-ASSET-108, CAN-LAM-ASSET-109...; schema paths are resolved in the package packet.",Corruption fixture with preservation checks.,Explicit failure/preservation clause in the statement is preserved; Explicit preservation clause in the statement is preserved,,VERIFIED,"Requirement CAN-LAM-META-076 source locator lines 1730-1730 and Codebase evidence ['Codebase/server/src/dtos/system-metadata.dto.ts', 'Codebase/server/src/repositories/metadata.repository.ts'] support placement in WP-I3-001.",requirements.csv:lines 1730-1730; reviewed-actionable-requirements-v3.csv:CAN-LAM-META-076; code_evidence_references,PASS_B_INDEPENDENT_EVIDENCE_REVIEWER,2026-08-06-pass-b-v2,VERIFIED
WP-I3-015,CAN-LAM-META-077,WP-I3-015,WP-I3-015,Sidecars and metadata authority,Revision and concurrency preconditions,"Reviewed cross-capability package: Revision and concurrency preconditions is a shared architectural surface used by Local data authority, Metadata, Sidecars and metadata authority. Membership is linked by the same contract/record/workflow boundary, not source order or capacity.",Codebase/server/src/controllers/asset.controller.ts;Codebase/server/src/repositories/metadata.repository.ts;Codebase/server/src/services/metadata.service.ts;Codebase/server/src/services/workflow-execution.service.ts,"Contracts affected by requirements CAN-LAM-ARCH-184, CAN-LAM-META-016, CAN-LAM-META-077; registry references are resolved in the package packet.","Schemas affected by requirements CAN-LAM-ARCH-184, CAN-LAM-META-016, CAN-LAM-META-077; schema paths are resolved in the package packet.",JSON/XMP conflict fixture.,Typed failure result; no partial authoritative state is claimed; Explicit preservation clause in the statement is preserved,,VERIFIED,"Requirement CAN-LAM-META-077 source locator lines 1731-1731 and Codebase evidence ['Codebase/server/src/controllers/asset.controller.ts', 'Codebase/server/src/repositories/metadata.repository.ts'] support placement in WP-I3-015.",requirements.csv:lines 1731-1731; reviewed-actionable-requirements-v3.csv:CAN-LAM-META-077; code_evidence_references,PASS_B_INDEPENDENT_EVIDENCE_REVIEWER,2026-08-06-pass-b-v2,VERIFIED
WP-I5-007,CAN-LAM-PERF-002,WP-I5-007,WP-I5-007,Memories,Memories experience,"Reviewed cross-capability package: Memories experience is a shared architectural surface used by Memories, People and faces, Tags. Membership is linked by the same contract/record/workflow boundary, not source order or capacity.",Codebase/mobile/openapi/lib/model/memory_search_order.dart;Codebase/server/src/controllers/memory.controller.ts;Codebase/server/src/repositories/memory.repository.ts;Codebase/server/src/services/memory.service.ts,"Contracts affected by requirements CAN-LAM-ARCH-029, CAN-LAM-ARCH-238, CAN-LAM-ARCH-239, CAN-LAM-ARCH-240, CAN-LAM-ARCH-241, CAN-LAM-ARCH-242, CAN-LAM-ARCH-243, CAN-LAM-EVENT-052...; registry references are resolved in the package packet.","Schemas affected by requirements CAN-LAM-ARCH-029, CAN-LAM-ARCH-238, CAN-LAM-ARCH-239, CAN-LAM-ARCH-240, CAN-LAM-ARCH-241, CAN-LAM-ARCH-242, CAN-LAM-ARCH-243, CAN-LAM-EVENT-052...; schema paths are resolved in the package packet.",Memory-reel fixture.,Explicit failure/preservation clause in the statement is preserved; Explicit preservation clause in the statement is preserved,,VERIFIED,"Requirement CAN-LAM-PERF-002 source locator lines 1733-1733 and Codebase evidence ['Codebase/mobile/openapi/lib/model/memory_search_order.dart', 'Codebase/server/src/controllers/memory.controller.ts'] support placement in WP-I5-007.",requirements.csv:lines 1733-1733; reviewed-actionable-requirements-v3.csv:CAN-LAM-PERF-002; code_evidence_references,PASS_B_INDEPENDENT_EVIDENCE_REVIEWER,2026-08-06-pass-b-v2,VERIFIED
WP-I5-007,CAN-LAM-PERF-003,WP-I5-007,WP-I5-007,Memories,Memories experience,"Reviewed cross-capability package: Memories experience is a shared architectural surface used by Memories, People and faces, Tags. Membership is linked by the same contract/record/workflow boundary, not source order or capacity.",Codebase/server/src/controllers/memory.controller.ts;Codebase/server/src/repositories/memory.repository.ts;Codebase/server/src/services/memory.service.ts;Codebase/web/src/routes/(user)/memory/[[photos=photos]]/[[assetId=id]]/+page.ts,"Contracts affected by requirements CAN-LAM-ARCH-029, CAN-LAM-ARCH-238, CAN-LAM-ARCH-239, CAN-LAM-ARCH-240, CAN-LAM-ARCH-241, CAN-LAM-ARCH-242, CAN-LAM-ARCH-243, CAN-LAM-EVENT-052...; registry references are resolved in the package packet.","Schemas affected by requirements CAN-LAM-ARCH-029, CAN-LAM-ARCH-238, CAN-LAM-ARCH-239, CAN-LAM-ARCH-240, CAN-LAM-ARCH-241, CAN-LAM-ARCH-242, CAN-LAM-ARCH-243, CAN-LAM-EVENT-052...; schema paths are resolved in the package packet.",Memories-UI fixture.,Explicit failure/preservation clause in the statement is preserved; Explicit preservation clause in the statement is preserved,,VERIFIED,"Requirement CAN-LAM-PERF-003 source locator lines 2157-2157 and Codebase evidence ['Codebase/server/src/controllers/memory.controller.ts', 'Codebase/server/src/repositories/memory.repository.ts'] support placement in WP-I5-007.",requirements.csv:lines 2157-2157; reviewed-actionable-requirements-v3.csv:CAN-LAM-PERF-003; code_evidence_references,PASS_B_INDEPENDENT_EVIDENCE_REVIEWER,2026-08-06-pass-b-v2,VERIFIED
WP-I14-013,CAN-LAM-PERF-006,WP-I14-013,WP-I14-013,Desktop shell,Accessibility semantics and keyboard operation,All members require equivalent accessible actions and state for pointer-driven surfaces.,Codebase/package.json;Codebase/package.json);Codebase/packages/cli/package.json;Codebase/server/package.json;Codebase/web/package.json,Accessibility semantics contracts,Accessibility evidence records,Accessibility fixture.,Typed failure result; no partial authoritative state is claimed; No unrelated authoritative state is modified,,VERIFIED,"Requirement CAN-LAM-PERF-006 source locator lines 1540-1540 and Codebase evidence ['Codebase/package.json', 'Codebase/package.json)'] support placement in WP-I14-013.",requirements.csv:lines 1540-1540; reviewed-actionable-requirements-v3.csv:CAN-LAM-PERF-006; code_evidence_references,PASS_B_INDEPENDENT_EVIDENCE_REVIEWER,2026-08-06-pass-b-v2,VERIFIED
WP-I8-006,CAN-LAM-PERSON-004,WP-I8-006,WP-I8-006,Metadata,Relationship projections and views,"Reviewed cross-capability package: Relationship projections and views is a shared architectural surface used by Metadata, People and faces, Relationships and attribution. Membership is linked by the same contract/record/workflow boundary, not source order or capacity.",Codebase/mobile/packages/ui/lib/src/previews/form.dart;Codebase/mobile/packages/ui/lib/src/previews/text_button.dart;Codebase/mobile/packages/ui/lib/src/previews/text_input.dart;Codebase/mobile/packages/ui/lib/src/previews/url_input.dart,"Contracts affected by requirements CAN-FAIL-25, CAN-LAM-ASSET-045, CAN-LAM-ASSET-082, CAN-LAM-ASSET-083, CAN-LAM-PERSON-004, CAN-LAM-PERSON-014, CAN-LAM-PERSON-073, CAN-LAM-PERSON-077; registry references are resolved in the package packet.","Schemas affected by requirements CAN-FAIL-25, CAN-LAM-ASSET-045, CAN-LAM-ASSET-082, CAN-LAM-ASSET-083, CAN-LAM-PERSON-004, CAN-LAM-PERSON-014, CAN-LAM-PERSON-073, CAN-LAM-PERSON-077; schema paths are resolved in the package packet.",Gate 1 scope; Gate 2 compile/build; Gate 3 focused/regression; Gate 8 traceability; Gate 7 data safety,Typed failure result; no partial authoritative state is claimed; No unrelated authoritative state is modified,,VERIFIED,"Requirement CAN-LAM-PERSON-004 source locator lines 160-160 and Codebase evidence ['Codebase/mobile/packages/ui/lib/src/previews/form.dart', 'Codebase/mobile/packages/ui/lib/src/previews/text_button.dart'] support placement in WP-I8-006.",requirements.csv:lines 160-160; reviewed-actionable-requirements-v3.csv:CAN-LAM-PERSON-004; code_evidence_references,PASS_B_INDEPENDENT_EVIDENCE_REVIEWER,2026-08-06-pass-b-v2,VERIFIED
WP-I7-007,CAN-LAM-PERSON-010,WP-I7-007,WP-I7-007,People and faces,Group identity model,"The package is bounded to the group identity model architectural surface and its direct contracts, records, and tests.",Codebase/web/src/lib/components/faces-page/AssignFaceSidePanel.svelte;Codebase/web/src/lib/components/faces-page/PeopleSearch.svelte;Codebase/web/src/routes/(user)/people/[personId]/[[photos=photos]]/[[assetId=id]]/MergeFaceSelector.svelte;Codebase/web/src/routes/(user)/people/[personId]/[[photos=photos]]/[[assetId=id]]/UnmergeFaceSelector.svelte,"Contracts affected by requirements CAN-FAIL-15, CAN-LAM-ARCH-120, CAN-LAM-ARCH-383, CAN-LAM-ARCH-384, CAN-LAM-EVENT-041, CAN-LAM-INV-PERSON-01, CAN-LAM-PERSON-010, CAN-LAM-PERSON-013...; registry references are resolved in the package packet.","Schemas affected by requirements CAN-FAIL-15, CAN-LAM-ARCH-120, CAN-LAM-ARCH-383, CAN-LAM-ARCH-384, CAN-LAM-EVENT-041, CAN-LAM-INV-PERSON-01, CAN-LAM-PERSON-010, CAN-LAM-PERSON-013...; schema paths are resolved in the package packet.",Group-management fixture with history checks.,Typed failure result; no partial authoritative state is claimed; Explicit preservation clause in the statement is preserved,,VERIFIED,"Requirement CAN-LAM-PERSON-010 source locator lines 292-292 and Codebase evidence ['Codebase/web/src/lib/components/faces-page/AssignFaceSidePanel.svelte', 'Codebase/web/src/lib/components/faces-page/PeopleSearch.svelte'] support placement in WP-I7-007.",requirements.csv:lines 292-292; reviewed-actionable-requirements-v3.csv:CAN-LAM-PERSON-010; code_evidence_references,PASS_B_INDEPENDENT_EVIDENCE_REVIEWER,2026-08-06-pass-b-v2,VERIFIED
WP-I7-007,CAN-LAM-PERSON-013,WP-I7-007,WP-I7-007,People and faces,Group identity model,"The package is bounded to the group identity model architectural surface and its direct contracts, records, and tests.",Codebase/web/src/lib/components/faces-page/AssignFaceSidePanel.svelte;Codebase/web/src/lib/components/faces-page/PeopleSearch.svelte;Codebase/web/src/routes/(user)/people/[personId]/[[photos=photos]]/[[assetId=id]]/MergeFaceSelector.svelte;Codebase/web/src/routes/(user)/people/[personId]/[[photos=photos]]/[[assetId=id]]/UnmergeFaceSelector.svelte,"Contracts affected by requirements CAN-FAIL-15, CAN-LAM-ARCH-120, CAN-LAM-ARCH-383, CAN-LAM-ARCH-384, CAN-LAM-EVENT-041, CAN-LAM-INV-PERSON-01, CAN-LAM-PERSON-010, CAN-LAM-PERSON-013...; registry references are resolved in the package packet.","Schemas affected by requirements CAN-FAIL-15, CAN-LAM-ARCH-120, CAN-LAM-ARCH-383, CAN-LAM-ARCH-384, CAN-LAM-EVENT-041, CAN-LAM-INV-PERSON-01, CAN-LAM-PERSON-010, CAN-LAM-PERSON-013...; schema paths are resolved in the package packet.",Group-page fixture with no-mutation assertion.,Explicit failure/preservation clause in the statement is preserved; No unrelated authoritative state is modified,,VERIFIED,"Requirement CAN-LAM-PERSON-013 source locator lines 315-315 and Codebase evidence ['Codebase/web/src/lib/components/faces-page/AssignFaceSidePanel.svelte', 'Codebase/web/src/lib/components/faces-page/PeopleSearch.svelte'] support placement in WP-I7-007.",requirements.csv:lines 315-315; reviewed-actionable-requirements-v3.csv:CAN-LAM-PERSON-013; code_evidence_references,PASS_B_INDEPENDENT_EVIDENCE_REVIEWER,2026-08-06-pass-b-v2,VERIFIED
WP-I8-006,CAN-LAM-PERSON-014,WP-I8-006,WP-I8-006,People and faces,Relationship projections and views,"Reviewed cross-capability package: Relationship projections and views is a shared architectural surface used by Metadata, People and faces, Relationships and attribution. Membership is linked by the same contract/record/workflow boundary, not source order or capacity.",Codebase/web/src/lib/components/faces-page/AssignFaceSidePanel.svelte;Codebase/web/src/lib/components/faces-page/PeopleSearch.svelte;Codebase/web/src/routes/(user)/people/[personId]/[[photos=photos]]/[[assetId=id]]/MergeFaceSelector.svelte;Codebase/web/src/routes/(user)/people/[personId]/[[photos=photos]]/[[assetId=id]]/UnmergeFaceSelector.svelte,"Contracts affected by requirements CAN-FAIL-25, CAN-LAM-ASSET-045, CAN-LAM-ASSET-082, CAN-LAM-ASSET-083, CAN-LAM-PERSON-004, CAN-LAM-PERSON-014, CAN-LAM-PERSON-073, CAN-LAM-PERSON-077; registry references are resolved in the package packet.","Schemas affected by requirements CAN-FAIL-25, CAN-LAM-ASSET-045, CAN-LAM-ASSET-082, CAN-LAM-ASSET-083, CAN-LAM-PERSON-004, CAN-LAM-PERSON-014, CAN-LAM-PERSON-073, CAN-LAM-PERSON-077; schema paths are resolved in the package packet.",Composition-view fixture with rule checks.,Typed failure result; no partial authoritative state is claimed; No unrelated authoritative state is modified,,VERIFIED,"Requirement CAN-LAM-PERSON-014 source locator lines 323-323 and Codebase evidence ['Codebase/web/src/lib/components/faces-page/AssignFaceSidePanel.svelte', 'Codebase/web/src/lib/components/faces-page/PeopleSearch.svelte'] support placement in WP-I8-006.",requirements.csv:lines 323-323; reviewed-actionable-requirements-v3.csv:CAN-LAM-PERSON-014; code_evidence_references,PASS_B_INDEPENDENT_EVIDENCE_REVIEWER,2026-08-06-pass-b-v2,VERIFIED
WP-I6-009,CAN-LAM-PERSON-017,WP-I6-009,WP-I6-009,Events and organization,Event filesystem materialization plan,"The package is bounded to the event filesystem materialization plan architectural surface and its direct contracts, records, and tests.",Codebase/server/src/repositories/move.repository.ts;Codebase/server/src/services/storage-template.service.ts,"Contracts affected by requirements CAN-FAIL-05, CAN-FAIL-11, CAN-LAM-ARCH-037, CAN-LAM-ASSET-070, CAN-LAM-EVENT-002, CAN-LAM-EVENT-045, CAN-LAM-EVENT-057, CAN-LAM-EVENT-058...; registry references are resolved in the package packet.","Schemas affected by requirements CAN-FAIL-05, CAN-FAIL-11, CAN-LAM-ARCH-037, CAN-LAM-ASSET-070, CAN-LAM-EVENT-002, CAN-LAM-EVENT-045, CAN-LAM-EVENT-057, CAN-LAM-EVENT-058...; schema paths are resolved in the package packet.",Family-category event fixture.,Explicit failure/preservation clause in the statement is preserved; Explicit preservation clause in the statement is preserved,,VERIFIED,"Requirement CAN-LAM-PERSON-017 source locator lines 349-349 and Codebase evidence ['Codebase/server/src/repositories/move.repository.ts', 'Codebase/server/src/services/storage-template.service.ts'] support placement in WP-I6-009.",requirements.csv:lines 349-349; reviewed-actionable-requirements-v3.csv:CAN-LAM-PERSON-017; code_evidence_references,PASS_B_INDEPENDENT_EVIDENCE_REVIEWER,2026-08-06-pass-b-v2,VERIFIED
WP-I6-002,CAN-LAM-PERSON-019,WP-I6-002,WP-I6-002,Events and organization,Event authoritative records,"All members define, persist, or project authoritative event records and keep them consistent with reviewed schemas.",Codebase/server/src/repositories/move.repository.ts;Codebase/server/src/services/storage-template.service.ts,Event authoritative record and projection contracts,Event record and event projection schemas,Family-friends event fixture.,Explicit failure/preservation clause in the statement is preserved; Explicit preservation clause in the statement is preserved,,VERIFIED,"Requirement CAN-LAM-PERSON-019 source locator lines 351-351 and Codebase evidence ['Codebase/server/src/repositories/move.repository.ts', 'Codebase/server/src/services/storage-template.service.ts'] support placement in WP-I6-002.",requirements.csv:lines 351-351; reviewed-actionable-requirements-v3.csv:CAN-LAM-PERSON-019; code_evidence_references,PASS_B_INDEPENDENT_EVIDENCE_REVIEWER,2026-08-06-pass-b-v2,VERIFIED
WP-I3-001,CAN-LAM-PERSON-022,WP-I3-001,WP-I3-001,Sidecars and metadata authority,Authoritative record envelope,"Reviewed cross-capability package: Authoritative record envelope is a shared architectural surface used by Filesystem transactions and recovery, Local data authority, Metadata, Sidecars and metadata authority. Membership is linked by the same contract/record/workflow boundary, not source order or capacity.",Codebase/mobile/lib/domain/models/person.model.dart;Codebase/mobile/lib/infrastructure/entities/person.entity.drift.dart;Codebase/mobile/openapi/lib/model/merge_person_dto.dart;Codebase/mobile/openapi/lib/model/sync_person_v1.dart,"Contracts affected by requirements CAN-LAM-ARCH-021, CAN-LAM-ARCH-038, CAN-LAM-ARCH-144, CAN-LAM-ASSET-039, CAN-LAM-ASSET-098, CAN-LAM-ASSET-099, CAN-LAM-ASSET-108, CAN-LAM-ASSET-109...; registry references are resolved in the package packet.","Schemas affected by requirements CAN-LAM-ARCH-021, CAN-LAM-ARCH-038, CAN-LAM-ARCH-144, CAN-LAM-ASSET-039, CAN-LAM-ASSET-098, CAN-LAM-ASSET-099, CAN-LAM-ASSET-108, CAN-LAM-ASSET-109...; schema paths are resolved in the package packet.",Person-JSON fixture with identity checks.,Typed failure result; no partial authoritative state is claimed; No unrelated authoritative state is modified,,VERIFIED,"Requirement CAN-LAM-PERSON-022 source locator lines 370-370 and Codebase evidence ['Codebase/mobile/lib/domain/models/person.model.dart', 'Codebase/mobile/lib/infrastructure/entities/person.entity.drift.dart'] support placement in WP-I3-001.",requirements.csv:lines 370-370; reviewed-actionable-requirements-v3.csv:CAN-LAM-PERSON-022; code_evidence_references,PASS_B_INDEPENDENT_EVIDENCE_REVIEWER,2026-08-06-pass-b-v2,VERIFIED
WP-I3-001,CAN-LAM-PERSON-023,WP-I3-001,WP-I3-001,Sidecars and metadata authority,Authoritative record envelope,"Reviewed cross-capability package: Authoritative record envelope is a shared architectural surface used by Filesystem transactions and recovery, Local data authority, Metadata, Sidecars and metadata authority. Membership is linked by the same contract/record/workflow boundary, not source order or capacity.",Codebase/mobile/openapi/lib/model/duplicate_resolve_dto.dart;Codebase/mobile/openapi/lib/model/duplicate_resolve_group_dto.dart;Codebase/server/src/repositories/metadata.repository.ts;Codebase/server/src/services/metadata.service.ts,"Contracts affected by requirements CAN-LAM-ARCH-021, CAN-LAM-ARCH-038, CAN-LAM-ARCH-144, CAN-LAM-ASSET-039, CAN-LAM-ASSET-098, CAN-LAM-ASSET-099, CAN-LAM-ASSET-108, CAN-LAM-ASSET-109...; registry references are resolved in the package packet.","Schemas affected by requirements CAN-LAM-ARCH-021, CAN-LAM-ARCH-038, CAN-LAM-ARCH-144, CAN-LAM-ASSET-039, CAN-LAM-ASSET-098, CAN-LAM-ASSET-099, CAN-LAM-ASSET-108, CAN-LAM-ASSET-109...; schema paths are resolved in the package packet.",Group-JSON fixture with history checks.,Typed failure result; no partial authoritative state is claimed; No unrelated authoritative state is modified,,VERIFIED,"Requirement CAN-LAM-PERSON-023 source locator lines 371-371 and Codebase evidence ['Codebase/mobile/openapi/lib/model/duplicate_resolve_dto.dart', 'Codebase/mobile/openapi/lib/model/duplicate_resolve_group_dto.dart'] support placement in WP-I3-001.",requirements.csv:lines 371-371; reviewed-actionable-requirements-v3.csv:CAN-LAM-PERSON-023; code_evidence_references,PASS_B_INDEPENDENT_EVIDENCE_REVIEWER,2026-08-06-pass-b-v2,VERIFIED
WP-I3-001,CAN-LAM-PERSON-024,WP-I3-001,WP-I3-001,Sidecars and metadata authority,Authoritative record envelope,"Reviewed cross-capability package: Authoritative record envelope is a shared architectural surface used by Filesystem transactions and recovery, Local data authority, Metadata, Sidecars and metadata authority. Membership is linked by the same contract/record/workflow boundary, not source order or capacity.",Codebase/server/src/controllers/asset.controller.ts;Codebase/server/src/repositories/metadata.repository.ts;Codebase/server/src/services/metadata.service.ts;Codebase/web/src/lib/components/asset-viewer/DetailPanelDate.svelte,"Contracts affected by requirements CAN-LAM-ARCH-021, CAN-LAM-ARCH-038, CAN-LAM-ARCH-144, CAN-LAM-ASSET-039, CAN-LAM-ASSET-098, CAN-LAM-ASSET-099, CAN-LAM-ASSET-108, CAN-LAM-ASSET-109...; registry references are resolved in the package packet.","Schemas affected by requirements CAN-LAM-ARCH-021, CAN-LAM-ARCH-038, CAN-LAM-ARCH-144, CAN-LAM-ASSET-039, CAN-LAM-ASSET-098, CAN-LAM-ASSET-099, CAN-LAM-ASSET-108, CAN-LAM-ASSET-109...; schema paths are resolved in the package packet.",Relationship-JSON fixture with schema checks.,Typed failure result; no partial authoritative state is claimed; No unrelated authoritative state is modified,,VERIFIED,"Requirement CAN-LAM-PERSON-024 source locator lines 372-372 and Codebase evidence ['Codebase/server/src/controllers/asset.controller.ts', 'Codebase/server/src/repositories/metadata.repository.ts'] support placement in WP-I3-001.",requirements.csv:lines 372-372; reviewed-actionable-requirements-v3.csv:CAN-LAM-PERSON-024; code_evidence_references,PASS_B_INDEPENDENT_EVIDENCE_REVIEWER,2026-08-06-pass-b-v2,VERIFIED
WP-I3-001,CAN-LAM-PERSON-025,WP-I3-001,WP-I3-001,Sidecars and metadata authority,Authoritative record envelope,"Reviewed cross-capability package: Authoritative record envelope is a shared architectural surface used by Filesystem transactions and recovery, Local data authority, Metadata, Sidecars and metadata authority. Membership is linked by the same contract/record/workflow boundary, not source order or capacity.",Codebase/server/src/controllers/asset.controller.ts;Codebase/server/src/repositories/metadata.repository.ts;Codebase/server/src/services/metadata.service.ts;Codebase/web/src/lib/components/asset-viewer/DetailPanelDate.svelte,"Contracts affected by requirements CAN-LAM-ARCH-021, CAN-LAM-ARCH-038, CAN-LAM-ARCH-144, CAN-LAM-ASSET-039, CAN-LAM-ASSET-098, CAN-LAM-ASSET-099, CAN-LAM-ASSET-108, CAN-LAM-ASSET-109...; registry references are resolved in the package packet.","Schemas affected by requirements CAN-LAM-ARCH-021, CAN-LAM-ARCH-038, CAN-LAM-ARCH-144, CAN-LAM-ASSET-039, CAN-LAM-ASSET-098, CAN-LAM-ASSET-099, CAN-LAM-ASSET-108, CAN-LAM-ASSET-109...; schema paths are resolved in the package packet.",Relationship-map fixture with rebuild checks.,Typed failure result; no partial authoritative state is claimed; No unrelated authoritative state is modified,,VERIFIED,"Requirement CAN-LAM-PERSON-025 source locator lines 374-374 and Codebase evidence ['Codebase/server/src/controllers/asset.controller.ts', 'Codebase/server/src/repositories/metadata.repository.ts'] support placement in WP-I3-001.",requirements.csv:lines 374-374; reviewed-actionable-requirements-v3.csv:CAN-LAM-PERSON-025; code_evidence_references,PASS_B_INDEPENDENT_EVIDENCE_REVIEWER,2026-08-06-pass-b-v2,VERIFIED
WP-I8-001,CAN-LAM-PERSON-068,WP-I8-001,WP-I8-001,Tags,Tag records and namespaces,"Reviewed cross-capability package: Tag records and namespaces is a shared architectural surface used by Metadata, Relationships and attribution, Tags. Membership is linked by the same contract/record/workflow boundary, not source order or capacity.",Codebase/mobile/openapi/lib/model/duplicate_resolve_group_dto.dart;Codebase/server/src/dtos/duplicate.dto.ts;Codebase/server/src/dtos/person.dto.ts;Codebase/server/src/schema/migrations/1775165531374-AddPersonNameTrigramIndex.ts,"Contracts affected by requirements CAN-LAM-AI-042, CAN-LAM-ARCH-164, CAN-LAM-ARCH-386, CAN-LAM-ASSET-075, CAN-LAM-PERSON-068; registry references are resolved in the package packet.","Schemas affected by requirements CAN-LAM-AI-042, CAN-LAM-ARCH-164, CAN-LAM-ARCH-386, CAN-LAM-ASSET-075, CAN-LAM-PERSON-068; schema paths are resolved in the package packet.",Gate 1 scope; Gate 2 compile/build; Gate 3 focused/regression; Gate 8 traceability,Typed failure result; no partial authoritative state is claimed; No unrelated authoritative state is modified,,VERIFIED,"Requirement CAN-LAM-PERSON-068 source locator lines 1202-1202 and Codebase evidence ['Codebase/mobile/openapi/lib/model/duplicate_resolve_group_dto.dart', 'Codebase/server/src/dtos/duplicate.dto.ts'] support placement in WP-I8-001.",requirements.csv:lines 1202-1202; reviewed-actionable-requirements-v3.csv:CAN-LAM-PERSON-068; code_evidence_references,PASS_B_INDEPENDENT_EVIDENCE_REVIEWER,2026-08-06-pass-b-v2,VERIFIED
WP-I8-006,CAN-LAM-PERSON-073,WP-I8-006,WP-I8-006,Relationships and attribution,Relationship projections and views,"Reviewed cross-capability package: Relationship projections and views is a shared architectural surface used by Metadata, People and faces, Relationships and attribution. Membership is linked by the same contract/record/workflow boundary, not source order or capacity.",Codebase/e2e/src/specs/server/cli/upload.e2e-spec.ts;Codebase/mobile/openapi/lib/model/time_bucket_asset_response_dto.dart;Codebase/web/src/lib/components/faces-page/PeopleSearch.svelte;Codebase/web/src/lib/managers/timeline-manager/types.ts,"Contracts affected by requirements CAN-FAIL-25, CAN-LAM-ASSET-045, CAN-LAM-ASSET-082, CAN-LAM-ASSET-083, CAN-LAM-PERSON-004, CAN-LAM-PERSON-014, CAN-LAM-PERSON-073, CAN-LAM-PERSON-077; registry references are resolved in the package packet.","Schemas affected by requirements CAN-FAIL-25, CAN-LAM-ASSET-045, CAN-LAM-ASSET-082, CAN-LAM-ASSET-083, CAN-LAM-PERSON-004, CAN-LAM-PERSON-014, CAN-LAM-PERSON-073, CAN-LAM-PERSON-077; schema paths are resolved in the package packet.",Gate 1 scope; Gate 2 compile/build; Gate 3 focused/regression; Gate 8 traceability,Typed failure result; no partial authoritative state is claimed; No unrelated authoritative state is modified,,VERIFIED,"Requirement CAN-LAM-PERSON-073 source locator lines 1300-1300 and Codebase evidence ['Codebase/e2e/src/specs/server/cli/upload.e2e-spec.ts', 'Codebase/mobile/openapi/lib/model/time_bucket_asset_response_dto.dart'] support placement in WP-I8-006.",requirements.csv:lines 1300-1300; reviewed-actionable-requirements-v3.csv:CAN-LAM-PERSON-073; code_evidence_references,PASS_B_INDEPENDENT_EVIDENCE_REVIEWER,2026-08-06-pass-b-v2,VERIFIED
WP-I8-006,CAN-LAM-PERSON-077,WP-I8-006,WP-I8-006,Relationships and attribution,Relationship projections and views,"Reviewed cross-capability package: Relationship projections and views is a shared architectural surface used by Metadata, People and faces, Relationships and attribution. Membership is linked by the same contract/record/workflow boundary, not source order or capacity.",Codebase/mobile/lib/infrastructure/repositories/timeline.repository.dart;Codebase/web/src/lib/components/faces-page/PersonSidePanel.svelte;Codebase/web/src/routes/(user)/people/[personId]/[[photos=photos]]/[[assetId=id]]/+page.svelte;Codebase/web/src/routes/(user)/people/[personId]/[[photos=photos]]/[[assetId=id]]/+page.ts,"Contracts affected by requirements CAN-FAIL-25, CAN-LAM-ASSET-045, CAN-LAM-ASSET-082, CAN-LAM-ASSET-083, CAN-LAM-PERSON-004, CAN-LAM-PERSON-014, CAN-LAM-PERSON-073, CAN-LAM-PERSON-077; registry references are resolved in the package packet.","Schemas affected by requirements CAN-FAIL-25, CAN-LAM-ASSET-045, CAN-LAM-ASSET-082, CAN-LAM-ASSET-083, CAN-LAM-PERSON-004, CAN-LAM-PERSON-014, CAN-LAM-PERSON-073, CAN-LAM-PERSON-077; schema paths are resolved in the package packet.",Gate 1 scope; Gate 2 compile/build; Gate 3 focused/regression; Gate 8 traceability,Typed failure result; no partial authoritative state is claimed; No unrelated authoritative state is modified,,VERIFIED,"Requirement CAN-LAM-PERSON-077 source locator lines 1305-1305 and Codebase evidence ['Codebase/mobile/lib/infrastructure/repositories/timeline.repository.dart', 'Codebase/web/src/lib/components/faces-page/PersonSidePanel.svelte'] support placement in WP-I8-006.",requirements.csv:lines 1305-1305; reviewed-actionable-requirements-v3.csv:CAN-LAM-PERSON-077; code_evidence_references,PASS_B_INDEPENDENT_EVIDENCE_REVIEWER,2026-08-06-pass-b-v2,VERIFIED
WP-I10-011,CAN-LAM-PERSON-086,WP-I10-011,WP-I10-011,Duplicates,Duplicate and similarity candidates,All members produce or compare duplicate/similarity evidence and keep every destructive outcome behind explicit review/plan approval.,Codebase/server/src/services/duplicate.service.ts;Codebase/web/src/routes/(user)/utilities/duplicates/[[photos=photos]]/[[assetId=id]]/+page.svelte;Codebase/web/src/routes/(user)/utilities/duplicates/[[photos=photos]]/[[assetId=id]]/+page.ts;Codebase/web/src/routes/(user)/utilities/duplicates/[[photos=photos]]/[[assetId=id]]/DuplicatesCompareControl.svelte,"Duplicate candidate, comparison, burst, preview, retained-file, and AI-data-control contracts","Duplicate candidate, comparison evidence, burst group, and similarity projection records",Burst-grouping fixture with candidate checks.,Explicit failure/preservation clause in the statement is preserved; No unrelated authoritative state is modified,,VERIFIED,"Requirement CAN-LAM-PERSON-086 source locator lines 1614-1614 and Codebase evidence ['Codebase/server/src/services/duplicate.service.ts', 'Codebase/web/src/routes/(user)/utilities/duplicates/[[photos=photos]]/[[assetId=id]]/+page.svelte'] support placement in WP-I10-011.",requirements.csv:lines 1614-1614; reviewed-actionable-requirements-v3.csv:CAN-LAM-PERSON-086; code_evidence_references,PASS_B_INDEPENDENT_EVIDENCE_REVIEWER,2026-08-06-pass-b-v2,VERIFIED
WP-I5-007,CAN-LAM-PERSON-088,WP-I5-007,WP-I5-007,People and faces,Memories experience,"Reviewed cross-capability package: Memories experience is a shared architectural surface used by Memories, People and faces, Tags. Membership is linked by the same contract/record/workflow boundary, not source order or capacity.",Codebase/server/src/services/person.service.ts;Codebase/web/src/lib/components/faces-page/PersonSidePanel.svelte;Codebase/web/src/routes/(user)/people/[personId]/[[photos=photos]]/[[assetId=id]]/+page.svelte;Codebase/web/src/routes/(user)/people/[personId]/[[photos=photos]]/[[assetId=id]]/+page.ts,"Contracts affected by requirements CAN-LAM-ARCH-029, CAN-LAM-ARCH-238, CAN-LAM-ARCH-239, CAN-LAM-ARCH-240, CAN-LAM-ARCH-241, CAN-LAM-ARCH-242, CAN-LAM-ARCH-243, CAN-LAM-EVENT-052...; registry references are resolved in the package packet.","Schemas affected by requirements CAN-LAM-ARCH-029, CAN-LAM-ARCH-238, CAN-LAM-ARCH-239, CAN-LAM-ARCH-240, CAN-LAM-ARCH-241, CAN-LAM-ARCH-242, CAN-LAM-ARCH-243, CAN-LAM-EVENT-052...; schema paths are resolved in the package packet.",Person-memory fixture.,Typed failure result; no partial authoritative state is claimed; No unrelated authoritative state is modified,,VERIFIED,"Requirement CAN-LAM-PERSON-088 source locator lines 1728-1728 and Codebase evidence ['Codebase/server/src/services/person.service.ts', 'Codebase/web/src/lib/components/faces-page/PersonSidePanel.svelte'] support placement in WP-I5-007.",requirements.csv:lines 1728-1728; reviewed-actionable-requirements-v3.csv:CAN-LAM-PERSON-088; code_evidence_references,PASS_B_INDEPENDENT_EVIDENCE_REVIEWER,2026-08-06-pass-b-v2,VERIFIED
WP-I5-007,CAN-LAM-PERSON-089,WP-I5-007,WP-I5-007,People and faces,Memories experience,"Reviewed cross-capability package: Memories experience is a shared architectural surface used by Memories, People and faces, Tags. Membership is linked by the same contract/record/workflow boundary, not source order or capacity.",Codebase/mobile/openapi/lib/api/memories_api.dart;Codebase/mobile/openapi/lib/model/memories_response.dart;Codebase/mobile/openapi/lib/model/memories_update.dart;Codebase/web/src/lib/components/faces-page/PeopleSearch.svelte,"Contracts affected by requirements CAN-LAM-ARCH-029, CAN-LAM-ARCH-238, CAN-LAM-ARCH-239, CAN-LAM-ARCH-240, CAN-LAM-ARCH-241, CAN-LAM-ARCH-242, CAN-LAM-ARCH-243, CAN-LAM-EVENT-052...; registry references are resolved in the package packet.","Schemas affected by requirements CAN-LAM-ARCH-029, CAN-LAM-ARCH-238, CAN-LAM-ARCH-239, CAN-LAM-ARCH-240, CAN-LAM-ARCH-241, CAN-LAM-ARCH-242, CAN-LAM-ARCH-243, CAN-LAM-EVENT-052...; schema paths are resolved in the package packet.",Group-memory fixture.,Typed failure result; no partial authoritative state is claimed; No unrelated authoritative state is modified,,VERIFIED,"Requirement CAN-LAM-PERSON-089 source locator lines 1729-1729 and Codebase evidence ['Codebase/mobile/openapi/lib/api/memories_api.dart', 'Codebase/mobile/openapi/lib/model/memories_response.dart'] support placement in WP-I5-007.",requirements.csv:lines 1729-1729; reviewed-actionable-requirements-v3.csv:CAN-LAM-PERSON-089; code_evidence_references,PASS_B_INDEPENDENT_EVIDENCE_REVIEWER,2026-08-06-pass-b-v2,VERIFIED
WP-I5-007,CAN-LAM-PERSON-090,WP-I5-007,WP-I5-007,People and faces,Memories experience,"Reviewed cross-capability package: Memories experience is a shared architectural surface used by Memories, People and faces, Tags. Membership is linked by the same contract/record/workflow boundary, not source order or capacity.",Codebase/web/src/lib/components/faces-page/AssignFaceSidePanel.svelte;Codebase/web/src/lib/components/faces-page/PeopleSearch.svelte;Codebase/web/src/routes/(user)/people/[personId]/[[photos=photos]]/[[assetId=id]]/MergeFaceSelector.svelte;Codebase/web/src/routes/(user)/people/[personId]/[[photos=photos]]/[[assetId=id]]/UnmergeFaceSelector.svelte,"Contracts affected by requirements CAN-LAM-ARCH-029, CAN-LAM-ARCH-238, CAN-LAM-ARCH-239, CAN-LAM-ARCH-240, CAN-LAM-ARCH-241, CAN-LAM-ARCH-242, CAN-LAM-ARCH-243, CAN-LAM-EVENT-052...; registry references are resolved in the package packet.","Schemas affected by requirements CAN-LAM-ARCH-029, CAN-LAM-ARCH-238, CAN-LAM-ARCH-239, CAN-LAM-ARCH-240, CAN-LAM-ARCH-241, CAN-LAM-ARCH-242, CAN-LAM-ARCH-243, CAN-LAM-EVENT-052...; schema paths are resolved in the package packet.",Hidden-person exclusion fixture.,Typed failure result; no partial authoritative state is claimed; No unrelated authoritative state is modified,,VERIFIED,"Requirement CAN-LAM-PERSON-090 source locator lines 1736-1736 and Codebase evidence ['Codebase/web/src/lib/components/faces-page/AssignFaceSidePanel.svelte', 'Codebase/web/src/lib/components/faces-page/PeopleSearch.svelte'] support placement in WP-I5-007.",requirements.csv:lines 1736-1736; reviewed-actionable-requirements-v3.csv:CAN-LAM-PERSON-090; code_evidence_references,PASS_B_INDEPENDENT_EVIDENCE_REVIEWER,2026-08-06-pass-b-v2,VERIFIED
WP-I10-011,CAN-LAM-PERSON-091,WP-I10-011,WP-I10-011,Duplicates,Duplicate and similarity candidates,All members produce or compare duplicate/similarity evidence and keep every destructive outcome behind explicit review/plan approval.,Codebase/server/src/repositories/duplicate.repository.ts;Codebase/web/src/routes/(user)/utilities/duplicates/[[photos=photos]]/[[assetId=id]]/+page.svelte;Codebase/web/src/routes/(user)/utilities/duplicates/[[photos=photos]]/[[assetId=id]]/+page.ts;Codebase/web/src/routes/(user)/utilities/duplicates/[[photos=photos]]/[[assetId=id]]/DuplicatesCompareControl.svelte,"Duplicate candidate, comparison, burst, preview, retained-file, and AI-data-control contracts","Duplicate candidate, comparison evidence, burst group, and similarity projection records",Burst-group fixture.,Explicit failure/preservation clause in the statement is preserved; No unrelated authoritative state is modified,,VERIFIED,"Requirement CAN-LAM-PERSON-091 source locator lines 1767-1767 and Codebase evidence ['Codebase/server/src/repositories/duplicate.repository.ts', 'Codebase/web/src/routes/(user)/utilities/duplicates/[[photos=photos]]/[[assetId=id]]/+page.svelte'] support placement in WP-I10-011.",requirements.csv:lines 1767-1767; reviewed-actionable-requirements-v3.csv:CAN-LAM-PERSON-091; code_evidence_references,PASS_B_INDEPENDENT_EVIDENCE_REVIEWER,2026-08-06-pass-b-v2,VERIFIED
WP-I5-013,CAN-LAM-PERSON-092,WP-I5-013,WP-I5-013,People and faces,Read and navigation surfaces,Every member is a read or navigation behavior with an explicit no-mutation result.,Codebase/mobile/openapi/lib/model/merge_person_dto.dart;Codebase/mobile/openapi/lib/model/person_create_dto.dart;Codebase/mobile/openapi/lib/model/person_update_dto.dart;Codebase/mobile/openapi/lib/model/sync_person_v1.dart,Review navigation and display contracts,"Review item, asset, event, and person read projections",Open-person fixture with no-mutation assertion.,Explicit failure/preservation clause in the statement is preserved; No unrelated authoritative state is modified,,VERIFIED,"Requirement CAN-LAM-PERSON-092 source locator lines 1850-1850 and Codebase evidence ['Codebase/mobile/openapi/lib/model/merge_person_dto.dart', 'Codebase/mobile/openapi/lib/model/person_create_dto.dart'] support placement in WP-I5-013.",requirements.csv:lines 1850-1850; reviewed-actionable-requirements-v3.csv:CAN-LAM-PERSON-092; code_evidence_references,PASS_B_INDEPENDENT_EVIDENCE_REVIEWER,2026-08-06-pass-b-v2,VERIFIED
WP-I7-010,CAN-LAM-PERSON-093,WP-I7-010,WP-I7-010,Metadata,People and face privacy,"Reviewed cross-capability package: People and face privacy is a shared architectural surface used by Asset viewer, Metadata, People and faces. Membership is linked by the same contract/record/workflow boundary, not source order or capacity.",Codebase/server/src/controllers/asset.controller.ts;Codebase/server/src/repositories/metadata.repository.ts;Codebase/server/src/services/metadata.service.ts;Codebase/web/src/lib/components/asset-viewer/DetailPanelDate.svelte,"Contracts affected by requirements CAN-LAM-ARCH-298, CAN-LAM-ARCH-299, CAN-LAM-ASSET-137, CAN-LAM-PERSON-093, CAN-LAM-PERSON-094, CAN-LAM-PERSON-096; registry references are resolved in the package packet.","Schemas affected by requirements CAN-LAM-ARCH-298, CAN-LAM-ARCH-299, CAN-LAM-ASSET-137, CAN-LAM-PERSON-093, CAN-LAM-PERSON-094, CAN-LAM-PERSON-096; schema paths are resolved in the package packet.",Face-box privacy fixture.,Typed failure result; no partial authoritative state is claimed; No unrelated authoritative state is modified,,VERIFIED,"Requirement CAN-LAM-PERSON-093 source locator lines 1953-1953 and Codebase evidence ['Codebase/server/src/controllers/asset.controller.ts', 'Codebase/server/src/repositories/metadata.repository.ts'] support placement in WP-I7-010.",requirements.csv:lines 1953-1953; reviewed-actionable-requirements-v3.csv:CAN-LAM-PERSON-093; code_evidence_references,PASS_B_INDEPENDENT_EVIDENCE_REVIEWER,2026-08-06-pass-b-v2,VERIFIED
WP-I7-010,CAN-LAM-PERSON-094,WP-I7-010,WP-I7-010,People and faces,People and face privacy,"Reviewed cross-capability package: People and face privacy is a shared architectural surface used by Asset viewer, Metadata, People and faces. Membership is linked by the same contract/record/workflow boundary, not source order or capacity.",Codebase/server/src/services/person.service.ts;Codebase/web/src/lib/components/faces-page/PersonSidePanel.svelte;Codebase/web/src/routes/(user)/people/[personId]/[[photos=photos]]/[[assetId=id]]/+page.svelte;Codebase/web/src/routes/(user)/people/[personId]/[[photos=photos]]/[[assetId=id]]/+page.ts,"Contracts affected by requirements CAN-LAM-ARCH-298, CAN-LAM-ARCH-299, CAN-LAM-ASSET-137, CAN-LAM-PERSON-093, CAN-LAM-PERSON-094, CAN-LAM-PERSON-096; registry references are resolved in the package packet.","Schemas affected by requirements CAN-LAM-ARCH-298, CAN-LAM-ARCH-299, CAN-LAM-ASSET-137, CAN-LAM-PERSON-093, CAN-LAM-PERSON-094, CAN-LAM-PERSON-096; schema paths are resolved in the package packet.",Assignment-privacy fixture.,Typed failure result; no partial authoritative state is claimed; No unrelated authoritative state is modified,,VERIFIED,"Requirement CAN-LAM-PERSON-094 source locator lines 1954-1954 and Codebase evidence ['Codebase/server/src/services/person.service.ts', 'Codebase/web/src/lib/components/faces-page/PersonSidePanel.svelte'] support placement in WP-I7-010.",requirements.csv:lines 1954-1954; reviewed-actionable-requirements-v3.csv:CAN-LAM-PERSON-094; code_evidence_references,PASS_B_INDEPENDENT_EVIDENCE_REVIEWER,2026-08-06-pass-b-v2,VERIFIED
WP-I7-010,CAN-LAM-PERSON-096,WP-I7-010,WP-I7-010,People and faces,People and face privacy,"Reviewed cross-capability package: People and face privacy is a shared architectural surface used by Asset viewer, Metadata, People and faces. Membership is linked by the same contract/record/workflow boundary, not source order or capacity.",Codebase/server/src/services/person.service.ts;Codebase/web/src/lib/components/faces-page/PersonSidePanel.svelte;Codebase/web/src/routes/(user)/people/[personId]/[[photos=photos]]/[[assetId=id]]/+page.svelte;Codebase/web/src/routes/(user)/people/[personId]/[[photos=photos]]/[[assetId=id]]/+page.ts,"Contracts affected by requirements CAN-LAM-ARCH-298, CAN-LAM-ARCH-299, CAN-LAM-ASSET-137, CAN-LAM-PERSON-093, CAN-LAM-PERSON-094, CAN-LAM-PERSON-096; registry references are resolved in the package packet.","Schemas affected by requirements CAN-LAM-ARCH-298, CAN-LAM-ARCH-299, CAN-LAM-ASSET-137, CAN-LAM-PERSON-093, CAN-LAM-PERSON-094, CAN-LAM-PERSON-096; schema paths are resolved in the package packet.",One-person privacy fixture.,Explicit failure/preservation clause in the statement is preserved; Explicit preservation clause in the statement is preserved,,VERIFIED,"Requirement CAN-LAM-PERSON-096 source locator lines 1963-1963 and Codebase evidence ['Codebase/server/src/services/person.service.ts', 'Codebase/web/src/lib/components/faces-page/PersonSidePanel.svelte'] support placement in WP-I7-010.",requirements.csv:lines 1963-1963; reviewed-actionable-requirements-v3.csv:CAN-LAM-PERSON-096; code_evidence_references,PASS_B_INDEPENDENT_EVIDENCE_REVIEWER,2026-08-06-pass-b-v2,VERIFIED
WP-I14-013,CAN-LAM-PERSON-098,WP-I14-013,WP-I14-013,People and faces,Accessibility semantics and keyboard operation,All members require equivalent accessible actions and state for pointer-driven surfaces.,Codebase/web/src/lib/components/faces-page/PeopleSearch.svelte;Codebase/web/src/routes/(user)/people/+page.svelte;Codebase/web/src/routes/(user)/people/+page.ts;Codebase/web/src/routes/(user)/people/[personId]/[[photos=photos]]/[[assetId=id]]/PeopleList.svelte,Accessibility semantics contracts,Accessibility evidence records,People-browsing fixture.,Explicit failure/preservation clause in the statement is preserved; Explicit preservation clause in the statement is preserved,,VERIFIED,"Requirement CAN-LAM-PERSON-098 source locator lines 2116-2116 and Codebase evidence ['Codebase/web/src/lib/components/faces-page/PeopleSearch.svelte', 'Codebase/web/src/routes/(user)/people/+page.svelte'] support placement in WP-I14-013.",requirements.csv:lines 2116-2116; reviewed-actionable-requirements-v3.csv:CAN-LAM-PERSON-098; code_evidence_references,PASS_B_INDEPENDENT_EVIDENCE_REVIEWER,2026-08-06-pass-b-v2,VERIFIED
WP-I7-007,CAN-LAM-PERSON-121,WP-I7-007,WP-I7-007,People and faces,Group identity model,"The package is bounded to the group identity model architectural surface and its direct contracts, records, and tests.",Codebase/web/src/lib/components/faces-page/AssignFaceSidePanel.svelte;Codebase/web/src/lib/components/faces-page/PeopleSearch.svelte;Codebase/web/src/routes/(user)/people/[personId]/[[photos=photos]]/[[assetId=id]]/MergeFaceSelector.svelte;Codebase/web/src/routes/(user)/people/[personId]/[[photos=photos]]/[[assetId=id]]/UnmergeFaceSelector.svelte,"Contracts affected by requirements CAN-FAIL-15, CAN-LAM-ARCH-120, CAN-LAM-ARCH-383, CAN-LAM-ARCH-384, CAN-LAM-EVENT-041, CAN-LAM-INV-PERSON-01, CAN-LAM-PERSON-010, CAN-LAM-PERSON-013...; registry references are resolved in the package packet.","Schemas affected by requirements CAN-FAIL-15, CAN-LAM-ARCH-120, CAN-LAM-ARCH-383, CAN-LAM-ARCH-384, CAN-LAM-EVENT-041, CAN-LAM-INV-PERSON-01, CAN-LAM-PERSON-010, CAN-LAM-PERSON-013...; schema paths are resolved in the package packet.",Subgroup fixture with projection checks.,Typed failure result; no partial authoritative state is claimed; No unrelated authoritative state is modified,,VERIFIED,"Requirement CAN-LAM-PERSON-121 source locator lines 1441-1441 and Codebase evidence ['Codebase/web/src/lib/components/faces-page/AssignFaceSidePanel.svelte', 'Codebase/web/src/lib/components/faces-page/PeopleSearch.svelte'] support placement in WP-I7-007.",requirements.csv:lines 1441-1441; reviewed-actionable-requirements-v3.csv:CAN-LAM-PERSON-121; code_evidence_references,PASS_B_INDEPENDENT_EVIDENCE_REVIEWER,2026-08-06-pass-b-v2,VERIFIED
WP-I5-006,CAN-LAM-SEARCH-007,WP-I5-006,WP-I5-006,Albums and favorites,Albums and favorites,"Reviewed cross-capability package: Albums and favorites is a shared architectural surface used by Albums and favorites, Asset viewer, Gallery and timeline, Metadata. Membership is linked by the same contract/record/workflow boundary, not source order or capacity.",Codebase/web/src/lib/components/album-page/AlbumsList.svelte;Codebase/web/src/routes/(user)/albums/+page.svelte;Codebase/web/src/routes/(user)/albums/+page.ts;Codebase/web/src/routes/(user)/albums/AlbumsControls.svelte,"Contracts affected by requirements CAN-LAM-ARCH-027, CAN-LAM-ARCH-028, CAN-LAM-ARCH-079, CAN-LAM-ARCH-080, CAN-LAM-ARCH-231, CAN-LAM-ARCH-232, CAN-LAM-ARCH-233, CAN-LAM-ARCH-234...; registry references are resolved in the package packet.","Schemas affected by requirements CAN-LAM-ARCH-027, CAN-LAM-ARCH-028, CAN-LAM-ARCH-079, CAN-LAM-ARCH-080, CAN-LAM-ARCH-231, CAN-LAM-ARCH-232, CAN-LAM-ARCH-233, CAN-LAM-ARCH-234...; schema paths are resolved in the package packet.",Album-filter fixture.,Typed failure result; no partial authoritative state is claimed; No unrelated authoritative state is modified,,VERIFIED,"Requirement CAN-LAM-SEARCH-007 source locator lines 1713-1713 and Codebase evidence ['Codebase/web/src/lib/components/album-page/AlbumsList.svelte', 'Codebase/web/src/routes/(user)/albums/+page.svelte'] support placement in WP-I5-006.",requirements.csv:lines 1713-1713; reviewed-actionable-requirements-v3.csv:CAN-LAM-SEARCH-007; code_evidence_references,PASS_B_INDEPENDENT_EVIDENCE_REVIEWER,2026-08-06-pass-b-v2,VERIFIED
WP-I5-006,CAN-LAM-SEARCH-008,WP-I5-006,WP-I5-006,Gallery and timeline,Albums and favorites,"Reviewed cross-capability package: Albums and favorites is a shared architectural surface used by Albums and favorites, Asset viewer, Gallery and timeline, Metadata. Membership is linked by the same contract/record/workflow boundary, not source order or capacity.",Codebase/server/src/repositories/asset.repository.ts;Codebase/server/src/services/timeline.service.ts;Codebase/web/src/lib/managers/timeline-manager/internal/search-support.svelte.spec.ts;Codebase/web/src/lib/managers/timeline-manager/internal/search-support.svelte.ts,"Contracts affected by requirements CAN-LAM-ARCH-027, CAN-LAM-ARCH-028, CAN-LAM-ARCH-079, CAN-LAM-ARCH-080, CAN-LAM-ARCH-231, CAN-LAM-ARCH-232, CAN-LAM-ARCH-233, CAN-LAM-ARCH-234...; registry references are resolved in the package packet.","Schemas affected by requirements CAN-LAM-ARCH-027, CAN-LAM-ARCH-028, CAN-LAM-ARCH-079, CAN-LAM-ARCH-080, CAN-LAM-ARCH-231, CAN-LAM-ARCH-232, CAN-LAM-ARCH-233, CAN-LAM-ARCH-234...; schema paths are resolved in the package packet.",Favorites search fixture with filter checks.,Typed failure result; no partial authoritative state is claimed; No unrelated authoritative state is modified,,VERIFIED,"Requirement CAN-LAM-SEARCH-008 source locator lines 1722-1722 and Codebase evidence ['Codebase/server/src/repositories/asset.repository.ts', 'Codebase/server/src/services/timeline.service.ts'] support placement in WP-I5-006.",requirements.csv:lines 1722-1722; reviewed-actionable-requirements-v3.csv:CAN-LAM-SEARCH-008; code_evidence_references,PASS_B_INDEPENDENT_EVIDENCE_REVIEWER,2026-08-06-pass-b-v2,VERIFIED
WP-I0-011,CAN-LAM-TEST-020,WP-I0-011,WP-I0-011,Active-plan authority adoption,Active-plan authority adoption,"Every member governs planning execution authority, evidence completion, or audit completeness rather than a product feature.",,Planning tracker and completion-status contracts,Completion tracker and planning evidence records,"Given the active risk register, when risk validation runs, then every high or critical risk links an existing runnable check and owning package gate; a missing link fails validation.",Explicit failure/preservation clause in the statement is preserved; No unrelated authoritative state is modified,,VERIFIED,Requirement CAN-LAM-TEST-020 source locator lines 1752-1752 and Codebase evidence [] support placement in WP-I0-011.,requirements.csv:lines 1752-1752; reviewed-actionable-requirements-v3.csv:CAN-LAM-TEST-020; code_evidence_references,PASS_B_INDEPENDENT_EVIDENCE_REVIEWER,2026-08-06-pass-b-v2,VERIFIED
WP-I0-011,CAN-LAM-TEST-021,WP-I0-011,WP-I0-011,Active-plan authority adoption,Active-plan authority adoption,"Every member governs planning execution authority, evidence completion, or audit completeness rather than a product feature.",Codebase/mobile/lib/presentation/widgets/images/animated_image_stream_completer.dart;Codebase/mobile/lib/presentation/widgets/images/one_frame_multi_image_stream_completer.dart;Codebase/mobile/lib/presentation/widgets/map/map_utils.dart;Codebase/server/test/medium/specs/sync/sync-complete.spec.ts,Planning tracker and completion-status contracts,Completion tracker and planning evidence records,"Given a package proposed as complete, when completion validation runs, then every applicable check and evidence link passes and any missing, stale, or generic proof leaves the package incomplete.",Explicit failure/preservation clause in the statement is preserved; No unrelated authoritative state is modified,,VERIFIED,"Requirement CAN-LAM-TEST-021 source locator lines 1809-1809 and Codebase evidence ['Codebase/mobile/lib/presentation/widgets/images/animated_image_stream_completer.dart', 'Codebase/mobile/lib/presentation/widgets/images/one_frame_multi_image_stream_completer.dart'] support placement in WP-I0-011.",requirements.csv:lines 1809-1809; reviewed-actionable-requirements-v3.csv:CAN-LAM-TEST-021; code_evidence_references,PASS_B_INDEPENDENT_EVIDENCE_REVIEWER,2026-08-06-pass-b-v2,VERIFIED
WP-I0-011,CAN-MISSION-I0-011,WP-I0-011,WP-I0-011,Repository proof and feasibility,Active-plan authority adoption,"Every member governs planning execution authority, evidence completion, or audit completeness rather than a product feature.",,Planning tracker and completion-status contracts,Completion tracker and planning evidence records,"Given the initial outside-Graphify SHA-256 manifest, when I0 inspection finishes, then a fresh manifest reports zero added, removed, modified, or renamed paths.",Typed failure result; no partial authoritative state is claimed; Explicit preservation clause in the statement is preserved,,VERIFIED,Requirement CAN-MISSION-I0-011 source locator attached mission and Codebase evidence [] support placement in WP-I0-011.,requirements.csv:attached mission; reviewed-actionable-requirements-v3.csv:CAN-MISSION-I0-011; code_evidence_references,PASS_B_INDEPENDENT_EVIDENCE_REVIEWER,2026-08-06-pass-b-v2,VERIFIED
WP-I14-013,CAN-MISSION-I14-002,WP-I14-013,WP-I14-013,Gallery and timeline,Accessibility semantics and keyboard operation,All members require equivalent accessible actions and state for pointer-driven surfaces.,,Accessibility semantics contracts,Accessibility evidence records,"Given each interface with pointer input unavailable, when accessibility checks run, then every supported action is reachable by keyboard and assistive technology and equivalent state is announced or displayed non-visually.",Typed failure result; no partial authoritative state is claimed; No unrelated authoritative state is modified,,VERIFIED,Requirement CAN-MISSION-I14-002 source locator attached mission and Codebase evidence [] support placement in WP-I14-013.,requirements.csv:attached mission; reviewed-actionable-requirements-v3.csv:CAN-MISSION-I14-002; code_evidence_references,PASS_B_INDEPENDENT_EVIDENCE_REVIEWER,2026-08-06-pass-b-v2,VERIFIED
WP-I11-010,CAN-SECTION-0120,WP-I11-010,WP-I11-010,Asset identity and records,Metadata snapshots and restore,"Reviewed cross-capability package: Metadata snapshots and restore is a shared architectural surface used by Duplicates, Editing, Metadata. Membership is linked by the same contract/record/workflow boundary, not source order or capacity.",Codebase/mobile/openapi/lib/model/asset_response_dto.dart;Codebase/mobile/openapi/lib/model/metadata_search_dto.dart;Codebase/mobile/openapi/lib/model/sync_asset_v1.dart;Codebase/mobile/openapi/lib/model/sync_asset_v2.dart,"Contracts affected by requirements CAN-LAM-ARCH-398, CAN-LAM-GOV-018, CAN-LAM-META-019, CAN-LAM-META-075, CAN-SECTION-0120; registry references are resolved in the package packet.","Schemas affected by requirements CAN-LAM-ARCH-398, CAN-LAM-GOV-018, CAN-LAM-META-019, CAN-LAM-META-075, CAN-SECTION-0120; schema paths are resolved in the package packet.","Given an asset with original filename and metadata, when a metadata edit, snapshot restore, or privacy-clean export runs, then the original media hash and original filename provenance remain unchanged, the authoritative revision is observable, and conflicts return a typed review item.",Explicit failure/preservation clause in the statement is preserved; Explicit preservation clause in the statement is preserved,,VERIFIED,"Requirement CAN-SECTION-0120 source locator section aggregate and Codebase evidence ['Codebase/mobile/openapi/lib/model/asset_response_dto.dart', 'Codebase/mobile/openapi/lib/model/metadata_search_dto.dart'] support placement in WP-I11-010.",requirements.csv:section aggregate; reviewed-actionable-requirements-v3.csv:CAN-SECTION-0120; code_evidence_references,PASS_B_INDEPENDENT_EVIDENCE_REVIEWER,2026-08-06-pass-b-v2,VERIFIED
