Dependent package,Prerequisite package,Candidate dependency type,Final dependency type,Technical prerequisite supplied,Consuming behaviour,Exact contract/schema/component relationship,Evidence,Alternative considered,Artificial adjacency,Candidate decision,Final decision,Item-specific rationale,Reviewer role,Review revision,Review status
WP-I0-002,WP-I0-001,REQUIRES_PROVENANCE,REQUIRES_PROVENANCE,Git-state inspection uses the resolved repository identity and read-only boundary established by the provenance baseline.,Git-state inspection uses the resolved repository identity and read-only boundary established by the provenance baseline.,I0 provenance and Git-state package boundaries,I0 provenance and Git-state package boundaries,,false,CONFIRMED,CONFIRMED,WP-I0-002 consumes WP-I0-001 because Git-state inspection uses the resolved repository identity and read-only boundary established by the provenance baseline.,PASS_B_DEPENDENCY_REVIEWER,2026-08-06-pass-b,REVIEWED_CONFIRMED
WP-I0-003,WP-I0-001,REQUIRES_PROVENANCE,REQUIRES_PROVENANCE,The repository hash manifest requires the resolved roots and exclusion boundary from the provenance baseline.,The repository hash manifest requires the resolved roots and exclusion boundary from the provenance baseline.,I0 integrity baseline,I0 integrity baseline,,false,CONFIRMED,CONFIRMED,WP-I0-003 consumes WP-I0-001 because The repository hash manifest requires the resolved roots and exclusion boundary from the provenance baseline.,PASS_B_DEPENDENCY_REVIEWER,2026-08-06-pass-b,REVIEWED_CONFIRMED
WP-I0-004,WP-I0-001,REQUIRES_PROVENANCE,REQUIRES_PROVENANCE,Manifest conflict analysis requires the existing-file inventory and repository identity before comparing declarations.,Manifest conflict analysis requires the existing-file inventory and repository identity before comparing declarations.,I0 manifest investigation,I0 manifest investigation,,false,CONFIRMED,CONFIRMED,WP-I0-004 consumes WP-I0-001 because Manifest conflict analysis requires the existing-file inventory and repository identity before comparing declarations.,PASS_B_DEPENDENCY_REVIEWER,2026-08-06-pass-b,REVIEWED_CONFIRMED
WP-I0-005,WP-I0-004,REQUIRES_DECISION,REQUIRES_DECISION,Toolchain inventory must interpret the reviewed manifest and lockfile conflicts rather than assume a toolchain.,Toolchain inventory must interpret the reviewed manifest and lockfile conflicts rather than assume a toolchain.,Toolchain and mixed-version packages,Toolchain and mixed-version packages,,false,CONFIRMED,CONFIRMED,WP-I0-005 consumes WP-I0-004 because Toolchain inventory must interpret the reviewed manifest and lockfile conflicts rather than assume a toolchain.,PASS_B_DEPENDENCY_REVIEWER,2026-08-06-pass-b,REVIEWED_CONFIRMED
WP-I0-006,WP-I0-001,REQUIRES_PROVENANCE,REQUIRES_PROVENANCE,Build-output isolation rules require the read-only repository provenance and integrity boundary to be recorded first; no repository copy or build is created by either package.,Build-output isolation rules require the read-only repository provenance and integrity boundary to be recorded first; no repository copy or build is created by either package.,Prior curated dependency source: Build-output isolation rules require the read-only repository provenance and integrity boundary to be recorded first; no repository copy or build is created by either package.,Prior curated dependency source: Build-output isolation rules require the read-only repository provenance and integrity boundary to be recorded first; no repository copy or build is created by either package.,,false,CONFIRMED,CONFIRMED,WP-I0-006 consumes WP-I0-001 because Build-output isolation rules require the read-only repository provenance and integrity boundary to be recorded first; no repository copy or build is created by either package.,PASS_B_DEPENDENCY_REVIEWER,2026-08-06-pass-b,REVIEWED_CONFIRMED
WP-I0-007,WP-I0-004,REQUIRES_PLATFORM_PROOF,REQUIRES_PLATFORM_PROOF,Build proof requires resolution of manifest and lockfile version conflicts.,Build proof requires resolution of manifest and lockfile version conflicts.,Prior curated dependency source: Build proof requires resolution of manifest and lockfile version conflicts.,Prior curated dependency source: Build proof requires resolution of manifest and lockfile version conflicts.,,false,CONFIRMED,CONFIRMED,WP-I0-007 consumes WP-I0-004 because Build proof requires resolution of manifest and lockfile version conflicts.,PASS_B_DEPENDENCY_REVIEWER,2026-08-06-pass-b,REVIEWED_CONFIRMED
WP-I0-007,WP-I0-005,REQUIRES_RUNTIME,REQUIRES_RUNTIME,A baseline build requires the repository-declared toolchain inventory.,A baseline build requires the repository-declared toolchain inventory.,Prior curated dependency source: A baseline build requires the repository-declared toolchain inventory.,Prior curated dependency source: A baseline build requires the repository-declared toolchain inventory.,,false,CONFIRMED,CONFIRMED,WP-I0-007 consumes WP-I0-005 because A baseline build requires the repository-declared toolchain inventory.,PASS_B_DEPENDENCY_REVIEWER,2026-08-06-pass-b,REVIEWED_CONFIRMED
WP-I0-008,WP-I0-001,REQUIRES_PROVENANCE,REQUIRES_PROVENANCE,Missing-fixture classification requires the complete existing-file inventory to distinguish absence from an excluded path.,Missing-fixture classification requires the complete existing-file inventory to distinguish absence from an excluded path.,I0 fixture classification,I0 fixture classification,,false,CONFIRMED,CONFIRMED,WP-I0-008 consumes WP-I0-001 because Missing-fixture classification requires the complete existing-file inventory to distinguish absence from an excluded path.,PASS_B_DEPENDENCY_REVIEWER,2026-08-06-pass-b,REVIEWED_CONFIRMED
WP-I0-009,WP-I0-001,REQUIRES_PROVENANCE,REQUIRES_PROVENANCE,Frontend coupling inventory requires the resolved read-only repository corpus and exact current paths.,Frontend coupling inventory requires the resolved read-only repository corpus and exact current paths.,I0 frontend inventory,I0 frontend inventory,,false,CONFIRMED,CONFIRMED,WP-I0-009 consumes WP-I0-001 because Frontend coupling inventory requires the resolved read-only repository corpus and exact current paths.,PASS_B_DEPENDENCY_REVIEWER,2026-08-06-pass-b,REVIEWED_CONFIRMED
WP-I0-010,WP-I0-001,REQUIRES_PROVENANCE,REQUIRES_PROVENANCE,Outbound and commercial integration inventory requires the complete resolved repository corpus.,Outbound and commercial integration inventory requires the complete resolved repository corpus.,I0 outbound inventory,I0 outbound inventory,,false,CONFIRMED,CONFIRMED,WP-I0-010 consumes WP-I0-001 because Outbound and commercial integration inventory requires the complete resolved repository corpus.,PASS_B_DEPENDENCY_REVIEWER,2026-08-06-pass-b,REVIEWED_CONFIRMED
WP-I0-011,WP-I0-001,REQUIRES_PROVENANCE,REQUIRES_PROVENANCE,Active-plan authority adoption depends on the proven read/write boundary and repository identity.,Active-plan authority adoption depends on the proven read/write boundary and repository identity.,I0 plan authority,I0 plan authority,,false,CONFIRMED,CONFIRMED,WP-I0-011 consumes WP-I0-001 because Active-plan authority adoption depends on the proven read/write boundary and repository identity.,PASS_B_DEPENDENCY_REVIEWER,2026-08-06-pass-b,REVIEWED_CONFIRMED
WP-I1-001,WP-I0-001,REQUIRES_PROVENANCE,REQUIRES_PROVENANCE,Brand inventory must inspect the proven existing corpus before any visible or package identity changes.,Brand inventory must inspect the proven existing corpus before any visible or package identity changes.,Brand inventory scope,Brand inventory scope,,false,CONFIRMED,CONFIRMED,WP-I1-001 consumes WP-I0-001 because Brand inventory must inspect the proven existing corpus before any visible or package identity changes.,PASS_B_DEPENDENCY_REVIEWER,2026-08-06-pass-b,REVIEWED_CONFIRMED
WP-I1-002,WP-I1-001,REQUIRES_DECISION,REQUIRES_DECISION,Visible rebranding requires the reviewed brand and identity inventory.,Visible rebranding requires the reviewed brand and identity inventory.,Brand decision boundary,Brand decision boundary,,false,CONFIRMED,CONFIRMED,WP-I1-002 consumes WP-I1-001 because Visible rebranding requires the reviewed brand and identity inventory.,PASS_B_DEPENDENCY_REVIEWER,2026-08-06-pass-b,REVIEWED_CONFIRMED
WP-I1-003,WP-I1-001,REQUIRES_DECISION,REQUIRES_DECISION,Package and bundle identity must use the same reviewed canonical brand identity.,Package and bundle identity must use the same reviewed canonical brand identity.,Package identity decision,Package identity decision,,false,CONFIRMED,CONFIRMED,WP-I1-003 consumes WP-I1-001 because Package and bundle identity must use the same reviewed canonical brand identity.,PASS_B_DEPENDENCY_REVIEWER,2026-08-06-pass-b,REVIEWED_CONFIRMED
WP-I1-004,WP-I1-001,REQUIRES_DECISION,REQUIRES_DECISION,Brand asset replacement requires the approved asset inventory and canonical identity.,Brand asset replacement requires the approved asset inventory and canonical identity.,Brand asset inventory,Brand asset inventory,,false,CONFIRMED,CONFIRMED,WP-I1-004 consumes WP-I1-001 because Brand asset replacement requires the approved asset inventory and canonical identity.,PASS_B_DEPENDENCY_REVIEWER,2026-08-06-pass-b,REVIEWED_CONFIRMED
WP-I1-005,WP-I1-001,REQUIRES_PROVENANCE,REQUIRES_PROVENANCE,Licence and attribution preservation requires the complete brand and legal-file inventory.,Licence and attribution preservation requires the complete brand and legal-file inventory.,Legal and attribution inventory,Legal and attribution inventory,,false,CONFIRMED,CONFIRMED,WP-I1-005 consumes WP-I1-001 because Licence and attribution preservation requires the complete brand and legal-file inventory.,PASS_B_DEPENDENCY_REVIEWER,2026-08-06-pass-b,REVIEWED_CONFIRMED
WP-I10-001,WP-I2-007,REQUIRES_SECURITY_BOUNDARY,REQUIRES_SECURITY_BOUNDARY,"Rust owns worker launch, transport, and cancellation.","Rust owns worker launch, transport, and cancellation.","Prior curated dependency source: Rust owns worker launch, transport, and cancellation.","Prior curated dependency source: Rust owns worker launch, transport, and cancellation.",,false,CONFIRMED,CONFIRMED,"WP-I10-001 consumes WP-I2-007 because Rust owns worker launch, transport, and cancellation.",PASS_B_DEPENDENCY_REVIEWER,2026-08-06-pass-b,REVIEWED_CONFIRMED
WP-I10-002,WP-I10-001,REQUIRES_AI_WORKER,REQUIRES_AI_WORKER,Private local transport requires the Rust-owned worker lifecycle and cancellation authority.,Private local transport requires the Rust-owned worker lifecycle and cancellation authority.,AI worker protocol,AI worker protocol,,false,CONFIRMED,CONFIRMED,WP-I10-002 consumes WP-I10-001 because Private local transport requires the Rust-owned worker lifecycle and cancellation authority.,PASS_B_DEPENDENCY_REVIEWER,2026-08-06-pass-b,REVIEWED_CONFIRMED
WP-I10-003,WP-I0-005,REQUIRES_COMPONENT_DECISION,REQUIRES_COMPONENT_DECISION,Runtime/model feasibility starts from the I0 component inventory.,Runtime/model feasibility starts from the I0 component inventory.,Prior curated dependency source: Runtime/model feasibility starts from the I0 component inventory.,Prior curated dependency source: Runtime/model feasibility starts from the I0 component inventory.,,false,CONFIRMED,CONFIRMED,WP-I10-003 consumes WP-I0-005 because Runtime/model feasibility starts from the I0 component inventory.,PASS_B_DEPENDENCY_REVIEWER,2026-08-06-pass-b,REVIEWED_CONFIRMED
WP-I10-004,WP-I10-003,REQUIRES_MODEL_REGISTRY,REQUIRES_MODEL_REGISTRY,Model checksums and compatibility are properties of versioned model registry entries.,Model checksums and compatibility are properties of versioned model registry entries.,Model registry schema,Model registry schema,,false,CONFIRMED,CONFIRMED,WP-I10-004 consumes WP-I10-003 because Model checksums and compatibility are properties of versioned model registry entries.,PASS_B_DEPENDENCY_REVIEWER,2026-08-06-pass-b,REVIEWED_CONFIRMED
WP-I10-005,WP-I10-003,REQUIRES_MODEL_REGISTRY,REQUIRES_MODEL_REGISTRY,Hardware assessment evaluates the runtime requirements declared by model registry entries.,Hardware assessment evaluates the runtime requirements declared by model registry entries.,Model registry component requirements,Model registry component requirements,,false,CONFIRMED,CONFIRMED,WP-I10-005 consumes WP-I10-003 because Hardware assessment evaluates the runtime requirements declared by model registry entries.,PASS_B_DEPENDENCY_REVIEWER,2026-08-06-pass-b,REVIEWED_CONFIRMED
WP-I10-006,WP-I10-001,REQUIRES_AI_WORKER,REQUIRES_AI_WORKER,The local scheduler requires a supervised worker lifecycle and typed cancellation.,The local scheduler requires a supervised worker lifecycle and typed cancellation.,AI worker lifecycle,AI worker lifecycle,,false,CONFIRMED,CONFIRMED,WP-I10-006 consumes WP-I10-001 because The local scheduler requires a supervised worker lifecycle and typed cancellation.,PASS_B_DEPENDENCY_REVIEWER,2026-08-06-pass-b,REVIEWED_CONFIRMED
WP-I10-007,WP-I10-001,REQUIRES_WORKER,REQUIRES_WORKER,Task state is enforced by the owned worker lifecycle.,Task state is enforced by the owned worker lifecycle.,Prior curated dependency source: Task state is enforced by the owned worker lifecycle.,Prior curated dependency source: Task state is enforced by the owned worker lifecycle.,,false,CONFIRMED,CONFIRMED,WP-I10-007 consumes WP-I10-001 because Task state is enforced by the owned worker lifecycle.,PASS_B_DEPENDENCY_REVIEWER,2026-08-06-pass-b,REVIEWED_CONFIRMED
WP-I10-008,WP-I10-007,REQUIRES_SCHEMA,REQUIRES_SCHEMA,"Progress, retry, and cancellation require durable per-task queue identity and state.","Progress, retry, and cancellation require durable per-task queue identity and state.",AI task schema,AI task schema,,false,CONFIRMED,CONFIRMED,"WP-I10-008 consumes WP-I10-007 because Progress, retry, and cancellation require durable per-task queue identity and state.",PASS_B_DEPENDENCY_REVIEWER,2026-08-06-pass-b,REVIEWED_CONFIRMED
WP-I10-009,WP-I10-003,REQUIRES_COMPONENT_DECISION,REQUIRES_COMPONENT_DECISION,OCR requires an approved model/runtime component.,OCR requires an approved model/runtime component.,Prior curated dependency source: OCR requires an approved model/runtime component.,Prior curated dependency source: OCR requires an approved model/runtime component.,,false,CONFIRMED,CONFIRMED,WP-I10-009 consumes WP-I10-003 because OCR requires an approved model/runtime component.,PASS_B_DEPENDENCY_REVIEWER,2026-08-06-pass-b,REVIEWED_CONFIRMED
WP-I10-010,WP-I10-001,REQUIRES_WORKER,REQUIRES_WORKER,Semantic search consumes embeddings from the owned local worker.,Semantic search consumes embeddings from the owned local worker.,Prior curated dependency source: Semantic search consumes embeddings from the owned local worker.,Prior curated dependency source: Semantic search consumes embeddings from the owned local worker.,,false,CONFIRMED,CONFIRMED,WP-I10-010 consumes WP-I10-001 because Semantic search consumes embeddings from the owned local worker.,PASS_B_DEPENDENCY_REVIEWER,2026-08-06-pass-b,REVIEWED_CONFIRMED
WP-I10-010,WP-I10-003,REQUIRES_COMPONENT_DECISION,REQUIRES_COMPONENT_DECISION,Embeddings require an approved model/runtime component.,Embeddings require an approved model/runtime component.,Prior curated dependency source: Embeddings require an approved model/runtime component.,Prior curated dependency source: Embeddings require an approved model/runtime component.,,false,CONFIRMED,CONFIRMED,WP-I10-010 consumes WP-I10-003 because Embeddings require an approved model/runtime component.,PASS_B_DEPENDENCY_REVIEWER,2026-08-06-pass-b,REVIEWED_CONFIRMED
WP-I10-011,WP-I3-002,REQUIRES_SCHEMA,REQUIRES_SCHEMA,Duplicate candidates reference stable asset identities and hashes.,Duplicate candidates reference stable asset identities and hashes.,Prior curated dependency source: Duplicate candidates reference stable asset identities and hashes.,Prior curated dependency source: Duplicate candidates reference stable asset identities and hashes.,,false,CONFIRMED,CONFIRMED,WP-I10-011 consumes WP-I3-002 because Duplicate candidates reference stable asset identities and hashes.,PASS_B_DEPENDENCY_REVIEWER,2026-08-06-pass-b,REVIEWED_CONFIRMED
WP-I10-012,WP-I10-003,REQUIRES_MODEL_REGISTRY,REQUIRES_MODEL_REGISTRY,"Location proposals must pin the selected model, version, and compatibility evidence.","Location proposals must pin the selected model, version, and compatibility evidence.",AI candidate and model schemas,AI candidate and model schemas,,false,CONFIRMED,CONFIRMED,"WP-I10-012 consumes WP-I10-003 because Location proposals must pin the selected model, version, and compatibility evidence.",PASS_B_DEPENDENCY_REVIEWER,2026-08-06-pass-b,REVIEWED_CONFIRMED
WP-I10-013,WP-I5-010,REQUIRES_REVIEW_PROTOCOL,REQUIRES_REVIEW_PROTOCOL,AI suppression and invalidation require the Review Centre decision states and history semantics.,AI suppression and invalidation require the Review Centre decision states and history semantics.,Review item and AI candidate schemas,Review item and AI candidate schemas,,false,CONFIRMED,CONFIRMED,WP-I10-013 consumes WP-I5-010 because AI suppression and invalidation require the Review Centre decision states and history semantics.,PASS_B_DEPENDENCY_REVIEWER,2026-08-06-pass-b,REVIEWED_CONFIRMED
WP-I11-001,WP-I3-006,REQUIRES_STORAGE,REQUIRES_STORAGE,Metadata mutation persists via the safe sidecar protocol.,Metadata mutation persists via the safe sidecar protocol.,Prior curated dependency source: Metadata mutation persists via the safe sidecar protocol.,Prior curated dependency source: Metadata mutation persists via the safe sidecar protocol.,,false,CONFIRMED,CONFIRMED,WP-I11-001 consumes WP-I3-006 because Metadata mutation persists via the safe sidecar protocol.,PASS_B_DEPENDENCY_REVIEWER,2026-08-06-pass-b,REVIEWED_CONFIRMED
WP-I11-001,WP-I3-011,REQUIRES_CONTRACT,REQUIRES_CONTRACT,Mutating batches require previewed operation plans.,Mutating batches require previewed operation plans.,Prior curated dependency source: Mutating batches require previewed operation plans.,Prior curated dependency source: Mutating batches require previewed operation plans.,,false,CONFIRMED,CONFIRMED,WP-I11-001 consumes WP-I3-011 because Mutating batches require previewed operation plans.,PASS_B_DEPENDENCY_REVIEWER,2026-08-06-pass-b,REVIEWED_CONFIRMED
WP-I11-002,WP-I11-001,REQUIRES_COMMAND_CONTRACT,REQUIRES_COMMAND_CONTRACT,Batch metadata plans require the authority-aware editor command and conflict model.,Batch metadata plans require the authority-aware editor command and conflict model.,Metadata editor contract,Metadata editor contract,,false,CONFIRMED,CONFIRMED,WP-I11-002 consumes WP-I11-001 because Batch metadata plans require the authority-aware editor command and conflict model.,PASS_B_DEPENDENCY_REVIEWER,2026-08-06-pass-b,REVIEWED_CONFIRMED
WP-I11-003,WP-I11-001,REQUIRES_SCHEMA,REQUIRES_SCHEMA,Metadata privacy removal must read authority and provenance before planning field removal.,Metadata privacy removal must read authority and provenance before planning field removal.,Metadata authority editor,Metadata authority editor,,false,CONFIRMED,CONFIRMED,WP-I11-003 consumes WP-I11-001 because Metadata privacy removal must read authority and provenance before planning field removal.,PASS_B_DEPENDENCY_REVIEWER,2026-08-06-pass-b,REVIEWED_CONFIRMED
WP-I11-004,WP-I3-001,REQUIRES_SCHEMA,REQUIRES_SCHEMA,Non-destructive edits are versioned authoritative recipes.,Non-destructive edits are versioned authoritative recipes.,Prior curated dependency source: Non-destructive edits are versioned authoritative recipes.,Prior curated dependency source: Non-destructive edits are versioned authoritative recipes.,,false,CONFIRMED,CONFIRMED,WP-I11-004 consumes WP-I3-001 because Non-destructive edits are versioned authoritative recipes.,PASS_B_DEPENDENCY_REVIEWER,2026-08-06-pass-b,REVIEWED_CONFIRMED
WP-I11-006,WP-I11-004,REQUIRES_SCHEMA,REQUIRES_SCHEMA,Edited-copy export reads the revisioned non-destructive edit recipe record to materialize the output.,Edited-copy export reads the revisioned non-destructive edit recipe record to materialize the output.,Pass 2 technical DAG review; explicit technical prerequisite.,Pass 2 technical DAG review; explicit technical prerequisite.,,false,CONFIRMED,CONFIRMED,WP-I11-006 consumes WP-I11-004 because Edited-copy export reads the revisioned non-destructive edit recipe record to materialize the output.,PASS_B_DEPENDENCY_REVIEWER,2026-08-06-pass-b,REVIEWED_CONFIRMED
WP-I11-006,WP-I3-012,REQUIRES_STORAGE,REQUIRES_STORAGE,Derivative export uses the filesystem transaction protocol.,Derivative export uses the filesystem transaction protocol.,Prior curated dependency source: Derivative export uses the filesystem transaction protocol.,Prior curated dependency source: Derivative export uses the filesystem transaction protocol.,,false,CONFIRMED,CONFIRMED,WP-I11-006 consumes WP-I3-012 because Derivative export uses the filesystem transaction protocol.,PASS_B_DEPENDENCY_REVIEWER,2026-08-06-pass-b,REVIEWED_CONFIRMED
WP-I11-009,WP-I11-003,REQUIRES_SCHEMA,REQUIRES_SCHEMA,Privacy export recipes require the reviewed privacy-removal field and preservation semantics.,Privacy export recipes require the reviewed privacy-removal field and preservation semantics.,Privacy export recipe schema,Privacy export recipe schema,,false,CONFIRMED,CONFIRMED,WP-I11-009 consumes WP-I11-003 because Privacy export recipes require the reviewed privacy-removal field and preservation semantics.,PASS_B_DEPENDENCY_REVIEWER,2026-08-06-pass-b,REVIEWED_CONFIRMED
WP-I11-010,WP-I3-006,REQUIRES_STORAGE,REQUIRES_STORAGE,Metadata snapshots and restore require the transactional sidecar write protocol.,Metadata snapshots and restore require the transactional sidecar write protocol.,Sidecar write and snapshot schemas,Sidecar write and snapshot schemas,,false,CONFIRMED,CONFIRMED,WP-I11-010 consumes WP-I3-006 because Metadata snapshots and restore require the transactional sidecar write protocol.,PASS_B_DEPENDENCY_REVIEWER,2026-08-06-pass-b,REVIEWED_CONFIRMED
WP-I11-011,WP-I3-015,REQUIRES_TRANSACTION_ENGINE,REQUIRES_TRANSACTION_ENGINE,Edit revision conflicts require record revision and optimistic concurrency preconditions.,Edit revision conflicts require record revision and optimistic concurrency preconditions.,Revision precondition contract,Revision precondition contract,,false,CONFIRMED,CONFIRMED,WP-I11-011 consumes WP-I3-015 because Edit revision conflicts require record revision and optimistic concurrency preconditions.,PASS_B_DEPENDENCY_REVIEWER,2026-08-06-pass-b,REVIEWED_CONFIRMED
WP-I11-012,WP-I3-014,REQUIRES_TRANSACTION_ENGINE,REQUIRES_TRANSACTION_ENGINE,Editing recovery requires the durable crash recovery engine and journal terminal states.,Editing recovery requires the durable crash recovery engine and journal terminal states.,Crash recovery engine,Crash recovery engine,,false,CONFIRMED,CONFIRMED,WP-I11-012 consumes WP-I3-014 because Editing recovery requires the durable crash recovery engine and journal terminal states.,PASS_B_DEPENDENCY_REVIEWER,2026-08-06-pass-b,REVIEWED_CONFIRMED
WP-I12-001,WP-I3-003,REQUIRES_SECURITY_BOUNDARY,REQUIRES_SECURITY_BOUNDARY,Drive identity extends the authorized-root model.,Drive identity extends the authorized-root model.,Prior curated dependency source: Drive identity extends the authorized-root model.,Prior curated dependency source: Drive identity extends the authorized-root model.,,false,CONFIRMED,CONFIRMED,WP-I12-001 consumes WP-I3-003 because Drive identity extends the authorized-root model.,PASS_B_DEPENDENCY_REVIEWER,2026-08-06-pass-b,REVIEWED_CONFIRMED
WP-I12-004,WP-I12-001,REQUIRES_STORAGE,REQUIRES_STORAGE,Detached experience uses the external-drive registry records.,Detached experience uses the external-drive registry records.,Pass 2 technical DAG review; explicit technical prerequisite.,Pass 2 technical DAG review; explicit technical prerequisite.,,false,CONFIRMED,CONFIRMED,WP-I12-004 consumes WP-I12-001 because Detached experience uses the external-drive registry records.,PASS_B_DEPENDENCY_REVIEWER,2026-08-06-pass-b,REVIEWED_CONFIRMED
WP-I12-004,WP-I4-010,REQUIRES_INDEX,REQUIRES_INDEX,Detached browsing resolves records from the asset and path index.,Detached browsing resolves records from the asset and path index.,Pass 2 technical DAG review; explicit technical prerequisite.,Pass 2 technical DAG review; explicit technical prerequisite.,,false,CONFIRMED,CONFIRMED,WP-I12-004 consumes WP-I4-010 because Detached browsing resolves records from the asset and path index.,PASS_B_DEPENDENCY_REVIEWER,2026-08-06-pass-b,REVIEWED_CONFIRMED
WP-I12-005,WP-I12-004,REQUIRES_STORAGE,REQUIRES_STORAGE,Pending sidecar overlays are the durable write path exposed by detached read-only mode.,Pending sidecar overlays are the durable write path exposed by detached read-only mode.,Pending overlay authority,Pending overlay authority,,false,CONFIRMED,CONFIRMED,WP-I12-005 consumes WP-I12-004 because Pending sidecar overlays are the durable write path exposed by detached read-only mode.,PASS_B_DEPENDENCY_REVIEWER,2026-08-06-pass-b,REVIEWED_CONFIRMED
WP-I12-006,WP-I12-001,REQUIRES_IDENTITY,REQUIRES_IDENTITY,Root and asset relinking require stable drive identity independent of mount path.,Root and asset relinking require stable drive identity independent of mount path.,Drive registry schema,Drive registry schema,,false,CONFIRMED,CONFIRMED,WP-I12-006 consumes WP-I12-001 because Root and asset relinking require stable drive identity independent of mount path.,PASS_B_DEPENDENCY_REVIEWER,2026-08-06-pass-b,REVIEWED_CONFIRMED
WP-I12-007,WP-I3-014,REQUIRES_TRANSACTION_ENGINE,REQUIRES_TRANSACTION_ENGINE,"Cross-volume copy-and-verify requires durable staging, verification, and crash recovery.","Cross-volume copy-and-verify requires durable staging, verification, and crash recovery.",Filesystem transaction engine,Filesystem transaction engine,,false,CONFIRMED,CONFIRMED,"WP-I12-007 consumes WP-I3-014 because Cross-volume copy-and-verify requires durable staging, verification, and crash recovery.",PASS_B_DEPENDENCY_REVIEWER,2026-08-06-pass-b,REVIEWED_CONFIRMED
WP-I12-008,WP-I3-004,REQUIRES_FILESYSTEM_AUTHORITY,REQUIRES_FILESYSTEM_AUTHORITY,Cross-platform adapters must enforce normalized paths and root escape protection.,Cross-platform adapters must enforce normalized paths and root escape protection.,Path normalization and escape tests,Path normalization and escape tests,,false,CONFIRMED,CONFIRMED,WP-I12-008 consumes WP-I3-004 because Cross-platform adapters must enforce normalized paths and root escape protection.,PASS_B_DEPENDENCY_REVIEWER,2026-08-06-pass-b,REVIEWED_CONFIRMED
WP-I12-009,WP-I12-007,REQUIRES_TRANSACTION_ENGINE,REQUIRES_TRANSACTION_ENGINE,Drive transaction recovery replays cross-volume copy-and-verify states after disconnection.,Drive transaction recovery replays cross-volume copy-and-verify states after disconnection.,Cross-volume transaction states,Cross-volume transaction states,,false,CONFIRMED,CONFIRMED,WP-I12-009 consumes WP-I12-007 because Drive transaction recovery replays cross-volume copy-and-verify states after disconnection.,PASS_B_DEPENDENCY_REVIEWER,2026-08-06-pass-b,REVIEWED_CONFIRMED
WP-I13-001,WP-I3-001,REQUIRES_SCHEMA,REQUIRES_SCHEMA,Backup manifests inventory authoritative record revisions.,Backup manifests inventory authoritative record revisions.,Prior curated dependency source: Backup manifests inventory authoritative record revisions.,Prior curated dependency source: Backup manifests inventory authoritative record revisions.,,false,CONFIRMED,CONFIRMED,WP-I13-001 consumes WP-I3-001 because Backup manifests inventory authoritative record revisions.,PASS_B_DEPENDENCY_REVIEWER,2026-08-06-pass-b,REVIEWED_CONFIRMED
WP-I13-002,WP-I13-001,REQUIRES_SCHEMA,REQUIRES_SCHEMA,Backup execution consumes an approved manifest.,Backup execution consumes an approved manifest.,Prior curated dependency source: Backup execution consumes an approved manifest.,Prior curated dependency source: Backup execution consumes an approved manifest.,,false,CONFIRMED,CONFIRMED,WP-I13-002 consumes WP-I13-001 because Backup execution consumes an approved manifest.,PASS_B_DEPENDENCY_REVIEWER,2026-08-06-pass-b,REVIEWED_CONFIRMED
WP-I13-002,WP-I3-012,REQUIRES_STORAGE,REQUIRES_STORAGE,"Backup copies use staged, verified filesystem operations.","Backup copies use staged, verified filesystem operations.","Prior curated dependency source: Backup copies use staged, verified filesystem operations.","Prior curated dependency source: Backup copies use staged, verified filesystem operations.",,false,CONFIRMED,CONFIRMED,"WP-I13-002 consumes WP-I3-012 because Backup copies use staged, verified filesystem operations.",PASS_B_DEPENDENCY_REVIEWER,2026-08-06-pass-b,REVIEWED_CONFIRMED
WP-I13-003,WP-I13-002,REQUIRES_STORAGE,REQUIRES_STORAGE,Backup verification requires completed backup outputs and their manifest hashes.,Backup verification requires completed backup outputs and their manifest hashes.,Backup manifest and execution,Backup manifest and execution,,false,CONFIRMED,CONFIRMED,WP-I13-003 consumes WP-I13-002 because Backup verification requires completed backup outputs and their manifest hashes.,PASS_B_DEPENDENCY_REVIEWER,2026-08-06-pass-b,REVIEWED_CONFIRMED
WP-I13-005,WP-I0-004,REQUIRES_COMPONENT_DECISION,REQUIRES_COMPONENT_DECISION,WP-I13-005 requires the WP-I0-004 component/path decision before exact implementation locations can be finalized.,WP-I13-005 requires the WP-I0-004 component/path decision before exact implementation locations can be finalized.,Pass B path-strategy review; decision package WP-I0-004.,Pass B path-strategy review; decision package WP-I0-004.,,false,CONFIRMED,CONFIRMED,WP-I13-005 consumes WP-I0-004 because WP-I13-005 requires the WP-I0-004 component/path decision before exact implementation locations can be finalized.,PASS_B_DEPENDENCY_REVIEWER,2026-08-06-pass-b,REVIEWED_CONFIRMED
WP-I13-005,WP-I13-003,REQUIRES_STORAGE,REQUIRES_STORAGE,Restore requires a verified backup set.,Restore requires a verified backup set.,Prior curated dependency source: Restore requires a verified backup set.,Prior curated dependency source: Restore requires a verified backup set.,,false,CONFIRMED,CONFIRMED,WP-I13-005 consumes WP-I13-003 because Restore requires a verified backup set.,PASS_B_DEPENDENCY_REVIEWER,2026-08-06-pass-b,REVIEWED_CONFIRMED
WP-I13-005,WP-I3-011,REQUIRES_CONTRACT,REQUIRES_CONTRACT,Restore collisions and effects are previewed as an operation plan.,Restore collisions and effects are previewed as an operation plan.,Prior curated dependency source: Restore collisions and effects are previewed as an operation plan.,Prior curated dependency source: Restore collisions and effects are previewed as an operation plan.,,false,CONFIRMED,CONFIRMED,WP-I13-005 consumes WP-I3-011 because Restore collisions and effects are previewed as an operation plan.,PASS_B_DEPENDENCY_REVIEWER,2026-08-06-pass-b,REVIEWED_CONFIRMED
WP-I13-006,WP-I3-010,REQUIRES_STORAGE,REQUIRES_STORAGE,Trash operations journal through the filesystem operation journal.,Trash operations journal through the filesystem operation journal.,Pass 2 technical DAG review; explicit technical prerequisite.,Pass 2 technical DAG review; explicit technical prerequisite.,,false,CONFIRMED,CONFIRMED,WP-I13-006 consumes WP-I3-010 because Trash operations journal through the filesystem operation journal.,PASS_B_DEPENDENCY_REVIEWER,2026-08-06-pass-b,REVIEWED_CONFIRMED
WP-I13-006,WP-I3-011,REQUIRES_CONTRACT,REQUIRES_CONTRACT,Trash is a planned reversible move of a logical asset bundle.,Trash is a planned reversible move of a logical asset bundle.,Prior curated dependency source: Trash is a planned reversible move of a logical asset bundle.,Prior curated dependency source: Trash is a planned reversible move of a logical asset bundle.,,false,CONFIRMED,CONFIRMED,WP-I13-006 consumes WP-I3-011 because Trash is a planned reversible move of a logical asset bundle.,PASS_B_DEPENDENCY_REVIEWER,2026-08-06-pass-b,REVIEWED_CONFIRMED
WP-I13-006,WP-I3-012,REQUIRES_TRANSACTION_ENGINE,REQUIRES_TRANSACTION_ENGINE,Reversible trash commits through the prepare/stage transaction engine.,Reversible trash commits through the prepare/stage transaction engine.,Pass 2 technical DAG review; explicit technical prerequisite.,Pass 2 technical DAG review; explicit technical prerequisite.,,false,CONFIRMED,CONFIRMED,WP-I13-006 consumes WP-I3-012 because Reversible trash commits through the prepare/stage transaction engine.,PASS_B_DEPENDENCY_REVIEWER,2026-08-06-pass-b,REVIEWED_CONFIRMED
WP-I13-008,WP-I3-014,REQUIRES_TRANSACTION_ENGINE,REQUIRES_TRANSACTION_ENGINE,Recovery records and audit derive from durable operation and crash-recovery states.,Recovery records and audit derive from durable operation and crash-recovery states.,Operation journal and recovery engine,Operation journal and recovery engine,,false,CONFIRMED,CONFIRMED,WP-I13-008 consumes WP-I3-014 because Recovery records and audit derive from durable operation and crash-recovery states.,PASS_B_DEPENDENCY_REVIEWER,2026-08-06-pass-b,REVIEWED_CONFIRMED
WP-I13-009,WP-I3-009,REQUIRES_DERIVED_INDEX,REQUIRES_DERIVED_INDEX,SQLite rebuild executes the previously defined derived-index rebuild contract and authority map.,SQLite rebuild executes the previously defined derived-index rebuild contract and authority map.,Derived-index rebuild contract,Derived-index rebuild contract,,false,CONFIRMED,CONFIRMED,WP-I13-009 consumes WP-I3-009 because SQLite rebuild executes the previously defined derived-index rebuild contract and authority map.,PASS_B_DEPENDENCY_REVIEWER,2026-08-06-pass-b,REVIEWED_CONFIRMED
WP-I13-010,WP-I10-003,REQUIRES_COMPONENT,REQUIRES_COMPONENT,AI cache rebuild regenerates projections from the reviewed model registry.,AI cache rebuild regenerates projections from the reviewed model registry.,Pass 2 technical DAG review; explicit technical prerequisite.,Pass 2 technical DAG review; explicit technical prerequisite.,,false,CONFIRMED,CONFIRMED,WP-I13-010 consumes WP-I10-003 because AI cache rebuild regenerates projections from the reviewed model registry.,PASS_B_DEPENDENCY_REVIEWER,2026-08-06-pass-b,REVIEWED_CONFIRMED
WP-I13-010,WP-I10-007,REQUIRES_MODEL_REGISTRY,REQUIRES_MODEL_REGISTRY,AI cache rebuild requires task provenance and model compatibility to decide valid recomputation.,AI cache rebuild requires task provenance and model compatibility to decide valid recomputation.,AI task and model registry,AI task and model registry,,false,CONFIRMED,CONFIRMED,WP-I13-010 consumes WP-I10-007 because AI cache rebuild requires task provenance and model compatibility to decide valid recomputation.,PASS_B_DEPENDENCY_REVIEWER,2026-08-06-pass-b,REVIEWED_CONFIRMED
WP-I13-010,WP-I13-009,REQUIRES_INDEX,REQUIRES_INDEX,AI cache rebuild uses the SQLite index rebuild contract.,AI cache rebuild uses the SQLite index rebuild contract.,Pass 2 technical DAG review; explicit technical prerequisite.,Pass 2 technical DAG review; explicit technical prerequisite.,,false,CONFIRMED,CONFIRMED,WP-I13-010 consumes WP-I13-009 because AI cache rebuild uses the SQLite index rebuild contract.,PASS_B_DEPENDENCY_REVIEWER,2026-08-06-pass-b,REVIEWED_CONFIRMED
WP-I13-011,WP-I3-009,REQUIRES_INDEX,REQUIRES_INDEX,Full rebuild uses the authoritative-to-derived rebuild contract.,Full rebuild uses the authoritative-to-derived rebuild contract.,Prior curated dependency source: Full rebuild uses the authoritative-to-derived rebuild contract.,Prior curated dependency source: Full rebuild uses the authoritative-to-derived rebuild contract.,,false,CONFIRMED,CONFIRMED,WP-I13-011 consumes WP-I3-009 because Full rebuild uses the authoritative-to-derived rebuild contract.,PASS_B_DEPENDENCY_REVIEWER,2026-08-06-pass-b,REVIEWED_CONFIRMED
WP-I14-001,WP-I0-007,REQUIRES_PLATFORM_PROOF,REQUIRES_PLATFORM_PROOF,Performance comparisons require a recorded baseline harness.,Performance comparisons require a recorded baseline harness.,Prior curated dependency source: Performance comparisons require a recorded baseline harness.,Prior curated dependency source: Performance comparisons require a recorded baseline harness.,,false,CONFIRMED,CONFIRMED,WP-I14-001 consumes WP-I0-007 because Performance comparisons require a recorded baseline harness.,PASS_B_DEPENDENCY_REVIEWER,2026-08-06-pass-b,REVIEWED_CONFIRMED
WP-I14-003,WP-I14-001,REQUIRES_PLATFORM_PROOF,REQUIRES_PLATFORM_PROOF,Gallery and viewer performance requires the reviewed scale fixtures and measurement protocol.,Gallery and viewer performance requires the reviewed scale fixtures and measurement protocol.,Performance fixture definitions,Performance fixture definitions,,false,CONFIRMED,CONFIRMED,WP-I14-003 consumes WP-I14-001 because Gallery and viewer performance requires the reviewed scale fixtures and measurement protocol.,PASS_B_DEPENDENCY_REVIEWER,2026-08-06-pass-b,REVIEWED_CONFIRMED
WP-I14-003,WP-I5-001,REQUIRES_COMPONENT,REQUIRES_COMPONENT,Gallery performance measures the production virtualized gallery rather than a synthetic component.,Gallery performance measures the production virtualized gallery rather than a synthetic component.,Gallery component,Gallery component,,false,CONFIRMED,CONFIRMED,WP-I14-003 consumes WP-I5-001 because Gallery performance measures the production virtualized gallery rather than a synthetic component.,PASS_B_DEPENDENCY_REVIEWER,2026-08-06-pass-b,REVIEWED_CONFIRMED
WP-I14-004,WP-I10-006,REQUIRES_AI_WORKER,REQUIRES_AI_WORKER,AI resource budgets measure the production scheduler and worker lifecycle.,AI resource budgets measure the production scheduler and worker lifecycle.,AI scheduler,AI scheduler,,false,CONFIRMED,CONFIRMED,WP-I14-004 consumes WP-I10-006 because AI resource budgets measure the production scheduler and worker lifecycle.,PASS_B_DEPENDENCY_REVIEWER,2026-08-06-pass-b,REVIEWED_CONFIRMED
WP-I14-004,WP-I14-001,REQUIRES_PLATFORM_PROOF,REQUIRES_PLATFORM_PROOF,AI performance and resource budgets require the reviewed fixture sizes and measurement protocol.,AI performance and resource budgets require the reviewed fixture sizes and measurement protocol.,Performance fixture definitions,Performance fixture definitions,,false,CONFIRMED,CONFIRMED,WP-I14-004 consumes WP-I14-001 because AI performance and resource budgets require the reviewed fixture sizes and measurement protocol.,PASS_B_DEPENDENCY_REVIEWER,2026-08-06-pass-b,REVIEWED_CONFIRMED
WP-I14-005,WP-I2-002,REQUIRES_UI_SHELL,REQUIRES_UI_SHELL,Accessibility semantics apply to the real static frontend.,Accessibility semantics apply to the real static frontend.,Prior curated dependency source: Accessibility semantics apply to the real static frontend.,Prior curated dependency source: Accessibility semantics apply to the real static frontend.,,false,CONFIRMED,CONFIRMED,WP-I14-005 consumes WP-I2-002 because Accessibility semantics apply to the real static frontend.,PASS_B_DEPENDENCY_REVIEWER,2026-08-06-pass-b,REVIEWED_CONFIRMED
WP-I14-009,WP-I10-008,REQUIRES_COMMAND_CONTRACT,REQUIRES_COMMAND_CONTRACT,"Background-job controls require typed progress, cancellation, and retry behavior.","Background-job controls require typed progress, cancellation, and retry behavior.",AI progress commands,AI progress commands,,false,CONFIRMED,CONFIRMED,"WP-I14-009 consumes WP-I10-008 because Background-job controls require typed progress, cancellation, and retry behavior.",PASS_B_DEPENDENCY_REVIEWER,2026-08-06-pass-b,REVIEWED_CONFIRMED
WP-I14-010,WP-I10-005,REQUIRES_PLATFORM_PROOF,REQUIRES_PLATFORM_PROOF,Resource and power controls require the hardware assessment and provider capability results.,Resource and power controls require the hardware assessment and provider capability results.,Hardware assessment,Hardware assessment,,false,CONFIRMED,CONFIRMED,WP-I14-010 consumes WP-I10-005 because Resource and power controls require the hardware assessment and provider capability results.,PASS_B_DEPENDENCY_REVIEWER,2026-08-06-pass-b,REVIEWED_CONFIRMED
WP-I14-011,WP-I14-001,REQUIRES_PLATFORM_PROOF,REQUIRES_PLATFORM_PROOF,Scheduling budgets are measured against the reviewed performance fixtures.,Scheduling budgets are measured against the reviewed performance fixtures.,Pass 2 technical DAG review; explicit technical prerequisite.,Pass 2 technical DAG review; explicit technical prerequisite.,,false,CONFIRMED,CONFIRMED,WP-I14-011 consumes WP-I14-001 because Scheduling budgets are measured against the reviewed performance fixtures.,PASS_B_DEPENDENCY_REVIEWER,2026-08-06-pass-b,REVIEWED_CONFIRMED
WP-I14-011,WP-I4-009,REQUIRES_COMPONENT,REQUIRES_COMPONENT,Thumbnail scheduling consumes the reviewed preview-generation component.,Thumbnail scheduling consumes the reviewed preview-generation component.,Pass 2 technical DAG review; explicit technical prerequisite.,Pass 2 technical DAG review; explicit technical prerequisite.,,false,CONFIRMED,CONFIRMED,WP-I14-011 consumes WP-I4-009 because Thumbnail scheduling consumes the reviewed preview-generation component.,PASS_B_DEPENDENCY_REVIEWER,2026-08-06-pass-b,REVIEWED_CONFIRMED
WP-I14-012,WP-I10-008,REQUIRES_RUNTIME,REQUIRES_RUNTIME,Cancellation latency applies to AI worker progress and retry state.,Cancellation latency applies to AI worker progress and retry state.,Pass 2 technical DAG review; explicit technical prerequisite.,Pass 2 technical DAG review; explicit technical prerequisite.,,false,CONFIRMED,CONFIRMED,WP-I14-012 consumes WP-I10-008 because Cancellation latency applies to AI worker progress and retry state.,PASS_B_DEPENDENCY_REVIEWER,2026-08-06-pass-b,REVIEWED_CONFIRMED
WP-I14-012,WP-I14-001,REQUIRES_PLATFORM_PROOF,REQUIRES_PLATFORM_PROOF,Responsiveness budgets reference the reviewed fixture definitions.,Responsiveness budgets reference the reviewed fixture definitions.,Pass 2 technical DAG review; explicit technical prerequisite.,Pass 2 technical DAG review; explicit technical prerequisite.,,false,CONFIRMED,CONFIRMED,WP-I14-012 consumes WP-I14-001 because Responsiveness budgets reference the reviewed fixture definitions.,PASS_B_DEPENDENCY_REVIEWER,2026-08-06-pass-b,REVIEWED_CONFIRMED
WP-I14-013,WP-I14-001,REQUIRES_PLATFORM_PROOF,REQUIRES_PLATFORM_PROOF,Accessibility fixtures reuse the reviewed fixture harness.,Accessibility fixtures reuse the reviewed fixture harness.,Pass 2 technical DAG review; explicit technical prerequisite.,Pass 2 technical DAG review; explicit technical prerequisite.,,false,CONFIRMED,CONFIRMED,WP-I14-013 consumes WP-I14-001 because Accessibility fixtures reuse the reviewed fixture harness.,PASS_B_DEPENDENCY_REVIEWER,2026-08-06-pass-b,REVIEWED_CONFIRMED
WP-I14-013,WP-I2-001,REQUIRES_UI_SHELL,REQUIRES_UI_SHELL,Accessibility semantics apply to the real Tauri desktop shell surfaces.,Accessibility semantics apply to the real Tauri desktop shell surfaces.,Pass 2 technical DAG review; explicit technical prerequisite.,Pass 2 technical DAG review; explicit technical prerequisite.,,false,CONFIRMED,CONFIRMED,WP-I14-013 consumes WP-I2-001 because Accessibility semantics apply to the real Tauri desktop shell surfaces.,PASS_B_DEPENDENCY_REVIEWER,2026-08-06-pass-b,REVIEWED_CONFIRMED
WP-I14-013,WP-I9-001,REQUIRES_GRAPH_MODEL,REQUIRES_GRAPH_MODEL,Graph accessibility renders the canonical knowledge-graph projection.,Graph accessibility renders the canonical knowledge-graph projection.,Pass 2 technical DAG review; explicit technical prerequisite.,Pass 2 technical DAG review; explicit technical prerequisite.,,false,CONFIRMED,CONFIRMED,WP-I14-013 consumes WP-I9-001 because Graph accessibility renders the canonical knowledge-graph projection.,PASS_B_DEPENDENCY_REVIEWER,2026-08-06-pass-b,REVIEWED_CONFIRMED
WP-I14-014,WP-I0-004,REQUIRES_COMPONENT_DECISION,REQUIRES_COMPONENT_DECISION,WP-I14-014 requires the WP-I0-004 component/path decision before exact implementation locations can be finalized.,WP-I14-014 requires the WP-I0-004 component/path decision before exact implementation locations can be finalized.,Pass B path-strategy review; decision package WP-I0-004.,Pass B path-strategy review; decision package WP-I0-004.,,false,CONFIRMED,CONFIRMED,WP-I14-014 consumes WP-I0-004 because WP-I14-014 requires the WP-I0-004 component/path decision before exact implementation locations can be finalized.,PASS_B_DEPENDENCY_REVIEWER,2026-08-06-pass-b,REVIEWED_CONFIRMED
WP-I14-014,WP-I14-001,REQUIRES_PLATFORM_PROOF,REQUIRES_PLATFORM_PROOF,Evidence collection reuses the declared performance fixtures.,Evidence collection reuses the declared performance fixtures.,Pass 2 technical DAG review; explicit technical prerequisite.,Pass 2 technical DAG review; explicit technical prerequisite.,,false,CONFIRMED,CONFIRMED,WP-I14-014 consumes WP-I14-001 because Evidence collection reuses the declared performance fixtures.,PASS_B_DEPENDENCY_REVIEWER,2026-08-06-pass-b,REVIEWED_CONFIRMED
WP-I14-014,WP-I15-001,REQUIRES_PLATFORM_PROOF,REQUIRES_PLATFORM_PROOF,Per-platform evidence follows the cross-platform package proof requirements.,Per-platform evidence follows the cross-platform package proof requirements.,Pass 2 technical DAG review; explicit technical prerequisite.,Pass 2 technical DAG review; explicit technical prerequisite.,,false,CONFIRMED,CONFIRMED,WP-I14-014 consumes WP-I15-001 because Per-platform evidence follows the cross-platform package proof requirements.,PASS_B_DEPENDENCY_REVIEWER,2026-08-06-pass-b,REVIEWED_CONFIRMED
WP-I15-001,WP-I15-006,REQUIRES_COMPONENT_DECISION,REQUIRES_COMPONENT_DECISION,Cross-platform packaging waits for final component/version/licence decisions.,Cross-platform packaging waits for final component/version/licence decisions.,Prior curated dependency source: Cross-platform packaging waits for final component/version/licence decisions.,Prior curated dependency source: Cross-platform packaging waits for final component/version/licence decisions.,,false,CONFIRMED,CONFIRMED,WP-I15-001 consumes WP-I15-006 because Cross-platform packaging waits for final component/version/licence decisions.,PASS_B_DEPENDENCY_REVIEWER,2026-08-06-pass-b,REVIEWED_CONFIRMED
WP-I15-001,WP-I2-013,REQUIRES_PLATFORM_PROOF,REQUIRES_PLATFORM_PROOF,Release packaging requires a proven desktop launch path.,Release packaging requires a proven desktop launch path.,Prior curated dependency source: Release packaging requires a proven desktop launch path.,Prior curated dependency source: Release packaging requires a proven desktop launch path.,,false,CONFIRMED,CONFIRMED,WP-I15-001 consumes WP-I2-013 because Release packaging requires a proven desktop launch path.,PASS_B_DEPENDENCY_REVIEWER,2026-08-06-pass-b,REVIEWED_CONFIRMED
WP-I15-005,WP-I15-001,REQUIRES_RELEASE_GATE,REQUIRES_RELEASE_GATE,Signing and notarization operate on the verified cross-platform package outputs.,Signing and notarization operate on the verified cross-platform package outputs.,Package build outputs,Package build outputs,,false,CONFIRMED,CONFIRMED,WP-I15-005 consumes WP-I15-001 because Signing and notarization operate on the verified cross-platform package outputs.,PASS_B_DEPENDENCY_REVIEWER,2026-08-06-pass-b,REVIEWED_CONFIRMED
WP-I15-006,WP-I0-005,REQUIRES_DECISION,REQUIRES_DECISION,Runtime component licence decisions require exact selected toolchain and component versions.,Runtime component licence decisions require exact selected toolchain and component versions.,Toolchain and component inventory,Toolchain and component inventory,,false,CONFIRMED,CONFIRMED,WP-I15-006 consumes WP-I0-005 because Runtime component licence decisions require exact selected toolchain and component versions.,PASS_B_DEPENDENCY_REVIEWER,2026-08-06-pass-b,REVIEWED_CONFIRMED
WP-I15-007,WP-I15-001,REQUIRES_RELEASE_GATE,REQUIRES_RELEASE_GATE,The SBOM must describe the exact clean-machine package contents.,The SBOM must describe the exact clean-machine package contents.,Cross-platform package outputs,Cross-platform package outputs,,false,CONFIRMED,CONFIRMED,WP-I15-007 consumes WP-I15-001 because The SBOM must describe the exact clean-machine package contents.,PASS_B_DEPENDENCY_REVIEWER,2026-08-06-pass-b,REVIEWED_CONFIRMED
WP-I15-007,WP-I15-006,REQUIRES_COMPONENT,REQUIRES_COMPONENT,"The SBOM and notices require final reviewed component identities, versions, and licence decisions.","The SBOM and notices require final reviewed component identities, versions, and licence decisions.",Component licence manifest,Component licence manifest,,false,CONFIRMED,CONFIRMED,"WP-I15-007 consumes WP-I15-006 because The SBOM and notices require final reviewed component identities, versions, and licence decisions.",PASS_B_DEPENDENCY_REVIEWER,2026-08-06-pass-b,REVIEWED_CONFIRMED
WP-I15-008,WP-I15-001,REQUIRES_RELEASE_GATE,REQUIRES_RELEASE_GATE,Integrated retained-feature parity runs against the final cross-platform package shape.,Integrated retained-feature parity runs against the final cross-platform package shape.,Clean-machine package proof,Clean-machine package proof,,false,CONFIRMED,CONFIRMED,WP-I15-008 consumes WP-I15-001 because Integrated retained-feature parity runs against the final cross-platform package shape.,PASS_B_DEPENDENCY_REVIEWER,2026-08-06-pass-b,REVIEWED_CONFIRMED
WP-I15-008,WP-I5-012,REQUIRES_RELEASE_GATE,REQUIRES_RELEASE_GATE,Integrated parity requires the offline library parity surface.,Integrated parity requires the offline library parity surface.,Offline library parity,Offline library parity,,false,CONFIRMED,CONFIRMED,WP-I15-008 consumes WP-I5-012 because Integrated parity requires the offline library parity surface.,PASS_B_DEPENDENCY_REVIEWER,2026-08-06-pass-b,REVIEWED_CONFIRMED
WP-I15-008,WP-I6-010,REQUIRES_RELEASE_GATE,REQUIRES_RELEASE_GATE,Integrated parity includes event and Manage Later workflows.,Integrated parity includes event and Manage Later workflows.,Event UI package,Event UI package,,false,CONFIRMED,CONFIRMED,WP-I15-008 consumes WP-I6-010 because Integrated parity includes event and Manage Later workflows.,PASS_B_DEPENDENCY_REVIEWER,2026-08-06-pass-b,REVIEWED_CONFIRMED
WP-I15-008,WP-I7-011,REQUIRES_RELEASE_GATE,REQUIRES_RELEASE_GATE,"Integrated parity includes people, group, and face curation workflows.","Integrated parity includes people, group, and face curation workflows.",People UI package,People UI package,,false,CONFIRMED,CONFIRMED,"WP-I15-008 consumes WP-I7-011 because Integrated parity includes people, group, and face curation workflows.",PASS_B_DEPENDENCY_REVIEWER,2026-08-06-pass-b,REVIEWED_CONFIRMED
WP-I15-014,WP-I0-010,REQUIRES_PROVENANCE,REQUIRES_PROVENANCE,Final outbound verification compares runtime observations against the baseline outbound integration inventory.,Final outbound verification compares runtime observations against the baseline outbound integration inventory.,Outbound inventory,Outbound inventory,,false,CONFIRMED,CONFIRMED,WP-I15-014 consumes WP-I0-010 because Final outbound verification compares runtime observations against the baseline outbound integration inventory.,PASS_B_DEPENDENCY_REVIEWER,2026-08-06-pass-b,REVIEWED_CONFIRMED
WP-I15-014,WP-I7-010,REQUIRES_RELEASE_GATE,REQUIRES_RELEASE_GATE,Final outbound verification includes the AI privacy and deletion surface.,Final outbound verification includes the AI privacy and deletion surface.,Pass 2 technical DAG review; explicit technical prerequisite.,Pass 2 technical DAG review; explicit technical prerequisite.,,false,CONFIRMED,CONFIRMED,WP-I15-014 consumes WP-I7-010 because Final outbound verification includes the AI privacy and deletion surface.,PASS_B_DEPENDENCY_REVIEWER,2026-08-06-pass-b,REVIEWED_CONFIRMED
WP-I15-015,WP-I15-008,REQUIRES_REPLACEMENT_VERIFIED,REQUIRES_REPLACEMENT_VERIFIED,Legacy removal requires integrated retained-feature parity and migrated-caller proof before source deletion.,Legacy removal requires integrated retained-feature parity and migrated-caller proof before source deletion.,Prior curated dependency source: Legacy removal requires integrated retained-feature parity and migrated-caller proof before source deletion.,Prior curated dependency source: Legacy removal requires integrated retained-feature parity and migrated-caller proof before source deletion.,,false,CONFIRMED,CONFIRMED,WP-I15-015 consumes WP-I15-008 because Legacy removal requires integrated retained-feature parity and migrated-caller proof before source deletion.,PASS_B_DEPENDENCY_REVIEWER,2026-08-06-pass-b,REVIEWED_CONFIRMED
WP-I15-015,WP-I15-014,REQUIRES_RELEASE_GATE,REQUIRES_RELEASE_GATE,Legacy service and network-path removal requires final outbound and listener verification evidence.,Legacy service and network-path removal requires final outbound and listener verification evidence.,Prior curated dependency source: Legacy service and network-path removal requires final outbound and listener verification evidence.,Prior curated dependency source: Legacy service and network-path removal requires final outbound and listener verification evidence.,,false,CONFIRMED,CONFIRMED,WP-I15-015 consumes WP-I15-014 because Legacy service and network-path removal requires final outbound and listener verification evidence.,PASS_B_DEPENDENCY_REVIEWER,2026-08-06-pass-b,REVIEWED_CONFIRMED
WP-I2-001,WP-I0-005,REQUIRES_RUNTIME,REQUIRES_RUNTIME,The Rust/Tauri shell cannot be selected or compiled before toolchain proof.,The Rust/Tauri shell cannot be selected or compiled before toolchain proof.,Prior curated dependency source: The Rust/Tauri shell cannot be selected or compiled before toolchain proof.,Prior curated dependency source: The Rust/Tauri shell cannot be selected or compiled before toolchain proof.,,false,CONFIRMED,CONFIRMED,WP-I2-001 consumes WP-I0-005 because The Rust/Tauri shell cannot be selected or compiled before toolchain proof.,PASS_B_DEPENDENCY_REVIEWER,2026-08-06-pass-b,REVIEWED_CONFIRMED
WP-I2-002,WP-I0-004,REQUIRES_RUNTIME,REQUIRES_RUNTIME,Static packaging depends on a reconciled frontend toolchain.,Static packaging depends on a reconciled frontend toolchain.,Prior curated dependency source: Static packaging depends on a reconciled frontend toolchain.,Prior curated dependency source: Static packaging depends on a reconciled frontend toolchain.,,false,CONFIRMED,CONFIRMED,WP-I2-002 consumes WP-I0-004 because Static packaging depends on a reconciled frontend toolchain.,PASS_B_DEPENDENCY_REVIEWER,2026-08-06-pass-b,REVIEWED_CONFIRMED
WP-I2-002,WP-I0-004,REQUIRES_COMPONENT_DECISION,REQUIRES_COMPONENT_DECISION,WP-I2-002 requires the WP-I0-004 component/path decision before exact implementation locations can be finalized.,WP-I2-002 requires the WP-I0-004 component/path decision before exact implementation locations can be finalized.,Pass B path-strategy review; decision package WP-I0-004.,Pass B path-strategy review; decision package WP-I0-004.,,false,CONFIRMED,CONFIRMED,WP-I2-002 consumes WP-I0-004 because WP-I2-002 requires the WP-I0-004 component/path decision before exact implementation locations can be finalized.,PASS_B_DEPENDENCY_REVIEWER,2026-08-06-pass-b,REVIEWED_CONFIRMED
WP-I2-003,WP-I0-004,REQUIRES_COMPONENT_DECISION,REQUIRES_COMPONENT_DECISION,WP-I2-003 requires the WP-I0-004 component/path decision before exact implementation locations can be finalized.,WP-I2-003 requires the WP-I0-004 component/path decision before exact implementation locations can be finalized.,Pass B path-strategy review; decision package WP-I0-004.,Pass B path-strategy review; decision package WP-I0-004.,,false,CONFIRMED,CONFIRMED,WP-I2-003 consumes WP-I0-004 because WP-I2-003 requires the WP-I0-004 component/path decision before exact implementation locations can be finalized.,PASS_B_DEPENDENCY_REVIEWER,2026-08-06-pass-b,REVIEWED_CONFIRMED
WP-I2-003,WP-I2-001,REQUIRES_RUNTIME,REQUIRES_RUNTIME,Offline launch requires a bootstrapped desktop runtime.,Offline launch requires a bootstrapped desktop runtime.,Prior curated dependency source: Offline launch requires a bootstrapped desktop runtime.,Prior curated dependency source: Offline launch requires a bootstrapped desktop runtime.,,false,CONFIRMED,CONFIRMED,WP-I2-003 consumes WP-I2-001 because Offline launch requires a bootstrapped desktop runtime.,PASS_B_DEPENDENCY_REVIEWER,2026-08-06-pass-b,REVIEWED_CONFIRMED
WP-I2-003,WP-I2-002,REQUIRES_RUNTIME,REQUIRES_RUNTIME,Offline launch requires static frontend artifacts.,Offline launch requires static frontend artifacts.,Prior curated dependency source: Offline launch requires static frontend artifacts.,Prior curated dependency source: Offline launch requires static frontend artifacts.,,false,CONFIRMED,CONFIRMED,WP-I2-003 consumes WP-I2-002 because Offline launch requires static frontend artifacts.,PASS_B_DEPENDENCY_REVIEWER,2026-08-06-pass-b,REVIEWED_CONFIRMED
WP-I2-004,WP-I0-004,REQUIRES_COMPONENT_DECISION,REQUIRES_COMPONENT_DECISION,WP-I2-004 requires the WP-I0-004 component/path decision before exact implementation locations can be finalized.,WP-I2-004 requires the WP-I0-004 component/path decision before exact implementation locations can be finalized.,Pass B path-strategy review; decision package WP-I0-004.,Pass B path-strategy review; decision package WP-I0-004.,,false,CONFIRMED,CONFIRMED,WP-I2-004 consumes WP-I0-004 because WP-I2-004 requires the WP-I0-004 component/path decision before exact implementation locations can be finalized.,PASS_B_DEPENDENCY_REVIEWER,2026-08-06-pass-b,REVIEWED_CONFIRMED
WP-I2-004,WP-I2-001,REQUIRES_COMPONENT,REQUIRES_COMPONENT,Tauri capabilities and permissions require a bootstrapped shell and concrete command surface.,Tauri capabilities and permissions require a bootstrapped shell and concrete command surface.,Tauri shell architecture,Tauri shell architecture,,false,CONFIRMED,CONFIRMED,WP-I2-004 consumes WP-I2-001 because Tauri capabilities and permissions require a bootstrapped shell and concrete command surface.,PASS_B_DEPENDENCY_REVIEWER,2026-08-06-pass-b,REVIEWED_CONFIRMED
WP-I2-005,WP-I0-004,REQUIRES_COMPONENT_DECISION,REQUIRES_COMPONENT_DECISION,WP-I2-005 requires the WP-I0-004 component/path decision before exact implementation locations can be finalized.,WP-I2-005 requires the WP-I0-004 component/path decision before exact implementation locations can be finalized.,Pass B path-strategy review; decision package WP-I0-004.,Pass B path-strategy review; decision package WP-I0-004.,,false,CONFIRMED,CONFIRMED,WP-I2-005 consumes WP-I0-004 because WP-I2-005 requires the WP-I0-004 component/path decision before exact implementation locations can be finalized.,PASS_B_DEPENDENCY_REVIEWER,2026-08-06-pass-b,REVIEWED_CONFIRMED
WP-I2-005,WP-I2-007,REQUIRES_COMMAND_CONTRACT,REQUIRES_COMMAND_CONTRACT,Local settings bootstrap must use the versioned IPC envelope and typed error contract.,Local settings bootstrap must use the versioned IPC envelope and typed error contract.,IPC envelope and settings commands,IPC envelope and settings commands,,false,CONFIRMED,CONFIRMED,WP-I2-005 consumes WP-I2-007 because Local settings bootstrap must use the versioned IPC envelope and typed error contract.,PASS_B_DEPENDENCY_REVIEWER,2026-08-06-pass-b,REVIEWED_CONFIRMED
WP-I2-007,WP-I2-001,REQUIRES_RUNTIME,REQUIRES_RUNTIME,Typed commands require the Rust command host.,Typed commands require the Rust command host.,Prior curated dependency source: Typed commands require the Rust command host.,Prior curated dependency source: Typed commands require the Rust command host.,,false,CONFIRMED,CONFIRMED,WP-I2-007 consumes WP-I2-001 because Typed commands require the Rust command host.,PASS_B_DEPENDENCY_REVIEWER,2026-08-06-pass-b,REVIEWED_CONFIRMED
WP-I2-008,WP-I0-004,REQUIRES_COMPONENT_DECISION,REQUIRES_COMPONENT_DECISION,WP-I2-008 requires the WP-I0-004 component/path decision before exact implementation locations can be finalized.,WP-I2-008 requires the WP-I0-004 component/path decision before exact implementation locations can be finalized.,Pass B path-strategy review; decision package WP-I0-004.,Pass B path-strategy review; decision package WP-I0-004.,,false,CONFIRMED,CONFIRMED,WP-I2-008 consumes WP-I0-004 because WP-I2-008 requires the WP-I0-004 component/path decision before exact implementation locations can be finalized.,PASS_B_DEPENDENCY_REVIEWER,2026-08-06-pass-b,REVIEWED_CONFIRMED
WP-I2-008,WP-I2-007,REQUIRES_CONTRACT,REQUIRES_CONTRACT,Stable errors are part of the versioned IPC envelope.,Stable errors are part of the versioned IPC envelope.,Prior curated dependency source: Stable errors are part of the versioned IPC envelope.,Prior curated dependency source: Stable errors are part of the versioned IPC envelope.,,false,CONFIRMED,CONFIRMED,WP-I2-008 consumes WP-I2-007 because Stable errors are part of the versioned IPC envelope.,PASS_B_DEPENDENCY_REVIEWER,2026-08-06-pass-b,REVIEWED_CONFIRMED
WP-I2-011,WP-I2-007,REQUIRES_CONTRACT,REQUIRES_CONTRACT,The frontend bridge is generated from approved IPC contracts.,The frontend bridge is generated from approved IPC contracts.,Prior curated dependency source: The frontend bridge is generated from approved IPC contracts.,Prior curated dependency source: The frontend bridge is generated from approved IPC contracts.,,false,CONFIRMED,CONFIRMED,WP-I2-011 consumes WP-I2-007 because The frontend bridge is generated from approved IPC contracts.,PASS_B_DEPENDENCY_REVIEWER,2026-08-06-pass-b,REVIEWED_CONFIRMED
WP-I2-013,WP-I2-003,REQUIRES_PLATFORM_PROOF,REQUIRES_PLATFORM_PROOF,Shell smoke proof exercises the packaged local launch path.,Shell smoke proof exercises the packaged local launch path.,Prior curated dependency source: Shell smoke proof exercises the packaged local launch path.,Prior curated dependency source: Shell smoke proof exercises the packaged local launch path.,,false,CONFIRMED,CONFIRMED,WP-I2-013 consumes WP-I2-003 because Shell smoke proof exercises the packaged local launch path.,PASS_B_DEPENDENCY_REVIEWER,2026-08-06-pass-b,REVIEWED_CONFIRMED
WP-I3-001,WP-I2-007,REQUIRES_COMMAND_CONTRACT,REQUIRES_COMMAND_CONTRACT,Authoritative records exposed through the desktop boundary require the stable versioned IPC envelope.,Authoritative records exposed through the desktop boundary require the stable versioned IPC envelope.,Record envelope and IPC versioning,Record envelope and IPC versioning,,false,CONFIRMED,CONFIRMED,WP-I3-001 consumes WP-I2-007 because Authoritative records exposed through the desktop boundary require the stable versioned IPC envelope.,PASS_B_DEPENDENCY_REVIEWER,2026-08-06-pass-b,REVIEWED_CONFIRMED
WP-I3-002,WP-I3-001,REQUIRES_SCHEMA,REQUIRES_SCHEMA,Stable asset identity is an authoritative versioned record.,Stable asset identity is an authoritative versioned record.,Prior curated dependency source: Stable asset identity is an authoritative versioned record.,Prior curated dependency source: Stable asset identity is an authoritative versioned record.,,false,CONFIRMED,CONFIRMED,WP-I3-002 consumes WP-I3-001 because Stable asset identity is an authoritative versioned record.,PASS_B_DEPENDENCY_REVIEWER,2026-08-06-pass-b,REVIEWED_CONFIRMED
WP-I3-003,WP-I2-004,REQUIRES_SECURITY_BOUNDARY,REQUIRES_SECURITY_BOUNDARY,Root authority is enforced inside the granted Tauri capability.,Root authority is enforced inside the granted Tauri capability.,Prior curated dependency source: Root authority is enforced inside the granted Tauri capability.,Prior curated dependency source: Root authority is enforced inside the granted Tauri capability.,,false,CONFIRMED,CONFIRMED,WP-I3-003 consumes WP-I2-004 because Root authority is enforced inside the granted Tauri capability.,PASS_B_DEPENDENCY_REVIEWER,2026-08-06-pass-b,REVIEWED_CONFIRMED
WP-I3-004,WP-I3-003,REQUIRES_SECURITY_BOUNDARY,REQUIRES_SECURITY_BOUNDARY,Containment and reparse checks require an authorized-root model.,Containment and reparse checks require an authorized-root model.,Prior curated dependency source: Containment and reparse checks require an authorized-root model.,Prior curated dependency source: Containment and reparse checks require an authorized-root model.,,false,CONFIRMED,CONFIRMED,WP-I3-004 consumes WP-I3-003 because Containment and reparse checks require an authorized-root model.,PASS_B_DEPENDENCY_REVIEWER,2026-08-06-pass-b,REVIEWED_CONFIRMED
WP-I3-005,WP-I3-001,REQUIRES_SCHEMA,REQUIRES_SCHEMA,Sidecar parsing targets a versioned record envelope.,Sidecar parsing targets a versioned record envelope.,Prior curated dependency source: Sidecar parsing targets a versioned record envelope.,Prior curated dependency source: Sidecar parsing targets a versioned record envelope.,,false,CONFIRMED,CONFIRMED,WP-I3-005 consumes WP-I3-001 because Sidecar parsing targets a versioned record envelope.,PASS_B_DEPENDENCY_REVIEWER,2026-08-06-pass-b,REVIEWED_CONFIRMED
WP-I3-006,WP-I3-005,REQUIRES_SCHEMA,REQUIRES_SCHEMA,Safe writes preserve and round-trip fields understood by the reader.,Safe writes preserve and round-trip fields understood by the reader.,Prior curated dependency source: Safe writes preserve and round-trip fields understood by the reader.,Prior curated dependency source: Safe writes preserve and round-trip fields understood by the reader.,,false,CONFIRMED,CONFIRMED,WP-I3-006 consumes WP-I3-005 because Safe writes preserve and round-trip fields understood by the reader.,PASS_B_DEPENDENCY_REVIEWER,2026-08-06-pass-b,REVIEWED_CONFIRMED
WP-I3-007,WP-I0-004,REQUIRES_COMPONENT_DECISION,REQUIRES_COMPONENT_DECISION,WP-I3-007 requires the WP-I0-004 component/path decision before exact implementation locations can be finalized.,WP-I3-007 requires the WP-I0-004 component/path decision before exact implementation locations can be finalized.,Pass B path-strategy review; decision package WP-I0-004.,Pass B path-strategy review; decision package WP-I0-004.,,false,CONFIRMED,CONFIRMED,WP-I3-007 consumes WP-I0-004 because WP-I3-007 requires the WP-I0-004 component/path decision before exact implementation locations can be finalized.,PASS_B_DEPENDENCY_REVIEWER,2026-08-06-pass-b,REVIEWED_CONFIRMED
WP-I3-007,WP-I3-001,REQUIRES_SCHEMA,REQUIRES_SCHEMA,Authoritative schema migrations require the closed record envelope and revision semantics.,Authoritative schema migrations require the closed record envelope and revision semantics.,Record envelope schema,Record envelope schema,,false,CONFIRMED,CONFIRMED,WP-I3-007 consumes WP-I3-001 because Authoritative schema migrations require the closed record envelope and revision semantics.,PASS_B_DEPENDENCY_REVIEWER,2026-08-06-pass-b,REVIEWED_CONFIRMED
WP-I3-008,WP-I3-001,REQUIRES_SCHEMA,REQUIRES_SCHEMA,Derived tables must trace to authoritative record fields.,Derived tables must trace to authoritative record fields.,Prior curated dependency source: Derived tables must trace to authoritative record fields.,Prior curated dependency source: Derived tables must trace to authoritative record fields.,,false,CONFIRMED,CONFIRMED,WP-I3-008 consumes WP-I3-001 because Derived tables must trace to authoritative record fields.,PASS_B_DEPENDENCY_REVIEWER,2026-08-06-pass-b,REVIEWED_CONFIRMED
WP-I3-009,WP-I3-008,REQUIRES_INDEX,REQUIRES_INDEX,Rebuild proof executes the migration-owned derived schema.,Rebuild proof executes the migration-owned derived schema.,Prior curated dependency source: Rebuild proof executes the migration-owned derived schema.,Prior curated dependency source: Rebuild proof executes the migration-owned derived schema.,,false,CONFIRMED,CONFIRMED,WP-I3-009 consumes WP-I3-008 because Rebuild proof executes the migration-owned derived schema.,PASS_B_DEPENDENCY_REVIEWER,2026-08-06-pass-b,REVIEWED_CONFIRMED
WP-I3-010,WP-I3-003,REQUIRES_FILESYSTEM_AUTHORITY,REQUIRES_FILESYSTEM_AUTHORITY,The operation journal must validate every target against authorized root identity before recording mutation state.,The operation journal must validate every target against authorized root identity before recording mutation state.,Root authorization and journal contract,Root authorization and journal contract,,false,CONFIRMED,CONFIRMED,WP-I3-010 consumes WP-I3-003 because The operation journal must validate every target against authorized root identity before recording mutation state.,PASS_B_DEPENDENCY_REVIEWER,2026-08-06-pass-b,REVIEWED_CONFIRMED
WP-I3-011,WP-I3-002,REQUIRES_SCHEMA,REQUIRES_SCHEMA,Operation preconditions use stable asset identities and revisions.,Operation preconditions use stable asset identities and revisions.,Prior curated dependency source: Operation preconditions use stable asset identities and revisions.,Prior curated dependency source: Operation preconditions use stable asset identities and revisions.,,false,CONFIRMED,CONFIRMED,WP-I3-011 consumes WP-I3-002 because Operation preconditions use stable asset identities and revisions.,PASS_B_DEPENDENCY_REVIEWER,2026-08-06-pass-b,REVIEWED_CONFIRMED
WP-I3-011,WP-I3-003,REQUIRES_SECURITY_BOUNDARY,REQUIRES_SECURITY_BOUNDARY,Every operation plan is scoped to an authorized root.,Every operation plan is scoped to an authorized root.,Prior curated dependency source: Every operation plan is scoped to an authorized root.,Prior curated dependency source: Every operation plan is scoped to an authorized root.,,false,CONFIRMED,CONFIRMED,WP-I3-011 consumes WP-I3-003 because Every operation plan is scoped to an authorized root.,PASS_B_DEPENDENCY_REVIEWER,2026-08-06-pass-b,REVIEWED_CONFIRMED
WP-I3-012,WP-I3-004,REQUIRES_SECURITY_BOUNDARY,REQUIRES_SECURITY_BOUNDARY,Staging paths must pass containment and reparse checks.,Staging paths must pass containment and reparse checks.,Prior curated dependency source: Staging paths must pass containment and reparse checks.,Prior curated dependency source: Staging paths must pass containment and reparse checks.,,false,CONFIRMED,CONFIRMED,WP-I3-012 consumes WP-I3-004 because Staging paths must pass containment and reparse checks.,PASS_B_DEPENDENCY_REVIEWER,2026-08-06-pass-b,REVIEWED_CONFIRMED
WP-I3-012,WP-I3-011,REQUIRES_CONTRACT,REQUIRES_CONTRACT,Staging executes a validated operation plan.,Staging executes a validated operation plan.,Prior curated dependency source: Staging executes a validated operation plan.,Prior curated dependency source: Staging executes a validated operation plan.,,false,CONFIRMED,CONFIRMED,WP-I3-012 consumes WP-I3-011 because Staging executes a validated operation plan.,PASS_B_DEPENDENCY_REVIEWER,2026-08-06-pass-b,REVIEWED_CONFIRMED
WP-I3-014,WP-I3-010,REQUIRES_TRANSACTION_ENGINE,REQUIRES_TRANSACTION_ENGINE,Crash recovery replays or rolls back durable operation-journal states by transaction identity.,Crash recovery replays or rolls back durable operation-journal states by transaction identity.,Operation journal recovery states,Operation journal recovery states,,false,CONFIRMED,CONFIRMED,WP-I3-014 consumes WP-I3-010 because Crash recovery replays or rolls back durable operation-journal states by transaction identity.,PASS_B_DEPENDENCY_REVIEWER,2026-08-06-pass-b,REVIEWED_CONFIRMED
WP-I3-015,WP-I3-001,REQUIRES_SCHEMA,REQUIRES_SCHEMA,Revision and concurrency preconditions require stable record identity and monotonic revision fields.,Revision and concurrency preconditions require stable record identity and monotonic revision fields.,Authoritative record envelope,Authoritative record envelope,,false,CONFIRMED,CONFIRMED,WP-I3-015 consumes WP-I3-001 because Revision and concurrency preconditions require stable record identity and monotonic revision fields.,PASS_B_DEPENDENCY_REVIEWER,2026-08-06-pass-b,REVIEWED_CONFIRMED
WP-I3-016,WP-I3-003,REQUIRES_FILESYSTEM_AUTHORITY,REQUIRES_FILESYSTEM_AUTHORITY,Settings root and drive registries must store only validated authorized root identities.,Settings root and drive registries must store only validated authorized root identities.,Root authorization model,Root authorization model,,false,CONFIRMED,CONFIRMED,WP-I3-016 consumes WP-I3-003 because Settings root and drive registries must store only validated authorized root identities.,PASS_B_DEPENDENCY_REVIEWER,2026-08-06-pass-b,REVIEWED_CONFIRMED
WP-I4-001,WP-I3-002,REQUIRES_SCHEMA,REQUIRES_SCHEMA,Discovered files require stable asset identities.,Discovered files require stable asset identities.,Prior curated dependency source: Discovered files require stable asset identities.,Prior curated dependency source: Discovered files require stable asset identities.,,false,CONFIRMED,CONFIRMED,WP-I4-001 consumes WP-I3-002 because Discovered files require stable asset identities.,PASS_B_DEPENDENCY_REVIEWER,2026-08-06-pass-b,REVIEWED_CONFIRMED
WP-I4-001,WP-I3-003,REQUIRES_SECURITY_BOUNDARY,REQUIRES_SECURITY_BOUNDARY,Scanning is limited to authorized roots.,Scanning is limited to authorized roots.,Prior curated dependency source: Scanning is limited to authorized roots.,Prior curated dependency source: Scanning is limited to authorized roots.,,false,CONFIRMED,CONFIRMED,WP-I4-001 consumes WP-I3-003 because Scanning is limited to authorized roots.,PASS_B_DEPENDENCY_REVIEWER,2026-08-06-pass-b,REVIEWED_CONFIRMED
WP-I4-001,WP-I3-008,REQUIRES_INDEX,REQUIRES_INDEX,The scanner publishes only to the migration-owned derived index.,The scanner publishes only to the migration-owned derived index.,Prior curated dependency source: The scanner publishes only to the migration-owned derived index.,Prior curated dependency source: The scanner publishes only to the migration-owned derived index.,,false,CONFIRMED,CONFIRMED,WP-I4-001 consumes WP-I3-008 because The scanner publishes only to the migration-owned derived index.,PASS_B_DEPENDENCY_REVIEWER,2026-08-06-pass-b,REVIEWED_CONFIRMED
WP-I4-002,WP-I4-001,REQUIRES_INDEX,REQUIRES_INDEX,Watcher reconciliation reuses scanner identity and indexing rules.,Watcher reconciliation reuses scanner identity and indexing rules.,Prior curated dependency source: Watcher reconciliation reuses scanner identity and indexing rules.,Prior curated dependency source: Watcher reconciliation reuses scanner identity and indexing rules.,,false,CONFIRMED,CONFIRMED,WP-I4-002 consumes WP-I4-001 because Watcher reconciliation reuses scanner identity and indexing rules.,PASS_B_DEPENDENCY_REVIEWER,2026-08-06-pass-b,REVIEWED_CONFIRMED
WP-I4-003,WP-I4-001,REQUIRES_STORAGE,REQUIRES_STORAGE,Format classification operates on safely discovered media.,Format classification operates on safely discovered media.,Prior curated dependency source: Format classification operates on safely discovered media.,Prior curated dependency source: Format classification operates on safely discovered media.,,false,CONFIRMED,CONFIRMED,WP-I4-003 consumes WP-I4-001 because Format classification operates on safely discovered media.,PASS_B_DEPENDENCY_REVIEWER,2026-08-06-pass-b,REVIEWED_CONFIRMED
WP-I4-004,WP-I0-004,REQUIRES_COMPONENT_DECISION,REQUIRES_COMPONENT_DECISION,WP-I4-004 requires the WP-I0-004 component/path decision before exact implementation locations can be finalized.,WP-I4-004 requires the WP-I0-004 component/path decision before exact implementation locations can be finalized.,Pass B path-strategy review; decision package WP-I0-004.,Pass B path-strategy review; decision package WP-I0-004.,,false,CONFIRMED,CONFIRMED,WP-I4-004 consumes WP-I0-004 because WP-I4-004 requires the WP-I0-004 component/path decision before exact implementation locations can be finalized.,PASS_B_DEPENDENCY_REVIEWER,2026-08-06-pass-b,REVIEWED_CONFIRMED
WP-I4-004,WP-I4-003,REQUIRES_COMPONENT_DECISION,REQUIRES_COMPONENT_DECISION,HEIF/RAW decoding requires a classified format and reviewed decoder choice.,HEIF/RAW decoding requires a classified format and reviewed decoder choice.,Prior curated dependency source: HEIF/RAW decoding requires a classified format and reviewed decoder choice.,Prior curated dependency source: HEIF/RAW decoding requires a classified format and reviewed decoder choice.,,false,CONFIRMED,CONFIRMED,WP-I4-004 consumes WP-I4-003 because HEIF/RAW decoding requires a classified format and reviewed decoder choice.,PASS_B_DEPENDENCY_REVIEWER,2026-08-06-pass-b,REVIEWED_CONFIRMED
WP-I4-005,WP-I4-003,REQUIRES_COMPONENT_DECISION,REQUIRES_COMPONENT_DECISION,Video probing requires a classified format and reviewed runtime choice.,Video probing requires a classified format and reviewed runtime choice.,Prior curated dependency source: Video probing requires a classified format and reviewed runtime choice.,Prior curated dependency source: Video probing requires a classified format and reviewed runtime choice.,,false,CONFIRMED,CONFIRMED,WP-I4-005 consumes WP-I4-003 because Video probing requires a classified format and reviewed runtime choice.,PASS_B_DEPENDENCY_REVIEWER,2026-08-06-pass-b,REVIEWED_CONFIRMED
WP-I4-006,WP-I3-002,REQUIRES_SCHEMA,REQUIRES_SCHEMA,Companion bundles join stable asset identities.,Companion bundles join stable asset identities.,Prior curated dependency source: Companion bundles join stable asset identities.,Prior curated dependency source: Companion bundles join stable asset identities.,,false,CONFIRMED,CONFIRMED,WP-I4-006 consumes WP-I3-002 because Companion bundles join stable asset identities.,PASS_B_DEPENDENCY_REVIEWER,2026-08-06-pass-b,REVIEWED_CONFIRMED
WP-I4-006,WP-I4-003,REQUIRES_STORAGE,REQUIRES_STORAGE,Companion detection uses classified container and naming evidence.,Companion detection uses classified container and naming evidence.,Prior curated dependency source: Companion detection uses classified container and naming evidence.,Prior curated dependency source: Companion detection uses classified container and naming evidence.,,false,CONFIRMED,CONFIRMED,WP-I4-006 consumes WP-I4-003 because Companion detection uses classified container and naming evidence.,PASS_B_DEPENDENCY_REVIEWER,2026-08-06-pass-b,REVIEWED_CONFIRMED
WP-I4-007,WP-I4-001,REQUIRES_SCANNER,REQUIRES_SCANNER,Content hashes are created from scanner-discovered assets after path authorization and media classification.,Content hashes are created from scanner-discovered assets after path authorization and media classification.,Initial scanner asset discovery,Initial scanner asset discovery,,false,CONFIRMED,CONFIRMED,WP-I4-007 consumes WP-I4-001 because Content hashes are created from scanner-discovered assets after path authorization and media classification.,PASS_B_DEPENDENCY_REVIEWER,2026-08-06-pass-b,REVIEWED_CONFIRMED
WP-I4-008,WP-I3-005,REQUIRES_SCHEMA,REQUIRES_SCHEMA,Extraction precedence must account for durable sidecars.,Extraction precedence must account for durable sidecars.,Prior curated dependency source: Extraction precedence must account for durable sidecars.,Prior curated dependency source: Extraction precedence must account for durable sidecars.,,false,CONFIRMED,CONFIRMED,WP-I4-008 consumes WP-I3-005 because Extraction precedence must account for durable sidecars.,PASS_B_DEPENDENCY_REVIEWER,2026-08-06-pass-b,REVIEWED_CONFIRMED
WP-I4-008,WP-I4-003,REQUIRES_COMPONENT_DECISION,REQUIRES_COMPONENT_DECISION,Metadata extraction depends on format-aware reviewed tooling.,Metadata extraction depends on format-aware reviewed tooling.,Prior curated dependency source: Metadata extraction depends on format-aware reviewed tooling.,Prior curated dependency source: Metadata extraction depends on format-aware reviewed tooling.,,false,CONFIRMED,CONFIRMED,WP-I4-008 consumes WP-I4-003 because Metadata extraction depends on format-aware reviewed tooling.,PASS_B_DEPENDENCY_REVIEWER,2026-08-06-pass-b,REVIEWED_CONFIRMED
WP-I4-009,WP-I3-002,REQUIRES_SCHEMA,REQUIRES_SCHEMA,Derivative keys include stable asset identity and revision.,Derivative keys include stable asset identity and revision.,Prior curated dependency source: Derivative keys include stable asset identity and revision.,Prior curated dependency source: Derivative keys include stable asset identity and revision.,,false,CONFIRMED,CONFIRMED,WP-I4-009 consumes WP-I3-002 because Derivative keys include stable asset identity and revision.,PASS_B_DEPENDENCY_REVIEWER,2026-08-06-pass-b,REVIEWED_CONFIRMED
WP-I4-009,WP-I4-003,REQUIRES_COMPONENT_DECISION,REQUIRES_COMPONENT_DECISION,Preview generation dispatches to format-specific decoders.,Preview generation dispatches to format-specific decoders.,Prior curated dependency source: Preview generation dispatches to format-specific decoders.,Prior curated dependency source: Preview generation dispatches to format-specific decoders.,,false,CONFIRMED,CONFIRMED,WP-I4-009 consumes WP-I4-003 because Preview generation dispatches to format-specific decoders.,PASS_B_DEPENDENCY_REVIEWER,2026-08-06-pass-b,REVIEWED_CONFIRMED
WP-I4-010,WP-I3-008,REQUIRES_INDEX,REQUIRES_INDEX,Path lookup uses the derived SQLite schema.,Path lookup uses the derived SQLite schema.,Prior curated dependency source: Path lookup uses the derived SQLite schema.,Prior curated dependency source: Path lookup uses the derived SQLite schema.,,false,CONFIRMED,CONFIRMED,WP-I4-010 consumes WP-I3-008 because Path lookup uses the derived SQLite schema.,PASS_B_DEPENDENCY_REVIEWER,2026-08-06-pass-b,REVIEWED_CONFIRMED
WP-I4-011,WP-I4-002,REQUIRES_INDEX,REQUIRES_INDEX,Reconciliation consumes scanner/watcher observations.,Reconciliation consumes scanner/watcher observations.,Prior curated dependency source: Reconciliation consumes scanner/watcher observations.,Prior curated dependency source: Reconciliation consumes scanner/watcher observations.,,false,CONFIRMED,CONFIRMED,WP-I4-011 consumes WP-I4-002 because Reconciliation consumes scanner/watcher observations.,PASS_B_DEPENDENCY_REVIEWER,2026-08-06-pass-b,REVIEWED_CONFIRMED
WP-I4-012,WP-I4-010,REQUIRES_DERIVED_INDEX,REQUIRES_DERIVED_INDEX,The textual index requires stable asset and path index entries as its rebuild source.,The textual index requires stable asset and path index entries as its rebuild source.,Asset/path and search index schemas,Asset/path and search index schemas,,false,CONFIRMED,CONFIRMED,WP-I4-012 consumes WP-I4-010 because The textual index requires stable asset and path index entries as its rebuild source.,PASS_B_DEPENDENCY_REVIEWER,2026-08-06-pass-b,REVIEWED_CONFIRMED
WP-I5-001,WP-I4-009,REQUIRES_INDEX,REQUIRES_INDEX,The gallery needs revisioned preview records.,The gallery needs revisioned preview records.,Prior curated dependency source: The gallery needs revisioned preview records.,Prior curated dependency source: The gallery needs revisioned preview records.,,false,CONFIRMED,CONFIRMED,WP-I5-001 consumes WP-I4-009 because The gallery needs revisioned preview records.,PASS_B_DEPENDENCY_REVIEWER,2026-08-06-pass-b,REVIEWED_CONFIRMED
WP-I5-001,WP-I4-010,REQUIRES_INDEX,REQUIRES_INDEX,The gallery pages through the derived asset index.,The gallery pages through the derived asset index.,Prior curated dependency source: The gallery pages through the derived asset index.,Prior curated dependency source: The gallery pages through the derived asset index.,,false,CONFIRMED,CONFIRMED,WP-I5-001 consumes WP-I4-010 because The gallery pages through the derived asset index.,PASS_B_DEPENDENCY_REVIEWER,2026-08-06-pass-b,REVIEWED_CONFIRMED
WP-I5-002,WP-I4-010,REQUIRES_DERIVED_INDEX,REQUIRES_DERIVED_INDEX,Timeline navigation requires capture-time and stable asset rows from the derived asset index.,Timeline navigation requires capture-time and stable asset rows from the derived asset index.,Timeline index query,Timeline index query,,false,CONFIRMED,CONFIRMED,WP-I5-002 consumes WP-I4-010 because Timeline navigation requires capture-time and stable asset rows from the derived asset index.,PASS_B_DEPENDENCY_REVIEWER,2026-08-06-pass-b,REVIEWED_CONFIRMED
WP-I5-003,WP-I4-004,REQUIRES_RUNTIME,REQUIRES_RUNTIME,Image viewing depends on supported image/RAW decode paths.,Image viewing depends on supported image/RAW decode paths.,Prior curated dependency source: Image viewing depends on supported image/RAW decode paths.,Prior curated dependency source: Image viewing depends on supported image/RAW decode paths.,,false,CONFIRMED,CONFIRMED,WP-I5-003 consumes WP-I4-004 because Image viewing depends on supported image/RAW decode paths.,PASS_B_DEPENDENCY_REVIEWER,2026-08-06-pass-b,REVIEWED_CONFIRMED
WP-I5-004,WP-I4-005,REQUIRES_RUNTIME,REQUIRES_RUNTIME,Video viewing depends on probe and playback assets.,Video viewing depends on probe and playback assets.,Prior curated dependency source: Video viewing depends on probe and playback assets.,Prior curated dependency source: Video viewing depends on probe and playback assets.,,false,CONFIRMED,CONFIRMED,WP-I5-004 consumes WP-I4-005 because Video viewing depends on probe and playback assets.,PASS_B_DEPENDENCY_REVIEWER,2026-08-06-pass-b,REVIEWED_CONFIRMED
WP-I5-005,WP-I5-001,REQUIRES_COMPONENT,REQUIRES_COMPONENT,Selection and keyboard navigation operate on the virtualized gallery item and focus model.,Selection and keyboard navigation operate on the virtualized gallery item and focus model.,Gallery component boundary,Gallery component boundary,,false,CONFIRMED,CONFIRMED,WP-I5-005 consumes WP-I5-001 because Selection and keyboard navigation operate on the virtualized gallery item and focus model.,PASS_B_DEPENDENCY_REVIEWER,2026-08-06-pass-b,REVIEWED_CONFIRMED
WP-I5-006,WP-I3-001,REQUIRES_SCHEMA,REQUIRES_SCHEMA,Albums and favorites require versioned authoritative records before UI state can persist.,Albums and favorites require versioned authoritative records before UI state can persist.,Album schema and asset references,Album schema and asset references,,false,CONFIRMED,CONFIRMED,WP-I5-006 consumes WP-I3-001 because Albums and favorites require versioned authoritative records before UI state can persist.,PASS_B_DEPENDENCY_REVIEWER,2026-08-06-pass-b,REVIEWED_CONFIRMED
WP-I5-007,WP-I4-010,REQUIRES_DERIVED_INDEX,REQUIRES_DERIVED_INDEX,Memories are derived from stable asset capture metadata and current event/curation sources.,Memories are derived from stable asset capture metadata and current event/curation sources.,Memory authority decision,Memory authority decision,,false,CONFIRMED,CONFIRMED,WP-I5-007 consumes WP-I4-010 because Memories are derived from stable asset capture metadata and current event/curation sources.,PASS_B_DEPENDENCY_REVIEWER,2026-08-06-pass-b,REVIEWED_CONFIRMED
WP-I5-008,WP-I4-008,REQUIRES_SCHEMA,REQUIRES_SCHEMA,Location and map browsing require typed coordinates with provenance from metadata extraction.,Location and map browsing require typed coordinates with provenance from metadata extraction.,Asset/event Gps structures,Asset/event Gps structures,,false,CONFIRMED,CONFIRMED,WP-I5-008 consumes WP-I4-008 because Location and map browsing require typed coordinates with provenance from metadata extraction.,PASS_B_DEPENDENCY_REVIEWER,2026-08-06-pass-b,REVIEWED_CONFIRMED
WP-I5-010,WP-I2-007,REQUIRES_CONTRACT,REQUIRES_CONTRACT,Review actions cross the typed Rust command boundary.,Review actions cross the typed Rust command boundary.,Prior curated dependency source: Review actions cross the typed Rust command boundary.,Prior curated dependency source: Review actions cross the typed Rust command boundary.,,false,CONFIRMED,CONFIRMED,WP-I5-010 consumes WP-I2-007 because Review actions cross the typed Rust command boundary.,PASS_B_DEPENDENCY_REVIEWER,2026-08-06-pass-b,REVIEWED_CONFIRMED
WP-I5-011,WP-I4-012,REQUIRES_DERIVED_INDEX,REQUIRES_DERIVED_INDEX,Saved views require the local text/filter index and an explicit authoritative saved-view schema.,Saved views require the local text/filter index and an explicit authoritative saved-view schema.,Saved-view authority registry,Saved-view authority registry,,false,CONFIRMED,CONFIRMED,WP-I5-011 consumes WP-I4-012 because Saved views require the local text/filter index and an explicit authoritative saved-view schema.,PASS_B_DEPENDENCY_REVIEWER,2026-08-06-pass-b,REVIEWED_CONFIRMED
WP-I5-012,WP-I5-001,REQUIRES_RELEASE_GATE,REQUIRES_RELEASE_GATE,Offline library parity proof requires the production gallery surface and its local data path.,Offline library parity proof requires the production gallery surface and its local data path.,Offline gallery parity,Offline gallery parity,,false,CONFIRMED,CONFIRMED,WP-I5-012 consumes WP-I5-001 because Offline library parity proof requires the production gallery surface and its local data path.,PASS_B_DEPENDENCY_REVIEWER,2026-08-06-pass-b,REVIEWED_CONFIRMED
WP-I5-012,WP-I5-010,REQUIRES_RELEASE_GATE,REQUIRES_RELEASE_GATE,Offline parity includes the Review Centre using authoritative local records.,Offline parity includes the Review Centre using authoritative local records.,Review Centre parity,Review Centre parity,,false,CONFIRMED,CONFIRMED,WP-I5-012 consumes WP-I5-010 because Offline parity includes the Review Centre using authoritative local records.,PASS_B_DEPENDENCY_REVIEWER,2026-08-06-pass-b,REVIEWED_CONFIRMED
WP-I5-013,WP-I3-002,REQUIRES_IDENTITY,REQUIRES_IDENTITY,Open asset navigation resolves the stable asset identity.,Open asset navigation resolves the stable asset identity.,Pass 2 technical DAG review; explicit technical prerequisite.,Pass 2 technical DAG review; explicit technical prerequisite.,,false,CONFIRMED,CONFIRMED,WP-I5-013 consumes WP-I3-002 because Open asset navigation resolves the stable asset identity.,PASS_B_DEPENDENCY_REVIEWER,2026-08-06-pass-b,REVIEWED_CONFIRMED
WP-I5-013,WP-I5-010,REQUIRES_REVIEW_PROTOCOL,REQUIRES_REVIEW_PROTOCOL,Navigation reads review items whose decision records are owned by review-state mutations.,Navigation reads review items whose decision records are owned by review-state mutations.,Pass 2 technical DAG review; explicit technical prerequisite.,Pass 2 technical DAG review; explicit technical prerequisite.,,false,CONFIRMED,CONFIRMED,WP-I5-013 consumes WP-I5-010 because Navigation reads review items whose decision records are owned by review-state mutations.,PASS_B_DEPENDENCY_REVIEWER,2026-08-06-pass-b,REVIEWED_CONFIRMED
WP-I5-013,WP-I6-002,REQUIRES_SCHEMA,REQUIRES_SCHEMA,Open event navigation reads the reviewed event record.,Open event navigation reads the reviewed event record.,Pass 2 technical DAG review; explicit technical prerequisite.,Pass 2 technical DAG review; explicit technical prerequisite.,,false,CONFIRMED,CONFIRMED,WP-I5-013 consumes WP-I6-002 because Open event navigation reads the reviewed event record.,PASS_B_DEPENDENCY_REVIEWER,2026-08-06-pass-b,REVIEWED_CONFIRMED
WP-I5-013,WP-I7-004,REQUIRES_SCHEMA,REQUIRES_SCHEMA,Open person navigation reads the reviewed person profile.,Open person navigation reads the reviewed person profile.,Pass 2 technical DAG review; explicit technical prerequisite.,Pass 2 technical DAG review; explicit technical prerequisite.,,false,CONFIRMED,CONFIRMED,WP-I5-013 consumes WP-I7-004 because Open person navigation reads the reviewed person profile.,PASS_B_DEPENDENCY_REVIEWER,2026-08-06-pass-b,REVIEWED_CONFIRMED
WP-I5-014,WP-I5-010,REQUIRES_REVIEW_PROTOCOL,REQUIRES_REVIEW_PROTOCOL,Queue filters read review item state produced by review-state mutations.,Queue filters read review item state produced by review-state mutations.,Pass 2 technical DAG review; explicit technical prerequisite.,Pass 2 technical DAG review; explicit technical prerequisite.,,false,CONFIRMED,CONFIRMED,WP-I5-014 consumes WP-I5-010 because Queue filters read review item state produced by review-state mutations.,PASS_B_DEPENDENCY_REVIEWER,2026-08-06-pass-b,REVIEWED_CONFIRMED
WP-I5-015,WP-I3-003,REQUIRES_FILESYSTEM_AUTHORITY,REQUIRES_FILESYSTEM_AUTHORITY,Reveal validates the path against the authorized-root model before opening.,Reveal validates the path against the authorized-root model before opening.,Pass 2 technical DAG review; explicit technical prerequisite.,Pass 2 technical DAG review; explicit technical prerequisite.,,false,CONFIRMED,CONFIRMED,WP-I5-015 consumes WP-I3-003 because Reveal validates the path against the authorized-root model before opening.,PASS_B_DEPENDENCY_REVIEWER,2026-08-06-pass-b,REVIEWED_CONFIRMED
WP-I5-015,WP-I4-010,REQUIRES_INDEX,REQUIRES_INDEX,Filesystem reveal resolves the current path from the asset and path index.,Filesystem reveal resolves the current path from the asset and path index.,Pass 2 technical DAG review; explicit technical prerequisite.,Pass 2 technical DAG review; explicit technical prerequisite.,,false,CONFIRMED,CONFIRMED,WP-I5-015 consumes WP-I4-010 because Filesystem reveal resolves the current path from the asset and path index.,PASS_B_DEPENDENCY_REVIEWER,2026-08-06-pass-b,REVIEWED_CONFIRMED
WP-I5-016,WP-I3-002,REQUIRES_IDENTITY,REQUIRES_IDENTITY,Detail loading resolves assets and bundles by stable identity.,Detail loading resolves assets and bundles by stable identity.,Pass 2 technical DAG review; explicit technical prerequisite.,Pass 2 technical DAG review; explicit technical prerequisite.,,false,CONFIRMED,CONFIRMED,WP-I5-016 consumes WP-I3-002 because Detail loading resolves assets and bundles by stable identity.,PASS_B_DEPENDENCY_REVIEWER,2026-08-06-pass-b,REVIEWED_CONFIRMED
WP-I5-016,WP-I3-005,REQUIRES_SCHEMA,REQUIRES_SCHEMA,Detail loading reads sidecars through the reviewed sidecar read protocol.,Detail loading reads sidecars through the reviewed sidecar read protocol.,Pass 2 technical DAG review; explicit technical prerequisite.,Pass 2 technical DAG review; explicit technical prerequisite.,,false,CONFIRMED,CONFIRMED,WP-I5-016 consumes WP-I3-005 because Detail loading reads sidecars through the reviewed sidecar read protocol.,PASS_B_DEPENDENCY_REVIEWER,2026-08-06-pass-b,REVIEWED_CONFIRMED
WP-I5-017,WP-I11-001,REQUIRES_AUTHORITY_MODEL,REQUIRES_AUTHORITY_MODEL,Viewer mutations persist through the authority-aware metadata editor.,Viewer mutations persist through the authority-aware metadata editor.,Pass 2 technical DAG review; explicit technical prerequisite.,Pass 2 technical DAG review; explicit technical prerequisite.,,false,CONFIRMED,CONFIRMED,WP-I5-017 consumes WP-I11-001 because Viewer mutations persist through the authority-aware metadata editor.,PASS_B_DEPENDENCY_REVIEWER,2026-08-06-pass-b,REVIEWED_CONFIRMED
WP-I5-017,WP-I3-006,REQUIRES_SCHEMA,REQUIRES_SCHEMA,Viewer mutations write through the reviewed sidecar write protocol.,Viewer mutations write through the reviewed sidecar write protocol.,Pass 2 technical DAG review; explicit technical prerequisite.,Pass 2 technical DAG review; explicit technical prerequisite.,,false,CONFIRMED,CONFIRMED,WP-I5-017 consumes WP-I3-006 because Viewer mutations write through the reviewed sidecar write protocol.,PASS_B_DEPENDENCY_REVIEWER,2026-08-06-pass-b,REVIEWED_CONFIRMED
WP-I6-001,WP-I4-001,REQUIRES_SCANNER,REQUIRES_SCANNER,Manage Later inspection requires the non-mutating scanner and typed scan outcomes.,Manage Later inspection requires the non-mutating scanner and typed scan outcomes.,Scanner contract and Manage Later,Scanner contract and Manage Later,,false,CONFIRMED,CONFIRMED,WP-I6-001 consumes WP-I4-001 because Manage Later inspection requires the non-mutating scanner and typed scan outcomes.,PASS_B_DEPENDENCY_REVIEWER,2026-08-06-pass-b,REVIEWED_CONFIRMED
WP-I6-002,WP-I3-001,REQUIRES_SCHEMA,REQUIRES_SCHEMA,Events are authoritative versioned records.,Events are authoritative versioned records.,Prior curated dependency source: Events are authoritative versioned records.,Prior curated dependency source: Events are authoritative versioned records.,,false,CONFIRMED,CONFIRMED,WP-I6-002 consumes WP-I3-001 because Events are authoritative versioned records.,PASS_B_DEPENDENCY_REVIEWER,2026-08-06-pass-b,REVIEWED_CONFIRMED
WP-I6-003,WP-I6-002,REQUIRES_SCHEMA,REQUIRES_SCHEMA,Creation persists an event record.,Creation persists an event record.,Prior curated dependency source: Creation persists an event record.,Prior curated dependency source: Creation persists an event record.,,false,CONFIRMED,CONFIRMED,WP-I6-003 consumes WP-I6-002 because Creation persists an event record.,PASS_B_DEPENDENCY_REVIEWER,2026-08-06-pass-b,REVIEWED_CONFIRMED
WP-I6-004,WP-I4-010,REQUIRES_INDEX,REQUIRES_INDEX,Inference queries indexed timestamps and locations.,Inference queries indexed timestamps and locations.,Prior curated dependency source: Inference queries indexed timestamps and locations.,Prior curated dependency source: Inference queries indexed timestamps and locations.,,false,CONFIRMED,CONFIRMED,WP-I6-004 consumes WP-I4-010 because Inference queries indexed timestamps and locations.,PASS_B_DEPENDENCY_REVIEWER,2026-08-06-pass-b,REVIEWED_CONFIRMED
WP-I6-004,WP-I6-002,REQUIRES_SCHEMA,REQUIRES_SCHEMA,Inference produces reviewable event drafts.,Inference produces reviewable event drafts.,Prior curated dependency source: Inference produces reviewable event drafts.,Prior curated dependency source: Inference produces reviewable event drafts.,,false,CONFIRMED,CONFIRMED,WP-I6-004 consumes WP-I6-002 because Inference produces reviewable event drafts.,PASS_B_DEPENDENCY_REVIEWER,2026-08-06-pass-b,REVIEWED_CONFIRMED
WP-I6-005,WP-I6-002,REQUIRES_SCHEMA,REQUIRES_SCHEMA,"Event merge plans require authoritative event identity, membership, and revision records.","Event merge plans require authoritative event identity, membership, and revision records.",Event schema,Event schema,,false,CONFIRMED,CONFIRMED,"WP-I6-005 consumes WP-I6-002 because Event merge plans require authoritative event identity, membership, and revision records.",PASS_B_DEPENDENCY_REVIEWER,2026-08-06-pass-b,REVIEWED_CONFIRMED
WP-I6-006,WP-I6-002,REQUIRES_SCHEMA,REQUIRES_SCHEMA,Event split and link plans require authoritative event identity and membership revisions.,Event split and link plans require authoritative event identity and membership revisions.,Event schema,Event schema,,false,CONFIRMED,CONFIRMED,WP-I6-006 consumes WP-I6-002 because Event split and link plans require authoritative event identity and membership revisions.,PASS_B_DEPENDENCY_REVIEWER,2026-08-06-pass-b,REVIEWED_CONFIRMED
WP-I6-007,WP-I6-002,REQUIRES_SCHEMA,REQUIRES_SCHEMA,Event naming and normalization use authoritative event dates and stable identity.,Event naming and normalization use authoritative event dates and stable identity.,Event record naming inputs,Event record naming inputs,,false,CONFIRMED,CONFIRMED,WP-I6-007 consumes WP-I6-002 because Event naming and normalization use authoritative event dates and stable identity.,PASS_B_DEPENDENCY_REVIEWER,2026-08-06-pass-b,REVIEWED_CONFIRMED
WP-I6-008,WP-I6-002,REQUIRES_SCHEMA,REQUIRES_SCHEMA,Date and location boundaries propose changes against versioned event records.,Date and location boundaries propose changes against versioned event records.,Event temporal/location fields,Event temporal/location fields,,false,CONFIRMED,CONFIRMED,WP-I6-008 consumes WP-I6-002 because Date and location boundaries propose changes against versioned event records.,PASS_B_DEPENDENCY_REVIEWER,2026-08-06-pass-b,REVIEWED_CONFIRMED
WP-I6-009,WP-I3-011,REQUIRES_CONTRACT,REQUIRES_CONTRACT,Materialization must first produce a filesystem plan.,Materialization must first produce a filesystem plan.,Prior curated dependency source: Materialization must first produce a filesystem plan.,Prior curated dependency source: Materialization must first produce a filesystem plan.,,false,CONFIRMED,CONFIRMED,WP-I6-009 consumes WP-I3-011 because Materialization must first produce a filesystem plan.,PASS_B_DEPENDENCY_REVIEWER,2026-08-06-pass-b,REVIEWED_CONFIRMED
WP-I6-009,WP-I6-002,REQUIRES_SCHEMA,REQUIRES_SCHEMA,Filesystem effects preserve the approved event revision.,Filesystem effects preserve the approved event revision.,Prior curated dependency source: Filesystem effects preserve the approved event revision.,Prior curated dependency source: Filesystem effects preserve the approved event revision.,,false,CONFIRMED,CONFIRMED,WP-I6-009 consumes WP-I6-002 because Filesystem effects preserve the approved event revision.,PASS_B_DEPENDENCY_REVIEWER,2026-08-06-pass-b,REVIEWED_CONFIRMED
WP-I6-010,WP-I6-002,REQUIRES_COMPONENT,REQUIRES_COMPONENT,Event and Manage Later UI requires authoritative event records and typed commands.,Event and Manage Later UI requires authoritative event records and typed commands.,Event UI data source,Event UI data source,,false,CONFIRMED,CONFIRMED,WP-I6-010 consumes WP-I6-002 because Event and Manage Later UI requires authoritative event records and typed commands.,PASS_B_DEPENDENCY_REVIEWER,2026-08-06-pass-b,REVIEWED_CONFIRMED
WP-I7-001,WP-I10-001,REQUIRES_WORKER,REQUIRES_WORKER,Detection runs only through the owned local worker lifecycle.,Detection runs only through the owned local worker lifecycle.,Prior curated dependency source: Detection runs only through the owned local worker lifecycle.,Prior curated dependency source: Detection runs only through the owned local worker lifecycle.,,false,CONFIRMED,CONFIRMED,WP-I7-001 consumes WP-I10-001 because Detection runs only through the owned local worker lifecycle.,PASS_B_DEPENDENCY_REVIEWER,2026-08-06-pass-b,REVIEWED_CONFIRMED
WP-I7-001,WP-I10-003,REQUIRES_COMPONENT_DECISION,REQUIRES_COMPONENT_DECISION,Detection requires a reviewed model/runtime record.,Detection requires a reviewed model/runtime record.,Prior curated dependency source: Detection requires a reviewed model/runtime record.,Prior curated dependency source: Detection requires a reviewed model/runtime record.,,false,CONFIRMED,CONFIRMED,WP-I7-001 consumes WP-I10-003 because Detection requires a reviewed model/runtime record.,PASS_B_DEPENDENCY_REVIEWER,2026-08-06-pass-b,REVIEWED_CONFIRMED
WP-I7-002,WP-I0-004,REQUIRES_COMPONENT_DECISION,REQUIRES_COMPONENT_DECISION,WP-I7-002 requires the WP-I0-004 component/path decision before exact implementation locations can be finalized.,WP-I7-002 requires the WP-I0-004 component/path decision before exact implementation locations can be finalized.,Pass B path-strategy review; decision package WP-I0-004.,Pass B path-strategy review; decision package WP-I0-004.,,false,CONFIRMED,CONFIRMED,WP-I7-002 consumes WP-I0-004 because WP-I7-002 requires the WP-I0-004 component/path decision before exact implementation locations can be finalized.,PASS_B_DEPENDENCY_REVIEWER,2026-08-06-pass-b,REVIEWED_CONFIRMED
WP-I7-002,WP-I3-002,REQUIRES_SCHEMA,REQUIRES_SCHEMA,Face observations refer to stable asset revisions.,Face observations refer to stable asset revisions.,Prior curated dependency source: Face observations refer to stable asset revisions.,Prior curated dependency source: Face observations refer to stable asset revisions.,,false,CONFIRMED,CONFIRMED,WP-I7-002 consumes WP-I3-002 because Face observations refer to stable asset revisions.,PASS_B_DEPENDENCY_REVIEWER,2026-08-06-pass-b,REVIEWED_CONFIRMED
WP-I7-002,WP-I5-010,REQUIRES_CONTRACT,REQUIRES_CONTRACT,Face results enter the review system as candidates.,Face results enter the review system as candidates.,Prior curated dependency source: Face results enter the review system as candidates.,Prior curated dependency source: Face results enter the review system as candidates.,,false,CONFIRMED,CONFIRMED,WP-I7-002 consumes WP-I5-010 because Face results enter the review system as candidates.,PASS_B_DEPENDENCY_REVIEWER,2026-08-06-pass-b,REVIEWED_CONFIRMED
WP-I7-003,WP-I7-002,REQUIRES_SCHEMA,REQUIRES_SCHEMA,Clustering operates on persisted candidate observations.,Clustering operates on persisted candidate observations.,Prior curated dependency source: Clustering operates on persisted candidate observations.,Prior curated dependency source: Clustering operates on persisted candidate observations.,,false,CONFIRMED,CONFIRMED,WP-I7-003 consumes WP-I7-002 because Clustering operates on persisted candidate observations.,PASS_B_DEPENDENCY_REVIEWER,2026-08-06-pass-b,REVIEWED_CONFIRMED
WP-I7-004,WP-I7-002,REQUIRES_SCHEMA,REQUIRES_SCHEMA,Confirmed identities link reviewed face observations.,Confirmed identities link reviewed face observations.,Prior curated dependency source: Confirmed identities link reviewed face observations.,Prior curated dependency source: Confirmed identities link reviewed face observations.,,false,CONFIRMED,CONFIRMED,WP-I7-004 consumes WP-I7-002 because Confirmed identities link reviewed face observations.,PASS_B_DEPENDENCY_REVIEWER,2026-08-06-pass-b,REVIEWED_CONFIRMED
WP-I7-005,WP-I7-004,REQUIRES_IDENTITY,REQUIRES_IDENTITY,Person aliases and naming require stable person identity and revision ownership.,Person aliases and naming require stable person identity and revision ownership.,Person identity schema,Person identity schema,,false,CONFIRMED,CONFIRMED,WP-I7-005 consumes WP-I7-004 because Person aliases and naming require stable person identity and revision ownership.,PASS_B_DEPENDENCY_REVIEWER,2026-08-06-pass-b,REVIEWED_CONFIRMED
WP-I7-007,WP-I7-004,REQUIRES_IDENTITY,REQUIRES_IDENTITY,Group identity references stable person identities and cannot precede their authority model.,Group identity references stable person identities and cannot precede their authority model.,Person/group schemas,Person/group schemas,,false,CONFIRMED,CONFIRMED,WP-I7-007 consumes WP-I7-004 because Group identity references stable person identities and cannot precede their authority model.,PASS_B_DEPENDENCY_REVIEWER,2026-08-06-pass-b,REVIEWED_CONFIRMED
WP-I7-008,WP-I7-007,REQUIRES_IDENTITY,REQUIRES_IDENTITY,Temporal group memberships require stable group identities and cycle-safe hierarchy.,Temporal group memberships require stable group identities and cycle-safe hierarchy.,Group membership schema,Group membership schema,,false,CONFIRMED,CONFIRMED,WP-I7-008 consumes WP-I7-007 because Temporal group memberships require stable group identities and cycle-safe hierarchy.,PASS_B_DEPENDENCY_REVIEWER,2026-08-06-pass-b,REVIEWED_CONFIRMED
WP-I7-009,WP-I7-002,REQUIRES_REVIEW_PROTOCOL,REQUIRES_REVIEW_PROTOCOL,Scoped face corrections operate on persisted face candidates and preserve decision provenance.,Scoped face corrections operate on persisted face candidates and preserve decision provenance.,Face candidate records,Face candidate records,,false,CONFIRMED,CONFIRMED,WP-I7-009 consumes WP-I7-002 because Scoped face corrections operate on persisted face candidates and preserve decision provenance.,PASS_B_DEPENDENCY_REVIEWER,2026-08-06-pass-b,REVIEWED_CONFIRMED
WP-I7-010,WP-I10-001,REQUIRES_AI_WORKER,REQUIRES_AI_WORKER,AI privacy controls delete and rebuild worker-owned projections.,AI privacy controls delete and rebuild worker-owned projections.,Pass 2 technical DAG review; explicit technical prerequisite.,Pass 2 technical DAG review; explicit technical prerequisite.,,false,CONFIRMED,CONFIRMED,WP-I7-010 consumes WP-I10-001 because AI privacy controls delete and rebuild worker-owned projections.,PASS_B_DEPENDENCY_REVIEWER,2026-08-06-pass-b,REVIEWED_CONFIRMED
WP-I7-010,WP-I7-004,REQUIRES_IDENTITY,REQUIRES_IDENTITY,People and face privacy requires stable subject identity for scoped removal and visibility decisions.,People and face privacy requires stable subject identity for scoped removal and visibility decisions.,Person identity and privacy classifications,Person identity and privacy classifications,,false,CONFIRMED,CONFIRMED,WP-I7-010 consumes WP-I7-004 because People and face privacy requires stable subject identity for scoped removal and visibility decisions.,PASS_B_DEPENDENCY_REVIEWER,2026-08-06-pass-b,REVIEWED_CONFIRMED
WP-I7-011,WP-I7-004,REQUIRES_COMPONENT,REQUIRES_COMPONENT,People and groups UI requires authoritative person identity and typed group references.,People and groups UI requires authoritative person identity and typed group references.,People UI data source,People UI data source,,false,CONFIRMED,CONFIRMED,WP-I7-011 consumes WP-I7-004 because People and groups UI requires authoritative person identity and typed group references.,PASS_B_DEPENDENCY_REVIEWER,2026-08-06-pass-b,REVIEWED_CONFIRMED
WP-I8-001,WP-I3-001,REQUIRES_SCHEMA,REQUIRES_SCHEMA,Tag records and namespaces require the common authoritative record envelope.,Tag records and namespaces require the common authoritative record envelope.,Tag schema,Tag schema,,false,CONFIRMED,CONFIRMED,WP-I8-001 consumes WP-I3-001 because Tag records and namespaces require the common authoritative record envelope.,PASS_B_DEPENDENCY_REVIEWER,2026-08-06-pass-b,REVIEWED_CONFIRMED
WP-I8-002,WP-I8-001,REQUIRES_REVIEW_PROTOCOL,REQUIRES_REVIEW_PROTOCOL,Tag candidates require stable tag identity before review decisions can approve assignments.,Tag candidates require stable tag identity before review decisions can approve assignments.,Tag and review-item schemas,Tag and review-item schemas,,false,CONFIRMED,CONFIRMED,WP-I8-002 consumes WP-I8-001 because Tag candidates require stable tag identity before review decisions can approve assignments.,PASS_B_DEPENDENCY_REVIEWER,2026-08-06-pass-b,REVIEWED_CONFIRMED
WP-I8-004,WP-I7-004,REQUIRES_SCHEMA,REQUIRES_SCHEMA,Relationship endpoints are stable person IDs.,Relationship endpoints are stable person IDs.,Prior curated dependency source: Relationship endpoints are stable person IDs.,Prior curated dependency source: Relationship endpoints are stable person IDs.,,false,CONFIRMED,CONFIRMED,WP-I8-004 consumes WP-I7-004 because Relationship endpoints are stable person IDs.,PASS_B_DEPENDENCY_REVIEWER,2026-08-06-pass-b,REVIEWED_CONFIRMED
WP-I8-005,WP-I8-004,REQUIRES_GRAPH_MODEL,REQUIRES_GRAPH_MODEL,Multi-edge history requires authoritative relationship-edge identities and revisions.,Multi-edge history requires authoritative relationship-edge identities and revisions.,Relationship and history schemas,Relationship and history schemas,,false,CONFIRMED,CONFIRMED,WP-I8-005 consumes WP-I8-004 because Multi-edge history requires authoritative relationship-edge identities and revisions.,PASS_B_DEPENDENCY_REVIEWER,2026-08-06-pass-b,REVIEWED_CONFIRMED
WP-I8-006,WP-I8-005,REQUIRES_GRAPH_MODEL,REQUIRES_GRAPH_MODEL,Relationship projections and views derive only from versioned multi-edge history and approved rules.,Relationship projections and views derive only from versioned multi-edge history and approved rules.,Relationship projection rule,Relationship projection rule,,false,CONFIRMED,CONFIRMED,WP-I8-006 consumes WP-I8-005 because Relationship projections and views derive only from versioned multi-edge history and approved rules.,PASS_B_DEPENDENCY_REVIEWER,2026-08-06-pass-b,REVIEWED_CONFIRMED
WP-I8-007,WP-I7-004,REQUIRES_IDENTITY,REQUIRES_IDENTITY,Photographer and camera-owner attribution requires stable person identities and distinct role fields.,Photographer and camera-owner attribution requires stable person identities and distinct role fields.,Attribution authority decision,Attribution authority decision,,false,CONFIRMED,CONFIRMED,WP-I8-007 consumes WP-I7-004 because Photographer and camera-owner attribution requires stable person identities and distinct role fields.,PASS_B_DEPENDENCY_REVIEWER,2026-08-06-pass-b,REVIEWED_CONFIRMED
WP-I8-009,WP-I5-010,REQUIRES_CONTRACT,REQUIRES_CONTRACT,Relationship proposals use typed review transitions.,Relationship proposals use typed review transitions.,Prior curated dependency source: Relationship proposals use typed review transitions.,Prior curated dependency source: Relationship proposals use typed review transitions.,,false,CONFIRMED,CONFIRMED,WP-I8-009 consumes WP-I5-010 because Relationship proposals use typed review transitions.,PASS_B_DEPENDENCY_REVIEWER,2026-08-06-pass-b,REVIEWED_CONFIRMED
WP-I8-010,WP-I8-004,REQUIRES_GRAPH_MODEL,REQUIRES_GRAPH_MODEL,Relationship provenance explanations require authoritative edge records and source evidence.,Relationship provenance explanations require authoritative edge records and source evidence.,Relationship record provenance,Relationship record provenance,,false,CONFIRMED,CONFIRMED,WP-I8-010 consumes WP-I8-004 because Relationship provenance explanations require authoritative edge records and source evidence.,PASS_B_DEPENDENCY_REVIEWER,2026-08-06-pass-b,REVIEWED_CONFIRMED
WP-I9-001,WP-I8-004,REQUIRES_SCHEMA,REQUIRES_SCHEMA,Mind maps project canonical relationship records.,Mind maps project canonical relationship records.,Prior curated dependency source: Mind maps project canonical relationship records.,Prior curated dependency source: Mind maps project canonical relationship records.,,false,CONFIRMED,CONFIRMED,WP-I9-001 consumes WP-I8-004 because Mind maps project canonical relationship records.,PASS_B_DEPENDENCY_REVIEWER,2026-08-06-pass-b,REVIEWED_CONFIRMED
WP-I9-004,WP-I9-001,REQUIRES_GRAPH_MODEL,REQUIRES_GRAPH_MODEL,Event maps require canonical graph projection identity before event nodes and links render.,Event maps require canonical graph projection identity before event nodes and links render.,Knowledge-graph projection schema,Knowledge-graph projection schema,,false,CONFIRMED,CONFIRMED,WP-I9-004 consumes WP-I9-001 because Event maps require canonical graph projection identity before event nodes and links render.,PASS_B_DEPENDENCY_REVIEWER,2026-08-06-pass-b,REVIEWED_CONFIRMED
WP-I9-006,WP-I3-001,REQUIRES_SCHEMA,REQUIRES_SCHEMA,Saved map drafts require durable versioned records.,Saved map drafts require durable versioned records.,Prior curated dependency source: Saved map drafts require durable versioned records.,Prior curated dependency source: Saved map drafts require durable versioned records.,,false,CONFIRMED,CONFIRMED,WP-I9-006 consumes WP-I3-001 because Saved map drafts require durable versioned records.,PASS_B_DEPENDENCY_REVIEWER,2026-08-06-pass-b,REVIEWED_CONFIRMED
WP-I9-007,WP-I3-011,REQUIRES_CONTRACT,REQUIRES_CONTRACT,Map materialization emits a filesystem plan before mutation.,Map materialization emits a filesystem plan before mutation.,Prior curated dependency source: Map materialization emits a filesystem plan before mutation.,Prior curated dependency source: Map materialization emits a filesystem plan before mutation.,,false,CONFIRMED,CONFIRMED,WP-I9-007 consumes WP-I3-011 because Map materialization emits a filesystem plan before mutation.,PASS_B_DEPENDENCY_REVIEWER,2026-08-06-pass-b,REVIEWED_CONFIRMED
WP-I10-009,WP-I0-004,REQUIRES_COMPONENT_DECISION,REQUIRES_COMPONENT_DECISION,The OCR runtime consumes the finalized ONNX Runtime decision owned by WP-I0-004.,OCR model execution runs through the reviewed ONNX provider matrix.,Pass C component ledger; component ONNX Runtime.,Pass C component ledger; component ONNX Runtime.,,false,CONFIRMED,CONFIRMED,WP-I10-009 consumes WP-I0-004 because the OCR runtime depends on the finalized ONNX Runtime provider decision before model execution begins.,DEEPSEEK_PRE_GPT_AUDIT_REVIEWER,2026-08-07-pre-gpt-audit,REVIEWED_CONFIRMED
WP-I10-010,WP-I0-004,REQUIRES_COMPONENT_DECISION,REQUIRES_COMPONENT_DECISION,The embedding runtime consumes the finalized ONNX Runtime decision owned by WP-I0-004.,Embedding model execution runs through the reviewed ONNX provider matrix.,Pass C component ledger; component ONNX Runtime.,Pass C component ledger; component ONNX Runtime.,,false,CONFIRMED,CONFIRMED,WP-I10-010 consumes WP-I0-004 because the embedding runtime depends on the finalized ONNX Runtime provider decision before model execution begins.,DEEPSEEK_PRE_GPT_AUDIT_REVIEWER,2026-08-07-pre-gpt-audit,REVIEWED_CONFIRMED
WP-I10-011,WP-I0-004,REQUIRES_COMPONENT_DECISION,REQUIRES_COMPONENT_DECISION,The AI review/invalidation surface consumes the finalized ONNX Runtime decision owned by WP-I0-004.,AI review and invalidation invoke models through the reviewed ONNX provider matrix.,Pass C component ledger; component ONNX Runtime.,Pass C component ledger; component ONNX Runtime.,,false,CONFIRMED,CONFIRMED,WP-I10-011 consumes WP-I0-004 because its AI review and invalidation behaviour requires the finalized ONNX Runtime decision before execution.,DEEPSEEK_PRE_GPT_AUDIT_REVIEWER,2026-08-07-pre-gpt-audit,REVIEWED_CONFIRMED
WP-I10-011,WP-I10-009,REQUIRES_COMPONENT_DECISION,REQUIRES_COMPONENT_DECISION,AI review/invalidation consumes the finalized OCR model decision owned by WP-I10-009.,Review suppression and invalidation reason about OCR-derived candidates.,Pass C component ledger; component OCR model/runtime.,Pass C component ledger; component OCR model/runtime.,,false,CONFIRMED,CONFIRMED,WP-I10-011 consumes WP-I10-009 because its review behaviour depends on the finalized OCR model decision and provenance.,DEEPSEEK_PRE_GPT_AUDIT_REVIEWER,2026-08-07-pre-gpt-audit,REVIEWED_CONFIRMED
WP-I10-011,WP-I10-010,REQUIRES_COMPONENT_DECISION,REQUIRES_COMPONENT_DECISION,AI review/invalidation consumes the finalized embedding model decision owned by WP-I10-010.,Review suppression and invalidation reason about embedding-derived candidates.,Pass C component ledger; component Embedding model/runtime.,Pass C component ledger; component Embedding model/runtime.,,false,CONFIRMED,CONFIRMED,WP-I10-011 consumes WP-I10-010 because its review behaviour depends on the finalized embedding model decision and provenance.,DEEPSEEK_PRE_GPT_AUDIT_REVIEWER,2026-08-07-pre-gpt-audit,REVIEWED_CONFIRMED
WP-I2-004,WP-I2-003,REQUIRES_COMPONENT_DECISION,REQUIRES_COMPONENT_DECISION,Desktop shell integration consumes the finalized Platform WebView dependency decision owned by WP-I2-003.,The shell renders through the reviewed platform WebView minimum versions.,Pass C component ledger; component Platform WebView dependencies.,Pass C component ledger; component Platform WebView dependencies.,,false,CONFIRMED,CONFIRMED,WP-I2-004 consumes WP-I2-003 because shell rendering waits for the finalized platform WebView dependency decision.,DEEPSEEK_PRE_GPT_AUDIT_REVIEWER,2026-08-07-pre-gpt-audit,REVIEWED_CONFIRMED
WP-I2-005,WP-I2-002,REQUIRES_COMPONENT_DECISION,REQUIRES_COMPONENT_DECISION,Frontend runtime work consumes the finalized Svelte/SvelteKit static decision owned by WP-I2-002.,Frontend behaviour is built on the reviewed static SvelteKit adapter.,Pass C component ledger; component Svelte/SvelteKit.,Pass C component ledger; component Svelte/SvelteKit.,,false,CONFIRMED,CONFIRMED,WP-I2-005 consumes WP-I2-002 because frontend runtime work requires the finalized static SvelteKit decision.,DEEPSEEK_PRE_GPT_AUDIT_REVIEWER,2026-08-07-pre-gpt-audit,REVIEWED_CONFIRMED
WP-I2-008,WP-I2-001,REQUIRES_COMPONENT_DECISION,REQUIRES_COMPONENT_DECISION,Capability-boundary work consumes the finalized Tauri decision owned by WP-I2-001.,Capability enforcement runs through the reviewed Tauri IPC boundary.,Pass C component ledger; component Tauri.,Pass C component ledger; component Tauri.,,false,CONFIRMED,CONFIRMED,WP-I2-008 consumes WP-I2-001 because capability enforcement depends on the finalized Tauri shell decision.,DEEPSEEK_PRE_GPT_AUDIT_REVIEWER,2026-08-07-pre-gpt-audit,REVIEWED_CONFIRMED
WP-I2-011,WP-I2-001,REQUIRES_COMPONENT_DECISION,REQUIRES_COMPONENT_DECISION,Shell/navigation work consumes the finalized Tauri decision owned by WP-I2-001.,Application windows and navigation run inside the reviewed Tauri shell.,Pass C component ledger; component Tauri.,Pass C component ledger; component Tauri.,,false,CONFIRMED,CONFIRMED,WP-I2-011 consumes WP-I2-001 because shell navigation depends on the finalized Tauri decision.,DEEPSEEK_PRE_GPT_AUDIT_REVIEWER,2026-08-07-pre-gpt-audit,REVIEWED_CONFIRMED
WP-I2-011,WP-I2-002,REQUIRES_COMPONENT_DECISION,REQUIRES_COMPONENT_DECISION,Shell/navigation work consumes the finalized Svelte/SvelteKit static decision owned by WP-I2-002.,Frontend screens are served from the reviewed static SvelteKit build.,Pass C component ledger; component Svelte/SvelteKit.,Pass C component ledger; component Svelte/SvelteKit.,,false,CONFIRMED,CONFIRMED,WP-I2-011 consumes WP-I2-002 because its frontend screens depend on the finalized static SvelteKit decision.,DEEPSEEK_PRE_GPT_AUDIT_REVIEWER,2026-08-07-pre-gpt-audit,REVIEWED_CONFIRMED
WP-I2-011,WP-I2-003,REQUIRES_COMPONENT_DECISION,REQUIRES_COMPONENT_DECISION,Shell/navigation work consumes the finalized Platform WebView dependency decision owned by WP-I2-003.,Frontend rendering uses the reviewed platform WebView minimum versions.,Pass C component ledger; component Platform WebView dependencies.,Pass C component ledger; component Platform WebView dependencies.,,false,CONFIRMED,CONFIRMED,WP-I2-011 consumes WP-I2-003 because its rendering depends on the finalized platform WebView decision.,DEEPSEEK_PRE_GPT_AUDIT_REVIEWER,2026-08-07-pre-gpt-audit,REVIEWED_CONFIRMED
WP-I3-008,WP-I0-005,REQUIRES_COMPONENT_DECISION,REQUIRES_COMPONENT_DECISION,SQLite crate work consumes the finalized Rust stable toolchain decision owned by WP-I0-005.,rusqlite is built with the reconciled stable Rust toolchain.,Pass C component ledger; component Rust toolchain.,Pass C component ledger; component Rust toolchain.,,false,CONFIRMED,CONFIRMED,WP-I3-008 consumes WP-I0-005 because its Rust crate work requires the finalized stable toolchain decision.,DEEPSEEK_PRE_GPT_AUDIT_REVIEWER,2026-08-07-pre-gpt-audit,REVIEWED_CONFIRMED
WP-I3-012,WP-I0-005,REQUIRES_COMPONENT_DECISION,REQUIRES_COMPONENT_DECISION,SQLite migration work consumes the finalized Rust stable toolchain decision owned by WP-I0-005.,Migration tooling is built with the reconciled stable Rust toolchain.,Pass C component ledger; component Rust toolchain.,Pass C component ledger; component Rust toolchain.,,false,CONFIRMED,CONFIRMED,WP-I3-012 consumes WP-I0-005 because its Rust migration tooling requires the finalized stable toolchain decision.,DEEPSEEK_PRE_GPT_AUDIT_REVIEWER,2026-08-07-pre-gpt-audit,REVIEWED_CONFIRMED
WP-I4-009,WP-I4-004,REQUIRES_COMPONENT_DECISION,REQUIRES_COMPONENT_DECISION,Thumbnail generation consumes the finalized HEIF/RAW decoder decisions owned by WP-I4-004.,Thumbnails decode HEIF and RAW sources through the reviewed platform/optional decoders.,Pass C component ledger; components HEIF decoder and RAW decoder.,Pass C component ledger; components HEIF decoder and RAW decoder.,,false,CONFIRMED,CONFIRMED,WP-I4-009 consumes WP-I4-004 because thumbnail decoding of HEIF/RAW sources requires the finalized decoder decisions.,DEEPSEEK_PRE_GPT_AUDIT_REVIEWER,2026-08-07-pre-gpt-audit,REVIEWED_CONFIRMED
WP-I4-010,WP-I4-008,REQUIRES_COMPONENT_DECISION,REQUIRES_COMPONENT_DECISION,Metadata work consumes the finalized ExifTool-replacement decision owned by WP-I4-008.,Metadata extraction uses the reviewed pure-Rust parsers.,Pass C component ledger; component ExifTool or replacement.,Pass C component ledger; component ExifTool or replacement.,,false,CONFIRMED,CONFIRMED,WP-I4-010 consumes WP-I4-008 because metadata extraction requires the finalized pure-Rust parser decision.,DEEPSEEK_PRE_GPT_AUDIT_REVIEWER,2026-08-07-pre-gpt-audit,REVIEWED_CONFIRMED
WP-I5-003,WP-I4-009,REQUIRES_COMPONENT_DECISION,REQUIRES_COMPONENT_DECISION,Gallery rendering consumes the finalized image thumbnail decision owned by WP-I4-009.,Gallery previews are generated by the reviewed Rust image crate.,Pass C component ledger; component Image thumbnail library.,Pass C component ledger; component Image thumbnail library.,,false,CONFIRMED,CONFIRMED,WP-I5-003 consumes WP-I4-009 because gallery previews require the finalized thumbnail library decision.,DEEPSEEK_PRE_GPT_AUDIT_REVIEWER,2026-08-07-pre-gpt-audit,REVIEWED_CONFIRMED
WP-I7-001,WP-I0-004,REQUIRES_COMPONENT_DECISION,REQUIRES_COMPONENT_DECISION,Face processing consumes the finalized ONNX Runtime decision owned by WP-I0-004.,Face detection/embedding runs through the reviewed ONNX provider matrix.,Pass C component ledger; component ONNX Runtime.,Pass C component ledger; component ONNX Runtime.,,false,CONFIRMED,CONFIRMED,WP-I7-001 consumes WP-I0-004 because face detection requires the finalized ONNX Runtime provider decision.,DEEPSEEK_PRE_GPT_AUDIT_REVIEWER,2026-08-07-pre-gpt-audit,REVIEWED_CONFIRMED
WP-I7-002,WP-I7-001,REQUIRES_COMPONENT_DECISION,REQUIRES_COMPONENT_DECISION,Person creation consumes the finalized face model decision owned by WP-I7-001.,Person records derive from the reviewed face detection/embedding models.,Pass C component ledger; component Face model/runtime.,Pass C component ledger; component Face model/runtime.,,false,CONFIRMED,CONFIRMED,WP-I7-002 consumes WP-I7-001 because person creation depends on the finalized face model decision.,DEEPSEEK_PRE_GPT_AUDIT_REVIEWER,2026-08-07-pre-gpt-audit,REVIEWED_CONFIRMED
WP-I7-003,WP-I7-001,REQUIRES_COMPONENT_DECISION,REQUIRES_COMPONENT_DECISION,Grouping work consumes the finalized face model decision owned by WP-I7-001.,Grouping derives from the reviewed face detection/embedding models.,Pass C component ledger; component Face model/runtime.,Pass C component ledger; component Face model/runtime.,,false,CONFIRMED,CONFIRMED,WP-I7-003 consumes WP-I7-001 because face grouping depends on the finalized face model decision.,DEEPSEEK_PRE_GPT_AUDIT_REVIEWER,2026-08-07-pre-gpt-audit,REVIEWED_CONFIRMED
WP-I7-010,WP-I7-001,REQUIRES_COMPONENT_DECISION,REQUIRES_COMPONENT_DECISION,Face correction consumes the finalized face model decision owned by WP-I7-001.,Face correction re-runs the reviewed face models for reassignment.,Pass C component ledger; component Face model/runtime.,Pass C component ledger; component Face model/runtime.,,false,CONFIRMED,CONFIRMED,WP-I7-010 consumes WP-I7-001 because face correction depends on the finalized face model decision.,DEEPSEEK_PRE_GPT_AUDIT_REVIEWER,2026-08-07-pre-gpt-audit,REVIEWED_CONFIRMED
