work_package_id,implementation_phase,name,objective,included_requirement_count,capability_diversity,read_mutation_summary,contracts_affected,schemas_affected,technical_prerequisites,tests,exit_gate,direct_dependents,classification,decision_rationale,reviewer_status,reviewer_type,review_revision
WP-I0-001,I0,Read-only repository provenance and integrity baseline,"Inspect the existing repository without mutation and record provenance, file inventory, SHA-256 integrity, available Git state, and toolchain/manifest evidence only inside Graphify.",2,2,Reviewed for read/mutation separation in Pass 2; navigation and mutation members are in distinct packages.,NONE; this package inspects existing repository state only.,NONE; evidence uses the reviewed Graphify report formats only.,,"Recompute the outside-Graphify inventory and SHA-256 manifest; compare Git metadata without optional locks; scan for newly created build, test, cache, package-manager, generated-code, copy, backup, or archive artifacts.",All provenance evidence is inside Graphify; no archive or backup exists; no application file or Git state changed; the final outside-Graphify comparison reports zero changes.,WP-I0-002;WP-I0-003;WP-I0-004;WP-I0-006;WP-I0-008;WP-I0-009;WP-I0-010;WP-I0-011;WP-I1-001,KEEP,KEEP: Read-only repository provenance and integrity baseline remains the bounded I0 owner of its 2 requirements across 2 capabilities; cohesion review found no known mixed read/mutation semantics or capability sprawl requiring restructure.,REVIEWED,AI_SEMANTIC_REVIEW_PASS2,2026-08-05-pass2-package-reconstruction
WP-I0-002,I0,Read-only Git-state inspection,"Inspect existing Git state without creating or modifying commits, branches, tags, stashes, worktrees, the index, or configuration.",1,1,Reviewed for read/mutation separation in Pass 2; navigation and mutation members are in distinct packages.,Explicitly listed in the generated packet from reviewed command-to-package references; NONE only when verified.,Explicitly listed in the generated packet from reviewed record-to-package references; NONE only when verified.,WP-I0-001,Run read-only Git inspection with optional locks disabled and prove relevant Git metadata is unchanged.,Existing Git state is recorded and before/after metadata integrity is identical; no Git mutation occurred.,,KEEP,KEEP: Read-only Git-state inspection remains the bounded I0 owner of its 1 requirements across 1 capabilities; cohesion review found no known mixed read/mutation semantics or capability sprawl requiring restructure.,REVIEWED,AI_SEMANTIC_REVIEW_PASS2,2026-08-05-pass2-package-reconstruction
WP-I0-003,I0,Existing repository SHA-256 manifest,"Calculate and verify path, size, and SHA-256 evidence for existing repository files without creating an archive, backup, or duplicate tree.",1,1,Reviewed for read/mutation separation in Pass 2; navigation and mutation members are in distinct packages.,Explicitly listed in the generated packet from reviewed command-to-package references; NONE only when verified.,Explicitly listed in the generated packet from reviewed record-to-package references; NONE only when verified.,WP-I0-001,"Rehash every manifest entry and verify path, byte size, and digest equality.","Every manifest entry verifies and no archive, backup, copy, or repository mutation exists.",,KEEP,KEEP: Existing repository SHA-256 manifest remains the bounded I0 owner of its 1 requirements across 1 capabilities; cohesion review found no known mixed read/mutation semantics or capability sprawl requiring restructure.,REVIEWED,AI_SEMANTIC_REVIEW_PASS2,2026-08-05-pass2-package-reconstruction
WP-I0-004,I0,Mixed-version manifest investigation,Implement and verify the bounded mixed-version manifest investigation surface.,1,1,Reviewed for read/mutation separation in Pass 2; navigation and mutation members are in distinct packages.,Explicitly listed in the generated packet from reviewed command-to-package references; NONE only when verified.,Explicitly listed in the generated packet from reviewed record-to-package references; NONE only when verified.,WP-I0-001,"Focused success, boundary, and failure tests for mixed-version manifest investigation; affected integration checks.",The mixed-version manifest investigation objective and failure tests pass with no unrelated package work included.,WP-I0-005;WP-I0-007;WP-I2-002,KEEP,KEEP: Mixed-version manifest investigation remains the bounded I0 owner of its 1 requirements across 1 capabilities; cohesion review found no known mixed read/mutation semantics or capability sprawl requiring restructure.,REVIEWED,AI_SEMANTIC_REVIEW_PASS2,2026-08-05-pass2-package-reconstruction
WP-I0-005,I0,Toolchain inventory,Implement and verify the bounded toolchain inventory surface.,1,1,Reviewed for read/mutation separation in Pass 2; navigation and mutation members are in distinct packages.,Explicitly listed in the generated packet from reviewed command-to-package references; NONE only when verified.,Explicitly listed in the generated packet from reviewed record-to-package references; NONE only when verified.,WP-I0-004,"Focused success, boundary, and failure tests for toolchain inventory; affected integration checks.",The toolchain inventory objective and failure tests pass with no unrelated package work included.,WP-I0-007;WP-I10-003;WP-I15-006;WP-I2-001,KEEP,KEEP: Toolchain inventory remains the bounded I0 owner of its 1 requirements across 1 capabilities; cohesion review found no known mixed read/mutation semantics or capability sprawl requiring restructure.,REVIEWED,AI_SEMANTIC_REVIEW_PASS2,2026-08-05-pass2-package-reconstruction
WP-I0-006,I0,Build-output isolation decision,Define where later authorized build and test outputs may be written without creating a repository copy during the read-only provenance baseline.,1,1,Reviewed for read/mutation separation in Pass 2; navigation and mutation members are in distinct packages.,Explicitly listed in the generated packet from reviewed command-to-package references; NONE only when verified.,Explicitly listed in the generated packet from reviewed record-to-package references; NONE only when verified.,WP-I0-001,"Validate that the decision authorizes no current build, test, cache, generated-code, package-manager, or duplicate-tree output.","The later writable boundary is explicit and no workspace, copy, build, test, cache, or generated output was created.",,KEEP,KEEP: Build-output isolation decision remains the bounded I0 owner of its 1 requirements across 1 capabilities; cohesion review found no known mixed read/mutation semantics or capability sprawl requiring restructure.,REVIEWED,AI_SEMANTIC_REVIEW_PASS2,2026-08-05-pass2-package-reconstruction
WP-I0-007,I0,Baseline build and test attempts,Implement and verify the bounded baseline build and test attempts surface.,1,1,Reviewed for read/mutation separation in Pass 2; navigation and mutation members are in distinct packages.,Explicitly listed in the generated packet from reviewed command-to-package references; NONE only when verified.,Explicitly listed in the generated packet from reviewed record-to-package references; NONE only when verified.,WP-I0-004;WP-I0-005,"Focused success, boundary, and failure tests for baseline build and test attempts; affected integration checks.",The baseline build and test attempts objective and failure tests pass with no unrelated package work included.,WP-I14-001,KEEP,KEEP: Baseline build and test attempts remains the bounded I0 owner of its 1 requirements across 1 capabilities; cohesion review found no known mixed read/mutation semantics or capability sprawl requiring restructure.,REVIEWED,AI_SEMANTIC_REVIEW_PASS2,2026-08-05-pass2-package-reconstruction
WP-I0-008,I0,Missing fixture classification,Implement and verify the bounded missing fixture classification surface.,1,1,Reviewed for read/mutation separation in Pass 2; navigation and mutation members are in distinct packages.,Explicitly listed in the generated packet from reviewed command-to-package references; NONE only when verified.,Explicitly listed in the generated packet from reviewed record-to-package references; NONE only when verified.,WP-I0-001,"Focused success, boundary, and failure tests for missing fixture classification; affected integration checks.",The missing fixture classification objective and failure tests pass with no unrelated package work included.,,KEEP,KEEP: Missing fixture classification remains the bounded I0 owner of its 1 requirements across 1 capabilities; cohesion review found no known mixed read/mutation semantics or capability sprawl requiring restructure.,REVIEWED,AI_SEMANTIC_REVIEW_PASS2,2026-08-05-pass2-package-reconstruction
WP-I0-009,I0,Frontend coupling inventory,Implement and verify the bounded frontend coupling inventory surface.,1,1,Reviewed for read/mutation separation in Pass 2; navigation and mutation members are in distinct packages.,Explicitly listed in the generated packet from reviewed command-to-package references; NONE only when verified.,Explicitly listed in the generated packet from reviewed record-to-package references; NONE only when verified.,WP-I0-001,"Focused success, boundary, and failure tests for frontend coupling inventory; affected integration checks.",The frontend coupling inventory objective and failure tests pass with no unrelated package work included.,,KEEP,KEEP: Frontend coupling inventory remains the bounded I0 owner of its 1 requirements across 1 capabilities; cohesion review found no known mixed read/mutation semantics or capability sprawl requiring restructure.,REVIEWED,AI_SEMANTIC_REVIEW_PASS2,2026-08-05-pass2-package-reconstruction
WP-I0-010,I0,Outbound and commercial integration inventory,Implement and verify the bounded outbound and commercial integration inventory surface.,1,1,Reviewed for read/mutation separation in Pass 2; navigation and mutation members are in distinct packages.,Explicitly listed in the generated packet from reviewed command-to-package references; NONE only when verified.,Explicitly listed in the generated packet from reviewed record-to-package references; NONE only when verified.,WP-I0-001,"Focused success, boundary, and failure tests for outbound and commercial integration inventory; affected integration checks.",The outbound and commercial integration inventory objective and failure tests pass with no unrelated package work included.,WP-I15-014,KEEP,KEEP: Outbound and commercial integration inventory remains the bounded I0 owner of its 1 requirements across 1 capabilities; cohesion review found no known mixed read/mutation semantics or capability sprawl requiring restructure.,REVIEWED,AI_SEMANTIC_REVIEW_PASS2,2026-08-05-pass2-package-reconstruction
WP-I0-011,I0,Active-plan authority adoption,"Enforce planning authority: canonical requirement IDs, evidence gates, completion-tracker revisions, no-stub completion, and double-check/bottom-up audit obligations before any package advances.",20,3,Reviewed for read/mutation separation in Pass 2; navigation and mutation members are in distinct packages.,Planning tracker and completion-status contracts,Completion tracker and planning evidence records,WP-I0-001,"Fixture suite asserting requirement/package status transitions require evidence, tracker revisions are preserved, planning passes reject incomplete maps, and stubs cannot satisfy gates.",Every fixture passes and no requirement/package status can advance without recorded gate evidence.,,REBUILD,"REBUILD: Active-plan authority adoption objective, exclusions, tests, and exit gate were re-authored to match its contents. Architectural-boundary exception granted: the package spans more than two capabilities but is a reviewed cohesive surface.",REVIEWED,AI_SEMANTIC_REVIEW_PASS2,2026-08-05-pass2-package-reconstruction
WP-I1-001,I1,Brand and identity inventory,Implement and verify the bounded brand and identity inventory surface.,7,1,Reviewed for read/mutation separation in Pass 2; navigation and mutation members are in distinct packages.,Explicitly listed in the generated packet from reviewed command-to-package references; NONE only when verified.,Explicitly listed in the generated packet from reviewed record-to-package references; NONE only when verified.,WP-I0-001,"Focused success, boundary, and failure tests for brand and identity inventory; affected integration checks.",The brand and identity inventory objective and failure tests pass with no unrelated package work included.,WP-I1-002;WP-I1-003;WP-I1-004;WP-I1-005,KEEP,KEEP: Brand and identity inventory remains the bounded I1 owner of its 7 requirements across 1 capabilities; cohesion review found no known mixed read/mutation semantics or capability sprawl requiring restructure.,REVIEWED,AI_SEMANTIC_REVIEW_PASS2,2026-08-05-pass2-package-reconstruction
WP-I1-002,I1,Visible UI rebrand,Implement and verify the bounded visible ui rebrand surface.,2,1,Reviewed for read/mutation separation in Pass 2; navigation and mutation members are in distinct packages.,Explicitly listed in the generated packet from reviewed command-to-package references; NONE only when verified.,Explicitly listed in the generated packet from reviewed record-to-package references; NONE only when verified.,WP-I1-001,"Focused success, boundary, and failure tests for visible ui rebrand; affected integration checks.",The visible ui rebrand objective and failure tests pass with no unrelated package work included.,,KEEP,KEEP: Visible UI rebrand remains the bounded I1 owner of its 2 requirements across 1 capabilities; cohesion review found no known mixed read/mutation semantics or capability sprawl requiring restructure.,REVIEWED,AI_SEMANTIC_REVIEW_PASS2,2026-08-05-pass2-package-reconstruction
WP-I1-003,I1,Package and bundle identity,Implement and verify the bounded package and bundle identity surface.,2,1,Reviewed for read/mutation separation in Pass 2; navigation and mutation members are in distinct packages.,Explicitly listed in the generated packet from reviewed command-to-package references; NONE only when verified.,Explicitly listed in the generated packet from reviewed record-to-package references; NONE only when verified.,WP-I1-001,"Focused success, boundary, and failure tests for package and bundle identity; affected integration checks.",The package and bundle identity objective and failure tests pass with no unrelated package work included.,,KEEP,KEEP: Package and bundle identity remains the bounded I1 owner of its 2 requirements across 1 capabilities; cohesion review found no known mixed read/mutation semantics or capability sprawl requiring restructure.,REVIEWED,AI_SEMANTIC_REVIEW_PASS2,2026-08-05-pass2-package-reconstruction
WP-I1-004,I1,Brand asset replacement,Implement and verify the bounded brand asset replacement surface.,2,1,Reviewed for read/mutation separation in Pass 2; navigation and mutation members are in distinct packages.,Explicitly listed in the generated packet from reviewed command-to-package references; NONE only when verified.,Explicitly listed in the generated packet from reviewed record-to-package references; NONE only when verified.,WP-I1-001,"Focused success, boundary, and failure tests for brand asset replacement; affected integration checks.",The brand asset replacement objective and failure tests pass with no unrelated package work included.,,KEEP,KEEP: Brand asset replacement remains the bounded I1 owner of its 2 requirements across 1 capabilities; cohesion review found no known mixed read/mutation semantics or capability sprawl requiring restructure.,REVIEWED,AI_SEMANTIC_REVIEW_PASS2,2026-08-05-pass2-package-reconstruction
WP-I1-005,I1,Licence and attribution preservation,"Inventory and persist licence, attribution, redistribution, model-provenance, and required legal-file obligations; block release until every required notice is present.",15,1,Reviewed for read/mutation separation in Pass 2; navigation and mutation members are in distinct packages.,Legal-file and licence-inventory contracts,Licence/attribution and model-provenance records,WP-I1-001,"Fixture suite asserting every bundled component has licence/attribution/redistribution review, required legal files are present, and release is blocked on any missing entry.",Legal/attribution fixture suite passes with zero missing required files.,,REBUILD,"REBUILD: Licence and attribution preservation objective, exclusions, tests, and exit gate were re-authored to match its contents.",REVIEWED,AI_SEMANTIC_REVIEW_PASS2,2026-08-05-pass2-package-reconstruction
WP-I10-001,I10,AI worker lifecycle,Implement and verify the bounded ai worker lifecycle surface.,1,1,Reviewed for read/mutation separation in Pass 2; navigation and mutation members are in distinct packages.,Explicitly listed in the generated packet from reviewed command-to-package references; NONE only when verified.,Explicitly listed in the generated packet from reviewed record-to-package references; NONE only when verified.,WP-I2-007,"Focused success, boundary, and failure tests for ai worker lifecycle; affected integration checks.",The ai worker lifecycle objective and failure tests pass with no unrelated package work included.,WP-I10-002;WP-I10-006;WP-I10-007;WP-I10-010;WP-I7-001;WP-I7-010,KEEP,KEEP: AI worker lifecycle remains the bounded I10 owner of its 1 requirements across 1 capabilities; cohesion review found no known mixed read/mutation semantics or capability sprawl requiring restructure.,REVIEWED,AI_SEMANTIC_REVIEW_PASS2,2026-08-05-pass2-package-reconstruction
WP-I10-002,I10,Private local worker transport,Implement and verify the bounded private local worker transport surface.,4,2,Reviewed for read/mutation separation in Pass 2; navigation and mutation members are in distinct packages.,Explicitly listed in the generated packet from reviewed command-to-package references; NONE only when verified.,Explicitly listed in the generated packet from reviewed record-to-package references; NONE only when verified.,WP-I10-001,"Focused success, boundary, and failure tests for private local worker transport; affected integration checks.",The private local worker transport objective and failure tests pass with no unrelated package work included.,,KEEP,KEEP: Private local worker transport remains the bounded I10 owner of its 4 requirements across 2 capabilities; cohesion review found no known mixed read/mutation semantics or capability sprawl requiring restructure.,REVIEWED,AI_SEMANTIC_REVIEW_PASS2,2026-08-05-pass2-package-reconstruction
WP-I10-003,I10,Model and component registry,Implement and verify the bounded model and component registry surface.,2,1,Reviewed for read/mutation separation in Pass 2; navigation and mutation members are in distinct packages.,Explicitly listed in the generated packet from reviewed command-to-package references; NONE only when verified.,Explicitly listed in the generated packet from reviewed record-to-package references; NONE only when verified.,WP-I0-005,"Focused success, boundary, and failure tests for model and component registry; affected integration checks.",The model and component registry objective and failure tests pass with no unrelated package work included.,WP-I10-004;WP-I10-005;WP-I10-009;WP-I10-010;WP-I10-012;WP-I13-010;WP-I7-001,KEEP,KEEP: Model and component registry remains the bounded I10 owner of its 2 requirements across 1 capabilities; cohesion review found no known mixed read/mutation semantics or capability sprawl requiring restructure.,REVIEWED,AI_SEMANTIC_REVIEW_PASS2,2026-08-05-pass2-package-reconstruction
WP-I10-004,I10,Model checksums and compatibility,Implement and verify the bounded model checksums and compatibility surface.,3,1,Reviewed for read/mutation separation in Pass 2; navigation and mutation members are in distinct packages.,Explicitly listed in the generated packet from reviewed command-to-package references; NONE only when verified.,Explicitly listed in the generated packet from reviewed record-to-package references; NONE only when verified.,WP-I10-003,"Focused success, boundary, and failure tests for model checksums and compatibility; affected integration checks.",The model checksums and compatibility objective and failure tests pass with no unrelated package work included.,,KEEP,KEEP: Model checksums and compatibility remains the bounded I10 owner of its 3 requirements across 1 capabilities; cohesion review found no known mixed read/mutation semantics or capability sprawl requiring restructure.,REVIEWED,AI_SEMANTIC_REVIEW_PASS2,2026-08-05-pass2-package-reconstruction
WP-I10-005,I10,Hardware assessment,"Detect and record CPU, core count, RAM, GPU/GPU memory, OS, disk, acceleration, library counts, and benchmark results from local OS data for AI hardware assessment.",13,1,Reviewed for read/mutation separation in Pass 2; navigation and mutation members are in distinct packages.,AI hardware assessment and benchmark contracts,Hardware assessment and benchmark records,WP-I10-003,Fixture suite covering CPU/core/RAM/GPU/OS/disk/acceleration/library-count reporting and benchmark latency/resource recording on declared hardware.,Hardware-assessment fixture suite passes with every declared metric recorded.,WP-I14-010,REBUILD,"REBUILD: Hardware assessment objective, exclusions, tests, and exit gate were re-authored to match its contents.",REVIEWED,AI_SEMANTIC_REVIEW_PASS2,2026-08-05-pass2-package-reconstruction
WP-I10-006,I10,Local AI scheduler,Implement and verify the bounded local ai scheduler surface.,3,2,Reviewed for read/mutation separation in Pass 2; navigation and mutation members are in distinct packages.,Explicitly listed in the generated packet from reviewed command-to-package references; NONE only when verified.,Explicitly listed in the generated packet from reviewed record-to-package references; NONE only when verified.,WP-I10-001,"Focused success, boundary, and failure tests for local ai scheduler; affected integration checks.",The local ai scheduler objective and failure tests pass with no unrelated package work included.,WP-I14-004,KEEP,KEEP: Local AI scheduler remains the bounded I10 owner of its 3 requirements across 2 capabilities; cohesion review found no known mixed read/mutation semantics or capability sprawl requiring restructure.,REVIEWED,AI_SEMANTIC_REVIEW_PASS2,2026-08-05-pass2-package-reconstruction
WP-I10-007,I10,AI task queue persistence,Implement and verify the bounded ai task queue persistence surface.,2,2,Reviewed for read/mutation separation in Pass 2; navigation and mutation members are in distinct packages.,Explicitly listed in the generated packet from reviewed command-to-package references; NONE only when verified.,Explicitly listed in the generated packet from reviewed record-to-package references; NONE only when verified.,WP-I10-001,"Focused success, boundary, and failure tests for ai task queue persistence; affected integration checks.",The ai task queue persistence objective and failure tests pass with no unrelated package work included.,WP-I10-008;WP-I13-010,KEEP,KEEP: AI task queue persistence remains the bounded I10 owner of its 2 requirements across 2 capabilities; cohesion review found no known mixed read/mutation semantics or capability sprawl requiring restructure.,REVIEWED,AI_SEMANTIC_REVIEW_PASS2,2026-08-05-pass2-package-reconstruction
WP-I10-008,I10,AI progress cancellation and retry,Implement and verify the bounded ai progress cancellation and retry surface.,2,2,Reviewed for read/mutation separation in Pass 2; navigation and mutation members are in distinct packages.,Explicitly listed in the generated packet from reviewed command-to-package references; NONE only when verified.,Explicitly listed in the generated packet from reviewed record-to-package references; NONE only when verified.,WP-I10-007,"Focused success, boundary, and failure tests for ai progress cancellation and retry; affected integration checks.",The ai progress cancellation and retry objective and failure tests pass with no unrelated package work included.,WP-I14-009;WP-I14-012,KEEP,KEEP: AI progress cancellation and retry remains the bounded I10 owner of its 2 requirements across 2 capabilities; cohesion review found no known mixed read/mutation semantics or capability sprawl requiring restructure.,REVIEWED,AI_SEMANTIC_REVIEW_PASS2,2026-08-05-pass2-package-reconstruction
WP-I10-009,I10,Local OCR,Implement and verify the bounded local ocr surface.,6,2,Reviewed for read/mutation separation in Pass 2; navigation and mutation members are in distinct packages.,Explicitly listed in the generated packet from reviewed command-to-package references; NONE only when verified.,Explicitly listed in the generated packet from reviewed record-to-package references; NONE only when verified.,WP-I10-003,"Focused success, boundary, and failure tests for local ocr; affected integration checks.",The local ocr objective and failure tests pass with no unrelated package work included.,,KEEP,KEEP: Local OCR remains the bounded I10 owner of its 6 requirements across 2 capabilities; cohesion review found no known mixed read/mutation semantics or capability sprawl requiring restructure.,REVIEWED,AI_SEMANTIC_REVIEW_PASS2,2026-08-05-pass2-package-reconstruction
WP-I10-010,I10,Embeddings and semantic search,Implement and verify the bounded embeddings and semantic search surface.,9,2,Reviewed for read/mutation separation in Pass 2; navigation and mutation members are in distinct packages.,Explicitly listed in the generated packet from reviewed command-to-package references; NONE only when verified.,Explicitly listed in the generated packet from reviewed record-to-package references; NONE only when verified.,WP-I10-001;WP-I10-003,"Focused success, boundary, and failure tests for embeddings and semantic search; affected integration checks.",The embeddings and semantic search objective and failure tests pass with no unrelated package work included.,,KEEP,KEEP: Embeddings and semantic search remains the bounded I10 owner of its 9 requirements across 2 capabilities; cohesion review found no known mixed read/mutation semantics or capability sprawl requiring restructure.,REVIEWED,AI_SEMANTIC_REVIEW_PASS2,2026-08-05-pass2-package-reconstruction
WP-I10-011,I10,Duplicate and similarity candidates,"Detect exact and similar duplicates, compare resolution/format/size/album/tag/event/metadata evidence, produce reviewable candidates, support burst grouping, side-by-side preview, retained-file selection, and AI similarity-data export/delete with no automatic deletion or merge.",21,4,Reviewed for read/mutation separation in Pass 2; navigation and mutation members are in distinct packages.,"Duplicate candidate, comparison, burst, preview, retained-file, and AI-data-control contracts","Duplicate candidate, comparison evidence, burst group, and similarity projection records",WP-I3-002,"Fixture suite covering hash/similarity detection, comparison evidence for each dimension, burst grouping, preview, retained selection, no-auto-delete/merge, and similarity-data rebuild.",Duplicate/similarity fixture suite passes with no automatic deletion or merge.,,REBUILD,"REBUILD: Duplicate and similarity candidates objective, exclusions, tests, and exit gate were re-authored to match its contents. Architectural-boundary exception granted: the package spans more than two capabilities but is a reviewed cohesive surface.",REVIEWED,AI_SEMANTIC_REVIEW_PASS2,2026-08-05-pass2-package-reconstruction
WP-I10-012,I10,Location proposals,Implement and verify the bounded location proposals surface.,1,1,Reviewed for read/mutation separation in Pass 2; navigation and mutation members are in distinct packages.,Explicitly listed in the generated packet from reviewed command-to-package references; NONE only when verified.,Explicitly listed in the generated packet from reviewed record-to-package references; NONE only when verified.,WP-I10-003,"Focused success, boundary, and failure tests for location proposals; affected integration checks.",The location proposals objective and failure tests pass with no unrelated package work included.,,KEEP,KEEP: Location proposals remains the bounded I10 owner of its 1 requirements across 1 capabilities; cohesion review found no known mixed read/mutation semantics or capability sprawl requiring restructure.,REVIEWED,AI_SEMANTIC_REVIEW_PASS2,2026-08-05-pass2-package-reconstruction
WP-I10-013,I10,AI review suppression and invalidation,Implement and verify the bounded ai review suppression and invalidation surface.,1,1,Reviewed for read/mutation separation in Pass 2; navigation and mutation members are in distinct packages.,Explicitly listed in the generated packet from reviewed command-to-package references; NONE only when verified.,Explicitly listed in the generated packet from reviewed record-to-package references; NONE only when verified.,WP-I5-010,"Focused success, boundary, and failure tests for ai review suppression and invalidation; affected integration checks.",The ai review suppression and invalidation objective and failure tests pass with no unrelated package work included.,,KEEP,KEEP: AI review suppression and invalidation remains the bounded I10 owner of its 1 requirements across 1 capabilities; cohesion review found no known mixed read/mutation semantics or capability sprawl requiring restructure.,REVIEWED,AI_SEMANTIC_REVIEW_PASS2,2026-08-05-pass2-package-reconstruction
WP-I11-001,I11,Authority-aware metadata editor,Implement and verify the bounded authority-aware metadata editor surface.,4,2,Reviewed for read/mutation separation in Pass 2; navigation and mutation members are in distinct packages.,Explicitly listed in the generated packet from reviewed command-to-package references; NONE only when verified.,Explicitly listed in the generated packet from reviewed record-to-package references; NONE only when verified.,WP-I3-006;WP-I3-011,"Focused success, boundary, and failure tests for authority-aware metadata editor; affected integration checks.",The authority-aware metadata editor objective and failure tests pass with no unrelated package work included.,WP-I11-002;WP-I11-003;WP-I5-017,KEEP,KEEP: Authority-aware metadata editor remains the bounded I11 owner of its 4 requirements across 2 capabilities; cohesion review found no known mixed read/mutation semantics or capability sprawl requiring restructure.,REVIEWED,AI_SEMANTIC_REVIEW_PASS2,2026-08-05-pass2-package-reconstruction
WP-I11-002,I11,Batch metadata plans,Implement and verify the bounded batch metadata plans surface.,1,1,Reviewed for read/mutation separation in Pass 2; navigation and mutation members are in distinct packages.,Explicitly listed in the generated packet from reviewed command-to-package references; NONE only when verified.,Explicitly listed in the generated packet from reviewed record-to-package references; NONE only when verified.,WP-I11-001,"Focused success, boundary, and failure tests for batch metadata plans; affected integration checks.",The batch metadata plans objective and failure tests pass with no unrelated package work included.,,KEEP,KEEP: Batch metadata plans remains the bounded I11 owner of its 1 requirements across 1 capabilities; cohesion review found no known mixed read/mutation semantics or capability sprawl requiring restructure.,REVIEWED,AI_SEMANTIC_REVIEW_PASS2,2026-08-05-pass2-package-reconstruction
WP-I11-003,I11,Metadata privacy removal,Implement and verify the bounded metadata privacy removal surface.,9,2,Reviewed for read/mutation separation in Pass 2; navigation and mutation members are in distinct packages.,Explicitly listed in the generated packet from reviewed command-to-package references; NONE only when verified.,Explicitly listed in the generated packet from reviewed record-to-package references; NONE only when verified.,WP-I11-001,"Focused success, boundary, and failure tests for metadata privacy removal; affected integration checks.",The metadata privacy removal objective and failure tests pass with no unrelated package work included.,WP-I11-009,KEEP,KEEP: Metadata privacy removal remains the bounded I11 owner of its 9 requirements across 2 capabilities; cohesion review found no known mixed read/mutation semantics or capability sprawl requiring restructure.,REVIEWED,AI_SEMANTIC_REVIEW_PASS2,2026-08-05-pass2-package-reconstruction
WP-I11-004,I11,Non-destructive edit recipes,"Persist revisioned crop/rotate/color edit recipes and metadata mirrors, preview changes, preserve original media bytes, and only materialize edited copies through export.",4,2,Reviewed for read/mutation separation in Pass 2; navigation and mutation members are in distinct packages.,Non-destructive edit recipe and preview contracts,Edit recipe and edit-revision records,WP-I3-001,"Fixture suite covering crop/rotate/color recipe creation, preview, metadata mirror updates, and primary-byte immutability.",Non-destructive edit recipe suite passes with zero original-file mutation.,WP-I11-006,REBUILD,"REBUILD: Non-destructive edit recipes objective, exclusions, tests, and exit gate were re-authored to match its contents.",REVIEWED,AI_SEMANTIC_REVIEW_PASS2,2026-08-05-pass2-package-reconstruction
WP-I11-006,I11,Derivative manifests and export,Create new output copies for raw-data export and edited-copy export with provenance/derivative manifests while leaving original media and source records unchanged.,2,1,Reviewed for read/mutation separation in Pass 2; navigation and mutation members are in distinct packages.,Derivative/export command contracts and export manifest contract,Derivative manifest and export provenance records,WP-I11-004;WP-I3-012,"Fixture suite covering raw-data copy/export and edited-copy export with output hash, provenance pinning, and original immutability.",Derivative/export fixture suite passes with zero original-file mutation.,,REBUILD,"REBUILD: Derivative manifests and export objective, exclusions, tests, and exit gate were re-authored to match its contents.",REVIEWED,AI_SEMANTIC_REVIEW_PASS2,2026-08-05-pass2-package-reconstruction
WP-I11-009,I11,Privacy export recipes,Implement and verify the bounded privacy export recipes surface.,2,1,Reviewed for read/mutation separation in Pass 2; navigation and mutation members are in distinct packages.,Explicitly listed in the generated packet from reviewed command-to-package references; NONE only when verified.,Explicitly listed in the generated packet from reviewed record-to-package references; NONE only when verified.,WP-I11-003,"Focused success, boundary, and failure tests for privacy export recipes; affected integration checks.",The privacy export recipes objective and failure tests pass with no unrelated package work included.,,KEEP,KEEP: Privacy export recipes remains the bounded I11 owner of its 2 requirements across 1 capabilities; cohesion review found no known mixed read/mutation semantics or capability sprawl requiring restructure.,REVIEWED,AI_SEMANTIC_REVIEW_PASS2,2026-08-05-pass2-package-reconstruction
WP-I11-010,I11,Metadata snapshots and restore,Implement and verify the bounded metadata snapshots and restore surface.,5,4,Reviewed for read/mutation separation in Pass 2; navigation and mutation members are in distinct packages.,Explicitly listed in the generated packet from reviewed command-to-package references; NONE only when verified.,Explicitly listed in the generated packet from reviewed record-to-package references; NONE only when verified.,WP-I3-006,"Focused success, boundary, and failure tests for metadata snapshots and restore; affected integration checks.",The metadata snapshots and restore objective and failure tests pass with no unrelated package work included.,,KEEP,KEEP: Metadata snapshots and restore remains the bounded I11 owner of its 5 requirements across 4 capabilities; cohesion review found no known mixed read/mutation semantics or capability sprawl requiring restructure. Architectural-boundary exception granted: the package spans more than two capabilities but is a reviewed cohesive surface.,REVIEWED,AI_SEMANTIC_REVIEW_PASS2,2026-08-05-pass2-package-reconstruction
WP-I11-011,I11,Edit revision conflicts,Implement and verify the bounded edit revision conflicts surface.,1,1,Reviewed for read/mutation separation in Pass 2; navigation and mutation members are in distinct packages.,Explicitly listed in the generated packet from reviewed command-to-package references; NONE only when verified.,Explicitly listed in the generated packet from reviewed record-to-package references; NONE only when verified.,WP-I3-015,"Focused success, boundary, and failure tests for edit revision conflicts; affected integration checks.",The edit revision conflicts objective and failure tests pass with no unrelated package work included.,,KEEP,KEEP: Edit revision conflicts remains the bounded I11 owner of its 1 requirements across 1 capabilities; cohesion review found no known mixed read/mutation semantics or capability sprawl requiring restructure.,REVIEWED,AI_SEMANTIC_REVIEW_PASS2,2026-08-05-pass2-package-reconstruction
WP-I11-012,I11,Editing and mutation recovery,Implement and verify the bounded editing and mutation recovery surface.,1,1,Reviewed for read/mutation separation in Pass 2; navigation and mutation members are in distinct packages.,Explicitly listed in the generated packet from reviewed command-to-package references; NONE only when verified.,Explicitly listed in the generated packet from reviewed record-to-package references; NONE only when verified.,WP-I3-014,"Focused success, boundary, and failure tests for editing and mutation recovery; affected integration checks.",The editing and mutation recovery objective and failure tests pass with no unrelated package work included.,,KEEP,KEEP: Editing and mutation recovery remains the bounded I11 owner of its 1 requirements across 1 capabilities; cohesion review found no known mixed read/mutation semantics or capability sprawl requiring restructure.,REVIEWED,AI_SEMANTIC_REVIEW_PASS2,2026-08-05-pass2-package-reconstruction
WP-I12-001,I12,External-drive registry,"Record durable external-drive identity, detached state, pending overlays, sidecar changes/missing state, and reconnection consistency.",5,1,Reviewed for read/mutation separation in Pass 2; navigation and mutation members are in distinct packages.,External-drive registry and sidecar-reconciliation contracts,Drive registry and detached-sidecar records,WP-I3-003,"Fixture suite covering registration, disconnect, sidecar change/missing detection, and reconciliation without fabricating values.",External-drive registry fixture suite passes.,WP-I12-004;WP-I12-006,REBUILD,"REBUILD: External-drive registry objective, exclusions, tests, and exit gate were re-authored to match its contents.",REVIEWED,AI_SEMANTIC_REVIEW_PASS2,2026-08-05-pass2-package-reconstruction
WP-I12-004,I12,Detached read-only experience,Implement and verify the bounded detached read-only experience surface.,7,1,Reviewed for read/mutation separation in Pass 2; navigation and mutation members are in distinct packages.,Explicitly listed in the generated packet from reviewed command-to-package references; NONE only when verified.,Explicitly listed in the generated packet from reviewed record-to-package references; NONE only when verified.,WP-I12-001;WP-I4-010,"Focused success, boundary, and failure tests for detached read-only experience; affected integration checks.",The detached read-only experience objective and failure tests pass with no unrelated package work included.,WP-I12-005,KEEP,KEEP: Detached read-only experience remains the bounded I12 owner of its 7 requirements across 1 capabilities; cohesion review found no known mixed read/mutation semantics or capability sprawl requiring restructure.,REVIEWED,AI_SEMANTIC_REVIEW_PASS2,2026-08-05-pass2-package-reconstruction
WP-I12-005,I12,Pending sidecar overlays,Implement and verify the bounded pending sidecar overlays surface.,2,2,Reviewed for read/mutation separation in Pass 2; navigation and mutation members are in distinct packages.,Explicitly listed in the generated packet from reviewed command-to-package references; NONE only when verified.,Explicitly listed in the generated packet from reviewed record-to-package references; NONE only when verified.,WP-I12-004,"Focused success, boundary, and failure tests for pending sidecar overlays; affected integration checks.",The pending sidecar overlays objective and failure tests pass with no unrelated package work included.,,KEEP,KEEP: Pending sidecar overlays remains the bounded I12 owner of its 2 requirements across 2 capabilities; cohesion review found no known mixed read/mutation semantics or capability sprawl requiring restructure.,REVIEWED,AI_SEMANTIC_REVIEW_PASS2,2026-08-05-pass2-package-reconstruction
WP-I12-006,I12,Root and asset relinking,Implement and verify the bounded root and asset relinking surface.,16,1,Reviewed for read/mutation separation in Pass 2; navigation and mutation members are in distinct packages.,Explicitly listed in the generated packet from reviewed command-to-package references; NONE only when verified.,Explicitly listed in the generated packet from reviewed record-to-package references; NONE only when verified.,WP-I12-001,"Focused success, boundary, and failure tests for root and asset relinking; affected integration checks.",The root and asset relinking objective and failure tests pass with no unrelated package work included.,,KEEP,KEEP: Root and asset relinking remains the bounded I12 owner of its 16 requirements across 1 capabilities; cohesion review found no known mixed read/mutation semantics or capability sprawl requiring restructure.,REVIEWED,AI_SEMANTIC_REVIEW_PASS2,2026-08-05-pass2-package-reconstruction
WP-I12-007,I12,Cross-volume copy and verify,Implement and verify the bounded cross-volume copy and verify surface.,1,1,Reviewed for read/mutation separation in Pass 2; navigation and mutation members are in distinct packages.,Explicitly listed in the generated packet from reviewed command-to-package references; NONE only when verified.,Explicitly listed in the generated packet from reviewed record-to-package references; NONE only when verified.,WP-I3-014,"Focused success, boundary, and failure tests for cross-volume copy and verify; affected integration checks.",The cross-volume copy and verify objective and failure tests pass with no unrelated package work included.,WP-I12-009,KEEP,KEEP: Cross-volume copy and verify remains the bounded I12 owner of its 1 requirements across 1 capabilities; cohesion review found no known mixed read/mutation semantics or capability sprawl requiring restructure.,REVIEWED,AI_SEMANTIC_REVIEW_PASS2,2026-08-05-pass2-package-reconstruction
WP-I12-008,I12,Cross-platform path adapters,Implement and verify the bounded cross-platform path adapters surface.,2,2,Reviewed for read/mutation separation in Pass 2; navigation and mutation members are in distinct packages.,Explicitly listed in the generated packet from reviewed command-to-package references; NONE only when verified.,Explicitly listed in the generated packet from reviewed record-to-package references; NONE only when verified.,WP-I3-004,"Focused success, boundary, and failure tests for cross-platform path adapters; affected integration checks.",The cross-platform path adapters objective and failure tests pass with no unrelated package work included.,,KEEP,KEEP: Cross-platform path adapters remains the bounded I12 owner of its 2 requirements across 2 capabilities; cohesion review found no known mixed read/mutation semantics or capability sprawl requiring restructure.,REVIEWED,AI_SEMANTIC_REVIEW_PASS2,2026-08-05-pass2-package-reconstruction
WP-I12-009,I12,Drive transaction recovery,"Restore interrupted cross-drive transactions and sidecar state from journaled manifests/backups using deterministic recovery or Review, without guessing.",3,1,Reviewed for read/mutation separation in Pass 2; navigation and mutation members are in distinct packages.,Drive recovery and sidecar-restore contracts,Drive transaction recovery and sidecar restore records,WP-I12-007,"Fixture suite covering interrupted cross-drive recovery, sidecar restore from journaled backup, and partial-hash review routing.",Drive transaction recovery fixture suite passes.,,REBUILD,"REBUILD: Drive transaction recovery objective, exclusions, tests, and exit gate were re-authored to match its contents.",REVIEWED,AI_SEMANTIC_REVIEW_PASS2,2026-08-05-pass2-package-reconstruction
WP-I13-001,I13,Backup manifest contract,"Persist schema-valid backup manifests inventorying record revisions, exclude backup/app-data from views, preserve malformed sidecars, and enforce controlled-copy exceptions.",5,1,Reviewed for read/mutation separation in Pass 2; navigation and mutation members are in distinct packages.,Backup manifest contract,Backup manifest and controlled-copy exception records,WP-I3-001,"Fixture suite covering manifest schema validation, gallery/search exclusion of backup paths, malformed-sidecar byte preservation, and controlled-copy scoping.",Backup manifest fixture suite passes.,WP-I13-002,REBUILD,"REBUILD: Backup manifest contract objective, exclusions, tests, and exit gate were re-authored to match its contents.",REVIEWED,AI_SEMANTIC_REVIEW_PASS2,2026-08-05-pass2-package-reconstruction
WP-I13-002,I13,Backup execution,Implement and verify the bounded backup execution surface.,1,1,Reviewed for read/mutation separation in Pass 2; navigation and mutation members are in distinct packages.,Explicitly listed in the generated packet from reviewed command-to-package references; NONE only when verified.,Explicitly listed in the generated packet from reviewed record-to-package references; NONE only when verified.,WP-I13-001;WP-I3-012,"Focused success, boundary, and failure tests for backup execution; affected integration checks.",The backup execution objective and failure tests pass with no unrelated package work included.,WP-I13-003,KEEP,KEEP: Backup execution remains the bounded I13 owner of its 1 requirements across 1 capabilities; cohesion review found no known mixed read/mutation semantics or capability sprawl requiring restructure.,REVIEWED,AI_SEMANTIC_REVIEW_PASS2,2026-08-05-pass2-package-reconstruction
WP-I13-003,I13,Backup verification,Implement and verify the bounded backup verification surface.,1,1,Reviewed for read/mutation separation in Pass 2; navigation and mutation members are in distinct packages.,Explicitly listed in the generated packet from reviewed command-to-package references; NONE only when verified.,Explicitly listed in the generated packet from reviewed record-to-package references; NONE only when verified.,WP-I13-002,"Focused success, boundary, and failure tests for backup verification; affected integration checks.",The backup verification objective and failure tests pass with no unrelated package work included.,WP-I13-005,KEEP,KEEP: Backup verification remains the bounded I13 owner of its 1 requirements across 1 capabilities; cohesion review found no known mixed read/mutation semantics or capability sprawl requiring restructure.,REVIEWED,AI_SEMANTIC_REVIEW_PASS2,2026-08-05-pass2-package-reconstruction
WP-I13-005,I13,Restore and collision handling,Implement and verify the bounded restore and collision handling surface.,0,0,Reviewed for read/mutation separation in Pass 2; navigation and mutation members are in distinct packages.,Explicitly listed in the generated packet from reviewed command-to-package references; NONE only when verified.,Explicitly listed in the generated packet from reviewed record-to-package references; NONE only when verified.,WP-I13-003;WP-I3-011,"Focused success, boundary, and failure tests for restore and collision handling; affected integration checks.",The restore and collision handling objective and failure tests pass with no unrelated package work included.,,KEEP,KEEP: Restore and collision handling remains the bounded I13 owner of its 0 requirements across 0 capabilities; cohesion review found no known mixed read/mutation semantics or capability sprawl requiring restructure.,REVIEWED,AI_SEMANTIC_REVIEW_PASS2,2026-08-05-pass2-package-reconstruction
WP-I13-006,I13,Trash records and reversible operations,"Move complete asset bundles into a reversible trash state through reviewed plans, preserve event/tag references and original paths, and require explicit confirmation before purge or permanent delete.",12,2,Reviewed for read/mutation separation in Pass 2; navigation and mutation members are in distinct packages.,Trash and permanent-delete operation plans,Trash and operation records,WP-I3-010;WP-I3-011;WP-I3-012,"Trash, collision, no-purge, bundle, and restore fixtures.",Reversible-trash and no-auto-purge fixtures pass with reference preservation.,,REBUILD,"REBUILD: Trash records and reversible operations objective, exclusions, tests, and exit gate were re-authored to match its contents.",REVIEWED,AI_SEMANTIC_REVIEW_PASS2,2026-08-05-pass2-package-reconstruction
WP-I13-008,I13,Recovery records and audit,Implement and verify the bounded recovery records and audit surface.,1,1,Reviewed for read/mutation separation in Pass 2; navigation and mutation members are in distinct packages.,Explicitly listed in the generated packet from reviewed command-to-package references; NONE only when verified.,Explicitly listed in the generated packet from reviewed record-to-package references; NONE only when verified.,WP-I3-014,"Focused success, boundary, and failure tests for recovery records and audit; affected integration checks.",The recovery records and audit objective and failure tests pass with no unrelated package work included.,,KEEP,KEEP: Recovery records and audit remains the bounded I13 owner of its 1 requirements across 1 capabilities; cohesion review found no known mixed read/mutation semantics or capability sprawl requiring restructure.,REVIEWED,AI_SEMANTIC_REVIEW_PASS2,2026-08-05-pass2-package-reconstruction
WP-I13-009,I13,SQLite index rebuild,Implement and verify the bounded sqlite index rebuild surface.,3,1,Reviewed for read/mutation separation in Pass 2; navigation and mutation members are in distinct packages.,Explicitly listed in the generated packet from reviewed command-to-package references; NONE only when verified.,Explicitly listed in the generated packet from reviewed record-to-package references; NONE only when verified.,WP-I3-009,"Focused success, boundary, and failure tests for sqlite index rebuild; affected integration checks.",The sqlite index rebuild objective and failure tests pass with no unrelated package work included.,WP-I13-010,KEEP,KEEP: SQLite index rebuild remains the bounded I13 owner of its 3 requirements across 1 capabilities; cohesion review found no known mixed read/mutation semantics or capability sprawl requiring restructure.,REVIEWED,AI_SEMANTIC_REVIEW_PASS2,2026-08-05-pass2-package-reconstruction
WP-I13-010,I13,AI cache rebuild,Implement and verify the bounded ai cache rebuild surface.,1,1,Reviewed for read/mutation separation in Pass 2; navigation and mutation members are in distinct packages.,Explicitly listed in the generated packet from reviewed command-to-package references; NONE only when verified.,Explicitly listed in the generated packet from reviewed record-to-package references; NONE only when verified.,WP-I10-003;WP-I10-007;WP-I13-009,"Focused success, boundary, and failure tests for ai cache rebuild; affected integration checks.",The ai cache rebuild objective and failure tests pass with no unrelated package work included.,,KEEP,KEEP: AI cache rebuild remains the bounded I13 owner of its 1 requirements across 1 capabilities; cohesion review found no known mixed read/mutation semantics or capability sprawl requiring restructure.,REVIEWED,AI_SEMANTIC_REVIEW_PASS2,2026-08-05-pass2-package-reconstruction
WP-I13-011,I13,Backup restore rebuild disaster drill,Implement and verify the bounded backup restore rebuild disaster drill surface.,9,1,Reviewed for read/mutation separation in Pass 2; navigation and mutation members are in distinct packages.,Explicitly listed in the generated packet from reviewed command-to-package references; NONE only when verified.,Explicitly listed in the generated packet from reviewed record-to-package references; NONE only when verified.,WP-I3-009,"Focused success, boundary, and failure tests for backup restore rebuild disaster drill; affected integration checks.",The backup restore rebuild disaster drill objective and failure tests pass with no unrelated package work included.,,KEEP,KEEP: Backup restore rebuild disaster drill remains the bounded I13 owner of its 9 requirements across 1 capabilities; cohesion review found no known mixed read/mutation semantics or capability sprawl requiring restructure.,REVIEWED,AI_SEMANTIC_REVIEW_PASS2,2026-08-05-pass2-package-reconstruction
WP-I14-001,I14,Performance fixture definitions,Define executable performance fixtures for 10k/50k/100k assets and require hardware-profile recording on every performance result.,2,1,Reviewed for read/mutation separation in Pass 2; navigation and mutation members are in distinct packages.,Performance fixture and result-reporting contracts,Performance fixture and hardware-profile records,WP-I0-007,Fixture suite asserting declared workloads execute and every result records its hardware profile.,Performance fixture suite passes with reproducible hardware-profile records.,WP-I14-003;WP-I14-004;WP-I14-011;WP-I14-012;WP-I14-013;WP-I14-014,REBUILD,"REBUILD: Performance fixture definitions objective, exclusions, tests, and exit gate were re-authored to match its contents.",REVIEWED,AI_SEMANTIC_REVIEW_PASS2,2026-08-05-pass2-package-reconstruction
WP-I14-003,I14,Gallery and viewer performance,Implement and verify the bounded gallery and viewer performance surface.,5,3,Reviewed for read/mutation separation in Pass 2; navigation and mutation members are in distinct packages.,Explicitly listed in the generated packet from reviewed command-to-package references; NONE only when verified.,Explicitly listed in the generated packet from reviewed record-to-package references; NONE only when verified.,WP-I14-001;WP-I5-001,"Focused success, boundary, and failure tests for gallery and viewer performance; affected integration checks.",The gallery and viewer performance objective and failure tests pass with no unrelated package work included.,,KEEP,KEEP: Gallery and viewer performance remains the bounded I14 owner of its 5 requirements across 3 capabilities; cohesion review found no known mixed read/mutation semantics or capability sprawl requiring restructure. Architectural-boundary exception granted: the package spans more than two capabilities but is a reviewed cohesive surface.,REVIEWED,AI_SEMANTIC_REVIEW_PASS2,2026-08-05-pass2-package-reconstruction
WP-I14-004,I14,AI performance and resource budgets,Implement and verify the bounded ai performance and resource budgets surface.,1,1,Reviewed for read/mutation separation in Pass 2; navigation and mutation members are in distinct packages.,Explicitly listed in the generated packet from reviewed command-to-package references; NONE only when verified.,Explicitly listed in the generated packet from reviewed record-to-package references; NONE only when verified.,WP-I10-006;WP-I14-001,"Focused success, boundary, and failure tests for ai performance and resource budgets; affected integration checks.",The ai performance and resource budgets objective and failure tests pass with no unrelated package work included.,,KEEP,KEEP: AI performance and resource budgets remains the bounded I14 owner of its 1 requirements across 1 capabilities; cohesion review found no known mixed read/mutation semantics or capability sprawl requiring restructure.,REVIEWED,AI_SEMANTIC_REVIEW_PASS2,2026-08-05-pass2-package-reconstruction
WP-I14-005,I14,Performance budgets and large-library benchmarks,"Define and measure performance budgets (scan, index, search, thumbnail, and UI responsiveness at declared asset counts) and RAM memory budgets, blocking release when any budget is exceeded.",3,1,Reviewed for read/mutation separation in Pass 2; navigation and mutation members are in distinct packages.,Performance and budget reporting contracts,Performance measurement and budget records,WP-I2-002,Benchmark fixtures for each declared workload and memory profile.,Large-library and memory budget benchmarks pass with every required metric recorded.,,SPLIT,SPLIT: Performance budgets and large-library benchmarks was reviewed and split into architecturally separated packages; remaining members stay under the rebuilt package.,REVIEWED,AI_SEMANTIC_REVIEW_PASS2,2026-08-05-pass2-package-reconstruction
WP-I14-009,I14,Background-job controls,Implement and verify the bounded background-job controls surface.,2,1,Reviewed for read/mutation separation in Pass 2; navigation and mutation members are in distinct packages.,Explicitly listed in the generated packet from reviewed command-to-package references; NONE only when verified.,Explicitly listed in the generated packet from reviewed record-to-package references; NONE only when verified.,WP-I10-008,"Focused success, boundary, and failure tests for background-job controls; affected integration checks.",The background-job controls objective and failure tests pass with no unrelated package work included.,,KEEP,KEEP: Background-job controls remains the bounded I14 owner of its 2 requirements across 1 capabilities; cohesion review found no known mixed read/mutation semantics or capability sprawl requiring restructure.,REVIEWED,AI_SEMANTIC_REVIEW_PASS2,2026-08-05-pass2-package-reconstruction
WP-I14-010,I14,Resource and power controls,Implement and verify the bounded resource and power controls surface.,1,1,Reviewed for read/mutation separation in Pass 2; navigation and mutation members are in distinct packages.,Explicitly listed in the generated packet from reviewed command-to-package references; NONE only when verified.,Explicitly listed in the generated packet from reviewed record-to-package references; NONE only when verified.,WP-I10-005,"Focused success, boundary, and failure tests for resource and power controls; affected integration checks.",The resource and power controls objective and failure tests pass with no unrelated package work included.,,KEEP,KEEP: Resource and power controls remains the bounded I14 owner of its 1 requirements across 1 capabilities; cohesion review found no known mixed read/mutation semantics or capability sprawl requiring restructure.,REVIEWED,AI_SEMANTIC_REVIEW_PASS2,2026-08-05-pass2-package-reconstruction
WP-I14-011,I14,Thumbnail scheduling and preview pipeline,Prioritize visible thumbnail generation and complete preview production within the reviewed budget without blocking the UI.,1,1,Reviewed for read/mutation separation in Pass 2; navigation and mutation members are in distinct packages.,Thumbnail scheduling contracts,Thumbnail scheduling records,WP-I14-001;WP-I4-009,Scheduling fixtures with visible-priority and budget assertions.,Thumbnail scheduling budget fixture passes.,,REBUILD,REBUILD: new package created from an explicit split of its former parent to own Thumbnail scheduling and preview generation.,REVIEWED,AI_SEMANTIC_REVIEW_PASS2,2026-08-05-pass2-package-reconstruction
WP-I14-012,I14,Background-job responsiveness and cancellation,Expose typed progress and recovery state for background jobs and measure responsiveness and cancellation latency on declared hardware.,2,1,Reviewed for read/mutation separation in Pass 2; navigation and mutation members are in distinct packages.,Background-job state contracts,Operation and recovery records,WP-I10-008;WP-I14-001,Progress/cancellation fixtures with no-false-success assertions.,Background-job responsiveness fixture suite passes.,,REBUILD,"REBUILD: new package created from an explicit split of its former parent to own Background-job responsiveness, progress, and cancellation.",REVIEWED,AI_SEMANTIC_REVIEW_PASS2,2026-08-05-pass2-package-reconstruction
WP-I14-013,I14,Accessibility semantics and keyboard operation,"Provide keyboard, focus, semantic, screen-reader, and non-visual alternatives for every reviewed surface including maps, graphs, and desktop panels.",4,4,Reviewed for read/mutation separation in Pass 2; navigation and mutation members are in distinct packages.,Accessibility semantics contracts,Accessibility evidence records,WP-I14-001;WP-I2-001;WP-I9-001,Keyboard-only and screen-reader fixtures for every reviewed surface.,Accessibility fixture suite passes for all reviewed surfaces.,,REBUILD,REBUILD: new package created from an explicit split of its former parent to own Accessibility semantics and keyboard operation. Architectural-boundary exception granted: the package spans more than two capabilities but is a reviewed cohesive surface.,REVIEWED,AI_SEMANTIC_REVIEW_PASS2,2026-08-05-pass2-package-reconstruction
WP-I14-014,I14,Cross-platform performance evidence,"Record accessibility and performance evidence separately for Windows, macOS, and Linux where platform behavior differs.",1,1,Reviewed for read/mutation separation in Pass 2; navigation and mutation members are in distinct packages.,Cross-platform evidence contracts,Platform evidence records,WP-I14-001;WP-I15-001,Per-platform evidence completeness fixtures.,Cross-platform evidence fixture passes.,,REBUILD,REBUILD: new package created from an explicit split of its former parent to own Cross-platform performance and accessibility evidence.,REVIEWED,AI_SEMANTIC_REVIEW_PASS2,2026-08-05-pass2-package-reconstruction
WP-I15-001,I15,Cross-platform packages and clean-machine proof,"Produce and verify clean-machine Windows, macOS, and Linux packages with no runtime server requirement.",1,1,Reviewed for read/mutation separation in Pass 2; navigation and mutation members are in distinct packages.,Cross-platform packaging and clean-machine verification contracts,Packaging proof records,WP-I15-006;WP-I2-013,Fixture suite covering clean-machine install/launch on all three platforms and no-server requirement assertions.,Clean-machine package fixture suite passes.,WP-I14-014;WP-I15-005;WP-I15-007;WP-I15-008,REBUILD,"REBUILD: Cross-platform packages and clean-machine proof objective, exclusions, tests, and exit gate were re-authored to match its contents.",REVIEWED,AI_SEMANTIC_REVIEW_PASS2,2026-08-05-pass2-package-reconstruction
WP-I15-005,I15,Signing and notarization pipeline,Implement and verify the bounded signing and notarization pipeline surface.,1,1,Reviewed for read/mutation separation in Pass 2; navigation and mutation members are in distinct packages.,Explicitly listed in the generated packet from reviewed command-to-package references; NONE only when verified.,Explicitly listed in the generated packet from reviewed record-to-package references; NONE only when verified.,WP-I15-001,"Focused success, boundary, and failure tests for signing and notarization pipeline; affected integration checks.",The signing and notarization pipeline objective and failure tests pass with no unrelated package work included.,,KEEP,KEEP: Signing and notarization pipeline remains the bounded I15 owner of its 1 requirements across 1 capabilities; cohesion review found no known mixed read/mutation semantics or capability sprawl requiring restructure.,REVIEWED,AI_SEMANTIC_REVIEW_PASS2,2026-08-05-pass2-package-reconstruction
WP-I15-006,I15,Runtime component licence decisions,Implement and verify the bounded runtime component licence decisions surface.,1,1,Reviewed for read/mutation separation in Pass 2; navigation and mutation members are in distinct packages.,Explicitly listed in the generated packet from reviewed command-to-package references; NONE only when verified.,Explicitly listed in the generated packet from reviewed record-to-package references; NONE only when verified.,WP-I0-005,"Focused success, boundary, and failure tests for runtime component licence decisions; affected integration checks.",The runtime component licence decisions objective and failure tests pass with no unrelated package work included.,WP-I15-001;WP-I15-007,KEEP,KEEP: Runtime component licence decisions remains the bounded I15 owner of its 1 requirements across 1 capabilities; cohesion review found no known mixed read/mutation semantics or capability sprawl requiring restructure.,REVIEWED,AI_SEMANTIC_REVIEW_PASS2,2026-08-05-pass2-package-reconstruction
WP-I15-007,I15,SBOM and third-party notices,Implement and verify the bounded sbom and third-party notices surface.,1,1,Reviewed for read/mutation separation in Pass 2; navigation and mutation members are in distinct packages.,Explicitly listed in the generated packet from reviewed command-to-package references; NONE only when verified.,Explicitly listed in the generated packet from reviewed record-to-package references; NONE only when verified.,WP-I15-001;WP-I15-006,"Focused success, boundary, and failure tests for sbom and third-party notices; affected integration checks.",The sbom and third-party notices objective and failure tests pass with no unrelated package work included.,,KEEP,KEEP: SBOM and third-party notices remains the bounded I15 owner of its 1 requirements across 1 capabilities; cohesion review found no known mixed read/mutation semantics or capability sprawl requiring restructure.,REVIEWED,AI_SEMANTIC_REVIEW_PASS2,2026-08-05-pass2-package-reconstruction
WP-I15-008,I15,Integrated retained-feature parity,Implement and verify the bounded integrated retained-feature parity surface.,1,1,Reviewed for read/mutation separation in Pass 2; navigation and mutation members are in distinct packages.,Explicitly listed in the generated packet from reviewed command-to-package references; NONE only when verified.,Explicitly listed in the generated packet from reviewed record-to-package references; NONE only when verified.,WP-I15-001;WP-I5-012;WP-I6-010;WP-I7-011,"Focused success, boundary, and failure tests for integrated retained-feature parity; affected integration checks.",The integrated retained-feature parity objective and failure tests pass with no unrelated package work included.,WP-I15-015,KEEP,KEEP: Integrated retained-feature parity remains the bounded I15 owner of its 1 requirements across 1 capabilities; cohesion review found no known mixed read/mutation semantics or capability sprawl requiring restructure.,REVIEWED,AI_SEMANTIC_REVIEW_PASS2,2026-08-05-pass2-package-reconstruction
WP-I15-014,I15,Final outbound-traffic verification,Verify final packages make no hidden or mandatory outbound network connection and operate locally without required cloud/remote services.,2,2,Reviewed for read/mutation separation in Pass 2; navigation and mutation members are in distinct packages.,Final outbound-traffic verification contracts,Outbound verification records,WP-I0-010;WP-I7-010,"Fixture suite covering package inspection, network-listener absence, and local-only operation on each platform.",Final outbound-traffic fixture suite passes.,WP-I15-015,REBUILD,"REBUILD: Final outbound-traffic verification objective, exclusions, tests, and exit gate were re-authored to match its contents.",REVIEWED,AI_SEMANTIC_REVIEW_PASS2,2026-08-05-pass2-package-reconstruction
WP-I15-015,I15,Legacy replacement verification and removal,"Remove legacy runtime, server, database, queue, container, generated-client, and obsolete workflow paths only after retained callers have verified replacements.",3,2,Reviewed for read/mutation separation in Pass 2; navigation and mutation members are in distinct packages.,Legacy contracts only after every retained consumer uses a reviewed replacement.,Legacy-only schemas after authoritative migration and rebuild proof.,WP-I15-008;WP-I15-014,"Focused replacement parity, affected regression, clean-package launch, dependency scan, runtime listener scan, and installer inspection.","No retained feature imports, starts, packages, configures, or depends on the removed set and all replacement/parity gates pass.",,KEEP,KEEP: Legacy replacement verification and removal remains the bounded I15 owner of its 3 requirements across 2 capabilities; cohesion review found no known mixed read/mutation semantics or capability sprawl requiring restructure.,REVIEWED,AI_SEMANTIC_REVIEW_PASS2,2026-08-05-pass2-package-reconstruction
WP-I2-001,I2,Tauri shell bootstrap,"Establish the Tauri 2 process, typed IPC boundary, permission model, and repository-derived command set before other shell features.",2,1,Reviewed for read/mutation separation in Pass 2; navigation and mutation members are in distinct packages.,Tauri shell bootstrap and IPC boundary contracts,Shell bootstrap and command-authority records,WP-I0-005,"Fixture suite asserting shell bootstraps offline, IPC boundary rejects unauthorized calls, and command set matches repository evidence.",Tauri shell bootstrap suite passes.,WP-I14-013;WP-I2-003;WP-I2-004;WP-I2-007,REBUILD,"REBUILD: Tauri shell bootstrap objective, exclusions, tests, and exit gate were re-authored to match its contents.",REVIEWED,AI_SEMANTIC_REVIEW_PASS2,2026-08-05-pass2-package-reconstruction
WP-I2-002,I2,Static frontend packaging proof,Implement and verify the bounded static frontend packaging proof surface.,0,0,Reviewed for read/mutation separation in Pass 2; navigation and mutation members are in distinct packages.,Explicitly listed in the generated packet from reviewed command-to-package references; NONE only when verified.,Explicitly listed in the generated packet from reviewed record-to-package references; NONE only when verified.,WP-I0-004,"Focused success, boundary, and failure tests for static frontend packaging proof; affected integration checks.",The static frontend packaging proof objective and failure tests pass with no unrelated package work included.,WP-I14-005;WP-I2-003,KEEP,KEEP: Static frontend packaging proof remains the bounded I2 owner of its 0 requirements across 0 capabilities; cohesion review found no known mixed read/mutation semantics or capability sprawl requiring restructure.,REVIEWED,AI_SEMANTIC_REVIEW_PASS2,2026-08-05-pass2-package-reconstruction
WP-I2-003,I2,Offline desktop launch,Implement and verify the bounded offline desktop launch surface.,0,0,Reviewed for read/mutation separation in Pass 2; navigation and mutation members are in distinct packages.,Explicitly listed in the generated packet from reviewed command-to-package references; NONE only when verified.,Explicitly listed in the generated packet from reviewed record-to-package references; NONE only when verified.,WP-I2-001;WP-I2-002,"Focused success, boundary, and failure tests for offline desktop launch; affected integration checks.",The offline desktop launch objective and failure tests pass with no unrelated package work included.,WP-I2-013,KEEP,KEEP: Offline desktop launch remains the bounded I2 owner of its 0 requirements across 0 capabilities; cohesion review found no known mixed read/mutation semantics or capability sprawl requiring restructure.,REVIEWED,AI_SEMANTIC_REVIEW_PASS2,2026-08-05-pass2-package-reconstruction
WP-I2-004,I2,Tauri capabilities and permissions,Implement and verify the bounded tauri capabilities and permissions surface.,0,0,Reviewed for read/mutation separation in Pass 2; navigation and mutation members are in distinct packages.,Explicitly listed in the generated packet from reviewed command-to-package references; NONE only when verified.,Explicitly listed in the generated packet from reviewed record-to-package references; NONE only when verified.,WP-I2-001,"Focused success, boundary, and failure tests for tauri capabilities and permissions; affected integration checks.",The tauri capabilities and permissions objective and failure tests pass with no unrelated package work included.,WP-I3-003,KEEP,KEEP: Tauri capabilities and permissions remains the bounded I2 owner of its 0 requirements across 0 capabilities; cohesion review found no known mixed read/mutation semantics or capability sprawl requiring restructure.,REVIEWED,AI_SEMANTIC_REVIEW_PASS2,2026-08-05-pass2-package-reconstruction
WP-I2-005,I2,Local settings bootstrap,Implement and verify the bounded local settings bootstrap surface.,0,0,Reviewed for read/mutation separation in Pass 2; navigation and mutation members are in distinct packages.,Explicitly listed in the generated packet from reviewed command-to-package references; NONE only when verified.,Explicitly listed in the generated packet from reviewed record-to-package references; NONE only when verified.,WP-I2-007,"Focused success, boundary, and failure tests for local settings bootstrap; affected integration checks.",The local settings bootstrap objective and failure tests pass with no unrelated package work included.,,KEEP,KEEP: Local settings bootstrap remains the bounded I2 owner of its 0 requirements across 0 capabilities; cohesion review found no known mixed read/mutation semantics or capability sprawl requiring restructure.,REVIEWED,AI_SEMANTIC_REVIEW_PASS2,2026-08-05-pass2-package-reconstruction
WP-I2-007,I2,IPC envelope and versioning,Implement and verify the bounded ipc envelope and versioning surface.,1,1,Reviewed for read/mutation separation in Pass 2; navigation and mutation members are in distinct packages.,Explicitly listed in the generated packet from reviewed command-to-package references; NONE only when verified.,Explicitly listed in the generated packet from reviewed record-to-package references; NONE only when verified.,WP-I2-001,"Focused success, boundary, and failure tests for ipc envelope and versioning; affected integration checks.",The ipc envelope and versioning objective and failure tests pass with no unrelated package work included.,WP-I10-001;WP-I2-005;WP-I2-008;WP-I2-011;WP-I3-001;WP-I5-010,KEEP,KEEP: IPC envelope and versioning remains the bounded I2 owner of its 1 requirements across 1 capabilities; cohesion review found no known mixed read/mutation semantics or capability sprawl requiring restructure.,REVIEWED,AI_SEMANTIC_REVIEW_PASS2,2026-08-05-pass2-package-reconstruction
WP-I2-008,I2,Stable IPC errors,Implement and verify the bounded stable ipc errors surface.,0,0,Reviewed for read/mutation separation in Pass 2; navigation and mutation members are in distinct packages.,Explicitly listed in the generated packet from reviewed command-to-package references; NONE only when verified.,Explicitly listed in the generated packet from reviewed record-to-package references; NONE only when verified.,WP-I2-007,"Focused success, boundary, and failure tests for stable ipc errors; affected integration checks.",The stable ipc errors objective and failure tests pass with no unrelated package work included.,,KEEP,KEEP: Stable IPC errors remains the bounded I2 owner of its 0 requirements across 0 capabilities; cohesion review found no known mixed read/mutation semantics or capability sprawl requiring restructure.,REVIEWED,AI_SEMANTIC_REVIEW_PASS2,2026-08-05-pass2-package-reconstruction
WP-I2-011,I2,Typed frontend command bridge,Implement and verify the bounded typed frontend command bridge surface.,1,1,Reviewed for read/mutation separation in Pass 2; navigation and mutation members are in distinct packages.,Explicitly listed in the generated packet from reviewed command-to-package references; NONE only when verified.,Explicitly listed in the generated packet from reviewed record-to-package references; NONE only when verified.,WP-I2-007,"Focused success, boundary, and failure tests for typed frontend command bridge; affected integration checks.",The typed frontend command bridge objective and failure tests pass with no unrelated package work included.,,KEEP,KEEP: Typed frontend command bridge remains the bounded I2 owner of its 1 requirements across 1 capabilities; cohesion review found no known mixed read/mutation semantics or capability sprawl requiring restructure.,REVIEWED,AI_SEMANTIC_REVIEW_PASS2,2026-08-05-pass2-package-reconstruction
WP-I2-013,I2,Desktop shell smoke proof,Implement and verify the bounded desktop shell smoke proof surface.,2,1,Reviewed for read/mutation separation in Pass 2; navigation and mutation members are in distinct packages.,Explicitly listed in the generated packet from reviewed command-to-package references; NONE only when verified.,Explicitly listed in the generated packet from reviewed record-to-package references; NONE only when verified.,WP-I2-003,"Focused success, boundary, and failure tests for desktop shell smoke proof; affected integration checks.",The desktop shell smoke proof objective and failure tests pass with no unrelated package work included.,WP-I15-001,KEEP,KEEP: Desktop shell smoke proof remains the bounded I2 owner of its 2 requirements across 1 capabilities; cohesion review found no known mixed read/mutation semantics or capability sprawl requiring restructure.,REVIEWED,AI_SEMANTIC_REVIEW_PASS2,2026-08-05-pass2-package-reconstruction
WP-I3-001,I3,Authoritative record envelope,Implement and verify the bounded authoritative record envelope surface.,31,5,Reviewed for read/mutation separation in Pass 2; navigation and mutation members are in distinct packages.,Explicitly listed in the generated packet from reviewed command-to-package references; NONE only when verified.,Explicitly listed in the generated packet from reviewed record-to-package references; NONE only when verified.,WP-I2-007,"Focused success, boundary, and failure tests for authoritative record envelope; affected integration checks.",The authoritative record envelope objective and failure tests pass with no unrelated package work included.,WP-I11-004;WP-I13-001;WP-I3-002;WP-I3-005;WP-I3-007;WP-I3-008;WP-I3-015;WP-I5-006;WP-I6-002;WP-I8-001;WP-I9-006,KEEP,KEEP: Authoritative record envelope remains the bounded I3 owner of its 31 requirements across 5 capabilities; cohesion review found no known mixed read/mutation semantics or capability sprawl requiring restructure. Architectural-boundary exception granted: the package spans more than two capabilities but is a reviewed cohesive surface.,REVIEWED,AI_SEMANTIC_REVIEW_PASS2,2026-08-05-pass2-package-reconstruction
WP-I3-002,I3,Stable asset identity,Implement and verify the bounded stable asset identity surface.,13,2,Reviewed for read/mutation separation in Pass 2; navigation and mutation members are in distinct packages.,Explicitly listed in the generated packet from reviewed command-to-package references; NONE only when verified.,Explicitly listed in the generated packet from reviewed record-to-package references; NONE only when verified.,WP-I3-001,"Focused success, boundary, and failure tests for stable asset identity; affected integration checks.",The stable asset identity objective and failure tests pass with no unrelated package work included.,WP-I10-011;WP-I3-011;WP-I4-001;WP-I4-006;WP-I4-009;WP-I5-013;WP-I5-016;WP-I7-002,KEEP,KEEP: Stable asset identity remains the bounded I3 owner of its 13 requirements across 2 capabilities; cohesion review found no known mixed read/mutation semantics or capability sprawl requiring restructure.,REVIEWED,AI_SEMANTIC_REVIEW_PASS2,2026-08-05-pass2-package-reconstruction
WP-I3-003,I3,Root authorization model,Implement and verify the bounded root authorization model surface.,1,1,Reviewed for read/mutation separation in Pass 2; navigation and mutation members are in distinct packages.,Explicitly listed in the generated packet from reviewed command-to-package references; NONE only when verified.,Explicitly listed in the generated packet from reviewed record-to-package references; NONE only when verified.,WP-I2-004,"Focused success, boundary, and failure tests for root authorization model; affected integration checks.",The root authorization model objective and failure tests pass with no unrelated package work included.,WP-I12-001;WP-I3-004;WP-I3-010;WP-I3-011;WP-I3-016;WP-I4-001;WP-I5-015,KEEP,KEEP: Root authorization model remains the bounded I3 owner of its 1 requirements across 1 capabilities; cohesion review found no known mixed read/mutation semantics or capability sprawl requiring restructure.,REVIEWED,AI_SEMANTIC_REVIEW_PASS2,2026-08-05-pass2-package-reconstruction
WP-I3-004,I3,Path normalization and escape protection,Implement and verify the bounded path normalization and escape protection surface.,1,1,Reviewed for read/mutation separation in Pass 2; navigation and mutation members are in distinct packages.,Explicitly listed in the generated packet from reviewed command-to-package references; NONE only when verified.,Explicitly listed in the generated packet from reviewed record-to-package references; NONE only when verified.,WP-I3-003,"Focused success, boundary, and failure tests for path normalization and escape protection; affected integration checks.",The path normalization and escape protection objective and failure tests pass with no unrelated package work included.,WP-I12-008;WP-I3-012,KEEP,KEEP: Path normalization and escape protection remains the bounded I3 owner of its 1 requirements across 1 capabilities; cohesion review found no known mixed read/mutation semantics or capability sprawl requiring restructure.,REVIEWED,AI_SEMANTIC_REVIEW_PASS2,2026-08-05-pass2-package-reconstruction
WP-I3-005,I3,Sidecar read protocol,Implement and verify the bounded sidecar read protocol surface.,2,2,Reviewed for read/mutation separation in Pass 2; navigation and mutation members are in distinct packages.,Explicitly listed in the generated packet from reviewed command-to-package references; NONE only when verified.,Explicitly listed in the generated packet from reviewed record-to-package references; NONE only when verified.,WP-I3-001,"Focused success, boundary, and failure tests for sidecar read protocol; affected integration checks.",The sidecar read protocol objective and failure tests pass with no unrelated package work included.,WP-I3-006;WP-I4-008;WP-I5-016,KEEP,KEEP: Sidecar read protocol remains the bounded I3 owner of its 2 requirements across 2 capabilities; cohesion review found no known mixed read/mutation semantics or capability sprawl requiring restructure.,REVIEWED,AI_SEMANTIC_REVIEW_PASS2,2026-08-05-pass2-package-reconstruction
WP-I3-006,I3,Sidecar write protocol,"Write co-located asset JSON and XMP mirrors through a schema-valid sidecar write protocol, preserve exact bytes on validation failure, and keep authoritative knowledge separate from rebuildable indexes.",3,3,Reviewed for read/mutation separation in Pass 2; navigation and mutation members are in distinct packages.,Sidecar write protocol contracts,Asset and XMP sidecar records,WP-I3-005,"Fixture suite covering JSON/XMP writes, schema validation failure preservation, mirror alignment, and index separation.",Sidecar write fixture suite passes.,WP-I11-001;WP-I11-010;WP-I5-017,REBUILD,"REBUILD: Sidecar write protocol objective, exclusions, tests, and exit gate were re-authored to match its contents. Architectural-boundary exception granted: the package spans more than two capabilities but is a reviewed cohesive surface.",REVIEWED,AI_SEMANTIC_REVIEW_PASS2,2026-08-05-pass2-package-reconstruction
WP-I3-007,I3,Authoritative schema migrations,Implement and verify the bounded authoritative schema migrations surface.,0,0,Reviewed for read/mutation separation in Pass 2; navigation and mutation members are in distinct packages.,Explicitly listed in the generated packet from reviewed command-to-package references; NONE only when verified.,Explicitly listed in the generated packet from reviewed record-to-package references; NONE only when verified.,WP-I3-001,"Focused success, boundary, and failure tests for authoritative schema migrations; affected integration checks.",The authoritative schema migrations objective and failure tests pass with no unrelated package work included.,,KEEP,KEEP: Authoritative schema migrations remains the bounded I3 owner of its 0 requirements across 0 capabilities; cohesion review found no known mixed read/mutation semantics or capability sprawl requiring restructure.,REVIEWED,AI_SEMANTIC_REVIEW_PASS2,2026-08-05-pass2-package-reconstruction
WP-I3-008,I3,SQLite migration framework,Implement and verify the bounded sqlite migration framework surface.,9,5,Reviewed for read/mutation separation in Pass 2; navigation and mutation members are in distinct packages.,Explicitly listed in the generated packet from reviewed command-to-package references; NONE only when verified.,Explicitly listed in the generated packet from reviewed record-to-package references; NONE only when verified.,WP-I3-001,"Focused success, boundary, and failure tests for sqlite migration framework; affected integration checks.",The sqlite migration framework objective and failure tests pass with no unrelated package work included.,WP-I3-009;WP-I4-001;WP-I4-010,KEEP,KEEP: SQLite migration framework remains the bounded I3 owner of its 9 requirements across 5 capabilities; cohesion review found no known mixed read/mutation semantics or capability sprawl requiring restructure. Architectural-boundary exception granted: the package spans more than two capabilities but is a reviewed cohesive surface.,REVIEWED,AI_SEMANTIC_REVIEW_PASS2,2026-08-05-pass2-package-reconstruction
WP-I3-009,I3,Derived-index rebuild contract,Implement and verify the bounded derived-index rebuild contract surface.,9,4,Reviewed for read/mutation separation in Pass 2; navigation and mutation members are in distinct packages.,Explicitly listed in the generated packet from reviewed command-to-package references; NONE only when verified.,Explicitly listed in the generated packet from reviewed record-to-package references; NONE only when verified.,WP-I3-008,"Focused success, boundary, and failure tests for derived-index rebuild contract; affected integration checks.",The derived-index rebuild contract objective and failure tests pass with no unrelated package work included.,WP-I13-009;WP-I13-011,KEEP,KEEP: Derived-index rebuild contract remains the bounded I3 owner of its 9 requirements across 4 capabilities; cohesion review found no known mixed read/mutation semantics or capability sprawl requiring restructure. Architectural-boundary exception granted: the package spans more than two capabilities but is a reviewed cohesive surface.,REVIEWED,AI_SEMANTIC_REVIEW_PASS2,2026-08-05-pass2-package-reconstruction
WP-I3-010,I3,Filesystem operation journal,Implement and verify the bounded filesystem operation journal surface.,4,2,Reviewed for read/mutation separation in Pass 2; navigation and mutation members are in distinct packages.,Explicitly listed in the generated packet from reviewed command-to-package references; NONE only when verified.,Explicitly listed in the generated packet from reviewed record-to-package references; NONE only when verified.,WP-I3-003,"Focused success, boundary, and failure tests for filesystem operation journal; affected integration checks.",The filesystem operation journal objective and failure tests pass with no unrelated package work included.,WP-I13-006;WP-I3-014,KEEP,KEEP: Filesystem operation journal remains the bounded I3 owner of its 4 requirements across 2 capabilities; cohesion review found no known mixed read/mutation semantics or capability sprawl requiring restructure.,REVIEWED,AI_SEMANTIC_REVIEW_PASS2,2026-08-05-pass2-package-reconstruction
WP-I3-011,I3,File-operation plan contract,Implement and verify the bounded file-operation plan contract surface.,11,3,Reviewed for read/mutation separation in Pass 2; navigation and mutation members are in distinct packages.,Explicitly listed in the generated packet from reviewed command-to-package references; NONE only when verified.,Explicitly listed in the generated packet from reviewed record-to-package references; NONE only when verified.,WP-I3-002;WP-I3-003,"Focused success, boundary, and failure tests for file-operation plan contract; affected integration checks.",The file-operation plan contract objective and failure tests pass with no unrelated package work included.,WP-I11-001;WP-I13-005;WP-I13-006;WP-I3-012;WP-I6-009;WP-I9-007,KEEP,KEEP: File-operation plan contract remains the bounded I3 owner of its 11 requirements across 3 capabilities; cohesion review found no known mixed read/mutation semantics or capability sprawl requiring restructure. Architectural-boundary exception granted: the package spans more than two capabilities but is a reviewed cohesive surface.,REVIEWED,AI_SEMANTIC_REVIEW_PASS2,2026-08-05-pass2-package-reconstruction
WP-I3-012,I3,Prepare and stage transaction,Implement and verify the bounded prepare and stage transaction surface.,2,2,Reviewed for read/mutation separation in Pass 2; navigation and mutation members are in distinct packages.,Explicitly listed in the generated packet from reviewed command-to-package references; NONE only when verified.,Explicitly listed in the generated packet from reviewed record-to-package references; NONE only when verified.,WP-I3-004;WP-I3-011,"Focused success, boundary, and failure tests for prepare and stage transaction; affected integration checks.",The prepare and stage transaction objective and failure tests pass with no unrelated package work included.,WP-I11-006;WP-I13-002;WP-I13-006,KEEP,KEEP: Prepare and stage transaction remains the bounded I3 owner of its 2 requirements across 2 capabilities; cohesion review found no known mixed read/mutation semantics or capability sprawl requiring restructure.,REVIEWED,AI_SEMANTIC_REVIEW_PASS2,2026-08-05-pass2-package-reconstruction
WP-I3-014,I3,Crash recovery engine,Implement and verify the bounded crash recovery engine surface.,2,2,Reviewed for read/mutation separation in Pass 2; navigation and mutation members are in distinct packages.,Explicitly listed in the generated packet from reviewed command-to-package references; NONE only when verified.,Explicitly listed in the generated packet from reviewed record-to-package references; NONE only when verified.,WP-I3-010,"Focused success, boundary, and failure tests for crash recovery engine; affected integration checks.",The crash recovery engine objective and failure tests pass with no unrelated package work included.,WP-I11-012;WP-I12-007;WP-I13-008,KEEP,KEEP: Crash recovery engine remains the bounded I3 owner of its 2 requirements across 2 capabilities; cohesion review found no known mixed read/mutation semantics or capability sprawl requiring restructure.,REVIEWED,AI_SEMANTIC_REVIEW_PASS2,2026-08-05-pass2-package-reconstruction
WP-I3-015,I3,Revision and concurrency preconditions,Implement and verify the bounded revision and concurrency preconditions surface.,3,3,Reviewed for read/mutation separation in Pass 2; navigation and mutation members are in distinct packages.,Explicitly listed in the generated packet from reviewed command-to-package references; NONE only when verified.,Explicitly listed in the generated packet from reviewed record-to-package references; NONE only when verified.,WP-I3-001,"Focused success, boundary, and failure tests for revision and concurrency preconditions; affected integration checks.",The revision and concurrency preconditions objective and failure tests pass with no unrelated package work included.,WP-I11-011,KEEP,KEEP: Revision and concurrency preconditions remains the bounded I3 owner of its 3 requirements across 3 capabilities; cohesion review found no known mixed read/mutation semantics or capability sprawl requiring restructure. Architectural-boundary exception granted: the package spans more than two capabilities but is a reviewed cohesive surface.,REVIEWED,AI_SEMANTIC_REVIEW_PASS2,2026-08-05-pass2-package-reconstruction
WP-I3-016,I3,Settings root and drive registries,Implement and verify the bounded settings root and drive registries surface.,2,2,Reviewed for read/mutation separation in Pass 2; navigation and mutation members are in distinct packages.,Explicitly listed in the generated packet from reviewed command-to-package references; NONE only when verified.,Explicitly listed in the generated packet from reviewed record-to-package references; NONE only when verified.,WP-I3-003,"Focused success, boundary, and failure tests for settings root and drive registries; affected integration checks.",The settings root and drive registries objective and failure tests pass with no unrelated package work included.,,KEEP,KEEP: Settings root and drive registries remains the bounded I3 owner of its 2 requirements across 2 capabilities; cohesion review found no known mixed read/mutation semantics or capability sprawl requiring restructure.,REVIEWED,AI_SEMANTIC_REVIEW_PASS2,2026-08-05-pass2-package-reconstruction
WP-I4-001,I4,Initial recursive scanner,Implement and verify the bounded initial recursive scanner surface.,17,5,Reviewed for read/mutation separation in Pass 2; navigation and mutation members are in distinct packages.,Explicitly listed in the generated packet from reviewed command-to-package references; NONE only when verified.,Explicitly listed in the generated packet from reviewed record-to-package references; NONE only when verified.,WP-I3-002;WP-I3-003;WP-I3-008,"Focused success, boundary, and failure tests for initial recursive scanner; affected integration checks.",The initial recursive scanner objective and failure tests pass with no unrelated package work included.,WP-I4-002;WP-I4-003;WP-I4-007;WP-I6-001,KEEP,KEEP: Initial recursive scanner remains the bounded I4 owner of its 17 requirements across 5 capabilities; cohesion review found no known mixed read/mutation semantics or capability sprawl requiring restructure. Architectural-boundary exception granted: the package spans more than two capabilities but is a reviewed cohesive surface.,REVIEWED,AI_SEMANTIC_REVIEW_PASS2,2026-08-05-pass2-package-reconstruction
WP-I4-002,I4,Incremental scan and watcher reconciliation,Implement and verify the bounded incremental scan and watcher reconciliation surface.,5,1,Reviewed for read/mutation separation in Pass 2; navigation and mutation members are in distinct packages.,Explicitly listed in the generated packet from reviewed command-to-package references; NONE only when verified.,Explicitly listed in the generated packet from reviewed record-to-package references; NONE only when verified.,WP-I4-001,"Focused success, boundary, and failure tests for incremental scan and watcher reconciliation; affected integration checks.",The incremental scan and watcher reconciliation objective and failure tests pass with no unrelated package work included.,WP-I4-011,KEEP,KEEP: Incremental scan and watcher reconciliation remains the bounded I4 owner of its 5 requirements across 1 capabilities; cohesion review found no known mixed read/mutation semantics or capability sprawl requiring restructure.,REVIEWED,AI_SEMANTIC_REVIEW_PASS2,2026-08-05-pass2-package-reconstruction
WP-I4-003,I4,Media format classification,Implement and verify the bounded media format classification surface.,3,2,Reviewed for read/mutation separation in Pass 2; navigation and mutation members are in distinct packages.,Explicitly listed in the generated packet from reviewed command-to-package references; NONE only when verified.,Explicitly listed in the generated packet from reviewed record-to-package references; NONE only when verified.,WP-I4-001,"Focused success, boundary, and failure tests for media format classification; affected integration checks.",The media format classification objective and failure tests pass with no unrelated package work included.,WP-I4-004;WP-I4-005;WP-I4-006;WP-I4-008;WP-I4-009,KEEP,KEEP: Media format classification remains the bounded I4 owner of its 3 requirements across 2 capabilities; cohesion review found no known mixed read/mutation semantics or capability sprawl requiring restructure.,REVIEWED,AI_SEMANTIC_REVIEW_PASS2,2026-08-05-pass2-package-reconstruction
WP-I4-004,I4,HEIF and RAW decode pipeline,Implement and verify the bounded heif and raw decode pipeline surface.,0,0,Reviewed for read/mutation separation in Pass 2; navigation and mutation members are in distinct packages.,Explicitly listed in the generated packet from reviewed command-to-package references; NONE only when verified.,Explicitly listed in the generated packet from reviewed record-to-package references; NONE only when verified.,WP-I4-003,"Focused success, boundary, and failure tests for heif and raw decode pipeline; affected integration checks.",The heif and raw decode pipeline objective and failure tests pass with no unrelated package work included.,WP-I5-003,KEEP,KEEP: HEIF and RAW decode pipeline remains the bounded I4 owner of its 0 requirements across 0 capabilities; cohesion review found no known mixed read/mutation semantics or capability sprawl requiring restructure.,REVIEWED,AI_SEMANTIC_REVIEW_PASS2,2026-08-05-pass2-package-reconstruction
WP-I4-005,I4,Video probing and playback assets,Implement and verify the bounded video probing and playback assets surface.,1,1,Reviewed for read/mutation separation in Pass 2; navigation and mutation members are in distinct packages.,Explicitly listed in the generated packet from reviewed command-to-package references; NONE only when verified.,Explicitly listed in the generated packet from reviewed record-to-package references; NONE only when verified.,WP-I4-003,"Focused success, boundary, and failure tests for video probing and playback assets; affected integration checks.",The video probing and playback assets objective and failure tests pass with no unrelated package work included.,WP-I5-004,KEEP,KEEP: Video probing and playback assets remains the bounded I4 owner of its 1 requirements across 1 capabilities; cohesion review found no known mixed read/mutation semantics or capability sprawl requiring restructure.,REVIEWED,AI_SEMANTIC_REVIEW_PASS2,2026-08-05-pass2-package-reconstruction
WP-I4-006,I4,Companion-media detection,Implement and verify the bounded companion-media detection surface.,3,1,Reviewed for read/mutation separation in Pass 2; navigation and mutation members are in distinct packages.,Explicitly listed in the generated packet from reviewed command-to-package references; NONE only when verified.,Explicitly listed in the generated packet from reviewed record-to-package references; NONE only when verified.,WP-I3-002;WP-I4-003,"Focused success, boundary, and failure tests for companion-media detection; affected integration checks.",The companion-media detection objective and failure tests pass with no unrelated package work included.,,KEEP,KEEP: Companion-media detection remains the bounded I4 owner of its 3 requirements across 1 capabilities; cohesion review found no known mixed read/mutation semantics or capability sprawl requiring restructure.,REVIEWED,AI_SEMANTIC_REVIEW_PASS2,2026-08-05-pass2-package-reconstruction
WP-I4-007,I4,Content hashing and verification,Implement and verify the bounded content hashing and verification surface.,2,1,Reviewed for read/mutation separation in Pass 2; navigation and mutation members are in distinct packages.,Explicitly listed in the generated packet from reviewed command-to-package references; NONE only when verified.,Explicitly listed in the generated packet from reviewed record-to-package references; NONE only when verified.,WP-I4-001,"Focused success, boundary, and failure tests for content hashing and verification; affected integration checks.",The content hashing and verification objective and failure tests pass with no unrelated package work included.,,KEEP,KEEP: Content hashing and verification remains the bounded I4 owner of its 2 requirements across 1 capabilities; cohesion review found no known mixed read/mutation semantics or capability sprawl requiring restructure.,REVIEWED,AI_SEMANTIC_REVIEW_PASS2,2026-08-05-pass2-package-reconstruction
WP-I4-008,I4,Metadata extraction,Implement and verify the bounded metadata extraction surface.,11,4,Reviewed for read/mutation separation in Pass 2; navigation and mutation members are in distinct packages.,Explicitly listed in the generated packet from reviewed command-to-package references; NONE only when verified.,Explicitly listed in the generated packet from reviewed record-to-package references; NONE only when verified.,WP-I3-005;WP-I4-003,"Focused success, boundary, and failure tests for metadata extraction; affected integration checks.",The metadata extraction objective and failure tests pass with no unrelated package work included.,WP-I5-008,KEEP,KEEP: Metadata extraction remains the bounded I4 owner of its 11 requirements across 4 capabilities; cohesion review found no known mixed read/mutation semantics or capability sprawl requiring restructure. Architectural-boundary exception granted: the package spans more than two capabilities but is a reviewed cohesive surface.,REVIEWED,AI_SEMANTIC_REVIEW_PASS2,2026-08-05-pass2-package-reconstruction
WP-I4-009,I4,Thumbnail and preview generation,Implement and verify the bounded thumbnail and preview generation surface.,1,1,Reviewed for read/mutation separation in Pass 2; navigation and mutation members are in distinct packages.,Explicitly listed in the generated packet from reviewed command-to-package references; NONE only when verified.,Explicitly listed in the generated packet from reviewed record-to-package references; NONE only when verified.,WP-I3-002;WP-I4-003,"Focused success, boundary, and failure tests for thumbnail and preview generation; affected integration checks.",The thumbnail and preview generation objective and failure tests pass with no unrelated package work included.,WP-I14-011;WP-I5-001,KEEP,KEEP: Thumbnail and preview generation remains the bounded I4 owner of its 1 requirements across 1 capabilities; cohesion review found no known mixed read/mutation semantics or capability sprawl requiring restructure.,REVIEWED,AI_SEMANTIC_REVIEW_PASS2,2026-08-05-pass2-package-reconstruction
WP-I4-010,I4,Asset and path index,Implement and verify the bounded asset and path index surface.,14,2,Reviewed for read/mutation separation in Pass 2; navigation and mutation members are in distinct packages.,Explicitly listed in the generated packet from reviewed command-to-package references; NONE only when verified.,Explicitly listed in the generated packet from reviewed record-to-package references; NONE only when verified.,WP-I3-008,"Focused success, boundary, and failure tests for asset and path index; affected integration checks.",The asset and path index objective and failure tests pass with no unrelated package work included.,WP-I12-004;WP-I4-012;WP-I5-001;WP-I5-002;WP-I5-007;WP-I5-015;WP-I6-004,KEEP,KEEP: Asset and path index remains the bounded I4 owner of its 14 requirements across 2 capabilities; cohesion review found no known mixed read/mutation semantics or capability sprawl requiring restructure.,REVIEWED,AI_SEMANTIC_REVIEW_PASS2,2026-08-05-pass2-package-reconstruction
WP-I4-011,I4,Filesystem reconciliation,Implement and verify the bounded filesystem reconciliation surface.,2,2,Reviewed for read/mutation separation in Pass 2; navigation and mutation members are in distinct packages.,Explicitly listed in the generated packet from reviewed command-to-package references; NONE only when verified.,Explicitly listed in the generated packet from reviewed record-to-package references; NONE only when verified.,WP-I4-002,"Focused success, boundary, and failure tests for filesystem reconciliation; affected integration checks.",The filesystem reconciliation objective and failure tests pass with no unrelated package work included.,,KEEP,KEEP: Filesystem reconciliation remains the bounded I4 owner of its 2 requirements across 2 capabilities; cohesion review found no known mixed read/mutation semantics or capability sprawl requiring restructure.,REVIEWED,AI_SEMANTIC_REVIEW_PASS2,2026-08-05-pass2-package-reconstruction
WP-I4-012,I4,Initial textual index,Implement and verify the bounded initial textual index surface.,1,1,Reviewed for read/mutation separation in Pass 2; navigation and mutation members are in distinct packages.,Explicitly listed in the generated packet from reviewed command-to-package references; NONE only when verified.,Explicitly listed in the generated packet from reviewed record-to-package references; NONE only when verified.,WP-I4-010,"Focused success, boundary, and failure tests for initial textual index; affected integration checks.",The initial textual index objective and failure tests pass with no unrelated package work included.,WP-I5-011,KEEP,KEEP: Initial textual index remains the bounded I4 owner of its 1 requirements across 1 capabilities; cohesion review found no known mixed read/mutation semantics or capability sprawl requiring restructure.,REVIEWED,AI_SEMANTIC_REVIEW_PASS2,2026-08-05-pass2-package-reconstruction
WP-I5-001,I5,Gallery grid and virtualization,"Render the gallery grid from local records with adjustable density, fast thumbnail cache loading within budget, and keyboard-operable retained components.",3,1,Reviewed for read/mutation separation in Pass 2; navigation and mutation members are in distinct packages.,Gallery grid and thumbnail-loading contracts,Gallery view and thumbnail-cache records,WP-I4-009;WP-I4-010,"Fixture suite covering grid density changes, thumbnail cache hits/misses, budget responsiveness, and keyboard operability.",Gallery grid fixture suite passes.,WP-I14-003;WP-I5-005;WP-I5-012,REBUILD,"REBUILD: Gallery grid and virtualization objective, exclusions, tests, and exit gate were re-authored to match its contents.",REVIEWED,AI_SEMANTIC_REVIEW_PASS2,2026-08-05-pass2-package-reconstruction
WP-I5-002,I5,Timeline navigation,"Navigate the timeline by date from local records, render event/folder browsing, mark missing-media and offline-drive states, and preserve prior position on load failure.",7,1,Reviewed for read/mutation separation in Pass 2; navigation and mutation members are in distinct packages.,Timeline navigation and browsing contracts,Timeline view projections,WP-I4-010,"Fixture suite covering date scrolling/jumping, event/folder browsing, missing-media/offline indicators, and position preservation on failure.",Timeline navigation fixture suite passes.,,REBUILD,"REBUILD: Timeline navigation objective, exclusions, tests, and exit gate were re-authored to match its contents.",REVIEWED,AI_SEMANTIC_REVIEW_PASS2,2026-08-05-pass2-package-reconstruction
WP-I5-003,I5,Image viewer,Implement and verify the bounded image viewer surface.,7,1,Reviewed for read/mutation separation in Pass 2; navigation and mutation members are in distinct packages.,Explicitly listed in the generated packet from reviewed command-to-package references; NONE only when verified.,Explicitly listed in the generated packet from reviewed record-to-package references; NONE only when verified.,WP-I4-004,"Focused success, boundary, and failure tests for image viewer; affected integration checks.",The image viewer objective and failure tests pass with no unrelated package work included.,,KEEP,KEEP: Image viewer remains the bounded I5 owner of its 7 requirements across 1 capabilities; cohesion review found no known mixed read/mutation semantics or capability sprawl requiring restructure.,REVIEWED,AI_SEMANTIC_REVIEW_PASS2,2026-08-05-pass2-package-reconstruction
WP-I5-004,I5,Video viewer,Implement and verify the bounded video viewer surface.,6,2,Reviewed for read/mutation separation in Pass 2; navigation and mutation members are in distinct packages.,Explicitly listed in the generated packet from reviewed command-to-package references; NONE only when verified.,Explicitly listed in the generated packet from reviewed record-to-package references; NONE only when verified.,WP-I4-005,"Focused success, boundary, and failure tests for video viewer; affected integration checks.",The video viewer objective and failure tests pass with no unrelated package work included.,,KEEP,KEEP: Video viewer remains the bounded I5 owner of its 6 requirements across 2 capabilities; cohesion review found no known mixed read/mutation semantics or capability sprawl requiring restructure.,REVIEWED,AI_SEMANTIC_REVIEW_PASS2,2026-08-05-pass2-package-reconstruction
WP-I5-005,I5,Selection and keyboard navigation,Implement and verify the bounded selection and keyboard navigation surface.,3,2,Reviewed for read/mutation separation in Pass 2; navigation and mutation members are in distinct packages.,Explicitly listed in the generated packet from reviewed command-to-package references; NONE only when verified.,Explicitly listed in the generated packet from reviewed record-to-package references; NONE only when verified.,WP-I5-001,"Focused success, boundary, and failure tests for selection and keyboard navigation; affected integration checks.",The selection and keyboard navigation objective and failure tests pass with no unrelated package work included.,,KEEP,KEEP: Selection and keyboard navigation remains the bounded I5 owner of its 3 requirements across 2 capabilities; cohesion review found no known mixed read/mutation semantics or capability sprawl requiring restructure.,REVIEWED,AI_SEMANTIC_REVIEW_PASS2,2026-08-05-pass2-package-reconstruction
WP-I5-006,I5,Albums and favorites,Implement and verify the bounded albums and favorites surface.,15,4,Reviewed for read/mutation separation in Pass 2; navigation and mutation members are in distinct packages.,Explicitly listed in the generated packet from reviewed command-to-package references; NONE only when verified.,Explicitly listed in the generated packet from reviewed record-to-package references; NONE only when verified.,WP-I3-001,"Focused success, boundary, and failure tests for albums and favorites; affected integration checks.",The albums and favorites objective and failure tests pass with no unrelated package work included.,,KEEP,KEEP: Albums and favorites remains the bounded I5 owner of its 15 requirements across 4 capabilities; cohesion review found no known mixed read/mutation semantics or capability sprawl requiring restructure. Architectural-boundary exception granted: the package spans more than two capabilities but is a reviewed cohesive surface.,REVIEWED,AI_SEMANTIC_REVIEW_PASS2,2026-08-05-pass2-package-reconstruction
WP-I5-007,I5,Memories experience,Implement and verify the bounded memories experience surface.,14,4,Reviewed for read/mutation separation in Pass 2; navigation and mutation members are in distinct packages.,Explicitly listed in the generated packet from reviewed command-to-package references; NONE only when verified.,Explicitly listed in the generated packet from reviewed record-to-package references; NONE only when verified.,WP-I4-010,"Focused success, boundary, and failure tests for memories experience; affected integration checks.",The memories experience objective and failure tests pass with no unrelated package work included.,,KEEP,KEEP: Memories experience remains the bounded I5 owner of its 14 requirements across 4 capabilities; cohesion review found no known mixed read/mutation semantics or capability sprawl requiring restructure. Architectural-boundary exception granted: the package spans more than two capabilities but is a reviewed cohesive surface.,REVIEWED,AI_SEMANTIC_REVIEW_PASS2,2026-08-05-pass2-package-reconstruction
WP-I5-008,I5,Location and map browsing,"Render maps, venues, offline coordinates, asset timelines by location, location filters, and review links from canonical location records; keep optional map tiles disabled by default and never mutate records.",15,2,Reviewed for read/mutation separation in Pass 2; navigation and mutation members are in distinct packages.,Map browsing and location filter contracts,Map and location view projections,WP-I4-008,"Fixture suite covering map rendering, offline coordinates, location filters, review links, optional map disabling, and zero mutation.",Location/map fixture suite passes.,,REBUILD,"REBUILD: Location and map browsing objective, exclusions, tests, and exit gate were re-authored to match its contents.",REVIEWED,AI_SEMANTIC_REVIEW_PASS2,2026-08-05-pass2-package-reconstruction
WP-I5-010,I5,Review-state mutations,"Commit and persist review-state transitions (approve, reject, suppress, defer, mark intentional, record decision, apply to selection) with provenance and revision while leaving navigation and filtering in separate read packages.",17,3,Reviewed for read/mutation separation in Pass 2; navigation and mutation members are in distinct packages.,Review decision and transition contracts,Review item and review decision records,WP-I2-007,Approve/reject/suppress/defer/apply-to-selection success and invalid-transition tests.,Review-state transition fixture suite passes with zero authoritative mutations on invalid input.,WP-I10-013;WP-I5-012;WP-I5-013;WP-I5-014;WP-I7-002;WP-I8-009,SPLIT,SPLIT: Review-state mutations was reviewed and split into architecturally separated packages; remaining members stay under the rebuilt package. Architectural-boundary exception granted: the package spans more than two capabilities but is a reviewed cohesive surface.,REVIEWED,AI_SEMANTIC_REVIEW_PASS2,2026-08-05-pass2-package-reconstruction
WP-I5-011,I5,Saved views and filters,Implement and verify the bounded saved views and filters surface.,1,1,Reviewed for read/mutation separation in Pass 2; navigation and mutation members are in distinct packages.,Explicitly listed in the generated packet from reviewed command-to-package references; NONE only when verified.,Explicitly listed in the generated packet from reviewed record-to-package references; NONE only when verified.,WP-I4-012,"Focused success, boundary, and failure tests for saved views and filters; affected integration checks.",The saved views and filters objective and failure tests pass with no unrelated package work included.,,KEEP,KEEP: Saved views and filters remains the bounded I5 owner of its 1 requirements across 1 capabilities; cohesion review found no known mixed read/mutation semantics or capability sprawl requiring restructure.,REVIEWED,AI_SEMANTIC_REVIEW_PASS2,2026-08-05-pass2-package-reconstruction
WP-I5-012,I5,Offline library parity proof,Implement and verify the bounded offline library parity proof surface.,1,1,Reviewed for read/mutation separation in Pass 2; navigation and mutation members are in distinct packages.,Explicitly listed in the generated packet from reviewed command-to-package references; NONE only when verified.,Explicitly listed in the generated packet from reviewed record-to-package references; NONE only when verified.,WP-I5-001;WP-I5-010,"Focused success, boundary, and failure tests for offline library parity proof; affected integration checks.",The offline library parity proof objective and failure tests pass with no unrelated package work included.,WP-I15-008,KEEP,KEEP: Offline library parity proof remains the bounded I5 owner of its 1 requirements across 1 capabilities; cohesion review found no known mixed read/mutation semantics or capability sprawl requiring restructure.,REVIEWED,AI_SEMANTIC_REVIEW_PASS2,2026-08-05-pass2-package-reconstruction
WP-I5-013,I5,Read and navigation surfaces,"Load and display review items, assets, events, people, and provenance without mutating authoritative state; opening an item never changes its state.",10,5,Reviewed for read/mutation separation in Pass 2; navigation and mutation members are in distinct packages.,Review navigation and display contracts,"Review item, asset, event, and person read projections",WP-I3-002;WP-I5-010;WP-I6-002;WP-I7-004,Open/navigation fixtures asserting no authoritative state change.,Navigation/read fixture suite passes with no-mutation assertions.,,REBUILD,"REBUILD: new package created from an explicit split of its former parent to own Read-only navigation and display across review, asset, event, and person surfaces. Architectural-boundary exception granted: the package spans more than two capabilities but is a reviewed cohesive surface.",REVIEWED,AI_SEMANTIC_REVIEW_PASS2,2026-08-05-pass2-package-reconstruction
WP-I5-014,I5,Review filters and queue operations,Filter review queues by confidence and source and advance through items one by one or by skipping without changing item state.,4,1,Reviewed for read/mutation separation in Pass 2; navigation and mutation members are in distinct packages.,Review queue and filter contracts,Review queue projection,WP-I5-010,Confidence/source filter and one-by-one/skip fixtures.,Review filter/queue fixture suite passes.,,REBUILD,REBUILD: new package created from an explicit split of its former parent to own Review-list filtering and queue traversal.,REVIEWED,AI_SEMANTIC_REVIEW_PASS2,2026-08-05-pass2-package-reconstruction
WP-I5-015,I5,Filesystem reveal and open operations,"Reveal physical paths in the OS file manager or open folders in the UI without moving files, authorizing roots, or mutating state.",4,1,Reviewed for read/mutation separation in Pass 2; navigation and mutation members are in distinct packages.,Filesystem reveal command contracts,Asset and folder path projections,WP-I3-003;WP-I4-010,Reveal/open fixtures asserting no filesystem change.,Filesystem reveal fixture suite passes.,,REBUILD,REBUILD: new package created from an explicit split of its former parent to own Filesystem reveal and open actions.,REVIEWED,AI_SEMANTIC_REVIEW_PASS2,2026-08-05-pass2-package-reconstruction
WP-I5-016,I5,"Person, event, and asset detail loading","Load and display asset, person, event, sidecar, and duplicate detail views from local records without mutating the loaded records.",6,1,Reviewed for read/mutation separation in Pass 2; navigation and mutation members are in distinct packages.,Detail loading contracts,"Asset, person, event, sidecar, and duplicate projections",WP-I3-002;WP-I3-005,Detail-loading fixtures for present and missing records.,Detail-loading fixture suite passes.,,REBUILD,REBUILD: new package created from an explicit split of its former parent to own Detail loading and inspection surfaces.,REVIEWED,AI_SEMANTIC_REVIEW_PASS2,2026-08-05-pass2-package-reconstruction
WP-I5-017,I5,Asset viewer mutation actions,"Apply viewer-originated mutations (bundle treat classification, tag editing, event assignment) through the reviewed authority and plan boundaries without modifying original media.",3,1,Reviewed for read/mutation separation in Pass 2; navigation and mutation members are in distinct packages.,Viewer mutation command contracts,"Tag, event-assignment, and bundle-classification records",WP-I11-001;WP-I3-006,"Tag-edit, event-assignment, and bundle-treat fixtures with authority checks.",Viewer mutation fixture suite passes.,,REBUILD,REBUILD: new package created from an explicit split of its former parent to own Asset viewer mutation actions.,REVIEWED,AI_SEMANTIC_REVIEW_PASS2,2026-08-05-pass2-package-reconstruction
WP-I6-001,I6,Manage Later non-mutating scan,Implement and verify the bounded manage later non-mutating scan surface.,14,1,Reviewed for read/mutation separation in Pass 2; navigation and mutation members are in distinct packages.,Explicitly listed in the generated packet from reviewed command-to-package references; NONE only when verified.,Explicitly listed in the generated packet from reviewed record-to-package references; NONE only when verified.,WP-I4-001,"Focused success, boundary, and failure tests for manage later non-mutating scan; affected integration checks.",The manage later non-mutating scan objective and failure tests pass with no unrelated package work included.,,KEEP,KEEP: Manage Later non-mutating scan remains the bounded I6 owner of its 14 requirements across 1 capabilities; cohesion review found no known mixed read/mutation semantics or capability sprawl requiring restructure.,REVIEWED,AI_SEMANTIC_REVIEW_PASS2,2026-08-05-pass2-package-reconstruction
WP-I6-002,I6,Event authoritative records,"Persist reviewed event types, parent/child membership, attendees, groups, tags, descriptions, covers, locations, schema validation, JSON/XMP alignment, and AI-deletion projections as authoritative event records.",21,3,Reviewed for read/mutation separation in Pass 2; navigation and mutation members are in distinct packages.,Event authoritative record and projection contracts,Event record and event projection schemas,WP-I3-001,"Fixture suite covering all event types, membership, attendees/groups/tags/descriptions/covers, schema rejection, JSON/XMP alignment, and AI-deletion rebuild.",Event authoritative record suite passes.,WP-I5-013;WP-I6-003;WP-I6-004;WP-I6-005;WP-I6-006;WP-I6-007;WP-I6-008;WP-I6-009;WP-I6-010,REBUILD,"REBUILD: Event authoritative records objective, exclusions, tests, and exit gate were re-authored to match its contents. Architectural-boundary exception granted: the package spans more than two capabilities but is a reviewed cohesive surface.",REVIEWED,AI_SEMANTIC_REVIEW_PASS2,2026-08-05-pass2-package-reconstruction
WP-I6-003,I6,Manual event creation,Implement and verify the bounded manual event creation surface.,2,1,Reviewed for read/mutation separation in Pass 2; navigation and mutation members are in distinct packages.,Explicitly listed in the generated packet from reviewed command-to-package references; NONE only when verified.,Explicitly listed in the generated packet from reviewed record-to-package references; NONE only when verified.,WP-I6-002,"Focused success, boundary, and failure tests for manual event creation; affected integration checks.",The manual event creation objective and failure tests pass with no unrelated package work included.,,KEEP,KEEP: Manual event creation remains the bounded I6 owner of its 2 requirements across 1 capabilities; cohesion review found no known mixed read/mutation semantics or capability sprawl requiring restructure.,REVIEWED,AI_SEMANTIC_REVIEW_PASS2,2026-08-05-pass2-package-reconstruction
WP-I6-004,I6,Event inference proposals,Implement and verify the bounded event inference proposals surface.,2,2,Reviewed for read/mutation separation in Pass 2; navigation and mutation members are in distinct packages.,Explicitly listed in the generated packet from reviewed command-to-package references; NONE only when verified.,Explicitly listed in the generated packet from reviewed record-to-package references; NONE only when verified.,WP-I4-010;WP-I6-002,"Focused success, boundary, and failure tests for event inference proposals; affected integration checks.",The event inference proposals objective and failure tests pass with no unrelated package work included.,,KEEP,KEEP: Event inference proposals remains the bounded I6 owner of its 2 requirements across 2 capabilities; cohesion review found no known mixed read/mutation semantics or capability sprawl requiring restructure.,REVIEWED,AI_SEMANTIC_REVIEW_PASS2,2026-08-05-pass2-package-reconstruction
WP-I6-005,I6,Event merge plan,Implement and verify the bounded event merge plan surface.,3,1,Reviewed for read/mutation separation in Pass 2; navigation and mutation members are in distinct packages.,Explicitly listed in the generated packet from reviewed command-to-package references; NONE only when verified.,Explicitly listed in the generated packet from reviewed record-to-package references; NONE only when verified.,WP-I6-002,"Focused success, boundary, and failure tests for event merge plan; affected integration checks.",The event merge plan objective and failure tests pass with no unrelated package work included.,,KEEP,KEEP: Event merge plan remains the bounded I6 owner of its 3 requirements across 1 capabilities; cohesion review found no known mixed read/mutation semantics or capability sprawl requiring restructure.,REVIEWED,AI_SEMANTIC_REVIEW_PASS2,2026-08-05-pass2-package-reconstruction
WP-I6-006,I6,Event split and link plans,Implement and verify the bounded event split and link plans surface.,13,1,Reviewed for read/mutation separation in Pass 2; navigation and mutation members are in distinct packages.,Explicitly listed in the generated packet from reviewed command-to-package references; NONE only when verified.,Explicitly listed in the generated packet from reviewed record-to-package references; NONE only when verified.,WP-I6-002,"Focused success, boundary, and failure tests for event split and link plans; affected integration checks.",The event split and link plans objective and failure tests pass with no unrelated package work included.,,KEEP,KEEP: Event split and link plans remains the bounded I6 owner of its 13 requirements across 1 capabilities; cohesion review found no known mixed read/mutation semantics or capability sprawl requiring restructure.,REVIEWED,AI_SEMANTIC_REVIEW_PASS2,2026-08-05-pass2-package-reconstruction
WP-I6-007,I6,Event naming and normalization,Implement and verify the bounded event naming and normalization surface.,5,3,Reviewed for read/mutation separation in Pass 2; navigation and mutation members are in distinct packages.,Explicitly listed in the generated packet from reviewed command-to-package references; NONE only when verified.,Explicitly listed in the generated packet from reviewed record-to-package references; NONE only when verified.,WP-I6-002,"Focused success, boundary, and failure tests for event naming and normalization; affected integration checks.",The event naming and normalization objective and failure tests pass with no unrelated package work included.,,KEEP,KEEP: Event naming and normalization remains the bounded I6 owner of its 5 requirements across 3 capabilities; cohesion review found no known mixed read/mutation semantics or capability sprawl requiring restructure. Architectural-boundary exception granted: the package spans more than two capabilities but is a reviewed cohesive surface.,REVIEWED,AI_SEMANTIC_REVIEW_PASS2,2026-08-05-pass2-package-reconstruction
WP-I6-008,I6,Date and location boundaries,Implement and verify the bounded date and location boundaries surface.,11,5,Reviewed for read/mutation separation in Pass 2; navigation and mutation members are in distinct packages.,Explicitly listed in the generated packet from reviewed command-to-package references; NONE only when verified.,Explicitly listed in the generated packet from reviewed record-to-package references; NONE only when verified.,WP-I6-002,"Focused success, boundary, and failure tests for date and location boundaries; affected integration checks.",The date and location boundaries objective and failure tests pass with no unrelated package work included.,,KEEP,KEEP: Date and location boundaries remains the bounded I6 owner of its 11 requirements across 5 capabilities; cohesion review found no known mixed read/mutation semantics or capability sprawl requiring restructure. Architectural-boundary exception granted: the package spans more than two capabilities but is a reviewed cohesive surface.,REVIEWED,AI_SEMANTIC_REVIEW_PASS2,2026-08-05-pass2-package-reconstruction
WP-I6-009,I6,Event filesystem materialization plan,Implement and verify the bounded event filesystem materialization plan surface.,13,3,Reviewed for read/mutation separation in Pass 2; navigation and mutation members are in distinct packages.,Explicitly listed in the generated packet from reviewed command-to-package references; NONE only when verified.,Explicitly listed in the generated packet from reviewed record-to-package references; NONE only when verified.,WP-I3-011;WP-I6-002,"Focused success, boundary, and failure tests for event filesystem materialization plan; affected integration checks.",The event filesystem materialization plan objective and failure tests pass with no unrelated package work included.,,KEEP,KEEP: Event filesystem materialization plan remains the bounded I6 owner of its 13 requirements across 3 capabilities; cohesion review found no known mixed read/mutation semantics or capability sprawl requiring restructure. Architectural-boundary exception granted: the package spans more than two capabilities but is a reviewed cohesive surface.,REVIEWED,AI_SEMANTIC_REVIEW_PASS2,2026-08-05-pass2-package-reconstruction
WP-I6-010,I6,Event and Manage Later UI,Implement and verify the bounded event and manage later ui surface.,3,1,Reviewed for read/mutation separation in Pass 2; navigation and mutation members are in distinct packages.,Explicitly listed in the generated packet from reviewed command-to-package references; NONE only when verified.,Explicitly listed in the generated packet from reviewed record-to-package references; NONE only when verified.,WP-I6-002,"Focused success, boundary, and failure tests for event and manage later ui; affected integration checks.",The event and manage later ui objective and failure tests pass with no unrelated package work included.,WP-I15-008,KEEP,KEEP: Event and Manage Later UI remains the bounded I6 owner of its 3 requirements across 1 capabilities; cohesion review found no known mixed read/mutation semantics or capability sprawl requiring restructure.,REVIEWED,AI_SEMANTIC_REVIEW_PASS2,2026-08-05-pass2-package-reconstruction
WP-I7-001,I7,Face detection task slice,"Run face detection locally, produce reviewable face regions with model/source provenance, support targeted reprocessing, correction scoping, and misclassification review.",5,1,Reviewed for read/mutation separation in Pass 2; navigation and mutation members are in distinct packages.,Face detection task and candidate contracts,Face candidate and misclassification review records,WP-I10-001;WP-I10-003,"Fixture suite covering detection candidates, targeted reprocessing scope, correction update limits, and misclassification review creation.",Face detection fixture suite passes.,,REBUILD,"REBUILD: Face detection task slice objective, exclusions, tests, and exit gate were re-authored to match its contents.",REVIEWED,AI_SEMANTIC_REVIEW_PASS2,2026-08-05-pass2-package-reconstruction
WP-I7-002,I7,Face candidate records,Implement and verify the bounded face candidate records surface.,0,0,Reviewed for read/mutation separation in Pass 2; navigation and mutation members are in distinct packages.,Explicitly listed in the generated packet from reviewed command-to-package references; NONE only when verified.,Explicitly listed in the generated packet from reviewed record-to-package references; NONE only when verified.,WP-I3-002;WP-I5-010,"Focused success, boundary, and failure tests for face candidate records; affected integration checks.",The face candidate records objective and failure tests pass with no unrelated package work included.,WP-I7-003;WP-I7-004;WP-I7-009,KEEP,KEEP: Face candidate records remains the bounded I7 owner of its 0 requirements across 0 capabilities; cohesion review found no known mixed read/mutation semantics or capability sprawl requiring restructure.,REVIEWED,AI_SEMANTIC_REVIEW_PASS2,2026-08-05-pass2-package-reconstruction
WP-I7-003,I7,Face clustering and curation,Implement and verify the bounded face clustering and curation surface.,9,2,Reviewed for read/mutation separation in Pass 2; navigation and mutation members are in distinct packages.,Explicitly listed in the generated packet from reviewed command-to-package references; NONE only when verified.,Explicitly listed in the generated packet from reviewed record-to-package references; NONE only when verified.,WP-I7-002,"Focused success, boundary, and failure tests for face clustering and curation; affected integration checks.",The face clustering and curation objective and failure tests pass with no unrelated package work included.,,KEEP,KEEP: Face clustering and curation remains the bounded I7 owner of its 9 requirements across 2 capabilities; cohesion review found no known mixed read/mutation semantics or capability sprawl requiring restructure.,REVIEWED,AI_SEMANTIC_REVIEW_PASS2,2026-08-05-pass2-package-reconstruction
WP-I7-004,I7,Person identity model,"Persist stable person identities, names, aliases, faces, links, searchable historical/alternate names, and person-match candidates without auto-adding visible people.",5,1,Reviewed for read/mutation separation in Pass 2; navigation and mutation members are in distinct packages.,Person identity and person-page contracts,Person identity and match candidate records,WP-I7-002,"Fixture suite covering stable identity, person page loading, match candidates, visible-people separation, and name search.",Person identity fixture suite passes.,WP-I5-013;WP-I7-005;WP-I7-007;WP-I7-010;WP-I7-011;WP-I8-004;WP-I8-007,REBUILD,"REBUILD: Person identity model objective, exclusions, tests, and exit gate were re-authored to match its contents.",REVIEWED,AI_SEMANTIC_REVIEW_PASS2,2026-08-05-pass2-package-reconstruction
WP-I7-005,I7,Person aliases and naming,Implement and verify the bounded person aliases and naming surface.,1,1,Reviewed for read/mutation separation in Pass 2; navigation and mutation members are in distinct packages.,Explicitly listed in the generated packet from reviewed command-to-package references; NONE only when verified.,Explicitly listed in the generated packet from reviewed record-to-package references; NONE only when verified.,WP-I7-004,"Focused success, boundary, and failure tests for person aliases and naming; affected integration checks.",The person aliases and naming objective and failure tests pass with no unrelated package work included.,,KEEP,KEEP: Person aliases and naming remains the bounded I7 owner of its 1 requirements across 1 capabilities; cohesion review found no known mixed read/mutation semantics or capability sprawl requiring restructure.,REVIEWED,AI_SEMANTIC_REVIEW_PASS2,2026-08-05-pass2-package-reconstruction
WP-I7-007,I7,Group identity model,Implement and verify the bounded group identity model surface.,9,3,Reviewed for read/mutation separation in Pass 2; navigation and mutation members are in distinct packages.,Explicitly listed in the generated packet from reviewed command-to-package references; NONE only when verified.,Explicitly listed in the generated packet from reviewed record-to-package references; NONE only when verified.,WP-I7-004,"Focused success, boundary, and failure tests for group identity model; affected integration checks.",The group identity model objective and failure tests pass with no unrelated package work included.,WP-I7-008,KEEP,KEEP: Group identity model remains the bounded I7 owner of its 9 requirements across 3 capabilities; cohesion review found no known mixed read/mutation semantics or capability sprawl requiring restructure. Architectural-boundary exception granted: the package spans more than two capabilities but is a reviewed cohesive surface.,REVIEWED,AI_SEMANTIC_REVIEW_PASS2,2026-08-05-pass2-package-reconstruction
WP-I7-008,I7,Temporal group memberships,"Persist complete group membership models with active/former/inactive effective-dated intervals, historical immutability, and overlap validation.",8,2,Reviewed for read/mutation separation in Pass 2; navigation and mutation members are in distinct packages.,Temporal membership contracts,Group membership temporal records,WP-I7-007,"Fixture suite covering active/former/inactive intervals, historical preservation, end-date closure, and overlapping active membership rejection.",Temporal membership fixture suite passes.,,REBUILD,"REBUILD: Temporal group memberships objective, exclusions, tests, and exit gate were re-authored to match its contents.",REVIEWED,AI_SEMANTIC_REVIEW_PASS2,2026-08-05-pass2-package-reconstruction
WP-I7-009,I7,Scoped face corrections,Implement and verify the bounded scoped face corrections surface.,6,1,Reviewed for read/mutation separation in Pass 2; navigation and mutation members are in distinct packages.,Explicitly listed in the generated packet from reviewed command-to-package references; NONE only when verified.,Explicitly listed in the generated packet from reviewed record-to-package references; NONE only when verified.,WP-I7-002,"Focused success, boundary, and failure tests for scoped face corrections; affected integration checks.",The scoped face corrections objective and failure tests pass with no unrelated package work included.,,KEEP,KEEP: Scoped face corrections remains the bounded I7 owner of its 6 requirements across 1 capabilities; cohesion review found no known mixed read/mutation semantics or capability sprawl requiring restructure.,REVIEWED,AI_SEMANTIC_REVIEW_PASS2,2026-08-05-pass2-package-reconstruction
WP-I7-010,I7,People and face privacy,Implement and verify the bounded people and face privacy surface.,6,3,Reviewed for read/mutation separation in Pass 2; navigation and mutation members are in distinct packages.,Explicitly listed in the generated packet from reviewed command-to-package references; NONE only when verified.,Explicitly listed in the generated packet from reviewed record-to-package references; NONE only when verified.,WP-I10-001;WP-I7-004,"Focused success, boundary, and failure tests for people and face privacy; affected integration checks.",The people and face privacy objective and failure tests pass with no unrelated package work included.,WP-I15-014,KEEP,KEEP: People and face privacy remains the bounded I7 owner of its 6 requirements across 3 capabilities; cohesion review found no known mixed read/mutation semantics or capability sprawl requiring restructure. Architectural-boundary exception granted: the package spans more than two capabilities but is a reviewed cohesive surface.,REVIEWED,AI_SEMANTIC_REVIEW_PASS2,2026-08-05-pass2-package-reconstruction
WP-I7-011,I7,People and groups UI,Implement and verify the bounded people and groups ui surface.,1,1,Reviewed for read/mutation separation in Pass 2; navigation and mutation members are in distinct packages.,Explicitly listed in the generated packet from reviewed command-to-package references; NONE only when verified.,Explicitly listed in the generated packet from reviewed record-to-package references; NONE only when verified.,WP-I7-004,"Focused success, boundary, and failure tests for people and groups ui; affected integration checks.",The people and groups ui objective and failure tests pass with no unrelated package work included.,WP-I15-008,KEEP,KEEP: People and groups UI remains the bounded I7 owner of its 1 requirements across 1 capabilities; cohesion review found no known mixed read/mutation semantics or capability sprawl requiring restructure.,REVIEWED,AI_SEMANTIC_REVIEW_PASS2,2026-08-05-pass2-package-reconstruction
WP-I8-001,I8,Tag records and namespaces,Implement and verify the bounded tag records and namespaces surface.,5,3,Reviewed for read/mutation separation in Pass 2; navigation and mutation members are in distinct packages.,Explicitly listed in the generated packet from reviewed command-to-package references; NONE only when verified.,Explicitly listed in the generated packet from reviewed record-to-package references; NONE only when verified.,WP-I3-001,"Focused success, boundary, and failure tests for tag records and namespaces; affected integration checks.",The tag records and namespaces objective and failure tests pass with no unrelated package work included.,WP-I8-002,KEEP,KEEP: Tag records and namespaces remains the bounded I8 owner of its 5 requirements across 3 capabilities; cohesion review found no known mixed read/mutation semantics or capability sprawl requiring restructure. Architectural-boundary exception granted: the package spans more than two capabilities but is a reviewed cohesive surface.,REVIEWED,AI_SEMANTIC_REVIEW_PASS2,2026-08-05-pass2-package-reconstruction
WP-I8-002,I8,Tag candidates and review,"Persist namespaced/revisioned tag candidates and approved assignments, generate content-tag suggestions with provenance, enforce review-first activation, and persist suppression.",5,3,Reviewed for read/mutation separation in Pass 2; navigation and mutation members are in distinct packages.,"Tag candidate, suggestion, and suppression contracts","Tag candidate, suggestion, and suppression records",WP-I8-001,"Fixture suite covering candidate creation, suggestion provenance, review-first activation, and suppression persistence.",Tag candidate fixture suite passes.,,REBUILD,"REBUILD: Tag candidates and review objective, exclusions, tests, and exit gate were re-authored to match its contents. Architectural-boundary exception granted: the package spans more than two capabilities but is a reviewed cohesive surface.",REVIEWED,AI_SEMANTIC_REVIEW_PASS2,2026-08-05-pass2-package-reconstruction
WP-I8-004,I8,Relationship records,Implement and verify the bounded relationship records surface.,4,1,Reviewed for read/mutation separation in Pass 2; navigation and mutation members are in distinct packages.,Explicitly listed in the generated packet from reviewed command-to-package references; NONE only when verified.,Explicitly listed in the generated packet from reviewed record-to-package references; NONE only when verified.,WP-I7-004,"Focused success, boundary, and failure tests for relationship records; affected integration checks.",The relationship records objective and failure tests pass with no unrelated package work included.,WP-I8-005;WP-I8-010;WP-I9-001,KEEP,KEEP: Relationship records remains the bounded I8 owner of its 4 requirements across 1 capabilities; cohesion review found no known mixed read/mutation semantics or capability sprawl requiring restructure.,REVIEWED,AI_SEMANTIC_REVIEW_PASS2,2026-08-05-pass2-package-reconstruction
WP-I8-005,I8,Multi-edge relationship history,Implement and verify the bounded multi-edge relationship history surface.,3,2,Reviewed for read/mutation separation in Pass 2; navigation and mutation members are in distinct packages.,Explicitly listed in the generated packet from reviewed command-to-package references; NONE only when verified.,Explicitly listed in the generated packet from reviewed record-to-package references; NONE only when verified.,WP-I8-004,"Focused success, boundary, and failure tests for multi-edge relationship history; affected integration checks.",The multi-edge relationship history objective and failure tests pass with no unrelated package work included.,WP-I8-006,KEEP,KEEP: Multi-edge relationship history remains the bounded I8 owner of its 3 requirements across 2 capabilities; cohesion review found no known mixed read/mutation semantics or capability sprawl requiring restructure.,REVIEWED,AI_SEMANTIC_REVIEW_PASS2,2026-08-05-pass2-package-reconstruction
WP-I8-006,I8,Relationship projections and views,Implement and verify the bounded relationship projections and views surface.,8,4,Reviewed for read/mutation separation in Pass 2; navigation and mutation members are in distinct packages.,Explicitly listed in the generated packet from reviewed command-to-package references; NONE only when verified.,Explicitly listed in the generated packet from reviewed record-to-package references; NONE only when verified.,WP-I8-005,"Focused success, boundary, and failure tests for relationship projections and views; affected integration checks.",The relationship projections and views objective and failure tests pass with no unrelated package work included.,,KEEP,KEEP: Relationship projections and views remains the bounded I8 owner of its 8 requirements across 4 capabilities; cohesion review found no known mixed read/mutation semantics or capability sprawl requiring restructure. Architectural-boundary exception granted: the package spans more than two capabilities but is a reviewed cohesive surface.,REVIEWED,AI_SEMANTIC_REVIEW_PASS2,2026-08-05-pass2-package-reconstruction
WP-I8-007,I8,Photographer camera-owner importer attribution,Implement and verify the bounded photographer camera-owner importer attribution surface.,14,3,Reviewed for read/mutation separation in Pass 2; navigation and mutation members are in distinct packages.,Explicitly listed in the generated packet from reviewed command-to-package references; NONE only when verified.,Explicitly listed in the generated packet from reviewed record-to-package references; NONE only when verified.,WP-I7-004,"Focused success, boundary, and failure tests for photographer camera-owner importer attribution; affected integration checks.",The photographer camera-owner importer attribution objective and failure tests pass with no unrelated package work included.,,KEEP,KEEP: Photographer camera-owner importer attribution remains the bounded I8 owner of its 14 requirements across 3 capabilities; cohesion review found no known mixed read/mutation semantics or capability sprawl requiring restructure. Architectural-boundary exception granted: the package spans more than two capabilities but is a reviewed cohesive surface.,REVIEWED,AI_SEMANTIC_REVIEW_PASS2,2026-08-05-pass2-package-reconstruction
WP-I8-009,I8,Relationship review and conflicts,Implement and verify the bounded relationship review and conflicts surface.,3,1,Reviewed for read/mutation separation in Pass 2; navigation and mutation members are in distinct packages.,Explicitly listed in the generated packet from reviewed command-to-package references; NONE only when verified.,Explicitly listed in the generated packet from reviewed record-to-package references; NONE only when verified.,WP-I5-010,"Focused success, boundary, and failure tests for relationship review and conflicts; affected integration checks.",The relationship review and conflicts objective and failure tests pass with no unrelated package work included.,,KEEP,KEEP: Relationship review and conflicts remains the bounded I8 owner of its 3 requirements across 1 capabilities; cohesion review found no known mixed read/mutation semantics or capability sprawl requiring restructure.,REVIEWED,AI_SEMANTIC_REVIEW_PASS2,2026-08-05-pass2-package-reconstruction
WP-I8-010,I8,Relationship provenance and explanations,Implement and verify the bounded relationship provenance and explanations surface.,1,1,Reviewed for read/mutation separation in Pass 2; navigation and mutation members are in distinct packages.,Explicitly listed in the generated packet from reviewed command-to-package references; NONE only when verified.,Explicitly listed in the generated packet from reviewed record-to-package references; NONE only when verified.,WP-I8-004,"Focused success, boundary, and failure tests for relationship provenance and explanations; affected integration checks.",The relationship provenance and explanations objective and failure tests pass with no unrelated package work included.,,KEEP,KEEP: Relationship provenance and explanations remains the bounded I8 owner of its 1 requirements across 1 capabilities; cohesion review found no known mixed read/mutation semantics or capability sprawl requiring restructure.,REVIEWED,AI_SEMANTIC_REVIEW_PASS2,2026-08-05-pass2-package-reconstruction
WP-I9-001,I9,Canonical knowledge-graph projection,Implement and verify the bounded canonical knowledge-graph projection surface.,3,1,Reviewed for read/mutation separation in Pass 2; navigation and mutation members are in distinct packages.,Explicitly listed in the generated packet from reviewed command-to-package references; NONE only when verified.,Explicitly listed in the generated packet from reviewed record-to-package references; NONE only when verified.,WP-I8-004,"Focused success, boundary, and failure tests for canonical knowledge-graph projection; affected integration checks.",The canonical knowledge-graph projection objective and failure tests pass with no unrelated package work included.,WP-I14-013;WP-I9-004,KEEP,KEEP: Canonical knowledge-graph projection remains the bounded I9 owner of its 3 requirements across 1 capabilities; cohesion review found no known mixed read/mutation semantics or capability sprawl requiring restructure.,REVIEWED,AI_SEMANTIC_REVIEW_PASS2,2026-08-05-pass2-package-reconstruction
WP-I9-004,I9,Event mind map,Implement and verify the bounded event mind map surface.,3,1,Reviewed for read/mutation separation in Pass 2; navigation and mutation members are in distinct packages.,Explicitly listed in the generated packet from reviewed command-to-package references; NONE only when verified.,Explicitly listed in the generated packet from reviewed record-to-package references; NONE only when verified.,WP-I9-001,"Focused success, boundary, and failure tests for event mind map; affected integration checks.",The event mind map objective and failure tests pass with no unrelated package work included.,,KEEP,KEEP: Event mind map remains the bounded I9 owner of its 3 requirements across 1 capabilities; cohesion review found no known mixed read/mutation semantics or capability sprawl requiring restructure.,REVIEWED,AI_SEMANTIC_REVIEW_PASS2,2026-08-05-pass2-package-reconstruction
WP-I9-006,I9,Persistent map drafts,Persist mind-map drafts through the transaction journal and restore the last valid draft on failure.,2,1,Reviewed for read/mutation separation in Pass 2; navigation and mutation members are in distinct packages.,Mind-map draft persistence contracts,Mind-map draft records,WP-I3-001,"Fixture suite covering draft save, journal write failure, and last-valid restore.",Persistent draft fixture suite passes.,,REBUILD,"REBUILD: Persistent map drafts objective, exclusions, tests, and exit gate were re-authored to match its contents.",REVIEWED,AI_SEMANTIC_REVIEW_PASS2,2026-08-05-pass2-package-reconstruction
WP-I9-007,I9,Simulation and materialization,"Preview mind-map nodes, edges, and filesystem effects, require explicit approval, and commit materialization only through a validated filesystem plan.",3,2,Reviewed for read/mutation separation in Pass 2; navigation and mutation members are in distinct packages.,Mind-map simulation and materialization plan contracts,Materialization plan records,WP-I3-011,"Fixture suite covering preview completeness, approval requirement, plan validation, and no unapproved media mutation.",Simulation/materialization fixture suite passes.,,REBUILD,"REBUILD: Simulation and materialization objective, exclusions, tests, and exit gate were re-authored to match its contents.",REVIEWED,AI_SEMANTIC_REVIEW_PASS2,2026-08-05-pass2-package-reconstruction
WP-I10-014,,,,0,0,Merged into its reviewed target because its members moved to a more cohesive package.,,,,,,,MERGE,MERGE: merged into WP-I7-010 because its members belong to the target's cohesive surface.,REVIEWED,AI_SEMANTIC_REVIEW_PASS2,2026-08-05-pass2-package-reconstruction
WP-I12-002,,,,0,0,Merged into its reviewed target because its members moved to a more cohesive package.,,,,,,,MERGE,MERGE: merged into WP-I12-004 because its members belong to the target's cohesive surface.,REVIEWED,AI_SEMANTIC_REVIEW_PASS2,2026-08-05-pass2-package-reconstruction
WP-I12-003,,,,0,0,Merged into its reviewed target because its members moved to a more cohesive package.,,,,,,,MERGE,MERGE: merged into WP-I12-004 because its members belong to the target's cohesive surface.,REVIEWED,AI_SEMANTIC_REVIEW_PASS2,2026-08-05-pass2-package-reconstruction
WP-I13-007,,,,0,0,Merged into its reviewed target because its members moved to a more cohesive package.,,,,,,,MERGE,MERGE: merged into WP-I13-006 because its members belong to the target's cohesive surface.,REVIEWED,AI_SEMANTIC_REVIEW_PASS2,2026-08-05-pass2-package-reconstruction
WP-I14-002,,,,0,0,Merged into its reviewed target because its members moved to a more cohesive package.,,,,,,,MERGE,MERGE: merged into WP-I14-013 because its members belong to the target's cohesive surface.,REVIEWED,AI_SEMANTIC_REVIEW_PASS2,2026-08-05-pass2-package-reconstruction
WP-I14-008,,,,0,0,Merged into its reviewed target because its members moved to a more cohesive package.,,,,,,,MERGE,MERGE: merged into WP-I14-013 because its members belong to the target's cohesive surface.,REVIEWED,AI_SEMANTIC_REVIEW_PASS2,2026-08-05-pass2-package-reconstruction
WP-I5-009,,,,0,0,Merged into its reviewed target because its members moved to a more cohesive package.,,,,,,,MERGE,MERGE: merged into WP-I5-013 because its members belong to the target's cohesive surface.,REVIEWED,AI_SEMANTIC_REVIEW_PASS2,2026-08-05-pass2-package-reconstruction
WP-I9-003,,,,0,0,Merged into its reviewed target because its members moved to a more cohesive package.,,,,,,,MERGE,MERGE: merged into WP-I9-001 because its members belong to the target's cohesive surface.,REVIEWED,AI_SEMANTIC_REVIEW_PASS2,2026-08-05-pass2-package-reconstruction
WP-I9-005,,,,0,0,Merged into its reviewed target because its members moved to a more cohesive package.,,,,,,,MERGE,MERGE: merged into WP-I9-001 because its members belong to the target's cohesive surface.,REVIEWED,AI_SEMANTIC_REVIEW_PASS2,2026-08-05-pass2-package-reconstruction
